sample_id,platform,species,organ,status,K,source_path,source_sha256,record_path,error,n_spots,n_genes,n_counts,n_nonzero,K8_archive_bytes,total_archive_bytes,count_stream_bytes,archive_path,archive_sha256,exact_count_identity_metadata,independent_decode,effective_value_groups,saved_vs_K8_bytes,saved_vs_K8_percent,count_stream_bits_per_count,count_stream_bits_per_nonzero,full_archive_bits_per_count,full_archive_bits_per_nonzero,source_h5ad_bytes,dense_int64_bytes,canonical_csr_bytes,canonical_csr_arrays,encode_attempts,encode_seconds_all_attempts,decode_seconds,peak_process_tree_rss_bytes,archive_over_source_h5ad_ratio,archive_over_dense_int64_ratio,archive_over_canonical_csr_ratio
INT1,Visium,Homo sapiens,Lymph node,success,32,E:\Hestdata\st\INT1.h5ad,e4ccb5192ac791475e2d064c6e0c4c895659b4bc099c1d19437f7a02ec7cd80e,D:\HEST1000BenchRun\COUNT-HEST-SHARED-K32-001\main\INT1\VALUE_K32\attempt01\RESULT.json,,1084,36601,39675484,2339915,1485643,1479336,1298482,D:\HEST1000BenchRun\COUNT-HEST-SHARED-K32-001\main\INT1\VALUE_K32\attempt01\archive.cnt,542f80f42bab926b8793c631adbb9246eddc5c5aa56628db30d37f5cb3a61f8f,True,True,23,6307,0.4245299846598409,0.2618205237269443,4.439415961690916,0.29828717401405863,5.057742695781684,26506119,317403872,28083320,"{""values"": {""shape"": [2339915], ""dtype"": ""<i8"", ""nbytes"": 18719320}, ""indices"": {""shape"": [2339915], ""dtype"": ""<i4"", ""nbytes"": 9359660}, ""indptr"": {""shape"": [1085], ""dtype"": ""<i4"", ""nbytes"": 4340}}",1,4.233999999998559,1.6410000000014406,215904256,0.055811112898119866,0.004660737093969666,0.05267667782868977
INT10,Visium,Homo sapiens,Lymph node,success,32,E:\Hestdata\st\INT10.h5ad,a9408788be95841357781985f645e98845fecbacfdc0fe75249d0e2422dc6ba9,D:\HEST1000BenchRun\COUNT-HEST-SHARED-K32-001\main\INT10\VALUE_K32\attempt01\RESULT.json,,1983,36601,72579783,9459231,5076141,5052196,4839602,D:\HEST1000BenchRun\COUNT-HEST-SHARED-K32-001\main\INT10\VALUE_K32\attempt01\archive.cnt,7e23998c807a31d83cc7501792f0d9a19fc6d2c1d397f70c89045e2693290c1b,True,True,26,23945,0.47171660519280295,0.5334380236435813,4.09301940083713,0.5568708851058428,4.272817526075851,83533555,580638264,113518708,"{""values"": {""shape"": [9459231], ""dtype"": ""<i8"", ""nbytes"": 75673848}, ""indices"": {""shape"": [9459231], ""dtype"": ""<i4"", ""nbytes"": 37836924}, ""indptr"": {""shape"": [1984], ""dtype"": ""<i4"", ""nbytes"": 7936}}",1,11.203999999999724,4.21900000000096,501243904,0.0604810366325245,0.008701107579778794,0.04450540434269213
INT11,Visium,Homo sapiens,Lymph node,success,32,E:\Hestdata\st\INT11.h5ad,f5f0fb8e2bb3819a4a47f30a335fcaff8ac8053d5dafa8697ac09f50ebeb89da,D:\HEST1000BenchRun\COUNT-HEST-SHARED-K32-001\main\INT11\VALUE_K32\attempt01\RESULT.json,,1439,36601,52668839,5259364,2992152,2984394,2787589,D:\HEST1000BenchRun\COUNT-HEST-SHARED-K32-001\main\INT11\VALUE_K32\attempt01\archive.cnt,0e425dd82212950438066d1f781dd4015e13541e48e56143fad07430e54892d2,True,True,25,7758,0.2592782719594459,0.42341377602798497,4.240191779842582,0.45330697340793863,4.53955117006543,49982411,421350712,63118128,"{""values"": {""shape"": [5259364], ""dtype"": ""<i8"", ""nbytes"": 42074912}, ""indices"": {""shape"": [5259364], ""dtype"": ""<i4"", ""nbytes"": 21037456}, ""indptr"": {""shape"": [1440], ""dtype"": ""<i4"", ""nbytes"": 5760}}",1,7.063000000000102,2.5930000000007567,327352320,0.05970888439135119,0.007082921459499041,0.047282676064157036
INT12,Visium,Homo sapiens,Lymph node,success,32,E:\Hestdata\st\INT12.h5ad,b396170293d1ea8a7eca05f59950748e9da90fb53d95c28ec76c33691efa1862,D:\HEST1000BenchRun\COUNT-HEST-SHARED-K32-001\main\INT12\VALUE_K32\attempt01\RESULT.json,,1451,36601,53108051,6542027,3419718,3384556,3186379,D:\HEST1000BenchRun\COUNT-HEST-SHARED-K32-001\main\INT12\VALUE_K32\attempt01\archive.cnt,5331ed7170c9aada1c13f9318cd8f8223bb594166010e7fb636c4827d0b62838,True,True,25,35162,1.028213437482272,0.4799843247872154,3.8965036371754502,0.5098369736822013,4.138846874218037,60283571,424864408,78510132,"{""values"": {""shape"": [6542027], ""dtype"": ""<i8"", ""nbytes"": 52336216}, ""indices"": {""shape"": [6542027], ""dtype"": ""<i4"", ""nbytes"": 26168108}, ""indptr"": {""shape"": [1452], ""dtype"": ""<i4"", ""nbytes"": 5808}}",1,8.218999999999141,3.0930000000007567,314265600,0.05614392020671768,0.007966202713784395,0.04310979887283848
INT13,Visium,Homo sapiens,Lymph node,success,32,E:\Hestdata\st\INT13.h5ad,462f0d35acbbe082084abe29c8550e73b1741bea1917200a8ec746c2ace48c28,D:\HEST1000BenchRun\COUNT-HEST-SHARED-K32-001\main\INT13\VALUE_K32\attempt01\RESULT.json,,4359,17943,78213537,16603712,8292210,8215643,8011187,D:\HEST1000BenchRun\COUNT-HEST-SHARED-K32-001\main\INT13\VALUE_K32\attempt01\archive.cnt,4f5cfcaebd287a1f4dad8a2772b29fd9a31c27c9b465a7b7ccb6dad53c6028a9,True,True,24,76567,0.923360599888329,0.8194169252312422,3.859949871450432,0.8403295199397516,3.958460855018444,139003469,625708296,199261984,"{""values"": {""shape"": [16603712], ""dtype"": ""<i8"", ""nbytes"": 132829696}, ""indices"": {""shape"": [16603712], ""dtype"": ""<i4"", ""nbytes"": 66414848}, ""indptr"": {""shape"": [4360], ""dtype"": ""<i4"", ""nbytes"": 17440}}",1,18.25,6.92200000000048,667365376,0.05910387027823025,0.013130148749058618,0.041230358320631794
INT14,Visium,Homo sapiens,Lymph node,success,32,E:\Hestdata\st\INT14.h5ad,bc3aa69121037ccf86fc6a325c3179494fc8a1aa76065481b3afbf177e8f811e,D:\HEST1000BenchRun\COUNT-HEST-SHARED-K32-001\main\INT14\VALUE_K32\attempt01\RESULT.json,,4562,17943,81855966,16077605,8044518,7946534,7739455,D:\HEST1000BenchRun\COUNT-HEST-SHARED-K32-001\main\INT14\VALUE_K32\attempt01\archive.cnt,a658c2a1b3dffbcf2bdac5ae0397a1b3de21069b7f87a16c76b90e8ce319a3ad,True,True,24,97984,1.2180220120086747,0.7563974017483344,3.8510487103023117,0.7766357799747914,3.954088435435502,134840837,654847728,192949512,"{""values"": {""shape"": [16077605], ""dtype"": ""<i8"", ""nbytes"": 128620840}, ""indices"": {""shape"": [16077605], ""dtype"": ""<i4"", ""nbytes"": 64310420}, ""indptr"": {""shape"": [4563], ""dtype"": ""<i4"", ""nbytes"": 18252}}",1,17.59399999999914,6.593000000000757,650711040,0.05893269558983826,0.012134934062106115,0.04118452499636278
INT16,Visium,Homo sapiens,Lymph node,success,32,E:\Hestdata\st\INT16.h5ad,b15ec999e4c7565ccd2a082731b0872bb24e432084b61f8db53e9029b495b3be,D:\HEST1000BenchRun\COUNT-HEST-SHARED-K32-001\main\INT16\VALUE_K32\attempt01\RESULT.json,,3206,17943,57525258,12633890,6253426,6186115,6011161,D:\HEST1000BenchRun\COUNT-HEST-SHARED-K32-001\main\INT16\VALUE_K32\attempt01\archive.cnt,69e58a67e91660d71ff99561bd68140666c96dfdbb49db2c0358d2b7d377edce,True,True,23,67311,1.0763859682676344,0.8359682280781774,3.806372225814852,0.8602989664122845,3.9171561569714473,106996069,460202064,151619508,"{""values"": {""shape"": [12633890], ""dtype"": ""<i8"", ""nbytes"": 101071120}, ""indices"": {""shape"": [12633890], ""dtype"": ""<i4"", ""nbytes"": 50535560}, ""indptr"": {""shape"": [3207], ""dtype"": ""<i4"", ""nbytes"": 12828}}",1,13.968000000000757,5.515999999999622,589864960,0.057816282951479274,0.013442171350191946,0.04080025770826271
INT17,Visium,Homo sapiens,Lymph node,success,32,E:\Hestdata\st\INT17.h5ad,4b84c7e021f517bf24c32f24ee6db2e2fdcca5c31823183911d421b883fab1e0,D:\HEST1000BenchRun\COUNT-HEST-SHARED-K32-001\main\INT17\VALUE_K32\attempt01\RESULT.json,,3585,17943,64325655,8979129,4992479,4966977,4782828,D:\HEST1000BenchRun\COUNT-HEST-SHARED-K32-001\main\INT17\VALUE_K32\attempt01\archive.cnt,56814bb99d01b4473237038833b794ddcb08b827cc66d8b78add6174553e968d,True,True,24,25502,0.5108083579320013,0.5948268074378722,4.2612845856207215,0.6177288983687768,4.425353060413766,77742597,514605240,107763892,"{""values"": {""shape"": [8979129], ""dtype"": ""<i8"", ""nbytes"": 71833032}, ""indices"": {""shape"": [8979129], ""dtype"": ""<i4"", ""nbytes"": 35916516}, ""indptr"": {""shape"": [3586], ""dtype"": ""<i4"", ""nbytes"": 14344}}",1,10.828000000001339,4.07799999999952,418361344,0.0638900318701728,0.009652014037012137,0.04609129187724586
INT18,Visium,Homo sapiens,Lymph node,success,32,E:\Hestdata\st\INT18.h5ad,d990f47c26bb2962d3465f801bf12e96a0a6ac92e6772b88d483bd00d21cdd57,D:\HEST1000BenchRun\COUNT-HEST-SHARED-K32-001\main\INT18\VALUE_K32\attempt01\RESULT.json,,4915,17943,88189845,22206365,10835254,10752158,10530231,D:\HEST1000BenchRun\COUNT-HEST-SHARED-K32-001\main\INT18\VALUE_K32\attempt01\archive.cnt,b541ac316014518939229a59708e58be32097be97f6f0fd102c487511f2dd25c,True,True,26,83096,0.7669040338140666,0.9552329749530686,3.7935901711063473,0.9753647259500229,3.8735409419776716,183946021,705518760,266496044,"{""values"": {""shape"": [22206365], ""dtype"": ""<i8"", ""nbytes"": 177650920}, ""indices"": {""shape"": [22206365], ""dtype"": ""<i4"", ""nbytes"": 88825460}, ""indptr"": {""shape"": [4916], ""dtype"": ""<i4"", ""nbytes"": 19664}}",1,22.96900000000096,8.968999999999141,884817920,0.05845278925603941,0.015240073842969108,0.040346407543670706
INT19,Visium,Homo sapiens,Lymph node,success,32,E:\Hestdata\st\INT19.h5ad,ce6db5dc9bc3f71cecec5bb6ff31102acc89a1d5f90a8d396fba96f0ecb7d2ef,D:\HEST1000BenchRun\COUNT-HEST-SHARED-K32-001\main\INT19\VALUE_K32\attempt01\RESULT.json,,4948,17943,88781964,11916225,6548160,6494107,6275707,D:\HEST1000BenchRun\COUNT-HEST-SHARED-K32-001\main\INT19\VALUE_K32\attempt01\archive.cnt,be2ed4366e75f4c2f67154ce037aec5422d3b4a93270831298bc3fd7718a56bd,True,True,21,54053,0.8254685285637492,0.5654938653981567,4.21321819619888,0.5851735381749383,4.359841812318918,101596765,710255712,143014496,"{""values"": {""shape"": [11916225], ""dtype"": ""<i8"", ""nbytes"": 95329800}, ""indices"": {""shape"": [11916225], ""dtype"": ""<i4"", ""nbytes"": 47664900}, ""indptr"": {""shape"": [4949], ""dtype"": ""<i4"", ""nbytes"": 19796}}",1,13.95299999999952,4.983999999998559,571449344,0.06392041124537774,0.009143336533983411,0.04540873255253789
INT2,Visium,Homo sapiens,Lymph node,success,32,E:\Hestdata\st\INT2.h5ad,31c5c4ec953018c5d2a2a175c7f315f1149f38e987a9ff1763f445967cac7ee2,D:\HEST1000BenchRun\COUNT-HEST-SHARED-K32-001\main\INT2\VALUE_K32\attempt01\RESULT.json,,2580,36601,94430580,5037329,3074747,3057584,2846348,D:\HEST1000BenchRun\COUNT-HEST-SHARED-K32-001\main\INT2\VALUE_K32\attempt01\archive.cnt,2fa10519a3267dae4d99a2a7f67d0f15f4d6d7f683e6695f80632f2f9fcb6d89,True,True,22,17163,0.5581922675264014,0.24113781785519056,4.520408335449203,0.2590333766879331,4.855881360935528,48491639,755444640,60458272,"{""values"": {""shape"": [5037329], ""dtype"": ""<i8"", ""nbytes"": 40298632}, ""indices"": {""shape"": [5037329], ""dtype"": ""<i4"", ""nbytes"": 20149316}, ""indptr"": {""shape"": [2581], ""dtype"": ""<i4"", ""nbytes"": 10324}}",1,7.67200000000048,2.7809999999990396,287748096,0.06305383903398275,0.004047396510748954,0.05057345998906485
INT20,Visium,Homo sapiens,Lymph node,success,32,E:\Hestdata\st\INT20.h5ad,04d700adbcf384a7663995adbed000075acebba9560da98b5bee4560fe7b54b2,D:\HEST1000BenchRun\COUNT-HEST-SHARED-K32-001\main\INT20\VALUE_K32\attempt01\RESULT.json,,4860,17943,87202980,12502436,6848656,6797603,6581114,D:\HEST1000BenchRun\COUNT-HEST-SHARED-K32-001\main\INT20\VALUE_K32\attempt01\archive.cnt,6e669da664203f2a8645600cc68d9a5fb2b2e2ac10d44f9030f148e9287c94b9,True,True,22,51053,0.7454455297506547,0.6037512938204634,4.211092302332122,0.6236119912415837,4.349618266392246,106244053,697623840,150048676,"{""values"": {""shape"": [12502436], ""dtype"": ""<i8"", ""nbytes"": 100019488}, ""indices"": {""shape"": [12502436], ""dtype"": ""<i4"", ""nbytes"": 50009744}, ""indptr"": {""shape"": [4861], ""dtype"": ""<i4"", ""nbytes"": 19444}}",1,14.546999999998661,5.313000000000102,495288320,0.06398102113066037,0.009743937363149746,0.045302652320637606
INT21,Visium,Homo sapiens,Lymph node,success,32,E:\Hestdata\st\INT21.h5ad,23a3f0821cf19a15273db727f9b5c788951ae271fd7578f615248c6d97844b35,D:\HEST1000BenchRun\COUNT-HEST-SHARED-K32-001\main\INT21\VALUE_K32\attempt01\RESULT.json,,4975,17943,89266425,23076232,11288579,11189288,10966276,D:\HEST1000BenchRun\COUNT-HEST-SHARED-K32-001\main\INT21\VALUE_K32\attempt01\archive.cnt,8e81cda00d422179de69ba73bf5bf91f72284bc777dac5676288e6f0384b3967,True,True,25,99291,0.879570404742705,0.9827906516923917,3.8017561965922337,1.002776844709531,3.879069338529791,190886677,714131400,276934688,"{""values"": {""shape"": [23076232], ""dtype"": ""<i8"", ""nbytes"": 184609856}, ""indices"": {""shape"": [23076232], ""dtype"": ""<i4"", ""nbytes"": 92304928}, ""indptr"": {""shape"": [4976], ""dtype"": ""<i4"", ""nbytes"": 19904}}",1,23.45300000000134,8.968999999999141,1030115328,0.05861743824059549,0.015668388198586423,0.04040406812453917
INT22,Visium,Homo sapiens,Lymph node,success,32,E:\Hestdata\st\INT22.h5ad,54341ac67af5ad486aa95fe99387c2317f0ca4415347ecb6e7847345fa44fd2a,D:\HEST1000BenchRun\COUNT-HEST-SHARED-K32-001\main\INT22\VALUE_K32\attempt01\RESULT.json,,3829,17943,68703747,17634125,8491108,8410685,8217392,D:\HEST1000BenchRun\COUNT-HEST-SHARED-K32-001\main\INT22\VALUE_K32\attempt01\archive.cnt,9d0c5590b8682c15685a69d274d9dd0763ed64428de919095f4783e0e4b19d95,True,True,24,80423,0.9471437649833214,0.9568493549558512,3.727949983341958,0.9793567736560278,3.815640413119449,147139557,549629976,211624820,"{""values"": {""shape"": [17634125], ""dtype"": ""<i8"", ""nbytes"": 141073000}, ""indices"": {""shape"": [17634125], ""dtype"": ""<i4"", ""nbytes"": 70536500}, ""indptr"": {""shape"": [3830], ""dtype"": ""<i4"", ""nbytes"": 15320}}",1,19.23400000000038,7.15599999999904,633057280,0.057161277167634805,0.015302449588375434,0.0397433769819627
INT23,Visium,Homo sapiens,Lymph node,success,32,E:\Hestdata\st\INT23.h5ad,b0d1f3bb4f219ca6cbd9af0b9b40bd421360a7adf0ab7ced6fc506ce4ae01438,D:\HEST1000BenchRun\COUNT-HEST-SHARED-K32-001\main\INT23\VALUE_K32\attempt01\RESULT.json,,4755,17943,85318965,25873625,12115672,11986989,11770153,D:\HEST1000BenchRun\COUNT-HEST-SHARED-K32-001\main\INT23\VALUE_K32\attempt01\archive.cnt,2a75bce11e1ac22eeafad547c08fa3191485d5ac3f7d4005bb927b2ac2b6843d,True,True,26,128683,1.0621202026598278,1.1036376730542852,3.6392745121721446,1.1239694715002697,3.7063191570566554,213319261,682551720,310502524,"{""values"": {""shape"": [25873625], ""dtype"": ""<i8"", ""nbytes"": 206989000}, ""indices"": {""shape"": [25873625], ""dtype"": ""<i4"", ""nbytes"": 103494500}, ""indptr"": {""shape"": [4756], ""dtype"": ""<i4"", ""nbytes"": 19024}}",1,26.42200000000048,10.07799999999952,1158344704,0.05619271763743828,0.017562022992191714,0.03860512579923505
INT24,Visium,Homo sapiens,Lymph node,success,32,E:\Hestdata\st\INT24.h5ad,718f442b00a702b5d03ff633a26afd0391554dcdb1f2bcec40cd7c5f1f1582be,D:\HEST1000BenchRun\COUNT-HEST-SHARED-K32-001\main\INT24\VALUE_K32\attempt01\RESULT.json,,4510,17943,80922930,14044757,7604645,7575666,7369547,D:\HEST1000BenchRun\COUNT-HEST-SHARED-K32-001\main\INT24\VALUE_K32\attempt01\archive.cnt,5c6e4db19693969785e307e6b969dc4381449085a5967f4d476d1ccb47046bd4,True,True,24,28979,0.38106972777821974,0.7285496953706446,4.197749807988846,0.7489265156365446,4.315156752089053,118568605,647383440,168555128,"{""values"": {""shape"": [14044757], ""dtype"": ""<i8"", ""nbytes"": 112358056}, ""indices"": {""shape"": [14044757], ""dtype"": ""<i4"", ""nbytes"": 56179028}, ""indptr"": {""shape"": [4511], ""dtype"": ""<i4"", ""nbytes"": 18044}}",1,15.765999999999622,5.734999999998763,585248768,0.06389268052871162,0.011701976806821009,0.044944737605372646
INT26,Visium,Homo sapiens,Prostate,success,32,E:\Hestdata\st\INT26.h5ad,6d4bca3f141da4ccebbfd2989cfcb680c559da109e7a3d466c5b5bc78889f107,D:\HEST1000BenchRun\COUNT-HEST-SHARED-K32-001\main\INT26\VALUE_K32\attempt01\RESULT.json,,3894,17943,69870042,15352270,7699313,7626085,7458711,D:\HEST1000BenchRun\COUNT-HEST-SHARED-K32-001\main\INT26\VALUE_K32\attempt01\archive.cnt,a0ba74fad0a01a375173fcf9ea66bf526b8cc7b290e3993e610cc87e6104f05e,True,True,24,73228,0.9510978447038066,0.8540096197451835,3.8867013151801,0.8731736557421849,3.9739191663512954,128853245,558960336,184242820,"{""values"": {""shape"": [15352270], ""dtype"": ""<i8"", ""nbytes"": 122818160}, ""indices"": {""shape"": [15352270], ""dtype"": ""<i4"", ""nbytes"": 61409080}, ""indptr"": {""shape"": [3895], ""dtype"": ""<i4"", ""nbytes"": 15580}}",1,16.936999999999898,6.141000000001441,523968512,0.05918426811835433,0.013643338370971638,0.041391490859725225
INT27,Visium,Homo sapiens,Prostate,success,32,E:\Hestdata\st\INT27.h5ad,3d53794d8d143ef6a0713484a565788ba21ec8f05bcb34a404f15745ad7289da,D:\HEST1000BenchRun\COUNT-HEST-SHARED-K32-001\main\INT27\VALUE_K32\attempt01\RESULT.json,,4176,17943,74929968,25231538,12200727,12112943,11938089,D:\HEST1000BenchRun\COUNT-HEST-SHARED-K32-001\main\INT27\VALUE_K32\attempt01\archive.cnt,c4f35af4b2c8225e9e1336504b28f3f486bb839f03c7d3075ccd84996e310838,True,True,26,87784,0.7194981085963156,1.2745863177200343,3.785132400569478,1.2932548429755102,3.8405722235402378,207779885,599439744,302795164,"{""values"": {""shape"": [25231538], ""dtype"": ""<i8"", ""nbytes"": 201852304}, ""indices"": {""shape"": [25231538], ""dtype"": ""<i4"", ""nbytes"": 100926152}, ""indptr"": {""shape"": [4177], ""dtype"": ""<i4"", ""nbytes"": 16708}}",1,25.639999999999418,9.76600000000144,946921472,0.05829699539972313,0.020207106921492347,0.04000375316430087
INT35,Visium,Homo sapiens,Prostate,success,32,E:\Hestdata\st\INT35.h5ad,16e3e31f6616f4ca109289d0611955970266936e2d7d306374ebff5c6d5eac6c,D:\HEST1000BenchRun\COUNT-HEST-SHARED-K32-001\main\INT35\VALUE_K32\attempt01\RESULT.json,,3998,17943,71736114,11296103,5961788,5901410,5734201,D:\HEST1000BenchRun\COUNT-HEST-SHARED-K32-001\main\INT35\VALUE_K32\attempt01\archive.cnt,4876bbded28d42eed8f257a03cb747828899372310a4dd700c3095e2f62fdfbe,True,True,25,60378,1.0127498663152732,0.6394771816047912,4.061011837445179,0.6581243026350716,4.179430729340907,96434293,573888912,135569232,"{""values"": {""shape"": [11296103], ""dtype"": ""<i8"", ""nbytes"": 90368824}, ""indices"": {""shape"": [11296103], ""dtype"": ""<i4"", ""nbytes"": 45184412}, ""indptr"": {""shape"": [3999], ""dtype"": ""<i4"", ""nbytes"": 15996}}",1,12.79700000000048,4.765999999999622,521404416,0.06119617634361668,0.010283192228672994,0.043530599922554696
INT5,Visium,Homo sapiens,Lymph node,success,32,E:\Hestdata\st\INT5.h5ad,d7a98944c791fe955dcd904a93e0b7ffd6dedc6f686bb3801975dc64cc021a61,D:\HEST1000BenchRun\COUNT-HEST-SHARED-K32-001\main\INT5\VALUE_K32\attempt01\RESULT.json,,1186,36601,43408786,9178891,4757970,4724683,4526466,D:\HEST1000BenchRun\COUNT-HEST-SHARED-K32-001\main\INT5\VALUE_K32\attempt01\archive.cnt,9e6e12211fb1cbf9747d4656c499e45533d9df45653555a17d66a85daf8f96b6,True,True,29,33287,0.6996050836806453,0.8342027349025609,3.945109273004767,0.8707330354735099,4.117868269707092,81168311,347270288,110151440,"{""values"": {""shape"": [9178891], ""dtype"": ""<i8"", ""nbytes"": 73431128}, ""indices"": {""shape"": [9178891], ""dtype"": ""<i4"", ""nbytes"": 36715564}, ""indptr"": {""shape"": [1187], ""dtype"": ""<i4"", ""nbytes"": 4748}}",1,10.936999999999898,4.125,465801216,0.058208467587800364,0.013605203679273592,0.042892612207339274
INT6,Visium,Homo sapiens,Lymph node,success,32,E:\Hestdata\st\INT6.h5ad,7279cbce2f3a35b6f9f34fff0b70262c564201042a1171ee9a3e7dc8bf3a66ff,D:\HEST1000BenchRun\COUNT-HEST-SHARED-K32-001\main\INT6\VALUE_K32\attempt01\RESULT.json,,1678,36601,61416478,5846311,3374988,3365573,3164141,D:\HEST1000BenchRun\COUNT-HEST-SHARED-K32-001\main\INT6\VALUE_K32\attempt01\archive.cnt,172fd07d0f5ac71d36fc5b0d73a6144d24c8f7f5f6eed5162d39262b526b0370,True,True,27,9415,0.27896395483480235,0.41215531766572483,4.329760767088853,0.43839348781934384,4.60539714702143,54471271,491331824,70162448,"{""values"": {""shape"": [5846311], ""dtype"": ""<i8"", ""nbytes"": 46770488}, ""indices"": {""shape"": [5846311], ""dtype"": ""<i4"", ""nbytes"": 23385244}, ""indptr"": {""shape"": [1679], ""dtype"": ""<i4"", ""nbytes"": 6716}}",1,7.984000000000378,3.0319999999992433,319430656,0.06178620285911816,0.0068498982471772475,0.04796829494888776
INT7,Visium,Homo sapiens,Lymph node,success,32,E:\Hestdata\st\INT7.h5ad,78cb918ad199314c08b26f8046f470c289a95866303446ff2e43de214a070ad6,D:\HEST1000BenchRun\COUNT-HEST-SHARED-K32-001\main\INT7\VALUE_K32\attempt01\RESULT.json,,2374,36601,86890774,10649786,5462046,5416765,5200800,D:\HEST1000BenchRun\COUNT-HEST-SHARED-K32-001\main\INT7\VALUE_K32\attempt01\archive.cnt,7b56d58cc360ae13222871b2e709a460713468ff80ed2df55872bee6a5292cf0,True,True,27,45281,0.8290116926880513,0.4788356471539775,3.9067827278407283,0.49871946128595884,4.069013217730385,93131975,695126192,127806932,"{""values"": {""shape"": [10649786], ""dtype"": ""<i8"", ""nbytes"": 85198288}, ""indices"": {""shape"": [10649786], ""dtype"": ""<i4"", ""nbytes"": 42599144}, ""indptr"": {""shape"": [2375], ""dtype"": ""<i4"", ""nbytes"": 9500}}",1,12.906999999999243,4.859999999998763,404733952,0.05816224771352696,0.007792491582593107,0.04238240379637624
INT8,Visium,Homo sapiens,Lymph node,success,32,E:\Hestdata\st\INT8.h5ad,a9fd585258d7661484cf547305323d9506960f285f20a7d13765f81fc1842701,D:\HEST1000BenchRun\COUNT-HEST-SHARED-K32-001\main\INT8\VALUE_K32\attempt01\RESULT.json,,1949,36601,71335349,9932583,5160046,5120983,4912379,D:\HEST1000BenchRun\COUNT-HEST-SHARED-K32-001\main\INT8\VALUE_K32\attempt01\archive.cnt,7185e92f3e324779fbf9da5f24e4c5c666629eadf0509a79dd24fd4818aae393,True,True,26,39063,0.7570281350205017,0.5509054424055597,3.956577256892794,0.5742996224774901,4.124593169772656,87508499,570682792,119198796,"{""values"": {""shape"": [9932583], ""dtype"": ""<i8"", ""nbytes"": 79460664}, ""indices"": {""shape"": [9932583], ""dtype"": ""<i4"", ""nbytes"": 39730332}, ""indptr"": {""shape"": [1950], ""dtype"": ""<i4"", ""nbytes"": 7800}}",1,12.031000000000859,4.468999999999141,452886528,0.05851983588474075,0.008973431601210783,0.042961700720534124
INT9,Visium,Homo sapiens,Lymph node,success,32,E:\Hestdata\st\INT9.h5ad,8079438467f4872fb390a0dedf1989d558903713c780e1d1dc5018f6db2be4f5,D:\HEST1000BenchRun\COUNT-HEST-SHARED-K32-001\main\INT9\VALUE_K32\attempt01\RESULT.json,,1696,36601,62075296,6502723,3540741,3518469,3316113,D:\HEST1000BenchRun\COUNT-HEST-SHARED-K32-001\main\INT9\VALUE_K32\attempt01\archive.cnt,d727ef86b24fe2f482ae912968f693fd0c465e2864b5473c5bbc2833d07f696a,True,True,24,22272,0.6290208744440783,0.42736653241250755,4.079660782106203,0.4534453126087389,4.3286100299828245,60022959,496602368,78039464,"{""values"": {""shape"": [6502723], ""dtype"": ""<i8"", ""nbytes"": 52021784}, ""indices"": {""shape"": [6502723], ""dtype"": ""<i4"", ""nbytes"": 26010892}, ""indptr"": {""shape"": [1697], ""dtype"": ""<i4"", ""nbytes"": 6788}}",1,8.625,3.110000000000582,353767424,0.058618719546965355,0.007085083009511545,0.04508576583765363
MEND10,Spatial Transcriptomics,Homo sapiens,Prostate,success,32,E:\Hestdata\st\MEND10.h5ad,295a4ebb4c716d99651cbd7c3e7150ffe34c3567d125be6ec81d8dd65f860c61,D:\HEST1000BenchRun\COUNT-HEST-SHARED-K32-001\main\MEND10\VALUE_K32\attempt01\RESULT.json,,129,22185,2861865,33288,116289,118190,26159,D:\HEST1000BenchRun\COUNT-HEST-SHARED-K32-001\main\MEND10\VALUE_K32\attempt01\archive.cnt,bae1fdd8dfdbd2fb4e06acd3495e89ab7e7d8c3fd59fc21f94761e55ed55e385,True,True,14,-1901,-1.6347203948782774,0.07312434374088225,6.286709925498678,0.3303859546135125,28.40422975246335,27600905,22894920,399976,"{""values"": {""shape"": [33288], ""dtype"": ""<i8"", ""nbytes"": 266304}, ""indices"": {""shape"": [33288], ""dtype"": ""<i4"", ""nbytes"": 133152}, ""indptr"": {""shape"": [130], ""dtype"": ""<i4"", ""nbytes"": 520}}",1,1.7180000000007567,0.6559999999990396,161366016,0.004282105967177525,0.005162280540836133,0.2954927295637738
MEND11,Spatial Transcriptomics,Homo sapiens,Prostate,success,32,E:\Hestdata\st\MEND11.h5ad,4dd6b2a900cc8ea94fae532b6332d02907f5816482911c19605b3c11f871c4e4,D:\HEST1000BenchRun\COUNT-HEST-SHARED-K32-001\main\MEND11\VALUE_K32\attempt01\RESULT.json,,216,22232,4802112,36260,123762,125559,31428,D:\HEST1000BenchRun\COUNT-HEST-SHARED-K32-001\main\MEND11\VALUE_K32\attempt01\archive.cnt,3d9b90eb7967484d526fe952c1b79891c81dc71dcba49db4737e1ea5a3b842dd,True,True,13,-1797,-1.4519804140204586,0.052356962936308024,6.933921676778819,0.2091729638958858,27.7019305019305,43191968,38416896,435988,"{""values"": {""shape"": [36260], ""dtype"": ""<i8"", ""nbytes"": 290080}, ""indices"": {""shape"": [36260], ""dtype"": ""<i4"", ""nbytes"": 145040}, ""indptr"": {""shape"": [217], ""dtype"": ""<i4"", ""nbytes"": 868}}",1,1.735000000000582,0.6399999999994179,174927872,0.0029069988197805664,0.0032683275608732156,0.28798728405368956
MEND12,Spatial Transcriptomics,Homo sapiens,Prostate,success,32,E:\Hestdata\st\MEND12.h5ad,2646c3ce54865073308db71568b8a9d558051361adc8fcc18e7259bc3deaa136,D:\HEST1000BenchRun\COUNT-HEST-SHARED-K32-001\main\MEND12\VALUE_K32\attempt01\RESULT.json,,190,23966,4553540,88958,180922,184970,74792,D:\HEST1000BenchRun\COUNT-HEST-SHARED-K32-001\main\MEND12\VALUE_K32\attempt01\archive.cnt,24fc0f3936194b14ac9d1e13e049c1b0d7ef373a0718d7fb3897126911102e39,True,True,21,-4048,-2.2374282840118944,0.13140018535029888,6.726050495739562,0.32496914488507844,16.63436677982868,41370438,36428320,1068260,"{""values"": {""shape"": [88958], ""dtype"": ""<i8"", ""nbytes"": 711664}, ""indices"": {""shape"": [88958], ""dtype"": ""<i4"", ""nbytes"": 355832}, ""indptr"": {""shape"": [191], ""dtype"": ""<i4"", ""nbytes"": 764}}",1,1.8909999999996217,0.7970000000004802,161292288,0.00447106699716353,0.005077642888829351,0.1731507310954262
MEND123,Visium,Mus musculus,Brain,success,32,E:\Hestdata\st\MEND123.h5ad,5d089d5663caec7a5ee4af016c0d1819782edc8e0806b5e30be6b7be0badc6e0,D:\HEST1000BenchRun\COUNT-HEST-SHARED-K32-001\main\MEND123\VALUE_K32\attempt01\RESULT.json,,1490,32285,48104650,10639649,5435878,5404894,5227099,D:\HEST1000BenchRun\COUNT-HEST-SHARED-K32-001\main\MEND123\VALUE_K32\attempt01\archive.cnt,92e3c488be1a3456543f15a4a6da6a5b7109531a56bbaa06f6fe1a2cf515d2d5,True,True,29,30984,0.5699907172309606,0.8692879378604771,3.9302792789498975,0.8988559733830306,4.063964140170413,92625243,384837200,127681752,"{""values"": {""shape"": [10639649], ""dtype"": ""<i8"", ""nbytes"": 85117192}, ""indices"": {""shape"": [10639649], ""dtype"": ""<i4"", ""nbytes"": 42558596}, ""indptr"": {""shape"": [1491], ""dtype"": ""<i4"", ""nbytes"": 5964}}",1,12.375,4.688000000000102,409026560,0.058352278762712664,0.014044624584109853,0.0423309824257424
MEND124,Visium,Mus musculus,Brain,success,32,E:\Hestdata\st\MEND124.h5ad,d288ce60d2ff3c78ceb48ab4be62f66b6fd9c14878418b67bbdc7fd396effd3c,D:\HEST1000BenchRun\COUNT-HEST-SHARED-K32-001\main\MEND124\VALUE_K32\attempt01\RESULT.json,,1448,32285,46748680,10927762,5611813,5577323,5399047,D:\HEST1000BenchRun\COUNT-HEST-SHARED-K32-001\main\MEND124\VALUE_K32\attempt01\archive.cnt,728e67c4c5e931563449ad0e5e0ca5676718f9b8eb26df360a0a658aab89a7ba,True,True,29,34490,0.6145963880122164,0.9239271782647125,3.9525363015775783,0.9544351626612773,4.083048660832841,94921315,373989440,131138940,"{""values"": {""shape"": [10927762], ""dtype"": ""<i8"", ""nbytes"": 87422096}, ""indices"": {""shape"": [10927762], ""dtype"": ""<i4"", ""nbytes"": 43711048}, ""indptr"": {""shape"": [1449], ""dtype"": ""<i4"", ""nbytes"": 5796}}",1,12.781000000000859,4.938000000000102,436060160,0.058757329689332685,0.014913049416582457,0.042529877090664296
MEND13,Spatial Transcriptomics,Homo sapiens,Prostate,success,32,E:\Hestdata\st\MEND13.h5ad,c851cce642310808b80eeae75104d7dbecc0de397747c99a490aac0b15515ff1,D:\HEST1000BenchRun\COUNT-HEST-SHARED-K32-001\main\MEND13\VALUE_K32\attempt01\RESULT.json,,183,22113,4046679,56856,139105,141708,45241,D:\HEST1000BenchRun\COUNT-HEST-SHARED-K32-001\main\MEND13\VALUE_K32\attempt01\archive.cnt,86a5c33626a99e2a1f35e8ecefe882ea092ad1ef2b8fd75896a5583a5cc70aab,True,True,16,-2603,-1.871248337586715,0.08943827765928555,6.365695792880259,0.2801467573780871,19.939214858590123,37128785,32373432,683008,"{""values"": {""shape"": [56856], ""dtype"": ""<i8"", ""nbytes"": 454848}, ""indices"": {""shape"": [56856], ""dtype"": ""<i4"", ""nbytes"": 227424}, ""indptr"": {""shape"": [184], ""dtype"": ""<i4"", ""nbytes"": 736}}",1,1.9060000000008586,0.625,175378432,0.0038166613854991485,0.004377293084032611,0.2074763399550225
MEND130,Visium,Mus musculus,Brain,success,32,E:\Hestdata\st\MEND130.h5ad,24d777b37b9d0e916c8da641c29dcabc726f0270727a54b570e47d0bd728b2fa,D:\HEST1000BenchRun\COUNT-HEST-SHARED-K32-001\main\MEND130\VALUE_K32\attempt01\RESULT.json,,4557,32285,147122745,20125747,10702952,10638037,10342183,D:\HEST1000BenchRun\COUNT-HEST-SHARED-K32-001\main\MEND130\VALUE_K32\attempt01\archive.cnt,e91e279db94a5a623dc2f9aac4f60f321d1e37fe3eb4fb9ecf2f2d53ae42ae40,True,True,28,64915,0.6065149128950592,0.5623703119459876,4.111025742299155,0.5784577768719582,4.228627936145674,169141479,1176981960,241527196,"{""values"": {""shape"": [20125747], ""dtype"": ""<i8"", ""nbytes"": 161005976}, ""indices"": {""shape"": [20125747], ""dtype"": ""<i4"", ""nbytes"": 80502988}, ""indptr"": {""shape"": [4558], ""dtype"": ""<i4"", ""nbytes"": 18232}}",1,23.29699999999866,8.34400000000096,655769600,0.06289431228161367,0.009038402763624347,0.04404488263093983
MEND131,Visium,Mus musculus,Brain,success,32,E:\Hestdata\st\MEND131.h5ad,18027e965861f3d8754581bef0b1efd6eb43d832d3d023fac0ff43f513235588,D:\HEST1000BenchRun\COUNT-HEST-SHARED-K32-001\main\MEND131\VALUE_K32\attempt01\RESULT.json,,1301,31053,40399953,1873723,1292843,1290448,1114436,D:\HEST1000BenchRun\COUNT-HEST-SHARED-K32-001\main\MEND131\VALUE_K32\attempt01\archive.cnt,84cc5aac7fc9f26ef16a5a47dd79a0c30804281e9d0cf4141182538c1473c72f,True,True,25,2395,0.18525064528330198,0.22068065277204654,4.7581675626546724,0.25553455470604136,5.50966391510378,22406727,323199624,22489884,"{""values"": {""shape"": [1873723], ""dtype"": ""<i8"", ""nbytes"": 14989784}, ""indices"": {""shape"": [1873723], ""dtype"": ""<i4"", ""nbytes"": 7494892}, ""indptr"": {""shape"": [1302], ""dtype"": ""<i4"", ""nbytes"": 5208}}",1,3.9219999999986612,1.4069999999992433,210546688,0.05759199011975288,0.003992727417281896,0.05737904206175541
MEND139,Visium,Homo sapiens,Prostate,success,32,E:\Hestdata\st\MEND139.h5ad,37530683bc84fff8f78f7b4a965950a3a3b44056cc389aaaa4a7f6abaced69f2,D:\HEST1000BenchRun\COUNT-HEST-SHARED-K32-001\main\MEND139\VALUE_K32\attempt01\RESULT.json,,3749,33538,125733962,10942345,5982467,5911953,5656279,D:\HEST1000BenchRun\COUNT-HEST-SHARED-K32-001\main\MEND139\VALUE_K32\attempt01\archive.cnt,14fc1cb1ef061664f613cef05f16fcfd0755215237ce229f05ea8a1375bc48fd,True,True,27,70514,1.1786776258021983,0.3598886989658371,4.135332234543875,0.3761563164612597,4.322256700917399,95598782,1005871696,131323140,"{""values"": {""shape"": [10942345], ""dtype"": ""<i8"", ""nbytes"": 87538760}, ""indices"": {""shape"": [10942345], ""dtype"": ""<i4"", ""nbytes"": 43769380}, ""indptr"": {""shape"": [3750], ""dtype"": ""<i4"", ""nbytes"": 15000}}",1,13.95299999999952,5.0789999999997235,492044288,0.061841300446693975,0.005877442444707183,0.045018364623325334
MEND14,Spatial Transcriptomics,Homo sapiens,Prostate,success,32,E:\Hestdata\st\MEND14.h5ad,8fcba8b0491a0a470d4373801a957dd5330e810336ccb03bb15222d574bcb67e,D:\HEST1000BenchRun\COUNT-HEST-SHARED-K32-001\main\MEND14\VALUE_K32\attempt01\RESULT.json,,161,29677,4777997,108834,203760,207328,77958,D:\HEST1000BenchRun\COUNT-HEST-SHARED-K32-001\main\MEND14\VALUE_K32\attempt01\archive.cnt,b2112c53793703ca5abaa969cfb2703db6ebdc0f73855fdefd89434b9b778afe,True,True,17,-3568,-1.751079701609737,0.13052833645563194,5.730415127625558,0.34713793248509783,15.239943400040428,43649901,38223976,1306656,"{""values"": {""shape"": [108834], ""dtype"": ""<i8"", ""nbytes"": 870672}, ""indices"": {""shape"": [108834], ""dtype"": ""<i4"", ""nbytes"": 435336}, ""indptr"": {""shape"": [162], ""dtype"": ""<i4"", ""nbytes"": 648}}",1,2.061999999999898,0.7810000000008586,178491392,0.004749793132405959,0.005424030195079654,0.1586706830259839
MEND140,Visium,Homo sapiens,Prostate,success,32,E:\Hestdata\st\MEND140.h5ad,25b80ca3e83454ad7f6cb5f791aaf5e2f9d07a09506698ce82274e108e799d8e,D:\HEST1000BenchRun\COUNT-HEST-SHARED-K32-001\main\MEND140\VALUE_K32\attempt01\RESULT.json,,1935,33538,64896030,5586712,3304427,3288096,3080261,D:\HEST1000BenchRun\COUNT-HEST-SHARED-K32-001\main\MEND140\VALUE_K32\attempt01\archive.cnt,cc879ceea2269ffbdc2b4a4c88b8524de42a3e65a6a76a8d5284314221fcdaba,True,True,25,16331,0.49421578990850756,0.3797164171675833,4.410839148321947,0.4053370907280461,4.708452485111099,52360086,519168240,67048288,"{""values"": {""shape"": [5586712], ""dtype"": ""<i8"", ""nbytes"": 44693696}, ""indices"": {""shape"": [5586712], ""dtype"": ""<i4"", ""nbytes"": 22346848}, ""indptr"": {""shape"": [1936], ""dtype"": ""<i4"", ""nbytes"": 7744}}",1,7.796999999998661,2.8590000000003783,294449152,0.06279775781880878,0.00633339204262572,0.04904071525286373
MEND141,Visium,Homo sapiens,Prostate,success,32,E:\Hestdata\st\MEND141.h5ad,8bdc8d780237211a2043ba24cdfa3019be9f918695db0f35c3dc0f1fe53b6196,D:\HEST1000BenchRun\COUNT-HEST-SHARED-K32-001\main\MEND141\VALUE_K32\attempt01\RESULT.json,,1794,33538,60167172,3730926,2408090,2405106,2202884,D:\HEST1000BenchRun\COUNT-HEST-SHARED-K32-001\main\MEND141\VALUE_K32\attempt01\archive.cnt,44fb4a5802436fd419d1d31dc50554dd3d4d08c578c3da313c96f5698e985b11,True,True,24,2984,0.12391563438243587,0.2929017837168747,4.723511535742065,0.3197898016546299,5.157123995490664,37485994,481337376,44778292,"{""values"": {""shape"": [3730926], ""dtype"": ""<i8"", ""nbytes"": 29847408}, ""indices"": {""shape"": [3730926], ""dtype"": ""<i4"", ""nbytes"": 14923704}, ""indptr"": {""shape"": [1795], ""dtype"": ""<i4"", ""nbytes"": 7180}}",1,6.063000000000102,2.2340000000003783,254382080,0.06416012337834766,0.004996715650853592,0.053711427849905485
MEND142,Visium,Homo sapiens,Prostate,success,32,E:\Hestdata\st\MEND142.h5ad,44db6ed52175d1a4b582b1f4f071eda97b7962d300d1a7bc32aa969d44626c42,D:\HEST1000BenchRun\COUNT-HEST-SHARED-K32-001\main\MEND142\VALUE_K32\attempt01\RESULT.json,,2997,33538,100513386,7012911,4157218,4129708,3894648,D:\HEST1000BenchRun\COUNT-HEST-SHARED-K32-001\main\MEND142\VALUE_K32\attempt01\archive.cnt,9f1749f6b7aeb20c64800d646b65438ba0607c4ce21b7f0cd8815f25f2feee00,True,True,23,27510,0.6617406159600002,0.3099804437987991,4.442831799804675,0.3286891956858363,4.71097722472166,63978174,804107088,84166924,"{""values"": {""shape"": [7012911], ""dtype"": ""<i8"", ""nbytes"": 56103288}, ""indices"": {""shape"": [7012911], ""dtype"": ""<i4"", ""nbytes"": 28051644}, ""indptr"": {""shape"": [2998], ""dtype"": ""<i4"", ""nbytes"": 11992}}",1,9.75,3.5469999999986612,378138624,0.0645487006240597,0.0051357686825911925,0.049065687609066
MEND143,Visium,Homo sapiens,Prostate,success,32,E:\Hestdata\st\MEND143.h5ad,fd2f5cc6611afb88e71e09bfcc79e244bbfee6108750e630d69cdfa916be4fbe,D:\HEST1000BenchRun\COUNT-HEST-SHARED-K32-001\main\MEND143\VALUE_K32\attempt01\RESULT.json,,3816,33538,127981008,6913166,4212167,4180191,3925656,D:\HEST1000BenchRun\COUNT-HEST-SHARED-K32-001\main\MEND143\VALUE_K32\attempt01\archive.cnt,2679149e603f0741df98542b29fbff33ee4ab8b66fcecef45fc2788b8114732c,True,True,23,31976,0.7591341938721803,0.24538990972785588,4.542816995859784,0.2613007079925484,4.83736800186774,63339990,1023848064,82973260,"{""values"": {""shape"": [6913166], ""dtype"": ""<i8"", ""nbytes"": 55305328}, ""indices"": {""shape"": [6913166], ""dtype"": ""<i4"", ""nbytes"": 27652664}, ""indptr"": {""shape"": [3817], ""dtype"": ""<i4"", ""nbytes"": 15268}}",1,10.17200000000048,3.67200000000048,362074112,0.06599607925419629,0.004082823562383569,0.05037997783864344
MEND144,Visium,Homo sapiens,Prostate,success,32,E:\Hestdata\st\MEND144.h5ad,696ead4174c92736b12f5d07103ccaba32f90d39d7de7df61d6a988f3c46ab71,D:\HEST1000BenchRun\COUNT-HEST-SHARED-K32-001\main\MEND144\VALUE_K32\attempt01\RESULT.json,,4074,33538,136633812,6319669,3960369,3933872,3672860,D:\HEST1000BenchRun\COUNT-HEST-SHARED-K32-001\main\MEND144\VALUE_K32\attempt01\archive.cnt,971b81ce1270a5ddbbceee5e8a472edff79bf4be28c9914df83ff8bd75bd48c5,True,True,23,26497,0.6690538179649421,0.2150483805575153,4.649433380134307,0.23033080567202502,4.979845621661514,58645262,1093070496,75852328,"{""values"": {""shape"": [6319669], ""dtype"": ""<i8"", ""nbytes"": 50557352}, ""indices"": {""shape"": [6319669], ""dtype"": ""<i4"", ""nbytes"": 25278676}, ""indptr"": {""shape"": [4075], ""dtype"": ""<i4"", ""nbytes"": 16300}}",1,9.92200000000048,3.4680000000007567,343941120,0.0670791103294926,0.003598918838625391,0.051862244755362025
MEND145,Visium,Homo sapiens,Prostate,success,32,E:\Hestdata\st\MEND145.h5ad,7762618f15fe7612e7f272c85543c72c0947cb58d786cb2b8e8218f3cb3b5f16,D:\HEST1000BenchRun\COUNT-HEST-SHARED-K32-001\main\MEND145\VALUE_K32\attempt01\RESULT.json,,1418,33538,47556884,2629446,1753838,1754265,1563804,D:\HEST1000BenchRun\COUNT-HEST-SHARED-K32-001\main\MEND145\VALUE_K32\attempt01\archive.cnt,5a15226e0264f5585f6cf63bf9a5eb6168e7761c19b3389fbf1e2706e3be8430,True,True,24,-427,-0.02434660441842405,0.2630624832358655,4.757820468646247,0.2951017564565416,5.337291581572696,28583818,380455072,31559028,"{""values"": {""shape"": [2629446], ""dtype"": ""<i8"", ""nbytes"": 21035568}, ""indices"": {""shape"": [2629446], ""dtype"": ""<i4"", ""nbytes"": 10517784}, ""indptr"": {""shape"": [1419], ""dtype"": ""<i4"", ""nbytes"": 5676}}",1,4.95299999999952,1.8119999999998981,220180480,0.061372661972588824,0.004610964944633462,0.05558678803415618
MEND146,Visium,Homo sapiens,Prostate,success,32,E:\Hestdata\st\MEND146.h5ad,ea61d6666908505113155f38ec78a659d0e2aa9020ec9f02b2400c6e786c3a9d,D:\HEST1000BenchRun\COUNT-HEST-SHARED-K32-001\main\MEND146\VALUE_K32\attempt01\RESULT.json,,1964,33538,65868632,2566360,1800489,1801099,1597524,D:\HEST1000BenchRun\COUNT-HEST-SHARED-K32-001\main\MEND146\VALUE_K32\attempt01\archive.cnt,c538ac3fb8ec8cb07e49125cb3ced7590228c20403a9605c50b644f14cc0596a,True,True,22,-610,-0.03387968490782226,0.19402546571788526,4.9798905843295564,0.2187504364748307,5.614485886625415,28183490,526949056,30804180,"{""values"": {""shape"": [2566360], ""dtype"": ""<i8"", ""nbytes"": 20530880}, ""indices"": {""shape"": [2566360], ""dtype"": ""<i4"", ""nbytes"": 10265440}, ""indptr"": {""shape"": [1965], ""dtype"": ""<i4"", ""nbytes"": 7860}}",1,5.061999999999898,1.75,233017344,0.0639061734370016,0.0034179755699192296,0.058469305139757004
MEND147,Visium,Homo sapiens,Prostate,success,32,E:\Hestdata\st\MEND147.h5ad,2f6d85f6097986c4ce60c68bcc0c2ea31127316362df992873edf382c8407ac5,D:\HEST1000BenchRun\COUNT-HEST-SHARED-K32-001\main\MEND147\VALUE_K32\attempt01\RESULT.json,,2335,33538,78311230,4164512,2664764,2653883,2439818,D:\HEST1000BenchRun\COUNT-HEST-SHARED-K32-001\main\MEND147\VALUE_K32\attempt01\archive.cnt,4ba61396db9ffc4e0d323b79f4fe461cb66b2548cf223bf3576ab58bac9e5627,True,True,23,10881,0.4083288426292159,0.24924323114322172,4.68687423640513,0.27111135912435547,5.098091685172236,40997182,626489840,49983488,"{""values"": {""shape"": [4164512], ""dtype"": ""<i8"", ""nbytes"": 33316096}, ""indices"": {""shape"": [4164512], ""dtype"": ""<i4"", ""nbytes"": 16658048}, ""indptr"": {""shape"": [2336], ""dtype"": ""<i4"", ""nbytes"": 9344}}",1,6.796999999998661,2.5159999999996217,266145792,0.06473330288896442,0.004236114986318054,0.05309519415691838
MEND148,Visium,Homo sapiens,Prostate,success,32,E:\Hestdata\st\MEND148.h5ad,b851df771e6ba664c08679f2731d128a3a13aef44cd25319957dda6be2f043e7,D:\HEST1000BenchRun\COUNT-HEST-SHARED-K32-001\main\MEND148\VALUE_K32\attempt01\RESULT.json,,1633,33538,54767554,1419702,1153928,1158066,966678,D:\HEST1000BenchRun\COUNT-HEST-SHARED-K32-001\main\MEND148\VALUE_K32\attempt01\archive.cnt,3bd6e85c40e5af26a5a771bec6fe87ce78811adcddb6b06ffcd3f1b86c2f91a2,True,True,22,-4138,-0.3586012298860934,0.14120448030233376,5.4472163876644535,0.16916088675422677,6.5256849676904025,18895862,438140432,17042960,"{""values"": {""shape"": [1419702], ""dtype"": ""<i8"", ""nbytes"": 11357616}, ""indices"": {""shape"": [1419702], ""dtype"": ""<i4"", ""nbytes"": 5678808}, ""indptr"": {""shape"": [1634], ""dtype"": ""<i4"", ""nbytes"": 6536}}",1,4.015999999999622,1.5,204918784,0.06128675156497227,0.0026431388555347934,0.06794981622910574
MEND149,Visium,Homo sapiens,Prostate,success,32,E:\Hestdata\st\MEND149.h5ad,4d5efa9949b3cbcf1d1cdfe3d7547f873c5e6adeea9d64ab6f3dd49ebe795bff,D:\HEST1000BenchRun\COUNT-HEST-SHARED-K32-001\main\MEND149\VALUE_K32\attempt01\RESULT.json,,1851,33538,62078838,3903860,2440841,2433796,2229245,D:\HEST1000BenchRun\COUNT-HEST-SHARED-K32-001\main\MEND149\VALUE_K32\attempt01\archive.cnt,951c299695bc019d87af514c1aa2f65056f37cf31bdb3ffbb684f980651fe273,True,True,23,7045,0.28863002547072913,0.28727921743638307,4.56828882183275,0.31363937578857387,4.987465739037773,38828622,496630704,46853728,"{""values"": {""shape"": [3903860], ""dtype"": ""<i8"", ""nbytes"": 31230880}, ""indices"": {""shape"": [3903860], ""dtype"": ""<i4"", ""nbytes"": 15615440}, ""indptr"": {""shape"": [1852], ""dtype"": ""<i4"", ""nbytes"": 7408}}",1,6.218999999999141,2.20299999999952,258744320,0.062680462881222,0.004900615246696467,0.05194455391041669
MEND15,Spatial Transcriptomics,Homo sapiens,Prostate,success,32,E:\Hestdata\st\MEND15.h5ad,04bbdf8eff68bb1a8f4590a74f47d92422942ae9479be2bc4ada51ec34242e83,D:\HEST1000BenchRun\COUNT-HEST-SHARED-K32-001\main\MEND15\VALUE_K32\attempt01\RESULT.json,,202,21949,4433698,61379,141225,143572,48046,D:\HEST1000BenchRun\COUNT-HEST-SHARED-K32-001\main\MEND15\VALUE_K32\attempt01\archive.cnt,06fed22d855a9a660ec726db7086f1fe94ff325237a5b7a4a433a910ee7ca698,True,True,16,-2347,-1.6618870596565765,0.08669241793193853,6.262206943742974,0.25905598441752237,18.712849671711822,40168405,35469584,737360,"{""values"": {""shape"": [61379], ""dtype"": ""<i8"", ""nbytes"": 491032}, ""indices"": {""shape"": [61379], ""dtype"": ""<i4"", ""nbytes"": 245516}, ""indptr"": {""shape"": [203], ""dtype"": ""<i4"", ""nbytes"": 812}}",1,1.8130000000001019,0.7970000000004802,174952448,0.0035742519524984873,0.004047749756523787,0.19471086036671367
MEND151,Visium,Homo sapiens,Prostate,success,32,E:\Hestdata\st\MEND151.h5ad,884ada77ce5c9a4372a6d397363677c30bc7d63d059281a4ed7127594e70eaf3,D:\HEST1000BenchRun\COUNT-HEST-SHARED-K32-001\main\MEND151\VALUE_K32\attempt01\RESULT.json,,2600,33538,87198800,5347089,3297169,3277683,3055122,D:\HEST1000BenchRun\COUNT-HEST-SHARED-K32-001\main\MEND151\VALUE_K32\attempt01\archive.cnt,8d2a674bfb7b949489a63392d29e2cd70bb0963a5d7ea726c61932ff55ea6fd5,True,True,23,19486,0.5909918478549325,0.280290279224026,4.570893807827025,0.3007090005825768,4.903876483073313,50516666,697590400,64175472,"{""values"": {""shape"": [5347089], ""dtype"": ""<i8"", ""nbytes"": 42776712}, ""indices"": {""shape"": [5347089], ""dtype"": ""<i4"", ""nbytes"": 21388356}, ""indptr"": {""shape"": [2601], ""dtype"": ""<i4"", ""nbytes"": 10404}}",1,7.906999999999243,2.82799999999952,290668544,0.06488320112020061,0.004698578134102763,0.05107376537877275
MEND152,Visium,Homo sapiens,Prostate,success,32,E:\Hestdata\st\MEND152.h5ad,262bda798159e1b9f25523633efd704d91328176226d40d93d6efb9a7ce30a56,D:\HEST1000BenchRun\COUNT-HEST-SHARED-K32-001\main\MEND152\VALUE_K32\attempt01\RESULT.json,,3082,33538,103364116,5607175,3448667,3425001,3190996,D:\HEST1000BenchRun\COUNT-HEST-SHARED-K32-001\main\MEND152\VALUE_K32\attempt01\archive.cnt,96770f4f486a65d114227b650df7aa5f1b86d910f3cc4f3c507298377dfdc840,True,True,24,23666,0.6862361602323448,0.24697127966537247,4.552732525737113,0.26508240054991616,4.886597618230214,52689014,826912928,67298432,"{""values"": {""shape"": [5607175], ""dtype"": ""<i8"", ""nbytes"": 44857400}, ""indices"": {""shape"": [5607175], ""dtype"": ""<i4"", ""nbytes"": 22428700}, ""indptr"": {""shape"": [3083], ""dtype"": ""<i4"", ""nbytes"": 12332}}",1,8.54700000000048,2.985000000000582,292036608,0.06500408225517372,0.00414191250859244,0.050892731052039966
MEND153,Visium,Homo sapiens,Prostate,success,32,E:\Hestdata\st\MEND153.h5ad,db88b810cfc03d2219983842194f1680e3fe294fb520c07b1d76247b3342e22c,D:\HEST1000BenchRun\COUNT-HEST-SHARED-K32-001\main\MEND153\VALUE_K32\attempt01\RESULT.json,,1820,33538,61039160,4744208,2795144,2772723,2569238,D:\HEST1000BenchRun\COUNT-HEST-SHARED-K32-001\main\MEND153\VALUE_K32\attempt01\archive.cnt,cea42c13eb19d62e7c133c05cef081924363910a4aa5009a827e1593788adb56,True,True,25,22421,0.8021411419232783,0.336733074308362,4.332420500956113,0.3634025107816031,4.675550481766398,45285130,488313280,56937780,"{""values"": {""shape"": [4744208], ""dtype"": ""<i8"", ""nbytes"": 37953664}, ""indices"": {""shape"": [4744208], ""dtype"": ""<i4"", ""nbytes"": 18976832}, ""indptr"": {""shape"": [1821], ""dtype"": ""<i4"", ""nbytes"": 7284}}",1,7.061999999999898,2.5159999999996217,248397824,0.06122811174440705,0.005678164230962549,0.04869742023661618
MEND154,Visium,Homo sapiens,Prostate,success,32,E:\Hestdata\st\MEND154.h5ad,0a565960a9b97f3574eeee540656ed572f8ac8b4c35394c7378c3db4965214f8,D:\HEST1000BenchRun\COUNT-HEST-SHARED-K32-001\main\MEND154\VALUE_K32\attempt01\RESULT.json,,2736,33538,91759968,7787904,4794346,4773048,4541382,D:\HEST1000BenchRun\COUNT-HEST-SHARED-K32-001\main\MEND154\VALUE_K32\attempt01\archive.cnt,7a8acda34d76257292bfb3d8c5b46c8b9f8a5156e4a8726a88ad91952b8aace7,True,True,26,21298,0.44423160114017635,0.39593579631588366,4.665062127114048,0.41613336220867037,4.903037325575662,70159514,734079744,93465796,"{""values"": {""shape"": [7787904], ""dtype"": ""<i8"", ""nbytes"": 62303232}, ""indices"": {""shape"": [7787904], ""dtype"": ""<i4"", ""nbytes"": 31151616}, ""indptr"": {""shape"": [2737], ""dtype"": ""<i4"", ""nbytes"": 10948}}",1,10.375,3.79700000000048,385671168,0.06803137205311884,0.0065020837845104745,0.05106732306650446
MEND156,Visium,Homo sapiens,Prostate,success,32,E:\Hestdata\st\MEND156.h5ad,d9ced2f4ed3382d2ffa47cac35f40eec8b8c225877acdce3232781fd466f0ef9,D:\HEST1000BenchRun\COUNT-HEST-SHARED-K32-001\main\MEND156\VALUE_K32\attempt01\RESULT.json,,3554,33538,119194052,9800087,5859963,5832913,5601581,D:\HEST1000BenchRun\COUNT-HEST-SHARED-K32-001\main\MEND156\VALUE_K32\attempt01\archive.cnt,03ab8ee6b908631041cdb31b8d048a082294335f2c7db078359bbd75b9a8aa41,True,True,28,27050,0.4616070101466511,0.3759637938980378,4.572678589485991,0.3914902062394858,4.76151936202199,86458998,953552416,117615264,"{""values"": {""shape"": [9800087], ""dtype"": ""<i8"", ""nbytes"": 78400696}, ""indices"": {""shape"": [9800087], ""dtype"": ""<i4"", ""nbytes"": 39200348}, ""indptr"": {""shape"": [3555], ""dtype"": ""<i4"", ""nbytes"": 14220}}",1,13.125,4.625,491732992,0.06746449918376338,0.006117034472491966,0.049593163349954304
MEND157,Visium,Homo sapiens,Prostate,success,32,E:\Hestdata\st\MEND157.h5ad,91cb78a63711536977d9a1454bdc82e60218133188cf8fbc528e0caf7afaae9d,D:\HEST1000BenchRun\COUNT-HEST-SHARED-K32-001\main\MEND157\VALUE_K32\attempt01\RESULT.json,,3190,33538,106986220,7568663,4802064,4784132,4538906,D:\HEST1000BenchRun\COUNT-HEST-SHARED-K32-001\main\MEND157\VALUE_K32\attempt01\archive.cnt,3254684a1d3e3e1d8d30c91ef6920c8cce25bd1f51b8e5a4fbed7374cc0d4a03,True,True,26,17932,0.3734227615458686,0.3394011677391724,4.797577590652405,0.3577381834782087,5.056778984610624,68463638,855889760,90836720,"{""values"": {""shape"": [7568663], ""dtype"": ""<i8"", ""nbytes"": 60549304}, ""indices"": {""shape"": [7568663], ""dtype"": ""<i4"", ""nbytes"": 30274652}, ""indptr"": {""shape"": [3191], ""dtype"": ""<i4"", ""nbytes"": 12764}}",1,10.5,3.6560000000008586,357269504,0.06987843678420945,0.005589659116847011,0.05266737944743051
MEND158,Visium,Homo sapiens,Prostate,success,32,E:\Hestdata\st\MEND158.h5ad,739c8e017a8c2597698c810726beb60616e321cbc20b3d335e297257eb1d6672,D:\HEST1000BenchRun\COUNT-HEST-SHARED-K32-001\main\MEND158\VALUE_K32\attempt01\RESULT.json,,3092,33538,103699496,4962966,3275581,3266013,3047938,D:\HEST1000BenchRun\COUNT-HEST-SHARED-K32-001\main\MEND158\VALUE_K32\attempt01\archive.cnt,5027b0d5f223f727600d6529966aec754c19b70bd199028dae24187fb78387fc,True,True,23,9568,0.29210085172676237,0.23513618619708623,4.913091083033815,0.25195979737452145,5.264614748519333,47633806,829595968,59567964,"{""values"": {""shape"": [4962966], ""dtype"": ""<i8"", ""nbytes"": 39703728}, ""indices"": {""shape"": [4962966], ""dtype"": ""<i4"", ""nbytes"": 19851864}, ""indptr"": {""shape"": [3093], ""dtype"": ""<i4"", ""nbytes"": 12372}}",1,8.078000000001339,2.8439999999991414,275578880,0.06856502291670752,0.003936871833976898,0.054828346995374894
MEND159,Visium,Homo sapiens,Prostate,success,32,E:\Hestdata\st\MEND159.h5ad,c6559485dffb84f81dc534ec81d026caed363b88fba36b4926a3d102f52f1f9a,D:\HEST1000BenchRun\COUNT-HEST-SHARED-K32-001\main\MEND159\VALUE_K32\attempt01\RESULT.json,,3856,33538,129322528,3640741,2742750,2740498,2466912,D:\HEST1000BenchRun\COUNT-HEST-SHARED-K32-001\main\MEND159\VALUE_K32\attempt01\archive.cnt,12b4dbc3cd9448a07d3a720d93994ba72738c74460a8d93fc1d265922c1a5b83,True,True,23,2252,0.08210737398596299,0.15260524446289822,5.4206811195852715,0.16952950378452236,6.021846651547034,37201718,1034580224,43704320,"{""values"": {""shape"": [3640741], ""dtype"": ""<i8"", ""nbytes"": 29125928}, ""indices"": {""shape"": [3640741], ""dtype"": ""<i4"", ""nbytes"": 14562964}, ""indptr"": {""shape"": [3857], ""dtype"": ""<i4"", ""nbytes"": 15428}}",1,7.468999999999141,2.514999999999418,244031488,0.07366589897810634,0.002648898496633162,0.06270542591670572
MEND16,Spatial Transcriptomics,Homo sapiens,Prostate,success,32,E:\Hestdata\st\MEND16.h5ad,2d3255ad1965913f2e0911df2ca11305b52b20e0b8f3c6a2b0d4b7a4f599dc46,D:\HEST1000BenchRun\COUNT-HEST-SHARED-K32-001\main\MEND16\VALUE_K32\attempt01\RESULT.json,,193,19537,3770641,29399,106799,108600,25589,D:\HEST1000BenchRun\COUNT-HEST-SHARED-K32-001\main\MEND16\VALUE_K32\attempt01\archive.cnt,dc97468e152b03fdaa8f697d82261b2ad6927e8c04b900d1aab8d50347b01d93,True,True,12,-1801,-1.6863453777657094,0.05429103433607177,6.963230041838158,0.230411752272359,29.55202557910133,34640625,30165128,353564,"{""values"": {""shape"": [29399], ""dtype"": ""<i8"", ""nbytes"": 235192}, ""indices"": {""shape"": [29399], ""dtype"": ""<i4"", ""nbytes"": 117596}, ""indptr"": {""shape"": [194], ""dtype"": ""<i4"", ""nbytes"": 776}}",1,1.8119999999998981,0.6409999999996217,157024256,0.003135047361299053,0.0036001836292556093,0.3071579685714609
MEND160,Visium,Homo sapiens,Prostate,success,32,E:\Hestdata\st\MEND160.h5ad,0e46bd801b934d807335861993de85a27ab6a97d5aca7656e446b44fac7226a7,D:\HEST1000BenchRun\COUNT-HEST-SHARED-K32-001\main\MEND160\VALUE_K32\attempt01\RESULT.json,,4079,33538,136801502,4799228,3411973,3402033,3119261,D:\HEST1000BenchRun\COUNT-HEST-SHARED-K32-001\main\MEND160\VALUE_K32\attempt01\archive.cnt,668d6b0753a4c3a41e0462d98a112f3cf1f2f424f72a487ce0ffece86e0f6cfd,True,True,22,9940,0.2913270415680312,0.18241092119003197,5.199604603073661,0.19894711389937808,5.670967080538786,46514046,1094412016,57607056,"{""values"": {""shape"": [4799228], ""dtype"": ""<i8"", ""nbytes"": 38393824}, ""indices"": {""shape"": [4799228], ""dtype"": ""<i4"", ""nbytes"": 19196912}, ""indptr"": {""shape"": [4080], ""dtype"": ""<i4"", ""nbytes"": 16320}}",1,8.640999999999622,2.9680000000007567,288137216,0.07313990702937345,0.0031085486546777825,0.059055838576441054
MEND161,Visium,Homo sapiens,Prostate,success,32,E:\Hestdata\st\MEND161.h5ad,e4f0a84e74c4f166350c79ea799acafe1dad10aed03b2608676c896ac8185b56,D:\HEST1000BenchRun\COUNT-HEST-SHARED-K32-001\main\MEND161\VALUE_K32\attempt01\RESULT.json,,2775,33538,93067950,7215514,4506686,4485395,4237754,D:\HEST1000BenchRun\COUNT-HEST-SHARED-K32-001\main\MEND161\VALUE_K32\attempt01\archive.cnt,ac784446fe97c196920b181e4a37b09174d8aeb3e192e0e3c6d15025fb8f21e0,True,True,28,21291,0.47243140524988875,0.3642718250482577,4.698491611269827,0.3855587234918143,4.973056666510522,65586270,744543600,86597272,"{""values"": {""shape"": [7215514], ""dtype"": ""<i8"", ""nbytes"": 57724112}, ""indices"": {""shape"": [7215514], ""dtype"": ""<i4"", ""nbytes"": 28862056}, ""indptr"": {""shape"": [2776], ""dtype"": ""<i4"", ""nbytes"": 11104}}",1,10.046999999998661,3.5,333144064,0.06838923756450854,0.0060243550545595985,0.05179603117289884
MEND162,Visium,Homo sapiens,Prostate,success,32,E:\Hestdata\st\MEND162.h5ad,abe8af629e354558568f1822926c64225f8d6d225f218b5995b1c73fc4cf5a07,D:\HEST1000BenchRun\COUNT-HEST-SHARED-K32-001\main\MEND162\VALUE_K32\attempt01\RESULT.json,,2609,33538,87500642,2323794,1787121,1789759,1567602,D:\HEST1000BenchRun\COUNT-HEST-SHARED-K32-001\main\MEND162\VALUE_K32\attempt01\archive.cnt,14d2b036fa004466dadffc1e1f62203ed48743c01af7b5240ac6a8b4de05c0fd,True,True,22,-2638,-0.1476117173935061,0.14332255985047515,5.396698674667376,0.16363390796606955,6.161506570720124,26314422,700005136,27895968,"{""values"": {""shape"": [2323794], ""dtype"": ""<i8"", ""nbytes"": 18590352}, ""indices"": {""shape"": [2323794], ""dtype"": ""<i4"", ""nbytes"": 9295176}, ""indptr"": {""shape"": [2610], ""dtype"": ""<i4"", ""nbytes"": 10440}}",1,5.281999999999243,1.8280000000013388,243990528,0.06801437629905001,0.0025567798119698368,0.06415834001530257
MEND17,Spatial Transcriptomics,Homo sapiens,Prostate,success,32,E:\Hestdata\st\MEND17.h5ad,8b4322351668477b2d45af70a78a753c53d08f5285a69aaa7884184371b6dfd2,D:\HEST1000BenchRun\COUNT-HEST-SHARED-K32-001\main\MEND17\VALUE_K32\attempt01\RESULT.json,,261,24393,6366573,479688,408715,412392,291764,D:\HEST1000BenchRun\COUNT-HEST-SHARED-K32-001\main\MEND17\VALUE_K32\attempt01\archive.cnt,b89f92d6417d1f170764280ca25351522dfc6993ce7a128a45870013e5dfa94a,True,True,20,-3677,-0.8996488995999657,0.3666198439882807,4.86589616584113,0.5181965242525296,6.877670485815781,55868689,50932584,5757304,"{""values"": {""shape"": [479688], ""dtype"": ""<i8"", ""nbytes"": 3837504}, ""indices"": {""shape"": [479688], ""dtype"": ""<i4"", ""nbytes"": 1918752}, ""indptr"": {""shape"": [262], ""dtype"": ""<i4"", ""nbytes"": 1048}}",1,2.29700000000048,0.8279999999995198,181964800,0.007381451173840861,0.008096820691445775,0.0716293598531535
MEND18,Spatial Transcriptomics,Homo sapiens,Prostate,success,32,E:\Hestdata\st\MEND18.h5ad,62fbeababeb4f34e096d1eb3c007a0705d13048298e71cd2cd6ff2f739a674d5,D:\HEST1000BenchRun\COUNT-HEST-SHARED-K32-001\main\MEND18\VALUE_K32\attempt01\RESULT.json,,209,24273,5073057,506508,410142,414091,293278,D:\HEST1000BenchRun\COUNT-HEST-SHARED-K32-001\main\MEND18\VALUE_K32\attempt01\archive.cnt,c8bc5b823eca5bfb1756793219c543d41806df2ae328eaf434344996b63650dc,True,True,21,-3949,-0.9628372612412286,0.4624872143167325,4.632155859334897,0.6530042930722048,6.54032710243471,45548657,40584456,6078936,"{""values"": {""shape"": [506508], ""dtype"": ""<i8"", ""nbytes"": 4052064}, ""indices"": {""shape"": [506508], ""dtype"": ""<i4"", ""nbytes"": 2026032}, ""indptr"": {""shape"": [210], ""dtype"": ""<i4"", ""nbytes"": 840}}",1,2.3909999999996217,0.7970000000004802,181833728,0.009091179131801845,0.0102031920792532,0.0681189931922297
MEND19,Spatial Transcriptomics,Homo sapiens,Prostate,success,32,E:\Hestdata\st\MEND19.h5ad,17e272863009a6f1e811ada9f99c4c66cc5edfb82ce478ec347f291e7a2a309b,D:\HEST1000BenchRun\COUNT-HEST-SHARED-K32-001\main\MEND19\VALUE_K32\attempt01\RESULT.json,,155,24643,3819665,318565,308470,312457,193820,D:\HEST1000BenchRun\COUNT-HEST-SHARED-K32-001\main\MEND19\VALUE_K32\attempt01\archive.cnt,91815c6b02158e869adebd7adcf7a026623c978ecb94cecd29912787c3243bfc,True,True,21,-3987,-1.2925081855609946,0.4059413587317212,4.8673269191530775,0.6544175994491663,7.846612151366283,35551811,30557320,3823404,"{""values"": {""shape"": [318565], ""dtype"": ""<i8"", ""nbytes"": 2548520}, ""indices"": {""shape"": [318565], ""dtype"": ""<i4"", ""nbytes"": 1274260}, ""indptr"": {""shape"": [156], ""dtype"": ""<i4"", ""nbytes"": 624}}",1,2.0469999999986612,0.7819999999992433,180056064,0.00878877872072396,0.010225274991393224,0.08172220356520002
MEND2,Spatial Transcriptomics,Homo sapiens,Prostate,success,32,E:\Hestdata\st\MEND2.h5ad,ac5a5d5f2617689e5ed35df46998770ac17a169097b4f4c0c30ed63930c2510e,D:\HEST1000BenchRun\COUNT-HEST-SHARED-K32-001\main\MEND2\VALUE_K32\attempt01\RESULT.json,,201,23408,4705008,87081,167205,170282,65919,D:\HEST1000BenchRun\COUNT-HEST-SHARED-K32-001\main\MEND2\VALUE_K32\attempt01\archive.cnt,82afe94c1986992b7ed467c02e1d244d92e871922cdf0b14db292430e010b15d,True,True,17,-3077,-1.8402559732065429,0.11208312504463329,6.055879009198333,0.28953319526768073,15.64355025780595,42547144,37640064,1045780,"{""values"": {""shape"": [87081], ""dtype"": ""<i8"", ""nbytes"": 696648}, ""indices"": {""shape"": [87081], ""dtype"": ""<i4"", ""nbytes"": 348324}, ""indptr"": {""shape"": [202], ""dtype"": ""<i4"", ""nbytes"": 808}}",1,1.889999999999418,0.7970000000004802,163037184,0.00400219577605491,0.0045239561760575114,0.16282774579739526
MEND20,Spatial Transcriptomics,Homo sapiens,Prostate,success,32,E:\Hestdata\st\MEND20.h5ad,f941d8492bd31b2b1dca9a86a01dac7e2c95e50f72af364aa01412ffb4742e99,D:\HEST1000BenchRun\COUNT-HEST-SHARED-K32-001\main\MEND20\VALUE_K32\attempt01\RESULT.json,,173,24549,4246977,291406,299204,303248,184971,D:\HEST1000BenchRun\COUNT-HEST-SHARED-K32-001\main\MEND20\VALUE_K32\attempt01\archive.cnt,7093617a40a79fc309a59c45801e96cb73528bc99e433ee2f0b98f9559500eea,True,True,21,-4044,-1.3515862087405248,0.34842854105402504,5.078028592410589,0.5712260744524871,8.325099689093568,38914117,33975816,3497568,"{""values"": {""shape"": [291406], ""dtype"": ""<i8"", ""nbytes"": 2331248}, ""indices"": {""shape"": [291406], ""dtype"": ""<i4"", ""nbytes"": 1165624}, ""indptr"": {""shape"": [174], ""dtype"": ""<i4"", ""nbytes"": 696}}",1,2.0469999999986612,0.7970000000004802,179044352,0.007792750378994851,0.00892540741332011,0.0867025315876632
MEND21,Spatial Transcriptomics,Homo sapiens,Prostate,success,32,E:\Hestdata\st\MEND21.h5ad,aed92223236f5d5985bd06a4cf2ae6f5ba51643403e8ec6b4ef725ecf64da299,D:\HEST1000BenchRun\COUNT-HEST-SHARED-K32-001\main\MEND21\VALUE_K32\attempt01\RESULT.json,,151,25093,3789043,406750,362212,366631,243429,D:\HEST1000BenchRun\COUNT-HEST-SHARED-K32-001\main\MEND21\VALUE_K32\attempt01\archive.cnt,c6f4e40daed98395e849d9cdf4d95d087830824680d62987d1184d691b469623,True,True,23,-4419,-1.220003754707188,0.5139640801120494,4.787786109403811,0.7740867548877117,7.210935464044253,35308117,30312344,4881608,"{""values"": {""shape"": [406750], ""dtype"": ""<i8"", ""nbytes"": 3254000}, ""indices"": {""shape"": [406750], ""dtype"": ""<i4"", ""nbytes"": 1627000}, ""indptr"": {""shape"": [152], ""dtype"": ""<i4"", ""nbytes"": 608}}",1,2.2339999999985594,0.7970000000004802,181522432,0.010383759632381416,0.012095105545120496,0.07510455571197032
MEND22,Spatial Transcriptomics,Homo sapiens,Prostate,success,32,E:\Hestdata\st\MEND22.h5ad,212acbfa020d7c3f949a7d9ae5c50dd8195d6e4a697af05ef761d6201dd37f77,D:\HEST1000BenchRun\COUNT-HEST-SHARED-K32-001\main\MEND22\VALUE_K32\attempt01\RESULT.json,,146,25821,3769866,370046,338716,342817,218002,D:\HEST1000BenchRun\COUNT-HEST-SHARED-K32-001\main\MEND22\VALUE_K32\attempt01\archive.cnt,1d4f18a6992414e62f2142bc630230242f9a2632895f962ef8ce2d3c07af9169,True,True,22,-4101,-1.2107488279266405,0.46262015679071883,4.71297081984402,0.7274889876722409,7.411338049864071,35282229,30158928,4441140,"{""values"": {""shape"": [370046], ""dtype"": ""<i8"", ""nbytes"": 2960368}, ""indices"": {""shape"": [370046], ""dtype"": ""<i4"", ""nbytes"": 1480184}, ""indptr"": {""shape"": [147], ""dtype"": ""<i4"", ""nbytes"": 588}}",1,2.235000000000582,0.7960000000002765,180240384,0.00971642126125308,0.011367015432378764,0.07719121666959385
MEND23,Spatial Transcriptomics,Homo sapiens,Prostate,success,32,E:\Hestdata\st\MEND23.h5ad,dde89358570ca2a66419580968de94833ed4af2268d830130f3a5e3bc93a0d53,D:\HEST1000BenchRun\COUNT-HEST-SHARED-K32-001\main\MEND23\VALUE_K32\attempt01\RESULT.json,,117,23803,2784951,331577,302917,306966,191483,D:\HEST1000BenchRun\COUNT-HEST-SHARED-K32-001\main\MEND23\VALUE_K32\attempt01\archive.cnt,633dc60c12c839091033113e6fcc13bfa3d877b477e34bad69694058774f69a9,True,True,21,-4049,-1.3366697808310528,0.5500506113033946,4.619934434535568,0.8817849937036594,7.406207306296878,27154019,22279608,3979396,"{""values"": {""shape"": [331577], ""dtype"": ""<i8"", ""nbytes"": 2652616}, ""indices"": {""shape"": [331577], ""dtype"": ""<i4"", ""nbytes"": 1326308}, ""indptr"": {""shape"": [118], ""dtype"": ""<i4"", ""nbytes"": 472}}",1,2.20299999999952,0.7970000000004802,179843072,0.011304624924951257,0.013777890526619678,0.07713884217604883
MEND24,Spatial Transcriptomics,Homo sapiens,Prostate,success,32,E:\Hestdata\st\MEND24.h5ad,82371e92def732905b40a5e19e9cacf3883367c1e413c558cac324354efc2068,D:\HEST1000BenchRun\COUNT-HEST-SHARED-K32-001\main\MEND24\VALUE_K32\attempt01\RESULT.json,,136,26437,3595432,510916,405730,409787,279826,D:\HEST1000BenchRun\COUNT-HEST-SHARED-K32-001\main\MEND24\VALUE_K32\attempt01\archive.cnt,cb0a2d29f89a584aa2a14361b993e628aa9e41248c02edd294ae2f86a74664cb,True,True,23,-4057,-0.9999260592019323,0.6226255982591243,4.3815578294670745,0.9117947439973834,6.416506823039404,33877677,28763456,6131540,"{""values"": {""shape"": [510916], ""dtype"": ""<i8"", ""nbytes"": 4087328}, ""indices"": {""shape"": [510916], ""dtype"": ""<i4"", ""nbytes"": 2043664}, ""indptr"": {""shape"": [137], ""dtype"": ""<i4"", ""nbytes"": 548}}",1,2.3910000000014406,0.9529999999995198,182046720,0.012096077307779987,0.014246792874959115,0.06683263910860893
MEND25,Visium,Mus musculus,Heart,success,32,E:\Hestdata\st\MEND25.h5ad,d125ccfb1b4844a3128b8e33627b65940bca472c587b064414ce31a9eb0036f3,D:\HEST1000BenchRun\COUNT-HEST-SHARED-K32-001\main\MEND25\VALUE_K32\attempt01\RESULT.json,,2278,54848,124943744,2820207,1914975,1907706,1639316,D:\HEST1000BenchRun\COUNT-HEST-SHARED-K32-001\main\MEND25\VALUE_K32\attempt01\archive.cnt,54981ba8b68cfbf6d890cd36ea8e6510b3fb5cc733a49aee14af3bb0763a4b7f,True,True,19,7269,0.379587200877296,0.10496346259641459,4.650200499466883,0.12214815653355161,5.411534685219915,33970706,999549952,33851600,"{""values"": {""shape"": [2820207], ""dtype"": ""<i8"", ""nbytes"": 22561656}, ""indices"": {""shape"": [2820207], ""dtype"": ""<i4"", ""nbytes"": 11280828}, ""indptr"": {""shape"": [2279], ""dtype"": ""<i4"", ""nbytes"": 9116}}",1,6.609000000000378,2.2340000000003783,243900416,0.05615738454184614,0.001908564945836744,0.056354972881636316
MEND26,Visium,Mus musculus,Heart,success,32,E:\Hestdata\st\MEND26.h5ad,4ee19425e5ac684848b1d67db82d40399c781c2a5520ec7afb43fd83b0e95c4c,D:\HEST1000BenchRun\COUNT-HEST-SHARED-K32-001\main\MEND26\VALUE_K32\attempt01\RESULT.json,,1372,54848,75251456,2301493,1516931,1509807,1265371,D:\HEST1000BenchRun\COUNT-HEST-SHARED-K32-001\main\MEND26\VALUE_K32\attempt01\archive.cnt,4ef976858501aa3f91341ad88ddea71c63c65ebb45e011471994c5fbf02c7f17,True,True,22,7124,0.46963243548981465,0.13452188885222366,4.39843527657916,0.16050793754741435,5.248095909915867,29731192,602011648,27623408,"{""values"": {""shape"": [2301493], ""dtype"": ""<i8"", ""nbytes"": 18411944}, ""indices"": {""shape"": [2301493], ""dtype"": ""<i4"", ""nbytes"": 9205972}, ""indptr"": {""shape"": [1373], ""dtype"": ""<i4"", ""nbytes"": 5492}}",1,5.186999999999898,1.8909999999996217,236744704,0.05078191954093196,0.0025079365241783493,0.05465679687314469
MEND28,Visium,Mus musculus,Heart,success,32,E:\Hestdata\st\MEND28.h5ad,e29d463f998fb7dda845dd8dfc61e84cf55647bb355aed58a64a001db2f715fc,D:\HEST1000BenchRun\COUNT-HEST-SHARED-K32-001\main\MEND28\VALUE_K32\attempt01\RESULT.json,,1835,54848,100646080,3952192,2393269,2374743,2113807,D:\HEST1000BenchRun\COUNT-HEST-SHARED-K32-001\main\MEND28\VALUE_K32\attempt01\archive.cnt,604872fa2db0260efccc0d0ee89850909e33dc904986a4ea04e45420f652bec6,True,True,24,18526,0.7740876600164879,0.16801902269815178,4.2787536637896135,0.18875990003783555,4.80693852930222,43123475,805168640,47433648,"{""values"": {""shape"": [3952192], ""dtype"": ""<i8"", ""nbytes"": 31617536}, ""indices"": {""shape"": [3952192], ""dtype"": ""<i4"", ""nbytes"": 15808768}, ""indptr"": {""shape"": [1836], ""dtype"": ""<i4"", ""nbytes"": 7344}}",1,7.25,2.5310000000008586,254910464,0.05506845169597302,0.0029493734380911804,0.05006452381651101
MEND29,Visium,Mus musculus,Bowel,success,32,E:\Hestdata\st\MEND29.h5ad,be6ded1bd6db31dbe549a0b029804722f754230a993e19877f26e4d84d372879,D:\HEST1000BenchRun\COUNT-HEST-SHARED-K32-001\main\MEND29\VALUE_K32\attempt01\RESULT.json,,2161,54848,118526528,6748043,3879833,3849509,3562712,D:\HEST1000BenchRun\COUNT-HEST-SHARED-K32-001\main\MEND29\VALUE_K32\attempt01\archive.cnt,8d9743f93f7bef0744e733c62720405ae49055336a912811629c13920f4a9031,True,True,25,30324,0.7815800319240545,0.24046680925303068,4.223698041046863,0.2598242985739024,4.563704173195102,65457377,948212224,80985164,"{""values"": {""shape"": [6748043], ""dtype"": ""<i8"", ""nbytes"": 53984344}, ""indices"": {""shape"": [6748043], ""dtype"": ""<i4"", ""nbytes"": 26992172}, ""indptr"": {""shape"": [2162], ""dtype"": ""<i4"", ""nbytes"": 8648}}",1,10.156999999999243,3.765000000001237,358019072,0.05880939897729174,0.004059754665217225,0.04753350873006814
MEND3,Spatial Transcriptomics,Homo sapiens,Prostate,success,32,E:\Hestdata\st\MEND3.h5ad,4968c11b4eb2675637872e80e03c196ec023d1c527c31324acbe0d19785d3add,D:\HEST1000BenchRun\COUNT-HEST-SHARED-K32-001\main\MEND3\VALUE_K32\attempt01\RESULT.json,,161,29521,4752881,360771,350144,354417,214753,D:\HEST1000BenchRun\COUNT-HEST-SHARED-K32-001\main\MEND3\VALUE_K32\attempt01\archive.cnt,30d4d9e75de505a3fcd19d332c2f973e16dcabb42bc32411105b487441225ada,True,True,22,-4273,-1.2203550539206727,0.36147002207713597,4.762090079302383,0.5965510182140054,7.859101757070275,43438833,38023048,4329900,"{""values"": {""shape"": [360771], ""dtype"": ""<i8"", ""nbytes"": 2886168}, ""indices"": {""shape"": [360771], ""dtype"": ""<i4"", ""nbytes"": 1443084}, ""indptr"": {""shape"": [162], ""dtype"": ""<i4"", ""nbytes"": 648}}",1,2.2960000000002765,0.7819999999992433,182136832,0.00815898990656586,0.009321109659593834,0.08185339153329176
MEND30,Visium,Mus musculus,Bowel,success,32,E:\Hestdata\st\MEND30.h5ad,ed3937a42d5ed253c5bb98b68c26c386f1cd720172fe1986e667e5857455a719,D:\HEST1000BenchRun\COUNT-HEST-SHARED-K32-001\main\MEND30\VALUE_K32\attempt01\RESULT.json,,1744,54848,95654912,5653936,3298010,3282467,3008301,D:\HEST1000BenchRun\COUNT-HEST-SHARED-K32-001\main\MEND30\VALUE_K32\attempt01\archive.cnt,c2e097a0d29c6c9bca1f279dd60cec57534c4bf73a722b39889f5c293f057b33,True,True,23,15543,0.4712841986531272,0.2515961543093574,4.256575949922319,0.27452574521212253,4.644505349901379,56628284,765239296,67854212,"{""values"": {""shape"": [5653936], ""dtype"": ""<i8"", ""nbytes"": 45231488}, ""indices"": {""shape"": [5653936], ""dtype"": ""<i4"", ""nbytes"": 22615744}, ""indptr"": {""shape"": [1745], ""dtype"": ""<i4"", ""nbytes"": 6980}}",1,8.718999999999141,3.1560000000008586,313561088,0.05796515041847286,0.0042894647689394145,0.04837528729977735
MEND31,Visium,Mus musculus,Bowel,success,32,E:\Hestdata\st\MEND31.h5ad,f322fb3dc055ad30bf739ff873028e592904a3a0d200408e5ef96e488a8e2575,D:\HEST1000BenchRun\COUNT-HEST-SHARED-K32-001\main\MEND31\VALUE_K32\attempt01\RESULT.json,,2152,54848,118032896,5488579,3279084,3257133,2983209,D:\HEST1000BenchRun\COUNT-HEST-SHARED-K32-001\main\MEND31\VALUE_K32\attempt01\archive.cnt,bd39452db118fd4bb46e003751e3e92cc6640ee01c9f4e2b80a7d64d8a86b34d,True,True,24,21951,0.6694247539861742,0.20219508974853925,4.348242413928997,0.22076103258535654,4.747506412862054,55392020,944263168,65871560,"{""values"": {""shape"": [5488579], ""dtype"": ""<i8"", ""nbytes"": 43908632}, ""indices"": {""shape"": [5488579], ""dtype"": ""<i4"", ""nbytes"": 21954316}, ""indptr"": {""shape"": [2153], ""dtype"": ""<i4"", ""nbytes"": 8612}}",1,9.031999999999243,3.1409999999996217,293666816,0.05880148440154376,0.003449391134146196,0.04944672632620208
MEND33,Visium,Homo sapiens,Bowel,success,32,E:\Hestdata\st\MEND33.h5ad,7a6f64f6be84c766ac3193d4eedc429cd19ede6f49cbe19743141710eb33ca45,D:\HEST1000BenchRun\COUNT-HEST-SHARED-K32-001\main\MEND33\VALUE_K32\attempt01\RESULT.json,,3291,33538,110373558,5376179,3546185,3540904,3319624,D:\HEST1000BenchRun\COUNT-HEST-SHARED-K32-001\main\MEND33\VALUE_K32\attempt01\archive.cnt,32e505960a030dd7bc7687851444c21f27ce9c7638db72654fc042e565d6109f,True,True,23,5281,0.14892060058908377,0.24061009250059692,4.9397521920308085,0.25664871653408144,5.269026942741304,50900670,882988464,64527316,"{""values"": {""shape"": [5376179], ""dtype"": ""<i8"", ""nbytes"": 43009432}, ""indices"": {""shape"": [5376179], ""dtype"": ""<i4"", ""nbytes"": 21504716}, ""indptr"": {""shape"": [3292], ""dtype"": ""<i4"", ""nbytes"": 13168}}",1,8.781000000000859,2.9840000000003783,309637120,0.06956497822130829,0.004010136195845023,0.05487449687199139
MEND34,Visium,Homo sapiens,Bowel,success,32,E:\Hestdata\st\MEND34.h5ad,0a9ac8cc67778383194ec711900d48e98ea4af9a2d38d7b01bb995720195598d,D:\HEST1000BenchRun\COUNT-HEST-SHARED-K32-001\main\MEND34\VALUE_K32\attempt01\RESULT.json,,3294,33538,110474172,5912332,3836603,3831418,3608822,D:\HEST1000BenchRun\COUNT-HEST-SHARED-K32-001\main\MEND34\VALUE_K32\attempt01\archive.cnt,07c2a5ce08c74b9a8ddb043ea4bd89226ab6bdff3e8b6d2dadce66e2bfc8f903,True,True,24,5185,0.13514559624751374,0.26133326439414273,4.883111435555378,0.2774525795948034,5.184306970582843,55189606,883793376,70961164,"{""values"": {""shape"": [5912332], ""dtype"": ""<i8"", ""nbytes"": 47298656}, ""indices"": {""shape"": [5912332], ""dtype"": ""<i4"", ""nbytes"": 23649328}, ""indptr"": {""shape"": [3295], ""dtype"": ""<i4"", ""nbytes"": 13180}}",1,9.296999999998661,3.2189999999991414,329175040,0.06942281849230814,0.004335196556168803,0.053993167304865516
MEND35,Visium,Homo sapiens,Bowel,success,32,E:\Hestdata\st\MEND35.h5ad,c63028890e25d9d1a233a711de1646c8b9d3afff8e0b882d7d0b2ef292e5a41c,D:\HEST1000BenchRun\COUNT-HEST-SHARED-K32-001\main\MEND35\VALUE_K32\attempt01\RESULT.json,,3320,33538,111346160,6355083,4049066,4039482,3816107,D:\HEST1000BenchRun\COUNT-HEST-SHARED-K32-001\main\MEND35\VALUE_K32\attempt01\archive.cnt,97eacbe60bc12f5925e51c759e0c725e90ddaf7bc9bfd32042b63bda2296e102,True,True,25,9584,0.2366965616268048,0.2741796933095852,4.803848509925047,0.29022874250894687,5.085040746124008,58736286,890769280,76274280,"{""values"": {""shape"": [6355083], ""dtype"": ""<i8"", ""nbytes"": 50840664}, ""indices"": {""shape"": [6355083], ""dtype"": ""<i4"", ""nbytes"": 25420332}, ""indptr"": {""shape"": [3321], ""dtype"": ""<i4"", ""nbytes"": 13284}}",1,9.75,3.45299999999952,342040576,0.06877319413760687,0.004534824101702295,0.05295994927779062
MEND37,Visium,Homo sapiens,Skin,success,32,E:\Hestdata\st\MEND37.h5ad,b7586f99906c044d11e7682c87ffb177c6ba1b49c413141488195f60ebc59d98,D:\HEST1000BenchRun\COUNT-HEST-SHARED-K32-001\main\MEND37\VALUE_K32\attempt01\RESULT.json,,2363,33538,79250294,2448021,1772496,1773824,1577031,D:\HEST1000BenchRun\COUNT-HEST-SHARED-K32-001\main\MEND37\VALUE_K32\attempt01\archive.cnt,ecd3d2e348bd0a910a62a9cc319fca41b8d8e01ec3d8e9930206ce28502c90b5,True,True,22,-1328,-0.07492259502983363,0.15919496778144446,5.153651868182504,0.1790604335171299,5.796760730402231,27214758,634002352,29385708,"{""values"": {""shape"": [2448021], ""dtype"": ""<i8"", ""nbytes"": 19584168}, ""indices"": {""shape"": [2448021], ""dtype"": ""<i4"", ""nbytes"": 9792084}, ""indptr"": {""shape"": [2364], ""dtype"": ""<i4"", ""nbytes"": 9456}}",1,5.436999999999898,1.9539999999997235,222691328,0.06517875338079435,0.002797819273705155,0.060363493709254853
MEND38,Visium,Homo sapiens,Skin,success,32,E:\Hestdata\st\MEND38.h5ad,4a87a04903b499c050c458f6089e6f2d3e1fcfc8a2a88a7b8e6c8e67b6379286,D:\HEST1000BenchRun\COUNT-HEST-SHARED-K32-001\main\MEND38\VALUE_K32\attempt01\RESULT.json,,2752,33538,92296576,4058366,2666188,2662925,2455618,D:\HEST1000BenchRun\COUNT-HEST-SHARED-K32-001\main\MEND38\VALUE_K32\attempt01\archive.cnt,01c1da9c26255a54f3c7a04c323416f00291d6b17a11a3d23286362300b985d2,True,True,22,3263,0.12238446801200815,0.2128458589839779,4.840604322035026,0.23081462956979032,5.249255488538983,40186338,738372608,48711404,"{""values"": {""shape"": [4058366], ""dtype"": ""<i8"", ""nbytes"": 32466928}, ""indices"": {""shape"": [4058366], ""dtype"": ""<i4"", ""nbytes"": 16233464}, ""indptr"": {""shape"": [2753], ""dtype"": ""<i4"", ""nbytes"": 11012}}",1,7.139999999999418,2.5159999999996217,243068928,0.06626443544072118,0.0036064785870279737,0.05466738343242991
MEND39,Visium,Homo sapiens,Skin,success,32,E:\Hestdata\st\MEND39.h5ad,2eb626e4a6287c756846a26140c387fb78b6829fa51c63f9e7cabf6bd4e712a9,D:\HEST1000BenchRun\COUNT-HEST-SHARED-K32-001\main\MEND39\VALUE_K32\attempt01\RESULT.json,,2496,33538,83710848,3315606,2274471,2273691,2071516,D:\HEST1000BenchRun\COUNT-HEST-SHARED-K32-001\main\MEND39\VALUE_K32\attempt01\archive.cnt,574d030cbc4ecfcd8e94cf3999b8c8e66aa1de7c7ec4ae6ab5d3e83ab17d9a10,True,True,21,780,0.03429368851042726,0.1979687029332208,4.998219933249005,0.2172899741739565,5.48603422722724,34190434,669686784,39797260,"{""values"": {""shape"": [3315606], ""dtype"": ""<i8"", ""nbytes"": 26524848}, ""indices"": {""shape"": [3315606], ""dtype"": ""<i4"", ""nbytes"": 13262424}, ""indptr"": {""shape"": [2497], ""dtype"": ""<i4"", ""nbytes"": 9988}}",1,6.203000000001339,2.20299999999952,233525248,0.06650079376003241,0.0033951558464680705,0.0571318477704244
MEND4,Spatial Transcriptomics,Homo sapiens,Prostate,success,32,E:\Hestdata\st\MEND4.h5ad,1341e8a52f68bec4be8166726bf5d6f5f83cbcfa3dd015340fda26220698ff99,D:\HEST1000BenchRun\COUNT-HEST-SHARED-K32-001\main\MEND4\VALUE_K32\attempt01\RESULT.json,,112,27839,3117968,223443,280004,284575,153259,D:\HEST1000BenchRun\COUNT-HEST-SHARED-K32-001\main\MEND4\VALUE_K32\attempt01\archive.cnt,c138db37454c9b849616af31a7bae546b6c1b31d61bb9254d5994ba01533ec53,True,True,22,-4571,-1.632476678904587,0.39322789714326767,5.487180175704766,0.7301550240412987,10.188728221515106,30211047,24943744,2681768,"{""values"": {""shape"": [223443], ""dtype"": ""<i8"", ""nbytes"": 1787544}, ""indices"": {""shape"": [223443], ""dtype"": ""<i4"", ""nbytes"": 893772}, ""indptr"": {""shape"": [113], ""dtype"": ""<i4"", ""nbytes"": 452}}",1,2.04700000000048,0.8119999999998981,179707904,0.00941956761710377,0.011408672250645293,0.10611469746823737
MEND40,Visium,Homo sapiens,Skin,success,32,E:\Hestdata\st\MEND40.h5ad,1e19e21efbf6045a28f05349b73f25da34eeac7cb0a8c52951860195ac12fb66,D:\HEST1000BenchRun\COUNT-HEST-SHARED-K32-001\main\MEND40\VALUE_K32\attempt01\RESULT.json,,2793,33538,93671634,5557469,3431873,3428069,3216817,D:\HEST1000BenchRun\COUNT-HEST-SHARED-K32-001\main\MEND40\VALUE_K32\attempt01\archive.cnt,a92529f1080d8a65345d014b02d58d37e18bc8e1bf85d794e516011266936ac1,True,True,23,3804,0.11084326255662724,0.27473136638141704,4.630621601308078,0.2927732850267136,4.9347197438258315,52185166,749373072,66700804,"{""values"": {""shape"": [5557469], ""dtype"": ""<i8"", ""nbytes"": 44459752}, ""indices"": {""shape"": [5557469], ""dtype"": ""<i4"", ""nbytes"": 22229876}, ""indptr"": {""shape"": [2794], ""dtype"": ""<i4"", ""nbytes"": 11176}}",1,8.546000000000276,3.0939999999991414,313520128,0.06569048759948373,0.0045745825785424,0.05139471782079268
MEND41,Visium,Homo sapiens,Lung,success,32,E:\Hestdata\st\MEND41.h5ad,044bb67f0b8fc15595a3162af19aa512d766fda9aa019e5d72fd8b187efbade6,D:\HEST1000BenchRun\COUNT-HEST-SHARED-K32-001\main\MEND41\VALUE_K32\attempt01\RESULT.json,,439,33538,14723182,812404,602734,605898,454586,D:\HEST1000BenchRun\COUNT-HEST-SHARED-K32-001\main\MEND41\VALUE_K32\attempt01\archive.cnt,5d0146041f6288e056fefb753b8e179cdc9e7911e8005df6dfb9b6b7ad46b3d5,True,True,22,-3164,-0.5249413505791941,0.2470042141705509,4.4764526023997915,0.32922122405333304,5.9664698844417305,13847478,117785456,9750608,"{""values"": {""shape"": [812404], ""dtype"": ""<i8"", ""nbytes"": 6499232}, ""indices"": {""shape"": [812404], ""dtype"": ""<i4"", ""nbytes"": 3249616}, ""indptr"": {""shape"": [440], ""dtype"": ""<i4"", ""nbytes"": 1760}}",1,2.686999999999898,1.109999999998763,192757760,0.043755115552449333,0.005144081625833329,0.06213950965929509
MEND42,Visium,Mus musculus,Brain,success,32,E:\Hestdata\st\MEND42.h5ad,3fadd6d3e2a5b0a4a6e9fc534e4fb73d8ce006fa4ebc8bcdfd915186f92d1cc6,D:\HEST1000BenchRun\COUNT-HEST-SHARED-K32-001\main\MEND42\VALUE_K32\attempt01\RESULT.json,,3105,31053,96419565,6430804,3736583,3714019,3512615,D:\HEST1000BenchRun\COUNT-HEST-SHARED-K32-001\main\MEND42\VALUE_K32\attempt01\archive.cnt,340be366a321f9b4abe835dba5ebb3f562b51cc0d1d9cd4b5b39c232d240e9c5,True,True,24,22564,0.6038672230752,0.29144416903353587,4.369736661232405,0.30815480239928483,4.620285737211086,59178663,771356520,77182072,"{""values"": {""shape"": [6430804], ""dtype"": ""<i8"", ""nbytes"": 51446432}, ""indices"": {""shape"": [6430804], ""dtype"": ""<i4"", ""nbytes"": 25723216}, ""indptr"": {""shape"": [3106], ""dtype"": ""<i4"", ""nbytes"": 12424}}",1,9.42200000000048,3.32799999999952,293400576,0.06275942732940756,0.0048149187874888255,0.048120229267750156
MEND44,Visium,Mus musculus,Brain,success,32,E:\Hestdata\st\MEND44.h5ad,bd0bc9c35ea09ec1f4c64b77d427b5e7a7cdb2c80b941cab2f55be525e4dd6a1,D:\HEST1000BenchRun\COUNT-HEST-SHARED-K32-001\main\MEND44\VALUE_K32\attempt01\RESULT.json,,2554,31053,79309362,2622068,1852669,1849905,1665404,D:\HEST1000BenchRun\COUNT-HEST-SHARED-K32-001\main\MEND44\VALUE_K32\attempt01\archive.cnt,720d0e7041625fcac1fc34e73757066776db40e21243f8cd1761b628d3caa40e,True,True,20,2764,0.14919016834631552,0.16799065916076844,5.081192402332815,0.18660142544079475,5.644109916295077,28516795,634474896,31475036,"{""values"": {""shape"": [2622068], ""dtype"": ""<i8"", ""nbytes"": 20976544}, ""indices"": {""shape"": [2622068], ""dtype"": ""<i4"", ""nbytes"": 10488272}, ""indptr"": {""shape"": [2555], ""dtype"": ""<i4"", ""nbytes"": 10220}}",1,5.53099999999904,1.8910000000014406,222851072,0.06487071916742397,0.002915647272512418,0.05877372149788804
MEND45,Visium,Homo sapiens,Lung,success,32,E:\Hestdata\st\MEND45.h5ad,05b1b334608d07cef644153b87cb9c21ee05c7ded74c1dc548ed360123630eb2,D:\HEST1000BenchRun\COUNT-HEST-SHARED-K32-001\main\MEND45\VALUE_K32\attempt01\RESULT.json,,444,33538,14890872,819340,606080,608799,456375,D:\HEST1000BenchRun\COUNT-HEST-SHARED-K32-001\main\MEND45\VALUE_K32\attempt01\archive.cnt,cc81f1eea21226826d43d4fc3b61cd07cdca08a676b0090bdb6a1371cd33b925,True,True,22,-2719,-0.4486206441393875,0.2451837608972799,4.45602558156565,0.32707231651712537,5.944286865037713,13904438,119126976,9833860,"{""values"": {""shape"": [819340], ""dtype"": ""<i8"", ""nbytes"": 6554720}, ""indices"": {""shape"": [819340], ""dtype"": ""<i4"", ""nbytes"": 3277360}, ""indptr"": {""shape"": [445], ""dtype"": ""<i4"", ""nbytes"": 1780}}",1,2.7819999999992433,1.125,192716800,0.043784509665187474,0.005110504945580084,0.06190844693741827
MEND46,Visium,Mus musculus,Brain,success,32,E:\Hestdata\st\MEND46.h5ad,32975f09f106c834217f1e02c09200250e28fcb19fc00558ad374fe31d40fefb,D:\HEST1000BenchRun\COUNT-HEST-SHARED-K32-001\main\MEND46\VALUE_K32\attempt01\RESULT.json,,2216,31053,68813448,2549624,1766586,1762926,1586603,D:\HEST1000BenchRun\COUNT-HEST-SHARED-K32-001\main\MEND46\VALUE_K32\attempt01\archive.cnt,de985299bb8a8e3787fe89a8b1831b4131a29fffdabc2e0388c3eb5abfc040da,True,True,19,3660,0.20717927120445878,0.18445266686825518,4.978312096214971,0.2049513345124052,5.531563869809823,27889891,550507584,30604356,"{""values"": {""shape"": [2549624], ""dtype"": ""<i8"", ""nbytes"": 20396992}, ""indices"": {""shape"": [2549624], ""dtype"": ""<i4"", ""nbytes"": 10198496}, ""indptr"": {""shape"": [2217], ""dtype"": ""<i4"", ""nbytes"": 8868}}",1,5.29700000000048,1.8909999999996217,220839936,0.06321021476921512,0.003202364601756331,0.05760376071955247
MEND47,Visium,Homo sapiens,Lung,success,32,E:\Hestdata\st\MEND47.h5ad,d7216781de0ef75679792ec29bef498dc863769795d6e064c31b424e5da78ae4,D:\HEST1000BenchRun\COUNT-HEST-SHARED-K32-001\main\MEND47\VALUE_K32\attempt01\RESULT.json,,533,33538,17875754,1060108,743123,744897,588911,D:\HEST1000BenchRun\COUNT-HEST-SHARED-K32-001\main\MEND47\VALUE_K32\attempt01\archive.cnt,8a1d34e070f496688a3cab65a3c37fc1b66b219cd686ae60ac3f6ed1e77c4c96,True,True,22,-1774,-0.2387222572844603,0.26355744210845594,4.444158519697993,0.33336641352303237,5.621291415591619,15836214,143006032,12723432,"{""values"": {""shape"": [1060108], ""dtype"": ""<i8"", ""nbytes"": 8480864}, ""indices"": {""shape"": [1060108], ""dtype"": ""<i4"", ""nbytes"": 4240432}, ""indptr"": {""shape"": [534], ""dtype"": ""<i4"", ""nbytes"": 2136}}",1,2.9840000000003783,1.1409999999996217,196349952,0.04703756844912553,0.005208850211297381,0.058545288723985796
MEND49,Visium,Homo sapiens,Kidney,success,32,E:\Hestdata\st\MEND49.h5ad,aebbbc0942165dce5b8ac3709681cc4da0e4afe9bed42b657b6c35ec3d33f535,D:\HEST1000BenchRun\COUNT-HEST-SHARED-K32-001\main\MEND49\VALUE_K32\attempt01\RESULT.json,,413,33538,13851194,620667,516715,520274,369170,D:\HEST1000BenchRun\COUNT-HEST-SHARED-K32-001\main\MEND49\VALUE_K32\attempt01\archive.cnt,79e2320ab6eb9123e3fdc4ad1c859bceccf34ac1dfccfc075148e429b26442a5,True,True,20,-3559,-0.68877427595483,0.21322060755195546,4.758364791425998,0.3004933726291033,6.705998546724733,12247198,110809552,7449660,"{""values"": {""shape"": [620667], ""dtype"": ""<i8"", ""nbytes"": 4965336}, ""indices"": {""shape"": [620667], ""dtype"": ""<i4"", ""nbytes"": 2482668}, ""indptr"": {""shape"": [414], ""dtype"": ""<i4"", ""nbytes"": 1656}}",1,2.5159999999996217,0.9840000000003783,189288448,0.042481063831906696,0.004695208947329739,0.06983862350765001
MEND5,Spatial Transcriptomics,Homo sapiens,Prostate,success,32,E:\Hestdata\st\MEND5.h5ad,0c29d07e9bd2e9fbc80e30b0d63a8d7c2f054139e8d88ef1408c9bf7e6a1cda1,D:\HEST1000BenchRun\COUNT-HEST-SHARED-K32-001\main\MEND5\VALUE_K32\attempt01\RESULT.json,,170,28037,4766290,175106,240208,244074,115931,D:\HEST1000BenchRun\COUNT-HEST-SHARED-K32-001\main\MEND5\VALUE_K32\attempt01\archive.cnt,4c42a0984de2bbf2df86f1cb45c6a3010765203497450298bd7570b32f6e0756,True,True,20,-3866,-1.6094384866449079,0.19458488677776636,5.296494694642102,0.40966705760665,11.150914303336265,43417885,38130320,2101956,"{""values"": {""shape"": [175106], ""dtype"": ""<i8"", ""nbytes"": 1400848}, ""indices"": {""shape"": [175106], ""dtype"": ""<i4"", ""nbytes"": 700424}, ""indptr"": {""shape"": [171], ""dtype"": ""<i4"", ""nbytes"": 684}}",1,2.061999999999898,0.7970000000004802,178532352,0.005621508279364598,0.006401047775103906,0.11611755907354863
MEND50,Visium,Mus musculus,Brain,success,32,E:\Hestdata\st\MEND50.h5ad,542bb865d7a80116bbf33a559fa0ba1819ba137486d6a328336b2000a5acb96f,D:\HEST1000BenchRun\COUNT-HEST-SHARED-K32-001\main\MEND50\VALUE_K32\attempt01\RESULT.json,,2399,31053,74496147,2355546,1689376,1687085,1505758,D:\HEST1000BenchRun\COUNT-HEST-SHARED-K32-001\main\MEND50\VALUE_K32\attempt01\archive.cnt,9155b857d3a36344dda84a32fce58f9b9b1d70d629a00d916e980a716e564039,True,True,19,2291,0.1356122023753149,0.1617004970740299,5.1139158394699145,0.18117285985273843,5.729745884818212,26363127,595969176,28276152,"{""values"": {""shape"": [2355546], ""dtype"": ""<i8"", ""nbytes"": 18844368}, ""indices"": {""shape"": [2355546], ""dtype"": ""<i4"", ""nbytes"": 9422184}, ""indptr"": {""shape"": [2400], ""dtype"": ""<i4"", ""nbytes"": 9600}}",1,5.390999999999622,1.9060000000008586,219254784,0.06399411572079443,0.002830825935199038,0.05966458943918536
MEND51,Visium,Homo sapiens,Lung,success,32,E:\Hestdata\st\MEND51.h5ad,0ded7b062fbd0370a7c80495404ef8eb88ca680c990d1b2fe4aa74c17d4ce664,D:\HEST1000BenchRun\COUNT-HEST-SHARED-K32-001\main\MEND51\VALUE_K32\attempt01\RESULT.json,,416,33538,13951808,708233,548135,551275,400602,D:\HEST1000BenchRun\COUNT-HEST-SHARED-K32-001\main\MEND51\VALUE_K32\attempt01\archive.cnt,0c23162ed9356a9b024ecabc31a3c248bcb764342d7f072d1a770dc5b89fa83a,True,True,22,-3140,-0.5728515785344851,0.22970614274508364,4.525087082923275,0.31610240049174987,6.227046748739468,13012022,111614464,8500464,"{""values"": {""shape"": [708233], ""dtype"": ""<i8"", ""nbytes"": 5665864}, ""indices"": {""shape"": [708233], ""dtype"": ""<i4"", ""nbytes"": 2832932}, ""indptr"": {""shape"": [417], ""dtype"": ""<i4"", ""nbytes"": 1668}}",1,2.67200000000048,1.1090000000003783,191578112,0.04236658991200599,0.004939100007683592,0.06485234217802699
MEND52,Visium,Homo sapiens,Lung,success,32,E:\Hestdata\st\MEND52.h5ad,7b0fc37536640ea81acfa0643beec557df7bb89dad264db9fe182d3999e6c7ec,D:\HEST1000BenchRun\COUNT-HEST-SHARED-K32-001\main\MEND52\VALUE_K32\attempt01\RESULT.json,,758,33550,25430900,1413759,994725,995969,825815,D:\HEST1000BenchRun\COUNT-HEST-SHARED-K32-001\main\MEND52\VALUE_K32\attempt01\archive.cnt,0a013ac42b2bfded768dbcc7100959da71ab3820fefb3412604cdec429dcc0cf,True,True,22,-1244,-0.12505968986403276,0.25978317715849614,4.673017112534739,0.313309871062369,5.635862972401944,19267582,203447200,16968144,"{""values"": {""shape"": [1413759], ""dtype"": ""<i8"", ""nbytes"": 11310072}, ""indices"": {""shape"": [1413759], ""dtype"": ""<i4"", ""nbytes"": 5655036}, ""indptr"": {""shape"": [759], ""dtype"": ""<i4"", ""nbytes"": 3036}}",1,3.625,1.4220000000004802,201994240,0.05169143694315145,0.004895466735349516,0.05869640191643824
MEND54,Visium,Homo sapiens,Kidney,success,32,E:\Hestdata\st\MEND54.h5ad,87817668ac4a2868aa0ccefe9b71733f2e645419ebe7702615ceb34c45110b76,D:\HEST1000BenchRun\COUNT-HEST-SHARED-K32-001\main\MEND54\VALUE_K32\attempt01\RESULT.json,,469,33538,15729322,778672,604622,607929,454230,D:\HEST1000BenchRun\COUNT-HEST-SHARED-K32-001\main\MEND54\VALUE_K32\attempt01\archive.cnt,53d977f7e12e0e2d9c94af8a2090b1f9ada8fd40956bd64eec50e4d900aa80fe,True,True,21,-3307,-0.5469533030554627,0.23102330793406098,4.666714611543757,0.3091952723709261,6.245803110937596,13510838,125834576,9345944,"{""values"": {""shape"": [778672], ""dtype"": ""<i8"", ""nbytes"": 6229376}, ""indices"": {""shape"": [778672], ""dtype"": ""<i4"", ""nbytes"": 3114688}, ""indptr"": {""shape"": [470], ""dtype"": ""<i4"", ""nbytes"": 1880}}",1,2.860000000000582,1.0939999999991414,192651264,0.04499565459966288,0.00483117613079572,0.06504736172183356
MEND55,Visium,Mus musculus,Brain,success,32,E:\Hestdata\st\MEND55.h5ad,017943f1ce79aa2235d51884554ea2a639156bea1a1f237b4198b5c426990a28,D:\HEST1000BenchRun\COUNT-HEST-SHARED-K32-001\main\MEND55\VALUE_K32\attempt01\RESULT.json,,2536,31053,78750408,3520020,2281044,2273016,2088027,D:\HEST1000BenchRun\COUNT-HEST-SHARED-K32-001\main\MEND55\VALUE_K32\attempt01\archive.cnt,01e67c6e5cd6855dd038d1cc6339aa9591720651828103671a3d1c0738147560,True,True,21,8028,0.35194410980235363,0.21211592960889802,4.745488946085533,0.23090836557951547,5.165916102749416,35784571,630003264,42250388,"{""values"": {""shape"": [3520020], ""dtype"": ""<i8"", ""nbytes"": 28160160}, ""indices"": {""shape"": [3520020], ""dtype"": ""<i4"", ""nbytes"": 14080080}, ""indptr"": {""shape"": [2537], ""dtype"": ""<i4"", ""nbytes"": 10148}}",1,6.640999999999622,2.20299999999952,244883456,0.06351944249939451,0.003607943212179929,0.05379870120956049
MEND59,Visium,Homo sapiens,Prostate,success,32,E:\Hestdata\st\MEND59.h5ad,cd11fdf0fecdbfbb070a475f8ea09ccd96271f38832491fb57637049f51d8a95,D:\HEST1000BenchRun\COUNT-HEST-SHARED-K32-001\main\MEND59\VALUE_K32\attempt01\RESULT.json,,3832,17943,68757576,17324298,8525544,8456608,8287685,D:\HEST1000BenchRun\COUNT-HEST-SHARED-K32-001\main\MEND59\VALUE_K32\attempt01\archive.cnt,d056c8365b3d1c9322235102e63d167c2457670350ead0c239b93146f4e7528a,True,True,28,68936,0.8085818336049876,0.9642789036076548,3.8270803238318805,0.9839332323175558,3.9050854470409133,144544357,550060608,207906908,"{""values"": {""shape"": [17324298], ""dtype"": ""<i8"", ""nbytes"": 138594384}, ""indices"": {""shape"": [17324298], ""dtype"": ""<i4"", ""nbytes"": 69297192}, ""indptr"": {""shape"": [3833], ""dtype"": ""<i4"", ""nbytes"": 15332}}",1,19.561999999999898,7.266000000001441,689627136,0.05850527945549614,0.01537395675496181,0.0406749736281009
MEND6,Spatial Transcriptomics,Homo sapiens,Prostate,success,32,E:\Hestdata\st\MEND6.h5ad,5d99e78c2cfdb64e2095efabc1dc6c9ff25fa54a752afc4d201905b879fa84dd,D:\HEST1000BenchRun\COUNT-HEST-SHARED-K32-001\main\MEND6\VALUE_K32\attempt01\RESULT.json,,164,30157,4945748,167835,260497,264958,126684,D:\HEST1000BenchRun\COUNT-HEST-SHARED-K32-001\main\MEND6\VALUE_K32\attempt01\archive.cnt,9bf12c3360b06cca36932667e1b1cc74939ed70bbbf9c58158ea3ad1f5598768,True,True,20,-4461,-1.7124957293174201,0.20491784053696224,6.038502100277058,0.4285830980470497,12.62945154467185,45056213,39565984,2014680,"{""values"": {""shape"": [167835], ""dtype"": ""<i8"", ""nbytes"": 1342680}, ""indices"": {""shape"": [167835], ""dtype"": ""<i4"", ""nbytes"": 671340}, ""indptr"": {""shape"": [165], ""dtype"": ""<i4"", ""nbytes"": 660}}",1,2.04700000000048,0.7969999999986612,179761152,0.005880609628687613,0.0066966109069851515,0.13151368951893105
MEND60,Visium,Homo sapiens,Prostate,success,32,E:\Hestdata\st\MEND60.h5ad,e04ce1061d1f0719a54bfdb28ee155cdaa696579f8b7b72ba07f60e2749477ab,D:\HEST1000BenchRun\COUNT-HEST-SHARED-K32-001\main\MEND60\VALUE_K32\attempt01\RESULT.json,,3954,17943,70946622,19822395,9926611,9861819,9689403,D:\HEST1000BenchRun\COUNT-HEST-SHARED-K32-001\main\MEND60\VALUE_K32\attempt01\archive.cnt,2113968b8be1b5f95e47fe316436558c734dba53334c9911b5a61e2f756c6552,True,True,27,64792,0.652710174701114,1.0925851268859565,3.9104873048892426,1.112026898193969,3.9800716311020943,164541725,567572976,237884560,"{""values"": {""shape"": [19822395], ""dtype"": ""<i8"", ""nbytes"": 158579160}, ""indices"": {""shape"": [19822395], ""dtype"": ""<i4"", ""nbytes"": 79289580}, ""indptr"": {""shape"": [3955], ""dtype"": ""<i4"", ""nbytes"": 15820}}",1,21.84399999999914,8.061999999999898,770600960,0.05993506510278776,0.017375420284280765,0.04145632234391337
MEND61,Visium,Homo sapiens,Prostate,success,32,E:\Hestdata\st\MEND61.h5ad,3583b16dbe59fd11f8167b793c464a6b71dc42ec3ba60709ff3ffb893f5be2cb,D:\HEST1000BenchRun\COUNT-HEST-SHARED-K32-001\main\MEND61\VALUE_K32\attempt01\RESULT.json,,4248,36601,155481048,11834500,6649547,6601170,6346739,D:\HEST1000BenchRun\COUNT-HEST-SHARED-K32-001\main\MEND61\VALUE_K32\attempt01\archive.cnt,402f2f982e48c2b8ddf6aba99662aeac8625ce04c5113090f9fbc92b141187f4,True,True,25,48377,0.7275232433126647,0.3265601348403569,4.2903301364654185,0.33965142812775484,4.462322869576239,103178019,1243848384,142030996,"{""values"": {""shape"": [11834500], ""dtype"": ""<i8"", ""nbytes"": 94676000}, ""indices"": {""shape"": [11834500], ""dtype"": ""<i4"", ""nbytes"": 47338000}, ""indptr"": {""shape"": [4249], ""dtype"": ""<i4"", ""nbytes"": 16996}}",1,15.45299999999952,5.593000000000757,526045184,0.06397845261983563,0.005307053564496169,0.04647696760501489
MEND62,Visium,Homo sapiens,Prostate,success,32,E:\Hestdata\st\MEND62.h5ad,d62b564d634b62fc5003304c8b1e788d4de43f63afa8ba1d50c523bbd4329cb8,D:\HEST1000BenchRun\COUNT-HEST-SHARED-K32-001\main\MEND62\VALUE_K32\attempt01\RESULT.json,,3650,36601,133593650,9996495,5699021,5665691,5421761,D:\HEST1000BenchRun\COUNT-HEST-SHARED-K32-001\main\MEND62\VALUE_K32\attempt01\archive.cnt,6de994d63b9251fb8f87c2f81151438ccde04d9aaeef064e01771e532cffd639,True,True,25,33330,0.5848372904749781,0.3246717789356006,4.338929594822986,0.33927906004514435,4.5341420167768804,88373275,1068749200,119972544,"{""values"": {""shape"": [9996495], ""dtype"": ""<i8"", ""nbytes"": 79971960}, ""indices"": {""shape"": [9996495], ""dtype"": ""<i4"", ""nbytes"": 39985980}, ""indptr"": {""shape"": [3651], ""dtype"": ""<i4"", ""nbytes"": 14604}}",1,13.186999999999898,4.813000000000102,463147008,0.06411090909553821,0.0053012353132053805,0.0472248967230369
MEND63,Visium,Homo sapiens,Brain,success,32,E:\Hestdata\st\MEND63.h5ad,74e0884ee77e71b55660e07fdf1041f3cc7866facf363ce99850919e6c78a186,D:\HEST1000BenchRun\COUNT-HEST-SHARED-K32-001\main\MEND63\VALUE_K32\attempt01\RESULT.json,,1433,17943,25712319,9402568,4340035,4297295,4179381,D:\HEST1000BenchRun\COUNT-HEST-SHARED-K32-001\main\MEND63\VALUE_K32\attempt01\archive.cnt,41eec0fabd66ba6149af70ccd5de256c431f1379c10fef2c89b024fc8776fad5,True,True,23,42740,0.9847846849161355,1.3003513218702678,3.555948545120865,1.3370384833822262,3.6562734776286647,80736877,205698552,112836552,"{""values"": {""shape"": [9402568], ""dtype"": ""<i8"", ""nbytes"": 75220544}, ""indices"": {""shape"": [9402568], ""dtype"": ""<i4"", ""nbytes"": 37610272}, ""indptr"": {""shape"": [1434], ""dtype"": ""<i4"", ""nbytes"": 5736}}",1,11.015999999999622,4.343999999999141,426266624,0.05322592549622646,0.020891226302847284,0.03808424596313436
MEND64,Visium,Homo sapiens,Brain,success,32,E:\Hestdata\st\MEND64.h5ad,3e8f6cc93a400f42f4af238d1e1c4501128dbc9f67d7125eebcaf3d06c15dd26,D:\HEST1000BenchRun\COUNT-HEST-SHARED-K32-001\main\MEND64\VALUE_K32\attempt01\RESULT.json,,1943,17943,34863249,11043389,4949045,4869586,4742568,D:\HEST1000BenchRun\COUNT-HEST-SHARED-K32-001\main\MEND64\VALUE_K32\attempt01\archive.cnt,c83b6a392c2ab7091c45a3eb7a6090ecded58351aab37b5ca1e377c69d24ac9a,True,True,22,79459,1.6055420793304567,1.0882675908949277,3.435588839621605,1.1174141572404799,3.5276026227093875,93948245,278905992,132528444,"{""values"": {""shape"": [11043389], ""dtype"": ""<i8"", ""nbytes"": 88347112}, ""indices"": {""shape"": [11043389], ""dtype"": ""<i4"", ""nbytes"": 44173556}, ""indptr"": {""shape"": [1944], ""dtype"": ""<i4"", ""nbytes"": 7776}}",1,12.561999999999898,4.859000000000378,480612352,0.0518326446651558,0.017459596206882498,0.03674370461936458
MEND65,Visium,Homo sapiens,Brain,success,32,E:\Hestdata\st\MEND65.h5ad,c86faf75025ec8fdba05e05a95c90d4bc49480944d10722ce9cf039d6555c463,D:\HEST1000BenchRun\COUNT-HEST-SHARED-K32-001\main\MEND65\VALUE_K32\attempt01\RESULT.json,,1323,17943,23738589,4818966,2662083,2662302,2546734,D:\HEST1000BenchRun\COUNT-HEST-SHARED-K32-001\main\MEND65\VALUE_K32\attempt01\archive.cnt,f7ab23de124f32d3eb655cc59b75a57e741633182987ac75195f4d2e19be6e88,True,True,24,-219,-0.008226640566804265,0.8582596042250026,4.227851368945122,0.8972064851874726,4.419706634161768,44012261,189908712,57832888,"{""values"": {""shape"": [4818966], ""dtype"": ""<i8"", ""nbytes"": 38551728}, ""indices"": {""shape"": [4818966], ""dtype"": ""<i4"", ""nbytes"": 19275864}, ""indptr"": {""shape"": [1324], ""dtype"": ""<i4"", ""nbytes"": 5296}}",1,6.358999999998559,2.360000000000582,305045504,0.06049000754585183,0.01401885133105426,0.04603439482392786
MEND66,Visium,Homo sapiens,Brain,success,32,E:\Hestdata\st\MEND66.h5ad,62e009a2168b8731cfc2f5eb913ea8e1da7337f58a7a83abf4126487b9e485e3,D:\HEST1000BenchRun\COUNT-HEST-SHARED-K32-001\main\MEND66\VALUE_K32\attempt01\RESULT.json,,1238,17943,22213434,2672710,1650023,1652855,1540945,D:\HEST1000BenchRun\COUNT-HEST-SHARED-K32-001\main\MEND66\VALUE_K32\attempt01\archive.cnt,6b0728575120f87e1534102622b16706348335a34425d9c8a0e6267845f040ab,True,True,23,-2832,-0.17163397116282622,0.5549596699006556,4.612382188864486,0.5952632087411609,4.9473530611252245,26811113,177707472,32077476,"{""values"": {""shape"": [2672710], ""dtype"": ""<i8"", ""nbytes"": 21381680}, ""indices"": {""shape"": [2672710], ""dtype"": ""<i4"", ""nbytes"": 10690840}, ""indptr"": {""shape"": [1239], ""dtype"": ""<i4"", ""nbytes"": 4956}}",1,4.328000000001339,1.7339999999985594,208814080,0.06164813075831652,0.009300987636580639,0.05152696552559185
MEND67,Visium,Homo sapiens,Brain,success,32,E:\Hestdata\st\MEND67.h5ad,e0d41e687ece4bac13e9ea2f56bdcbd8c6172a25c1bef3d68775a2d4b919cce4,D:\HEST1000BenchRun\COUNT-HEST-SHARED-K32-001\main\MEND67\VALUE_K32\attempt01\RESULT.json,,1702,36601,62294902,995903,876392,879722,692520,D:\HEST1000BenchRun\COUNT-HEST-SHARED-K32-001\main\MEND67\VALUE_K32\attempt01\archive.cnt,8837dff6c33e9c87b10a333f5e070b5c00658179af938e9dfcf153476a62d9ef,True,True,16,-3330,-0.3799669554263389,0.0889344042952343,5.562951411934696,0.11297515164242493,7.066728386198254,15949095,498359216,11957648,"{""values"": {""shape"": [995903], ""dtype"": ""<i8"", ""nbytes"": 7967224}, ""indices"": {""shape"": [995903], ""dtype"": ""<i4"", ""nbytes"": 3983612}, ""indptr"": {""shape"": [1703], ""dtype"": ""<i4"", ""nbytes"": 6812}}",1,3.79700000000048,1.4529999999995198,202141696,0.05515811398703187,0.0017652367444128895,0.07356981908147824
MEND68,Visium,Homo sapiens,Brain,success,32,E:\Hestdata\st\MEND68.h5ad,1b51a7d9aa1cf7653f8f56ca2667116336be8c6e30096d16a2c90935e7064474,D:\HEST1000BenchRun\COUNT-HEST-SHARED-K32-001\main\MEND68\VALUE_K32\attempt01\RESULT.json,,1490,36601,54535490,631085,624243,626472,448545,D:\HEST1000BenchRun\COUNT-HEST-SHARED-K32-001\main\MEND68\VALUE_K32\attempt01\archive.cnt,01104332bb38c6532f201bfe1823e5e6527a691c597290fff01fd6069a17c731,True,True,14,-2229,-0.3570724861952797,0.0657986203112872,5.686016939081107,0.09189934847931136,7.94152293272697,12980535,436283920,7578984,"{""values"": {""shape"": [631085], ""dtype"": ""<i8"", ""nbytes"": 5048680}, ""indices"": {""shape"": [631085], ""dtype"": ""<i4"", ""nbytes"": 2524340}, ""indptr"": {""shape"": [1491], ""dtype"": ""<i4"", ""nbytes"": 5964}}",1,3.313000000000102,1.4220000000004802,196276224,0.04826241753517863,0.00143592731998924,0.08265910048101434
MEND71,Visium,Mus musculus,Brain,success,32,E:\Hestdata\st\MEND71.h5ad,851c3667f2cb58e56e762c101d472b9bb1f0b5d701788d156b08ab33d2a3262f,D:\HEST1000BenchRun\COUNT-HEST-SHARED-K32-001\main\MEND71\VALUE_K32\attempt01\RESULT.json,,4114,32285,132820490,8609912,4968739,4934941,4708095,D:\HEST1000BenchRun\COUNT-HEST-SHARED-K32-001\main\MEND71\VALUE_K32\attempt01\archive.cnt,1faf3ff1fa31f28d13c0bad713913d3cb1d7eab7b516a6377c17e47a41c6cfe2,True,True,25,33798,0.6802128266346854,0.28357642710096914,4.374581296533576,0.29723974064543807,4.585357899128353,76916735,1062563920,103335404,"{""values"": {""shape"": [8609912], ""dtype"": ""<i8"", ""nbytes"": 68879296}, ""indices"": {""shape"": [8609912], ""dtype"": ""<i4"", ""nbytes"": 34439648}, ""indptr"": {""shape"": [4115], ""dtype"": ""<i4"", ""nbytes"": 16460}}",1,12.063000000000102,4.141000000001441,382910464,0.06415952263184338,0.00464437094758497,0.047756536569015594
MEND72,Visium,Mus musculus,Brain,success,32,E:\Hestdata\st\MEND72.h5ad,653aa96b068c4e8e9ed7c0c00cfbe50def2ee73d78d1ec46e38088c449554834,D:\HEST1000BenchRun\COUNT-HEST-SHARED-K32-001\main\MEND72\VALUE_K32\attempt01\RESULT.json,,4394,32285,141860290,12510813,6807308,6755497,6525243,D:\HEST1000BenchRun\COUNT-HEST-SHARED-K32-001\main\MEND72\VALUE_K32\attempt01\archive.cnt,e4fa1a833ce5f8568e962486155041f206abedecd4d47597a65571a9d4a4bc1b,True,True,25,51811,0.7611085028031639,0.36798137096716776,4.172546100721032,0.3809662027336896,4.319781296387373,108187471,1134882320,150147336,"{""values"": {""shape"": [12510813], ""dtype"": ""<i8"", ""nbytes"": 100086504}, ""indices"": {""shape"": [12510813], ""dtype"": ""<i4"", ""nbytes"": 50043252}, ""indptr"": {""shape"": [4395], ""dtype"": ""<i4"", ""nbytes"": 17580}}",1,15.906000000000859,5.671999999998661,638689280,0.06244250778354917,0.0059525969177139,0.04499245327935755
MEND73,Visium,Mus musculus,Brain,success,32,E:\Hestdata\st\MEND73.h5ad,6ee165ddb420bc7ca03f0af4eb35372709eb6c85e319f60cfdb033aa47a01bc4,D:\HEST1000BenchRun\COUNT-HEST-SHARED-K32-001\main\MEND73\VALUE_K32\attempt01\RESULT.json,,4332,32285,139858620,10843450,6057037,6019130,5787762,D:\HEST1000BenchRun\COUNT-HEST-SHARED-K32-001\main\MEND73\VALUE_K32\attempt01\archive.cnt,aa3240f387007486556405e6fcf42fd44bb564d836660e2b24ae49df7c8b0241,True,True,23,37907,0.6258340505431946,0.33106358406796804,4.2700520590771385,0.34429797748612134,4.440749023604111,94749215,1118868960,130138732,"{""values"": {""shape"": [10843450], ""dtype"": ""<i8"", ""nbytes"": 86747600}, ""indices"": {""shape"": [10843450], ""dtype"": ""<i4"", ""nbytes"": 43373800}, ""indptr"": {""shape"": [4333], ""dtype"": ""<i4"", ""nbytes"": 17332}}",1,14.218000000000757,5.04700000000048,487026688,0.06352696431310803,0.005379655898220646,0.046251641671136
MEND75,Visium,Mus musculus,Brain,success,32,E:\Hestdata\st\MEND75.h5ad,d99d7199f603072418b0867ce266ce1c7fc0895fd72d6fda7dbb713b8cec789b,D:\HEST1000BenchRun\COUNT-HEST-SHARED-K32-001\main\MEND75\VALUE_K32\attempt01\RESULT.json,,4166,19465,81091190,20956662,9828859,9729028,9548140,D:\HEST1000BenchRun\COUNT-HEST-SHARED-K32-001\main\MEND75\VALUE_K32\attempt01\archive.cnt,c4444132be8a7a94922737a2412cca5c43f6018f625a06527613e6cd2537782b,True,True,23,99831,1.0156926658526693,0.9419657055223878,3.6449087168557663,0.9598110966185106,3.713960935190919,174062971,648729520,251496612,"{""values"": {""shape"": [20956662], ""dtype"": ""<i8"", ""nbytes"": 167653296}, ""indices"": {""shape"": [20956662], ""dtype"": ""<i4"", ""nbytes"": 83826648}, ""indptr"": {""shape"": [4167], ""dtype"": ""<i4"", ""nbytes"": 16668}}",1,22.82800000000134,8.015999999999622,692310016,0.05589372595507404,0.014997048384664228,0.038684529078268456
MEND76,Visium,Mus musculus,Brain,success,32,E:\Hestdata\st\MEND76.h5ad,1cd2e5acde9ee1a559c73087e6508bc87e21d8a1c46fcd845578db6f7fb99234,D:\HEST1000BenchRun\COUNT-HEST-SHARED-K32-001\main\MEND76\VALUE_K32\attempt01\RESULT.json,,4159,19465,80954935,24488300,11363357,11247547,11065862,D:\HEST1000BenchRun\COUNT-HEST-SHARED-K32-001\main\MEND76\VALUE_K32\attempt01\archive.cnt,1c743b8be75f28170f628728ea2ef582e3eb243b2475bf565083acd43b09d179,True,True,25,115810,1.0191530548587007,1.093533037856185,3.6150690738025912,1.1114872243427778,3.6744231326796877,202316195,647639480,293876240,"{""values"": {""shape"": [24488300], ""dtype"": ""<i8"", ""nbytes"": 195906400}, ""indices"": {""shape"": [24488300], ""dtype"": ""<i4"", ""nbytes"": 97953200}, ""indptr"": {""shape"": [4160], ""dtype"": ""<i4"", ""nbytes"": 16640}}",1,24.70300000000134,9.609999999998763,923291648,0.055593903394634325,0.017366987880355903,0.03827307372654557
MEND77,Visium,Mus musculus,Brain,success,32,E:\Hestdata\st\MEND77.h5ad,b85db4f5dfa8806d899249d75f7826e88aa6f1672de659e261fd8e2c68db1238,D:\HEST1000BenchRun\COUNT-HEST-SHARED-K32-001\main\MEND77\VALUE_K32\attempt01\RESULT.json,,4492,19465,87436780,20916635,9977598,9879407,9697132,D:\HEST1000BenchRun\COUNT-HEST-SHARED-K32-001\main\MEND77\VALUE_K32\attempt01\archive.cnt,76c0f58aab68d389cd44fe858a738f11268a9e1807bbfc35d33e76d14ad113ee,True,True,23,98191,0.984114613557291,0.8872359663747911,3.708868850080331,0.9039131587416646,3.7785836966605766,173801411,699494240,251017592,"{""values"": {""shape"": [20916635], ""dtype"": ""<i8"", ""nbytes"": 167333080}, ""indices"": {""shape"": [20916635], ""dtype"": ""<i4"", ""nbytes"": 83666540}, ""indptr"": {""shape"": [4493], ""dtype"": ""<i4"", ""nbytes"": 17972}}",1,21.54700000000048,8.234999999998763,859475968,0.056843077067999175,0.014123643105338509,0.03935742878132621
MEND79,Visium,Mus musculus,Bone,success,32,E:\Hestdata\st\MEND79.h5ad,9ab6b4b9b2b8a391685bd5e4811ef89ef72e9a04ea92b94e3ba9251a9624b5a5,D:\HEST1000BenchRun\COUNT-HEST-SHARED-K32-001\main\MEND79\VALUE_K32\attempt01\RESULT.json,,1788,19465,34803420,3811543,2117678,2106364,1981171,D:\HEST1000BenchRun\COUNT-HEST-SHARED-K32-001\main\MEND79\VALUE_K32\attempt01\archive.cnt,b2a4f19c539119e0941d7b95d7ac13d1ab7a563aff020c9401cae9a765832c05,True,True,26,11314,0.5342644160254769,0.4553968546769254,4.158255068878929,0.4841740265755492,4.421021093032402,36431263,278427360,45745672,"{""values"": {""shape"": [3811543], ""dtype"": ""<i8"", ""nbytes"": 30492344}, ""indices"": {""shape"": [3811543], ""dtype"": ""<i4"", ""nbytes"": 15246172}, ""indptr"": {""shape"": [1789], ""dtype"": ""<i4"", ""nbytes"": 7156}}",1,5.875,2.9840000000003783,244412416,0.05781748494418105,0.007565219165242956,0.046045099086094964
MEND8,Spatial Transcriptomics,Homo sapiens,Prostate,success,32,E:\Hestdata\st\MEND8.h5ad,09ef9ca9917dcd5559297b189694ebf714614f81950361519e278f1c0be45a6b,D:\HEST1000BenchRun\COUNT-HEST-SHARED-K32-001\main\MEND8\VALUE_K32\attempt01\RESULT.json,,121,25895,3133295,75889,162398,165268,53876,D:\HEST1000BenchRun\COUNT-HEST-SHARED-K32-001\main\MEND8\VALUE_K32\attempt01\archive.cnt,edb66aa0f109b2e620f0798dbc348db11cfda55be31be4abe49dd145edc6e309,True,True,16,-2870,-1.7672631436347739,0.1375574275642734,5.679452885134868,0.42196601341399387,17.422076980853614,30142703,25066360,911156,"{""values"": {""shape"": [75889], ""dtype"": ""<i8"", ""nbytes"": 607112}, ""indices"": {""shape"": [75889], ""dtype"": ""<i4"", ""nbytes"": 303556}, ""indptr"": {""shape"": [122], ""dtype"": ""<i4"", ""nbytes"": 488}}",1,1.8909999999996217,0.6720000000004802,163753984,0.005482852682455187,0.006593218959593654,0.18138277089762894
MEND80,Visium,Mus musculus,Bone,success,32,E:\Hestdata\st\MEND80.h5ad,434dd5ac847f08f7d9124c59012c9508714c0019aa6275948ed890dc22402d93,D:\HEST1000BenchRun\COUNT-HEST-SHARED-K32-001\main\MEND80\VALUE_K32\attempt01\RESULT.json,,2935,19465,57129775,4677878,2728751,2714171,2563165,D:\HEST1000BenchRun\COUNT-HEST-SHARED-K32-001\main\MEND80\VALUE_K32\attempt01\archive.cnt,2c1f91a8070e4d7d701e0a79b1c10a4e215596c67908ad5b1a3c2884f2833b32,True,True,26,14580,0.5343103859604632,0.35892527145433356,4.3834661784681,0.3800709524936865,4.641713187047632,43567331,457038200,56146280,"{""values"": {""shape"": [4677878], ""dtype"": ""<i8"", ""nbytes"": 37423024}, ""indices"": {""shape"": [4677878], ""dtype"": ""<i4"", ""nbytes"": 18711512}, ""indptr"": {""shape"": [2936], ""dtype"": ""<i4"", ""nbytes"": 11744}}",1,7.078000000001339,2.6089999999985594,245026816,0.06229830787660598,0.0059386086327138515,0.048341065516718115
MEND82,Visium,Mus musculus,Bone,success,32,E:\Hestdata\st\MEND82.h5ad,4694e10179059da8819eecca40fc9ed9e3e42ceae0f6d068f50e6d4eb5bb04eb,D:\HEST1000BenchRun\COUNT-HEST-SHARED-K32-001\main\MEND82\VALUE_K32\attempt01\RESULT.json,,1305,19465,25401825,3551863,1934775,1926469,1808762,D:\HEST1000BenchRun\COUNT-HEST-SHARED-K32-001\main\MEND82\VALUE_K32\attempt01\archive.cnt,424603cb98d04384232b59b0f3e94c8fe03a556f437995963c8c246f9fcaa98b,True,True,26,8306,0.42930056466514194,0.5696478894725083,4.073945419629079,0.6067182968152879,4.339061500964424,34266491,203214600,42627580,"{""values"": {""shape"": [3551863], ""dtype"": ""<i8"", ""nbytes"": 28414904}, ""indices"": {""shape"": [3551863], ""dtype"": ""<i4"", ""nbytes"": 14207452}, ""indptr"": {""shape"": [1306], ""dtype"": ""<i4"", ""nbytes"": 5224}}",1,5.34400000000096,2.0939999999991414,222826496,0.056220200661923625,0.009479973387738873,0.045193018229043265
MEND83,Visium,Mus musculus,Bone,success,32,E:\Hestdata\st\MEND83.h5ad,859d9906d14a824a396ecc17f1b27451243a153c50601aba34b3885aec2b613d,D:\HEST1000BenchRun\COUNT-HEST-SHARED-K32-001\main\MEND83\VALUE_K32\attempt01\RESULT.json,,1240,32285,40033400,246516,340447,344233,195179,D:\HEST1000BenchRun\COUNT-HEST-SHARED-K32-001\main\MEND83\VALUE_K32\attempt01\archive.cnt,0d5e1d9d8c3e557283ff505e0523f4a467cd869b00cb54288c09005e4c7eb285,True,True,23,-3786,-1.1120673702514636,0.03900323230102864,6.333998604553051,0.06878916105052281,11.171136964740626,9484747,320267200,2963156,"{""values"": {""shape"": [246516], ""dtype"": ""<i8"", ""nbytes"": 1972128}, ""indices"": {""shape"": [246516], ""dtype"": ""<i4"", ""nbytes"": 986064}, ""indptr"": {""shape"": [1241], ""dtype"": ""<i4"", ""nbytes"": 4964}}",1,2.7659999999996217,0.9380000000001019,188366848,0.0362933244292125,0.001074830641414419,0.11617106895485758
MEND84,Visium,Mus musculus,Bone,success,32,E:\Hestdata\st\MEND84.h5ad,c39ebc4540d9fe9214c0ce6e73aac7d417036213bf165f510edb3591bad644bf,D:\HEST1000BenchRun\COUNT-HEST-SHARED-K32-001\main\MEND84\VALUE_K32\attempt01\RESULT.json,,1298,32285,41905930,1165722,907674,909893,749540,D:\HEST1000BenchRun\COUNT-HEST-SHARED-K32-001\main\MEND84\VALUE_K32\attempt01\archive.cnt,434db4211a821af0dfe695a1b97294963fb3f72b5d0281f2954781581bf564bf,True,True,25,-2219,-0.2444710325513345,0.14309001136593316,5.143867920481899,0.17370200351119758,6.244322402768413,16859811,335247440,13993860,"{""values"": {""shape"": [1165722], ""dtype"": ""<i8"", ""nbytes"": 9325776}, ""indices"": {""shape"": [1165722], ""dtype"": ""<i4"", ""nbytes"": 4662888}, ""indptr"": {""shape"": [1299], ""dtype"": ""<i4"", ""nbytes"": 5196}}",1,3.5,1.2809999999990396,200425472,0.05396816132754988,0.002714093804862462,0.06502087344020878
MEND85,Visium,Homo sapiens,Lung,success,32,E:\Hestdata\st\MEND85.h5ad,d615b38e84f3d3eb82ab77a2bc6b5f57907c77a306fa22a62a0d97874c2451e4,D:\HEST1000BenchRun\COUNT-HEST-SHARED-K32-001\main\MEND85\VALUE_K32\attempt01\RESULT.json,,2462,36601,90111662,478790,612831,617225,421321,D:\HEST1000BenchRun\COUNT-HEST-SHARED-K32-001\main\MEND85\VALUE_K32\attempt01\archive.cnt,2dc29c064c4fe5c770ff2fdf8849248563c6871ee512a9b6cb31b02b3d705939,True,True,16,-4394,-0.7170002822964243,0.03740434839610438,7.039762735228388,0.054796459086505364,10.313080891413772,11947207,720893296,5755332,"{""values"": {""shape"": [478790], ""dtype"": ""<i8"", ""nbytes"": 3830320}, ""indices"": {""shape"": [478790], ""dtype"": ""<i4"", ""nbytes"": 1915160}, ""indptr"": {""shape"": [2463], ""dtype"": ""<i4"", ""nbytes"": 9852}}",1,3.938000000000102,1.265000000001237,198443008,0.051662702420741516,0.0008561946732266463,0.10724403040519644
MEND86,Visium,Homo sapiens,Lung,success,32,E:\Hestdata\st\MEND86.h5ad,1d8c3fd0173ed4ea92965965994f60dd24015dce0a91e0328f804bf2338dcdcc,D:\HEST1000BenchRun\COUNT-HEST-SHARED-K32-001\main\MEND86\VALUE_K32\attempt01\RESULT.json,,3236,36601,118440836,826313,903742,908314,695670,D:\HEST1000BenchRun\COUNT-HEST-SHARED-K32-001\main\MEND86\VALUE_K32\attempt01\archive.cnt,6671a88e2e5074d4cdc22badfd4f99dca485bc13c318f9c30fea14b0ce949fd4,True,True,15,-4572,-0.5058965943820249,0.046988523451489315,6.735171781153147,0.061351407550010874,8.793897711883995,14805499,947526688,9928704,"{""values"": {""shape"": [826313], ""dtype"": ""<i8"", ""nbytes"": 6610504}, ""indices"": {""shape"": [826313], ""dtype"": ""<i4"", ""nbytes"": 3305252}, ""indptr"": {""shape"": [3237], ""dtype"": ""<i4"", ""nbytes"": 12948}}",1,4.890999999999622,1.5619999999998981,208064512,0.06134977281076443,0.0009586157429689199,0.09148364177238036
MEND87,Visium,Homo sapiens,Lung,success,32,E:\Hestdata\st\MEND87.h5ad,a0d200a528afe241a94b7006dad9b68d9536c84174ef836dac2d876e3e79e9e3,D:\HEST1000BenchRun\COUNT-HEST-SHARED-K32-001\main\MEND87\VALUE_K32\attempt01\RESULT.json,,1508,36601,55194308,2115185,1521212,1523287,1329439,D:\HEST1000BenchRun\COUNT-HEST-SHARED-K32-001\main\MEND87\VALUE_K32\attempt01\archive.cnt,012c7575cd285261fb7d1559e5c146fd037e088c11bea69fec57dc3c744ef28e,True,True,25,-2075,-0.13640439333899548,0.19269218847711617,5.028171058323504,0.2207889987496537,5.761338133543874,24788103,441554464,25388256,"{""values"": {""shape"": [2115185], ""dtype"": ""<i8"", ""nbytes"": 16921480}, ""indices"": {""shape"": [2115185], ""dtype"": ""<i4"", ""nbytes"": 8460740}, ""indptr"": {""shape"": [1509], ""dtype"": ""<i4"", ""nbytes"": 6036}}",1,4.718999999999141,1.610000000000582,215482368,0.061452342682294,0.003449828105463339,0.059999670713892284
MEND88,Visium,Homo sapiens,Lung,success,32,E:\Hestdata\st\MEND88.h5ad,8f13d8a3bcde5a062a2f6394e62b554b94c3a45a79cf7b8f9348b00e38cff8bf,D:\HEST1000BenchRun\COUNT-HEST-SHARED-K32-001\main\MEND88\VALUE_K32\attempt01\RESULT.json,,986,36601,36088586,1396288,1063517,1067162,885512,D:\HEST1000BenchRun\COUNT-HEST-SHARED-K32-001\main\MEND88\VALUE_K32\attempt01\archive.cnt,c563d4ee9de3f64bcf8c118a2b192a14ff15980d48e83a30478aea8acb9dff07,True,True,24,-3645,-0.34273076970090743,0.19629741104292642,5.073520649035156,0.23656499038227766,6.114280148508044,18931471,288708688,16759404,"{""values"": {""shape"": [1396288], ""dtype"": ""<i8"", ""nbytes"": 11170304}, ""indices"": {""shape"": [1396288], ""dtype"": ""<i4"", ""nbytes"": 5585152}, ""indptr"": {""shape"": [987], ""dtype"": ""<i4"", ""nbytes"": 3948}}",1,3.640000000001237,1.2809999999990396,202969088,0.056369734818810434,0.0036963279747230884,0.06367541471045152
MEND89,Visium,Homo sapiens,Lung,success,32,E:\Hestdata\st\MEND89.h5ad,5b5e5cf5206d081acf8e01e80d1d98e9629c019bf62ad5cbc66e6dad245290dc,D:\HEST1000BenchRun\COUNT-HEST-SHARED-K32-001\main\MEND89\VALUE_K32\attempt01\RESULT.json,,3712,17943,66604416,7999118,4422075,4386900,4227748,D:\HEST1000BenchRun\COUNT-HEST-SHARED-K32-001\main\MEND89\VALUE_K32\attempt01\archive.cnt,196380b685bc55739a86e941c5cab8010b11cfd53c17138e18b8793bb4ea7d47,True,True,22,35175,0.7954410542562033,0.5078039269948708,4.228214160611207,0.5269200168349197,4.387383709053923,69931901,532835328,96004268,"{""values"": {""shape"": [7999118], ""dtype"": ""<i8"", ""nbytes"": 63992944}, ""indices"": {""shape"": [7999118], ""dtype"": ""<i4"", ""nbytes"": 31996472}, ""indptr"": {""shape"": [3713], ""dtype"": ""<i4"", ""nbytes"": 14852}}",1,10.21900000000096,3.8590000000003783,386564096,0.06273102743195841,0.008233125263045621,0.0456948434834168
MEND9,Spatial Transcriptomics,Homo sapiens,Prostate,success,32,E:\Hestdata\st\MEND9.h5ad,87d94a421b1a0cf83bd11e2dc1e670713a1baa335f0a30ecfa245ad2dc2204f7,D:\HEST1000BenchRun\COUNT-HEST-SHARED-K32-001\main\MEND9\VALUE_K32\attempt01\RESULT.json,,177,24338,4307826,28481,123433,125311,25330,D:\HEST1000BenchRun\COUNT-HEST-SHARED-K32-001\main\MEND9\VALUE_K32\attempt01\archive.cnt,d06d13a015ee93782749cb2cbf420d00713105fca0f0c2b06a49b856024c0cc1,True,True,15,-1878,-1.5214731878833052,0.04703996865240147,7.114918717741652,0.23271320615085195,35.198483199325864,39427450,34462608,342484,"{""values"": {""shape"": [28481], ""dtype"": ""<i8"", ""nbytes"": 227848}, ""indices"": {""shape"": [28481], ""dtype"": ""<i4"", ""nbytes"": 113924}, ""indptr"": {""shape"": [178], ""dtype"": ""<i4"", ""nbytes"": 712}}",1,1.9060000000008586,0.7969999999986612,160792576,0.0031782679326205474,0.0036361438461070617,0.36588862545403583
MEND90,Visium,Homo sapiens,Lung,success,32,E:\Hestdata\st\MEND90.h5ad,24302a3fbd53f004bca3680aeb0a4faae21a19ebc3962bc23818a7a76ecb3f31,D:\HEST1000BenchRun\COUNT-HEST-SHARED-K32-001\main\MEND90\VALUE_K32\attempt01\RESULT.json,,2726,17943,48912618,9410791,4854983,4816518,4672820,D:\HEST1000BenchRun\COUNT-HEST-SHARED-K32-001\main\MEND90\VALUE_K32\attempt01\archive.cnt,1da08410245bfabb6f406054fde39e91b71f4d6b5fb82fd4beb3d48b75217429,True,True,23,38465,0.7922787783191002,0.7642723192612589,3.9723079600853954,0.7877751299265968,4.094463897880635,81095585,391300944,112940400,"{""values"": {""shape"": [9410791], ""dtype"": ""<i8"", ""nbytes"": 75286328}, ""indices"": {""shape"": [9410791], ""dtype"": ""<i4"", ""nbytes"": 37643164}, ""indptr"": {""shape"": [2727], ""dtype"": ""<i4"", ""nbytes"": 10908}}",1,11.264999999999418,4.2039999999997235,418668544,0.05939309766370142,0.012308986405103075,0.04264654632000595
MEND91,Visium,Homo sapiens,Bowel,success,32,E:\Hestdata\st\MEND91.h5ad,6feac06cd009999cd689c4fb861d98e0808dfd9faabe9114471a7885758d8892,D:\HEST1000BenchRun\COUNT-HEST-SHARED-K32-001\main\MEND91\VALUE_K32\attempt01\RESULT.json,,1154,17943,20706222,1912866,1185974,1185088,1076974,D:\HEST1000BenchRun\COUNT-HEST-SHARED-K32-001\main\MEND91\VALUE_K32\attempt01\archive.cnt,fd4eb2a898b7cde98d281034a73b511b036a28f2bf34eb4c7bae7b31c360bcde,True,True,22,886,0.07470652813636725,0.41609676550362495,4.504127314720424,0.457867398504662,4.9562823532855935,20720889,165649776,22959012,"{""values"": {""shape"": [1912866], ""dtype"": ""<i8"", ""nbytes"": 15302928}, ""indices"": {""shape"": [1912866], ""dtype"": ""<i4"", ""nbytes"": 7651464}, ""indptr"": {""shape"": [1155], ""dtype"": ""<i4"", ""nbytes"": 4620}}",1,3.7809999999990396,1.4219999999986612,199712768,0.05719291291025207,0.007154178101635344,0.05161755218386575
MEND93,Visium,Homo sapiens,Bowel,success,32,E:\Hestdata\st\MEND93.h5ad,b7d8dc15e3f153b19ac10a0dbe73d4542c3b0a7d55c992267b62ec39e7dc0fc7,D:\HEST1000BenchRun\COUNT-HEST-SHARED-K32-001\main\MEND93\VALUE_K32\attempt01\RESULT.json,,3742,17943,67142706,1195786,1083334,1085577,930205,D:\HEST1000BenchRun\COUNT-HEST-SHARED-K32-001\main\MEND93\VALUE_K32\attempt01\archive.cnt,649a4316c8eba0a0a3a0e88c3d90a227d5c4e33df8f941a5945daa7a82bec15f,True,True,18,-2243,-0.20704602643321451,0.11083318566278816,6.223220542806154,0.12934563584613346,7.262684125754943,15486373,537141648,14364404,"{""values"": {""shape"": [1195786], ""dtype"": ""<i8"", ""nbytes"": 9566288}, ""indices"": {""shape"": [1195786], ""dtype"": ""<i4"", ""nbytes"": 4783144}, ""indptr"": {""shape"": [3743], ""dtype"": ""<i4"", ""nbytes"": 14972}}",1,4.233999999998559,1.4219999999986612,197693440,0.07009885400538912,0.0020210255600958352,0.07557410665976813
MEND95,Visium,Homo sapiens,Bowel,success,32,E:\Hestdata\st\MEND95.h5ad,3d12ee3a571c2835c50dabb886aa7e9894c8fe3cb0ef14eeacdb792d68b2c6c4,D:\HEST1000BenchRun\COUNT-HEST-SHARED-K32-001\main\MEND95\VALUE_K32\attempt01\RESULT.json,,1738,36601,63612538,780167,765900,770853,585289,D:\HEST1000BenchRun\COUNT-HEST-SHARED-K32-001\main\MEND95\VALUE_K32\attempt01\archive.cnt,fa5a850f2dd2ae9cde0877926bd4bae724bc8bfb079dcbb65a6072032424a4e0,True,True,20,-4953,-0.6466901684292988,0.07360674714786572,6.001679127673946,0.09694353022041033,7.9044922433273905,14228695,508900304,9368960,"{""values"": {""shape"": [780167], ""dtype"": ""<i8"", ""nbytes"": 6241336}, ""indices"": {""shape"": [780167], ""dtype"": ""<i4"", ""nbytes"": 3120668}, ""indptr"": {""shape"": [1739], ""dtype"": ""<i4"", ""nbytes"": 6956}}",1,3.6560000000008586,1.3130000000001019,199049216,0.054175945158709216,0.0015147426596939114,0.08227732854020084
MEND96,Visium,Homo sapiens,Bowel,success,32,E:\Hestdata\st\MEND96.h5ad,65c3bb9726c9cab5501de288a098121d78b81438bcb987de5d02da84a3ea50d6,D:\HEST1000BenchRun\COUNT-HEST-SHARED-K32-001\main\MEND96\VALUE_K32\attempt01\RESULT.json,,3360,17943,60288480,2510717,1751971,1746876,1597012,D:\HEST1000BenchRun\COUNT-HEST-SHARED-K32-001\main\MEND96\VALUE_K32\attempt01\archive.cnt,8c6425dc9b9b74aeef68837b963fd7543de5aa19d5fdc2b4629e84ddc433924b,True,True,19,5095,0.29081531600694305,0.21191604100816608,5.08862448455959,0.23180229456771842,5.5661422613540275,25944445,482307840,30142048,"{""values"": {""shape"": [2510717], ""dtype"": ""<i8"", ""nbytes"": 20085736}, ""indices"": {""shape"": [2510717], ""dtype"": ""<i4"", ""nbytes"": 10042868}, ""indptr"": {""shape"": [3361], ""dtype"": ""<i4"", ""nbytes"": 13444}}",1,5.17200000000048,1.7810000000008586,213975040,0.06733140755178998,0.0036219108526206003,0.05795478794274364
MISC10,Visium,Homo sapiens,Brain,success,32,E:\Hestdata\st\MISC10.h5ad,83775c3d9f3df49b93ee707a36c080b5b149bdfb1bfb1350868c9af4b5ca3e23,D:\HEST1000BenchRun\COUNT-HEST-SHARED-K32-001\main\MISC10\VALUE_K32\attempt01\RESULT.json,,4789,33538,160613482,6867490,4318387,4278453,3974483,D:\HEST1000BenchRun\COUNT-HEST-SHARED-K32-001\main\MISC10\VALUE_K32\attempt01\archive.cnt,84fd26c22563d40f4e4a7f6cc99328a2f5e822c9086f8a81237aa414945194cd,True,True,22,39934,0.9247434285069865,0.19796509984136948,4.6299104913148765,0.21310554739109636,4.984007839836679,63090667,1284907856,82429040,"{""values"": {""shape"": [6867490], ""dtype"": ""<i8"", ""nbytes"": 54939920}, ""indices"": {""shape"": [6867490], ""dtype"": ""<i4"", ""nbytes"": 27469960}, ""indptr"": {""shape"": [4790], ""dtype"": ""<i4"", ""nbytes"": 19160}}",1,11.140000000001237,3.67200000000048,356409344,0.06781435675739488,0.0033297741779858806,0.05190468068049804
MISC11,Visium,Homo sapiens,Brain,success,32,E:\Hestdata\st\MISC11.h5ad,2008ba261a010ed9c766e02dc8ae0a2cc815509822e78656cf6a6517f6d4f3ae,D:\HEST1000BenchRun\COUNT-HEST-SHARED-K32-001\main\MISC11\VALUE_K32\attempt01\RESULT.json,,4384,33538,147030592,5222930,3423734,3394103,3104177,D:\HEST1000BenchRun\COUNT-HEST-SHARED-K32-001\main\MISC11\VALUE_K32\attempt01\archive.cnt,f6ee6812085b557b48faae8a62f24df1305641c49963fabcdc1fac1fb46c7dc4,True,True,20,29631,0.8654585899488687,0.1688996532095851,4.754690566406213,0.18467465600628202,5.198772336600338,49864070,1176244736,62692700,"{""values"": {""shape"": [5222930], ""dtype"": ""<i8"", ""nbytes"": 41783440}, ""indices"": {""shape"": [5222930], ""dtype"": ""<i4"", ""nbytes"": 20891720}, ""indptr"": {""shape"": [4385], ""dtype"": ""<i4"", ""nbytes"": 17540}}",1,9.343999999999141,3.125,288468992,0.06806710723773651,0.0028855415000981566,0.0541387274754477
MISC12,Visium,Homo sapiens,Brain,success,32,E:\Hestdata\st\MISC12.h5ad,aeb381345bd84d777d62c0284e071404c8b3b34bc01f84c77ca8190db5392b28,D:\HEST1000BenchRun\COUNT-HEST-SHARED-K32-001\main\MISC12\VALUE_K32\attempt01\RESULT.json,,4226,33538,141731588,5959380,3772609,3738127,3452012,D:\HEST1000BenchRun\COUNT-HEST-SHARED-K32-001\main\MISC12\VALUE_K32\attempt01\archive.cnt,3ed7757563bc3c6c6f3e26e6b37b89537f6a9c8cac9937b85c25bdb80350d71d,True,True,21,34482,0.9140093765349125,0.19484785565233348,4.6340552205095165,0.21099753711924826,5.01814215572761,55733104,1133852704,71529468,"{""values"": {""shape"": [5959380], ""dtype"": ""<i8"", ""nbytes"": 47675040}, ""indices"": {""shape"": [5959380], ""dtype"": ""<i4"", ""nbytes"": 23837520}, ""indptr"": {""shape"": [4227], ""dtype"": ""<i4"", ""nbytes"": 16908}}",1,9.859000000000378,3.29700000000048,332623872,0.06707193268833546,0.003296836517488254,0.05225995809167768
MISC13,Visium,Homo sapiens,Lung,success,32,E:\Hestdata\st\MISC13.h5ad,f60bdedadabe94ae71fff632f29e441a79f7e09c0c54b207efcd4a0b6088e1ff,D:\HEST1000BenchRun\COUNT-HEST-SHARED-K32-001\main\MISC13\VALUE_K32\attempt01\RESULT.json,,1768,17922,31686096,3979606,2423655,2424959,2300125,D:\HEST1000BenchRun\COUNT-HEST-SHARED-K32-001\main\MISC13\VALUE_K32\attempt01\archive.cnt,3856e256c9972b5f54df66a5898f389b8eb281ac1c9d715bec5b13611ecdbd00,True,True,30,-1304,-0.05380303714843903,0.5807279003383692,4.623824569567942,0.6122455729478318,4.874772025170331,36141810,253488768,47762348,"{""values"": {""shape"": [3979606], ""dtype"": ""<i8"", ""nbytes"": 31836848}, ""indices"": {""shape"": [3979606], ""dtype"": ""<i4"", ""nbytes"": 15918424}, ""indptr"": {""shape"": [1769], ""dtype"": ""<i4"", ""nbytes"": 7076}}",1,6.0,2.17200000000048,251641856,0.06709567119078984,0.009566337077309871,0.050771352363162714
MISC14,Visium,Homo sapiens,Lung,success,32,E:\Hestdata\st\MISC14.h5ad,e09884666b90518a6322e16c45a309438f3c2f3718d58cdf81777c97b5b87da0,D:\HEST1000BenchRun\COUNT-HEST-SHARED-K32-001\main\MISC14\VALUE_K32\attempt01\RESULT.json,,1670,17922,29929740,3669544,2230115,2230696,2108711,D:\HEST1000BenchRun\COUNT-HEST-SHARED-K32-001\main\MISC14\VALUE_K32\attempt01\archive.cnt,01c6f913a8457083e0e85ebc1a3078caef8a3fb7e504b1a99a7023a02564c72a,True,True,28,-581,-0.026052468146261516,0.5636429852046827,4.597216438881779,0.5962486810777508,4.863156839105894,33645914,239437920,44041212,"{""values"": {""shape"": [3669544], ""dtype"": ""<i8"", ""nbytes"": 29356352}, ""indices"": {""shape"": [3669544], ""dtype"": ""<i4"", ""nbytes"": 14678176}, ""indptr"": {""shape"": [1671], ""dtype"": ""<i4"", ""nbytes"": 6684}}",1,5.688000000000102,2.2030000000013388,245231616,0.06629916488522201,0.009316385641839856,0.050650195548660196
MISC15,Visium,Homo sapiens,Lung,success,32,E:\Hestdata\st\MISC15.h5ad,79c0751c2daf7da4ba014b7e731b530f5a26577d410f33983472a146b6a6b142,D:\HEST1000BenchRun\COUNT-HEST-SHARED-K32-001\main\MISC15\VALUE_K32\attempt01\RESULT.json,,2501,17922,44822922,9447900,5118291,5109299,4969296,D:\HEST1000BenchRun\COUNT-HEST-SHARED-K32-001\main\MISC15\VALUE_K32\attempt01\archive.cnt,78782f2e56e0ac90f0a2352e06d78c371ed53a8765bf3e44c5465868e57eec09,True,True,30,8992,0.17568364127791875,0.8869204912611454,4.207746483345505,0.9119082419481711,4.32629388541369,80060206,358583376,113384808,"{""values"": {""shape"": [9447900], ""dtype"": ""<i8"", ""nbytes"": 75583200}, ""indices"": {""shape"": [9447900], ""dtype"": ""<i4"", ""nbytes"": 37791600}, ""indptr"": {""shape"": [2502], ""dtype"": ""<i4"", ""nbytes"": 10008}}",1,11.75,4.514999999999418,472797184,0.06381820951097728,0.014248566280440174,0.04506158355888383
MISC18,Visium,Homo sapiens,Lung,success,32,E:\Hestdata\st\MISC18.h5ad,2bbeef9bbe759876de6700fba8372a2ae4de5e54958b4f6cd081dddc21d380bf,D:\HEST1000BenchRun\COUNT-HEST-SHARED-K32-001\main\MISC18\VALUE_K32\attempt01\RESULT.json,,2081,33538,69792578,1385831,1161185,1165265,977147,D:\HEST1000BenchRun\COUNT-HEST-SHARED-K32-001\main\MISC18\VALUE_K32\attempt01\archive.cnt,c66a39a1e8c23d0af60bb309fc0faecee9e5d675df9c359f5003c7ccca2406d0,True,True,19,-4080,-0.35136520020496304,0.11200583534828015,5.640785925556579,0.13356893049573265,6.726736521264137,17460126,558340624,16638300,"{""values"": {""shape"": [1385831], ""dtype"": ""<i8"", ""nbytes"": 11086648}, ""indices"": {""shape"": [1385831], ""dtype"": ""<i4"", ""nbytes"": 5543324}, ""indptr"": {""shape"": [2082], ""dtype"": ""<i4"", ""nbytes"": 8328}}",1,4.32799999999952,1.5779999999995198,212193280,0.06673863636493803,0.0020870145389958227,0.07003509973975706
MISC2,Visium,Homo sapiens,Brain,success,32,E:\Hestdata\st\MISC2.h5ad,bf3abe54027f59a9cb3207bf49e44ef696eff8d6c3a0485502a17e57fc71f1fb,D:\HEST1000BenchRun\COUNT-HEST-SHARED-K32-001\main\MISC2\VALUE_K32\attempt01\RESULT.json,,3592,33538,120468496,6492502,3934699,3906414,3637685,D:\HEST1000BenchRun\COUNT-HEST-SHARED-K32-001\main\MISC2\VALUE_K32\attempt01\archive.cnt,d3e01d79b066985bbdf45226ce3d34f1844b01a5f408724ed3494225cdd17b56,True,True,23,28285,0.7188605786617985,0.24156921490909955,4.482321299246423,0.2594148099931454,4.8134466496891335,59879950,963747968,77924396,"{""values"": {""shape"": [6492502], ""dtype"": ""<i8"", ""nbytes"": 51940016}, ""indices"": {""shape"": [6492502], ""dtype"": ""<i4"", ""nbytes"": 25970008}, ""indptr"": {""shape"": [3593], ""dtype"": ""<i4"", ""nbytes"": 14372}}",1,10.328000000001339,3.625,347410432,0.0652374292229703,0.004053356406142897,0.05013082167489627
MISC20,Visium,Homo sapiens,Lung,success,32,E:\Hestdata\st\MISC20.h5ad,32022467288d470c7ca7b7b408d3923025a85ad648b9207634d7a861be5c7fd8,D:\HEST1000BenchRun\COUNT-HEST-SHARED-K32-001\main\MISC20\VALUE_K32\attempt01\RESULT.json,,3316,33538,111212008,2051783,1639422,1640701,1428075,D:\HEST1000BenchRun\COUNT-HEST-SHARED-K32-001\main\MISC20\VALUE_K32\attempt01\archive.cnt,217e067ca68bcffb86dfcff5482850cfc2d9c287465a908bd9b1e5cdf1c38668,True,True,20,-1279,-0.0780153005144496,0.10272811547472463,5.568132692394858,0.11802329834742306,6.397171630723132,23009030,889696064,24634664,"{""values"": {""shape"": [2051783], ""dtype"": ""<i8"", ""nbytes"": 16414264}, ""indices"": {""shape"": [2051783], ""dtype"": ""<i4"", ""nbytes"": 8207132}, ""indptr"": {""shape"": [3317], ""dtype"": ""<i4"", ""nbytes"": 13268}}",1,6.0,2.04700000000048,221650944,0.07130683040528002,0.0018441140366784853,0.06660131431059908
MISC21,Visium,Homo sapiens,Lung,success,32,E:\Hestdata\st\MISC21.h5ad,f7e35db55fc1ebc6aea4a6cee92f1476149952e0a2387b3fdd31d8618e9c54fb,D:\HEST1000BenchRun\COUNT-HEST-SHARED-K32-001\main\MISC21\VALUE_K32\attempt01\RESULT.json,,2987,33538,100178006,726567,797854,802504,605378,D:\HEST1000BenchRun\COUNT-HEST-SHARED-K32-001\main\MISC21\VALUE_K32\attempt01\archive.cnt,40885f2937a41a370a3090cccb670dbedc8a254aee0a8a14f6024330664e748a,True,True,16,-4650,-0.5828133969372843,0.048344184451026104,6.665626156982081,0.06408624264292104,8.836118348342273,12325534,801424048,8730756,"{""values"": {""shape"": [726567], ""dtype"": ""<i8"", ""nbytes"": 5812536}, ""indices"": {""shape"": [726567], ""dtype"": ""<i4"", ""nbytes"": 2906268}, ""indptr"": {""shape"": [2988], ""dtype"": ""<i4"", ""nbytes"": 11952}}",1,4.57799999999952,1.4690000000009604,201797632,0.0651090654571234,0.0010013475412956412,0.09191689700181749
MISC22,Visium,Homo sapiens,Lung,success,32,E:\Hestdata\st\MISC22.h5ad,ffb5f11b01e5f99ba1eb536090815e77ff97b6fa4149f2bdd8b2d6666909fb35,D:\HEST1000BenchRun\COUNT-HEST-SHARED-K32-001\main\MISC22\VALUE_K32\attempt01\RESULT.json,,2704,33538,90686752,3554390,2463380,2465455,2261573,D:\HEST1000BenchRun\COUNT-HEST-SHARED-K32-001\main\MISC22\VALUE_K32\attempt01\archive.cnt,cc145e67bef320375b4863f852f3a06498631b27cbb8aeb0f14c55c78efb27f8,True,True,24,-2075,-0.0842338575453239,0.19950636229644655,5.090207883771899,0.21749196619148958,5.549092811987429,34928154,725494016,42663500,"{""values"": {""shape"": [3554390], ""dtype"": ""<i8"", ""nbytes"": 28435120}, ""indices"": {""shape"": [3554390], ""dtype"": ""<i4"", ""nbytes"": 14217560}, ""indptr"": {""shape"": [2705], ""dtype"": ""<i4"", ""nbytes"": 10820}}",1,6.82799999999952,2.5159999999996217,255954944,0.07058646729512244,0.0033983119717420247,0.057788390544610733
MISC23,Visium,Homo sapiens,Lung,success,32,E:\Hestdata\st\MISC23.h5ad,790763d3a1deeff4a0bba02a0ec117049e16e6420178e35429d4a5abb98e2c78,D:\HEST1000BenchRun\COUNT-HEST-SHARED-K32-001\main\MISC23\VALUE_K32\attempt01\RESULT.json,,436,33538,14622568,1384266,974094,978111,817973,D:\HEST1000BenchRun\COUNT-HEST-SHARED-K32-001\main\MISC23\VALUE_K32\attempt01\archive.cnt,c6b8b977f252c203f2bff2112449cdd6957a7086b97fbc826eb13f3838005ade,True,True,24,-4017,-0.41238319915737087,0.4475126393667651,4.727259067260194,0.5351240630236769,5.652734373306864,17147734,116980544,16612940,"{""values"": {""shape"": [1384266], ""dtype"": ""<i8"", ""nbytes"": 11074128}, ""indices"": {""shape"": [1384266], ""dtype"": ""<i4"", ""nbytes"": 5537064}, ""indptr"": {""shape"": [437], ""dtype"": ""<i4"", ""nbytes"": 1748}}",1,3.265000000001237,1.3119999999998981,200122368,0.057040248000114764,0.008361313484744951,0.058876454137557835
MISC24,Visium,Homo sapiens,Lung,success,32,E:\Hestdata\st\MISC24.h5ad,1b0a16aca3482f508137322ea94d463a78ff042b031f4700aec296ee0b94d534,D:\HEST1000BenchRun\COUNT-HEST-SHARED-K32-001\main\MISC24\VALUE_K32\attempt01\RESULT.json,,875,33538,29345750,589297,564041,568707,411513,D:\HEST1000BenchRun\COUNT-HEST-SHARED-K32-001\main\MISC24\VALUE_K32\attempt01\archive.cnt,46c6eb5f482e579d6ace218d242970ebeb8e792a1819e8b4880a855d99f0b422,True,True,17,-4666,-0.8272448279469046,0.11218333148752374,5.586493737453271,0.1550362829370522,7.720480504737,10845086,234766000,7075068,"{""values"": {""shape"": [589297], ""dtype"": ""<i8"", ""nbytes"": 4714376}, ""indices"": {""shape"": [589297], ""dtype"": ""<i4"", ""nbytes"": 2357188}, ""indptr"": {""shape"": [876], ""dtype"": ""<i4"", ""nbytes"": 3504}}",1,2.813000000000102,1.0940000000009604,192266240,0.05243914156144082,0.002422441920891441,0.08038184226639235
MISC25,Visium,Homo sapiens,Lung,success,32,E:\Hestdata\st\MISC25.h5ad,d6e926dbed2c97de5fa7d6315a283036c00bab6e339ac9c243345fb5b7a722bd,D:\HEST1000BenchRun\COUNT-HEST-SHARED-K32-001\main\MISC25\VALUE_K32\attempt01\RESULT.json,,2249,33538,75426962,418394,535273,539554,358876,D:\HEST1000BenchRun\COUNT-HEST-SHARED-K32-001\main\MISC25\VALUE_K32\attempt01\archive.cnt,b184d183e09e2d67cfcaa2d85cd04bf0f41900b26ed8da495ebf35d1c4aaa433,True,True,14,-4281,-0.7997788044605276,0.038063418224374465,6.861972208014455,0.05722664529429145,10.316668021051926,9719270,603415696,5029728,"{""values"": {""shape"": [418394], ""dtype"": ""<i8"", ""nbytes"": 3347152}, ""indices"": {""shape"": [418394], ""dtype"": ""<i4"", ""nbytes"": 1673576}, ""indptr"": {""shape"": [2250], ""dtype"": ""<i4"", ""nbytes"": 9000}}",1,3.5159999999996217,1.1720000000004802,195051520,0.055513840031195756,0.0008941663327233039,0.10727299766508248
MISC26,Visium,Homo sapiens,Lung,success,32,E:\Hestdata\st\MISC26.h5ad,3540b28171eb03bb91f05d39697309551e667e17dad39f20bf422c20d0fe08e5,D:\HEST1000BenchRun\COUNT-HEST-SHARED-K32-001\main\MISC26\VALUE_K32\attempt01\RESULT.json,,2524,33538,84649912,4155405,2730027,2726644,2523518,D:\HEST1000BenchRun\COUNT-HEST-SHARED-K32-001\main\MISC26\VALUE_K32\attempt01\archive.cnt,619b168fa1efbbe5285ed11acb0bbd639a8d35ba5c5ea0ad82a65c0e2a041986,True,True,25,3383,0.12391818835491371,0.23848984036746548,4.858285534141678,0.25768664709302946,5.249344408066121,39703466,677199296,49874960,"{""values"": {""shape"": [4155405], ""dtype"": ""<i8"", ""nbytes"": 33243240}, ""indices"": {""shape"": [4155405], ""dtype"": ""<i4"", ""nbytes"": 16621620}, ""indptr"": {""shape"": [2525], ""dtype"": ""<i4"", ""nbytes"": 10100}}",1,6.983999999998559,2.610000000000582,266866688,0.06867521339320855,0.004026353860828585,0.05466959773000319
MISC27,Visium,Homo sapiens,Lung,success,32,E:\Hestdata\st\MISC27.h5ad,87872755c6b504b7494d024d335e503da7784f2786a3776ac6edccf7d6221c44,D:\HEST1000BenchRun\COUNT-HEST-SHARED-K32-001\main\MISC27\VALUE_K32\attempt01\RESULT.json,,408,33538,13683504,1155491,858263,862477,703644,D:\HEST1000BenchRun\COUNT-HEST-SHARED-K32-001\main\MISC27\VALUE_K32\attempt01\archive.cnt,798f2bf2e7ef5f334938b6994666cbc0e231808a321409487609db73f53c9a03,True,True,23,-4214,-0.4909916890277223,0.4113823476793663,4.871653695268938,0.5042433575493529,5.9713282059315045,15304854,109468032,13867528,"{""values"": {""shape"": [1155491], ""dtype"": ""<i8"", ""nbytes"": 9243928}, ""indices"": {""shape"": [1155491], ""dtype"": ""<i4"", ""nbytes"": 4621964}, ""indptr"": {""shape"": [409], ""dtype"": ""<i4"", ""nbytes"": 1636}}",1,3.0310000000008586,1.110000000000582,195997696,0.05635316743302484,0.007878802461708639,0.06219399737285549
MISC28,Visium,Homo sapiens,Lung,success,32,E:\Hestdata\st\MISC28.h5ad,23f10e4f6cd25bf699beaa11dd42ee4b99a70937aea7288215ac797c576de86f,D:\HEST1000BenchRun\COUNT-HEST-SHARED-K32-001\main\MISC28\VALUE_K32\attempt01\RESULT.json,,863,33538,28943294,1092213,852583,856144,695606,D:\HEST1000BenchRun\COUNT-HEST-SHARED-K32-001\main\MISC28\VALUE_K32\attempt01\archive.cnt,1e03d3247a78a7396a1fe4911711adef8e9b71fc5c93ac23505ac81263217652,True,True,20,-3561,-0.41767194513613337,0.1922672657783872,5.095020843004066,0.23664037686933628,6.27089404722339,14878990,231546352,13110012,"{""values"": {""shape"": [1092213], ""dtype"": ""<i8"", ""nbytes"": 8737704}, ""indices"": {""shape"": [1092213], ""dtype"": ""<i4"", ""nbytes"": 4368852}, ""indptr"": {""shape"": [864], ""dtype"": ""<i4"", ""nbytes"": 3456}}",1,3.1710000000002765,1.2659999999996217,198283264,0.05754046477617096,0.0036975058885833794,0.06530459316131823
MISC29,Visium,Homo sapiens,Lung,success,32,E:\Hestdata\st\MISC29.h5ad,bbd6f690d8bd0be1f123985f1a0dea21f6928880cea3f01c990c25d2a916a088,D:\HEST1000BenchRun\COUNT-HEST-SHARED-K32-001\main\MISC29\VALUE_K32\attempt01\RESULT.json,,2283,33538,76567254,1554141,1287232,1291802,1100485,D:\HEST1000BenchRun\COUNT-HEST-SHARED-K32-001\main\MISC29\VALUE_K32\attempt01\archive.cnt,516fb69d8da994ce841a173b51cdb4a6ce78febaa0abac8d7811e6a1ce3fb442,True,True,16,-4570,-0.35502535673445035,0.11498231345739525,5.664788458704841,0.1349717465380174,6.649600004118031,20087942,612538032,18658828,"{""values"": {""shape"": [1554141], ""dtype"": ""<i8"", ""nbytes"": 12433128}, ""indices"": {""shape"": [1554141], ""dtype"": ""<i4"", ""nbytes"": 6216564}, ""indptr"": {""shape"": [2284], ""dtype"": ""<i4"", ""nbytes"": 9136}}",1,4.563000000000102,1.5780000000013388,210182144,0.06430733422069816,0.002108933539656522,0.06923275138181241
MISC3,Visium,Homo sapiens,Brain,success,32,E:\Hestdata\st\MISC3.h5ad,87bbfa81ea7af66e9fa70c0a5d97627dbaafdfc7ca2c3664c50e33c756a0eb95,D:\HEST1000BenchRun\COUNT-HEST-SHARED-K32-001\main\MISC3\VALUE_K32\attempt01\RESULT.json,,3673,33538,123185074,9904553,5515913,5465201,5189938,D:\HEST1000BenchRun\COUNT-HEST-SHARED-K32-001\main\MISC3\VALUE_K32\attempt01\archive.cnt,552034e9f574fa9105d6165b7d4c2e547b66f68a70c3821132882a69e9dd2140,True,True,24,50712,0.9193763570962776,0.33704979549713954,4.191961414109248,0.354926182047023,4.414293911093211,87232383,985480592,118869332,"{""values"": {""shape"": [9904553], ""dtype"": ""<i8"", ""nbytes"": 79236424}, ""indices"": {""shape"": [9904553], ""dtype"": ""<i4"", ""nbytes"": 39618212}, ""indptr"": {""shape"": [3674], ""dtype"": ""<i4"", ""nbytes"": 14696}}",1,13.139999999999418,4.67200000000048,458289152,0.06265105700482812,0.005545721594484734,0.04597654338631263
MISC30,Visium,Homo sapiens,Lung,success,32,E:\Hestdata\st\MISC30.h5ad,9048795742727e81f4fba11b0b6f0de0b2c776e624b2652b7c39bbd28c5787aa,D:\HEST1000BenchRun\COUNT-HEST-SHARED-K32-001\main\MISC30\VALUE_K32\attempt01\RESULT.json,,2729,33538,91525202,1839831,1484839,1488909,1288969,D:\HEST1000BenchRun\COUNT-HEST-SHARED-K32-001\main\MISC30\VALUE_K32\attempt01\archive.cnt,1abaf803f50b38115172314a49b67801c750dd6a5cbed022aec696ba1e945ec5,True,True,20,-4070,-0.2741037917242206,0.11266571146163655,5.604727825544846,0.13014199083657854,6.474112024419634,22356334,732201616,22088892,"{""values"": {""shape"": [1839831], ""dtype"": ""<i8"", ""nbytes"": 14718648}, ""indices"": {""shape"": [1839831], ""dtype"": ""<i4"", ""nbytes"": 7359324}, ""indptr"": {""shape"": [2730], ""dtype"": ""<i4"", ""nbytes"": 10920}}",1,5.188000000000102,1.6869999999998981,216055808,0.06659897816878206,0.0020334686068215397,0.0674053275284247
MISC31,Visium,Homo sapiens,Lung,success,32,E:\Hestdata\st\MISC31.h5ad,f0615126a70e0478e293650c024571e4e703b975fd9aade19dc0c962d0af4bb7,D:\HEST1000BenchRun\COUNT-HEST-SHARED-K32-001\main\MISC31\VALUE_K32\attempt01\RESULT.json,,2524,33538,84649912,2073150,1623848,1627625,1429737,D:\HEST1000BenchRun\COUNT-HEST-SHARED-K32-001\main\MISC31\VALUE_K32\attempt01\archive.cnt,d2c26f810f3143b128820a0dbb6246a3c6a9a1f4fd9390b4a0bdbe0b85af7bcc,True,True,21,-3777,-0.23259566166291426,0.13511999870714572,5.517157948050069,0.15382177833805663,6.280780454863372,24298218,677199296,24887900,"{""values"": {""shape"": [2073150], ""dtype"": ""<i8"", ""nbytes"": 16585200}, ""indices"": {""shape"": [2073150], ""dtype"": ""<i4"", ""nbytes"": 8292600}, ""indptr"": {""shape"": [2525], ""dtype"": ""<i4"", ""nbytes"": 10100}}",1,5.156000000000859,1.7340000000003783,218304512,0.06698536493499235,0.002403465286532135,0.06539824573387068
MISC32,Visium,Homo sapiens,Lung,success,32,E:\Hestdata\st\MISC32.h5ad,089ac2ea75c3864723402893b8321fbaf30ab5e692771b0576e0f89a528dfc57,D:\HEST1000BenchRun\COUNT-HEST-SHARED-K32-001\main\MISC32\VALUE_K32\attempt01\RESULT.json,,1928,33538,64661264,1353291,1131972,1136758,953807,D:\HEST1000BenchRun\COUNT-HEST-SHARED-K32-001\main\MISC32\VALUE_K32\attempt01\archive.cnt,27cb7d51830e7d01ef542ca11ff0d6d826b8905c1f3e9d896c79fc441f003a60,True,True,22,-4786,-0.42280197743407083,0.11800660129378232,5.638444355279094,0.14064160576879536,6.719961929843619,18326226,517290112,16247208,"{""values"": {""shape"": [1353291], ""dtype"": ""<i8"", ""nbytes"": 10826328}, ""indices"": {""shape"": [1353291], ""dtype"": ""<i4"", ""nbytes"": 5413164}, ""indptr"": {""shape"": [1929], ""dtype"": ""<i4"", ""nbytes"": 7716}}",1,4.078000000001339,1.4069999999992433,206884864,0.0620290287809394,0.0021975250901374276,0.06996635975855052
MISC4,Visium,Homo sapiens,Brain,success,32,E:\Hestdata\st\MISC4.h5ad,f3e06363f4a175e40a0db0169f0ab81d582e9a245ea600103c417fe5494726e8,D:\HEST1000BenchRun\COUNT-HEST-SHARED-K32-001\main\MISC4\VALUE_K32\attempt01\RESULT.json,,3639,33538,122044782,8021506,4648795,4609683,4337468,D:\HEST1000BenchRun\COUNT-HEST-SHARED-K32-001\main\MISC4\VALUE_K32\attempt01\archive.cnt,aff524224d05bbe698f943ee51ad8e859f9611a5ca1a66d2a8510ce2d222f87e,True,True,24,39112,0.8413363032785915,0.28431976714907814,4.325839063138518,0.3021633813070353,4.597324243103477,72120949,976358256,96272632,"{""values"": {""shape"": [8021506], ""dtype"": ""<i8"", ""nbytes"": 64172048}, ""indices"": {""shape"": [8021506], ""dtype"": ""<i4"", ""nbytes"": 32086024}, ""indptr"": {""shape"": [3640], ""dtype"": ""<i4"", ""nbytes"": 14560}}",1,11.156000000000859,3.9210000000002765,369627136,0.06391600587507522,0.0047213028329224265,0.04788155163349019
MISC5,Visium,Homo sapiens,Brain,success,32,E:\Hestdata\st\MISC5.h5ad,f376ba00de14e12fa755d3e4f7ed0232c2b503a812a6e20b9b04d2d0bf7337f5,D:\HEST1000BenchRun\COUNT-HEST-SHARED-K32-001\main\MISC5\VALUE_K32\attempt01\RESULT.json,,4015,33538,134655070,7059657,4262852,4222756,3941141,D:\HEST1000BenchRun\COUNT-HEST-SHARED-K32-001\main\MISC5\VALUE_K32\attempt01\archive.cnt,cd7701a3d7aee97ef5dceb2dd7a92e7629ee6743f184cdf794a01e35ed24d747,True,True,22,40096,0.9405909470936359,0.2341473514513787,4.466099132011655,0.2508783961866419,4.78522511787754,64490957,1077240560,84731948,"{""values"": {""shape"": [7059657], ""dtype"": ""<i8"", ""nbytes"": 56477256}, ""indices"": {""shape"": [7059657], ""dtype"": ""<i4"", ""nbytes"": 28238628}, ""indptr"": {""shape"": [4016], ""dtype"": ""<i4"", ""nbytes"": 16064}}",1,10.640999999999622,3.936999999999898,352591872,0.06547826542564719,0.00391997494041628,0.04983664485088907
MISC6,Visium,Homo sapiens,Brain,success,32,E:\Hestdata\st\MISC6.h5ad,0f8b19d006a46c751bedae5f32e4a2ed5246bcdda03d27494c905f4e89516c63,D:\HEST1000BenchRun\COUNT-HEST-SHARED-K32-001\main\MISC6\VALUE_K32\attempt01\RESULT.json,,4110,33538,137841180,7638281,4556631,4512400,4227375,D:\HEST1000BenchRun\COUNT-HEST-SHARED-K32-001\main\MISC6\VALUE_K32\attempt01\archive.cnt,7f1d9b3f555180422f93199dd89138bf292a84cecfa83b3806201bb92e2f1bfb,True,True,24,44231,0.9706952351419283,0.2453475804545492,4.427566883176987,0.2618898068051942,4.726089548158807,69148460,1102729440,91675816,"{""values"": {""shape"": [7638281], ""dtype"": ""<i8"", ""nbytes"": 61106248}, ""indices"": {""shape"": [7638281], ""dtype"": ""<i4"", ""nbytes"": 30553124}, ""indptr"": {""shape"": [4111], ""dtype"": ""<i4"", ""nbytes"": 16444}}",1,11.25,3.936999999999898,386740224,0.065256695521491,0.004092028231331159,0.04922126899857646
MISC7,Visium,Homo sapiens,Brain,success,32,E:\Hestdata\st\MISC7.h5ad,24c2966d244151d51aea9d0903734c518b87caf420e06b3b10955f6851ece500,D:\HEST1000BenchRun\COUNT-HEST-SHARED-K32-001\main\MISC7\VALUE_K32\attempt01\RESULT.json,,3498,33538,117315924,5859140,3592411,3563907,3299397,D:\HEST1000BenchRun\COUNT-HEST-SHARED-K32-001\main\MISC7\VALUE_K32\attempt01\archive.cnt,9f2833489d5d0580b7f31f07c6ceb3f2ce71d56eeba5c49809725edeee4fe45d,True,True,21,28504,0.7934504153338803,0.224992269591637,4.5049573828241005,0.24302971862541015,4.866116187699902,54808888,938527392,70323676,"{""values"": {""shape"": [5859140], ""dtype"": ""<i8"", ""nbytes"": 46873120}, ""indices"": {""shape"": [5859140], ""dtype"": ""<i4"", ""nbytes"": 23436560}, ""indptr"": {""shape"": [3499], ""dtype"": ""<i4"", ""nbytes"": 13996}}",1,9.125,3.2659999999996217,316194816,0.0650242530007177,0.0037973393535220335,0.05067862209023317
MISC8,Visium,Homo sapiens,Brain,success,32,E:\Hestdata\st\MISC8.h5ad,eb4e33049a55a8473bf06a5dba1174c95597c6ad52ac2c825fae002d99c2240d,D:\HEST1000BenchRun\COUNT-HEST-SHARED-K32-001\main\MISC8\VALUE_K32\attempt01\RESULT.json,,3661,33538,122782618,6591121,3971313,3938539,3667886,D:\HEST1000BenchRun\COUNT-HEST-SHARED-K32-001\main\MISC8\VALUE_K32\attempt01\archive.cnt,9e05ea5b85bd857fd04d753757aa3cae04c3f3b22f544c2178dc88272a8161c7,True,True,22,32774,0.8252686202271138,0.23898405554440938,4.451911594401013,0.2566186689389536,4.780417777188433,60683747,982260944,79108100,"{""values"": {""shape"": [6591121], ""dtype"": ""<i8"", ""nbytes"": 52728968}, ""indices"": {""shape"": [6591121], ""dtype"": ""<i4"", ""nbytes"": 26364484}, ""indptr"": {""shape"": [3662], ""dtype"": ""<i4"", ""nbytes"": 14648}}",1,9.95299999999952,3.5160000000014406,311476224,0.06490269956467916,0.00400966670217115,0.04978679806492635
MISC9,Visium,Homo sapiens,Brain,success,32,E:\Hestdata\st\MISC9.h5ad,2a973b228c2c0188237e810e9b8dc64fc5cf0cfceca938d42cdbb375457cf278,D:\HEST1000BenchRun\COUNT-HEST-SHARED-K32-001\main\MISC9\VALUE_K32\attempt01\RESULT.json,,4634,33538,155415092,6341887,4024878,3986640,3688186,D:\HEST1000BenchRun\COUNT-HEST-SHARED-K32-001\main\MISC9\VALUE_K32\attempt01\archive.cnt,c2416b8f0b5950fa193ef7e499a1403ec170ee26f9287b236728ed925cd1f455,True,True,20,38238,0.9500412186406644,0.18984956750532309,4.652477724689828,0.2052125027857655,5.028963776869566,58855272,1243320736,76121184,"{""values"": {""shape"": [6341887], ""dtype"": ""<i8"", ""nbytes"": 50735096}, ""indices"": {""shape"": [6341887], ""dtype"": ""<i4"", ""nbytes"": 25367548}, ""indptr"": {""shape"": [4635], ""dtype"": ""<i4"", ""nbytes"": 18540}}",1,10.45299999999952,3.4840000000003783,333422592,0.0677363278518193,0.003206445356027586,0.05237228049421827
NCBI10,Spatial Transcriptomics,Mus musculus,Spinal cord,success,32,E:\Hestdata\st\NCBI10.h5ad,55d9981fdef96945f056a6652319c3de47c3b3307065c61159f018a93cadc37a,D:\HEST1000BenchRun\COUNT-HEST-SHARED-K32-001\main\NCBI10\VALUE_K32\attempt01\RESULT.json,,138,15997,2207586,419089,291327,294268,213239,D:\HEST1000BenchRun\COUNT-HEST-SHARED-K32-001\main\NCBI10\VALUE_K32\attempt01\archive.cnt,fcf7709589675e6895d6db85eb6541d2fc7abdf3aac18af9fa18fa5b0605e7be,True,True,23,-2941,-1.0095185135603635,0.772749963081846,4.070524399351927,1.066388353613404,5.61728892908189,21964949,17660688,5029624,"{""values"": {""shape"": [419089], ""dtype"": ""<i8"", ""nbytes"": 3352712}, ""indices"": {""shape"": [419089], ""dtype"": ""<i4"", ""nbytes"": 1676356}, ""indptr"": {""shape"": [139], ""dtype"": ""<i4"", ""nbytes"": 556}}",1,2.17200000000048,0.7960000000002765,175857664,0.013397162907139005,0.016662318025209438,0.05850695797538742
NCBI100,Spatial Transcriptomics,Mus musculus,Spinal cord,success,32,E:\Hestdata\st\NCBI100.h5ad,8a880915c70e4c04fca480e40cb60ee4980d51a0316c322f2333aa189f0edc87,D:\HEST1000BenchRun\COUNT-HEST-SHARED-K32-001\main\NCBI100\VALUE_K32\attempt01\RESULT.json,,317,16074,5095458,708117,462296,463329,375215,D:\HEST1000BenchRun\COUNT-HEST-SHARED-K32-001\main\NCBI100\VALUE_K32\attempt01\archive.cnt,e267750bc60c39d7f8dca3b718cff700cccd3924a66e32424b1853327bcca49d,True,True,23,-1033,-0.2234499108796096,0.5890971920482908,4.239016998603338,0.7274384363486069,5.2344909104004,45103802,40763664,8498676,"{""values"": {""shape"": [708117], ""dtype"": ""<i8"", ""nbytes"": 5664936}, ""indices"": {""shape"": [708117], ""dtype"": ""<i4"", ""nbytes"": 2832468}, ""indptr"": {""shape"": [318], ""dtype"": ""<i4"", ""nbytes"": 1272}}",1,2.3590000000003783,0.9529999999995198,179937280,0.01027250430019181,0.011366225567946983,0.05451778606455876
NCBI101,Spatial Transcriptomics,Mus musculus,Spinal cord,success,32,E:\Hestdata\st\NCBI101.h5ad,45c6ba5392520bd215b25060501a1081208876b8398961bc00cedcc4fcf8df5b,D:\HEST1000BenchRun\COUNT-HEST-SHARED-K32-001\main\NCBI101\VALUE_K32\attempt01\RESULT.json,,248,15859,3933032,537422,365147,366913,282759,D:\HEST1000BenchRun\COUNT-HEST-SHARED-K32-001\main\NCBI101\VALUE_K32\attempt01\archive.cnt,b941debf5172e3c418cabe4f054527465a1738168e132af28e398bbb375bd0fa,True,True,23,-1766,-0.48364083506094807,0.5751471129652644,4.2091168578882145,0.7463209045845546,5.461823297148237,35771867,31464256,6450060,"{""values"": {""shape"": [537422], ""dtype"": ""<i8"", ""nbytes"": 4299376}, ""indices"": {""shape"": [537422], ""dtype"": ""<i4"", ""nbytes"": 2149688}, ""indptr"": {""shape"": [249], ""dtype"": ""<i4"", ""nbytes"": 996}}",1,2.2030000000013388,0.9380000000001019,177995776,0.010257026841791623,0.011661264134133665,0.05688520726938974
NCBI102,Spatial Transcriptomics,Mus musculus,Spinal cord,success,32,E:\Hestdata\st\NCBI102.h5ad,6a0460fbc935e7cb19b000946d6516ffc7be662db334f14d70252e98f1472cae,D:\HEST1000BenchRun\COUNT-HEST-SHARED-K32-001\main\NCBI102\VALUE_K32\attempt01\RESULT.json,,264,16425,4336200,672440,430286,431444,343738,D:\HEST1000BenchRun\COUNT-HEST-SHARED-K32-001\main\NCBI102\VALUE_K32\attempt01\archive.cnt,61d15ad4b0a884aa260c6d2278f08a4ed947f8cf43cfce2c5e796a617e44084c,True,True,23,-1158,-0.2691233272753471,0.6341737004750704,4.089441437154244,0.7959854250265209,5.1328772827315445,39054385,34689600,8070340,"{""values"": {""shape"": [672440], ""dtype"": ""<i8"", ""nbytes"": 5379520}, ""indices"": {""shape"": [672440], ""dtype"": ""<i4"", ""nbytes"": 2689760}, ""indptr"": {""shape"": [265], ""dtype"": ""<i4"", ""nbytes"": 1060}}",1,2.5310000000008586,0.9689999999991414,179601408,0.011047261402272754,0.01243727226603939,0.05346044900214861
NCBI103,Spatial Transcriptomics,Mus musculus,Spinal cord,success,32,E:\Hestdata\st\NCBI103.h5ad,a196e9c3ea9d7394c325828af76edee2f0d0bfdf3224eb4e8b6eeb94078d2cba,D:\HEST1000BenchRun\COUNT-HEST-SHARED-K32-001\main\NCBI103\VALUE_K32\attempt01\RESULT.json,,426,16376,6976176,815133,541358,542606,449271,D:\HEST1000BenchRun\COUNT-HEST-SHARED-K32-001\main\NCBI103\VALUE_K32\attempt01\archive.cnt,b8c2378454d84a0287d2a2a5b0f3bf7716e8d690db42073573675e96ce31f412,True,True,21,-1248,-0.23053136741306124,0.5152060383797656,4.4093025309980085,0.6222388884684102,5.325324824292477,60194544,55809408,9783304,"{""values"": {""shape"": [815133], ""dtype"": ""<i8"", ""nbytes"": 6521064}, ""indices"": {""shape"": [815133], ""dtype"": ""<i4"", ""nbytes"": 3260532}, ""indptr"": {""shape"": [427], ""dtype"": ""<i4"", ""nbytes"": 1708}}",1,2.5780000000013388,0.9529999999995198,181506048,0.009014205672859653,0.00972248263231891,0.0554624490867298
NCBI105,Spatial Transcriptomics,Mus musculus,Spinal cord,success,32,E:\Hestdata\st\NCBI105.h5ad,b0bcc87c6123c63fdebcc69192eb2b582da04e065a5c9b1b6207688396ab7b2c,D:\HEST1000BenchRun\COUNT-HEST-SHARED-K32-001\main\NCBI105\VALUE_K32\attempt01\RESULT.json,,370,16345,6047650,792705,521949,523713,431902,D:\HEST1000BenchRun\COUNT-HEST-SHARED-K32-001\main\NCBI105\VALUE_K32\attempt01\archive.cnt,83ce11d406064e55c5a92f5d205e3651a4e4d45e9c307bee5444bb02f47824ff,True,True,21,-1764,-0.33796405395929485,0.5713320049936752,4.358766502040481,0.6927821550519623,5.285325562472799,52753505,48381200,9513944,"{""values"": {""shape"": [792705], ""dtype"": ""<i8"", ""nbytes"": 6341640}, ""indices"": {""shape"": [792705], ""dtype"": ""<i4"", ""nbytes"": 3170820}, ""indptr"": {""shape"": [371], ""dtype"": ""<i4"", ""nbytes"": 1484}}",1,2.514999999999418,0.9539999999997235,181547008,0.00992754888987945,0.01082472117268691,0.055046886969273734
NCBI107,Spatial Transcriptomics,Mus musculus,Spinal cord,success,32,E:\Hestdata\st\NCBI107.h5ad,5f4cdc9ce2a1239f55a3dcfa4ad66b94bc3301627e7faf5968bdc1fb4af77a3b,D:\HEST1000BenchRun\COUNT-HEST-SHARED-K32-001\main\NCBI107\VALUE_K32\attempt01\RESULT.json,,327,16072,5255544,641057,435394,436891,349981,D:\HEST1000BenchRun\COUNT-HEST-SHARED-K32-001\main\NCBI107\VALUE_K32\attempt01\archive.cnt,921a0f172b514c7096cc6bdba38dad0654e1ac08b688dea1eeb8a2f200f80ae1,True,True,20,-1497,-0.3438265111600068,0.5327418056056614,4.367549219492182,0.6650363882406845,5.452132961655516,46385560,42044352,7693996,"{""values"": {""shape"": [641057], ""dtype"": ""<i8"", ""nbytes"": 5128456}, ""indices"": {""shape"": [641057], ""dtype"": ""<i4"", ""nbytes"": 2564228}, ""indptr"": {""shape"": [328], ""dtype"": ""<i4"", ""nbytes"": 1312}}",1,2.375,0.9530000000013388,179314688,0.009418685470219611,0.010391193566260695,0.05678336718656989
NCBI108,Spatial Transcriptomics,Mus musculus,Spinal cord,success,32,E:\Hestdata\st\NCBI108.h5ad,7d4d9e82d73542a80fe7b1a9164187c13cbee4790713ebad757bf550c0c8fd9c,D:\HEST1000BenchRun\COUNT-HEST-SHARED-K32-001\main\NCBI108\VALUE_K32\attempt01\RESULT.json,,380,16815,6389700,988776,613674,614771,520221,D:\HEST1000BenchRun\COUNT-HEST-SHARED-K32-001\main\NCBI108\VALUE_K32\attempt01\archive.cnt,dcf18fe8e002852bdec1547420dfc5dfd81a36ba4d0b4e06b240ffb4c7130708,True,True,22,-1097,-0.1787594064601075,0.6513244753274802,4.209009927425423,0.7697024899447549,4.973996132592215,55546231,51117600,11866836,"{""values"": {""shape"": [988776], ""dtype"": ""<i8"", ""nbytes"": 7910208}, ""indices"": {""shape"": [988776], ""dtype"": ""<i4"", ""nbytes"": 3955104}, ""indptr"": {""shape"": [381], ""dtype"": ""<i4"", ""nbytes"": 1524}}",1,2.82799999999952,1.0939999999991414,184254464,0.011067735630883759,0.012026601405386795,0.051805805692435626
NCBI109,Spatial Transcriptomics,Mus musculus,Spinal cord,success,32,E:\Hestdata\st\NCBI109.h5ad,317d9eb5ac1c0cfa11ecba8bd17481f533905679a00e6679fdcbb41f159062b5,D:\HEST1000BenchRun\COUNT-HEST-SHARED-K32-001\main\NCBI109\VALUE_K32\attempt01\RESULT.json,,293,15526,4549118,482370,350104,352107,269026,D:\HEST1000BenchRun\COUNT-HEST-SHARED-K32-001\main\NCBI109\VALUE_K32\attempt01\archive.cnt,411dfbcadf53a20f881bca9c7edec6377b51a4ccc5da31f74328976c4325beec,True,True,21,-2003,-0.5721157141877842,0.47310445673205226,4.461736841014159,0.6192092621031153,5.8396168915977364,40686390,36392944,5789616,"{""values"": {""shape"": [482370], ""dtype"": ""<i8"", ""nbytes"": 3858960}, ""indices"": {""shape"": [482370], ""dtype"": ""<i4"", ""nbytes"": 1929480}, ""indptr"": {""shape"": [294], ""dtype"": ""<i4"", ""nbytes"": 1176}}",1,2.2180000000007567,0.9529999999995198,177012736,0.008654171579243083,0.009675144720361177,0.06081698682606929
NCBI110,Spatial Transcriptomics,Mus musculus,Spinal cord,success,32,E:\Hestdata\st\NCBI110.h5ad,9cbdb53e21b3df3b64df18e731385005096949b88ee73b08bfe25bbd5603a46b,D:\HEST1000BenchRun\COUNT-HEST-SHARED-K32-001\main\NCBI110\VALUE_K32\attempt01\RESULT.json,,320,15949,5103680,550047,391408,393354,306748,D:\HEST1000BenchRun\COUNT-HEST-SHARED-K32-001\main\NCBI110\VALUE_K32\attempt01\archive.cnt,8f26af52d567dbdf42a4cf23641724e48669bdb2d30959da0226a88c474da01c,True,True,20,-1946,-0.4971794138086089,0.48082638409931655,4.461407843329752,0.6165809768637532,5.7210238397809645,45157717,40829440,6601848,"{""values"": {""shape"": [550047], ""dtype"": ""<i8"", ""nbytes"": 4400376}, ""indices"": {""shape"": [550047], ""dtype"": ""<i4"", ""nbytes"": 2200188}, ""indptr"": {""shape"": [321], ""dtype"": ""<i4"", ""nbytes"": 1284}}",1,2.375,0.9840000000003783,178151424,0.008710670647942632,0.009634077763496144,0.059582407834897134
NCBI111,Spatial Transcriptomics,Mus musculus,Spinal cord,success,32,E:\Hestdata\st\NCBI111.h5ad,52e68c8870947062eb77661bc9b58a5cc438dacaeccb1ee625c27f6b5654d80a,D:\HEST1000BenchRun\COUNT-HEST-SHARED-K32-001\main\NCBI111\VALUE_K32\attempt01\RESULT.json,,348,15638,5442024,535623,385846,387655,301938,D:\HEST1000BenchRun\COUNT-HEST-SHARED-K32-001\main\NCBI111\VALUE_K32\attempt01\archive.cnt,05315fa24445d3a5d55fa218883c3b8fca4f7bf05005d56146416a2925b28422,True,True,20,-1809,-0.4688398998564194,0.44386132806470535,4.5097092544569595,0.5698688576162104,5.789967943870969,47847614,43536192,6428872,"{""values"": {""shape"": [535623], ""dtype"": ""<i8"", ""nbytes"": 4284984}, ""indices"": {""shape"": [535623], ""dtype"": ""<i4"", ""nbytes"": 2142492}, ""indptr"": {""shape"": [349], ""dtype"": ""<i4"", ""nbytes"": 1396}}",1,2.436999999999898,0.9369999999998981,178065408,0.008101866897688985,0.008904200900253288,0.06029906957239155
NCBI112,Spatial Transcriptomics,Mus musculus,Spinal cord,success,32,E:\Hestdata\st\NCBI112.h5ad,72fdbc62eaf55b8ac2be0e4d2505b9f99aa1e20f9b83d01afa59f388e0307d2b,D:\HEST1000BenchRun\COUNT-HEST-SHARED-K32-001\main\NCBI112\VALUE_K32\attempt01\RESULT.json,,313,16396,5131948,732802,469830,470882,381846,D:\HEST1000BenchRun\COUNT-HEST-SHARED-K32-001\main\NCBI112\VALUE_K32\attempt01\archive.cnt,857d26bb32e5a3f3e84d210abdb98f5927b5058a73e8802660f4e37c749ad6f2,True,True,22,-1052,-0.22391077623821382,0.5952453142549379,4.168613076929375,0.7340401734390138,5.140619157698805,45424364,41055584,8794880,"{""values"": {""shape"": [732802], ""dtype"": ""<i8"", ""nbytes"": 5862416}, ""indices"": {""shape"": [732802], ""dtype"": ""<i4"", ""nbytes"": 2931208}, ""indptr"": {""shape"": [314], ""dtype"": ""<i4"", ""nbytes"": 1256}}",1,2.5930000000007567,0.9529999999995198,180559872,0.010366287131725169,0.011469377709984591,0.05354046900014554
NCBI113,Spatial Transcriptomics,Mus musculus,Spinal cord,success,32,E:\Hestdata\st\NCBI113.h5ad,04d0ed973278a4696fb3bd29565bf8af1b1dc19541fdfc4513c6c00a0b535355,D:\HEST1000BenchRun\COUNT-HEST-SHARED-K32-001\main\NCBI113\VALUE_K32\attempt01\RESULT.json,,296,15856,4693376,580344,395068,396019,310581,D:\HEST1000BenchRun\COUNT-HEST-SHARED-K32-001\main\NCBI113\VALUE_K32\attempt01\archive.cnt,d523bbc71a08a64ce4bc1f3a0b1328e0fb62a5c999b85f430fd9c4789d522f6f,True,True,22,-951,-0.2407180536008991,0.529394619139826,4.281336586576238,0.6750262497613658,5.45909322746509,41862264,37547008,6965316,"{""values"": {""shape"": [580344], ""dtype"": ""<i8"", ""nbytes"": 4642752}, ""indices"": {""shape"": [580344], ""dtype"": ""<i4"", ""nbytes"": 2321376}, ""indptr"": {""shape"": [297], ""dtype"": ""<i4"", ""nbytes"": 1188}}",1,2.4219999999986612,0.9529999999995198,177770496,0.009460047359120377,0.010547285152521341,0.05685585549887471
NCBI114,Spatial Transcriptomics,Mus musculus,Spinal cord,success,32,E:\Hestdata\st\NCBI114.h5ad,88dc956009b7ccb5c0a9e6455a6629a3477fd46842a56adf26774f62ee644458,D:\HEST1000BenchRun\COUNT-HEST-SHARED-K32-001\main\NCBI114\VALUE_K32\attempt01\RESULT.json,,337,16359,5512983,810996,508562,508606,418048,D:\HEST1000BenchRun\COUNT-HEST-SHARED-K32-001\main\NCBI114\VALUE_K32\attempt01\archive.cnt,86484f28ae8a3dd6d18377f16aaee8ce93b0fae551e60f3da958a1856dca6688,True,True,22,-44,-0.008651845792646717,0.6066378220284735,4.1237983911141365,0.738048348779599,5.017099961035566,48477215,44103864,9733304,"{""values"": {""shape"": [810996], ""dtype"": ""<i8"", ""nbytes"": 6487968}, ""indices"": {""shape"": [810996], ""dtype"": ""<i4"", ""nbytes"": 3243984}, ""indptr"": {""shape"": [338], ""dtype"": ""<i4"", ""nbytes"": 1352}}",1,2.686999999999898,0.9539999999997235,181411840,0.010491650562021766,0.011532005449681235,0.05225419857429707
NCBI115,Spatial Transcriptomics,Mus musculus,Spinal cord,success,32,E:\Hestdata\st\NCBI115.h5ad,2ac678dc940ca539b5a71194245977c8b0f7565e1f144a97359e1341b2ec21dd,D:\HEST1000BenchRun\COUNT-HEST-SHARED-K32-001\main\NCBI115\VALUE_K32\attempt01\RESULT.json,,285,15393,4387005,354148,286827,289358,208278,D:\HEST1000BenchRun\COUNT-HEST-SHARED-K32-001\main\NCBI115\VALUE_K32\attempt01\archive.cnt,f3ed3d5b60aacf0f3b7e672e8af79f386f0e815e183e85a85448ee27017650e3,True,True,19,-2531,-0.8824134408545918,0.37980900409276946,4.704880445463479,0.5276638617918147,6.53643109660368,39379881,35096040,4250920,"{""values"": {""shape"": [354148], ""dtype"": ""<i8"", ""nbytes"": 2833184}, ""indices"": {""shape"": [354148], ""dtype"": ""<i4"", ""nbytes"": 1416592}, ""indptr"": {""shape"": [286], ""dtype"": ""<i4"", ""nbytes"": 1144}}",1,2.2030000000013388,0.7819999999992433,175316992,0.007347863747988472,0.008244747840497104,0.06806950024935779
NCBI116,Spatial Transcriptomics,Mus musculus,Spinal cord,success,32,E:\Hestdata\st\NCBI116.h5ad,ceeb67da56b0bb330369ba79bd2a78f786dc3d8cdcf9f5edd84ee13467423567,D:\HEST1000BenchRun\COUNT-HEST-SHARED-K32-001\main\NCBI116\VALUE_K32\attempt01\RESULT.json,,270,15166,4094820,326504,276086,278930,199011,D:\HEST1000BenchRun\COUNT-HEST-SHARED-K32-001\main\NCBI116\VALUE_K32\attempt01\archive.cnt,768bd3c9a481bf16cab0411466cf01f68987fbdcaeea3adacfecb1811524387a,True,True,20,-2844,-1.0301138051186949,0.38880536873415683,4.876166907602969,0.5449421464191344,6.834341998872908,37025846,32758560,3919132,"{""values"": {""shape"": [326504], ""dtype"": ""<i8"", ""nbytes"": 2612032}, ""indices"": {""shape"": [326504], ""dtype"": ""<i4"", ""nbytes"": 1306016}, ""indptr"": {""shape"": [271], ""dtype"": ""<i4"", ""nbytes"": 1084}}",1,2.20299999999952,0.7970000000004802,175038464,0.0075333862729294555,0.008514721037798975,0.0711713716200424
NCBI117,Spatial Transcriptomics,Mus musculus,Spinal cord,success,32,E:\Hestdata\st\NCBI117.h5ad,9a716ee501296013146baa2a4de03685f56baec2e1eda10014394208ab2e86be,D:\HEST1000BenchRun\COUNT-HEST-SHARED-K32-001\main\NCBI117\VALUE_K32\attempt01\RESULT.json,,375,15759,5909625,562290,415092,417587,330063,D:\HEST1000BenchRun\COUNT-HEST-SHARED-K32-001\main\NCBI117\VALUE_K32\attempt01\archive.cnt,a2b59eefb4f0085e2b7e51654e7fb7b1c11e55b73916f00bedc9a89639b2057b,True,True,20,-2495,-0.60107156967612,0.4468141379529158,4.6959825001333835,0.5652974596526852,5.941233171495136,51603623,47277000,6748984,"{""values"": {""shape"": [562290], ""dtype"": ""<i8"", ""nbytes"": 4498320}, ""indices"": {""shape"": [562290], ""dtype"": ""<i4"", ""nbytes"": 2249160}, ""indptr"": {""shape"": [376], ""dtype"": ""<i4"", ""nbytes"": 1504}}",1,2.3590000000003783,0.9369999999998981,177971200,0.008092203138527695,0.008832772807073206,0.06187405393167327
NCBI118,Spatial Transcriptomics,Mus musculus,Spinal cord,success,32,E:\Hestdata\st\NCBI118.h5ad,5878d85b6eea5c0c0c08f0518ea83bfea1da9dfc055d7477ae3bf10f6fcf1f52,D:\HEST1000BenchRun\COUNT-HEST-SHARED-K32-001\main\NCBI118\VALUE_K32\attempt01\RESULT.json,,346,15648,5414208,542907,400790,402726,316979,D:\HEST1000BenchRun\COUNT-HEST-SHARED-K32-001\main\NCBI118\VALUE_K32\attempt01\archive.cnt,095d800a9db5bca0d27e948baf7defb16fc4393e283f3c421051d14f121a364b,True,True,19,-1936,-0.48304598418124206,0.4683661950187359,4.670840493859906,0.5950654278520515,5.9343644491598,47625496,43313664,6516272,"{""values"": {""shape"": [542907], ""dtype"": ""<i8"", ""nbytes"": 4343256}, ""indices"": {""shape"": [542907], ""dtype"": ""<i4"", ""nbytes"": 2171628}, ""indptr"": {""shape"": [347], ""dtype"": ""<i4"", ""nbytes"": 1388}}",1,2.3590000000003783,0.9840000000003783,177819648,0.008456100908639356,0.009297897310188305,0.061803129151146545
NCBI119,Spatial Transcriptomics,Mus musculus,Spinal cord,success,32,E:\Hestdata\st\NCBI119.h5ad,6aadde3e1be176353708db3afd859c50b4f3c0ea6f0ac9f9c8401755e245f1f3,D:\HEST1000BenchRun\COUNT-HEST-SHARED-K32-001\main\NCBI119\VALUE_K32\attempt01\RESULT.json,,340,16348,5558320,661675,444363,445743,356304,D:\HEST1000BenchRun\COUNT-HEST-SHARED-K32-001\main\NCBI119\VALUE_K32\attempt01\archive.cnt,a028838ab17cf821a14ebd9c3e1b0f2f44455e10994e74d3c159b2713dcd9b82,True,True,21,-1380,-0.3105569095536757,0.5128225794844485,4.307903426908981,0.6415506843794527,5.389268145237465,48835460,44466560,7941464,"{""values"": {""shape"": [661675], ""dtype"": ""<i8"", ""nbytes"": 5293400}, ""indices"": {""shape"": [661675], ""dtype"": ""<i4"", ""nbytes"": 2646700}, ""indptr"": {""shape"": [341], ""dtype"": ""<i4"", ""nbytes"": 1364}}",1,2.5310000000008586,0.9369999999998981,179884032,0.009127445507833856,0.010024229443428949,0.056128567730081
NCBI12,Spatial Transcriptomics,Mus musculus,Spinal cord,success,32,E:\Hestdata\st\NCBI12.h5ad,2eff20f4f58e2a4ca891ec753b9d475165b6a78d508a364d2d33172df90ff88c,D:\HEST1000BenchRun\COUNT-HEST-SHARED-K32-001\main\NCBI12\VALUE_K32\attempt01\RESULT.json,,130,15688,2039440,359019,263245,266007,187082,D:\HEST1000BenchRun\COUNT-HEST-SHARED-K32-001\main\NCBI12\VALUE_K32\attempt01\archive.cnt,7c9a865873dcc9cfe4e1259046d76bb0df30819205a9ab7592c95be2a8fe65ed,True,True,22,-2762,-1.0492127105927938,0.7338563527242773,4.168737587704272,1.0434511434511435,5.9274188831231776,20594704,16315520,4308752,"{""values"": {""shape"": [359019], ""dtype"": ""<i8"", ""nbytes"": 2872152}, ""indices"": {""shape"": [359019], ""dtype"": ""<i4"", ""nbytes"": 1436076}, ""indptr"": {""shape"": [131], ""dtype"": ""<i4"", ""nbytes"": 524}}",1,2.04700000000048,0.8119999999998981,175505408,0.012916281778072655,0.016303924116424118,0.06173643783629227
NCBI120,Spatial Transcriptomics,Mus musculus,Spinal cord,success,32,E:\Hestdata\st\NCBI120.h5ad,8012eed7c17abbe22fd30eec3dcc97b7b616996ef067d7a1efc79bc1967d065d,D:\HEST1000BenchRun\COUNT-HEST-SHARED-K32-001\main\NCBI120\VALUE_K32\attempt01\RESULT.json,,375,16569,6213375,895325,558541,558765,466243,D:\HEST1000BenchRun\COUNT-HEST-SHARED-K32-001\main\NCBI120\VALUE_K32\attempt01\archive.cnt,00c4af72e58c43319ef0b4c0d4ed700cf098c722d1cd5e686c40bc7049458d54,True,True,22,-224,-0.04010448651039046,0.6003088498601806,4.1660223941027,0.7194350896252036,4.99273448189205,54102657,49707000,10745404,"{""values"": {""shape"": [895325], ""dtype"": ""<i8"", ""nbytes"": 7162600}, ""indices"": {""shape"": [895325], ""dtype"": ""<i4"", ""nbytes"": 3581300}, ""indptr"": {""shape"": [376], ""dtype"": ""<i4"", ""nbytes"": 1504}}",1,2.686999999999898,1.0939999999991414,182902784,0.010327866152673426,0.011241173275393807,0.052000371507669695
NCBI121,Spatial Transcriptomics,Mus musculus,Spinal cord,success,32,E:\Hestdata\st\NCBI121.h5ad,0ee252faa9fe0cb5fc237389cc65a9ab5493aa5f8fd32a6f22de4de8bc748b8b,D:\HEST1000BenchRun\COUNT-HEST-SHARED-K32-001\main\NCBI121\VALUE_K32\attempt01\RESULT.json,,251,15612,3918612,386036,299388,301916,220394,D:\HEST1000BenchRun\COUNT-HEST-SHARED-K32-001\main\NCBI121\VALUE_K32\attempt01\archive.cnt,767ccb5fdd2474c38c63c40868db55c3cb81c84137ce0cd73394becd348bd4ae,True,True,20,-2528,-0.8443892206768474,0.4499429900178941,4.5673253271715595,0.616373348522385,6.256742894445078,35640788,31348896,4633440,"{""values"": {""shape"": [386036], ""dtype"": ""<i8"", ""nbytes"": 3088288}, ""indices"": {""shape"": [386036], ""dtype"": ""<i4"", ""nbytes"": 1544144}, ""indptr"": {""shape"": [252], ""dtype"": ""<i4"", ""nbytes"": 1008}}",1,2.2340000000003783,0.7970000000004802,171261952,0.008471080942430341,0.009630833570662266,0.06516022652715908
NCBI122,Spatial Transcriptomics,Mus musculus,Spinal cord,success,32,E:\Hestdata\st\NCBI122.h5ad,d4f4d35bd7b548db151d18aa86edbbb320bbac784f7a0ff50aec9a3066cacdc0,D:\HEST1000BenchRun\COUNT-HEST-SHARED-K32-001\main\NCBI122\VALUE_K32\attempt01\RESULT.json,,259,16123,4175857,447646,333915,336317,251768,D:\HEST1000BenchRun\COUNT-HEST-SHARED-K32-001\main\NCBI122\VALUE_K32\attempt01\archive.cnt,880c7422ac5b6cbf4ed8f5836afbdc2d7b23ad2983d29da3b70d6eb9bce7b96d,True,True,21,-2402,-0.7193447434227274,0.48233069283742236,4.499412482184583,0.6443075038249634,6.010410011482287,37743219,33406856,5372792,"{""values"": {""shape"": [447646], ""dtype"": ""<i8"", ""nbytes"": 3581168}, ""indices"": {""shape"": [447646], ""dtype"": ""<i4"", ""nbytes"": 1790584}, ""indptr"": {""shape"": [260], ""dtype"": ""<i4"", ""nbytes"": 1040}}",1,2.29700000000048,0.9689999999991414,176824320,0.008910660216872333,0.010067304747265053,0.06259631863656735
NCBI123,Spatial Transcriptomics,Mus musculus,Spinal cord,success,32,E:\Hestdata\st\NCBI123.h5ad,d8052e82eee8049c3ee3e268c05a85f50d4d69761095ecbd2dc286f8a8238f60,D:\HEST1000BenchRun\COUNT-HEST-SHARED-K32-001\main\NCBI123\VALUE_K32\attempt01\RESULT.json,,353,16180,5711540,694685,465782,467253,377858,D:\HEST1000BenchRun\COUNT-HEST-SHARED-K32-001\main\NCBI123\VALUE_K32\attempt01\archive.cnt,2116336d5c09bfb4e06cdb9e1771ddf87db8df9dd65e3ec5dd6b1f9fa5c0b416,True,True,21,-1471,-0.3158129768861828,0.5292555072712438,4.351416829210361,0.6544686721969907,5.380890619489409,50047764,45692320,8337636,"{""values"": {""shape"": [694685], ""dtype"": ""<i8"", ""nbytes"": 5557480}, ""indices"": {""shape"": [694685], ""dtype"": ""<i4"", ""nbytes"": 2778740}, ""indptr"": {""shape"": [354], ""dtype"": ""<i4"", ""nbytes"": 1416}}",1,2.4840000000003783,0.9680000000007567,180289536,0.009336141370871234,0.01022607300307798,0.05604142469160323
NCBI124,Spatial Transcriptomics,Mus musculus,Spinal cord,success,32,E:\Hestdata\st\NCBI124.h5ad,05851da77fc14aa4946058d3ef0f311044ba4decfa5d9399f23b1f70835958d6,D:\HEST1000BenchRun\COUNT-HEST-SHARED-K32-001\main\NCBI124\VALUE_K32\attempt01\RESULT.json,,336,16299,5476464,675131,449662,450697,361668,D:\HEST1000BenchRun\COUNT-HEST-SHARED-K32-001\main\NCBI124\VALUE_K32\attempt01\archive.cnt,b4193257e768786d42d17272efb1e772b52295a9611eee778b0cb3a2053d1fe3,True,True,21,-1035,-0.23017288541170924,0.5283233853084764,4.285603830960214,0.6583766459525708,5.340557610300816,48176947,43811712,8102920,"{""values"": {""shape"": [675131], ""dtype"": ""<i8"", ""nbytes"": 5401048}, ""indices"": {""shape"": [675131], ""dtype"": ""<i4"", ""nbytes"": 2700524}, ""indptr"": {""shape"": [337], ""dtype"": ""<i4"", ""nbytes"": 1348}}",1,2.57799999999952,0.9529999999995198,179494912,0.009355034473230526,0.01028713509300892,0.055621553711501535
NCBI125,Spatial Transcriptomics,Mus musculus,Spinal cord,success,32,E:\Hestdata\st\NCBI125.h5ad,b481da83d0051ab3b6911b49ed943d1bcef2b2f1f55cec01ada43621d05786f4,D:\HEST1000BenchRun\COUNT-HEST-SHARED-K32-001\main\NCBI125\VALUE_K32\attempt01\RESULT.json,,341,16491,5623431,736468,478460,479327,388695,D:\HEST1000BenchRun\COUNT-HEST-SHARED-K32-001\main\NCBI125\VALUE_K32\attempt01\archive.cnt,52b74cd23993fcec8f41bb24f0dc042f87b2f0349c7ef256b5488fdb7247c3b7,True,True,22,-867,-0.18120637043849017,0.5529649070113957,4.222260845006165,0.6818997156718025,5.2067652633923,49369859,44987448,8838984,"{""values"": {""shape"": [736468], ""dtype"": ""<i8"", ""nbytes"": 5891744}, ""indices"": {""shape"": [736468], ""dtype"": ""<i4"", ""nbytes"": 2945872}, ""indptr"": {""shape"": [342], ""dtype"": ""<i4"", ""nbytes"": 1368}}",1,2.5939999999991414,0.9680000000007567,180617216,0.009708899512959921,0.010654683057371914,0.05422874393708598
NCBI126,Spatial Transcriptomics,Mus musculus,Spinal cord,success,32,E:\Hestdata\st\NCBI126.h5ad,4dbb85abbaa07cd2484dad6a428d698f50a5f7c4162bbc920fff26934e4cca04,D:\HEST1000BenchRun\COUNT-HEST-SHARED-K32-001\main\NCBI126\VALUE_K32\attempt01\RESULT.json,,367,16475,6046325,840367,530997,531335,440057,D:\HEST1000BenchRun\COUNT-HEST-SHARED-K32-001\main\NCBI126\VALUE_K32\attempt01\archive.cnt,f84a4f538a4375cdeb13f797ca0532783a8af46d354cc869c28592092e23c185,True,True,22,-338,-0.06365384361870217,0.5822472328232439,4.189188771096438,0.7030187758679859,5.058123415126962,52759187,48370600,10085876,"{""values"": {""shape"": [840367], ""dtype"": ""<i8"", ""nbytes"": 6722936}, ""indices"": {""shape"": [840367], ""dtype"": ""<i4"", ""nbytes"": 3361468}, ""indptr"": {""shape"": [368], ""dtype"": ""<i4"", ""nbytes"": 1472}}",1,2.6409999999996217,1.1090000000003783,181882880,0.01007094745413723,0.01098466837293728,0.05268109582152309
NCBI127,Spatial Transcriptomics,Mus musculus,Spinal cord,success,32,E:\Hestdata\st\NCBI127.h5ad,3ae7d2d25c01be5f6984e2cd67a962f1558597f13887d305b888cadce66557de,D:\HEST1000BenchRun\COUNT-HEST-SHARED-K32-001\main\NCBI127\VALUE_K32\attempt01\RESULT.json,,303,16368,4959504,618973,416953,418441,330867,D:\HEST1000BenchRun\COUNT-HEST-SHARED-K32-001\main\NCBI127\VALUE_K32\attempt01\archive.cnt,df366c29d4486ac26a6f27c1c334f5419480e3b93e7c16bcf05984a2c498fc62,True,True,21,-1488,-0.356874755667905,0.5337098225951628,4.2763351551683195,0.6749723359432718,5.40819712653056,44041792,39676032,7428892,"{""values"": {""shape"": [618973], ""dtype"": ""<i8"", ""nbytes"": 4951784}, ""indices"": {""shape"": [618973], ""dtype"": ""<i4"", ""nbytes"": 2475892}, ""indptr"": {""shape"": [304], ""dtype"": ""<i4"", ""nbytes"": 1216}}",1,2.32799999999952,0.9689999999991414,178741248,0.009500998506146162,0.010546442749113621,0.05632616546316732
NCBI128,Spatial Transcriptomics,Mus musculus,Spinal cord,success,32,E:\Hestdata\st\NCBI128.h5ad,2a2e7391a2495fafe92c18b9a3e8aa5aa1f1147b291c99c1bd25fe5d750f9deb,D:\HEST1000BenchRun\COUNT-HEST-SHARED-K32-001\main\NCBI128\VALUE_K32\attempt01\RESULT.json,,335,16560,5547600,823440,520048,520804,430148,D:\HEST1000BenchRun\COUNT-HEST-SHARED-K32-001\main\NCBI128\VALUE_K32\attempt01\archive.cnt,ef25a322a4c1a491d2cf0e96dbafa5e42105c83d3989ac3818a617f028aba7d2,True,True,23,-756,-0.14537119650493802,0.6203013915927609,4.179034295152045,0.751033239599106,5.059788205576606,48779264,44380800,9882624,"{""values"": {""shape"": [823440], ""dtype"": ""<i8"", ""nbytes"": 6587520}, ""indices"": {""shape"": [823440], ""dtype"": ""<i4"", ""nbytes"": 3293760}, ""indptr"": {""shape"": [336], ""dtype"": ""<i4"", ""nbytes"": 1344}}",1,2.67200000000048,0.9690000000009604,181489664,0.010676749858300446,0.01173489436873603,0.05269895930473526
NCBI13,Spatial Transcriptomics,Mus musculus,Spinal cord,success,32,E:\Hestdata\st\NCBI13.h5ad,ad1749fc34222d7938ceeef97a063ef35aa698790eb0ebd65780527a7338434f,D:\HEST1000BenchRun\COUNT-HEST-SHARED-K32-001\main\NCBI13\VALUE_K32\attempt01\RESULT.json,,181,16362,2961522,620658,390235,392032,306862,D:\HEST1000BenchRun\COUNT-HEST-SHARED-K32-001\main\NCBI13\VALUE_K32\attempt01\archive.cnt,cacdda3cea93133361bc3956604407993cdfb4a41b06a6f40e9bbd2b3c66e5da,True,True,23,-1797,-0.4604917549681602,0.828930529639827,3.955311943131322,1.0590014188650296,5.053114597733373,28037266,23692176,7448624,"{""values"": {""shape"": [620658], ""dtype"": ""<i8"", ""nbytes"": 4965264}, ""indices"": {""shape"": [620658], ""dtype"": ""<i4"", ""nbytes"": 2482632}, ""indptr"": {""shape"": [182], ""dtype"": ""<i4"", ""nbytes"": 728}}",1,2.3589999999985594,0.9369999999998981,178880512,0.013982533104333355,0.016546897169766088,0.05263146589222385
NCBI130,Spatial Transcriptomics,Mus musculus,Spinal cord,success,32,E:\Hestdata\st\NCBI130.h5ad,397ee93f9a063e4a33c07062908f7dfb04e348337bcaf5a4c713b73f2a5b3bda,D:\HEST1000BenchRun\COUNT-HEST-SHARED-K32-001\main\NCBI130\VALUE_K32\attempt01\RESULT.json,,328,16866,5532048,906688,559996,560152,467077,D:\HEST1000BenchRun\COUNT-HEST-SHARED-K32-001\main\NCBI130\VALUE_K32\attempt01\archive.cnt,12d955d55745320526bc77a70ad8757f9bacd1983bfcaaadb0f99d14bb431798,True,True,23,-156,-0.027857341838155986,0.6754489476591671,4.121170678336981,0.8100464782662768,4.942401355262229,48673898,44256384,10881572,"{""values"": {""shape"": [906688], ""dtype"": ""<i8"", ""nbytes"": 7253504}, ""indices"": {""shape"": [906688], ""dtype"": ""<i4"", ""nbytes"": 3626752}, ""indptr"": {""shape"": [329], ""dtype"": ""<i4"", ""nbytes"": 1316}}",1,2.67200000000048,0.9369999999998981,183001088,0.01150826260103516,0.012656976222910576,0.05147712113654167
NCBI131,Spatial Transcriptomics,Mus musculus,Spinal cord,success,32,E:\Hestdata\st\NCBI131.h5ad,ac93f99e21aad701841949b1a609261f7f7a4fef51faf3df47566c922d9516ee,D:\HEST1000BenchRun\COUNT-HEST-SHARED-K32-001\main\NCBI131\VALUE_K32\attempt01\RESULT.json,,278,16898,4697644,813897,504154,504868,413466,D:\HEST1000BenchRun\COUNT-HEST-SHARED-K32-001\main\NCBI131\VALUE_K32\attempt01\archive.cnt,38ca8e20adde23e803e376d666743e4704be917a694233865aa1abe3556a1a7e,True,True,24,-714,-0.14162339285218406,0.704124876214545,4.064062160199632,0.8597807752141287,4.962475595806349,41994746,37581152,9767880,"{""values"": {""shape"": [813897], ""dtype"": ""<i8"", ""nbytes"": 6511176}, ""indices"": {""shape"": [813897], ""dtype"": ""<i4"", ""nbytes"": 3255588}, ""indptr"": {""shape"": [279], ""dtype"": ""<i4"", ""nbytes"": 1116}}",1,2.563000000000102,1.0,181825536,0.012022170582958163,0.01343407461272076,0.05168654815579225
NCBI135,Spatial Transcriptomics,Mus musculus,Spinal cord,success,32,E:\Hestdata\st\NCBI135.h5ad,a3e65f8d4793ecfdef364ca1991466ca1348d102e4eccf5cfab6cc27d2da3be2,D:\HEST1000BenchRun\COUNT-HEST-SHARED-K32-001\main\NCBI135\VALUE_K32\attempt01\RESULT.json,,309,16480,5092320,816962,515767,516760,426553,D:\HEST1000BenchRun\COUNT-HEST-SHARED-K32-001\main\NCBI135\VALUE_K32\attempt01\archive.cnt,6f9a053146d1849b128806a8b0b5d9eae030c0fe6f6f446f158033ee608a87cd,True,True,23,-993,-0.19252879691798816,0.6701118547145506,4.176967839385431,0.8118264366732648,5.060308802612607,45112320,40738560,9804784,"{""values"": {""shape"": [816962], ""dtype"": ""<i8"", ""nbytes"": 6535696}, ""indices"": {""shape"": [816962], ""dtype"": ""<i4"", ""nbytes"": 3267848}, ""indptr"": {""shape"": [310], ""dtype"": ""<i4"", ""nbytes"": 1240}}",1,2.563000000000102,0.9529999999995198,181174272,0.011454963965497673,0.012684788073019763,0.05270488365679448
NCBI136,Spatial Transcriptomics,Mus musculus,Spinal cord,success,32,E:\Hestdata\st\NCBI136.h5ad,bd30a5db3cd3bb5c93e63571a3d8393e3ffc2e1b0700bb55dd9f046297886a97,D:\HEST1000BenchRun\COUNT-HEST-SHARED-K32-001\main\NCBI136\VALUE_K32\attempt01\RESULT.json,,238,15856,3773728,502152,350171,352017,268567,D:\HEST1000BenchRun\COUNT-HEST-SHARED-K32-001\main\NCBI136\VALUE_K32\attempt01\archive.cnt,1154568a7134b5c1b18e01368bee85757f63aa072c52f80dfa3b7332b31f72e6,True,True,22,-1846,-0.5271710107347553,0.5693404506101128,4.278656661727923,0.7462477422856125,5.608134588730105,34496120,30189824,6026780,"{""values"": {""shape"": [502152], ""dtype"": ""<i8"", ""nbytes"": 4017216}, ""indices"": {""shape"": [502152], ""dtype"": ""<i4"", ""nbytes"": 2008608}, ""indptr"": {""shape"": [239], ""dtype"": ""<i4"", ""nbytes"": 956}}",1,2.375,0.9529999999995198,177475584,0.010204538945249494,0.011660120973212696,0.05840880204686416
NCBI137,Spatial Transcriptomics,Mus musculus,Spinal cord,success,32,E:\Hestdata\st\NCBI137.h5ad,520011906c1f15ee8bcd35d1bf8614ff86014d2fefb9479e3ae834702812a7e9,D:\HEST1000BenchRun\COUNT-HEST-SHARED-K32-001\main\NCBI137\VALUE_K32\attempt01\RESULT.json,,262,16397,4296014,797081,495135,496015,407670,D:\HEST1000BenchRun\COUNT-HEST-SHARED-K32-001\main\NCBI137\VALUE_K32\attempt01\archive.cnt,e7502959e4fa05f7461337dfc2dcd20f67c8414963fcf3aec93b1c705d20cbce,True,True,23,-880,-0.1777293061488281,0.7591595371895902,4.0916293325270585,0.9236748297375195,4.978314625489756,38730837,34368112,9566024,"{""values"": {""shape"": [797081], ""dtype"": ""<i8"", ""nbytes"": 6376648}, ""indices"": {""shape"": [797081], ""dtype"": ""<i4"", ""nbytes"": 3188324}, ""indptr"": {""shape"": [263], ""dtype"": ""<i4"", ""nbytes"": 1052}}",1,2.514999999999418,0.9369999999998981,181055488,0.012806720391815959,0.014432419214648742,0.05185174112044879
NCBI138,Spatial Transcriptomics,Mus musculus,Spinal cord,success,32,E:\Hestdata\st\NCBI138.h5ad,1dbb910d70c3ff14ebd661bf533c2e6b17fc7fa32881785935a7145dddc1ea85,D:\HEST1000BenchRun\COUNT-HEST-SHARED-K32-001\main\NCBI138\VALUE_K32\attempt01\RESULT.json,,289,15776,4559264,567768,390595,392365,307413,D:\HEST1000BenchRun\COUNT-HEST-SHARED-K32-001\main\NCBI138\VALUE_K32\attempt01\archive.cnt,6d37fa4c64eaaba759f6510189e435dfee097e2318075eebd3c9da067cf58292,True,True,21,-1770,-0.4531548022888158,0.539408114993999,4.331529779769202,0.6884707707208882,5.528525735863944,40783328,36474112,6814376,"{""values"": {""shape"": [567768], ""dtype"": ""<i8"", ""nbytes"": 4542144}, ""indices"": {""shape"": [567768], ""dtype"": ""<i4"", ""nbytes"": 2271072}, ""indptr"": {""shape"": [290], ""dtype"": ""<i4"", ""nbytes"": 1160}}",1,2.360000000000582,0.9529999999995198,177963008,0.009620720506183312,0.010757355792513879,0.05757900650037509
NCBI139,Spatial Transcriptomics,Mus musculus,Spinal cord,success,32,E:\Hestdata\st\NCBI139.h5ad,0da0b72e5cf15ac0f4aa921a49b4389ececc7495a982bde2f6c681e58039382d,D:\HEST1000BenchRun\COUNT-HEST-SHARED-K32-001\main\NCBI139\VALUE_K32\attempt01\RESULT.json,,282,15761,4444602,530282,367829,369411,285152,D:\HEST1000BenchRun\COUNT-HEST-SHARED-K32-001\main\NCBI139\VALUE_K32\attempt01\archive.cnt,5fa42d60ab2d6c27150ead6afdcc7de7c5a7e24b547f21cf35a62c3582393a8d,True,True,21,-1582,-0.43009115648847696,0.5132554050958894,4.301892200753561,0.6649162287196919,5.573049811232514,39864217,35556816,6364516,"{""values"": {""shape"": [530282], ""dtype"": ""<i8"", ""nbytes"": 4242256}, ""indices"": {""shape"": [530282], ""dtype"": ""<i4"", ""nbytes"": 2121128}, ""indptr"": {""shape"": [283], ""dtype"": ""<i4"", ""nbytes"": 1132}}",1,2.3590000000003783,0.9690000000009604,177061888,0.009266731615473596,0.010389316073745186,0.058042276898981796
NCBI14,Spatial Transcriptomics,Mus musculus,Spinal cord,success,32,E:\Hestdata\st\NCBI14.h5ad,edeab7a70b4f795bdcbcf3e191f604c08706ff7b888511c489135624d7571216,D:\HEST1000BenchRun\COUNT-HEST-SHARED-K32-001\main\NCBI14\VALUE_K32\attempt01\RESULT.json,,142,15932,2262344,368573,275504,278536,197923,D:\HEST1000BenchRun\COUNT-HEST-SHARED-K32-001\main\NCBI14\VALUE_K32\attempt01\archive.cnt,6909e86531d95b5e4868b0e5d28f37e5e3e1b8c2a586c70b0470112036c272cc,True,True,24,-3032,-1.1005284859747952,0.6998864894109826,4.295984784560996,0.9849465863723642,6.045716859346724,22399332,18098752,4423448,"{""values"": {""shape"": [368573], ""dtype"": ""<i8"", ""nbytes"": 2948584}, ""indices"": {""shape"": [368573], ""dtype"": ""<i4"", ""nbytes"": 1474292}, ""indptr"": {""shape"": [143], ""dtype"": ""<i4"", ""nbytes"": 572}}",1,2.0780000000013388,0.7969999999986612,175714304,0.01243501368701531,0.01538979041206819,0.06296807377412371
NCBI140,Spatial Transcriptomics,Mus musculus,Spinal cord,success,32,E:\Hestdata\st\NCBI140.h5ad,be35c4478da48a0b1a7005371e3346e3ff665f13b318bb9b527e5cef78bb40c7,D:\HEST1000BenchRun\COUNT-HEST-SHARED-K32-001\main\NCBI140\VALUE_K32\attempt01\RESULT.json,,244,15563,3797372,456384,329387,331615,249568,D:\HEST1000BenchRun\COUNT-HEST-SHARED-K32-001\main\NCBI140\VALUE_K32\attempt01\archive.cnt,000490be569b88b9f50b05cd4f28d59f07bea860ea4f248c1eba220719899b71,True,True,20,-2228,-0.676407994243853,0.5257699272022862,4.374702005328846,0.698619992984622,5.812911933810125,34666899,30378976,5477588,"{""values"": {""shape"": [456384], ""dtype"": ""<i8"", ""nbytes"": 3651072}, ""indices"": {""shape"": [456384], ""dtype"": ""<i4"", ""nbytes"": 1825536}, ""indptr"": {""shape"": [245], ""dtype"": ""<i4"", ""nbytes"": 980}}",1,2.235000000000582,0.7810000000008586,168693760,0.009565753198750197,0.010915937390384718,0.060540332715786585
NCBI141,Spatial Transcriptomics,Mus musculus,Spinal cord,success,32,E:\Hestdata\st\NCBI141.h5ad,f0e3a0a1d4ca132851b233f13f996e4805feb34afd60785b740c9823d3bbaaad,D:\HEST1000BenchRun\COUNT-HEST-SHARED-K32-001\main\NCBI141\VALUE_K32\attempt01\RESULT.json,,275,16033,4409075,594801,399145,400617,314871,D:\HEST1000BenchRun\COUNT-HEST-SHARED-K32-001\main\NCBI141\VALUE_K32\attempt01\archive.cnt,33eef5da0d2614d3d442fea2593cd8021dabcfa29a42b0684cc4f42154d7930b,True,True,21,-1472,-0.3687882849591001,0.5713143913405873,4.234976067625979,0.7268953238491067,5.388249179137224,39600937,35272600,7138716,"{""values"": {""shape"": [594801], ""dtype"": ""<i8"", ""nbytes"": 4758408}, ""indices"": {""shape"": [594801], ""dtype"": ""<i4"", ""nbytes"": 2379204}, ""indptr"": {""shape"": [276], ""dtype"": ""<i4"", ""nbytes"": 1104}}",1,2.375,0.9380000000001019,178335744,0.010116351539863818,0.011357739435142292,0.056118915502451704
NCBI142,Spatial Transcriptomics,Mus musculus,Spinal cord,success,32,E:\Hestdata\st\NCBI142.h5ad,9163c14ad4148060fc3c82ea3b58e16cb04350e676b1aaab58727c420db1bc2f,D:\HEST1000BenchRun\COUNT-HEST-SHARED-K32-001\main\NCBI142\VALUE_K32\attempt01\RESULT.json,,212,15784,3346208,458280,323980,326211,244193,D:\HEST1000BenchRun\COUNT-HEST-SHARED-K32-001\main\NCBI142\VALUE_K32\attempt01\archive.cnt,3afa61970852d8ec63850dae1cda147a30907626710db82cd36c5e21f9ce40a6,True,True,22,-2231,-0.688622754491018,0.5838082988266121,4.2627738500480055,0.7798941368856926,5.69452736318408,31068368,26769664,5500212,"{""values"": {""shape"": [458280], ""dtype"": ""<i8"", ""nbytes"": 3666240}, ""indices"": {""shape"": [458280], ""dtype"": ""<i4"", ""nbytes"": 1833120}, ""indptr"": {""shape"": [213], ""dtype"": ""<i4"", ""nbytes"": 852}}",1,2.20299999999952,0.7810000000008586,176713728,0.010499779067893105,0.012185845888838948,0.05930880482425041
NCBI143,Spatial Transcriptomics,Mus musculus,Spinal cord,success,32,E:\Hestdata\st\NCBI143.h5ad,6b938d3c1715426de4c86c8fdabf6c265bf17fd6b25aebe70a99c5ef1f7c44e7,D:\HEST1000BenchRun\COUNT-HEST-SHARED-K32-001\main\NCBI143\VALUE_K32\attempt01\RESULT.json,,250,16149,4037250,644180,416665,418010,332267,D:\HEST1000BenchRun\COUNT-HEST-SHARED-K32-001\main\NCBI143\VALUE_K32\attempt01\archive.cnt,4fe442d762d07fca3dec494ca9935e19b040d7f7b725f0ee6684c9df6f038068,True,True,22,-1345,-0.3228012912051648,0.6584026255495696,4.126387034679748,0.828306396680909,5.19121984538483,36632877,32298000,7731164,"{""values"": {""shape"": [644180], ""dtype"": ""<i8"", ""nbytes"": 5153440}, ""indices"": {""shape"": [644180], ""dtype"": ""<i4"", ""nbytes"": 2576720}, ""indptr"": {""shape"": [251], ""dtype"": ""<i4"", ""nbytes"": 1004}}",1,2.514999999999418,0.9529999999995198,178954240,0.011410788183521595,0.012942287448139203,0.05406818429928533
NCBI144,Spatial Transcriptomics,Mus musculus,Spinal cord,success,32,E:\Hestdata\st\NCBI144.h5ad,48073e74bb93246340ae41b88d3aeda2b10bdac6d47fcf3f7d5c4ef5400ede52,D:\HEST1000BenchRun\COUNT-HEST-SHARED-K32-001\main\NCBI144\VALUE_K32\attempt01\RESULT.json,,309,14491,4477719,279001,244381,246585,170039,D:\HEST1000BenchRun\COUNT-HEST-SHARED-K32-001\main\NCBI144\VALUE_K32\attempt01\archive.cnt,2f0604d63f5195b8ad221671731c000508548e850b118531aac1fcc6daa40f0c,True,True,17,-2204,-0.9018704400096571,0.3037957495769609,4.8756527754380805,0.44055466633792784,7.070512292070638,40017075,35821752,3349252,"{""values"": {""shape"": [279001], ""dtype"": ""<i8"", ""nbytes"": 2232008}, ""indices"": {""shape"": [279001], ""dtype"": ""<i4"", ""nbytes"": 1116004}, ""indptr"": {""shape"": [310], ""dtype"": ""<i4"", ""nbytes"": 1240}}",1,2.063000000000102,0.7970000000004802,160542720,0.006161994598555742,0.0068836666615301224,0.07362390169506505
NCBI145,Spatial Transcriptomics,Mus musculus,Spinal cord,success,32,E:\Hestdata\st\NCBI145.h5ad,403195688c80f8385e9dda09375cbc7b542b643affad4a7221055d469b2af6a5,D:\HEST1000BenchRun\COUNT-HEST-SHARED-K32-001\main\NCBI145\VALUE_K32\attempt01\RESULT.json,,271,15219,4124349,371489,288693,290738,211335,D:\HEST1000BenchRun\COUNT-HEST-SHARED-K32-001\main\NCBI145\VALUE_K32\attempt01\archive.cnt,1642596aff8923fe1dca4603e98729e1f82382cc6599ed7a5135cf126b314d8a,True,True,18,-2045,-0.7083649413044306,0.4099265120386272,4.551090341840539,0.5639445158496529,6.26103060925088,37265643,32994792,4458956,"{""values"": {""shape"": [371489], ""dtype"": ""<i8"", ""nbytes"": 2971912}, ""indices"": {""shape"": [371489], ""dtype"": ""<i4"", ""nbytes"": 1485956}, ""indptr"": {""shape"": [272], ""dtype"": ""<i4"", ""nbytes"": 1088}}",1,2.20299999999952,0.7969999999986612,175640576,0.007801770655077654,0.008811633060150826,0.06520315517802822
NCBI146,Spatial Transcriptomics,Mus musculus,Spinal cord,success,32,E:\Hestdata\st\NCBI146.h5ad,b5c6bfed0e746130546f259b7d823bea6bd1f5fea12a5311fb5570b88adfbc55,D:\HEST1000BenchRun\COUNT-HEST-SHARED-K32-001\main\NCBI146\VALUE_K32\attempt01\RESULT.json,,323,14981,4838863,372972,296024,298124,218454,D:\HEST1000BenchRun\COUNT-HEST-SHARED-K32-001\main\NCBI146\VALUE_K32\attempt01\archive.cnt,02de39740e71c933e168d8842409fc9dace7de64138c2612650dc444fcd4a0c8,True,True,17,-2100,-0.7094019403832121,0.3611658358585478,4.685692223544931,0.49288272885593165,6.394560449577984,42972525,38710904,4476960,"{""values"": {""shape"": [372972], ""dtype"": ""<i8"", ""nbytes"": 2983776}, ""indices"": {""shape"": [372972], ""dtype"": ""<i4"", ""nbytes"": 1491888}, ""indptr"": {""shape"": [324], ""dtype"": ""<i4"", ""nbytes"": 1296}}",1,2.25,0.7969999999986612,175333376,0.006937549050236168,0.007701292638373932,0.06659072227583003
NCBI147,Spatial Transcriptomics,Mus musculus,Spinal cord,success,32,E:\Hestdata\st\NCBI147.h5ad,53a956045a77f83b1f614303013e2912172e9493bddcb9c8aeb33cd2554e3058,D:\HEST1000BenchRun\COUNT-HEST-SHARED-K32-001\main\NCBI147\VALUE_K32\attempt01\RESULT.json,,309,15154,4682586,392039,304191,306308,225392,D:\HEST1000BenchRun\COUNT-HEST-SHARED-K32-001\main\NCBI147\VALUE_K32\attempt01\archive.cnt,5ba6c5d3fb4231314e60aed33025207f34a9e46876c17568ae354f1fff3f3f25,True,True,18,-2117,-0.6959443244540436,0.385072692738585,4.599379143401549,0.5233142541322252,6.250561806350899,41731874,37460688,4705708,"{""values"": {""shape"": [392039], ""dtype"": ""<i8"", ""nbytes"": 3136312}, ""indices"": {""shape"": [392039], ""dtype"": ""<i4"", ""nbytes"": 1568156}, ""indptr"": {""shape"": [310], ""dtype"": ""<i4"", ""nbytes"": 1240}}",1,2.2340000000003783,0.8279999999995198,175624192,0.007339905224481412,0.008176785220816019,0.06509286169052564
NCBI148,Spatial Transcriptomics,Mus musculus,Spinal cord,success,32,E:\Hestdata\st\NCBI148.h5ad,f87eafd80404191a70d1e885a0cdc4ea62699e7caa47d8eb2224b6c7e0a31297,D:\HEST1000BenchRun\COUNT-HEST-SHARED-K32-001\main\NCBI148\VALUE_K32\attempt01\RESULT.json,,311,15148,4711028,416270,314878,316681,236087,D:\HEST1000BenchRun\COUNT-HEST-SHARED-K32-001\main\NCBI148\VALUE_K32\attempt01\archive.cnt,6b50dd9d33cb02ba234e51168817108f4877d858e7af17d0b1aa8e7e5d067b57,True,True,17,-1803,-0.5726027223242017,0.4009095254793646,4.537189804694068,0.5377696757480533,6.086069137819204,41959260,37688224,4996488,"{""values"": {""shape"": [416270], ""dtype"": ""<i8"", ""nbytes"": 3330160}, ""indices"": {""shape"": [416270], ""dtype"": ""<i4"", ""nbytes"": 1665080}, ""indptr"": {""shape"": [312], ""dtype"": ""<i4"", ""nbytes"": 1248}}",1,2.2340000000003783,0.8289999999997235,176181248,0.007547344733915708,0.008402651183563334,0.06338071861675641
NCBI149,Spatial Transcriptomics,Mus musculus,Spinal cord,success,32,E:\Hestdata\st\NCBI149.h5ad,ca6c24a74fc7f3d36bbd9a058f8a002c9db1bf0cb31622563f628c8afc0bbb80,D:\HEST1000BenchRun\COUNT-HEST-SHARED-K32-001\main\NCBI149\VALUE_K32\attempt01\RESULT.json,,289,15303,4422567,441314,323934,325782,245168,D:\HEST1000BenchRun\COUNT-HEST-SHARED-K32-001\main\NCBI149\VALUE_K32\attempt01\archive.cnt,a9843c8dee05acb76b7a1cc700e234cdb31904e9a3d89e9a296c7a66661ebafa,True,True,17,-1848,-0.5704865805997518,0.4434854237369383,4.444327621602759,0.5893084265314692,5.90567260499327,39659007,35380536,5296928,"{""values"": {""shape"": [441314], ""dtype"": ""<i8"", ""nbytes"": 3530512}, ""indices"": {""shape"": [441314], ""dtype"": ""<i4"", ""nbytes"": 1765256}, ""indptr"": {""shape"": [290], ""dtype"": ""<i4"", ""nbytes"": 1160}}",1,2.2030000000013388,0.8130000000001019,176189440,0.00821457783852228,0.009207944164554206,0.06150395096931655
NCBI15,Spatial Transcriptomics,Mus musculus,Spinal cord,success,32,E:\Hestdata\st\NCBI15.h5ad,776e7b75c6a2ba3009635629089f2e7432eaa6298bd8b82b1ff10ded733732f4,D:\HEST1000BenchRun\COUNT-HEST-SHARED-K32-001\main\NCBI15\VALUE_K32\attempt01\RESULT.json,,236,15315,3614340,442257,321340,323674,243443,D:\HEST1000BenchRun\COUNT-HEST-SHARED-K32-001\main\NCBI15\VALUE_K32\attempt01\archive.cnt,0d7eec6aac973638ce4699999ad076d10ae5fdc21be7ca69f88e2c63a7cfa4da,True,True,21,-2334,-0.7263334785585361,0.5388380727878396,4.4036476528353425,0.7164218086842964,5.854948593238773,33185627,28914720,5308032,"{""values"": {""shape"": [442257], ""dtype"": ""<i8"", ""nbytes"": 3538056}, ""indices"": {""shape"": [442257], ""dtype"": ""<i4"", ""nbytes"": 1769028}, ""indptr"": {""shape"": [237], ""dtype"": ""<i4"", ""nbytes"": 948}}",1,2.20299999999952,0.9529999999995198,176443392,0.009753439342881785,0.011194090760692131,0.06097815536907087
NCBI150,Spatial Transcriptomics,Mus musculus,Spinal cord,success,32,E:\Hestdata\st\NCBI150.h5ad,a78ad5b1dd071478d9e648baa6e93c8eb5a094366984bf138d93e937fd088652,D:\HEST1000BenchRun\COUNT-HEST-SHARED-K32-001\main\NCBI150\VALUE_K32\attempt01\RESULT.json,,282,15298,4314036,398039,302571,304429,223794,D:\HEST1000BenchRun\COUNT-HEST-SHARED-K32-001\main\NCBI150\VALUE_K32\attempt01\archive.cnt,d6ea59f3c65371ee0ce8d61f0b67b7f7f58497c0737528b4a2b8ac9ff86b0516,True,True,17,-1858,-0.6140707470312753,0.41500627254849054,4.49793110725331,0.5645367817978338,6.118576320410814,38789594,34512288,4777600,"{""values"": {""shape"": [398039], ""dtype"": ""<i8"", ""nbytes"": 3184312}, ""indices"": {""shape"": [398039], ""dtype"": ""<i4"", ""nbytes"": 1592156}, ""indptr"": {""shape"": [283], ""dtype"": ""<i4"", ""nbytes"": 1132}}",1,2.2339999999985594,0.8280000000013388,175423488,0.007848213105813894,0.008820887215591154,0.06372006865371735
NCBI151,Spatial Transcriptomics,Mus musculus,Spinal cord,success,32,E:\Hestdata\st\NCBI151.h5ad,94e9c36d66c1ccb8dd2c77f5c85a96f66e5d8006b9f2c2c591148d1a78dfeedb,D:\HEST1000BenchRun\COUNT-HEST-SHARED-K32-001\main\NCBI151\VALUE_K32\attempt01\RESULT.json,,304,15454,4698016,471872,341903,343562,261270,D:\HEST1000BenchRun\COUNT-HEST-SHARED-K32-001\main\NCBI151\VALUE_K32\attempt01\archive.cnt,63c52263323075314f4d9eba6e5ff2b0b3aa2e8e80899651eebf41f0eba1dc09,True,True,17,-1659,-0.4852253416904795,0.4449026993522372,4.429506306795063,0.5850333417340426,5.824664315746643,41874214,37584128,5663684,"{""values"": {""shape"": [471872], ""dtype"": ""<i8"", ""nbytes"": 3774976}, ""indices"": {""shape"": [471872], ""dtype"": ""<i4"", ""nbytes"": 1887488}, ""indptr"": {""shape"": [305], ""dtype"": ""<i4"", ""nbytes"": 1220}}",1,2.3590000000003783,0.9369999999998981,176365568,0.008204619673577634,0.009141145964594416,0.06066051707687081
NCBI152,Spatial Transcriptomics,Mus musculus,Spinal cord,success,32,E:\Hestdata\st\NCBI152.h5ad,ef090fe9bee6337ec94781693b72ef2e17eea5b3aa3ee56fa8aff6fa67a701c3,D:\HEST1000BenchRun\COUNT-HEST-SHARED-K32-001\main\NCBI152\VALUE_K32\attempt01\RESULT.json,,328,15401,5051528,458863,341982,343782,260735,D:\HEST1000BenchRun\COUNT-HEST-SHARED-K32-001\main\NCBI152\VALUE_K32\attempt01\archive.cnt,f0bdc7dfa09a8fa1827cb080a3e9732c86e3e0e918017fbd6554da1f8d9e99e9,True,True,17,-1800,-0.5263434917627243,0.4129206054088981,4.545757666231533,0.5444404148606125,5.993632086265399,44701745,40412224,5507672,"{""values"": {""shape"": [458863], ""dtype"": ""<i8"", ""nbytes"": 3670904}, ""indices"": {""shape"": [458863], ""dtype"": ""<i4"", ""nbytes"": 1835452}, ""indptr"": {""shape"": [329], ""dtype"": ""<i4"", ""nbytes"": 1316}}",1,2.2660000000014406,0.9529999999995198,176435200,0.0076905722584207845,0.00850688148219707,0.06241874970041789
NCBI153,Spatial Transcriptomics,Mus musculus,Spinal cord,success,32,E:\Hestdata\st\NCBI153.h5ad,30ed181911a39d58de15b1c4a8d2a4159ed5914bc43163dbdd2be7ee3c2f4e48,D:\HEST1000BenchRun\COUNT-HEST-SHARED-K32-001\main\NCBI153\VALUE_K32\attempt01\RESULT.json,,293,15518,4546774,487959,349032,350951,270346,D:\HEST1000BenchRun\COUNT-HEST-SHARED-K32-001\main\NCBI153\VALUE_K32\attempt01\archive.cnt,701f80832518854c10dceeafb94ad99444e9399e9d0b8eab40294e8a93d676f6,True,True,18,-1919,-0.549806321483417,0.47567088225629867,4.432274023022426,0.6174945136925654,5.75377849368492,40667118,36374192,5856684,"{""values"": {""shape"": [487959], ""dtype"": ""<i8"", ""nbytes"": 3903672}, ""indices"": {""shape"": [487959], ""dtype"": ""<i4"", ""nbytes"": 1951836}, ""indptr"": {""shape"": [294], ""dtype"": ""<i4"", ""nbytes"": 1176}}",1,2.3909999999996217,0.9529999999995198,176431104,0.00862984684579812,0.009648351776446334,0.059923157882515087
NCBI154,Spatial Transcriptomics,Mus musculus,Spinal cord,success,32,E:\Hestdata\st\NCBI154.h5ad,a40bcbba608e70c50ad918cd9224f1dc08691181b4194e0767c63d55573ed574,D:\HEST1000BenchRun\COUNT-HEST-SHARED-K32-001\main\NCBI154\VALUE_K32\attempt01\RESULT.json,,310,15688,4863280,529226,372890,374365,289604,D:\HEST1000BenchRun\COUNT-HEST-SHARED-K32-001\main\NCBI154\VALUE_K32\attempt01\archive.cnt,6690a2d503339d32986eeae45b5d1a1cbdedfd74b30c9ac7fa60236ff37f8772,True,True,18,-1475,-0.3955590120410845,0.4763928871049991,4.377774334594294,0.6158230659143623,5.659056811267776,43212256,38906240,6351956,"{""values"": {""shape"": [529226], ""dtype"": ""<i8"", ""nbytes"": 4233808}, ""indices"": {""shape"": [529226], ""dtype"": ""<i4"", ""nbytes"": 2116904}, ""indptr"": {""shape"": [311], ""dtype"": ""<i4"", ""nbytes"": 1244}}",1,2.360000000000582,0.9529999999995198,177618944,0.008663398643199744,0.009622235404911911,0.058936963669143805
NCBI155,Spatial Transcriptomics,Mus musculus,Spinal cord,success,32,E:\Hestdata\st\NCBI155.h5ad,4a5f929e660306ed0268f7d9d47e136f25f228d7fc748db4c4a94d9fca4443ac,D:\HEST1000BenchRun\COUNT-HEST-SHARED-K32-001\main\NCBI155\VALUE_K32\attempt01\RESULT.json,,292,15622,4561624,498613,354350,356165,273073,D:\HEST1000BenchRun\COUNT-HEST-SHARED-K32-001\main\NCBI155\VALUE_K32\attempt01\archive.cnt,ac2877cdb7dcbba0486ddf41a1138b02422f533afd04a3f867a23c3bb235d438,True,True,19,-1815,-0.5122054465923522,0.4789048812440482,4.3813217866361285,0.624628421807672,5.714492000810248,40792558,36492992,5984528,"{""values"": {""shape"": [498613], ""dtype"": ""<i8"", ""nbytes"": 3988904}, ""indices"": {""shape"": [498613], ""dtype"": ""<i4"", ""nbytes"": 1994452}, ""indptr"": {""shape"": [293], ""dtype"": ""<i4"", ""nbytes"": 1172}}",1,2.2030000000013388,0.9380000000001019,176939008,0.00873112688838979,0.009759819090744875,0.05951430087719533
NCBI156,Spatial Transcriptomics,Mus musculus,Spinal cord,success,32,E:\Hestdata\st\NCBI156.h5ad,9b2b75945f9b39673b4815357607bc8d8b2bc6a67be7780d61fff15537bb6ef8,D:\HEST1000BenchRun\COUNT-HEST-SHARED-K32-001\main\NCBI156\VALUE_K32\attempt01\RESULT.json,,267,16164,4315788,641107,432118,433894,346988,D:\HEST1000BenchRun\COUNT-HEST-SHARED-K32-001\main\NCBI156\VALUE_K32\attempt01\archive.cnt,c5ace00472bdaf47fa147b94b2ba0a27bbe9e9a3212fa59fec2e7d317becaf4e,True,True,22,-1776,-0.4109988475370154,0.6431974879210934,4.329860694080708,0.804291591709324,5.41430993578295,38866292,34526304,7694356,"{""values"": {""shape"": [641107], ""dtype"": ""<i8"", ""nbytes"": 5128856}, ""indices"": {""shape"": [641107], ""dtype"": ""<i4"", ""nbytes"": 2564428}, ""indptr"": {""shape"": [268], ""dtype"": ""<i4"", ""nbytes"": 1072}}",1,2.3590000000003783,0.9539999999997235,178880512,0.011163761132654486,0.012567056120458187,0.05639120415015889
NCBI157,Spatial Transcriptomics,Mus musculus,Spinal cord,success,32,E:\Hestdata\st\NCBI157.h5ad,915caca26e904c1706635e0ce26066a2ac4e1a8272a09e62835ab6015bd31bc2,D:\HEST1000BenchRun\COUNT-HEST-SHARED-K32-001\main\NCBI157\VALUE_K32\attempt01\RESULT.json,,297,16266,4831002,658873,442434,444030,355732,D:\HEST1000BenchRun\COUNT-HEST-SHARED-K32-001\main\NCBI157\VALUE_K32\attempt01\archive.cnt,8881913da4efdae57d12973d940f7554cee42929e82a17f5852601b22d684d2e,True,True,21,-1596,-0.3607317701623293,0.5890819337272061,4.319278525603568,0.7353008754705546,5.391388021667302,43006426,38648016,7907668,"{""values"": {""shape"": [658873], ""dtype"": ""<i8"", ""nbytes"": 5270984}, ""indices"": {""shape"": [658873], ""dtype"": ""<i4"", ""nbytes"": 2635492}, ""indptr"": {""shape"": [298], ""dtype"": ""<i4"", ""nbytes"": 1192}}",1,2.5310000000008586,0.9839999999985594,179179520,0.01032473612199256,0.011489076179227415,0.0561518263032793
NCBI158,Spatial Transcriptomics,Mus musculus,Spinal cord,success,32,E:\Hestdata\st\NCBI158.h5ad,1eff37c7963cc0913d28d876f059e7d623d8bb5afabb2cc8d83658a24cdc3afc,D:\HEST1000BenchRun\COUNT-HEST-SHARED-K32-001\main\NCBI158\VALUE_K32\attempt01\RESULT.json,,251,15685,3936935,508314,362699,365012,281861,D:\HEST1000BenchRun\COUNT-HEST-SHARED-K32-001\main\NCBI158\VALUE_K32\attempt01\archive.cnt,887610b22ca002ce8795520cdec4ac270311fb9c3dbeb1a827cbcfdf8d5ffdad,True,True,20,-2313,-0.6377188798425141,0.5727521536423639,4.436013959875195,0.7417181132022753,5.7446696333368745,35792117,31495480,6100776,"{""values"": {""shape"": [508314], ""dtype"": ""<i8"", ""nbytes"": 4066512}, ""indices"": {""shape"": [508314], ""dtype"": ""<i4"", ""nbytes"": 2033256}, ""indptr"": {""shape"": [252], ""dtype"": ""<i4"", ""nbytes"": 1008}}",1,2.389999999999418,0.8279999999995198,177455104,0.010198111500361937,0.011589345518785552,0.05983042157259994
NCBI159,Spatial Transcriptomics,Mus musculus,Spinal cord,success,32,E:\Hestdata\st\NCBI159.h5ad,4cff7bc6e70e9d99408e8c7c590f6e9568151679522f5ccf9178ea9324871b8a,D:\HEST1000BenchRun\COUNT-HEST-SHARED-K32-001\main\NCBI159\VALUE_K32\attempt01\RESULT.json,,224,15869,3554656,470387,338998,341588,258233,D:\HEST1000BenchRun\COUNT-HEST-SHARED-K32-001\main\NCBI159\VALUE_K32\attempt01\archive.cnt,6cc4d5a98043a4197a9f92d0957041d0ccde7ef688d98f6346b26cf7e63c1597,True,True,21,-2590,-0.7640163068808665,0.5811712863354429,4.391839060178109,0.7687674981770388,5.809480279004309,32742821,28437248,5645544,"{""values"": {""shape"": [470387], ""dtype"": ""<i8"", ""nbytes"": 3763096}, ""indices"": {""shape"": [470387], ""dtype"": ""<i4"", ""nbytes"": 1881548}, ""indptr"": {""shape"": [225], ""dtype"": ""<i4"", ""nbytes"": 900}}",1,2.360000000000582,0.9690000000009604,176754688,0.010432454796732389,0.012011992159016232,0.060505772340096894
NCBI160,Spatial Transcriptomics,Mus musculus,Spinal cord,success,32,E:\Hestdata\st\NCBI160.h5ad,745b7ec03a85899699022490e9ae5795ae74cfade1eea850e29d78da42cf4832,D:\HEST1000BenchRun\COUNT-HEST-SHARED-K32-001\main\NCBI160\VALUE_K32\attempt01\RESULT.json,,302,16070,4853140,713608,467595,469267,381971,D:\HEST1000BenchRun\COUNT-HEST-SHARED-K32-001\main\NCBI160\VALUE_K32\attempt01\archive.cnt,7b933d4fa7cf9871bf895489ec940d9a95a2b141a68e1239d411707568f6e739,True,True,21,-1672,-0.35757439664667073,0.6296476095888435,4.28213809262228,0.7735478473730409,5.2607818298001146,43163198,38825120,8564508,"{""values"": {""shape"": [713608], ""dtype"": ""<i8"", ""nbytes"": 5708864}, ""indices"": {""shape"": [713608], ""dtype"": ""<i4"", ""nbytes"": 2854432}, ""indptr"": {""shape"": [303], ""dtype"": ""<i4"", ""nbytes"": 1212}}",1,2.5159999999996217,0.9530000000013388,179490816,0.010871923808796558,0.012086685115203765,0.05479205577249738
NCBI161,Spatial Transcriptomics,Mus musculus,Spinal cord,success,32,E:\Hestdata\st\NCBI161.h5ad,19c84f468b56c48a73917cf611816cf67b16752f243cd9732b934d8adb7d81eb,D:\HEST1000BenchRun\COUNT-HEST-SHARED-K32-001\main\NCBI161\VALUE_K32\attempt01\RESULT.json,,266,16343,4347238,706860,462022,463828,375436,D:\HEST1000BenchRun\COUNT-HEST-SHARED-K32-001\main\NCBI161\VALUE_K32\attempt01\archive.cnt,bdc4ff4007376e0890b101ca445061f328951db3e25b0ab8fe80c018048c8999,True,True,21,-1806,-0.39089047707684915,0.6908956905511039,4.249056390232861,0.853558972386605,5.24944684944685,39137599,34777904,8483388,"{""values"": {""shape"": [706860], ""dtype"": ""<i8"", ""nbytes"": 5654880}, ""indices"": {""shape"": [706860], ""dtype"": ""<i4"", ""nbytes"": 2827440}, ""indptr"": {""shape"": [267], ""dtype"": ""<i4"", ""nbytes"": 1068}}",1,2.514999999999418,0.9539999999997235,179859456,0.011851212436409296,0.013336858943540704,0.05467485396164834
NCBI162,Spatial Transcriptomics,Mus musculus,Spinal cord,success,32,E:\Hestdata\st\NCBI162.h5ad,247430bceb6ad9c07264249f807ccecf4356b931387388c4b99acfcd99e7b774,D:\HEST1000BenchRun\COUNT-HEST-SHARED-K32-001\main\NCBI162\VALUE_K32\attempt01\RESULT.json,,224,16086,3603264,601370,402057,404382,318948,D:\HEST1000BenchRun\COUNT-HEST-SHARED-K32-001\main\NCBI162\VALUE_K32\attempt01\archive.cnt,5955b0bfffb8be86c12ef1e6e0c67ac35f6c768cbe96f7c378533eeca2736832,True,True,21,-2325,-0.5782762145665913,0.7081312942931742,4.242951926434641,0.8978126498641232,5.379476861167002,33149886,28826112,7217340,"{""values"": {""shape"": [601370], ""dtype"": ""<i8"", ""nbytes"": 4810960}, ""indices"": {""shape"": [601370], ""dtype"": ""<i4"", ""nbytes"": 2405480}, ""indptr"": {""shape"": [225], ""dtype"": ""<i4"", ""nbytes"": 900}}",1,2.3590000000003783,0.9369999999998981,179294208,0.012198593986115065,0.014028322654126926,0.056029229605367076
NCBI163,Spatial Transcriptomics,Mus musculus,Spinal cord,success,32,E:\Hestdata\st\NCBI163.h5ad,41e05bdd1cf6142b7168a878e9e1c6a51e03266b1b351c6dc330c8108a3d200a,D:\HEST1000BenchRun\COUNT-HEST-SHARED-K32-001\main\NCBI163\VALUE_K32\attempt01\RESULT.json,,296,16258,4812368,744936,487278,489141,399968,D:\HEST1000BenchRun\COUNT-HEST-SHARED-K32-001\main\NCBI163\VALUE_K32\attempt01\archive.cnt,97077da1d7325e6caaf2a7af6e2d2367ede1c2ff37631ef0841cc53a9f1cdd6b,True,True,22,-1863,-0.3823279524214104,0.6649001073899585,4.295327383828947,0.8131398097568598,5.252972067399079,42856714,38498944,8940420,"{""values"": {""shape"": [744936], ""dtype"": ""<i8"", ""nbytes"": 5959488}, ""indices"": {""shape"": [744936], ""dtype"": ""<i4"", ""nbytes"": 2979744}, ""indptr"": {""shape"": [297], ""dtype"": ""<i4"", ""nbytes"": 1188}}",1,2.5160000000014406,0.9380000000001019,180563968,0.011413404210131463,0.012705309527450935,0.054711188064990236
NCBI164,Spatial Transcriptomics,Mus musculus,Spinal cord,success,32,E:\Hestdata\st\NCBI164.h5ad,c3c0ea8b7c33ee1bd9d09a84c08c2f054a071dacf4877ee6cc0b7f540198cfa8,D:\HEST1000BenchRun\COUNT-HEST-SHARED-K32-001\main\NCBI164\VALUE_K32\attempt01\RESULT.json,,303,15881,4811943,585765,406739,408311,322767,D:\HEST1000BenchRun\COUNT-HEST-SHARED-K32-001\main\NCBI164\VALUE_K32\attempt01\archive.cnt,9ba1bdc049facaed58535e89efa33e878ff6e26fb7035c22acd5d451489e1295,True,True,21,-1572,-0.38648863275958295,0.5366098476228833,4.408143197357302,0.6788293211287,5.576447892926344,42815329,38495544,7030396,"{""values"": {""shape"": [585765], ""dtype"": ""<i8"", ""nbytes"": 4686120}, ""indices"": {""shape"": [585765], ""dtype"": ""<i4"", ""nbytes"": 2343060}, ""indptr"": {""shape"": [304], ""dtype"": ""<i4"", ""nbytes"": 1216}}",1,2.3589999999985594,0.9529999999995198,178282496,0.009536561076057597,0.010606708142635937,0.0580779517967409
NCBI165,Spatial Transcriptomics,Mus musculus,Spinal cord,success,32,E:\Hestdata\st\NCBI165.h5ad,cdafce8aa913afab894088e61fabb77fbf4743f617ab21b029548d2731c8030f,D:\HEST1000BenchRun\COUNT-HEST-SHARED-K32-001\main\NCBI165\VALUE_K32\attempt01\RESULT.json,,277,15752,4363304,527734,377504,379640,295065,D:\HEST1000BenchRun\COUNT-HEST-SHARED-K32-001\main\NCBI165\VALUE_K32\attempt01\archive.cnt,0475848a4fc6eb4cb3b084de4bd8a96cf05a722c8dd85637f4fdf1cbdd62600e,True,True,21,-2136,-0.5658218191065525,0.5409937056872498,4.472935228732657,0.696059683212538,5.755020521702221,39212648,34906432,6333920,"{""values"": {""shape"": [527734], ""dtype"": ""<i8"", ""nbytes"": 4221872}, ""indices"": {""shape"": [527734], ""dtype"": ""<i4"", ""nbytes"": 2110936}, ""indptr"": {""shape"": [278], ""dtype"": ""<i4"", ""nbytes"": 1112}}",1,2.3590000000003783,0.9529999999995198,177385472,0.009681570089324241,0.010875932550195906,0.05993760577967515
NCBI167,Spatial Transcriptomics,Mus musculus,Spinal cord,success,32,E:\Hestdata\st\NCBI167.h5ad,fd945987474398aaee03bd7e0047d3daa1752c6afef9907c7ddceeea66839769,D:\HEST1000BenchRun\COUNT-HEST-SHARED-K32-001\main\NCBI167\VALUE_K32\attempt01\RESULT.json,,285,16181,4611585,655953,436206,438187,350593,D:\HEST1000BenchRun\COUNT-HEST-SHARED-K32-001\main\NCBI167\VALUE_K32\attempt01\archive.cnt,0eda75639ae22eb4fe308b0e0cb67779848c35ea802d858c4a0cf65571c30dfe,True,True,21,-1981,-0.4541432259070256,0.6081952300564774,4.275830737872988,0.7601499267605389,5.344126789571813,41235933,36892680,7872580,"{""values"": {""shape"": [655953], ""dtype"": ""<i8"", ""nbytes"": 5247624}, ""indices"": {""shape"": [655953], ""dtype"": ""<i4"", ""nbytes"": 2623812}, ""indptr"": {""shape"": [286], ""dtype"": ""<i4"", ""nbytes"": 1144}}",1,2.561999999999898,0.9539999999997235,179265536,0.01062633892629518,0.011877342605633421,0.05565989802580602
NCBI168,Spatial Transcriptomics,Mus musculus,Spinal cord,success,32,E:\Hestdata\st\NCBI168.h5ad,06498ae55f49f7f1dcad5fb4665062d03ed7124db46a42b881f4eba3cc9551d8,D:\HEST1000BenchRun\COUNT-HEST-SHARED-K32-001\main\NCBI168\VALUE_K32\attempt01\RESULT.json,,215,16014,3443010,484268,337598,339802,256944,D:\HEST1000BenchRun\COUNT-HEST-SHARED-K32-001\main\NCBI168\VALUE_K32\attempt01\archive.cnt,3c61cb0886444b29f6108753bbbd1348e93231c0644a49104f3e67ac41fcbee7,True,True,21,-2204,-0.6528474694755301,0.5970217919785304,4.244657916690758,0.7895463562406151,5.613453707451246,31862166,27544080,5812080,"{""values"": {""shape"": [484268], ""dtype"": ""<i8"", ""nbytes"": 3874144}, ""indices"": {""shape"": [484268], ""dtype"": ""<i4"", ""nbytes"": 1937072}, ""indptr"": {""shape"": [216], ""dtype"": ""<i4"", ""nbytes"": 864}}",1,2.25,0.9369999999998981,177377280,0.010664748906273353,0.01233666181625961,0.05846478369189688
NCBI169,Spatial Transcriptomics,Mus musculus,Spinal cord,success,32,E:\Hestdata\st\NCBI169.h5ad,87fc7bfe1aad0f7d7d55c3781999540c96d302497da89ff932d966ffd72d626f,D:\HEST1000BenchRun\COUNT-HEST-SHARED-K32-001\main\NCBI169\VALUE_K32\attempt01\RESULT.json,,306,16316,4992696,672951,445776,447041,358008,D:\HEST1000BenchRun\COUNT-HEST-SHARED-K32-001\main\NCBI169\VALUE_K32\attempt01\archive.cnt,0f3a7695196d37115e3845e1ae01fe8a15b2ce9a20f62b21527d03ab39680cc2,True,True,22,-1265,-0.283774810667241,0.5736507890726774,4.255977032503109,0.716311988552878,5.3143958475431345,44304308,39941568,8076640,"{""values"": {""shape"": [672951], ""dtype"": ""<i8"", ""nbytes"": 5383608}, ""indices"": {""shape"": [672951], ""dtype"": ""<i4"", ""nbytes"": 2691804}, ""indptr"": {""shape"": [307], ""dtype"": ""<i4"", ""nbytes"": 1228}}",1,2.514999999999418,0.9539999999997235,179728384,0.010090237725866298,0.01119237482113872,0.05534987321460409
NCBI17,Spatial Transcriptomics,Mus musculus,Spinal cord,success,32,E:\Hestdata\st\NCBI17.h5ad,4899069f38380d62ec6ffbb2208f289ee4041b2a27f9ab95e373364635255b90,D:\HEST1000BenchRun\COUNT-HEST-SHARED-K32-001\main\NCBI17\VALUE_K32\attempt01\RESULT.json,,252,15109,3807468,366556,286484,288831,209419,D:\HEST1000BenchRun\COUNT-HEST-SHARED-K32-001\main\NCBI17\VALUE_K32\attempt01\archive.cnt,936fbf82f312e89b9a778030b12b42c7f59fecaf2b8b5a07463b5ae782a183b9,True,True,20,-2347,-0.8192429594671954,0.44001735536582315,4.570521284605899,0.6068725987979413,6.303669834895623,34719053,30459744,4399684,"{""values"": {""shape"": [366556], ""dtype"": ""<i8"", ""nbytes"": 2932448}, ""indices"": {""shape"": [366556], ""dtype"": ""<i4"", ""nbytes"": 1466224}, ""indptr"": {""shape"": [253], ""dtype"": ""<i4"", ""nbytes"": 1012}}",1,2.20299999999952,0.9530000000013388,175292416,0.00831909211348593,0.009482384356217833,0.0656481238198016
NCBI170,Spatial Transcriptomics,Mus musculus,Spinal cord,success,32,E:\Hestdata\st\NCBI170.h5ad,6471e59e76cb4b0fa887360a4cb600efb0a2ea694982822c0db5f838c6d2d93b,D:\HEST1000BenchRun\COUNT-HEST-SHARED-K32-001\main\NCBI170\VALUE_K32\attempt01\RESULT.json,,326,13971,4554546,203558,206427,209052,136523,D:\HEST1000BenchRun\COUNT-HEST-SHARED-K32-001\main\NCBI170\VALUE_K32\attempt01\archive.cnt,506868f3be15e75a04f69a992ed6d6026891b9c93b99b97b8114bf312cdcf998,True,True,16,-2625,-1.2716359778517345,0.23980084952484837,5.365468318611894,0.3671970817728046,8.215918804468505,40588923,36436368,2444004,"{""values"": {""shape"": [203558], ""dtype"": ""<i8"", ""nbytes"": 1628464}, ""indices"": {""shape"": [203558], ""dtype"": ""<i4"", ""nbytes"": 814232}, ""indptr"": {""shape"": [327], ""dtype"": ""<i4"", ""nbytes"": 1308}}",1,2.04700000000048,0.7809999999990396,172568576,0.0051504692548752775,0.0057374544027000715,0.08553668488267613
NCBI171,Spatial Transcriptomics,Mus musculus,Spinal cord,success,32,E:\Hestdata\st\NCBI171.h5ad,6090104d2c22ba949f3fa4eb91f6841342f10e83b046e928817b6099e94a7a9e,D:\HEST1000BenchRun\COUNT-HEST-SHARED-K32-001\main\NCBI171\VALUE_K32\attempt01\RESULT.json,,285,13998,3989430,213577,208094,210847,140063,D:\HEST1000BenchRun\COUNT-HEST-SHARED-K32-001\main\NCBI171\VALUE_K32\attempt01\archive.cnt,609ae5b471bc3edb76173bbcfdf68eee79ee63df7c7a459cf034941793d48729,True,True,16,-2753,-1.322959816236893,0.28086819420318193,5.246370161581069,0.4228112788042402,7.897741798040051,36059454,31915440,2564068,"{""values"": {""shape"": [213577], ""dtype"": ""<i8"", ""nbytes"": 1708616}, ""indices"": {""shape"": [213577], ""dtype"": ""<i4"", ""nbytes"": 854308}, ""indptr"": {""shape"": [286], ""dtype"": ""<i4"", ""nbytes"": 1144}}",1,2.2190000000009604,1.0,172728320,0.005847204452957053,0.006606426231316253,0.08223143847979071
NCBI172,Spatial Transcriptomics,Mus musculus,Spinal cord,success,32,E:\Hestdata\st\NCBI172.h5ad,2c7f7979f74ff331b18256866fe5485f0d30eb9bbb810b4e055a9c4eab627771,D:\HEST1000BenchRun\COUNT-HEST-SHARED-K32-001\main\NCBI172\VALUE_K32\attempt01\RESULT.json,,211,14557,3071527,187871,186080,188644,117565,D:\HEST1000BenchRun\COUNT-HEST-SHARED-K32-001\main\NCBI172\VALUE_K32\attempt01\archive.cnt,ee3814789a939e6fad066e67a7a34d92e94a5ed2b7b19c3ef771b74d72c6e157,True,True,16,-2564,-1.377901977644024,0.30620600111931295,5.006201063495697,0.4913360683464609,8.032916203139388,28754189,24572216,2255300,"{""values"": {""shape"": [187871], ""dtype"": ""<i8"", ""nbytes"": 1502968}, ""indices"": {""shape"": [187871], ""dtype"": ""<i4"", ""nbytes"": 751484}, ""indptr"": {""shape"": [212], ""dtype"": ""<i4"", ""nbytes"": 848}}",1,2.0939999999991414,0.9690000000009604,172507136,0.006560574530549271,0.007677126067913451,0.08364474792710504
NCBI173,Spatial Transcriptomics,Mus musculus,Spinal cord,success,32,E:\Hestdata\st\NCBI173.h5ad,06cbd5f6fd3bdc6fc307ed947d0d3cb7ef4dda815c2dce78f2e73e786fb429ca,D:\HEST1000BenchRun\COUNT-HEST-SHARED-K32-001\main\NCBI173\VALUE_K32\attempt01\RESULT.json,,295,14245,4202275,223244,215709,218165,145429,D:\HEST1000BenchRun\COUNT-HEST-SHARED-K32-001\main\NCBI173\VALUE_K32\attempt01\archive.cnt,d40f63232182acefeaca6a8ae58c0cacd4e3b65ef86913558633fe40b7be4bb0,True,True,14,-2456,-1.1385709451158736,0.2768576544847731,5.2114816075684,0.41532741193758144,7.8179928687893065,37795853,33618200,2680112,"{""values"": {""shape"": [223244], ""dtype"": ""<i8"", ""nbytes"": 1785952}, ""indices"": {""shape"": [223244], ""dtype"": ""<i4"", ""nbytes"": 892976}, ""indptr"": {""shape"": [296], ""dtype"": ""<i4"", ""nbytes"": 1184}}",1,2.3280000000013388,0.8279999999995198,162668544,0.00577219410817372,0.00648949081152471,0.08140144889467306
NCBI174,Spatial Transcriptomics,Mus musculus,Spinal cord,success,32,E:\Hestdata\st\NCBI174.h5ad,e172b5403dd6ef4482319249b1a964508632065daa8213c950c6a6da31dcf911,D:\HEST1000BenchRun\COUNT-HEST-SHARED-K32-001\main\NCBI174\VALUE_K32\attempt01\RESULT.json,,259,13471,3488989,154337,169034,171481,104031,D:\HEST1000BenchRun\COUNT-HEST-SHARED-K32-001\main\NCBI174\VALUE_K32\attempt01\archive.cnt,3307c7d1a671284d9ae5442c75ec81b094e304b10c05c6eab9d61154d45fdfdc,True,True,15,-2447,-1.4476377533513967,0.23853557577854215,5.392407523795331,0.393193558363182,8.888652753390309,32006263,27911912,1853084,"{""values"": {""shape"": [154337], ""dtype"": ""<i8"", ""nbytes"": 1234696}, ""indices"": {""shape"": [154337], ""dtype"": ""<i4"", ""nbytes"": 617348}, ""indptr"": {""shape"": [260], ""dtype"": ""<i4"", ""nbytes"": 1040}}",1,2.1559999999990396,0.8279999999995198,171692032,0.005357732641264617,0.0061436493494247185,0.09253816880400456
NCBI175,Spatial Transcriptomics,Mus musculus,Spinal cord,success,32,E:\Hestdata\st\NCBI175.h5ad,94948ca1551d2598582e4fb6fad3ed7b53b02167bf2d3183dac4d795cc3f5f39,D:\HEST1000BenchRun\COUNT-HEST-SHARED-K32-001\main\NCBI175\VALUE_K32\attempt01\RESULT.json,,226,14426,3260276,211031,204844,207598,133922,D:\HEST1000BenchRun\COUNT-HEST-SHARED-K32-001\main\NCBI175\VALUE_K32\attempt01\archive.cnt,bc8cb12d5ad84e5019b1711aa40419ef34279feaeb606e6e4cd871ccac9dcaf3,True,True,16,-2754,-1.344437718458925,0.3286151233821922,5.076865484217959,0.509399817684147,7.869857982950372,30261442,26082208,2533280,"{""values"": {""shape"": [211031], ""dtype"": ""<i8"", ""nbytes"": 1688248}, ""indices"": {""shape"": [211031], ""dtype"": ""<i4"", ""nbytes"": 844124}, ""indptr"": {""shape"": [227], ""dtype"": ""<i4"", ""nbytes"": 908}}",1,2.0939999999991414,0.7960000000002765,173051904,0.0068601489644809395,0.007959372151314797,0.08194830417482474
NCBI176,Spatial Transcriptomics,Mus musculus,Spinal cord,success,32,E:\Hestdata\st\NCBI176.h5ad,6f44c00de1ae813d4ef5c4f504f1d22f536bc0326c707024eda341260e79cade,D:\HEST1000BenchRun\COUNT-HEST-SHARED-K32-001\main\NCBI176\VALUE_K32\attempt01\RESULT.json,,326,14264,4650064,256887,238068,240674,164796,D:\HEST1000BenchRun\COUNT-HEST-SHARED-K32-001\main\NCBI176\VALUE_K32\attempt01\archive.cnt,c2ec2e9c436ce86ce53d966566c3dd3683f6347ea6c32f0810e7c087c9dfb8df,True,True,16,-2606,-1.0946452274140162,0.2835160978429544,5.13209309930047,0.4140570968485595,7.495093173262952,41383120,37200512,3083952,"{""values"": {""shape"": [256887], ""dtype"": ""<i8"", ""nbytes"": 2055096}, ""indices"": {""shape"": [256887], ""dtype"": ""<i4"", ""nbytes"": 1027548}, ""indptr"": {""shape"": [327], ""dtype"": ""<i4"", ""nbytes"": 1308}}",1,2.2039999999997235,0.7810000000008586,173027328,0.005815752896350009,0.006469642138258742,0.07804077365665874
NCBI177,Spatial Transcriptomics,Mus musculus,Spinal cord,success,32,E:\Hestdata\st\NCBI177.h5ad,93967818495f91db2468542f5c9240d80e66c792900b8c4c68d56acb1d584e26,D:\HEST1000BenchRun\COUNT-HEST-SHARED-K32-001\main\NCBI177\VALUE_K32\attempt01\RESULT.json,,333,14521,4835493,280475,252975,255406,177854,D:\HEST1000BenchRun\COUNT-HEST-SHARED-K32-001\main\NCBI177\VALUE_K32\attempt01\archive.cnt,ad509ae01c1ed6cccfb986ba9a0afaa27b1cc5e992fc128faa3125598f805079,True,True,16,-2431,-0.9609645221859867,0.2942475565573148,5.072936981905696,0.42255215755663383,7.284955878420536,42884097,38683944,3367036,"{""values"": {""shape"": [280475], ""dtype"": ""<i8"", ""nbytes"": 2243800}, ""indices"": {""shape"": [280475], ""dtype"": ""<i4"", ""nbytes"": 1121900}, ""indptr"": {""shape"": [334], ""dtype"": ""<i4"", ""nbytes"": 1336}}",1,2.2180000000007567,0.7819999999992433,173981696,0.00595572759757539,0.006602377461822404,0.07585484681482467
NCBI178,Spatial Transcriptomics,Mus musculus,Spinal cord,success,32,E:\Hestdata\st\NCBI178.h5ad,20d4b085face033c8f3c92f7d4c6b64a47ba6eaf6a9f52ef61ab3d14f61a3d7f,D:\HEST1000BenchRun\COUNT-HEST-SHARED-K32-001\main\NCBI178\VALUE_K32\attempt01\RESULT.json,,396,14149,5603004,265019,248099,250306,173581,D:\HEST1000BenchRun\COUNT-HEST-SHARED-K32-001\main\NCBI178\VALUE_K32\attempt01\archive.cnt,98ecad6d0ddac4ed75d24f28009d3b413608c160f91b97061e3e8d3bbcc2b60f,True,True,14,-2207,-0.8895642465306188,0.24783990873467163,5.239805447911282,0.3573882867119138,7.5558658058478825,48999373,44824032,3181816,"{""values"": {""shape"": [265019], ""dtype"": ""<i8"", ""nbytes"": 2120152}, ""indices"": {""shape"": [265019], ""dtype"": ""<i4"", ""nbytes"": 1060076}, ""indptr"": {""shape"": [397], ""dtype"": ""<i4"", ""nbytes"": 1588}}",1,2.25,0.9529999999995198,173776896,0.00510835108032913,0.005584191979873653,0.07866765394353413
NCBI179,Spatial Transcriptomics,Mus musculus,Spinal cord,success,32,E:\Hestdata\st\NCBI179.h5ad,24e7765ffe153f800cbc0b3ed7dcd960bcbe4edafcdbad2ac161b029ced4b3ff,D:\HEST1000BenchRun\COUNT-HEST-SHARED-K32-001\main\NCBI179\VALUE_K32\attempt01\RESULT.json,,270,14526,3922020,259919,234858,237379,161493,D:\HEST1000BenchRun\COUNT-HEST-SHARED-K32-001\main\NCBI179\VALUE_K32\attempt01\archive.cnt,8c82545932067d338f6d6fc118359e0e1c27c545387a4d89b12b525b8b36853b,True,True,16,-2521,-1.0734145739127472,0.3294078051616259,4.970563906447778,0.48419742887593636,7.306245407223019,35569078,31376160,3120112,"{""values"": {""shape"": [259919], ""dtype"": ""<i8"", ""nbytes"": 2079352}, ""indices"": {""shape"": [259919], ""dtype"": ""<i4"", ""nbytes"": 1039676}, ""indptr"": {""shape"": [271], ""dtype"": ""<i4"", ""nbytes"": 1084}}",1,2.2190000000009604,0.7969999999986612,173350912,0.006673746224178203,0.007565584826186506,0.07608028173347624
NCBI18,Spatial Transcriptomics,Mus musculus,Spinal cord,success,32,E:\Hestdata\st\NCBI18.h5ad,c6b002a20c0844db11ff9cf92e3ab10f5ca0a6ed91ce582cfdf24abd72f43770,D:\HEST1000BenchRun\COUNT-HEST-SHARED-K32-001\main\NCBI18\VALUE_K32\attempt01\RESULT.json,,239,14606,3490834,254625,226882,229484,154464,D:\HEST1000BenchRun\COUNT-HEST-SHARED-K32-001\main\NCBI18\VALUE_K32\attempt01\archive.cnt,66aaf535c8c9079802f13c14ee77e652140f31de82d3fed71af15f543059eb69,True,True,20,-2602,-1.146851667386571,0.353987614421081,4.853066273932253,0.5259121459227222,7.210101129111439,32119062,27926672,3056460,"{""values"": {""shape"": [254625], ""dtype"": ""<i8"", ""nbytes"": 2037000}, ""indices"": {""shape"": [254625], ""dtype"": ""<i4"", ""nbytes"": 1018500}, ""indptr"": {""shape"": [240], ""dtype"": ""<i4"", ""nbytes"": 960}}",1,2.2189999999991414,0.7810000000008586,173953024,0.007144791463710864,0.008217377280042534,0.07508163038286123
NCBI180,Spatial Transcriptomics,Mus musculus,Spinal cord,success,32,E:\Hestdata\st\NCBI180.h5ad,f7565f113f5f59b6c78146811aac9ee1e9ad46affbafd337fea0d66624e66f34,D:\HEST1000BenchRun\COUNT-HEST-SHARED-K32-001\main\NCBI180\VALUE_K32\attempt01\RESULT.json,,330,14594,4816020,283994,254423,256978,179019,D:\HEST1000BenchRun\COUNT-HEST-SHARED-K32-001\main\NCBI180\VALUE_K32\attempt01\archive.cnt,6e0635ad7d4a99dae729fb709aad8efe4e946b1ac68b06fca5ad18466c55c765,True,True,16,-2555,-1.0042331078558149,0.2973725192171129,5.0428952724353335,0.4268719814286486,7.238969837390931,42738074,38528160,3409252,"{""values"": {""shape"": [283994], ""dtype"": ""<i8"", ""nbytes"": 2271952}, ""indices"": {""shape"": [283994], ""dtype"": ""<i4"", ""nbytes"": 1135976}, ""indptr"": {""shape"": [331], ""dtype"": ""<i4"", ""nbytes"": 1324}}",1,2.2340000000003783,0.7809999999990396,173727744,0.0060128586983119545,0.006669874709822634,0.07537665153529279
NCBI181,Spatial Transcriptomics,Mus musculus,Spinal cord,success,32,E:\Hestdata\st\NCBI181.h5ad,09bbf6590c2aee4a27dd7863785513e326bcf6286e1e296f0de00c80269dadbe,D:\HEST1000BenchRun\COUNT-HEST-SHARED-K32-001\main\NCBI181\VALUE_K32\attempt01\RESULT.json,,344,14644,5037536,349701,291555,293853,214757,D:\HEST1000BenchRun\COUNT-HEST-SHARED-K32-001\main\NCBI181\VALUE_K32\attempt01\archive.cnt,39402afe5a0f36cc3714c2af5fbde00944ce931314e532d04c9aaad76f8c39fe,True,True,17,-2298,-0.7881874774913824,0.3410508629615749,4.912928473181375,0.4666614789452621,6.722382835622431,44513852,40300288,4197792,"{""values"": {""shape"": [349701], ""dtype"": ""<i8"", ""nbytes"": 2797608}, ""indices"": {""shape"": [349701], ""dtype"": ""<i4"", ""nbytes"": 1398804}, ""indptr"": {""shape"": [345], ""dtype"": ""<i4"", ""nbytes"": 1380}}",1,2.359999999998763,0.9530000000013388,174579712,0.006601383317714225,0.0072915856085197205,0.07000180094678345
NCBI182,Spatial Transcriptomics,Mus musculus,Spinal cord,success,32,E:\Hestdata\st\NCBI182.h5ad,414a85ecd4b97edc50d12143fb841a91f637a557c20801bc669da29ce44b9d3d,D:\HEST1000BenchRun\COUNT-HEST-SHARED-K32-001\main\NCBI182\VALUE_K32\attempt01\RESULT.json,,331,14553,4817043,339496,284682,286891,208629,D:\HEST1000BenchRun\COUNT-HEST-SHARED-K32-001\main\NCBI182\VALUE_K32\attempt01\archive.cnt,3aef5703059a6dd08b4bdcb06a85d29b309c06363736b1a0c52589f81989a956,True,True,16,-2209,-0.7759535200680057,0.3464847625400064,4.916205198293942,0.4764599361060302,6.760397766100337,42738337,38536344,4075280,"{""values"": {""shape"": [339496], ""dtype"": ""<i8"", ""nbytes"": 2715968}, ""indices"": {""shape"": [339496], ""dtype"": ""<i4"", ""nbytes"": 1357984}, ""indptr"": {""shape"": [332], ""dtype"": ""<i4"", ""nbytes"": 1328}}",1,2.20299999999952,0.9369999999998981,174747648,0.0067127319436879355,0.007444686501656722,0.0703978622327791
NCBI183,Spatial Transcriptomics,Mus musculus,Spinal cord,success,32,E:\Hestdata\st\NCBI183.h5ad,ab1162572ba1af003c30d72963c889dcb85170f11b1c7d089c19ab3964e61a59,D:\HEST1000BenchRun\COUNT-HEST-SHARED-K32-001\main\NCBI183\VALUE_K32\attempt01\RESULT.json,,244,14509,3540196,262040,231009,233508,158259,D:\HEST1000BenchRun\COUNT-HEST-SHARED-K32-001\main\NCBI183\VALUE_K32\attempt01\archive.cnt,8c8c4afb177e3b0ae1ef05d3fc4e2dd83feecb9c5bb607177f512c14e9c9c062,True,True,17,-2499,-1.0817760346999468,0.35762765677380576,4.831598229277973,0.5276724791508719,7.128926881392154,32508213,28321568,3145460,"{""values"": {""shape"": [262040], ""dtype"": ""<i8"", ""nbytes"": 2096320}, ""indices"": {""shape"": [262040], ""dtype"": ""<i4"", ""nbytes"": 1048160}, ""indptr"": {""shape"": [245], ""dtype"": ""<i4"", ""nbytes"": 980}}",1,2.2180000000007567,0.7970000000004802,173580288,0.007183046327400402,0.008244882486732373,0.07423651866499653
NCBI184,Spatial Transcriptomics,Mus musculus,Spinal cord,success,32,E:\Hestdata\st\NCBI184.h5ad,6fe6626b1f8acffbd4ec33ac3989ccfe208a36c29180650ceb11e3da62e1ca5c,D:\HEST1000BenchRun\COUNT-HEST-SHARED-K32-001\main\NCBI184\VALUE_K32\attempt01\RESULT.json,,381,14764,5625084,381060,316255,318760,237067,D:\HEST1000BenchRun\COUNT-HEST-SHARED-K32-001\main\NCBI184\VALUE_K32\attempt01\archive.cnt,747ecb8f8ddf5cac1393c68ed3964e2ad6d058871d46b055b3de639b7bcee4fc,True,True,18,-2505,-0.7920823386191522,0.33715692067887343,4.977000997218286,0.4533407856664896,6.69206949036897,49230572,45000672,4574248,"{""values"": {""shape"": [381060], ""dtype"": ""<i8"", ""nbytes"": 3048480}, ""indices"": {""shape"": [381060], ""dtype"": ""<i4"", ""nbytes"": 1524240}, ""indptr"": {""shape"": [382], ""dtype"": ""<i4"", ""nbytes"": 1528}}",1,2.4069999999992433,0.9529999999995198,175296512,0.0064748384398215,0.0070834497760389,0.06968577130055038
NCBI185,Spatial Transcriptomics,Mus musculus,Spinal cord,success,32,E:\Hestdata\st\NCBI185.h5ad,ec5930a5a8db6adf2a36d28b3676a071a7c4258f359e96317db695d26ec29e57,D:\HEST1000BenchRun\COUNT-HEST-SHARED-K32-001\main\NCBI185\VALUE_K32\attempt01\RESULT.json,,206,14762,3040972,199395,194985,197694,123908,D:\HEST1000BenchRun\COUNT-HEST-SHARED-K32-001\main\NCBI185\VALUE_K32\attempt01\archive.cnt,c062882d6a52140ed766fa102c39397acde8effdcdd3bb3fa2304a1fd1f8fe5c,True,True,15,-2709,-1.3893376413570275,0.3259694597648383,4.971358359036084,0.5200810793391061,7.93175355450237,28555282,24327776,2393568,"{""values"": {""shape"": [199395], ""dtype"": ""<i8"", ""nbytes"": 1595160}, ""indices"": {""shape"": [199395], ""dtype"": ""<i4"", ""nbytes"": 797580}, ""indptr"": {""shape"": [207], ""dtype"": ""<i4"", ""nbytes"": 828}}",1,2.0780000000013388,0.7969999999986612,173391872,0.006923202509434156,0.008126266864673532,0.08259385152207917
NCBI186,Spatial Transcriptomics,Mus musculus,Spinal cord,success,32,E:\Hestdata\st\NCBI186.h5ad,b1711a39176d68d7e0bffde4f473d9ed47089ce5d22e13345cd4a0b776877054,D:\HEST1000BenchRun\COUNT-HEST-SHARED-K32-001\main\NCBI186\VALUE_K32\attempt01\RESULT.json,,221,14596,3225716,187515,189056,191715,118450,D:\HEST1000BenchRun\COUNT-HEST-SHARED-K32-001\main\NCBI186\VALUE_K32\attempt01\archive.cnt,27efb8e2c97b47c43c5430ea45db6f5efb28b9e7de5d92cb6d92330a6712105a,True,True,17,-2659,-1.406461577522004,0.2937642371492097,5.053462389675492,0.4754665320815596,8.179185665146788,29995452,25805728,2251068,"{""values"": {""shape"": [187515], ""dtype"": ""<i8"", ""nbytes"": 1500120}, ""indices"": {""shape"": [187515], ""dtype"": ""<i4"", ""nbytes"": 750060}, ""indptr"": {""shape"": [222], ""dtype"": ""<i4"", ""nbytes"": 888}}",1,2.0940000000009604,0.7970000000004802,172859392,0.006391468946692318,0.007429164563774369,0.08516624109089552
NCBI188,Spatial Transcriptomics,Mus musculus,Spinal cord,success,32,E:\Hestdata\st\NCBI188.h5ad,3e93bd30f2e5adc49239a12aee70f1d42841de8f451fcf5323c0065fcbad35f4,D:\HEST1000BenchRun\COUNT-HEST-SHARED-K32-001\main\NCBI188\VALUE_K32\attempt01\RESULT.json,,183,14675,2685525,174078,175914,178571,107656,D:\HEST1000BenchRun\COUNT-HEST-SHARED-K32-001\main\NCBI188\VALUE_K32\attempt01\archive.cnt,a03cab4b82c24f80019d5c8ae77c1813052a7c2202a12818c9e51e9977e3bfec,True,True,17,-2657,-1.510397125868322,0.3207000493385837,4.947483312078494,0.5319511082563,8.206482151679133,25674803,21484200,2089672,"{""values"": {""shape"": [174078], ""dtype"": ""<i8"", ""nbytes"": 1392624}, ""indices"": {""shape"": [174078], ""dtype"": ""<i4"", ""nbytes"": 696312}, ""indptr"": {""shape"": [184], ""dtype"": ""<i4"", ""nbytes"": 736}}",1,2.0940000000009604,0.7819999999992433,157839360,0.0069551069194182325,0.008311736066504687,0.08545408083182432
NCBI189,Spatial Transcriptomics,Mus musculus,Spinal cord,success,32,E:\Hestdata\st\NCBI189.h5ad,2c8ce461e021b8d9846cd2b9fec4cf02a328ab70e408aaf1d9e8510a682d7e76,D:\HEST1000BenchRun\COUNT-HEST-SHARED-K32-001\main\NCBI189\VALUE_K32\attempt01\RESULT.json,,280,14646,4100880,232737,222242,224872,149054,D:\HEST1000BenchRun\COUNT-HEST-SHARED-K32-001\main\NCBI189\VALUE_K32\attempt01\archive.cnt,510d687e1eb47b69be2d581c5d8aafdeb3418398cc9e5a1100efeb3c1a20b967,True,True,16,-2630,-1.1833946778736693,0.29077466299916116,5.123517102996086,0.4386804783363571,7.72965192470471,37008958,32807040,2793968,"{""values"": {""shape"": [232737], ""dtype"": ""<i8"", ""nbytes"": 1861896}, ""indices"": {""shape"": [232737], ""dtype"": ""<i4"", ""nbytes"": 930948}, ""indptr"": {""shape"": [281], ""dtype"": ""<i4"", ""nbytes"": 1124}}",1,2.2809999999990396,0.8130000000001019,173694976,0.006076150536310695,0.00685438247400558,0.08048481586045367
NCBI19,Spatial Transcriptomics,Mus musculus,Spinal cord,success,32,E:\Hestdata\st\NCBI19.h5ad,6ee1879b632993b634c78d117ec5b96db2688df7ddff016017abadcf31c45a9e,D:\HEST1000BenchRun\COUNT-HEST-SHARED-K32-001\main\NCBI19\VALUE_K32\attempt01\RESULT.json,,135,15847,2139345,317855,240394,243260,165206,D:\HEST1000BenchRun\COUNT-HEST-SHARED-K32-001\main\NCBI19\VALUE_K32\attempt01\archive.cnt,b87876255cf86d4bb4ea3ba725295f9ef687cb0ad96b23889f70a54f53078317,True,True,22,-2866,-1.1922094561428322,0.6177816107266476,4.158021739472401,0.9096616020323978,6.1225401519560805,21404839,17114760,3814804,"{""values"": {""shape"": [317855], ""dtype"": ""<i8"", ""nbytes"": 2542840}, ""indices"": {""shape"": [317855], ""dtype"": ""<i4"", ""nbytes"": 1271420}, ""indptr"": {""shape"": [136], ""dtype"": ""<i4"", ""nbytes"": 544}}",1,2.2659999999996217,0.8590000000003783,175009792,0.011364719912165656,0.014213462531756215,0.06376736524340437
NCBI190,Spatial Transcriptomics,Mus musculus,Spinal cord,success,32,E:\Hestdata\st\NCBI190.h5ad,0cd506511ad0bb496242bec3e87912c0493a67ec341bb9e80bd99c8ba09a40e3,D:\HEST1000BenchRun\COUNT-HEST-SHARED-K32-001\main\NCBI190\VALUE_K32\attempt01\RESULT.json,,289,14518,4195702,216369,213127,215525,140858,D:\HEST1000BenchRun\COUNT-HEST-SHARED-K32-001\main\NCBI190\VALUE_K32\attempt01\archive.cnt,240d420f451e16cca986829fdb964232bc27bcef7c15349d53533a9994b329a7,True,True,14,-2398,-1.1251507317233387,0.26857579494444556,5.2080658504684125,0.4109443425677038,7.96879405090378,37760294,33565616,2597588,"{""values"": {""shape"": [216369], ""dtype"": ""<i8"", ""nbytes"": 1730952}, ""indices"": {""shape"": [216369], ""dtype"": ""<i4"", ""nbytes"": 865476}, ""indptr"": {""shape"": [290], ""dtype"": ""<i4"", ""nbytes"": 1160}}",1,2.125,0.7960000000002765,173035520,0.005707715093531846,0.006421005352620372,0.08297120251556443
NCBI191,Spatial Transcriptomics,Mus musculus,Spinal cord,success,32,E:\Hestdata\st\NCBI191.h5ad,33a34bd76bc5396892fc3e4ff68301df15ee04c122b1972f120499df6e9ec65c,D:\HEST1000BenchRun\COUNT-HEST-SHARED-K32-001\main\NCBI191\VALUE_K32\attempt01\RESULT.json,,270,14524,3921480,229089,218088,220799,145366,D:\HEST1000BenchRun\COUNT-HEST-SHARED-K32-001\main\NCBI191\VALUE_K32\attempt01\archive.cnt,6222b38891b889e1563cdd72a865068db2e52e74212dae7fc2b969dbbb9b118e,True,True,18,-2711,-1.2430761894281208,0.2965533421055316,5.07631531850067,0.4504401399471628,7.71050552405397,35564628,31371840,2750152,"{""values"": {""shape"": [229089], ""dtype"": ""<i8"", ""nbytes"": 1832712}, ""indices"": {""shape"": [229089], ""dtype"": ""<i4"", ""nbytes"": 916356}, ""indptr"": {""shape"": [271], ""dtype"": ""<i4"", ""nbytes"": 1084}}",1,2.1090000000003783,0.7970000000004802,173453312,0.006208387727266541,0.007038127186674419,0.080286107822404
NCBI192,Spatial Transcriptomics,Mus musculus,Spinal cord,success,32,E:\Hestdata\st\NCBI192.h5ad,02551b9869b40cfb072fda207926e0072078415767d865e03b987d35ab821e27,D:\HEST1000BenchRun\COUNT-HEST-SHARED-K32-001\main\NCBI192\VALUE_K32\attempt01\RESULT.json,,272,13902,3781344,145181,167344,169781,99755,D:\HEST1000BenchRun\COUNT-HEST-SHARED-K32-001\main\NCBI192\VALUE_K32\attempt01\archive.cnt,580f05cc1a671eb2c875a94abac4b4f7973b7d118b190ba6cdeac4bf38f8fa60,True,True,15,-2437,-1.456281671287886,0.21104665431127134,5.49686253710885,0.3591971531815143,9.355549279864444,34386966,30250752,1743264,"{""values"": {""shape"": [145181], ""dtype"": ""<i8"", ""nbytes"": 1161448}, ""indices"": {""shape"": [145181], ""dtype"": ""<i4"", ""nbytes"": 580724}, ""indptr"": {""shape"": [273], ""dtype"": ""<i4"", ""nbytes"": 1092}}",1,2.0469999999986612,0.8590000000003783,172404736,0.004937364930654249,0.005612455518461161,0.09739259228665308
NCBI193,Spatial Transcriptomics,Mus musculus,Spinal cord,success,32,E:\Hestdata\st\NCBI193.h5ad,dd9bd7c8283ead622dea8a7871e93f2c9a953edf21be6358e2a2ea8663c25b5b,D:\HEST1000BenchRun\COUNT-HEST-SHARED-K32-001\main\NCBI193\VALUE_K32\attempt01\RESULT.json,,277,14514,4020378,253627,230679,233136,157807,D:\HEST1000BenchRun\COUNT-HEST-SHARED-K32-001\main\NCBI193\VALUE_K32\attempt01\archive.cnt,a4b8c7109634674fc385d8afecca875ed7b2cd3ad76635c135d5fd896db67837,True,True,18,-2457,-1.0651164605360697,0.31401425438105574,4.977608850792699,0.4639086175479022,7.353665027777011,36356002,32163024,3044636,"{""values"": {""shape"": [253627], ""dtype"": ""<i8"", ""nbytes"": 2029016}, ""indices"": {""shape"": [253627], ""dtype"": ""<i4"", ""nbytes"": 1014508}, ""indptr"": {""shape"": [278], ""dtype"": ""<i4"", ""nbytes"": 1112}}",1,2.1090000000003783,0.7970000000004802,173486080,0.006412586290428744,0.007248572149185972,0.07657270031622827
NCBI194,Spatial Transcriptomics,Mus musculus,Spinal cord,success,32,E:\Hestdata\st\NCBI194.h5ad,957f8d93cbdfae21a08e9243f620c58bf090f8161159232fca11d74935325414,D:\HEST1000BenchRun\COUNT-HEST-SHARED-K32-001\main\NCBI194\VALUE_K32\attempt01\RESULT.json,,299,14877,4448223,296097,259499,262100,184173,D:\HEST1000BenchRun\COUNT-HEST-SHARED-K32-001\main\NCBI194\VALUE_K32\attempt01\archive.cnt,02d6ca0034580aa85a1ce598a508784a491fdd5846ead835fd015d6dbf934a85,True,True,18,-2601,-1.002316001217731,0.3312297967075841,4.976017994103284,0.47137924515025437,7.081463169164159,39837765,35585784,3554364,"{""values"": {""shape"": [296097], ""dtype"": ""<i8"", ""nbytes"": 2368776}, ""indices"": {""shape"": [296097], ""dtype"": ""<i4"", ""nbytes"": 1184388}, ""indptr"": {""shape"": [300], ""dtype"": ""<i4"", ""nbytes"": 1200}}",1,2.25,0.7969999999986612,174178304,0.0065791843493228095,0.0073653007054727245,0.07374033723051437
NCBI195,Spatial Transcriptomics,Mus musculus,Spinal cord,success,32,E:\Hestdata\st\NCBI195.h5ad,441d8510c8fa5afc2f7163a20142793b4065d587102c04b3c401cbcd79569465,D:\HEST1000BenchRun\COUNT-HEST-SHARED-K32-001\main\NCBI195\VALUE_K32\attempt01\RESULT.json,,312,14991,4677192,291227,260049,262584,183571,D:\HEST1000BenchRun\COUNT-HEST-SHARED-K32-001\main\NCBI195\VALUE_K32\attempt01\archive.cnt,a952bcf8cc8081641df63f589b6c37857aad1198e83c03fdb454d3d4cdc9993e,True,True,16,-2535,-0.9748162846232825,0.31398497217988913,5.042691783385469,0.44913101707178155,7.21317734962761,41678487,37417536,3495976,"{""values"": {""shape"": [291227], ""dtype"": ""<i8"", ""nbytes"": 2329816}, ""indices"": {""shape"": [291227], ""dtype"": ""<i4"", ""nbytes"": 1164908}, ""indptr"": {""shape"": [313], ""dtype"": ""<i4"", ""nbytes"": 1252}}",1,2.2340000000003783,0.7810000000008586,174096384,0.00630022870072035,0.007017672141746587,0.0751103554486644
NCBI197,Spatial Transcriptomics,Mus musculus,Spinal cord,success,32,E:\Hestdata\st\NCBI197.h5ad,b23b0d6f01c6e93e51b08f7399776edf2891f8df5ebd207503991c83ee591ab3,D:\HEST1000BenchRun\COUNT-HEST-SHARED-K32-001\main\NCBI197\VALUE_K32\attempt01\RESULT.json,,287,14912,4279744,257861,236759,239201,161996,D:\HEST1000BenchRun\COUNT-HEST-SHARED-K32-001\main\NCBI197\VALUE_K32\attempt01\archive.cnt,d3f5b8a83c374d035c5444d66d6684f4840303367460cd66416705b0467c06ab,True,True,16,-2442,-1.031428583496298,0.30281437394386207,5.025839502677799,0.4471314172062628,7.421083451937284,38490768,34237952,3095484,"{""values"": {""shape"": [257861], ""dtype"": ""<i8"", ""nbytes"": 2062888}, ""indices"": {""shape"": [257861], ""dtype"": ""<i4"", ""nbytes"": 1031444}, ""indptr"": {""shape"": [288], ""dtype"": ""<i4"", ""nbytes"": 1152}}",1,2.04700000000048,0.7970000000004802,173723648,0.006214503176449999,0.0069864283938478565,0.07727418394021743
NCBI199,Spatial Transcriptomics,Mus musculus,Spinal cord,success,32,E:\Hestdata\st\NCBI199.h5ad,809bbf2309bfffcfc89ef1caeaf2b43a8d872a9efd3f7d50c2b923a50e22c41c,D:\HEST1000BenchRun\COUNT-HEST-SHARED-K32-001\main\NCBI199\VALUE_K32\attempt01\RESULT.json,,260,14750,3835000,215220,209120,211421,136595,D:\HEST1000BenchRun\COUNT-HEST-SHARED-K32-001\main\NCBI199\VALUE_K32\attempt01\archive.cnt,ce9a06aaace63cb314ee51314c3ed1c0c01ba7b56820199cbc451d498d64cc27,True,True,14,-2301,-1.1003251721499618,0.2849439374185137,5.0774091627172195,0.44103468057366363,7.858786358145154,34919046,30680000,2583684,"{""values"": {""shape"": [215220], ""dtype"": ""<i8"", ""nbytes"": 1721760}, ""indices"": {""shape"": [215220], ""dtype"": ""<i4"", ""nbytes"": 860880}, ""indptr"": {""shape"": [261], ""dtype"": ""<i4"", ""nbytes"": 1044}}",1,1.9369999999998981,0.8130000000001019,173191168,0.006054604126355571,0.006891166883963494,0.08182927943200484
NCBI2,Visium,Homo sapiens,Cervix,success,32,E:\Hestdata\st\NCBI2.h5ad,6d8ce00f7dc29dec4f2ebe3aa0521f50ab62b4256b148a24cf369125ad2be4b2,D:\HEST1000BenchRun\COUNT-HEST-SHARED-K32-001\main\NCBI2\VALUE_K32\attempt01\RESULT.json,,1757,20615,36220555,7271662,3894088,3877717,3719701,D:\HEST1000BenchRun\COUNT-HEST-SHARED-K32-001\main\NCBI2\VALUE_K32\attempt01\archive.cnt,09798d70299ed04003b52394449dd56348ee8078f0e2fcb031f4d7e2f8c1e2d4,True,True,25,16371,0.42040652394090733,0.8215668699720367,4.092270515323732,0.8564677156382612,4.266113578986482,63908915,289764440,87266976,"{""values"": {""shape"": [7271662], ""dtype"": ""<i8"", ""nbytes"": 58173296}, ""indices"": {""shape"": [7271662], ""dtype"": ""<i4"", ""nbytes"": 29086648}, ""indptr"": {""shape"": [1758], ""dtype"": ""<i4"", ""nbytes"": 7032}}",1,9.04700000000048,3.4840000000003783,359612416,0.06067568194515585,0.013382308056847831,0.04443510223157039
NCBI20,Spatial Transcriptomics,Mus musculus,Spinal cord,success,32,E:\Hestdata\st\NCBI20.h5ad,f1f07f8221265572c6a44937972edde5eebd950c0c2252457326278e70068ff6,D:\HEST1000BenchRun\COUNT-HEST-SHARED-K32-001\main\NCBI20\VALUE_K32\attempt01\RESULT.json,,218,16003,3488654,591552,386195,388262,303658,D:\HEST1000BenchRun\COUNT-HEST-SHARED-K32-001\main\NCBI20\VALUE_K32\attempt01\archive.cnt,c1a8cecf0746c5567988c6fe3b42f5a63361356f240f5de3aadf0b2ab81233a1,True,True,23,-2067,-0.5352218438871554,0.6963327403634755,4.106594179378989,0.8903422351428373,5.250757329871254,32222843,27909232,7099500,"{""values"": {""shape"": [591552], ""dtype"": ""<i8"", ""nbytes"": 4732416}, ""indices"": {""shape"": [591552], ""dtype"": ""<i4"", ""nbytes"": 2366208}, ""indptr"": {""shape"": [219], ""dtype"": ""<i4"", ""nbytes"": 876}}",1,2.4069999999992433,0.9529999999995198,178765824,0.012049278209250499,0.013911597424106832,0.054688640045073594
NCBI200,Spatial Transcriptomics,Mus musculus,Spinal cord,success,32,E:\Hestdata\st\NCBI200.h5ad,83427a06d5acba8de44f748410026c192f31c9dd6f987e41ea002b1ab8c5a9cd,D:\HEST1000BenchRun\COUNT-HEST-SHARED-K32-001\main\NCBI200\VALUE_K32\attempt01\RESULT.json,,247,14324,3538028,230558,215846,218240,145000,D:\HEST1000BenchRun\COUNT-HEST-SHARED-K32-001\main\NCBI200\VALUE_K32\attempt01\archive.cnt,68821e1cde827a2c5a578b7c7f91a9d7c3f544d1d0c5b9fde1079186d37a00d3,True,True,15,-2394,-1.109124097736349,0.3278662577006174,5.031271957598522,0.4934726350385017,7.5725847725951825,32479180,28304224,2767688,"{""values"": {""shape"": [230558], ""dtype"": ""<i8"", ""nbytes"": 1844464}, ""indices"": {""shape"": [230558], ""dtype"": ""<i4"", ""nbytes"": 922232}, ""indptr"": {""shape"": [248], ""dtype"": ""<i4"", ""nbytes"": 992}}",1,2.061999999999898,0.7810000000008586,173314048,0.006719381462216719,0.007710509922476589,0.07885281867031255
NCBI201,Spatial Transcriptomics,Mus musculus,Spinal cord,success,32,E:\Hestdata\st\NCBI201.h5ad,4bdc83ff8439fb3d98b27200920ab7bcab5719daf2096ad154df266f5e1cbe63,D:\HEST1000BenchRun\COUNT-HEST-SHARED-K32-001\main\NCBI201\VALUE_K32\attempt01\RESULT.json,,301,14565,4384065,262273,245232,247833,171061,D:\HEST1000BenchRun\COUNT-HEST-SHARED-K32-001\main\NCBI201\VALUE_K32\attempt01\archive.cnt,3119773720f4a431e4297c7ca75c2a770781e6eebe003ceb572ffc448be29041,True,True,16,-2601,-1.0606283029947152,0.31215048134550927,5.217799773518433,0.45224329475041997,7.559542919019495,39271693,35072520,3148484,"{""values"": {""shape"": [262273], ""dtype"": ""<i8"", ""nbytes"": 2098184}, ""indices"": {""shape"": [262273], ""dtype"": ""<i4"", ""nbytes"": 1049092}, ""indptr"": {""shape"": [302], ""dtype"": ""<i4"", ""nbytes"": 1208}}",1,2.04700000000048,0.7810000000008586,173289472,0.006310728697130526,0.007066301480475312,0.07871502602522357
NCBI202,Spatial Transcriptomics,Mus musculus,Spinal cord,success,32,E:\Hestdata\st\NCBI202.h5ad,9472a24fc8b8bbd5dcdc91094028ed3acc8f69b406487ce4c436ac8a6b3a51a0,D:\HEST1000BenchRun\COUNT-HEST-SHARED-K32-001\main\NCBI202\VALUE_K32\attempt01\RESULT.json,,215,14343,3083745,185420,187718,190284,118340,D:\HEST1000BenchRun\COUNT-HEST-SHARED-K32-001\main\NCBI202\VALUE_K32\attempt01\archive.cnt,0990927319d9c4cd96c3202854435255d52e74df0783b0fe8cfd37bf92e05a20,True,True,16,-2566,-1.3669440330708829,0.30700333523037737,5.105813828066013,0.49364392970235865,8.209858699169454,28842567,24669960,2225904,"{""values"": {""shape"": [185420], ""dtype"": ""<i8"", ""nbytes"": 1483360}, ""indices"": {""shape"": [185420], ""dtype"": ""<i4"", ""nbytes"": 741680}, ""indptr"": {""shape"": [216], ""dtype"": ""<i4"", ""nbytes"": 864}}",1,1.8909999999996217,0.8279999999995198,172732416,0.0065973323386923225,0.007713186401599354,0.0854861665193108
NCBI203,Spatial Transcriptomics,Mus musculus,Spinal cord,success,32,E:\Hestdata\st\NCBI203.h5ad,7419945fc8bfc9bd5065d0fdb63681f60c488399eb70cf30386b977784b5b8ae,D:\HEST1000BenchRun\COUNT-HEST-SHARED-K32-001\main\NCBI203\VALUE_K32\attempt01\RESULT.json,,276,14501,4002276,259976,236208,238799,162900,D:\HEST1000BenchRun\COUNT-HEST-SHARED-K32-001\main\NCBI203\VALUE_K32\attempt01\archive.cnt,6d561da6f818ed57024746ec790ac0c6fbc7342f88f94a0374df6527a688c3fa,True,True,18,-2591,-1.096914583756689,0.32561472522134904,5.012770409576269,0.477326401277673,7.348339846755085,36210221,32018208,3120820,"{""values"": {""shape"": [259976], ""dtype"": ""<i8"", ""nbytes"": 2079808}, ""indices"": {""shape"": [259976], ""dtype"": ""<i4"", ""nbytes"": 1039904}, ""indptr"": {""shape"": [277], ""dtype"": ""<i4"", ""nbytes"": 1108}}",1,1.9210000000002765,0.7970000000004802,174161920,0.006594795430826009,0.007458225019963641,0.07651803051762036
NCBI204,Spatial Transcriptomics,Mus musculus,Spinal cord,success,32,E:\Hestdata\st\NCBI204.h5ad,d78e278d18308db5debb1087b7cd4c5f0a24ff7f75b255cc7826f7fc4d4ff068,D:\HEST1000BenchRun\COUNT-HEST-SHARED-K32-001\main\NCBI204\VALUE_K32\attempt01\RESULT.json,,273,14568,3977064,228461,220184,222843,147989,D:\HEST1000BenchRun\COUNT-HEST-SHARED-K32-001\main\NCBI204\VALUE_K32\attempt01\archive.cnt,2630dd9c816ddab8cdf1d400c45486d3b5347837d7b32ed206f1aaa527c0a15a,True,True,16,-2659,-1.2076263488718526,0.29768492536202584,5.182118611053966,0.4482563016335669,7.803274957213704,36012520,31816512,2742628,"{""values"": {""shape"": [228461], ""dtype"": ""<i8"", ""nbytes"": 1827688}, ""indices"": {""shape"": [228461], ""dtype"": ""<i4"", ""nbytes"": 913844}, ""indptr"": {""shape"": [274], ""dtype"": ""<i4"", ""nbytes"": 1096}}",1,1.9689999999991414,0.8280000000013388,173182976,0.006187931308333879,0.007004004713024483,0.08125163164672715
NCBI205,Spatial Transcriptomics,Mus musculus,Spinal cord,success,32,E:\Hestdata\st\NCBI205.h5ad,681eed58b9e50b71bb10458254a9e961c6525dd03785fe0ad3878e0b78cd8962,D:\HEST1000BenchRun\COUNT-HEST-SHARED-K32-001\main\NCBI205\VALUE_K32\attempt01\RESULT.json,,351,14674,5150574,279233,256587,259046,180882,D:\HEST1000BenchRun\COUNT-HEST-SHARED-K32-001\main\NCBI205\VALUE_K32\attempt01\archive.cnt,ab9b6abcfda3b1717074e1fd1e90100a1eca2886a62f92ff15b04e1029a5ba0e,True,True,16,-2459,-0.958349409751858,0.2809504338739721,5.182252813958236,0.40235670820378466,7.421644289894103,45420946,41204592,3352204,"{""values"": {""shape"": [279233], ""dtype"": ""<i8"", ""nbytes"": 2233864}, ""indices"": {""shape"": [279233], ""dtype"": ""<i4"", ""nbytes"": 1116932}, ""indptr"": {""shape"": [352], ""dtype"": ""<i4"", ""nbytes"": 1408}}",1,2.07799999999952,0.7810000000008586,173686784,0.005703227757519625,0.006286823565684135,0.07727632327865488
NCBI206,Spatial Transcriptomics,Mus musculus,Spinal cord,success,32,E:\Hestdata\st\NCBI206.h5ad,55db4cfb966d44dfbe0ba438370f20de774e0688283900cd5e33dcf4047e04eb,D:\HEST1000BenchRun\COUNT-HEST-SHARED-K32-001\main\NCBI206\VALUE_K32\attempt01\RESULT.json,,287,14636,4200532,250788,233488,236147,159881,D:\HEST1000BenchRun\COUNT-HEST-SHARED-K32-001\main\NCBI206\VALUE_K32\attempt01\archive.cnt,15bdce94e3fe40965a27f620a4d7bed776414b213d2f03500bdb02d741aac203,True,True,17,-2659,-1.1388165558829575,0.3044966685172259,5.100116433003174,0.4497468415905414,7.532960109734118,37806364,33604256,3010608,"{""values"": {""shape"": [250788], ""dtype"": ""<i8"", ""nbytes"": 2006304}, ""indices"": {""shape"": [250788], ""dtype"": ""<i4"", ""nbytes"": 1003152}, ""indptr"": {""shape"": [288], ""dtype"": ""<i4"", ""nbytes"": 1152}}",1,2.0460000000002765,0.7810000000008586,165478400,0.006246223519405358,0.007027294399852209,0.07843830880672609
NCBI207,Spatial Transcriptomics,Mus musculus,Spinal cord,success,32,E:\Hestdata\st\NCBI207.h5ad,acb6d2ce6702988251fa0775bad014aa5d1a9b49759b9cad5bbbb87c135e3023,D:\HEST1000BenchRun\COUNT-HEST-SHARED-K32-001\main\NCBI207\VALUE_K32\attempt01\RESULT.json,,312,14847,4632264,267253,247157,249575,171265,D:\HEST1000BenchRun\COUNT-HEST-SHARED-K32-001\main\NCBI207\VALUE_K32\attempt01\archive.cnt,e8aea5471d5e01aa15d2a5473e0c49a0b9e2d9169e41d18e54dca99d3e25c698,True,True,15,-2418,-0.9783255177882885,0.2957776154381529,5.126677717368935,0.43102033908257387,7.470823526770514,41309703,37058112,3208288,"{""values"": {""shape"": [267253], ""dtype"": ""<i8"", ""nbytes"": 2138024}, ""indices"": {""shape"": [267253], ""dtype"": ""<i4"", ""nbytes"": 1069012}, ""indptr"": {""shape"": [313], ""dtype"": ""<i4"", ""nbytes"": 1252}}",1,2.04700000000048,0.7970000000004802,173617152,0.006041558807624446,0.006734692798165217,0.07779070956223381
NCBI208,Spatial Transcriptomics,Mus musculus,Spinal cord,success,32,E:\Hestdata\st\NCBI208.h5ad,a45dcf508f0aa60e6f7e3abbf8f5f156ddd5262236cbe0428f3b57714620e3fe,D:\HEST1000BenchRun\COUNT-HEST-SHARED-K32-001\main\NCBI208\VALUE_K32\attempt01\RESULT.json,,239,14660,3503740,196050,196462,198876,125361,D:\HEST1000BenchRun\COUNT-HEST-SHARED-K32-001\main\NCBI208\VALUE_K32\attempt01\archive.cnt,96773dffd836ee5fb3094055ce12a08ace52a76fd67ea951546a3fa4ffcbf2b2,True,True,15,-2414,-1.228736345960033,0.2862335675592367,5.115470543228768,0.45408848830107257,8.11531752104055,32225820,28029920,2353560,"{""values"": {""shape"": [196050], ""dtype"": ""<i8"", ""nbytes"": 1568400}, ""indices"": {""shape"": [196050], ""dtype"": ""<i4"", ""nbytes"": 784200}, ""indptr"": {""shape"": [240], ""dtype"": ""<i4"", ""nbytes"": 960}}",1,1.889999999999418,0.7970000000004802,158576640,0.006171324732776389,0.007095132629704259,0.08450007647988579
NCBI209,Spatial Transcriptomics,Mus musculus,Spinal cord,success,32,E:\Hestdata\st\NCBI209.h5ad,f81d107c2e9c111e54e8f4bd40a80e53254db02aba810681ea1050b20e1d6173,D:\HEST1000BenchRun\COUNT-HEST-SHARED-K32-001\main\NCBI209\VALUE_K32\attempt01\RESULT.json,,304,14949,4544496,252073,236691,239089,161785,D:\HEST1000BenchRun\COUNT-HEST-SHARED-K32-001\main\NCBI209\VALUE_K32\attempt01\archive.cnt,05f7fd4651fc975fa48cdd1d39d2ac1b3fcaa25e2bc1c0d5f7b0330ebb467c3a,True,True,16,-2398,-1.0131352691906326,0.2848016589738444,5.134544358181955,0.42088539631237437,7.587928893614151,40613229,36355968,3026096,"{""values"": {""shape"": [252073], ""dtype"": ""<i8"", ""nbytes"": 2016584}, ""indices"": {""shape"": [252073], ""dtype"": ""<i4"", ""nbytes"": 1008292}, ""indptr"": {""shape"": [305], ""dtype"": ""<i4"", ""nbytes"": 1220}}",1,2.1090000000003783,0.8440000000009604,173871104,0.005886973429273501,0.0065763343173808496,0.07900905985798204
NCBI21,Spatial Transcriptomics,Mus musculus,Spinal cord,success,32,E:\Hestdata\st\NCBI21.h5ad,d0e8e6f73d316af033d0b266d95265eb3c78fc2eb0742afaabf0055cd4b289cc,D:\HEST1000BenchRun\COUNT-HEST-SHARED-K32-001\main\NCBI21\VALUE_K32\attempt01\RESULT.json,,210,14795,3106950,260513,226106,228781,153041,D:\HEST1000BenchRun\COUNT-HEST-SHARED-K32-001\main\NCBI21\VALUE_K32\attempt01\archive.cnt,47640b66b8867474d68ce2c937f7ec2f2f8fa25153826ef12fa8a4c2f9713d1e,True,True,21,-2675,-1.1830734257383706,0.39406105666328717,4.699681013999301,0.5890818970372874,7.025553427276182,29089795,24855600,3127000,"{""values"": {""shape"": [260513], ""dtype"": ""<i8"", ""nbytes"": 2084104}, ""indices"": {""shape"": [260513], ""dtype"": ""<i4"", ""nbytes"": 1042052}, ""indptr"": {""shape"": [211], ""dtype"": ""<i4"", ""nbytes"": 844}}",1,1.9690000000009604,0.8119999999998981,174055424,0.00786464806644392,0.009204404641207616,0.07316309561880396
NCBI210,Spatial Transcriptomics,Mus musculus,Spinal cord,success,32,E:\Hestdata\st\NCBI210.h5ad,ca43576797e01a9dfaf57214e874c58bed71a3e48f926a50132cbcb7d7c46859,D:\HEST1000BenchRun\COUNT-HEST-SHARED-K32-001\main\NCBI210\VALUE_K32\attempt01\RESULT.json,,311,15051,4680861,314403,275008,277580,197931,D:\HEST1000BenchRun\COUNT-HEST-SHARED-K32-001\main\NCBI210\VALUE_K32\attempt01\archive.cnt,86bef1fe0fff4c77fadb9ecbe49aa4796899b3c94b3ca920e79c663e0339e695,True,True,17,-2572,-0.9352455201303235,0.33828135464821535,5.036364156830564,0.4744084475057046,7.063036930309189,41711619,37446888,3774084,"{""values"": {""shape"": [314403], ""dtype"": ""<i8"", ""nbytes"": 2515224}, ""indices"": {""shape"": [314403], ""dtype"": ""<i4"", ""nbytes"": 1257612}, ""indptr"": {""shape"": [312], ""dtype"": ""<i4"", ""nbytes"": 1248}}",1,2.0469999999986612,0.7809999999990396,174563328,0.0066547404932903705,0.007412631992276634,0.07354897241290867
NCBI211,Spatial Transcriptomics,Mus musculus,Spinal cord,success,32,E:\Hestdata\st\NCBI211.h5ad,2b668400a77ea8558b3fef356ac6e30bb3de458ab7347e07fddfd67584a97f5a,D:\HEST1000BenchRun\COUNT-HEST-SHARED-K32-001\main\NCBI211\VALUE_K32\attempt01\RESULT.json,,359,14745,5293455,313618,278541,280938,202319,D:\HEST1000BenchRun\COUNT-HEST-SHARED-K32-001\main\NCBI211\VALUE_K32\attempt01\archive.cnt,9d6016c2bfb19b622e9cbde0849d0ec43bc3b05ef6ddbe2f4dd4fdbfaa5bfd2b,True,True,16,-2397,-0.8605555376048768,0.3057647604447379,5.1609027543061945,0.42458167680654696,7.166374379021613,46573665,42347640,3764856,"{""values"": {""shape"": [313618], ""dtype"": ""<i8"", ""nbytes"": 2508944}, ""indices"": {""shape"": [313618], ""dtype"": ""<i4"", ""nbytes"": 1254472}, ""indptr"": {""shape"": [360], ""dtype"": ""<i4"", ""nbytes"": 1440}}",1,2.0789999999997235,0.8119999999998981,174600192,0.00603212137159487,0.006634088700102296,0.07462118073041837
NCBI212,Spatial Transcriptomics,Mus musculus,Spinal cord,success,32,E:\Hestdata\st\NCBI212.h5ad,a2f0beca0a031cc595766802e7e033af560b7fa13e71de02d31fe706a4692642,D:\HEST1000BenchRun\COUNT-HEST-SHARED-K32-001\main\NCBI212\VALUE_K32\attempt01\RESULT.json,,310,14416,4468960,139850,170598,172904,99515,D:\HEST1000BenchRun\COUNT-HEST-SHARED-K32-001\main\NCBI212\VALUE_K32\attempt01\archive.cnt,244837a38121c8d9544b6a57e6b51a9603127c61694d61c14717c8a126e36fe2,True,True,13,-2306,-1.351715729375491,0.17814435573377252,5.692670718627101,0.3095198882961584,9.890825884876653,39942248,35751680,1679444,"{""values"": {""shape"": [139850], ""dtype"": ""<i8"", ""nbytes"": 1118800}, ""indices"": {""shape"": [139850], ""dtype"": ""<i4"", ""nbytes"": 559400}, ""indptr"": {""shape"": [311], ""dtype"": ""<i4"", ""nbytes"": 1244}}",1,1.8909999999996217,0.7960000000002765,160817152,0.00432884999362079,0.004836248254627475,0.10295312019930405
NCBI213,Spatial Transcriptomics,Mus musculus,Spinal cord,success,32,E:\Hestdata\st\NCBI213.h5ad,090b9f8862473365598d851e2586e4b9c583047881e410d486ba542d72ed5874,D:\HEST1000BenchRun\COUNT-HEST-SHARED-K32-001\main\NCBI213\VALUE_K32\attempt01\RESULT.json,,272,14572,3963584,220283,215042,217575,142476,D:\HEST1000BenchRun\COUNT-HEST-SHARED-K32-001\main\NCBI213\VALUE_K32\attempt01\archive.cnt,b4f2469e854220247f64a37e289167a8f0dd53a119dd3978bcd6439d2e7426b3,True,True,16,-2533,-1.177909431645911,0.2875700376225154,5.174289436769973,0.4391480034231645,7.901653781726234,35904820,31708672,2644488,"{""values"": {""shape"": [220283], ""dtype"": ""<i8"", ""nbytes"": 1762264}, ""indices"": {""shape"": [220283], ""dtype"": ""<i4"", ""nbytes"": 881132}, ""indptr"": {""shape"": [273], ""dtype"": ""<i4"", ""nbytes"": 1092}}",1,2.04700000000048,0.8280000000013388,173391872,0.006059771362173658,0.0068616875534869455,0.08227490538811294
NCBI215,Spatial Transcriptomics,Mus musculus,Spinal cord,success,32,E:\Hestdata\st\NCBI215.h5ad,4a820222ec5854d438f6ffb54578c23e75add98dd2584d81d4b25478f2b39615,D:\HEST1000BenchRun\COUNT-HEST-SHARED-K32-001\main\NCBI215\VALUE_K32\attempt01\RESULT.json,,275,15467,4253425,409068,322838,325459,243338,D:\HEST1000BenchRun\COUNT-HEST-SHARED-K32-001\main\NCBI215\VALUE_K32\attempt01\archive.cnt,0776000eb0f43cf81ee3f786a49d4fe51d158aea504db436ec2db26d56e00a17,True,True,19,-2621,-0.8118622962600437,0.4576791644380705,4.758876274849169,0.6121353967684866,6.3648879892829555,38314851,34027400,4909920,"{""values"": {""shape"": [409068], ""dtype"": ""<i8"", ""nbytes"": 3272544}, ""indices"": {""shape"": [409068], ""dtype"": ""<i4"", ""nbytes"": 1636272}, ""indptr"": {""shape"": [276], ""dtype"": ""<i4"", ""nbytes"": 1104}}",1,2.2180000000007567,0.7809999999990396,176074752,0.008494330305499558,0.009564615574507603,0.06628600873333985
NCBI216,Spatial Transcriptomics,Mus musculus,Spinal cord,success,32,E:\Hestdata\st\NCBI216.h5ad,a5aea6ca195e84e94e980075aa9470d1f66ae95dae137006ad454c2c59a3655a,D:\HEST1000BenchRun\COUNT-HEST-SHARED-K32-001\main\NCBI216\VALUE_K32\attempt01\RESULT.json,,290,15355,4452950,463394,349832,352278,269318,D:\HEST1000BenchRun\COUNT-HEST-SHARED-K32-001\main\NCBI216\VALUE_K32\attempt01\archive.cnt,a427ac838b47d3467de672fc544a67e9774c1123831a446afa99cc8bec3e8310,True,True,20,-2446,-0.6991927553797251,0.483846438877598,4.649486182384752,0.6328892082776586,6.081701532605083,39905571,35623600,5561892,"{""values"": {""shape"": [463394], ""dtype"": ""<i8"", ""nbytes"": 3707152}, ""indices"": {""shape"": [463394], ""dtype"": ""<i4"", ""nbytes"": 1853576}, ""indptr"": {""shape"": [291], ""dtype"": ""<i4"", ""nbytes"": 1164}}",1,2.2340000000003783,0.7819999999992433,176640000,0.008827789984511185,0.009888893879338416,0.06333779943947132
NCBI217,Spatial Transcriptomics,Mus musculus,Spinal cord,success,32,E:\Hestdata\st\NCBI217.h5ad,9948f877f2d49aec630c41e30fc0cde4bcf4d26ba2b99895792c03e78db39af5,D:\HEST1000BenchRun\COUNT-HEST-SHARED-K32-001\main\NCBI217\VALUE_K32\attempt01\RESULT.json,,342,14794,5059548,361277,298915,301366,221696,D:\HEST1000BenchRun\COUNT-HEST-SHARED-K32-001\main\NCBI217\VALUE_K32\attempt01\archive.cnt,08bf7ec6c5548fe158b1a960a95ac6c0e4ac9df3c539836c7022de92b2f243a7,True,True,18,-2451,-0.8199655420437248,0.35053882283555765,4.909163882561026,0.4765105499542647,6.673350365509014,44732226,40476384,4336696,"{""values"": {""shape"": [361277], ""dtype"": ""<i8"", ""nbytes"": 2890216}, ""indices"": {""shape"": [361277], ""dtype"": ""<i4"", ""nbytes"": 1445108}, ""indptr"": {""shape"": [343], ""dtype"": ""<i4"", ""nbytes"": 1372}}",1,2.063000000000102,0.7969999999986612,175050752,0.006737111629544212,0.0074454773430353855,0.06949207415045924
NCBI219,Spatial Transcriptomics,Mus musculus,Spinal cord,success,32,E:\Hestdata\st\NCBI219.h5ad,109eef8d804040c5c27614d2cb4567f1b78ebea31a2368aa0032e0db18cf16b8,D:\HEST1000BenchRun\COUNT-HEST-SHARED-K32-001\main\NCBI219\VALUE_K32\attempt01\RESULT.json,,250,14120,3530000,211770,208264,210894,137675,D:\HEST1000BenchRun\COUNT-HEST-SHARED-K32-001\main\NCBI219\VALUE_K32\attempt01\archive.cnt,7974758c9b53b8614c840a570a4836ff85dbd6733e836770ef1f7405819c2b22,True,True,16,-2630,-1.2628202665847195,0.31201133144475923,5.200925532417245,0.47794674220963174,7.966907493979317,32402032,28240000,2542244,"{""values"": {""shape"": [211770], ""dtype"": ""<i8"", ""nbytes"": 1694160}, ""indices"": {""shape"": [211770], ""dtype"": ""<i4"", ""nbytes"": 847080}, ""indptr"": {""shape"": [251], ""dtype"": ""<i4"", ""nbytes"": 1004}}",1,1.9069999999992433,0.7960000000002765,172974080,0.006508665876263563,0.007467917847025496,0.08295584530831816
NCBI22,Spatial Transcriptomics,Mus musculus,Spinal cord,success,32,E:\Hestdata\st\NCBI22.h5ad,6e78d7d20eaf8022bbacc18bc55c4a0555e988b7464291bff5c48f9591f41f08,D:\HEST1000BenchRun\COUNT-HEST-SHARED-K32-001\main\NCBI22\VALUE_K32\attempt01\RESULT.json,,287,16087,4616969,740370,468452,470031,383181,D:\HEST1000BenchRun\COUNT-HEST-SHARED-K32-001\main\NCBI22\VALUE_K32\attempt01\archive.cnt,ad2c22a96b54cd7a6fb62b67ef0e500b4b04666e01407861177c33286a3e2f70,True,True,24,-1579,-0.3370676184539718,0.6639524761808018,4.140427083755419,0.8144408160418665,5.078876777827302,41269039,36935752,8885592,"{""values"": {""shape"": [740370], ""dtype"": ""<i8"", ""nbytes"": 5922960}, ""indices"": {""shape"": [740370], ""dtype"": ""<i4"", ""nbytes"": 2961480}, ""indptr"": {""shape"": [288], ""dtype"": ""<i4"", ""nbytes"": 1152}}",1,2.5309999999990396,0.9529999999995198,180334592,0.011389434098526016,0.012725637750654164,0.05289810740803764
NCBI220,Spatial Transcriptomics,Mus musculus,Spinal cord,success,32,E:\Hestdata\st\NCBI220.h5ad,9b1980a46a549f0484a00ffb34db967ac622204530f753e05d47b59b254939bc,D:\HEST1000BenchRun\COUNT-HEST-SHARED-K32-001\main\NCBI220\VALUE_K32\attempt01\RESULT.json,,204,14855,3030420,313939,260174,263257,185991,D:\HEST1000BenchRun\COUNT-HEST-SHARED-K32-001\main\NCBI220\VALUE_K32\attempt01\archive.cnt,83c1f1dab950744c5550d86b44db0e1cd188ce9a70b19a7ad2c4264586ed6fb5,True,True,19,-3083,-1.184976208229877,0.49099728750470234,4.739544943444427,0.694971654094152,6.708487954666352,28476687,24243360,3768088,"{""values"": {""shape"": [313939], ""dtype"": ""<i8"", ""nbytes"": 2511512}, ""indices"": {""shape"": [313939], ""dtype"": ""<i4"", ""nbytes"": 1255756}, ""indptr"": {""shape"": [205], ""dtype"": ""<i4"", ""nbytes"": 820}}",1,2.04700000000048,0.7969999999986612,174735360,0.009244649842869714,0.010858932095221124,0.06986487576723262
NCBI221,Spatial Transcriptomics,Mus musculus,Spinal cord,success,32,E:\Hestdata\st\NCBI221.h5ad,b071ba517a97d361c6fb153ba0f428d69dd05bffa4cb83af0035dee10e790236,D:\HEST1000BenchRun\COUNT-HEST-SHARED-K32-001\main\NCBI221\VALUE_K32\attempt01\RESULT.json,,340,14685,4992900,378371,303826,305905,226053,D:\HEST1000BenchRun\COUNT-HEST-SHARED-K32-001\main\NCBI221\VALUE_K32\attempt01\archive.cnt,df9d8e159f64a1660f7a406656585e85546b833b3c3dca3e79d389fb890c2d26,True,True,16,-2079,-0.6842732353386478,0.3621991227543111,4.779499485954262,0.49014400448637063,6.4678318370065355,44158949,39943200,4541816,"{""values"": {""shape"": [378371], ""dtype"": ""<i8"", ""nbytes"": 3026968}, ""indices"": {""shape"": [378371], ""dtype"": ""<i4"", ""nbytes"": 1513484}, ""indptr"": {""shape"": [341], ""dtype"": ""<i4"", ""nbytes"": 1364}}",1,2.125,0.8130000000001019,174862336,0.006927361427918042,0.007658500070099541,0.06735301474124007
NCBI222,Spatial Transcriptomics,Mus musculus,Spinal cord,success,32,E:\Hestdata\st\NCBI222.h5ad,e40c861cd8e18c0fb17f56298137d541bb1589d658c390025e0930f3cf9902f6,D:\HEST1000BenchRun\COUNT-HEST-SHARED-K32-001\main\NCBI222\VALUE_K32\attempt01\RESULT.json,,304,14662,4457248,383777,300790,302942,226151,D:\HEST1000BenchRun\COUNT-HEST-SHARED-K32-001\main\NCBI222\VALUE_K32\attempt01\archive.cnt,ce721b53e79784943dfa94bba7890f4afa8e1af42ef85ca363f58f1edaa547ef,True,True,18,-2152,-0.7154493167990957,0.40590247614671654,4.714216849889389,0.5437292248490548,6.314958947513791,39896590,35657984,4606544,"{""values"": {""shape"": [383777], ""dtype"": ""<i8"", ""nbytes"": 3070216}, ""indices"": {""shape"": [383777], ""dtype"": ""<i4"", ""nbytes"": 1535108}, ""indptr"": {""shape"": [305], ""dtype"": ""<i4"", ""nbytes"": 1220}}",1,2.125,0.8119999999998981,175218688,0.007593180269291185,0.008495769138266482,0.06576340093571233
NCBI223,Spatial Transcriptomics,Mus musculus,Spinal cord,success,32,E:\Hestdata\st\NCBI223.h5ad,1fee8a373773f4f836b0a861b25d5c75e4b5e1427632d46a73cbdf5f98206e7e,D:\HEST1000BenchRun\COUNT-HEST-SHARED-K32-001\main\NCBI223\VALUE_K32\attempt01\RESULT.json,,238,13789,3281782,221125,210082,212600,141060,D:\HEST1000BenchRun\COUNT-HEST-SHARED-K32-001\main\NCBI223\VALUE_K32\attempt01\archive.cnt,9170ef1fab69291864d47c4702c2937c9153209d4357a4aee33eda78ab3a7e51,True,True,17,-2518,-1.1985796022505497,0.34386196279947906,5.10335782928208,0.5182550212049429,7.691577162238553,30372949,26254256,2654456,"{""values"": {""shape"": [221125], ""dtype"": ""<i8"", ""nbytes"": 1769000}, ""indices"": {""shape"": [221125], ""dtype"": ""<i4"", ""nbytes"": 884500}, ""indptr"": {""shape"": [239], ""dtype"": ""<i4"", ""nbytes"": 956}}",1,2.0780000000013388,0.8130000000001019,172699648,0.006999649589508085,0.008097734706327233,0.08009174007781632
NCBI225,Spatial Transcriptomics,Mus musculus,Spinal cord,success,32,E:\Hestdata\st\NCBI225.h5ad,875a058facc62d7668f5c262cacb0fcbe8c6a1045155090de08fd8aed432553f,D:\HEST1000BenchRun\COUNT-HEST-SHARED-K32-001\main\NCBI225\VALUE_K32\attempt01\RESULT.json,,319,14545,4639855,334069,286412,289170,210886,D:\HEST1000BenchRun\COUNT-HEST-SHARED-K32-001\main\NCBI225\VALUE_K32\attempt01\archive.cnt,05c63f4aee98cc2a8ab97018521f34a63946fe947f1b48efc8db8e962269bf96,True,True,19,-2758,-0.9629484798122984,0.3636079144714652,5.050118388716103,0.49858454628431276,6.9247969730804115,41318873,37118840,4010108,"{""values"": {""shape"": [334069], ""dtype"": ""<i8"", ""nbytes"": 2672552}, ""indices"": {""shape"": [334069], ""dtype"": ""<i4"", ""nbytes"": 1336276}, ""indptr"": {""shape"": [320], ""dtype"": ""<i4"", ""nbytes"": 1280}}",1,2.0930000000007567,0.8130000000001019,174551040,0.006998496788622478,0.007790383535692387,0.07211027732918913
NCBI226,Spatial Transcriptomics,Mus musculus,Spinal cord,success,32,E:\Hestdata\st\NCBI226.h5ad,295a7423cddd024f720062c2105fa59f23ee10bd7ed5525ec6db9d4ca3825ca5,D:\HEST1000BenchRun\COUNT-HEST-SHARED-K32-001\main\NCBI226\VALUE_K32\attempt01\RESULT.json,,240,13868,3328320,212237,207071,209985,137771,D:\HEST1000BenchRun\COUNT-HEST-SHARED-K32-001\main\NCBI226\VALUE_K32\attempt01\archive.cnt,d64df72ec5ebeaa5b98183cc4f91e9c85e0889ec6b1066f21444e2940d3da990,True,True,19,-2914,-1.4072467897484437,0.33114844726468606,5.193100166323497,0.5047231035477358,7.9151137643295,30754708,26626560,2547808,"{""values"": {""shape"": [212237], ""dtype"": ""<i8"", ""nbytes"": 1697896}, ""indices"": {""shape"": [212237], ""dtype"": ""<i4"", ""nbytes"": 848948}, ""indptr"": {""shape"": [241], ""dtype"": ""<i4"", ""nbytes"": 964}}",1,2.063000000000102,0.7969999999986612,172937216,0.006827735122700564,0.007886298492933371,0.0824179059018576
NCBI227,Spatial Transcriptomics,Mus musculus,Spinal cord,success,32,E:\Hestdata\st\NCBI227.h5ad,1201c9b3168610592e25c0bcfe00049eafd5da2633dcec7befc2551e48ff724f,D:\HEST1000BenchRun\COUNT-HEST-SHARED-K32-001\main\NCBI227\VALUE_K32\attempt01\RESULT.json,,283,15357,4346031,502570,377106,380096,296584,D:\HEST1000BenchRun\COUNT-HEST-SHARED-K32-001\main\NCBI227\VALUE_K32\attempt01\archive.cnt,1aef4b5d5161dfd38286b21f2f548cfc765bf5b18d1823dbda4f56beaa8abe57,True,True,22,-2990,-0.7928805163534921,0.5459399622322069,4.721077660823368,0.699665510899485,6.050436755078895,39049509,34768248,6031976,"{""values"": {""shape"": [502570], ""dtype"": ""<i8"", ""nbytes"": 4020560}, ""indices"": {""shape"": [502570], ""dtype"": ""<i4"", ""nbytes"": 2010280}, ""indptr"": {""shape"": [284], ""dtype"": ""<i4"", ""nbytes"": 1136}}",1,2.359999999998763,0.8280000000013388,176668672,0.009733694730963199,0.010932273607804454,0.06301351331636598
NCBI228,Spatial Transcriptomics,Mus musculus,Spinal cord,success,32,E:\Hestdata\st\NCBI228.h5ad,a1a0f9bdba5f98426b6c376e476093c54daa411d46f41dfe2c7d7e0662d34109,D:\HEST1000BenchRun\COUNT-HEST-SHARED-K32-001\main\NCBI228\VALUE_K32\attempt01\RESULT.json,,252,16036,4041072,664859,459177,462493,375729,D:\HEST1000BenchRun\COUNT-HEST-SHARED-K32-001\main\NCBI228\VALUE_K32\attempt01\archive.cnt,3d732230d0d9472e26ce6b2d344ef44404a7cd14050eae0a13cb855d3e1040cc,True,True,24,-3316,-0.7221616065264593,0.743820451602941,4.521006709693333,0.9155847755249102,5.565005512447,36652236,32328576,7979320,"{""values"": {""shape"": [664859], ""dtype"": ""<i8"", ""nbytes"": 5318872}, ""indices"": {""shape"": [664859], ""dtype"": ""<i4"", ""nbytes"": 2659436}, ""indptr"": {""shape"": [253], ""dtype"": ""<i4"", ""nbytes"": 1012}}",1,2.375,0.9689999999991414,179265536,0.012618411602500868,0.014306012117576723,0.05796145536211106
NCBI229,Spatial Transcriptomics,Mus musculus,Spinal cord,success,32,E:\Hestdata\st\NCBI229.h5ad,b569ece88b516981645b88540d1ba0a575b13aeab34be35c4a122167a07e4a42,D:\HEST1000BenchRun\COUNT-HEST-SHARED-K32-001\main\NCBI229\VALUE_K32\attempt01\RESULT.json,,242,15948,3859416,494507,356908,359419,274616,D:\HEST1000BenchRun\COUNT-HEST-SHARED-K32-001\main\NCBI229\VALUE_K32\attempt01\archive.cnt,90b336bc74fb312fea3362943b3c386a710532d43fdbfa7634148f07646db64c,True,True,21,-2511,-0.7035426496464074,0.5692384547299384,4.442663096781239,0.7450225629991688,5.8145830089361725,35192148,30875328,5935056,"{""values"": {""shape"": [494507], ""dtype"": ""<i8"", ""nbytes"": 3956056}, ""indices"": {""shape"": [494507], ""dtype"": ""<i4"", ""nbytes"": 1978028}, ""indptr"": {""shape"": [243], ""dtype"": ""<i4"", ""nbytes"": 972}}",1,2.235000000000582,0.7819999999992433,177065984,0.010213045250889488,0.011640977546862013,0.06055865353250248
NCBI230,Spatial Transcriptomics,Mus musculus,Spinal cord,success,32,E:\Hestdata\st\NCBI230.h5ad,1b736cab75877e40924c4896fb3c5fdd4bef0b57c0c18da6516accb55d2b40d8,D:\HEST1000BenchRun\COUNT-HEST-SHARED-K32-001\main\NCBI230\VALUE_K32\attempt01\RESULT.json,,308,16136,4969888,711680,480590,483027,393994,D:\HEST1000BenchRun\COUNT-HEST-SHARED-K32-001\main\NCBI230\VALUE_K32\attempt01\archive.cnt,84d24640cd6fce185dade87e3322d95d79507ca03296b6b4f2c9e2bd76a3b1f2,True,True,23,-2437,-0.5070850413033979,0.6342098654939508,4.428889388489209,0.777525771204502,5.429709982014389,44102192,39759104,8541396,"{""values"": {""shape"": [711680], ""dtype"": ""<i8"", ""nbytes"": 5693440}, ""indices"": {""shape"": [711680], ""dtype"": ""<i4"", ""nbytes"": 2846720}, ""indptr"": {""shape"": [309], ""dtype"": ""<i4"", ""nbytes"": 1236}}",1,2.438000000000102,0.9530000000013388,180019200,0.010952448803451765,0.012148840175070343,0.056551294425407746
NCBI231,Spatial Transcriptomics,Mus musculus,Spinal cord,success,32,E:\Hestdata\st\NCBI231.h5ad,a73ebd81009b70b9b7c23dd1f19f1a9271bc947a141044e15444401efc556a27,D:\HEST1000BenchRun\COUNT-HEST-SHARED-K32-001\main\NCBI231\VALUE_K32\attempt01\RESULT.json,,253,15834,4006002,595532,411991,414393,329056,D:\HEST1000BenchRun\COUNT-HEST-SHARED-K32-001\main\NCBI231\VALUE_K32\attempt01\archive.cnt,6d2af4a79c8952e0db2261ae4f61c1100c75a79158116923e585a4e7748c8141,True,True,23,-2402,-0.5830224446650534,0.6571259824633138,4.420330057830646,0.8275442698231303,5.566693309511495,36354562,32048016,7147400,"{""values"": {""shape"": [595532], ""dtype"": ""<i8"", ""nbytes"": 4764256}, ""indices"": {""shape"": [595532], ""dtype"": ""<i4"", ""nbytes"": 2382128}, ""indptr"": {""shape"": [254], ""dtype"": ""<i4"", ""nbytes"": 1016}}",1,2.438000000000102,0.9840000000003783,178450432,0.011398651976607502,0.012930379215986412,0.057978145899208106
NCBI232,Spatial Transcriptomics,Mus musculus,Spinal cord,success,32,E:\Hestdata\st\NCBI232.h5ad,9298098a843c0eb9ae4fbd3a7a04b7ee323cba4d2139795895f159dc81f6184f,D:\HEST1000BenchRun\COUNT-HEST-SHARED-K32-001\main\NCBI232\VALUE_K32\attempt01\RESULT.json,,246,15323,3769458,498913,358101,360143,278332,D:\HEST1000BenchRun\COUNT-HEST-SHARED-K32-001\main\NCBI232\VALUE_K32\attempt01\archive.cnt,06fed3dc15296b3bb4c6823ccf934cbe6f23fccdb523b0bf6dcd11900d200a36,True,True,21,-2042,-0.5702301864557764,0.5907098580220286,4.463014593726762,0.7643390641307053,5.774842507611548,34428211,30155664,5987944,"{""values"": {""shape"": [498913], ""dtype"": ""<i8"", ""nbytes"": 3991304}, ""indices"": {""shape"": [498913], ""dtype"": ""<i4"", ""nbytes"": 1995652}, ""indptr"": {""shape"": [247], ""dtype"": ""<i4"", ""nbytes"": 988}}",1,2.29700000000048,0.8130000000001019,177647616,0.010460694573993403,0.01194279787704227,0.06014468405182146
NCBI233,Spatial Transcriptomics,Mus musculus,Spinal cord,success,32,E:\Hestdata\st\NCBI233.h5ad,2d05d96bb3b6d6fcf63618880aedfd8ef03ffb293c0d90946a44f5ca1ea0dec2,D:\HEST1000BenchRun\COUNT-HEST-SHARED-K32-001\main\NCBI233\VALUE_K32\attempt01\RESULT.json,,243,15712,3818016,534523,373911,376110,292540,D:\HEST1000BenchRun\COUNT-HEST-SHARED-K32-001\main\NCBI233\VALUE_K32\attempt01\archive.cnt,550024b0db18156b34b615553acf0b2e9379ffed119194f70efa23f58d4dfdae,True,True,22,-2199,-0.5881078652406588,0.6129675726869662,4.378333579658873,0.7880742249377687,5.629093603081626,34841624,30544128,6415252,"{""values"": {""shape"": [534523], ""dtype"": ""<i8"", ""nbytes"": 4276184}, ""indices"": {""shape"": [534523], ""dtype"": ""<i4"", ""nbytes"": 2138092}, ""indptr"": {""shape"": [244], ""dtype"": ""<i4"", ""nbytes"": 976}}",1,2.29700000000048,0.9369999999998981,177434624,0.01079484699105874,0.012313659764652636,0.05862747090839144
NCBI234,Spatial Transcriptomics,Mus musculus,Spinal cord,success,32,E:\Hestdata\st\NCBI234.h5ad,465b1bc6794d7723af4eefa05ef0747f76b79ded3ae5fd2bec68d76d7e53c89a,D:\HEST1000BenchRun\COUNT-HEST-SHARED-K32-001\main\NCBI234\VALUE_K32\attempt01\RESULT.json,,273,15845,4325685,597572,413232,415279,329650,D:\HEST1000BenchRun\COUNT-HEST-SHARED-K32-001\main\NCBI234\VALUE_K32\attempt01\archive.cnt,442dbd9a3128b6d9eecb9be5368846faeeb53db41c3171370ed3c2707271aba0,True,True,23,-2047,-0.4953633794091455,0.6096606664609189,4.41319205049768,0.7680244862952341,5.559550982977783,38917261,34605480,7171960,"{""values"": {""shape"": [597572], ""dtype"": ""<i8"", ""nbytes"": 4780576}, ""indices"": {""shape"": [597572], ""dtype"": ""<i4"", ""nbytes"": 2390288}, ""indptr"": {""shape"": [274], ""dtype"": ""<i4"", ""nbytes"": 1096}}",1,2.390000000001237,0.9369999999998981,178020352,0.010670817763870894,0.012000382598363033,0.0579031394486305
NCBI235,Spatial Transcriptomics,Mus musculus,Spinal cord,success,32,E:\Hestdata\st\NCBI235.h5ad,793fcbee5c053265e1e67d332c1ab5de0f3b9aea1d2062901f94bdcb25a8f242,D:\HEST1000BenchRun\COUNT-HEST-SHARED-K32-001\main\NCBI235\VALUE_K32\attempt01\RESULT.json,,195,15430,3008850,430715,314150,316806,236691,D:\HEST1000BenchRun\COUNT-HEST-SHARED-K32-001\main\NCBI235\VALUE_K32\attempt01\archive.cnt,57ce5c54427610740a7e3a60bb1ba89c2c9fb6d6ebd7d0e5213038b861727b39,True,True,22,-2656,-0.8454559923603374,0.6293195074530136,4.396243455649327,0.8423311231865995,5.884280788920748,28340494,24070800,5169364,"{""values"": {""shape"": [430715], ""dtype"": ""<i8"", ""nbytes"": 3445720}, ""indices"": {""shape"": [430715], ""dtype"": ""<i4"", ""nbytes"": 1722860}, ""indptr"": {""shape"": [196], ""dtype"": ""<i4"", ""nbytes"": 784}}",1,2.2339999999985594,0.9529999999995198,176173056,0.011178563083621619,0.013161423799790618,0.061285295444468604
NCBI236,Spatial Transcriptomics,Mus musculus,Spinal cord,success,32,E:\Hestdata\st\NCBI236.h5ad,9e62ea50a52cab4254b502acf7b611fa3de77102c627a3fa9b0913ee5041af9f,D:\HEST1000BenchRun\COUNT-HEST-SHARED-K32-001\main\NCBI236\VALUE_K32\attempt01\RESULT.json,,281,14902,4187462,441405,336456,338910,258513,D:\HEST1000BenchRun\COUNT-HEST-SHARED-K32-001\main\NCBI236\VALUE_K32\attempt01\archive.cnt,2bf0fa26481d1f58b2522f7ecc69b0209176b3f61f1f609b7a73f77ce024dafd,True,True,21,-2454,-0.7293672872530138,0.49388006386684824,4.685275427328643,0.6474757263468899,6.142386243925647,37751142,33499696,5297988,"{""values"": {""shape"": [441405], ""dtype"": ""<i8"", ""nbytes"": 3531240}, ""indices"": {""shape"": [441405], ""dtype"": ""<i4"", ""nbytes"": 1765620}, ""indptr"": {""shape"": [282], ""dtype"": ""<i4"", ""nbytes"": 1128}}",1,2.2039999999997235,0.7810000000008586,176324608,0.008977476760835474,0.010116808224170154,0.06396956731498826
NCBI237,Spatial Transcriptomics,Mus musculus,Spinal cord,success,32,E:\Hestdata\st\NCBI237.h5ad,257aa55b23a9cc71e9c99daa7fec3125f18818b856905737800704681af36cea,D:\HEST1000BenchRun\COUNT-HEST-SHARED-K32-001\main\NCBI237\VALUE_K32\attempt01\RESULT.json,,269,14854,3995726,332539,272444,274893,197107,D:\HEST1000BenchRun\COUNT-HEST-SHARED-K32-001\main\NCBI237\VALUE_K32\attempt01\archive.cnt,9c9c16761de86b693c409e8d95ce4dad5f26575de8cef1e4dd0e6102b6580eb0,True,True,19,-2449,-0.8989003244703498,0.394635668211484,4.741867871136919,0.5503740746988157,6.613191234712319,36212694,31965808,3991548,"{""values"": {""shape"": [332539], ""dtype"": ""<i8"", ""nbytes"": 2660312}, ""indices"": {""shape"": [332539], ""dtype"": ""<i4"", ""nbytes"": 1330156}, ""indptr"": {""shape"": [270], ""dtype"": ""<i4"", ""nbytes"": 1080}}",1,2.20299999999952,0.7810000000008586,174850048,0.007591067375434702,0.008599594917168996,0.06886876971039807
NCBI238,Spatial Transcriptomics,Mus musculus,Spinal cord,success,32,E:\Hestdata\st\NCBI238.h5ad,a3cb749ef12625fd2742b24daaac8cd5ef9c0d9d683498773ea799247b0069b5,D:\HEST1000BenchRun\COUNT-HEST-SHARED-K32-001\main\NCBI238\VALUE_K32\attempt01\RESULT.json,,237,15393,3648141,440916,324351,326621,246066,D:\HEST1000BenchRun\COUNT-HEST-SHARED-K32-001\main\NCBI238\VALUE_K32\attempt01\archive.cnt,198e43471133833141bd0c4a5f6e7c836e96c65fa69b6c40a89b2feeed59271b,True,True,20,-2270,-0.6998591032554239,0.5395975648967515,4.4646327191573905,0.716246438939723,5.926226310680493,33461217,29185128,5291944,"{""values"": {""shape"": [440916], ""dtype"": ""<i8"", ""nbytes"": 3527328}, ""indices"": {""shape"": [440916], ""dtype"": ""<i4"", ""nbytes"": 1763664}, ""indptr"": {""shape"": [238], ""dtype"": ""<i4"", ""nbytes"": 952}}",1,2.20299999999952,0.7810000000008586,176619520,0.009761181130979187,0.011191350608433171,0.061720418810176376
NCBI239,Spatial Transcriptomics,Mus musculus,Spinal cord,success,32,E:\Hestdata\st\NCBI239.h5ad,f9c6da64840849592bd408b7631fc70dd7a77ed42b96d4d7426197041710c929,D:\HEST1000BenchRun\COUNT-HEST-SHARED-K32-001\main\NCBI239\VALUE_K32\attempt01\RESULT.json,,215,14788,3179420,314452,251219,253547,177527,D:\HEST1000BenchRun\COUNT-HEST-SHARED-K32-001\main\NCBI239\VALUE_K32\attempt01\archive.cnt,7b96c941f3bde65f767a09b5d4d9288c6fa109c464d4da8d75ac5ce1831b8b24,True,True,18,-2328,-0.9266815010011186,0.4466902768429462,4.516479462684289,0.6379704474400991,6.450510729777518,29669660,25435360,3774288,"{""values"": {""shape"": [314452], ""dtype"": ""<i8"", ""nbytes"": 2515616}, ""indices"": {""shape"": [314452], ""dtype"": ""<i4"", ""nbytes"": 1257808}, ""indptr"": {""shape"": [216], ""dtype"": ""<i4"", ""nbytes"": 864}}",1,2.04700000000048,0.8279999999995198,174280704,0.008545665841806074,0.009968288241251549,0.06717743849965874
NCBI24,Spatial Transcriptomics,Mus musculus,Spinal cord,success,32,E:\Hestdata\st\NCBI24.h5ad,47f0453ec79177ee39e88921489abaa918abc464fbe4237684aac84744612edc,D:\HEST1000BenchRun\COUNT-HEST-SHARED-K32-001\main\NCBI24\VALUE_K32\attempt01\RESULT.json,,234,16361,3828474,541351,371183,373359,287287,D:\HEST1000BenchRun\COUNT-HEST-SHARED-K32-001\main\NCBI24\VALUE_K32\attempt01\archive.cnt,6eee0fabb6b387b4e901bf835befbe08cc4eb27102f7b3edd2031a7e26615015,True,True,22,-2176,-0.5862337445411023,0.600316470740039,4.24548213635885,0.7801729879842465,5.517440625398309,34982849,30627792,6497152,"{""values"": {""shape"": [541351], ""dtype"": ""<i8"", ""nbytes"": 4330808}, ""indices"": {""shape"": [541351], ""dtype"": ""<i4"", ""nbytes"": 2165404}, ""indptr"": {""shape"": [235], ""dtype"": ""<i4"", ""nbytes"": 940}}",1,2.4060000000008586,0.9369999999998981,177963008,0.010672629893580136,0.012190202937253852,0.057465024675427016
NCBI240,Spatial Transcriptomics,Mus musculus,Spinal cord,success,32,E:\Hestdata\st\NCBI240.h5ad,7be226c88f915dcfeee1d5570a984575dc4f2bac9d3a4e2653bcd91186fd8e1e,D:\HEST1000BenchRun\COUNT-HEST-SHARED-K32-001\main\NCBI240\VALUE_K32\attempt01\RESULT.json,,234,15647,3661398,426606,318906,321324,238842,D:\HEST1000BenchRun\COUNT-HEST-SHARED-K32-001\main\NCBI240\VALUE_K32\attempt01\archive.cnt,4e2bf84db96f06ff90890930b83cb5fb62403106309c5f109afe3610876526b0,True,True,20,-2418,-0.7582171548983085,0.5218596831046501,4.478924347055597,0.7020793696833832,6.025681776627614,33583447,29291184,5120212,"{""values"": {""shape"": [426606], ""dtype"": ""<i8"", ""nbytes"": 3412848}, ""indices"": {""shape"": [426606], ""dtype"": ""<i4"", ""nbytes"": 1706424}, ""indptr"": {""shape"": [235], ""dtype"": ""<i4"", ""nbytes"": 940}}",1,2.2809999999990396,0.9690000000009604,163954688,0.009567927914010732,0.010969990151302863,0.06275599525957129
NCBI241,Spatial Transcriptomics,Mus musculus,Spinal cord,success,32,E:\Hestdata\st\NCBI241.h5ad,2cd313d0696ad9d9aa274ba8ddad95a644d50fcfc10daafdd550ea91044edc23,D:\HEST1000BenchRun\COUNT-HEST-SHARED-K32-001\main\NCBI241\VALUE_K32\attempt01\RESULT.json,,221,14976,3309696,325328,260388,262862,185495,D:\HEST1000BenchRun\COUNT-HEST-SHARED-K32-001\main\NCBI241\VALUE_K32\attempt01\archive.cnt,35c51051da98259c066078457d609cb73d2d42acee02863ba75f3a2583203093,True,True,19,-2474,-0.9501205892744673,0.44836746335615113,4.561427236512074,0.6353743667092083,6.4639256381252155,30724760,26477568,3904824,"{""values"": {""shape"": [325328], ""dtype"": ""<i8"", ""nbytes"": 2602624}, ""indices"": {""shape"": [325328], ""dtype"": ""<i4"", ""nbytes"": 1301312}, ""indptr"": {""shape"": [222], ""dtype"": ""<i4"", ""nbytes"": 888}}",1,2.25,0.7969999999986612,174800896,0.008555380090845298,0.00992772447983138,0.06731724656476194
NCBI242,Spatial Transcriptomics,Mus musculus,Spinal cord,success,32,E:\Hestdata\st\NCBI242.h5ad,1565f941a969bc7f8a2e2834313d20fa3a832b2ed3b12d5b002f3472aec2788d,D:\HEST1000BenchRun\COUNT-HEST-SHARED-K32-001\main\NCBI242\VALUE_K32\attempt01\RESULT.json,,211,15258,3219438,305645,249583,252119,174172,D:\HEST1000BenchRun\COUNT-HEST-SHARED-K32-001\main\NCBI242\VALUE_K32\attempt01\archive.cnt,9f7644f000945788b1c851b02c04da15ba77ffc87fd74560deec2086dcd7cf5f,True,True,19,-2536,-1.0160948462034674,0.4328010043989044,4.55880514976525,0.6264919529433398,6.599002110291351,30019906,25755504,3668588,"{""values"": {""shape"": [305645], ""dtype"": ""<i8"", ""nbytes"": 2445160}, ""indices"": {""shape"": [305645], ""dtype"": ""<i4"", ""nbytes"": 1222580}, ""indptr"": {""shape"": [212], ""dtype"": ""<i4"", ""nbytes"": 848}}",1,2.20299999999952,0.7970000000004802,174534656,0.00839839405226652,0.009788936764739685,0.06872371604551943
NCBI243,Spatial Transcriptomics,Mus musculus,Spinal cord,success,32,E:\Hestdata\st\NCBI243.h5ad,7dd5fd95016c79e154fe6b4f15d8d9a505889667d046691bc9c6fed5e6e10137,D:\HEST1000BenchRun\COUNT-HEST-SHARED-K32-001\main\NCBI243\VALUE_K32\attempt01\RESULT.json,,316,15971,5046836,688365,464646,466628,378374,D:\HEST1000BenchRun\COUNT-HEST-SHARED-K32-001\main\NCBI243\VALUE_K32\attempt01\archive.cnt,86e179bce902b01ab5622c2d0e0a68b8cf0de8c6af299ce787b2da624bfe56fd,True,True,22,-1982,-0.4265612961265135,0.5997801394774865,4.397364770143747,0.7396761059800635,5.423029933247623,44703915,40374688,8261648,"{""values"": {""shape"": [688365], ""dtype"": ""<i8"", ""nbytes"": 5506920}, ""indices"": {""shape"": [688365], ""dtype"": ""<i4"", ""nbytes"": 2753460}, ""indptr"": {""shape"": [317], ""dtype"": ""<i4"", ""nbytes"": 1268}}",1,2.45299999999952,0.9840000000003783,179109888,0.01043819092802051,0.011557439155938492,0.05648122505340339
NCBI244,Spatial Transcriptomics,Mus musculus,Spinal cord,success,32,E:\Hestdata\st\NCBI244.h5ad,d395552b810ef274fcb68156f044e9ac918f8afdb69b99e2f16af55748fa187f,D:\HEST1000BenchRun\COUNT-HEST-SHARED-K32-001\main\NCBI244\VALUE_K32\attempt01\RESULT.json,,253,14949,3782097,393087,304782,307369,227795,D:\HEST1000BenchRun\COUNT-HEST-SHARED-K32-001\main\NCBI244\VALUE_K32\attempt01\archive.cnt,999b2ee018c100d3ebaf7bb06e19efd2095daf8b5c5a4ffa02e1668d44daa956,True,True,22,-2587,-0.8488034070253493,0.4818385144537541,4.636022051098103,0.650155720490511,6.2554905148224185,34505797,30256776,4718060,"{""values"": {""shape"": [393087], ""dtype"": ""<i8"", ""nbytes"": 3144696}, ""indices"": {""shape"": [393087], ""dtype"": ""<i4"", ""nbytes"": 1572348}, ""indptr"": {""shape"": [254], ""dtype"": ""<i4"", ""nbytes"": 1016}}",1,2.1409999999996217,0.875,175616000,0.00890774961668035,0.010158683132664234,0.06514732750325346
NCBI245,Spatial Transcriptomics,Mus musculus,Spinal cord,success,32,E:\Hestdata\st\NCBI245.h5ad,44b1810396660a771d43c1193ff0f18473cf2fa2a7cddcd2bd2a58ee7130ac3e,D:\HEST1000BenchRun\COUNT-HEST-SHARED-K32-001\main\NCBI245\VALUE_K32\attempt01\RESULT.json,,236,16181,3818716,737704,480060,483065,396650,D:\HEST1000BenchRun\COUNT-HEST-SHARED-K32-001\main\NCBI245\VALUE_K32\attempt01\archive.cnt,57caba21315b819bba030a830927602ad1cce618ccef5b873584e9ff89434918,True,True,24,-3005,-0.6259634212390118,0.8309599352243006,4.301454241809723,1.0119946076115636,5.238578074674938,34885117,30549728,8853396,"{""values"": {""shape"": [737704], ""dtype"": ""<i8"", ""nbytes"": 5901632}, ""indices"": {""shape"": [737704], ""dtype"": ""<i4"", ""nbytes"": 2950816}, ""indptr"": {""shape"": [237], ""dtype"": ""<i4"", ""nbytes"": 948}}",1,2.625,0.9850000000005821,180305920,0.01384730915478942,0.01581241574393068,0.05456267854730546
NCBI246,Spatial Transcriptomics,Mus musculus,Spinal cord,success,32,E:\Hestdata\st\NCBI246.h5ad,7865f49cb1714268398ffa7af13508f97da84bffc11dbd69f1386815f8cdb102,D:\HEST1000BenchRun\COUNT-HEST-SHARED-K32-001\main\NCBI246\VALUE_K32\attempt01\RESULT.json,,200,15800,3160000,616675,400178,402343,319690,D:\HEST1000BenchRun\COUNT-HEST-SHARED-K32-001\main\NCBI246\VALUE_K32\attempt01\archive.cnt,fa1985fb7c09ec232cf9b18d5373178cb4990a726a0feb84485244c94be84f37,True,True,23,-2165,-0.5410092508833569,0.8093417721518987,4.147273685490736,1.0185898734177214,5.219514330887421,29574304,25280000,7400904,"{""values"": {""shape"": [616675], ""dtype"": ""<i8"", ""nbytes"": 4933400}, ""indices"": {""shape"": [616675], ""dtype"": ""<i4"", ""nbytes"": 2466700}, ""indptr"": {""shape"": [201], ""dtype"": ""<i4"", ""nbytes"": 804}}",1,2.3439999999991414,0.9850000000005821,178532352,0.013604479077512695,0.015915466772151898,0.05436403444768369
NCBI247,Spatial Transcriptomics,Mus musculus,Spinal cord,success,32,E:\Hestdata\st\NCBI247.h5ad,78b6a45ed31432af111276dd52e8a49caefdc401fa475782859252521ba7b1cf,D:\HEST1000BenchRun\COUNT-HEST-SHARED-K32-001\main\NCBI247\VALUE_K32\attempt01\RESULT.json,,270,15857,4281390,666867,440877,442459,356014,D:\HEST1000BenchRun\COUNT-HEST-SHARED-K32-001\main\NCBI247\VALUE_K32\attempt01\archive.cnt,f69b69c67ac5702684d53de62e24ada8d9724a897a7f874b275bf82ad7c3abc9,True,True,24,-1582,-0.35883024063400903,0.6652306844272537,4.270884599177947,0.8267576651508038,5.307912972151868,38563321,34251120,8003488,"{""values"": {""shape"": [666867], ""dtype"": ""<i8"", ""nbytes"": 5334936}, ""indices"": {""shape"": [666867], ""dtype"": ""<i4"", ""nbytes"": 2667468}, ""indptr"": {""shape"": [271], ""dtype"": ""<i4"", ""nbytes"": 1084}}",1,2.5159999999996217,1.0,179310592,0.011473570961380634,0.01291808851798131,0.05528327149362878
NCBI248,Spatial Transcriptomics,Mus musculus,Spinal cord,success,32,E:\Hestdata\st\NCBI248.h5ad,b4d2f16f2e9e98a8ed9c40e0dc53852e923314e35eb2df1ba43e8c83c6cfe66c,D:\HEST1000BenchRun\COUNT-HEST-SHARED-K32-001\main\NCBI248\VALUE_K32\attempt01\RESULT.json,,147,15170,2229990,334036,256811,259707,183504,D:\HEST1000BenchRun\COUNT-HEST-SHARED-K32-001\main\NCBI248\VALUE_K32\attempt01\archive.cnt,1293e3997b574f0a147a8f5d9d51facf7a13271c7c486b9ff17b873d0d83e47d,True,True,23,-2896,-1.1276775527528027,0.6583132659787712,4.394831694787388,0.9316884829079951,6.2198565424086025,22087338,17839920,4009024,"{""values"": {""shape"": [334036], ""dtype"": ""<i8"", ""nbytes"": 2672288}, ""indices"": {""shape"": [334036], ""dtype"": ""<i4"", ""nbytes"": 1336144}, ""indptr"": {""shape"": [148], ""dtype"": ""<i4"", ""nbytes"": 592}}",1,2.0469999999986612,0.7970000000004802,175001600,0.011758184711982946,0.014557632545437424,0.06478060495522102
NCBI249,Spatial Transcriptomics,Mus musculus,Spinal cord,success,32,E:\Hestdata\st\NCBI249.h5ad,024423efdce81ba284515510395df2ac2874b7784b52fc059d8577a19052a359,D:\HEST1000BenchRun\COUNT-HEST-SHARED-K32-001\main\NCBI249\VALUE_K32\attempt01\RESULT.json,,124,15082,1870168,299933,230563,233304,158705,D:\HEST1000BenchRun\COUNT-HEST-SHARED-K32-001\main\NCBI249\VALUE_K32\attempt01\archive.cnt,487fab96bea4d7f5f74aa60afe8bdf4d0d81fa4f75726386ae1f4e82d27777ee,True,True,22,-2741,-1.1888290835910358,0.6788908803914943,4.233078720914338,0.9980023185082837,6.222829765314254,19199474,14961344,3599696,"{""values"": {""shape"": [299933], ""dtype"": ""<i8"", ""nbytes"": 2399464}, ""indices"": {""shape"": [299933], ""dtype"": ""<i4"", ""nbytes"": 1199732}, ""indptr"": {""shape"": [125], ""dtype"": ""<i4"", ""nbytes"": 500}}",1,2.25,0.9530000000013388,174202880,0.01215158290273994,0.015593786226691933,0.0648121396917962
NCBI25,Spatial Transcriptomics,Mus musculus,Spinal cord,success,32,E:\Hestdata\st\NCBI25.h5ad,53c87715bdab13654732cd404392ea61d7051b57f646cdc0bb1b3089141419b8,D:\HEST1000BenchRun\COUNT-HEST-SHARED-K32-001\main\NCBI25\VALUE_K32\attempt01\RESULT.json,,236,16161,3813996,531422,366235,368422,283372,D:\HEST1000BenchRun\COUNT-HEST-SHARED-K32-001\main\NCBI25\VALUE_K32\attempt01\archive.cnt,7370d4a6d8fdefc53e111b7c8c2e8705e4104c3d82785031bfa825a91a723b5a,True,True,22,-2187,-0.5971575627670758,0.5943834235798884,4.265867803741659,0.7727789960975313,5.546206216528484,34846057,30511968,6378012,"{""values"": {""shape"": [531422], ""dtype"": ""<i8"", ""nbytes"": 4251376}, ""indices"": {""shape"": [531422], ""dtype"": ""<i4"", ""nbytes"": 2125688}, ""indptr"": {""shape"": [237], ""dtype"": ""<i4"", ""nbytes"": 948}}",1,2.20299999999952,0.9369999999998981,177930240,0.010572846161618802,0.012074671814023927,0.05776439429715717
NCBI250,Spatial Transcriptomics,Mus musculus,Spinal cord,success,32,E:\Hestdata\st\NCBI250.h5ad,59d7cb5334067bb7cb7a8d7bdedbde65abfc1b2288ed8fb4c01ae88dfd850c67,D:\HEST1000BenchRun\COUNT-HEST-SHARED-K32-001\main\NCBI250\VALUE_K32\attempt01\RESULT.json,,108,15510,1675080,300292,236200,239472,162564,D:\HEST1000BenchRun\COUNT-HEST-SHARED-K32-001\main\NCBI250\VALUE_K32\attempt01\archive.cnt,bbd0270bb1f07b3297d84d25f350b9acf7fd2ec27164b66348cb7ed4e7c0b7f4,True,True,24,-3272,-1.3852667231160034,0.77638799340927,4.330824663993713,1.143692241564582,6.379710415195876,17664926,13400640,3603940,"{""values"": {""shape"": [300292], ""dtype"": ""<i8"", ""nbytes"": 2402336}, ""indices"": {""shape"": [300292], ""dtype"": ""<i4"", ""nbytes"": 1201168}, ""indptr"": {""shape"": [109], ""dtype"": ""<i4"", ""nbytes"": 436}}",1,2.04700000000048,0.7970000000004802,174432256,0.013556354552518364,0.017870191274446594,0.06644727714667836
NCBI251,Spatial Transcriptomics,Mus musculus,Spinal cord,success,32,E:\Hestdata\st\NCBI251.h5ad,70d4b0e598525d15ba0d043460298a23a21b541dad7e9ede634fe8030cc07cf3,D:\HEST1000BenchRun\COUNT-HEST-SHARED-K32-001\main\NCBI251\VALUE_K32\attempt01\RESULT.json,,219,14699,3219081,377925,286928,289454,212138,D:\HEST1000BenchRun\COUNT-HEST-SHARED-K32-001\main\NCBI251\VALUE_K32\attempt01\archive.cnt,2c355f04492d62ce796385154658a1d8306cc1848e0398f94db20c514786786b,True,True,22,-2526,-0.8803602297440473,0.5272013969204254,4.4905841106039555,0.7193456766077027,6.127226301514851,29953035,25752648,4535980,"{""values"": {""shape"": [377925], ""dtype"": ""<i8"", ""nbytes"": 3023400}, ""indices"": {""shape"": [377925], ""dtype"": ""<i4"", ""nbytes"": 1511700}, ""indptr"": {""shape"": [220], ""dtype"": ""<i4"", ""nbytes"": 880}}",1,2.07799999999952,0.7970000000004802,175038464,0.0096635950246778,0.011239776196995354,0.06381289159123277
NCBI252,Spatial Transcriptomics,Mus musculus,Spinal cord,success,32,E:\Hestdata\st\NCBI252.h5ad,fca77424091cf0151b516293ac453cf505e4c7c6580faa1e59a8250c5e1588e6,D:\HEST1000BenchRun\COUNT-HEST-SHARED-K32-001\main\NCBI252\VALUE_K32\attempt01\RESULT.json,,197,15408,3035376,455389,320038,322365,243195,D:\HEST1000BenchRun\COUNT-HEST-SHARED-K32-001\main\NCBI252\VALUE_K32\attempt01\archive.cnt,6f7d6b78775da0682d7e77f0dd6dfc06146da0c46b5e9c10f3bc4a603cfd96c6,True,True,22,-2327,-0.7271011567376374,0.6409617787055046,4.272303459240342,0.8496212660309629,5.663114392310749,28551496,24283008,5465460,"{""values"": {""shape"": [455389], ""dtype"": ""<i8"", ""nbytes"": 3643112}, ""indices"": {""shape"": [455389], ""dtype"": ""<i4"", ""nbytes"": 1821556}, ""indptr"": {""shape"": [198], ""dtype"": ""<i4"", ""nbytes"": 792}}",1,2.2340000000003783,0.7970000000004802,176459776,0.011290651810328957,0.013275332281733795,0.05898222656464415
NCBI253,Spatial Transcriptomics,Mus musculus,Spinal cord,success,32,E:\Hestdata\st\NCBI253.h5ad,cdb6cdd5fb69ee791b32b9e33de6ff90b8878848820af1779c9202aeab2b8bf8,D:\HEST1000BenchRun\COUNT-HEST-SHARED-K32-001\main\NCBI253\VALUE_K32\attempt01\RESULT.json,,219,14911,3265509,316538,263070,266000,189616,D:\HEST1000BenchRun\COUNT-HEST-SHARED-K32-001\main\NCBI253\VALUE_K32\attempt01\archive.cnt,80b2b1ff80ec2c1672c6072e3da32225c50177aa14259f513b25bd28c41311c9,True,True,21,-2930,-1.1137719998479492,0.46453033814942785,4.792246112631027,0.6516595115799712,6.722731551977962,30366815,26124072,3799336,"{""values"": {""shape"": [316538], ""dtype"": ""<i8"", ""nbytes"": 2532304}, ""indices"": {""shape"": [316538], ""dtype"": ""<i4"", ""nbytes"": 1266152}, ""indptr"": {""shape"": [220], ""dtype"": ""<i4"", ""nbytes"": 880}}",1,2.04700000000048,0.8279999999995198,174673920,0.008759562041656328,0.01018217986843705,0.07001223371662837
NCBI254,Spatial Transcriptomics,Mus musculus,Spinal cord,success,32,E:\Hestdata\st\NCBI254.h5ad,a7956ef4c68479422bd61f3ebaab32c24297925fc9487629680c09df793d4018,D:\HEST1000BenchRun\COUNT-HEST-SHARED-K32-001\main\NCBI254\VALUE_K32\attempt01\RESULT.json,,241,15268,3679588,413284,315283,317813,238454,D:\HEST1000BenchRun\COUNT-HEST-SHARED-K32-001\main\NCBI254\VALUE_K32\attempt01\archive.cnt,076fcfc611caf8b789ecfc68544b7ea747181226b830834a899622d4cf69f3cb,True,True,20,-2530,-0.8024536686088372,0.5184363031948142,4.615789626503808,0.6909751852653069,6.151953620270807,33707140,29436704,4960376,"{""values"": {""shape"": [413284], ""dtype"": ""<i8"", ""nbytes"": 3306272}, ""indices"": {""shape"": [413284], ""dtype"": ""<i4"", ""nbytes"": 1653136}, ""indptr"": {""shape"": [242], ""dtype"": ""<i4"", ""nbytes"": 968}}",1,2.2030000000013388,0.7819999999992433,175980544,0.009428655175135001,0.01079648726977042,0.06407034466742037
NCBI256,Spatial Transcriptomics,Mus musculus,Spinal cord,success,32,E:\Hestdata\st\NCBI256.h5ad,fa1e40209f83cb6a6976fc60236b9315e87f1e866fb1dfa93abe28c29417de86,D:\HEST1000BenchRun\COUNT-HEST-SHARED-K32-001\main\NCBI256\VALUE_K32\attempt01\RESULT.json,,288,15368,4425984,474204,355968,358419,277753,D:\HEST1000BenchRun\COUNT-HEST-SHARED-K32-001\main\NCBI256\VALUE_K32\attempt01\archive.cnt,2a6dd985add3052d656d63852eed2cd723412b1595f8c23caf94233778dd8f78,True,True,20,-2451,-0.6885450377562028,0.5020406761524668,4.6857976735750855,0.6478450893631789,6.046663461295139,39690448,35407872,5691604,"{""values"": {""shape"": [474204], ""dtype"": ""<i8"", ""nbytes"": 3793632}, ""indices"": {""shape"": [474204], ""dtype"": ""<i4"", ""nbytes"": 1896816}, ""indptr"": {""shape"": [289], ""dtype"": ""<i4"", ""nbytes"": 1156}}",1,2.2340000000003783,0.8279999999995198,176447488,0.009030359143338468,0.01012257952129967,0.06297328485959318
NCBI257,Spatial Transcriptomics,Mus musculus,Spinal cord,success,32,E:\Hestdata\st\NCBI257.h5ad,354a7b3f0f7fd6a0b8dfa686b891dee6285ca23bc06138577d94586367786e0c,D:\HEST1000BenchRun\COUNT-HEST-SHARED-K32-001\main\NCBI257\VALUE_K32\attempt01\RESULT.json,,307,15682,4814374,493818,378738,381487,298751,D:\HEST1000BenchRun\COUNT-HEST-SHARED-K32-001\main\NCBI257\VALUE_K32\attempt01\archive.cnt,76e6c7d02982a696c89d11d5ff76a18b296bb4a64396ceff0e14b888995a7d7f,True,True,20,-2749,-0.7258315775021255,0.496431727157051,4.839855979328417,0.6339133602831853,6.180204042784994,42820258,38514992,5927048,"{""values"": {""shape"": [493818], ""dtype"": ""<i8"", ""nbytes"": 3950544}, ""indices"": {""shape"": [493818], ""dtype"": ""<i4"", ""nbytes"": 1975272}, ""indptr"": {""shape"": [308], ""dtype"": ""<i4"", ""nbytes"": 1232}}",1,2.2340000000003783,0.8279999999995198,176885760,0.008909030861047124,0.009904896254424771,0.06436374397507832
NCBI258,Spatial Transcriptomics,Mus musculus,Spinal cord,success,32,E:\Hestdata\st\NCBI258.h5ad,6b40fd1c2fc3fdc4450f540c4540d71883c317eaea03777c535e5c14910136e3,D:\HEST1000BenchRun\COUNT-HEST-SHARED-K32-001\main\NCBI258\VALUE_K32\attempt01\RESULT.json,,344,15413,5302072,524324,388801,390904,308165,D:\HEST1000BenchRun\COUNT-HEST-SHARED-K32-001\main\NCBI258\VALUE_K32\attempt01\archive.cnt,713fe7781fb19a97e3767078d75d855a2a58bd5c0ab5bc824a84533e6a74ebfe,True,True,20,-2103,-0.5408936705409708,0.46497293888125246,4.701901877465079,0.5898131900132627,5.96431214287349,46708797,42416576,6293268,"{""values"": {""shape"": [524324], ""dtype"": ""<i8"", ""nbytes"": 4194592}, ""indices"": {""shape"": [524324], ""dtype"": ""<i4"", ""nbytes"": 2097296}, ""indptr"": {""shape"": [345], ""dtype"": ""<i4"", ""nbytes"": 1380}}",1,2.3590000000003783,0.9369999999998981,177618944,0.008368958849443286,0.00921583109395723,0.062114627884908125
NCBI259,Spatial Transcriptomics,Mus musculus,Spinal cord,success,32,E:\Hestdata\st\NCBI259.h5ad,8243b312072bc346ef495708af42b53843cce32b0b8c8f676210fb725a4e1454,D:\HEST1000BenchRun\COUNT-HEST-SHARED-K32-001\main\NCBI259\VALUE_K32\attempt01\RESULT.json,,238,14169,3372222,275371,250727,253788,180405,D:\HEST1000BenchRun\COUNT-HEST-SHARED-K32-001\main\NCBI259\VALUE_K32\attempt01\archive.cnt,0e4ddd8fab91155f2aa8910a3ec3da9fae21abf3ca881bc9306cce8dc89e6776,True,True,21,-3061,-1.2208497688721198,0.42797894088823335,5.241074768221781,0.6020671236947034,7.372976820362347,31141649,26977776,3305408,"{""values"": {""shape"": [275371], ""dtype"": ""<i8"", ""nbytes"": 2202968}, ""indices"": {""shape"": [275371], ""dtype"": ""<i4"", ""nbytes"": 1101484}, ""indptr"": {""shape"": [239], ""dtype"": ""<i4"", ""nbytes"": 956}}",1,2.0460000000002765,0.7810000000008586,173903872,0.00814947211048458,0.00940729880772974,0.07677962902007861
NCBI26,Spatial Transcriptomics,Mus musculus,Spinal cord,success,32,E:\Hestdata\st\NCBI26.h5ad,ffa3603f3c34801dd9d1207e2c1590d374a647f4aa2ebdc8f0bf438d492890f9,D:\HEST1000BenchRun\COUNT-HEST-SHARED-K32-001\main\NCBI26\VALUE_K32\attempt01\RESULT.json,,194,15723,3050262,352393,274386,277089,196596,D:\HEST1000BenchRun\COUNT-HEST-SHARED-K32-001\main\NCBI26\VALUE_K32\attempt01\archive.cnt,21f4bad735915cee05a96961f261e6f9f0a44d26991cb024acf376b728bbfcc9,True,True,21,-2703,-0.985108569679211,0.5156173469688833,4.463107950498449,0.7267283925118564,6.2904541236630696,28690723,24402096,4229496,"{""values"": {""shape"": [352393], ""dtype"": ""<i8"", ""nbytes"": 2819144}, ""indices"": {""shape"": [352393], ""dtype"": ""<i4"", ""nbytes"": 1409572}, ""indptr"": {""shape"": [195], ""dtype"": ""<i4"", ""nbytes"": 780}}",1,2.07799999999952,0.7970000000004802,175017984,0.00965779077787618,0.011355131132997756,0.06551347962026681
NCBI260,Spatial Transcriptomics,Mus musculus,Spinal cord,success,32,E:\Hestdata\st\NCBI260.h5ad,a928043ef94ce2444ef90a23175bfeaaa23ba29bc5c6544cb06e0b012dbef3d1,D:\HEST1000BenchRun\COUNT-HEST-SHARED-K32-001\main\NCBI260\VALUE_K32\attempt01\RESULT.json,,320,14282,4570240,366635,310428,313200,236283,D:\HEST1000BenchRun\COUNT-HEST-SHARED-K32-001\main\NCBI260\VALUE_K32\attempt01\archive.cnt,d8926cb23e87698b7ff32b3cadf3382f03b6737fc9345d9cf16688c76a3d99a2,True,True,20,-2772,-0.8929606865360084,0.41360278672454837,5.155710720471314,0.5482425430611959,6.834044758410954,40744978,36561920,4400904,"{""values"": {""shape"": [366635], ""dtype"": ""<i8"", ""nbytes"": 2933080}, ""indices"": {""shape"": [366635], ""dtype"": ""<i4"", ""nbytes"": 1466540}, ""indptr"": {""shape"": [321], ""dtype"": ""<i4"", ""nbytes"": 1284}}",1,2.0939999999991414,0.8119999999998981,175329280,0.007686836890671533,0.008566289735331186,0.07116719655779813
NCBI261,Spatial Transcriptomics,Mus musculus,Spinal cord,success,32,E:\Hestdata\st\NCBI261.h5ad,c15ff5d815e7f3559685443b226bde21878c4a8d6c2dc935c048dd3938e2a35e,D:\HEST1000BenchRun\COUNT-HEST-SHARED-K32-001\main\NCBI261\VALUE_K32\attempt01\RESULT.json,,349,13544,4726856,237972,235762,238455,166798,D:\HEST1000BenchRun\COUNT-HEST-SHARED-K32-001\main\NCBI261\VALUE_K32\attempt01\archive.cnt,ea2cedeb5e8f896345afc6432fc946994615b7486bbe47739c471a2279c28a1d,True,True,17,-2693,-1.1422536286594107,0.28229842415339074,5.607315146319735,0.40357480744071744,8.016237204376985,41928840,37814848,2857064,"{""values"": {""shape"": [237972], ""dtype"": ""<i8"", ""nbytes"": 1903776}, ""indices"": {""shape"": [237972], ""dtype"": ""<i4"", ""nbytes"": 951888}, ""indptr"": {""shape"": [350], ""dtype"": ""<i4"", ""nbytes"": 1400}}",1,2.0460000000002765,0.7810000000008586,173084672,0.005687135632657617,0.00630585636626121,0.08346155353887767
NCBI262,Spatial Transcriptomics,Mus musculus,Spinal cord,success,32,E:\Hestdata\st\NCBI262.h5ad,1683821bd2a94c7d9de6a4ebac30fe33d03e8172e65a20b313a480a3baec193d,D:\HEST1000BenchRun\COUNT-HEST-SHARED-K32-001\main\NCBI262\VALUE_K32\attempt01\RESULT.json,,262,14390,3770180,282665,247466,249891,175783,D:\HEST1000BenchRun\COUNT-HEST-SHARED-K32-001\main\NCBI262\VALUE_K32\attempt01\archive.cnt,5fb6dcdec9809c0b7aa6fd4acb3b42aa88060a00cf0e2b76d92967fa16cefc97,True,True,18,-2425,-0.9799325968011767,0.3729965147552637,4.975019899881485,0.5302473621949084,7.07242849309253,34344558,30161440,3393032,"{""values"": {""shape"": [282665], ""dtype"": ""<i8"", ""nbytes"": 2261320}, ""indices"": {""shape"": [282665], ""dtype"": ""<i4"", ""nbytes"": 1130660}, ""indptr"": {""shape"": [263], ""dtype"": ""<i4"", ""nbytes"": 1052}}",1,2.07799999999952,0.7970000000004802,174432256,0.007275999883300289,0.008285115034295444,0.07364828861030488
NCBI264,Spatial Transcriptomics,Mus musculus,Spinal cord,success,32,E:\Hestdata\st\NCBI264.h5ad,52b88a1d2ef1378296d2740dd98f087ed574d5f1c6dbb9aa158c74284b71fdba,D:\HEST1000BenchRun\COUNT-HEST-SHARED-K32-001\main\NCBI264\VALUE_K32\attempt01\RESULT.json,,240,14310,3434400,229658,217347,219976,147448,D:\HEST1000BenchRun\COUNT-HEST-SHARED-K32-001\main\NCBI264\VALUE_K32\attempt01\archive.cnt,62df98651356ef981a5c08a4a994b0e7c12cbdc535b60aa23f72ea081cdaba24,True,True,17,-2629,-1.2095865137314985,0.3434614488702539,5.136263487446551,0.5124062427207081,7.662733281662298,31648462,27475200,2756860,"{""values"": {""shape"": [229658], ""dtype"": ""<i8"", ""nbytes"": 1837264}, ""indices"": {""shape"": [229658], ""dtype"": ""<i4"", ""nbytes"": 918632}, ""indptr"": {""shape"": [241], ""dtype"": ""<i4"", ""nbytes"": 964}}",1,2.07799999999952,0.8280000000013388,173486080,0.006950606320142824,0.008006347542511064,0.07979222738913111
NCBI265,Spatial Transcriptomics,Mus musculus,Spinal cord,success,32,E:\Hestdata\st\NCBI265.h5ad,acc0073278ee04e002f1c98de090c91fffa2498b559208ddab83ea1c7e41a31a,D:\HEST1000BenchRun\COUNT-HEST-SHARED-K32-001\main\NCBI265\VALUE_K32\attempt01\RESULT.json,,231,13684,3161004,183641,186448,188775,120396,D:\HEST1000BenchRun\COUNT-HEST-SHARED-K32-001\main\NCBI265\VALUE_K32\attempt01\archive.cnt,c6397c6013bb127483ee052a1ae51d344eadbcfc33f5d656d31eaa0eb68566dd,True,True,15,-2327,-1.248069166738179,0.30470318923987444,5.244841838151611,0.47775959789990774,8.223653759236772,29395020,25288032,2204620,"{""values"": {""shape"": [183641], ""dtype"": ""<i8"", ""nbytes"": 1469128}, ""indices"": {""shape"": [183641], ""dtype"": ""<i4"", ""nbytes"": 734564}, ""indptr"": {""shape"": [232], ""dtype"": ""<i4"", ""nbytes"": 928}}",1,1.890000000001237,0.7970000000004802,172003328,0.006422006176556437,0.007464993717186058,0.08562700147871288
NCBI266,Spatial Transcriptomics,Mus musculus,Spinal cord,success,32,E:\Hestdata\st\NCBI266.h5ad,f33b9a868d16ed0ce007ebb93fd08424c80be9ccf7513a58a9afadf87d15215d,D:\HEST1000BenchRun\COUNT-HEST-SHARED-K32-001\main\NCBI266\VALUE_K32\attempt01\RESULT.json,,322,14831,4775582,404375,324162,326203,247673,D:\HEST1000BenchRun\COUNT-HEST-SHARED-K32-001\main\NCBI266\VALUE_K32\attempt01\archive.cnt,a0acb37486f494f4bc74223fb7b9f032a3013d500b224ba1202b93ca482a8de4,True,True,18,-2041,-0.6296234598750008,0.4148989589122331,4.899867697063369,0.5464515110409579,6.453475115919629,42456407,38204656,4853792,"{""values"": {""shape"": [404375], ""dtype"": ""<i8"", ""nbytes"": 3235000}, ""indices"": {""shape"": [404375], ""dtype"": ""<i4"", ""nbytes"": 1617500}, ""indptr"": {""shape"": [323], ""dtype"": ""<i4"", ""nbytes"": 1292}}",1,2.25,0.7969999999986612,175788032,0.007683245546426009,0.008538304860014967,0.06720580527554539
NCBI268,Spatial Transcriptomics,Mus musculus,Spinal cord,success,32,E:\Hestdata\st\NCBI268.h5ad,72b9a5a45ad92d531f2ee5725506e1b63fe4755c925f12a1d87b320b58c84db5,D:\HEST1000BenchRun\COUNT-HEST-SHARED-K32-001\main\NCBI268\VALUE_K32\attempt01\RESULT.json,,405,14837,6008985,403354,336046,338525,258717,D:\HEST1000BenchRun\COUNT-HEST-SHARED-K32-001\main\NCBI268\VALUE_K32\attempt01\archive.cnt,a63282e86e9a0c2d1b07b7f3ba11fdb5fd4e56334ed3d8bae179d1d160fa47bd,True,True,19,-2479,-0.7376966248668337,0.34444020079930304,5.131313932674524,0.45069175576241244,6.7142014210842085,52313501,48071880,4841872,"{""values"": {""shape"": [403354], ""dtype"": ""<i8"", ""nbytes"": 3226832}, ""indices"": {""shape"": [403354], ""dtype"": ""<i4"", ""nbytes"": 1613416}, ""indptr"": {""shape"": [406], ""dtype"": ""<i4"", ""nbytes"": 1624}}",1,2.235000000000582,0.7960000000002765,175824896,0.006471082866352226,0.007042058683787694,0.06991613987317302
NCBI269,Spatial Transcriptomics,Mus musculus,Spinal cord,success,32,E:\Hestdata\st\NCBI269.h5ad,c5273bcf51319009b525940482550ed0bef97acc20ad0edf7da0ea92b3d1c662,D:\HEST1000BenchRun\COUNT-HEST-SHARED-K32-001\main\NCBI269\VALUE_K32\attempt01\RESULT.json,,372,14900,5542800,367006,312412,314871,235256,D:\HEST1000BenchRun\COUNT-HEST-SHARED-K32-001\main\NCBI269\VALUE_K32\attempt01\archive.cnt,8ef957d7a47bc658d2380adbdd67bf95fdfd7fbc544753d0dbd086b127716599,True,True,18,-2459,-0.7871016478240273,0.3395482427653893,5.128112346937107,0.45445767482138993,6.863560813719666,48612828,44342400,4405564,"{""values"": {""shape"": [367006], ""dtype"": ""<i8"", ""nbytes"": 2936048}, ""indices"": {""shape"": [367006], ""dtype"": ""<i4"", ""nbytes"": 1468024}, ""indptr"": {""shape"": [373], ""dtype"": ""<i4"", ""nbytes"": 1492}}",1,2.25,0.7970000000004802,175357952,0.006477117521325852,0.007100901169084218,0.07147121231243037
NCBI27,Spatial Transcriptomics,Mus musculus,Spinal cord,success,32,E:\Hestdata\st\NCBI27.h5ad,d453b99f759eb94ab37bce946f9568299429dcc9abedb91a78f3c2204b18cb40,D:\HEST1000BenchRun\COUNT-HEST-SHARED-K32-001\main\NCBI27\VALUE_K32\attempt01\RESULT.json,,205,16139,3308495,472971,334806,337380,253377,D:\HEST1000BenchRun\COUNT-HEST-SHARED-K32-001\main\NCBI27\VALUE_K32\attempt01\archive.cnt,78eb4f8c927830a5cfab7cdcaae14d2287b0269a368e7f0237debfb768949711,True,True,23,-2574,-0.7688034264618914,0.6126701113346098,4.285708848956912,0.8157908656352812,5.706565518816165,30793051,26467960,5676476,"{""values"": {""shape"": [472971], ""dtype"": ""<i8"", ""nbytes"": 3783768}, ""indices"": {""shape"": [472971], ""dtype"": ""<i4"", ""nbytes"": 1891884}, ""indptr"": {""shape"": [206], ""dtype"": ""<i4"", ""nbytes"": 824}}",1,2.2190000000009604,0.7969999999986612,176971776,0.010956368045504813,0.01274673227555127,0.05943476198965696
NCBI270,Spatial Transcriptomics,Mus musculus,Spinal cord,success,32,E:\Hestdata\st\NCBI270.h5ad,1c8c099ce842b69c8b6301dc112b27096d00d43ac2db444e52e0991c57c94424,D:\HEST1000BenchRun\COUNT-HEST-SHARED-K32-001\main\NCBI270\VALUE_K32\attempt01\RESULT.json,,301,15189,4571889,399737,320988,323393,243293,D:\HEST1000BenchRun\COUNT-HEST-SHARED-K32-001\main\NCBI270\VALUE_K32\attempt01\archive.cnt,cf824ed0c4ad0cf097720621c7fef65f8b87cabb976b8eee885f6e448b2dc87d,True,True,19,-2405,-0.7492491931162536,0.4257198720266393,4.869061407875678,0.5658807551976874,6.472115415885945,40847613,36575112,4798052,"{""values"": {""shape"": [399737], ""dtype"": ""<i8"", ""nbytes"": 3197896}, ""indices"": {""shape"": [399737], ""dtype"": ""<i4"", ""nbytes"": 1598948}, ""indptr"": {""shape"": [302], ""dtype"": ""<i4"", ""nbytes"": 1208}}",1,2.20299999999952,0.7809999999990396,175489024,0.007917059927100269,0.008841886799963866,0.06740089519663396
NCBI271,Spatial Transcriptomics,Mus musculus,Spinal cord,success,32,E:\Hestdata\st\NCBI271.h5ad,1e6f18a7ffc8e7d11cf534c828d826280165268a642b0969fe52f61d54710458,D:\HEST1000BenchRun\COUNT-HEST-SHARED-K32-001\main\NCBI271\VALUE_K32\attempt01\RESULT.json,,299,14635,4375865,386755,305272,308019,230725,D:\HEST1000BenchRun\COUNT-HEST-SHARED-K32-001\main\NCBI271\VALUE_K32\attempt01\archive.cnt,3b4d137408b56e7d6361ff21903f88444b59c298a66a0113cc5d21c9b63ef7f2,True,True,20,-2747,-0.8998532456301266,0.4218137442539932,4.7725304133107525,0.5631234053152919,6.371351372315807,39210403,35006920,4642260,"{""values"": {""shape"": [386755], ""dtype"": ""<i8"", ""nbytes"": 3094040}, ""indices"": {""shape"": [386755], ""dtype"": ""<i4"", ""nbytes"": 1547020}, ""indptr"": {""shape"": [300], ""dtype"": ""<i4"", ""nbytes"": 1200}}",1,2.20299999999952,0.7970000000004802,175144960,0.007855542826223949,0.008798803208051436,0.06635108761680733
NCBI272,Spatial Transcriptomics,Mus musculus,Spinal cord,success,32,E:\Hestdata\st\NCBI272.h5ad,c4ce2a0ce4411f84cf39a656866955c2ee93c1427c4d623b1ed2aa97a6ff83b5,D:\HEST1000BenchRun\COUNT-HEST-SHARED-K32-001\main\NCBI272\VALUE_K32\attempt01\RESULT.json,,355,15627,5547585,553436,419886,422440,337747,D:\HEST1000BenchRun\COUNT-HEST-SHARED-K32-001\main\NCBI272\VALUE_K32\attempt01\archive.cnt,39d162c7bddb4b1c9659b5e75953a8d346a0345a0fa3d8a9161ed1b9878d7503,True,True,22,-2554,-0.6082603373296561,0.48705445702950023,4.88218330574809,0.609187601451803,6.106433264189536,48692227,44380680,6642656,"{""values"": {""shape"": [553436], ""dtype"": ""<i8"", ""nbytes"": 4427488}, ""indices"": {""shape"": [553436], ""dtype"": ""<i4"", ""nbytes"": 2213744}, ""indptr"": {""shape"": [356], ""dtype"": ""<i4"", ""nbytes"": 1424}}",1,2.375,0.9539999999997235,177905664,0.008675717378874456,0.009518556272684421,0.06359504391014678
NCBI273,Spatial Transcriptomics,Mus musculus,Spinal cord,success,32,E:\Hestdata\st\NCBI273.h5ad,3109de4b6364cb5259427efea2e96b4fd973eaa67c412e37f6da24cbba61bbbf,D:\HEST1000BenchRun\COUNT-HEST-SHARED-K32-001\main\NCBI273\VALUE_K32\attempt01\RESULT.json,,173,15398,2663854,287632,245336,248471,171362,D:\HEST1000BenchRun\COUNT-HEST-SHARED-K32-001\main\NCBI273\VALUE_K32\attempt01\archive.cnt,40cf95d009fb1025c20c9ed7d2757b425ec6fda904705dd546d0c1ba71f2a222,True,True,22,-3135,-1.2778393713111813,0.5146288047317908,4.766145630527896,0.7462000545074918,6.910802692329087,25575982,21310832,3452280,"{""values"": {""shape"": [287632], ""dtype"": ""<i8"", ""nbytes"": 2301056}, ""indices"": {""shape"": [287632], ""dtype"": ""<i4"", ""nbytes"": 1150528}, ""indptr"": {""shape"": [174], ""dtype"": ""<i4"", ""nbytes"": 696}}",1,2.063000000000102,0.7819999999992433,174567424,0.009715013093143402,0.01165937585167956,0.07197301493505741
NCBI274,Spatial Transcriptomics,Mus musculus,Spinal cord,success,32,E:\Hestdata\st\NCBI274.h5ad,ada8c7b02aab478e3c27373436c9e1841c4bdd0ad28ab36e76023bc718c4c1b5,D:\HEST1000BenchRun\COUNT-HEST-SHARED-K32-001\main\NCBI274\VALUE_K32\attempt01\RESULT.json,,157,15349,2409793,207547,197372,200457,125561,D:\HEST1000BenchRun\COUNT-HEST-SHARED-K32-001\main\NCBI274\VALUE_K32\attempt01\archive.cnt,19373642cd85628b784cbd8c307054bf70064670f2c0a7b394975ef56e694b6f,True,True,20,-3085,-1.5630383235717327,0.4168358029092125,4.839809778026182,0.6654745864063842,7.726712503673867,23538517,19278344,2491196,"{""values"": {""shape"": [207547], ""dtype"": ""<i8"", ""nbytes"": 1660376}, ""indices"": {""shape"": [207547], ""dtype"": ""<i4"", ""nbytes"": 830188}, ""indptr"": {""shape"": [158], ""dtype"": ""<i4"", ""nbytes"": 632}}",1,1.889999999999418,0.7809999999990396,173199360,0.008516126993047183,0.010398040412599754,0.08046616966308552
NCBI275,Spatial Transcriptomics,Mus musculus,Spinal cord,success,32,E:\Hestdata\st\NCBI275.h5ad,9735df30a2ad0f5ca09836f7044712f8682110fb5a7607e04ac5e113d12d4675,D:\HEST1000BenchRun\COUNT-HEST-SHARED-K32-001\main\NCBI275\VALUE_K32\attempt01\RESULT.json,,273,14023,3828279,174283,203838,207258,134860,D:\HEST1000BenchRun\COUNT-HEST-SHARED-K32-001\main\NCBI275\VALUE_K32\attempt01\archive.cnt,0acd0e51034edaaaf039face5c6c83c2c48cfc0643152e04af31137e02df51a4,True,True,18,-3420,-1.6778029611750507,0.28181854039373827,6.190391489703528,0.43310949907255974,9.513630130305309,34770431,30626232,2092492,"{""values"": {""shape"": [174283], ""dtype"": ""<i8"", ""nbytes"": 1394264}, ""indices"": {""shape"": [174283], ""dtype"": ""<i4"", ""nbytes"": 697132}, ""indptr"": {""shape"": [274], ""dtype"": ""<i4"", ""nbytes"": 1096}}",1,2.04700000000048,0.7810000000008586,171913216,0.005960754412276339,0.006767335923008746,0.09904840735352871
NCBI276,Spatial Transcriptomics,Mus musculus,Spinal cord,success,32,E:\Hestdata\st\NCBI276.h5ad,0ac570bba7a8c45e5d89f655aea0f8fdb2ab070cc9fa5ac46bbab5103dd779ac,D:\HEST1000BenchRun\COUNT-HEST-SHARED-K32-001\main\NCBI276\VALUE_K32\attempt01\RESULT.json,,272,14618,3976096,276714,257231,260307,184722,D:\HEST1000BenchRun\COUNT-HEST-SHARED-K32-001\main\NCBI276\VALUE_K32\attempt01\archive.cnt,c14fb3032440943c67f93916d00a718dc72a33e9026bef571b15f321ce401e55,True,True,19,-3076,-1.1958123243310488,0.3716650704610754,5.340445369587372,0.5237438935076014,7.52566187471541,36007906,31808768,3321660,"{""values"": {""shape"": [276714], ""dtype"": ""<i8"", ""nbytes"": 2213712}, ""indices"": {""shape"": [276714], ""dtype"": ""<i4"", ""nbytes"": 1106856}, ""indptr"": {""shape"": [273], ""dtype"": ""<i4"", ""nbytes"": 1092}}",1,2.07799999999952,0.7970000000004802,174030848,0.007229162395613897,0.008183498336056272,0.07836653962175538
NCBI277,Spatial Transcriptomics,Mus musculus,Spinal cord,success,32,E:\Hestdata\st\NCBI277.h5ad,1026dffe9e815fda8ec438701b7c95265f35770570900c38a627ef01870055fa,D:\HEST1000BenchRun\COUNT-HEST-SHARED-K32-001\main\NCBI277\VALUE_K32\attempt01\RESULT.json,,220,13528,2976160,167322,176023,178814,110724,D:\HEST1000BenchRun\COUNT-HEST-SHARED-K32-001\main\NCBI277\VALUE_K32\attempt01\archive.cnt,0af27d10fcc486435f4ba1ac1d0507589c62a26bdd9774777382eefa2f518466,True,True,16,-2791,-1.58558824699045,0.29762915972259557,5.293936242693729,0.4806569539272082,8.549455540813522,27900800,23809280,2008748,"{""values"": {""shape"": [167322], ""dtype"": ""<i8"", ""nbytes"": 1338576}, ""indices"": {""shape"": [167322], ""dtype"": ""<i4"", ""nbytes"": 669288}, ""indptr"": {""shape"": [221], ""dtype"": ""<i4"", ""nbytes"": 884}}",1,1.9069999999992433,0.9380000000001019,171982848,0.006408920174331919,0.007510264905112628,0.08901763685639015
NCBI278,Spatial Transcriptomics,Mus musculus,Spinal cord,success,32,E:\Hestdata\st\NCBI278.h5ad,1317ced6e3c411cbdc57fa8a3a5f741e8bffcee5b8002665124bc9b8cf314fc6,D:\HEST1000BenchRun\COUNT-HEST-SHARED-K32-001\main\NCBI278\VALUE_K32\attempt01\RESULT.json,,301,14047,4228147,262377,242048,244762,171126,D:\HEST1000BenchRun\COUNT-HEST-SHARED-K32-001\main\NCBI278\VALUE_K32\attempt01\archive.cnt,eb70e7095b2a94662c0f5270d2832257f8f573cc0651140509ff5afd204aa0c5,True,True,17,-2714,-1.121265203595981,0.3237843906562378,5.217713442870374,0.4631097263174625,7.462910239845718,37990679,33825176,3149732,"{""values"": {""shape"": [262377], ""dtype"": ""<i8"", ""nbytes"": 2099016}, ""indices"": {""shape"": [262377], ""dtype"": ""<i4"", ""nbytes"": 1049508}, ""indptr"": {""shape"": [302], ""dtype"": ""<i4"", ""nbytes"": 1208}}",1,2.07799999999952,0.7970000000004802,173305856,0.006442685586114425,0.0072360894737103516,0.0777088336404494
NCBI279,Spatial Transcriptomics,Mus musculus,Spinal cord,success,32,E:\Hestdata\st\NCBI279.h5ad,f23c6fa1b97490ea2b2b57d7c6054a657bc86f50e11149a7e0af604b0d31204c,D:\HEST1000BenchRun\COUNT-HEST-SHARED-K32-001\main\NCBI279\VALUE_K32\attempt01\RESULT.json,,198,14227,2816946,227080,204877,207494,136163,D:\HEST1000BenchRun\COUNT-HEST-SHARED-K32-001\main\NCBI279\VALUE_K32\attempt01\archive.cnt,57450d27c5870564bd6c046b5ff8719f710df83e578eeeb01bae57acbd414078,True,True,18,-2617,-1.2773517769198104,0.3866967985896783,4.797005460630615,0.5892736317984086,7.309987669543773,26694635,22535568,2725756,"{""values"": {""shape"": [227080], ""dtype"": ""<i8"", ""nbytes"": 1816640}, ""indices"": {""shape"": [227080], ""dtype"": ""<i4"", ""nbytes"": 908320}, ""indptr"": {""shape"": [199], ""dtype"": ""<i4"", ""nbytes"": 796}}",1,2.0469999999986612,0.7970000000004802,158707712,0.0077728727139367145,0.009207400496850135,0.07612346813141015
NCBI28,Spatial Transcriptomics,Mus musculus,Spinal cord,success,32,E:\Hestdata\st\NCBI28.h5ad,712830f6d5c5e9fbb83245ea5edc314b7956f0a8ce4b4c483f926076762df3cd,D:\HEST1000BenchRun\COUNT-HEST-SHARED-K32-001\main\NCBI28\VALUE_K32\attempt01\RESULT.json,,301,16088,4842488,550222,388518,390609,303876,D:\HEST1000BenchRun\COUNT-HEST-SHARED-K32-001\main\NCBI28\VALUE_K32\attempt01\archive.cnt,041306fff71b79733c47d029f3c8b3b7e5965313855c460ae596dec645217063,True,True,22,-2091,-0.5381990023628249,0.5020163188840117,4.418231186684647,0.6453029930069006,5.6792930853364645,43079032,38739904,6603872,"{""values"": {""shape"": [550222], ""dtype"": ""<i8"", ""nbytes"": 4401776}, ""indices"": {""shape"": [550222], ""dtype"": ""<i4"", ""nbytes"": 2200888}, ""indptr"": {""shape"": [302], ""dtype"": ""<i4"", ""nbytes"": 1208}}",1,2.375,0.9369999999998981,178053120,0.009067265021182463,0.010082859265732822,0.0591484813757747
NCBI280,Spatial Transcriptomics,Mus musculus,Spinal cord,success,32,E:\Hestdata\st\NCBI280.h5ad,cb980ab3b62d6dc2308e5cc6a349c6f9345b230c38c5684636c3bdd0c0b5d019,D:\HEST1000BenchRun\COUNT-HEST-SHARED-K32-001\main\NCBI280\VALUE_K32\attempt01\RESULT.json,,186,14632,2721552,233965,211861,214834,141330,D:\HEST1000BenchRun\COUNT-HEST-SHARED-K32-001\main\NCBI280\VALUE_K32\attempt01\archive.cnt,af8d9080d3fe1d7b3410fea7a29f0c05f888eb59006c884ea0463e467251f3e8,True,True,20,-2973,-1.4032785647193207,0.41543942573943105,4.832517684269015,0.6315043769143489,7.345850875130895,25956464,21772416,2808328,"{""values"": {""shape"": [233965], ""dtype"": ""<i8"", ""nbytes"": 1871720}, ""indices"": {""shape"": [233965], ""dtype"": ""<i4"", ""nbytes"": 935860}, ""indptr"": {""shape"": [187], ""dtype"": ""<i4"", ""nbytes"": 748}}",1,2.04700000000048,0.7970000000004802,173096960,0.008276705178332457,0.009867255889286702,0.07649889898900698
NCBI281,Spatial Transcriptomics,Mus musculus,Spinal cord,success,32,E:\Hestdata\st\NCBI281.h5ad,6cf276de0b3213b76f1415058300ae51a47afc8bd1115825ee91ef511292ab0b,D:\HEST1000BenchRun\COUNT-HEST-SHARED-K32-001\main\NCBI281\VALUE_K32\attempt01\RESULT.json,,243,14577,3542211,271144,235368,237864,163937,D:\HEST1000BenchRun\COUNT-HEST-SHARED-K32-001\main\NCBI281\VALUE_K32\attempt01\archive.cnt,f0c2011758ba04d3980d57ec438d37cb6639498e4fad9803f6f3bc2100244a4c,True,True,17,-2496,-1.0604670133578056,0.37024784802486355,4.836898474611277,0.5372102339471025,7.018086330510725,32528641,28337688,3254704,"{""values"": {""shape"": [271144], ""dtype"": ""<i8"", ""nbytes"": 2169152}, ""indices"": {""shape"": [271144], ""dtype"": ""<i4"", ""nbytes"": 1084576}, ""indptr"": {""shape"": [244], ""dtype"": ""<i4"", ""nbytes"": 976}}",1,2.063000000000102,0.7970000000004802,173285376,0.0073124481284047495,0.008393909905423477,0.07308314365914688
NCBI283,Spatial Transcriptomics,Mus musculus,Spinal cord,success,32,E:\Hestdata\st\NCBI283.h5ad,38a62fcbb6a171fb755723c7b62b23dede18b5e2b7c14f94fa117fbeb45a184a,D:\HEST1000BenchRun\COUNT-HEST-SHARED-K32-001\main\NCBI283\VALUE_K32\attempt01\RESULT.json,,179,14970,2679630,289611,246707,249988,174735,D:\HEST1000BenchRun\COUNT-HEST-SHARED-K32-001\main\NCBI283\VALUE_K32\attempt01\archive.cnt,97dbc8060bb103050cdabb5e399c2c30d8a17c415da524a98ba8452722880ac4,True,True,22,-3281,-1.3299176756233102,0.5216690363968159,4.82675036514497,0.7463358747289738,6.905483562433747,25675042,21437040,3476052,"{""values"": {""shape"": [289611], ""dtype"": ""<i8"", ""nbytes"": 2316888}, ""indices"": {""shape"": [289611], ""dtype"": ""<i4"", ""nbytes"": 1158444}, ""indptr"": {""shape"": [180], ""dtype"": ""<i4"", ""nbytes"": 720}}",1,2.04700000000048,0.8130000000001019,174370816,0.009736615036501205,0.011661498042640215,0.07191722103121588
NCBI284,Spatial Transcriptomics,Mus musculus,Spinal cord,success,32,E:\Hestdata\st\NCBI284.h5ad,b14d5e7818c622671dc5e70c8e904f1303a9c1476be2b42140623626e1316985,D:\HEST1000BenchRun\COUNT-HEST-SHARED-K32-001\main\NCBI284\VALUE_K32\attempt01\RESULT.json,,161,15064,2425304,159862,178585,181789,108189,D:\HEST1000BenchRun\COUNT-HEST-SHARED-K32-001\main\NCBI284\VALUE_K32\attempt01\archive.cnt,2b9fd3339295f2b91576a5a7f5c54fecb983f4d938b088efa4d47897c1ff8399,True,True,19,-3204,-1.7941036481227426,0.3568674277533868,5.414119678222467,0.599641117154798,9.097296418160663,23644528,19402432,1918992,"{""values"": {""shape"": [159862], ""dtype"": ""<i8"", ""nbytes"": 1278896}, ""indices"": {""shape"": [159862], ""dtype"": ""<i4"", ""nbytes"": 639448}, ""indptr"": {""shape"": [162], ""dtype"": ""<i4"", ""nbytes"": 648}}",1,1.9680000000007567,0.9840000000003783,172687360,0.0076884173792769305,0.009369392455543718,0.09473150487339187
NCBI285,Spatial Transcriptomics,Mus musculus,Spinal cord,success,32,E:\Hestdata\st\NCBI285.h5ad,fdd78c2aaf122f8a327e82ae5a78143cfdd39b1c8f2c55872bd648b3c892e8fd,D:\HEST1000BenchRun\COUNT-HEST-SHARED-K32-001\main\NCBI285\VALUE_K32\attempt01\RESULT.json,,151,14217,2146767,144810,163328,166461,97098,D:\HEST1000BenchRun\COUNT-HEST-SHARED-K32-001\main\NCBI285\VALUE_K32\attempt01\archive.cnt,f0aa2adeeb66c98e7a2473a61fadb5d9dadb647d2ba0c5045a70cf3b18ec3f2f,True,True,20,-3133,-1.9182259012539185,0.3618389885814343,5.364159933706236,0.620322559458013,9.196105241350736,21327289,17174136,1738328,"{""values"": {""shape"": [144810], ""dtype"": ""<i8"", ""nbytes"": 1158480}, ""indices"": {""shape"": [144810], ""dtype"": ""<i4"", ""nbytes"": 579240}, ""indptr"": {""shape"": [152], ""dtype"": ""<i4"", ""nbytes"": 608}}",1,1.9369999999998981,0.7810000000008586,172105728,0.007805070771067059,0.009692539991531452,0.09575925832178968
NCBI286,Spatial Transcriptomics,Mus musculus,Spinal cord,success,32,E:\Hestdata\st\NCBI286.h5ad,254cc38c3698c6cf92a8a0ca3fadf81bf413174972ec0f81148d4725a95261d1,D:\HEST1000BenchRun\COUNT-HEST-SHARED-K32-001\main\NCBI286\VALUE_K32\attempt01\RESULT.json,,270,13822,3731940,190963,199719,202794,131908,D:\HEST1000BenchRun\COUNT-HEST-SHARED-K32-001\main\NCBI286\VALUE_K32\attempt01\archive.cnt,78f4ae7e100f1cd19f65476f1442a90966548dafd45543cec1d183d1cdcbf75a,True,True,17,-3075,-1.5396632268337014,0.2827655321361008,5.526012892549866,0.4347208154471937,8.4956352801328,33986294,29855520,2292640,"{""values"": {""shape"": [190963], ""dtype"": ""<i8"", ""nbytes"": 1527704}, ""indices"": {""shape"": [190963], ""dtype"": ""<i4"", ""nbytes"": 763852}, ""indptr"": {""shape"": [271], ""dtype"": ""<i4"", ""nbytes"": 1084}}",1,2.0,0.8130000000001019,172490752,0.00596693478847679,0.006792512741362402,0.08845435829436807
NCBI287,Spatial Transcriptomics,Mus musculus,Spinal cord,success,32,E:\Hestdata\st\NCBI287.h5ad,efeeb06d72525e89cd128c8f08787ffe204f4654b3db751bb9363b720913feec,D:\HEST1000BenchRun\COUNT-HEST-SHARED-K32-001\main\NCBI287\VALUE_K32\attempt01\RESULT.json,,258,13707,3536406,170863,187217,190229,120525,D:\HEST1000BenchRun\COUNT-HEST-SHARED-K32-001\main\NCBI287\VALUE_K32\attempt01\archive.cnt,b2281a07f597ae5509d23a720ec609a395da7a9fd7aa3c190c33789c2317196f,True,True,16,-3012,-1.6088282581175855,0.2726496901091108,5.643117585433944,0.43033294254109966,8.906738146936435,32404915,28291248,2051392,"{""values"": {""shape"": [170863], ""dtype"": ""<i8"", ""nbytes"": 1366904}, ""indices"": {""shape"": [170863], ""dtype"": ""<i4"", ""nbytes"": 683452}, ""indptr"": {""shape"": [259], ""dtype"": ""<i4"", ""nbytes"": 1036}}",1,1.889999999999418,0.7809999999990396,156995584,0.0058703749107195625,0.006723952227204682,0.09273166708264437
NCBI288,Spatial Transcriptomics,Mus musculus,Spinal cord,success,32,E:\Hestdata\st\NCBI288.h5ad,9dbcf6cde5fb5d1743c1a541a47efaf4bd5eecc3b46be23371afda8c29baf22a,D:\HEST1000BenchRun\COUNT-HEST-SHARED-K32-001\main\NCBI288\VALUE_K32\attempt01\RESULT.json,,107,12777,1367139,74094,110102,112912,52239,D:\HEST1000BenchRun\COUNT-HEST-SHARED-K32-001\main\NCBI288\VALUE_K32\attempt01\archive.cnt,8487bd4a2f194371e8db84de17457f1498aeed8b45de3100c23997f916d6660c,True,True,18,-2810,-2.5521788886668726,0.30568362105096847,5.640294760709369,0.6607199414251221,12.191216562744621,14958113,10937112,889560,"{""values"": {""shape"": [74094], ""dtype"": ""<i8"", ""nbytes"": 592752}, ""indices"": {""shape"": [74094], ""dtype"": ""<i4"", ""nbytes"": 296376}, ""indptr"": {""shape"": [108], ""dtype"": ""<i4"", ""nbytes"": 432}}",1,1.890000000001237,0.7809999999990396,155602944,0.007548545728996699,0.010323749084767533,0.12693016772336885
NCBI289,Spatial Transcriptomics,Mus musculus,Spinal cord,success,32,E:\Hestdata\st\NCBI289.h5ad,b7d8b06cd900498f75a05b2acb527e17b2506167590e3d065d4132852e5957dc,D:\HEST1000BenchRun\COUNT-HEST-SHARED-K32-001\main\NCBI289\VALUE_K32\attempt01\RESULT.json,,161,13208,2126488,130306,152755,155887,90518,D:\HEST1000BenchRun\COUNT-HEST-SHARED-K32-001\main\NCBI289\VALUE_K32\attempt01\archive.cnt,6ae1a8808a0412d4ef0c0d22d2ba731f4d3914f1be77fee4b93e8cb4a21f5d8f,True,True,19,-3132,-2.050342050996694,0.3405351922982871,5.557257532270195,0.5864580472591427,9.570518625389468,21067824,17011904,1564320,"{""values"": {""shape"": [130306], ""dtype"": ""<i8"", ""nbytes"": 1042448}, ""indices"": {""shape"": [130306], ""dtype"": ""<i4"", ""nbytes"": 521224}, ""indptr"": {""shape"": [162], ""dtype"": ""<i4"", ""nbytes"": 648}}",1,1.8910000000014406,0.7819999999992433,171008000,0.0073992928742901976,0.009163406988424105,0.09965160580955303
NCBI29,Spatial Transcriptomics,Mus musculus,Spinal cord,success,32,E:\Hestdata\st\NCBI29.h5ad,d0127b461231c4f698f9500e29617ae8559c566a996b51149fb9e4e996f89f21,D:\HEST1000BenchRun\COUNT-HEST-SHARED-K32-001\main\NCBI29\VALUE_K32\attempt01\RESULT.json,,318,15771,5015178,475379,355512,357655,272769,D:\HEST1000BenchRun\COUNT-HEST-SHARED-K32-001\main\NCBI29\VALUE_K32\attempt01\archive.cnt,339f91c4b4fa5c78c376fc274191c8fb08e4885772ff6d963cefc925219db7e0,True,True,19,-2143,-0.6027925920925313,0.43510958135483924,4.590341601122473,0.570516141201768,6.018860740588036,44436795,40121424,5705824,"{""values"": {""shape"": [475379], ""dtype"": ""<i8"", ""nbytes"": 3803032}, ""indices"": {""shape"": [475379], ""dtype"": ""<i4"", ""nbytes"": 1901516}, ""indptr"": {""shape"": [319], ""dtype"": ""<i4"", ""nbytes"": 1276}}",1,2.25,0.9680000000007567,176693248,0.008048622768586259,0.008914314706277624,0.06268244516480004
NCBI290,Spatial Transcriptomics,Mus musculus,Spinal cord,success,32,E:\Hestdata\st\NCBI290.h5ad,ec15f1e2f0ec5a8ac36ce192529eb41ceafce0b271ef55e3ee8fb39c5298812b,D:\HEST1000BenchRun\COUNT-HEST-SHARED-K32-001\main\NCBI290\VALUE_K32\attempt01\RESULT.json,,182,13250,2411500,130878,157119,160190,93665,D:\HEST1000BenchRun\COUNT-HEST-SHARED-K32-001\main\NCBI290\VALUE_K32\attempt01\archive.cnt,9a6032f44dfde77973ac5f830a0ca987b195bf231e12d6de91b69b8e301c6b79,True,True,18,-3071,-1.954569466455362,0.3107277628032345,5.725331988569508,0.5314202778353722,9.791714421063892,23353002,19292000,1571268,"{""values"": {""shape"": [130878], ""dtype"": ""<i8"", ""nbytes"": 1047024}, ""indices"": {""shape"": [130878], ""dtype"": ""<i4"", ""nbytes"": 523512}, ""indptr"": {""shape"": [183], ""dtype"": ""<i4"", ""nbytes"": 732}}",1,1.9380000000001019,0.7969999999986612,171307008,0.006859503544769105,0.00830344184117769,0.10194950829521125
NCBI291,Spatial Transcriptomics,Mus musculus,Spinal cord,success,32,E:\Hestdata\st\NCBI291.h5ad,13d74a39b89875bed5f9b0b68521b9b005186827bafb3e6ad4dfdfe200181cb8,D:\HEST1000BenchRun\COUNT-HEST-SHARED-K32-001\main\NCBI291\VALUE_K32\attempt01\RESULT.json,,165,13467,2222055,214634,199822,202903,134753,D:\HEST1000BenchRun\COUNT-HEST-SHARED-K32-001\main\NCBI291\VALUE_K32\attempt01\archive.cnt,910aac40704656fcb601f3bf8c24e57aa2a8bde555af93c8e0b3624317907b2e,True,True,19,-3081,-1.5418722663170221,0.48514730733487693,5.022615242692211,0.7305057705592346,7.5627533382409124,21857859,17776440,2576272,"{""values"": {""shape"": [214634], ""dtype"": ""<i8"", ""nbytes"": 1717072}, ""indices"": {""shape"": [214634], ""dtype"": ""<i4"", ""nbytes"": 858536}, ""indptr"": {""shape"": [166], ""dtype"": ""<i4"", ""nbytes"": 664}}",1,1.9369999999998981,0.8439999999991414,172249088,0.009282839641339071,0.01141415266498804,0.07875837644472322
NCBI292,Spatial Transcriptomics,Mus musculus,Spinal cord,success,32,E:\Hestdata\st\NCBI292.h5ad,ed40e2db02aad38d743bcbfc73e82e5815e2bea253dd11487bfe825e8b53f805,D:\HEST1000BenchRun\COUNT-HEST-SHARED-K32-001\main\NCBI292\VALUE_K32\attempt01\RESULT.json,,158,12902,2038516,174379,173590,176434,111634,D:\HEST1000BenchRun\COUNT-HEST-SHARED-K32-001\main\NCBI292\VALUE_K32\attempt01\archive.cnt,0e1770c3a46f95488c75f2652b6d8be30c8dfec7eb77ee1af620ac5a360c9bfc,True,True,19,-2844,-1.6383432225358603,0.4380990877677683,5.1214423755154,0.6924017275312041,8.094277407256607,20343822,16308128,2093184,"{""values"": {""shape"": [174379], ""dtype"": ""<i8"", ""nbytes"": 1395032}, ""indices"": {""shape"": [174379], ""dtype"": ""<i4"", ""nbytes"": 697516}, ""indptr"": {""shape"": [159], ""dtype"": ""<i4"", ""nbytes"": 636}}",1,1.9380000000001019,0.8430000000007567,171364352,0.008672608323057487,0.010818776992675064,0.0842897709900324
NCBI293,Spatial Transcriptomics,Mus musculus,Spinal cord,success,32,E:\Hestdata\st\NCBI293.h5ad,6b514b658f07a10aa30985caae1d3eacf5076d6d53dbb664a827ba0f8ca14611,D:\HEST1000BenchRun\COUNT-HEST-SHARED-K32-001\main\NCBI293\VALUE_K32\attempt01\RESULT.json,,158,12957,2047206,191513,184602,187664,121830,D:\HEST1000BenchRun\COUNT-HEST-SHARED-K32-001\main\NCBI293\VALUE_K32\attempt01\archive.cnt,bc6f30526850f648635c9f70bd1d4b905698612fcdefc33047932c9582e9c5bc,True,True,20,-3062,-1.6587035893435607,0.4760830126523662,5.089158438330557,0.7333468151226599,7.839217181079091,20416917,16377648,2298792,"{""values"": {""shape"": [191513], ""dtype"": ""<i8"", ""nbytes"": 1532104}, ""indices"": {""shape"": [191513], ""dtype"": ""<i4"", ""nbytes"": 766052}, ""indptr"": {""shape"": [159], ""dtype"": ""<i4"", ""nbytes"": 636}}",1,1.9369999999998981,0.7970000000004802,171917312,0.00919159342225861,0.01145854398629156,0.08163592008324372
NCBI294,Spatial Transcriptomics,Mus musculus,Spinal cord,success,32,E:\Hestdata\st\NCBI294.h5ad,9a2c3ab5e1ef7217f4b20ee110987c73b15360abbdeca7486cf2f1ade4a899f5,D:\HEST1000BenchRun\COUNT-HEST-SHARED-K32-001\main\NCBI294\VALUE_K32\attempt01\RESULT.json,,157,13426,2107882,222718,201607,204594,136980,D:\HEST1000BenchRun\COUNT-HEST-SHARED-K32-001\main\NCBI294\VALUE_K32\attempt01\archive.cnt,d1caa63e704f32da45932f680dfcaac0450534b110a2c9925b52324b66974558,True,True,20,-2987,-1.481595381112759,0.5198772986343638,4.920302804443287,0.7764912836676816,7.348988406864286,20936794,16863056,2673248,"{""values"": {""shape"": [222718], ""dtype"": ""<i8"", ""nbytes"": 1781744}, ""indices"": {""shape"": [222718], ""dtype"": ""<i4"", ""nbytes"": 890872}, ""indptr"": {""shape"": [158], ""dtype"": ""<i4"", ""nbytes"": 632}}",1,2.04700000000048,0.7969999999986612,172257280,0.009771983236784009,0.012132676307307525,0.07653386442260501
NCBI295,Spatial Transcriptomics,Mus musculus,Spinal cord,success,32,E:\Hestdata\st\NCBI295.h5ad,6b3bbbae9309dcb9341a9b76e4129c49765e25dd039c137784d3b80ddc105d5a,D:\HEST1000BenchRun\COUNT-HEST-SHARED-K32-001\main\NCBI295\VALUE_K32\attempt01\RESULT.json,,137,13678,1873886,262511,219481,222337,153501,D:\HEST1000BenchRun\COUNT-HEST-SHARED-K32-001\main\NCBI295\VALUE_K32\attempt01\archive.cnt,2552fb6be6fcc5e55707afbf821d4eadf66c69fef82fa8c11cc06b30bf3b0572,True,True,20,-2856,-1.3012515889758112,0.655326951586169,4.677929686755983,0.949201819107459,6.775700827774836,19091254,14991088,3150684,"{""values"": {""shape"": [262511], ""dtype"": ""<i8"", ""nbytes"": 2100088}, ""indices"": {""shape"": [262511], ""dtype"": ""<i4"", ""nbytes"": 1050044}, ""indptr"": {""shape"": [138], ""dtype"": ""<i4"", ""nbytes"": 552}}",1,2.0310000000008586,0.7970000000004802,173142016,0.011646013404881628,0.014831278423554048,0.07056785129832126
NCBI296,Spatial Transcriptomics,Mus musculus,Spinal cord,success,32,E:\Hestdata\st\NCBI296.h5ad,11ec61351a12a8e1a18ecf48f9642ff3fa901d019b5aa529086416c017c7c312,D:\HEST1000BenchRun\COUNT-HEST-SHARED-K32-001\main\NCBI296\VALUE_K32\attempt01\RESULT.json,,146,13700,2000200,265115,223258,226296,156446,D:\HEST1000BenchRun\COUNT-HEST-SHARED-K32-001\main\NCBI296\VALUE_K32\attempt01\archive.cnt,ac223e4d2a9072497c1d732821cea2eae12aad5201379bd5e2f9b1964959318e,True,True,22,-3038,-1.3607575092493887,0.6257214278572143,4.720849442694679,0.9050934906509349,6.828613997699112,20104204,16001600,3181968,"{""values"": {""shape"": [265115], ""dtype"": ""<i8"", ""nbytes"": 2120920}, ""indices"": {""shape"": [265115], ""dtype"": ""<i4"", ""nbytes"": 1060460}, ""indptr"": {""shape"": [147], ""dtype"": ""<i4"", ""nbytes"": 588}}",1,2.061999999999898,0.7969999999986612,172994560,0.011256153190646096,0.014142085791420858,0.0711182513463366
NCBI297,Spatial Transcriptomics,Mus musculus,Spinal cord,success,32,E:\Hestdata\st\NCBI297.h5ad,99fb7d3e06eac68136666228d61d7719e87ddbaf7a6707c2d582637e9881b63d,D:\HEST1000BenchRun\COUNT-HEST-SHARED-K32-001\main\NCBI297\VALUE_K32\attempt01\RESULT.json,,121,13591,1644511,242926,207108,210257,142051,D:\HEST1000BenchRun\COUNT-HEST-SHARED-K32-001\main\NCBI297\VALUE_K32\attempt01\archive.cnt,082edeb866c6a561201e9f728d8749f2f33851f59519844f416e766dd7500430,True,True,22,-3149,-1.5204627537323523,0.691030950841922,4.678000708034546,1.022830494900916,6.924149741073413,17239647,13156088,2915600,"{""values"": {""shape"": [242926], ""dtype"": ""<i8"", ""nbytes"": 1943408}, ""indices"": {""shape"": [242926], ""dtype"": ""<i4"", ""nbytes"": 971704}, ""indptr"": {""shape"": [122], ""dtype"": ""<i4"", ""nbytes"": 488}}",1,2.0469999999986612,0.7970000000004802,172797952,0.012196131394105691,0.01598172648282681,0.07211448758403073
NCBI298,Spatial Transcriptomics,Mus musculus,Spinal cord,success,32,E:\Hestdata\st\NCBI298.h5ad,e25fd5467d532c67da1458b8386427bb823f297efe79f176933cbd5720bde22a,D:\HEST1000BenchRun\COUNT-HEST-SHARED-K32-001\main\NCBI298\VALUE_K32\attempt01\RESULT.json,,123,13237,1628151,216525,187644,190459,124492,D:\HEST1000BenchRun\COUNT-HEST-SHARED-K32-001\main\NCBI298\VALUE_K32\attempt01\archive.cnt,0cf7b4af2ed078a7da2560e44dced682e1e1ec092210e6d12c82aa41ba093691,True,True,21,-2815,-1.500181194176206,0.6116975636780618,4.599635146057038,0.9358296619908104,7.036933379517377,17077773,13025208,2598796,"{""values"": {""shape"": [216525], ""dtype"": ""<i8"", ""nbytes"": 1732200}, ""indices"": {""shape"": [216525], ""dtype"": ""<i4"", ""nbytes"": 866100}, ""indptr"": {""shape"": [124], ""dtype"": ""<i4"", ""nbytes"": 496}}",1,1.8909999999996217,0.7970000000004802,172015616,0.011152449444081497,0.014622338468606413,0.07328739924180275
NCBI299,Spatial Transcriptomics,Mus musculus,Spinal cord,success,32,E:\Hestdata\st\NCBI299.h5ad,1a5d6c173dfcf6a5f74b9a8d6c462f519ad46a5a8810c000c2f122f3ac0bc74f,D:\HEST1000BenchRun\COUNT-HEST-SHARED-K32-001\main\NCBI299\VALUE_K32\attempt01\RESULT.json,,112,13113,1468656,195107,177393,180445,115109,D:\HEST1000BenchRun\COUNT-HEST-SHARED-K32-001\main\NCBI299\VALUE_K32\attempt01\archive.cnt,1949155eb94de14607797360b83412f98f49e0b64bea2b38e945ec554ab728e8,True,True,22,-3052,-1.7204737503734646,0.6270168099268991,4.719830657024095,0.9829122680872853,7.39881193396444,15792609,11749248,2341736,"{""values"": {""shape"": [195107], ""dtype"": ""<i8"", ""nbytes"": 1560856}, ""indices"": {""shape"": [195107], ""dtype"": ""<i4"", ""nbytes"": 780428}, ""indptr"": {""shape"": [113], ""dtype"": ""<i4"", ""nbytes"": 452}}",1,1.889999999999418,0.7970000000004802,171937792,0.011425914489493155,0.015358004188863832,0.07705608147118206
NCBI3,Visium,Homo sapiens,Cervix,success,32,E:\Hestdata\st\NCBI3.h5ad,6cc33bb9d70a95f16fc107930672841be586e7688710d45d22a3695399af0e55,D:\HEST1000BenchRun\COUNT-HEST-SHARED-K32-001\main\NCBI3\VALUE_K32\attempt01\RESULT.json,,579,20615,11936085,1540376,1006263,1010834,893692,D:\HEST1000BenchRun\COUNT-HEST-SHARED-K32-001\main\NCBI3\VALUE_K32\attempt01\archive.cnt,b16e71e9800b90a575f1a79baf461554773698c406806c89fd8abb8645de9307,True,True,25,-4571,-0.45425500092918053,0.5989850105792645,4.641422613699512,0.6774978562904,5.249803943972121,17901985,95488680,18486832,"{""values"": {""shape"": [1540376], ""dtype"": ""<i8"", ""nbytes"": 12323008}, ""indices"": {""shape"": [1540376], ""dtype"": ""<i4"", ""nbytes"": 6161504}, ""indptr"": {""shape"": [580], ""dtype"": ""<i4"", ""nbytes"": 2320}}",1,3.4840000000003783,1.2659999999996217,194908160,0.056464911572655214,0.0105859040045375,0.054678595012925955
NCBI30,Spatial Transcriptomics,Mus musculus,Spinal cord,success,32,E:\Hestdata\st\NCBI30.h5ad,e8dca8b0cec65b22bccda984a8e8e765b459b63652a284da73034a3c060e403e,D:\HEST1000BenchRun\COUNT-HEST-SHARED-K32-001\main\NCBI30\VALUE_K32\attempt01\RESULT.json,,191,15315,2925165,273603,230309,233068,156155,D:\HEST1000BenchRun\COUNT-HEST-SHARED-K32-001\main\NCBI30\VALUE_K32\attempt01\archive.cnt,46264366f7ff48c5035d757de206945fbb1814e4e2128391f19ffac38afc0ade,True,True,20,-2759,-1.1979557898301847,0.4270665073594139,4.565885607979444,0.6374149834282853,6.814779077714791,27663091,23401320,3284004,"{""values"": {""shape"": [273603], ""dtype"": ""<i8"", ""nbytes"": 2188824}, ""indices"": {""shape"": [273603], ""dtype"": ""<i4"", ""nbytes"": 1094412}, ""indptr"": {""shape"": [192], ""dtype"": ""<i4"", ""nbytes"": 768}}",1,2.07799999999952,0.7970000000004802,174034944,0.008425233463606796,0.009959609116066958,0.07097068091269072
NCBI300,Spatial Transcriptomics,Mus musculus,Spinal cord,success,32,E:\Hestdata\st\NCBI300.h5ad,4341432278b356b05510befda00736a6d36a5c76fabe41a16475e8598d8e42a2,D:\HEST1000BenchRun\COUNT-HEST-SHARED-K32-001\main\NCBI300\VALUE_K32\attempt01\RESULT.json,,138,14215,1961670,320056,252475,255764,183498,D:\HEST1000BenchRun\COUNT-HEST-SHARED-K32-001\main\NCBI300\VALUE_K32\attempt01\archive.cnt,4b08033d71f3e7efc9eb4865b0f881e2b73172deb6f1b0dcb70f1370040d2aa8,True,True,23,-3289,-1.3027032379443508,0.7483338176145835,4.586647336716075,1.043045976132581,6.39298122828505,19844927,15693360,3841228,"{""values"": {""shape"": [320056], ""dtype"": ""<i8"", ""nbytes"": 2560448}, ""indices"": {""shape"": [320056], ""dtype"": ""<i4"", ""nbytes"": 1280224}, ""indptr"": {""shape"": [139], ""dtype"": ""<i4"", ""nbytes"": 556}}",1,2.04700000000048,0.7809999999990396,173903872,0.012888130049558761,0.016297593377071578,0.0665839153520697
NCBI301,Spatial Transcriptomics,Mus musculus,Spinal cord,success,32,E:\Hestdata\st\NCBI301.h5ad,260fa439dbb78fd12f5e6a573ba717f45ff9711c5b90a34246eaca21c183c471,D:\HEST1000BenchRun\COUNT-HEST-SHARED-K32-001\main\NCBI301\VALUE_K32\attempt01\RESULT.json,,101,12631,1275731,127203,140830,144014,82148,D:\HEST1000BenchRun\COUNT-HEST-SHARED-K32-001\main\NCBI301\VALUE_K32\attempt01\archive.cnt,89c276a51f0e42f515f9a276e873549d9a3eed23ced54494e19ead7c526ff0b3,True,True,21,-3184,-2.260881914364837,0.5151430826718172,5.166419030997696,0.9030994778679832,9.05727066185546,14216735,10205848,1526844,"{""values"": {""shape"": [127203], ""dtype"": ""<i8"", ""nbytes"": 1017624}, ""indices"": {""shape"": [127203], ""dtype"": ""<i4"", ""nbytes"": 508812}, ""indptr"": {""shape"": [102], ""dtype"": ""<i4"", ""nbytes"": 408}}",1,1.9069999999992433,0.7970000000004802,157548544,0.010129892693364546,0.014110929341687237,0.09432135830510517
NCBI302,Spatial Transcriptomics,Mus musculus,Spinal cord,success,32,E:\Hestdata\st\NCBI302.h5ad,9c14ec28c81dbc98d90882e717705af82b19bc8cb1e0b30fae97b8c855a54459,D:\HEST1000BenchRun\COUNT-HEST-SHARED-K32-001\main\NCBI302\VALUE_K32\attempt01\RESULT.json,,99,12765,1263735,154361,155752,158907,95753,D:\HEST1000BenchRun\COUNT-HEST-SHARED-K32-001\main\NCBI302\VALUE_K32\attempt01\archive.cnt,51aad161451670206513873d6d69bbaadebb12d42ca7d33273177773591e3167,True,True,21,-3155,-2.0256561713493246,0.6061587278978583,4.962548830339269,1.0059514059514059,8.235603552710852,14129269,10109880,1852732,"{""values"": {""shape"": [154361], ""dtype"": ""<i8"", ""nbytes"": 1234888}, ""indices"": {""shape"": [154361], ""dtype"": ""<i4"", ""nbytes"": 617444}, ""indptr"": {""shape"": [100], ""dtype"": ""<i4"", ""nbytes"": 400}}",1,1.9060000000008586,0.7970000000004802,170233856,0.011246654020105357,0.015717990717990717,0.08576901570221705
NCBI303,Spatial Transcriptomics,Mus musculus,Spinal cord,success,32,E:\Hestdata\st\NCBI303.h5ad,11e5b287f27ae7af6691d7721448b94d440b8981b886abb28b25ddd2481f9f06,D:\HEST1000BenchRun\COUNT-HEST-SHARED-K32-001\main\NCBI303\VALUE_K32\attempt01\RESULT.json,,82,11193,917826,84697,104305,106897,52938,D:\HEST1000BenchRun\COUNT-HEST-SHARED-K32-001\main\NCBI303\VALUE_K32\attempt01\archive.cnt,65e78a7602a4821f13979595b3d2c1a5089a3cc348642f3aba8ff78a20fb0964,True,True,18,-2592,-2.485019893581324,0.46142079217629484,5.000224329078952,0.9317408746320108,10.096886548520018,11208977,7342608,1016696,"{""values"": {""shape"": [84697], ""dtype"": ""<i8"", ""nbytes"": 677576}, ""indices"": {""shape"": [84697], ""dtype"": ""<i4"", ""nbytes"": 338788}, ""indptr"": {""shape"": [83], ""dtype"": ""<i4"", ""nbytes"": 332}}",1,1.7970000000004802,0.8119999999998981,154775552,0.009536731139692766,0.01455845116612517,0.10514155657148253
NCBI304,Spatial Transcriptomics,Mus musculus,Spinal cord,success,32,E:\Hestdata\st\NCBI304.h5ad,7f5791392843d56a9c31e280cb82da81c85ae41de1cdd65a951993dea4f4baad,D:\HEST1000BenchRun\COUNT-HEST-SHARED-K32-001\main\NCBI304\VALUE_K32\attempt01\RESULT.json,,87,11807,1027209,104312,122140,125136,67335,D:\HEST1000BenchRun\COUNT-HEST-SHARED-K32-001\main\NCBI304\VALUE_K32\attempt01\archive.cnt,f6ba400f470f55aaceaeb3b6540b2bdd1ab0be4b458bf5abe5754e694dbd86b8,True,True,20,-2996,-2.452922875388898,0.5244112931253523,5.164123015568679,0.9745709003717842,9.597054988879515,12140775,8217672,1252096,"{""values"": {""shape"": [104312], ""dtype"": ""<i8"", ""nbytes"": 834496}, ""indices"": {""shape"": [104312], ""dtype"": ""<i4"", ""nbytes"": 417248}, ""indptr"": {""shape"": [88], ""dtype"": ""<i4"", ""nbytes"": 352}}",1,1.7970000000004802,0.6710000000002765,154771456,0.010307085008988305,0.015227670318309128,0.0999412185647107
NCBI305,Spatial Transcriptomics,Mus musculus,Spinal cord,success,32,E:\Hestdata\st\NCBI305.h5ad,a072028f65be23dceb6ff3a223acc36640e1c1291d19678239f0a0602527174b,D:\HEST1000BenchRun\COUNT-HEST-SHARED-K32-001\main\NCBI305\VALUE_K32\attempt01\RESULT.json,,86,13040,1121440,139373,147546,150781,87085,D:\HEST1000BenchRun\COUNT-HEST-SHARED-K32-001\main\NCBI305\VALUE_K32\attempt01\archive.cnt,d001cdf2967ce5c1eccc82a1eb6a900fd55c8d41d4aafc52cb25f1b3ba39d7be,True,True,21,-3235,-2.192536564867906,0.6212369810243972,4.998672626692401,1.075624197460408,8.654818365106584,13007432,8971520,1672824,"{""values"": {""shape"": [139373], ""dtype"": ""<i8"", ""nbytes"": 1114984}, ""indices"": {""shape"": [139373], ""dtype"": ""<i4"", ""nbytes"": 557492}, ""indptr"": {""shape"": [87], ""dtype"": ""<i4"", ""nbytes"": 348}}",1,2.0159999999996217,0.7970000000004802,170811392,0.011591911454928229,0.016806628085318874,0.09013560302817272
NCBI306,Spatial Transcriptomics,Mus musculus,Spinal cord,success,32,E:\Hestdata\st\NCBI306.h5ad,cd0cb095a41500f2a63cc72465b9fadc9a8707db01b9731a3d369e9901d1e38c,D:\HEST1000BenchRun\COUNT-HEST-SHARED-K32-001\main\NCBI306\VALUE_K32\attempt01\RESULT.json,,72,12038,866736,91296,114619,117667,59549,D:\HEST1000BenchRun\COUNT-HEST-SHARED-K32-001\main\NCBI306\VALUE_K32\attempt01\archive.cnt,30a90a42104af17e9bcc5bd2b206bb88d8cdd2de1b6290a43ea0a8674857ac7f,True,True,19,-3048,-2.6592449768363013,0.5496391057946134,5.218103750438135,1.0860700374739252,10.31081317910971,10899438,6933888,1095844,"{""values"": {""shape"": [91296], ""dtype"": ""<i8"", ""nbytes"": 730368}, ""indices"": {""shape"": [91296], ""dtype"": ""<i4"", ""nbytes"": 365184}, ""indptr"": {""shape"": [73], ""dtype"": ""<i4"", ""nbytes"": 292}}",1,1.7970000000004802,0.8119999999998981,156495872,0.010795694236712021,0.01696984433553008,0.10737568486025383
NCBI307,Spatial Transcriptomics,Mus musculus,Spinal cord,success,32,E:\Hestdata\st\NCBI307.h5ad,15fe62d77090a6cfd1b1db873f861e4eda833e0ffd31c9163c07de8335bc332d,D:\HEST1000BenchRun\COUNT-HEST-SHARED-K32-001\main\NCBI307\VALUE_K32\attempt01\RESULT.json,,88,12385,1089880,125095,136506,139525,78702,D:\HEST1000BenchRun\COUNT-HEST-SHARED-K32-001\main\NCBI307\VALUE_K32\attempt01\archive.cnt,5a5eaab12762f343f351c6b798458e14041f6cecfaacca21745bca115b3df131,True,True,20,-3019,-2.2116243974623826,0.5776929570227916,5.0331028418402015,1.0241494476456123,8.922818657820057,12712585,8719040,1501496,"{""values"": {""shape"": [125095], ""dtype"": ""<i8"", ""nbytes"": 1000760}, ""indices"": {""shape"": [125095], ""dtype"": ""<i4"", ""nbytes"": 500380}, ""indptr"": {""shape"": [89], ""dtype"": ""<i4"", ""nbytes"": 356}}",1,1.7810000000008586,0.8130000000001019,156286976,0.010975344510970821,0.016002335119462693,0.0929239904735011
NCBI308,Spatial Transcriptomics,Mus musculus,Spinal cord,success,32,E:\Hestdata\st\NCBI308.h5ad,8e439b24c8ea4604a2c0ce708124a8e240170d82468ec9d868fd179e5d06d346,D:\HEST1000BenchRun\COUNT-HEST-SHARED-K32-001\main\NCBI308\VALUE_K32\attempt01\RESULT.json,,89,12460,1108940,126176,136443,139516,78422,D:\HEST1000BenchRun\COUNT-HEST-SHARED-K32-001\main\NCBI308\VALUE_K32\attempt01\archive.cnt,49107619214531723e15d8fa03264cf5fd4e8b79701befe7a1fe88e7dfb4ea87,True,True,20,-3073,-2.2522225398151607,0.5657438635092972,4.972229267055542,1.0064818655653147,8.845802688308394,12870044,8871520,1514472,"{""values"": {""shape"": [126176], ""dtype"": ""<i8"", ""nbytes"": 1009408}, ""indices"": {""shape"": [126176], ""dtype"": ""<i4"", ""nbytes"": 504704}, ""indptr"": {""shape"": [90], ""dtype"": ""<i4"", ""nbytes"": 360}}",1,1.9060000000008586,0.7970000000004802,170606592,0.010840366979320351,0.015726279149458042,0.09212187481841856
NCBI309,Spatial Transcriptomics,Mus musculus,Spinal cord,success,32,E:\Hestdata\st\NCBI309.h5ad,3e9a06aa150428c6927e559d219f69630dc0b56f726a83745d7a1098e452efa1,D:\HEST1000BenchRun\COUNT-HEST-SHARED-K32-001\main\NCBI309\VALUE_K32\attempt01\RESULT.json,,82,11596,950872,84754,111435,114439,57765,D:\HEST1000BenchRun\COUNT-HEST-SHARED-K32-001\main\NCBI309\VALUE_K32\attempt01\archive.cnt,254262b05a0710c8a58b6a3bc6bab52ac3d503454e2f7d7901a0c5f5e9cae285,True,True,20,-3004,-2.695741912325571,0.485996012081542,5.452486018359015,0.9628130810456087,10.801991646411969,11515924,7606976,1017380,"{""values"": {""shape"": [84754], ""dtype"": ""<i8"", ""nbytes"": 678032}, ""indices"": {""shape"": [84754], ""dtype"": ""<i4"", ""nbytes"": 339016}, ""indptr"": {""shape"": [83], ""dtype"": ""<i4"", ""nbytes"": 332}}",1,1.890000000001237,0.8130000000001019,169320448,0.00993745703775051,0.015043954391337636,0.11248402760030667
NCBI31,Spatial Transcriptomics,Mus musculus,Spinal cord,success,32,E:\Hestdata\st\NCBI31.h5ad,91d5fecfad2bdfee7711d3b52641a2bc3827795ff0da2d2f69045c725fcc3482,D:\HEST1000BenchRun\COUNT-HEST-SHARED-K32-001\main\NCBI31\VALUE_K32\attempt01\RESULT.json,,208,14506,3017248,235282,211718,214236,140590,D:\HEST1000BenchRun\COUNT-HEST-SHARED-K32-001\main\NCBI31\VALUE_K32\attempt01\archive.cnt,fa1ea0cefa0711287aa57a11a4faa0c13b9120faa1e471de58eef41b32f374d2,True,True,18,-2518,-1.1893178662182715,0.37276352490746534,4.780306185768567,0.5680302050080073,7.284399146556048,28316306,24137984,2824220,"{""values"": {""shape"": [235282], ""dtype"": ""<i8"", ""nbytes"": 1882256}, ""indices"": {""shape"": [235282], ""dtype"": ""<i4"", ""nbytes"": 941128}, ""indptr"": {""shape"": [209], ""dtype"": ""<i4"", ""nbytes"": 836}}",1,2.07799999999952,0.7810000000008586,173056000,0.007565817377450293,0.008875471953250114,0.07585669671626148
NCBI310,Spatial Transcriptomics,Mus musculus,Spinal cord,success,32,E:\Hestdata\st\NCBI310.h5ad,ac3ae81c43161c3885e86d7210d37cc23cc6e13aaa63353089b2a4c7818dfb84,D:\HEST1000BenchRun\COUNT-HEST-SHARED-K32-001\main\NCBI310\VALUE_K32\attempt01\RESULT.json,,81,12381,1002861,118288,130876,134055,73577,D:\HEST1000BenchRun\COUNT-HEST-SHARED-K32-001\main\NCBI310\VALUE_K32\attempt01\archive.cnt,46654ebbf019f1faf470fa97e4c66d763f69d1ef8e359d301562687afae4c464,True,True,22,-3179,-2.4290167792414192,0.586936773889901,4.976126065196808,1.0693805023826832,9.066346544028134,12011453,8022888,1419784,"{""values"": {""shape"": [118288], ""dtype"": ""<i8"", ""nbytes"": 946304}, ""indices"": {""shape"": [118288], ""dtype"": ""<i4"", ""nbytes"": 473152}, ""indptr"": {""shape"": [82], ""dtype"": ""<i4"", ""nbytes"": 328}}",1,1.8119999999998981,0.8130000000001019,156573696,0.01116059813912605,0.016709070349729425,0.09441929194863444
NCBI311,Spatial Transcriptomics,Mus musculus,Spinal cord,success,32,E:\Hestdata\st\NCBI311.h5ad,868017254c36b71d91828f6398cda748591fd122b1e22301384bfc95846bd22c,D:\HEST1000BenchRun\COUNT-HEST-SHARED-K32-001\main\NCBI311\VALUE_K32\attempt01\RESULT.json,,78,12955,1010490,143272,142245,145348,82542,D:\HEST1000BenchRun\COUNT-HEST-SHARED-K32-001\main\NCBI311\VALUE_K32\attempt01\archive.cnt,eb5c2c73b157da7e2bbea5a649a2030604f86621ecb9c211d5fa646b0014be72,True,True,22,-3103,-2.18144750254842,0.6534809844728795,4.6089675582109555,1.1507130204158378,8.115919370149086,12109555,8083920,1719580,"{""values"": {""shape"": [143272], ""dtype"": ""<i8"", ""nbytes"": 1146176}, ""indices"": {""shape"": [143272], ""dtype"": ""<i4"", ""nbytes"": 573088}, ""indptr"": {""shape"": [79], ""dtype"": ""<i4"", ""nbytes"": 316}}",1,1.8130000000001019,0.8130000000001019,157270016,0.012002753197784724,0.017979890943997465,0.08452529105944474
NCBI312,Spatial Transcriptomics,Mus musculus,Spinal cord,success,32,E:\Hestdata\st\NCBI312.h5ad,f06a16c81b8a063798fa22aa18c2aedff091c03cd67c9cff3cb5f3dc423bdfee,D:\HEST1000BenchRun\COUNT-HEST-SHARED-K32-001\main\NCBI312\VALUE_K32\attempt01\RESULT.json,,99,13046,1291554,156437,153832,156802,93210,D:\HEST1000BenchRun\COUNT-HEST-SHARED-K32-001\main\NCBI312\VALUE_K32\attempt01\archive.cnt,09a6632d7efdb7a32e0a1efc28baf2627e916d6fac3176eb7ea6379a618b5efd,True,True,20,-2970,-1.9306776223412554,0.577351005068313,4.766647276539437,0.9712454918648388,8.01866566093699,14370086,10332432,1877644,"{""values"": {""shape"": [156437], ""dtype"": ""<i8"", ""nbytes"": 1251496}, ""indices"": {""shape"": [156437], ""dtype"": ""<i4"", ""nbytes"": 625748}, ""indptr"": {""shape"": [100], ""dtype"": ""<i4"", ""nbytes"": 400}}",1,1.9069999999992433,0.7960000000002765,157515776,0.010911695309269548,0.015175710810388106,0.08350997313654772
NCBI313,Spatial Transcriptomics,Mus musculus,Spinal cord,success,32,E:\Hestdata\st\NCBI313.h5ad,26b97d5dd84cde2b7788332b87ec3da0e58ef0fc2316a53b18ed90ca116ca758,D:\HEST1000BenchRun\COUNT-HEST-SHARED-K32-001\main\NCBI313\VALUE_K32\attempt01\RESULT.json,,97,11607,1125879,94336,117462,120345,63340,D:\HEST1000BenchRun\COUNT-HEST-SHARED-K32-001\main\NCBI313\VALUE_K32\attempt01\archive.cnt,dc1c4778e11856644d78920f91ef42698a691c03be04519d6d3b8c296116c65b,True,True,18,-2883,-2.454410788169791,0.45006612611124286,5.371438263229308,0.8551185340520606,10.20564789687924,12918175,9007032,1132424,"{""values"": {""shape"": [94336], ""dtype"": ""<i8"", ""nbytes"": 754688}, ""indices"": {""shape"": [94336], ""dtype"": ""<i4"", ""nbytes"": 377344}, ""indptr"": {""shape"": [98], ""dtype"": ""<i4"", ""nbytes"": 392}}",1,1.890000000001237,0.7969999999986612,169615360,0.009315944396170511,0.013361227094563447,0.10627203238363016
NCBI314,Spatial Transcriptomics,Mus musculus,Spinal cord,success,32,E:\Hestdata\st\NCBI314.h5ad,2f566da10946d6551a1e2bf5bd0e21de7202579853a8a235e30488260e455566,D:\HEST1000BenchRun\COUNT-HEST-SHARED-K32-001\main\NCBI314\VALUE_K32\attempt01\RESULT.json,,91,12391,1127581,113502,129538,132544,72287,D:\HEST1000BenchRun\COUNT-HEST-SHARED-K32-001\main\NCBI314\VALUE_K32\attempt01\archive.cnt,c46b9192617de4f19d687b0bb71dace11ebcba8fdbfd8b8227c6d0652d7be08b,True,True,20,-3006,-2.320554586299001,0.5128642642967556,5.095029162481718,0.9403776757501235,9.342143750770912,13014895,9020648,1362392,"{""values"": {""shape"": [113502], ""dtype"": ""<i8"", ""nbytes"": 908016}, ""indices"": {""shape"": [113502], ""dtype"": ""<i4"", ""nbytes"": 454008}, ""indptr"": {""shape"": [92], ""dtype"": ""<i4"", ""nbytes"": 368}}",1,1.9060000000008586,0.7969999999986612,170479616,0.010184023766615098,0.01469340118359568,0.09728771161310401
NCBI315,Spatial Transcriptomics,Mus musculus,Spinal cord,success,32,E:\Hestdata\st\NCBI315.h5ad,38e68704c94452412b829fc71b90998bad52efbf3225798c453b846086ad41c3,D:\HEST1000BenchRun\COUNT-HEST-SHARED-K32-001\main\NCBI315\VALUE_K32\attempt01\RESULT.json,,62,11652,722424,85215,107008,109935,53955,D:\HEST1000BenchRun\COUNT-HEST-SHARED-K32-001\main\NCBI315\VALUE_K32\attempt01\archive.cnt,770dbd85dc5ac5d5f1ddaaadc86512978d72eecff6b380d74899704b7fd9ed22,True,True,19,-2927,-2.735309509569378,0.5974884555330388,5.065305403978173,1.2174014152353743,10.320718183418412,9685852,5779392,1022832,"{""values"": {""shape"": [85215], ""dtype"": ""<i8"", ""nbytes"": 681720}, ""indices"": {""shape"": [85215], ""dtype"": ""<i4"", ""nbytes"": 340860}, ""indptr"": {""shape"": [63], ""dtype"": ""<i4"", ""nbytes"": 252}}",1,1.7970000000004802,0.8119999999998981,155901952,0.011350059860505819,0.019021897113052723,0.1074809939462199
NCBI316,Spatial Transcriptomics,Mus musculus,Spinal cord,success,32,E:\Hestdata\st\NCBI316.h5ad,36d2219f712e32fddeed14adec8f6a4e99aba49cffcfed75081bff793bf10518,D:\HEST1000BenchRun\COUNT-HEST-SHARED-K32-001\main\NCBI316\VALUE_K32\attempt01\RESULT.json,,59,11099,654841,74247,97036,99881,46516,D:\HEST1000BenchRun\COUNT-HEST-SHARED-K32-001\main\NCBI316\VALUE_K32\attempt01\archive.cnt,99437f9cfd8082d4aa3ae8e19e694ba952c91664e044f2c9b8f13025fee3685a,True,True,20,-2845,-2.9319015623067726,0.5682722981609276,5.01202742198338,1.2202168159904465,10.762024054843966,9092739,5238728,891204,"{""values"": {""shape"": [74247], ""dtype"": ""<i8"", ""nbytes"": 593976}, ""indices"": {""shape"": [74247], ""dtype"": ""<i4"", ""nbytes"": 296988}, ""indptr"": {""shape"": [60], ""dtype"": ""<i4"", ""nbytes"": 240}}",1,1.75,0.6409999999996217,154537984,0.01098469888996044,0.019065887749850727,0.112074227674023
NCBI317,Spatial Transcriptomics,Mus musculus,Spinal cord,success,32,E:\Hestdata\st\NCBI317.h5ad,867f7ef4377f5fdb3720b118ee86b0826815d6c9a0f5f5eb21457e1c7fdeee27,D:\HEST1000BenchRun\COUNT-HEST-SHARED-K32-001\main\NCBI317\VALUE_K32\attempt01\RESULT.json,,99,13176,1304424,175019,163669,166737,102366,D:\HEST1000BenchRun\COUNT-HEST-SHARED-K32-001\main\NCBI317\VALUE_K32\attempt01\archive.cnt,7248a8010b0e658c7fcfbc8b44b819e5df58f6979c37ea3d56a1c1c585562173,True,True,19,-3068,-1.87451502728067,0.6278081360048573,4.679080556968101,1.0225938805173778,7.621435387015124,14481496,10435392,2100628,"{""values"": {""shape"": [175019], ""dtype"": ""<i8"", ""nbytes"": 1400152}, ""indices"": {""shape"": [175019], ""dtype"": ""<i4"", ""nbytes"": 700076}, ""indptr"": {""shape"": [100], ""dtype"": ""<i4"", ""nbytes"": 400}}",1,1.8909999999996217,0.7970000000004802,171708416,0.011513796640899531,0.015978029383084028,0.07937483457327998
NCBI318,Spatial Transcriptomics,Mus musculus,Spinal cord,success,32,E:\Hestdata\st\NCBI318.h5ad,14ce5ec2870c25eca5eb04dbb087dfc32929120898939033780f63b0a5e06a07,D:\HEST1000BenchRun\COUNT-HEST-SHARED-K32-001\main\NCBI318\VALUE_K32\attempt01\RESULT.json,,54,11245,607230,76467,99014,101838,47706,D:\HEST1000BenchRun\COUNT-HEST-SHARED-K32-001\main\NCBI318\VALUE_K32\attempt01\archive.cnt,61131c0a87f7ebf3153e390324c6c335a6b33f96ff3205805554866d4088340d,True,True,19,-2824,-2.8521219221524228,0.6285064967145892,4.991015732276669,1.341672842250877,10.654321472007533,8721141,4857840,917824,"{""values"": {""shape"": [76467], ""dtype"": ""<i8"", ""nbytes"": 611736}, ""indices"": {""shape"": [76467], ""dtype"": ""<i4"", ""nbytes"": 305868}, ""indptr"": {""shape"": [55], ""dtype"": ""<i4"", ""nbytes"": 220}}",1,1.9059999999990396,0.6409999999996217,168931328,0.011677141786837295,0.020963638160169953,0.11095591311624015
NCBI319,Spatial Transcriptomics,Mus musculus,Spinal cord,success,32,E:\Hestdata\st\NCBI319.h5ad,685aa909f890f93eab3878404ea5639a58a6a529fdba0aa20e0548081023b965,D:\HEST1000BenchRun\COUNT-HEST-SHARED-K32-001\main\NCBI319\VALUE_K32\attempt01\RESULT.json,,57,10784,614688,67015,93779,96567,44437,D:\HEST1000BenchRun\COUNT-HEST-SHARED-K32-001\main\NCBI319\VALUE_K32\attempt01\archive.cnt,929eb1342caa16980cc4df87045ecf7716357cab79e873befb1634adeb6b7288,True,True,19,-2788,-2.972947035050491,0.5783356759852153,5.304722823248526,1.256793690457598,11.52780720734164,8738672,4917504,804412,"{""values"": {""shape"": [67015], ""dtype"": ""<i8"", ""nbytes"": 536120}, ""indices"": {""shape"": [67015], ""dtype"": ""<i4"", ""nbytes"": 268060}, ""indptr"": {""shape"": [58], ""dtype"": ""<i4"", ""nbytes"": 232}}",1,1.75,0.6399999999994179,168648704,0.011050534909652176,0.01963740141339997,0.12004669249091261
NCBI32,Spatial Transcriptomics,Mus musculus,Spinal cord,success,32,E:\Hestdata\st\NCBI32.h5ad,db9521f6b16ee848fc4a606ae75d7e41501811e71b27e20e1cc5495a04420dec,D:\HEST1000BenchRun\COUNT-HEST-SHARED-K32-001\main\NCBI32\VALUE_K32\attempt01\RESULT.json,,159,15319,2435721,277796,228048,231101,154577,D:\HEST1000BenchRun\COUNT-HEST-SHARED-K32-001\main\NCBI32\VALUE_K32\attempt01\archive.cnt,486cf06b41804887a51bed73351c87b4a4f5f5c7caa3394371625a64c71e8706,True,True,22,-3053,-1.3387532449308917,0.5077001840522786,4.451525579921957,0.7590393152581926,6.6552722141427525,23744215,19485768,3334192,"{""values"": {""shape"": [277796], ""dtype"": ""<i8"", ""nbytes"": 2222368}, ""indices"": {""shape"": [277796], ""dtype"": ""<i4"", ""nbytes"": 1111184}, ""indptr"": {""shape"": [160], ""dtype"": ""<i4"", ""nbytes"": 640}}",1,2.061999999999898,0.7970000000004802,173838336,0.009732939160128056,0.011859989300909259,0.0693124451141386
NCBI320,Spatial Transcriptomics,Mus musculus,Spinal cord,success,32,E:\Hestdata\st\NCBI320.h5ad,ec95b7e078dbdf43b4249fde61bc3ce80abbc8cd67001f66287bdd3a33a82e2b,D:\HEST1000BenchRun\COUNT-HEST-SHARED-K32-001\main\NCBI320\VALUE_K32\attempt01\RESULT.json,,62,11633,721246,86352,107556,110381,54377,D:\HEST1000BenchRun\COUNT-HEST-SHARED-K32-001\main\NCBI320\VALUE_K32\attempt01\archive.cnt,0839b9b4ec4f86ff522765d334137ef6da35c1fb52eed4db578455f3a7397df0,True,True,19,-2825,-2.6265387333110195,0.6031451127631904,5.037706133036872,1.2243367727515992,10.226144154159718,9675193,5769968,1036476,"{""values"": {""shape"": [86352], ""dtype"": ""<i8"", ""nbytes"": 690816}, ""indices"": {""shape"": [86352], ""dtype"": ""<i4"", ""nbytes"": 345408}, ""indptr"": {""shape"": [63], ""dtype"": ""<i4"", ""nbytes"": 252}}",1,1.9369999999998981,0.6720000000004802,169385984,0.011408661305257682,0.019130262074243738,0.10649643600044767
NCBI321,Spatial Transcriptomics,Mus musculus,Spinal cord,success,32,E:\Hestdata\st\NCBI321.h5ad,178cc072429ec72038f9a5045dba9ab5dc6fed62d6d05c381cc2536a714b9ea4,D:\HEST1000BenchRun\COUNT-HEST-SHARED-K32-001\main\NCBI321\VALUE_K32\attempt01\RESULT.json,,52,11353,590356,83817,100172,102942,48630,D:\HEST1000BenchRun\COUNT-HEST-SHARED-K32-001\main\NCBI321\VALUE_K32\attempt01\archive.cnt,8e0c2eb66e9ab95b5e4ec3a6894a4efbea246c24925718ca1364d0dc016aed0c,True,True,20,-2770,-2.765243780697201,0.6589922013158163,4.641540498944129,1.3949820108544675,9.8254053473639,8609473,4722848,1006016,"{""values"": {""shape"": [83817], ""dtype"": ""<i8"", ""nbytes"": 670536}, ""indices"": {""shape"": [83817], ""dtype"": ""<i4"", ""nbytes"": 335268}, ""indptr"": {""shape"": [53], ""dtype"": ""<i4"", ""nbytes"": 212}}",1,1.889999999999418,0.7970000000004802,168984576,0.011956829413368274,0.021796593919601055,0.10232640435142185
NCBI322,Spatial Transcriptomics,Mus musculus,Spinal cord,success,32,E:\Hestdata\st\NCBI322.h5ad,0c9dbb1102800b648582819c3e4f0d3c8d7c3255aab730ce30234b0715f659c9,D:\HEST1000BenchRun\COUNT-HEST-SHARED-K32-001\main\NCBI322\VALUE_K32\attempt01\RESULT.json,,80,13504,1080320,74081,104724,107446,45737,D:\HEST1000BenchRun\COUNT-HEST-SHARED-K32-001\main\NCBI322\VALUE_K32\attempt01\archive.cnt,b90f1474cace16f9550fb2365953ab30acc2f5372adf4849979519b9826fce16,True,True,17,-2722,-2.5992131698560024,0.3386922393364929,4.939134190953146,0.7956605450236967,11.603083111729052,12712232,8642560,889296,"{""values"": {""shape"": [74081], ""dtype"": ""<i8"", ""nbytes"": 592648}, ""indices"": {""shape"": [74081], ""dtype"": ""<i4"", ""nbytes"": 296324}, ""indptr"": {""shape"": [81], ""dtype"": ""<i4"", ""nbytes"": 324}}",1,1.9060000000008586,0.6569999999992433,155607040,0.00845217425232642,0.01243219601599526,0.12082141379248304
NCBI325,Spatial Transcriptomics,Mus musculus,Spinal cord,success,32,E:\Hestdata\st\NCBI325.h5ad,95dd8e538c40f44c9bb20bca5c858ad00f6fe1db5804ffe8c0a2cc8edbc14a2c,D:\HEST1000BenchRun\COUNT-HEST-SHARED-K32-001\main\NCBI325\VALUE_K32\attempt01\RESULT.json,,99,14548,1440252,149576,154813,157839,88424,D:\HEST1000BenchRun\COUNT-HEST-SHARED-K32-001\main\NCBI325\VALUE_K32\attempt01\archive.cnt,33dd4a415981136e7d821585fee8cde4db1c44d8cd4a035829cf08275c8647a0,True,True,20,-3026,-1.9546162144005994,0.4911584917083955,4.729314863347061,0.8767299055998533,8.441942557629567,15690068,11522016,1795312,"{""values"": {""shape"": [149576], ""dtype"": ""<i8"", ""nbytes"": 1196608}, ""indices"": {""shape"": [149576], ""dtype"": ""<i4"", ""nbytes"": 598304}, ""indptr"": {""shape"": [100], ""dtype"": ""<i4"", ""nbytes"": 400}}",1,1.9210000000002765,0.7810000000008586,157339648,0.010059803437435708,0.013698904774997708,0.08791730908053864
NCBI326,Spatial Transcriptomics,Mus musculus,Spinal cord,success,32,E:\Hestdata\st\NCBI326.h5ad,5e31cb8c70864852855a1742d1487e66912c2d138d983de2e874be9e7f01adbe,D:\HEST1000BenchRun\COUNT-HEST-SHARED-K32-001\main\NCBI326\VALUE_K32\attempt01\RESULT.json,,42,14203,596526,43183,84640,87306,25428,D:\HEST1000BenchRun\COUNT-HEST-SHARED-K32-001\main\NCBI326\VALUE_K32\attempt01\archive.cnt,165bc3773deb6bd41b0113f532ae4ecbb5238ab3300f0455d3a3a39a5c515c07,True,True,19,-2666,-3.149810964083176,0.3410144738033212,4.7107426533589605,1.170859275203428,16.174142602412985,8907531,4772208,518368,"{""values"": {""shape"": [43183], ""dtype"": ""<i8"", ""nbytes"": 345464}, ""indices"": {""shape"": [43183], ""dtype"": ""<i4"", ""nbytes"": 172732}, ""indptr"": {""shape"": [43], ""dtype"": ""<i4"", ""nbytes"": 172}}",1,1.7809999999990396,0.6400000000012369,153915392,0.0098013692009604,0.01829467617505356,0.16842474844126182
NCBI328,Spatial Transcriptomics,Mus musculus,Spinal cord,success,32,E:\Hestdata\st\NCBI328.h5ad,2614e81db6db7c2de113cd8e4514f02ba27c7cf0c5c6611311656ac352c18edd,D:\HEST1000BenchRun\COUNT-HEST-SHARED-K32-001\main\NCBI328\VALUE_K32\attempt01\RESULT.json,,92,14139,1300788,202572,184949,188305,117613,D:\HEST1000BenchRun\COUNT-HEST-SHARED-K32-001\main\NCBI328\VALUE_K32\attempt01\archive.cnt,542ea77ec9f845706b2779eb6f0e6cfba189e072e2ff1440e9b57c9ec72c9a33,True,True,22,-3356,-1.8145542825319412,0.7233338560933834,4.6447880259858225,1.1580980144343276,7.436565764271469,14547043,10406304,2431236,"{""values"": {""shape"": [202572], ""dtype"": ""<i8"", ""nbytes"": 1620576}, ""indices"": {""shape"": [202572], ""dtype"": ""<i4"", ""nbytes"": 810288}, ""indptr"": {""shape"": [93], ""dtype"": ""<i4"", ""nbytes"": 372}}",1,1.9539999999997235,0.7970000000004802,172482560,0.012944555123677025,0.01809528147553637,0.07745237401881183
NCBI329,Spatial Transcriptomics,Mus musculus,Spinal cord,success,32,E:\Hestdata\st\NCBI329.h5ad,171e3f057bd6f5a205f4933c0dc8b68da8f33590144964df2206a16b2b01a844,D:\HEST1000BenchRun\COUNT-HEST-SHARED-K32-001\main\NCBI329\VALUE_K32\attempt01\RESULT.json,,82,14173,1162186,180781,168987,172242,103498,D:\HEST1000BenchRun\COUNT-HEST-SHARED-K32-001\main\NCBI329\VALUE_K32\attempt01\archive.cnt,9f917a05222e484a0391c73e1574b62e4e6aa927cfd9e1250ecd1f77e0d71c31,True,True,22,-3255,-1.9261836709332671,0.7124367355999814,4.580038831514374,1.1856415410269956,7.622128431638281,13439477,9297488,2169704,"{""values"": {""shape"": [180781], ""dtype"": ""<i8"", ""nbytes"": 1446248}, ""indices"": {""shape"": [180781], ""dtype"": ""<i4"", ""nbytes"": 723124}, ""indptr"": {""shape"": [83], ""dtype"": ""<i4"", ""nbytes"": 332}}",1,1.890000000001237,0.7809999999990396,172441600,0.012816123722671649,0.018525649078546806,0.07938502210439766
NCBI33,Spatial Transcriptomics,Mus musculus,Spinal cord,success,32,E:\Hestdata\st\NCBI33.h5ad,2892ea3e63156d2f229342382011070d07882b6f18e05719df5f6db0994fc6c9,D:\HEST1000BenchRun\COUNT-HEST-SHARED-K32-001\main\NCBI33\VALUE_K32\attempt01\RESULT.json,,202,15195,3069390,332439,264125,266802,188295,D:\HEST1000BenchRun\COUNT-HEST-SHARED-K32-001\main\NCBI33\VALUE_K32\attempt01\archive.cnt,b91110cfb5aa4b11d62c32c48e325894844c81ed3d456dc8132d985c93807375,True,True,22,-2677,-1.0135352579271177,0.4907685240389784,4.53123730970193,0.6953876828946468,6.420474132096414,28810323,24555120,3990080,"{""values"": {""shape"": [332439], ""dtype"": ""<i8"", ""nbytes"": 2659512}, ""indices"": {""shape"": [332439], ""dtype"": ""<i4"", ""nbytes"": 1329756}, ""indptr"": {""shape"": [203], ""dtype"": ""<i4"", ""nbytes"": 812}}",1,2.07799999999952,0.8130000000001019,174972928,0.009260638973051431,0.010865432545228856,0.06686632849466677
NCBI331,Spatial Transcriptomics,Mus musculus,Spinal cord,success,32,E:\Hestdata\st\NCBI331.h5ad,366c1f16d8da5e78af432c9a2b1f3cfd70776c52d0251bafed5467b48d046a7a,D:\HEST1000BenchRun\COUNT-HEST-SHARED-K32-001\main\NCBI331\VALUE_K32\attempt01\RESULT.json,,23,14365,330395,29196,74078,76984,16021,D:\HEST1000BenchRun\COUNT-HEST-SHARED-K32-001\main\NCBI331\VALUE_K32\attempt01\archive.cnt,a5b40d2b5c317951f342174babb203f0b76914f5fd2837fc534ea6be15e5fc0d,True,True,22,-2906,-3.9228920867194037,0.3879235460585057,4.389916426907796,1.8640475794125213,21.094396492670228,6787109,2643160,350448,"{""values"": {""shape"": [29196], ""dtype"": ""<i8"", ""nbytes"": 233568}, ""indices"": {""shape"": [29196], ""dtype"": ""<i4"", ""nbytes"": 116784}, ""indptr"": {""shape"": [24], ""dtype"": ""<i4"", ""nbytes"": 96}}",1,1.8119999999998981,0.8130000000001019,155107328,0.011342679187854504,0.029125743428320645,0.21967310414098526
NCBI334,Spatial Transcriptomics,Mus musculus,Spinal cord,success,32,E:\Hestdata\st\NCBI334.h5ad,5ccf584f0896c350839a2909092f02e1c1311af5ac516a78eb8042faf00f0182,D:\HEST1000BenchRun\COUNT-HEST-SHARED-K32-001\main\NCBI334\VALUE_K32\attempt01\RESULT.json,,77,13357,1028489,92869,113006,115749,53893,D:\HEST1000BenchRun\COUNT-HEST-SHARED-K32-001\main\NCBI334\VALUE_K32\attempt01\archive.cnt,fca6cbc2f053d19d90affa2b656fe2651f8942506287bbb86138211744cddb93,True,True,20,-2743,-2.4273047448808027,0.4192013721099594,4.642496419687948,0.9003421524197147,9.97094832506003,12283693,8227912,1114740,"{""values"": {""shape"": [92869], ""dtype"": ""<i8"", ""nbytes"": 742952}, ""indices"": {""shape"": [92869], ""dtype"": ""<i4"", ""nbytes"": 371476}, ""indptr"": {""shape"": [78], ""dtype"": ""<i4"", ""nbytes"": 312}}",1,1.8279999999995198,0.7970000000004802,155607040,0.009422980531994736,0.014067846131558042,0.1038349749717423
NCBI335,Spatial Transcriptomics,Mus musculus,Spinal cord,success,32,E:\Hestdata\st\NCBI335.h5ad,1c8d7a955b32500e53452e041fe9e014da9015c7dfb3271c924515e1e1ee8533,D:\HEST1000BenchRun\COUNT-HEST-SHARED-K32-001\main\NCBI335\VALUE_K32\attempt01\RESULT.json,,38,12572,477736,53964,87456,90238,32676,D:\HEST1000BenchRun\COUNT-HEST-SHARED-K32-001\main\NCBI335\VALUE_K32\attempt01\archive.cnt,3f4c6bd3628685b873498af9b45ee46f2a578d1e20d85b0df569589156decbc5,True,True,19,-2782,-3.181028174167581,0.5471808697690774,4.844118301089615,1.5110939933352312,13.377510933214737,7818428,3821888,647724,"{""values"": {""shape"": [53964], ""dtype"": ""<i8"", ""nbytes"": 431712}, ""indices"": {""shape"": [53964], ""dtype"": ""<i4"", ""nbytes"": 215856}, ""indptr"": {""shape"": [39], ""dtype"": ""<i4"", ""nbytes"": 156}}",1,1.8430000000007567,0.7809999999990396,154791936,0.011541706337898104,0.023610843645862988,0.1393155109274938
NCBI336,Spatial Transcriptomics,Mus musculus,Brain,success,32,E:\Hestdata\st\NCBI336.h5ad,4a89f7574ef19f942b242602112ffe544c190af729540a24dfc7b62df1bf1d98,D:\HEST1000BenchRun\COUNT-HEST-SHARED-K32-001\main\NCBI336\VALUE_K32\attempt01\RESULT.json,,214,23371,5001394,863876,524997,526165,418352,D:\HEST1000BenchRun\COUNT-HEST-SHARED-K32-001\main\NCBI336\VALUE_K32\attempt01\archive.cnt,8484ce738766ac0850f321b3be7e0be8bc6a8a8c6ed2029be58db21fd792a1b1,True,True,22,-1168,-0.22247746177597205,0.669176633554565,3.874185647014155,0.8416293537361783,4.872597456116387,44999843,40011152,10367372,"{""values"": {""shape"": [863876], ""dtype"": ""<i8"", ""nbytes"": 6911008}, ""indices"": {""shape"": [863876], ""dtype"": ""<i4"", ""nbytes"": 3455504}, ""indptr"": {""shape"": [215], ""dtype"": ""<i4"", ""nbytes"": 860}}",1,2.67200000000048,0.9529999999995198,185815040,0.011692596349725042,0.013150458652127786,0.05075201314277138
NCBI337,Spatial Transcriptomics,Mus musculus,Brain,success,32,E:\Hestdata\st\NCBI337.h5ad,2d750e8b234c974032605b339ba07ba02185b4c99b374486c4674196ddaf886b,D:\HEST1000BenchRun\COUNT-HEST-SHARED-K32-001\main\NCBI337\VALUE_K32\attempt01\RESULT.json,,188,23371,4393748,807440,491238,492193,385381,D:\HEST1000BenchRun\COUNT-HEST-SHARED-K32-001\main\NCBI337\VALUE_K32\attempt01\archive.cnt,212553c7193ed4721e81ecc9e763a66674fe7988fa442969b90b0529933983ba,True,True,23,-955,-0.1944067844914278,0.7016897646382997,3.8182998117507183,0.8961697393660265,4.87657782621619,40143667,35149984,9690036,"{""values"": {""shape"": [807440], ""dtype"": ""<i8"", ""nbytes"": 6459520}, ""indices"": {""shape"": [807440], ""dtype"": ""<i4"", ""nbytes"": 3229760}, ""indptr"": {""shape"": [189], ""dtype"": ""<i4"", ""nbytes"": 756}}",1,2.67200000000048,0.9529999999995198,184557568,0.012260788233421725,0.014002652177594164,0.05079372254138168
NCBI338,Spatial Transcriptomics,Mus musculus,Brain,success,32,E:\Hestdata\st\NCBI338.h5ad,b6674c829e150db5807bda67f8cdcd4abcdc3632aee4593b8687e769022d39fa,D:\HEST1000BenchRun\COUNT-HEST-SHARED-K32-001\main\NCBI338\VALUE_K32\attempt01\RESULT.json,,240,23371,5609040,1031601,597787,597172,488466,D:\HEST1000BenchRun\COUNT-HEST-SHARED-K32-001\main\NCBI338\VALUE_K32\attempt01\archive.cnt,ce4041f9d3e783ba4a316ad61d5656818fd0952bfa96d2248b175ac854908870,True,True,22,615,0.10287945371846494,0.6966839245218434,3.7880226948209628,0.8517279249211986,4.631030795821252,49875923,44872320,12380176,"{""values"": {""shape"": [1031601], ""dtype"": ""<i8"", ""nbytes"": 8252808}, ""indices"": {""shape"": [1031601], ""dtype"": ""<i4"", ""nbytes"": 4126404}, ""indptr"": {""shape"": [241], ""dtype"": ""<i4"", ""nbytes"": 964}}",1,2.8439999999991414,1.0939999999991414,187510784,0.011973151855254889,0.013308248826893729,0.048236147854440845
NCBI339,Spatial Transcriptomics,Mus musculus,Brain,success,32,E:\Hestdata\st\NCBI339.h5ad,fcb94996a2bac23c9dcaf60e263769c3e48d80adf383ad35a9c3a07242715126,D:\HEST1000BenchRun\COUNT-HEST-SHARED-K32-001\main\NCBI339\VALUE_K32\attempt01\RESULT.json,,245,23371,5725895,1022912,595604,594993,486469,D:\HEST1000BenchRun\COUNT-HEST-SHARED-K32-001\main\NCBI339\VALUE_K32\attempt01\archive.cnt,7c8cca380d1840444aafd17cbefe4e9373865d7df070c64e315f2e12efba5e46,True,True,22,611,0.10258493898630634,0.6796757537467941,3.8045814302696614,0.8313013074811886,4.653326972408184,50820323,45807160,12275928,"{""values"": {""shape"": [1022912], ""dtype"": ""<i8"", ""nbytes"": 8183296}, ""indices"": {""shape"": [1022912], ""dtype"": ""<i4"", ""nbytes"": 4091648}, ""indptr"": {""shape"": [246], ""dtype"": ""<i4"", ""nbytes"": 984}}",1,2.82799999999952,1.0930000000007567,187629568,0.011707776827786003,0.012989082929393572,0.04846827058614225
NCBI34,Spatial Transcriptomics,Mus musculus,Spinal cord,success,32,E:\Hestdata\st\NCBI34.h5ad,c7407af4b40ebefd387a393e103d827bf768dd4a3c437687e59f409177e3c348,D:\HEST1000BenchRun\COUNT-HEST-SHARED-K32-001\main\NCBI34\VALUE_K32\attempt01\RESULT.json,,212,15522,3290664,356447,272771,275126,195643,D:\HEST1000BenchRun\COUNT-HEST-SHARED-K32-001\main\NCBI34\VALUE_K32\attempt01\archive.cnt,54dadb89aa04d2aec3d20634ac1c006f2f026b4f840238b4e06801789a2326fe,True,True,21,-2355,-0.8633615743609108,0.47563166582793015,4.390958543626402,0.6688643994038893,6.174853484529256,30606986,26325312,4278216,"{""values"": {""shape"": [356447], ""dtype"": ""<i8"", ""nbytes"": 2851576}, ""indices"": {""shape"": [356447], ""dtype"": ""<i4"", ""nbytes"": 1425788}, ""indptr"": {""shape"": [213], ""dtype"": ""<i4"", ""nbytes"": 852}}",1,2.20299999999952,0.9529999999995198,175177728,0.008988993558529416,0.01045100624068577,0.06430858095991414
NCBI340,Spatial Transcriptomics,Mus musculus,Brain,success,32,E:\Hestdata\st\NCBI340.h5ad,21008280295a014f509f49ea1c89882d38eb08c17801a1ea1fe31048e9c9c001,D:\HEST1000BenchRun\COUNT-HEST-SHARED-K32-001\main\NCBI340\VALUE_K32\attempt01\RESULT.json,,276,23371,6450396,1213556,700672,700137,589481,D:\HEST1000BenchRun\COUNT-HEST-SHARED-K32-001\main\NCBI340\VALUE_K32\attempt01\archive.cnt,3afba040cac01a08038c0864b98f87ee622639ad8c73e01ac2399da4c6549e92,True,True,23,535,0.07635527036901717,0.7310943390142248,3.8859747716627826,0.8683336650959104,4.615440902603588,56619107,51603168,14563780,"{""values"": {""shape"": [1213556], ""dtype"": ""<i8"", ""nbytes"": 9708448}, ""indices"": {""shape"": [1213556], ""dtype"": ""<i4"", ""nbytes"": 4854224}, ""indptr"": {""shape"": [277], ""dtype"": ""<i4"", ""nbytes"": 1108}}",1,3.139999999999418,1.110000000000582,189915136,0.012365737241316788,0.0135677135171236,0.0480738517060818
NCBI341,Spatial Transcriptomics,Mus musculus,Brain,success,32,E:\Hestdata\st\NCBI341.h5ad,00258f3687d52019a30f5a89a98dfdd1fa0ac894be503fcf9679bcee0645a867,D:\HEST1000BenchRun\COUNT-HEST-SHARED-K32-001\main\NCBI341\VALUE_K32\attempt01\RESULT.json,,279,23371,6520509,1124720,651391,650978,541308,D:\HEST1000BenchRun\COUNT-HEST-SHARED-K32-001\main\NCBI341\VALUE_K32\attempt01\archive.cnt,f2c1eb74a18fcce13dc741d1ade796efc833609bcc408cbb13e3cd71639e2280,True,True,22,413,0.06340277959013864,0.6641297481530967,3.8502596201721317,0.7986836610454797,4.630329326410129,57174371,52164072,13497760,"{""values"": {""shape"": [1124720], ""dtype"": ""<i8"", ""nbytes"": 8997760}, ""indices"": {""shape"": [1124720], ""dtype"": ""<i4"", ""nbytes"": 4498880}, ""indptr"": {""shape"": [280], ""dtype"": ""<i4"", ""nbytes"": 1120}}",1,2.985000000000582,1.0939999999991414,188755968,0.01138583579695175,0.01247943220383562,0.04822859496686858
NCBI342,Spatial Transcriptomics,Mus musculus,Brain,success,32,E:\Hestdata\st\NCBI342.h5ad,7bacc87cb6043973f0dc37e9dd8ded3748497ffb4daf90ea659349f179f17e98,D:\HEST1000BenchRun\COUNT-HEST-SHARED-K32-001\main\NCBI342\VALUE_K32\attempt01\RESULT.json,,250,23371,5842750,1074577,618749,618154,508975,D:\HEST1000BenchRun\COUNT-HEST-SHARED-K32-001\main\NCBI342\VALUE_K32\attempt01\archive.cnt,95cf737036b0add6c18776de4cdd24e9ec78e22f7ecc0911dd8ff7e7432a92c1,True,True,22,595,0.09616177157458032,0.6968978648752727,3.7892119410707656,0.8463877454965556,4.602026657931447,51734723,46742000,12895928,"{""values"": {""shape"": [1074577], ""dtype"": ""<i8"", ""nbytes"": 8596616}, ""indices"": {""shape"": [1074577], ""dtype"": ""<i4"", ""nbytes"": 4298308}, ""indptr"": {""shape"": [251], ""dtype"": ""<i4"", ""nbytes"": 1004}}",1,3.0,1.109999999998763,188489728,0.011948532129958443,0.013224808523383681,0.04793404553747509
NCBI343,Spatial Transcriptomics,Mus musculus,Brain,success,32,E:\Hestdata\st\NCBI343.h5ad,f79f9c1f7df55730f13bcc928bccff235029e71f5dec23c6f05f475b00f2f46f,D:\HEST1000BenchRun\COUNT-HEST-SHARED-K32-001\main\NCBI343\VALUE_K32\attempt01\RESULT.json,,237,23371,5538927,944195,557432,557547,449635,D:\HEST1000BenchRun\COUNT-HEST-SHARED-K32-001\main\NCBI343\VALUE_K32\attempt01\archive.cnt,a7704949c4aff0b01639514e8d79a05966917deae54ef134f1581abb556171a0,True,True,22,-115,-0.02063031903442931,0.6494181995899205,3.8096791446682094,0.805277989762277,4.723998750258157,49317683,44311416,11331292,"{""values"": {""shape"": [944195], ""dtype"": ""<i8"", ""nbytes"": 7553560}, ""indices"": {""shape"": [944195], ""dtype"": ""<i4"", ""nbytes"": 3776780}, ""indptr"": {""shape"": [238], ""dtype"": ""<i4"", ""nbytes"": 952}}",1,2.7039999999997235,1.4060000000008586,186740736,0.011305214805002092,0.012582468590035579,0.04920418607163243
NCBI344,Spatial Transcriptomics,Mus musculus,Brain,success,32,E:\Hestdata\st\NCBI344.h5ad,f59164b677d804d54c80d5fdbe88b144d0aafd21b9aca5230c4c1615f264df3d,D:\HEST1000BenchRun\COUNT-HEST-SHARED-K32-001\main\NCBI344\VALUE_K32\attempt01\RESULT.json,,406,23371,9488626,1874358,1035066,1032842,916893,D:\HEST1000BenchRun\COUNT-HEST-SHARED-K32-001\main\NCBI344\VALUE_K32\attempt01\archive.cnt,e20c4f79c173812c8068e5fdf95080cbc788318f7f416c5c87bf5d35af607d59,True,True,22,2224,0.21486552548339913,0.7730459605004982,3.9134167538965343,0.8708042660760367,4.4083019359161915,80945739,75909008,22493924,"{""values"": {""shape"": [1874358], ""dtype"": ""<i8"", ""nbytes"": 14994864}, ""indices"": {""shape"": [1874358], ""dtype"": ""<i4"", ""nbytes"": 7497432}, ""indptr"": {""shape"": [407], ""dtype"": ""<i4"", ""nbytes"": 1628}}",1,3.6410000000014406,1.4219999999986612,198512640,0.012759683372586171,0.013606316657438073,0.0459164883814847
NCBI345,Spatial Transcriptomics,Mus musculus,Brain,success,32,E:\Hestdata\st\NCBI345.h5ad,395a3cb8a6a5a4fcec3fe45929300f445f48892ef284617b5222ddf68fd5fb02,D:\HEST1000BenchRun\COUNT-HEST-SHARED-K32-001\main\NCBI345\VALUE_K32\attempt01\RESULT.json,,386,23371,9021206,1667418,930932,928443,813472,D:\HEST1000BenchRun\COUNT-HEST-SHARED-K32-001\main\NCBI345\VALUE_K32\attempt01\archive.cnt,7907878e6c328b07bb47e5600677baa5dc358f1d06fbdc6e36aca9b7a964e0a6,True,True,22,2489,0.2673664671533474,0.7213864753781257,3.9029061698986096,0.8233426883279242,4.454518303148941,77209979,72169648,20010564,"{""values"": {""shape"": [1667418], ""dtype"": ""<i8"", ""nbytes"": 13339344}, ""indices"": {""shape"": [1667418], ""dtype"": ""<i4"", ""nbytes"": 6669672}, ""indptr"": {""shape"": [387], ""dtype"": ""<i4"", ""nbytes"": 1548}}",1,3.4689999999991414,1.2660000000014406,195969024,0.012024909370847,0.012864729505123816,0.04639764276509148
NCBI346,Spatial Transcriptomics,Mus musculus,Brain,success,32,E:\Hestdata\st\NCBI346.h5ad,0feaf6ae55e1261cabfe4287c276b450134cf9d01380bb8dacc59f19683250de,D:\HEST1000BenchRun\COUNT-HEST-SHARED-K32-001\main\NCBI346\VALUE_K32\attempt01\RESULT.json,,419,23371,9792449,1646112,907129,903109,788929,D:\HEST1000BenchRun\COUNT-HEST-SHARED-K32-001\main\NCBI346\VALUE_K32\attempt01\archive.cnt,8414e70ba3e0cc1931ecbe1c777195572530908e689b241025118ad9745cc748,True,True,22,4020,0.4431563757745591,0.6445202829241183,3.8341449427499463,0.7378003194093735,4.389052506755312,83353883,78339592,19755024,"{""values"": {""shape"": [1646112], ""dtype"": ""<i8"", ""nbytes"": 13168896}, ""indices"": {""shape"": [1646112], ""dtype"": ""<i4"", ""nbytes"": 6584448}, ""indptr"": {""shape"": [420], ""dtype"": ""<i4"", ""nbytes"": 1680}}",1,3.45299999999952,1.7190000000009604,195633152,0.010834636222046189,0.011528129990771461,0.045715408900540946
NCBI347,Spatial Transcriptomics,Mus musculus,Brain,success,32,E:\Hestdata\st\NCBI347.h5ad,a2ba3c2a6d8a644b4602ec6c728a8bf5d49dec1e5a9c2051a5dcd4f27e2d75bf,D:\HEST1000BenchRun\COUNT-HEST-SHARED-K32-001\main\NCBI347\VALUE_K32\attempt01\RESULT.json,,428,23371,10002788,1672160,921907,918094,803423,D:\HEST1000BenchRun\COUNT-HEST-SHARED-K32-001\main\NCBI347\VALUE_K32\attempt01\archive.cnt,45579f8738000f53c7d8939868068e1eca3838e1eb4af83f9e8c43d88758d4d9,True,True,21,3813,0.4135992025225972,0.6425592544798511,3.8437613625490386,0.7342704853886737,4.392373935508564,85037675,80022304,20067636,"{""values"": {""shape"": [1672160], ""dtype"": ""<i8"", ""nbytes"": 13377280}, ""indices"": {""shape"": [1672160], ""dtype"": ""<i4"", ""nbytes"": 6688640}, ""indptr"": {""shape"": [429], ""dtype"": ""<i4"", ""nbytes"": 1716}}",1,3.6090000000003783,1.2969999999986612,196665344,0.01079632057202881,0.011472976334198026,0.045749982708476473
NCBI348,Spatial Transcriptomics,Mus musculus,Brain,success,32,E:\Hestdata\st\NCBI348.h5ad,1995919c70cbdb1a841d774dfe100c8a3b3bfe591b7d44396a05532bbbf93d60,D:\HEST1000BenchRun\COUNT-HEST-SHARED-K32-001\main\NCBI348\VALUE_K32\attempt01\RESULT.json,,479,23371,11194709,1836522,999887,994170,878969,D:\HEST1000BenchRun\COUNT-HEST-SHARED-K32-001\main\NCBI348\VALUE_K32\attempt01\archive.cnt,5c2d90358c33de30b5924958e03d9b1dfe53452a39b622943dd53fc3ae43687b,True,True,21,5717,0.5717646094008623,0.6281317361621459,3.8288416909789267,0.7104570560967686,4.330664157576114,94585163,89557672,22040184,"{""values"": {""shape"": [1836522], ""dtype"": ""<i8"", ""nbytes"": 14692176}, ""indices"": {""shape"": [1836522], ""dtype"": ""<i4"", ""nbytes"": 7346088}, ""indptr"": {""shape"": [480], ""dtype"": ""<i4"", ""nbytes"": 1920}}",1,3.7810000000008586,1.4220000000004802,198610944,0.010510845131175594,0.011100891501512009,0.04510715518527431
NCBI349,Spatial Transcriptomics,Mus musculus,Brain,success,32,E:\Hestdata\st\NCBI349.h5ad,7165b3fc5404b2a99e42b205fab4cb7cddad7cf0e17b2279d4702b7dd2ad4b08,D:\HEST1000BenchRun\COUNT-HEST-SHARED-K32-001\main\NCBI349\VALUE_K32\attempt01\RESULT.json,,478,23371,11171338,2220689,1158665,1150983,1033950,D:\HEST1000BenchRun\COUNT-HEST-SHARED-K32-001\main\NCBI349\VALUE_K32\attempt01\archive.cnt,e6e025525ab1f478d13895672827ea9b9e194aa0a2f3e7720962cb03f9dd3544,True,True,22,7682,0.6630044059326897,0.7404305554088507,3.724789918804479,0.824240032841187,4.146399608409823,94392075,89370704,26650184,"{""values"": {""shape"": [2220689], ""dtype"": ""<i8"", ""nbytes"": 17765512}, ""indices"": {""shape"": [2220689], ""dtype"": ""<i4"", ""nbytes"": 8882756}, ""indptr"": {""shape"": [479], ""dtype"": ""<i4"", ""nbytes"": 1916}}",1,4.140999999999622,1.5779999999995198,202682368,0.012193640197018659,0.012878750513143546,0.04318855734729636
NCBI35,Spatial Transcriptomics,Mus musculus,Spinal cord,success,32,E:\Hestdata\st\NCBI35.h5ad,c9a09083ce2f4b8774efb026809aad4ef319e3087eec5a0e3074c4aa7c93b79b,D:\HEST1000BenchRun\COUNT-HEST-SHARED-K32-001\main\NCBI35\VALUE_K32\attempt01\RESULT.json,,249,15193,3783057,375758,292595,295102,215532,D:\HEST1000BenchRun\COUNT-HEST-SHARED-K32-001\main\NCBI35\VALUE_K32\attempt01\archive.cnt,81da37dcd38839544037a28d55ad681b36a2d4be6fb480218e80a729b9060785,True,True,20,-2507,-0.8568157350604078,0.4557837748677855,4.588740625615423,0.6240498094530429,6.2828096806987475,34528889,30264456,4510096,"{""values"": {""shape"": [375758], ""dtype"": ""<i8"", ""nbytes"": 3006064}, ""indices"": {""shape"": [375758], ""dtype"": ""<i4"", ""nbytes"": 1503032}, ""indptr"": {""shape"": [250], ""dtype"": ""<i4"", ""nbytes"": 1000}}",1,2.2180000000007567,0.7809999999990396,175210496,0.008546524621744997,0.009750778272703795,0.06543142318921814
NCBI350,Spatial Transcriptomics,Mus musculus,Brain,success,32,E:\Hestdata\st\NCBI350.h5ad,4252fc6fa5df3592490b7af86f1a618202cb045d4d6c2209db908c768d3da527,D:\HEST1000BenchRun\COUNT-HEST-SHARED-K32-001\main\NCBI350\VALUE_K32\attempt01\RESULT.json,,490,23371,11451790,2111182,1122873,1115514,998447,D:\HEST1000BenchRun\COUNT-HEST-SHARED-K32-001\main\NCBI350\VALUE_K32\attempt01\archive.cnt,8dc903f0940fcd2a5c05102c46455c616f9d9d0338bbda730f1539beef6d74ca,True,True,22,7359,0.6553724241298883,0.6974958499937565,3.7834615869214496,0.77927660217311,4.2270690068407175,96649131,91614320,25336148,"{""values"": {""shape"": [2111182], ""dtype"": ""<i8"", ""nbytes"": 16889456}, ""indices"": {""shape"": [2111182], ""dtype"": ""<i4"", ""nbytes"": 8444728}, ""indptr"": {""shape"": [491], ""dtype"": ""<i4"", ""nbytes"": 1964}}",1,4.125,1.9069999999992433,201605120,0.011541893739323947,0.012176196908954844,0.04402855556416863
NCBI351,Spatial Transcriptomics,Mus musculus,Brain,success,32,E:\Hestdata\st\NCBI351.h5ad,772ce06134668549e51ec61d8df73dccccc95ada4b469c1ef9e3d60a402fb063,D:\HEST1000BenchRun\COUNT-HEST-SHARED-K32-001\main\NCBI351\VALUE_K32\attempt01\RESULT.json,,484,23371,11311564,2331228,1223843,1217028,1099556,D:\HEST1000BenchRun\COUNT-HEST-SHARED-K32-001\main\NCBI351\VALUE_K32\attempt01\archive.cnt,e041f5227b537ad49f1867a4f40b4dd6138333e30ad38d99f370725ed86b8ab5,True,True,22,6815,0.5568524720899658,0.7776509066297109,3.7733108902260954,0.8607319023257969,4.176435766900535,95520603,90492512,27976676,"{""values"": {""shape"": [2331228], ""dtype"": ""<i8"", ""nbytes"": 18649824}, ""indices"": {""shape"": [2331228], ""dtype"": ""<i4"", ""nbytes"": 9324912}, ""indptr"": {""shape"": [485], ""dtype"": ""<i4"", ""nbytes"": 1940}}",1,4.328000000001339,1.5939999999991414,204320768,0.012740999970446167,0.013448935973840576,0.04350152248251365
NCBI352,Spatial Transcriptomics,Mus musculus,Brain,success,32,E:\Hestdata\st\NCBI352.h5ad,0cbcb267eeafc31090b045459fbce649cc07fc5857732fff8376beb13a6f469f,D:\HEST1000BenchRun\COUNT-HEST-SHARED-K32-001\main\NCBI352\VALUE_K32\attempt01\RESULT.json,,524,23371,12246404,2621895,1396257,1390050,1270641,D:\HEST1000BenchRun\COUNT-HEST-SHARED-K32-001\main\NCBI352\VALUE_K32\attempt01\archive.cnt,80d4d01c1ef099581f14ce36928d63d3d543346699f0c66d99de152fdd087e90,True,True,23,6207,0.44454566745233864,0.8300500293800531,3.8770156699639,0.9080543153729046,4.241359779853885,103007123,97971232,31464840,"{""values"": {""shape"": [2621895], ""dtype"": ""<i8"", ""nbytes"": 20975160}, ""indices"": {""shape"": [2621895], ""dtype"": ""<i4"", ""nbytes"": 10487580}, ""indptr"": {""shape"": [525], ""dtype"": ""<i4"", ""nbytes"": 2100}}",1,4.625,1.7340000000003783,208310272,0.013494697837546633,0.014188348677701634,0.04417788236012006
NCBI353,Spatial Transcriptomics,Mus musculus,Brain,success,32,E:\Hestdata\st\NCBI353.h5ad,a6148f06431310bb75546d8136bef7d5efb10d603633caace06bc737475408c8,D:\HEST1000BenchRun\COUNT-HEST-SHARED-K32-001\main\NCBI353\VALUE_K32\attempt01\RESULT.json,,548,23371,12807308,2404571,1273039,1266532,1147707,D:\HEST1000BenchRun\COUNT-HEST-SHARED-K32-001\main\NCBI353\VALUE_K32\attempt01\archive.cnt,b1368c385458d768b353cbc40067a91399ac3f739e00134ac5f5bd9d2bf7e59c,True,True,21,6507,0.5111390931464,0.7169075655867728,3.8184175056590135,0.791130813751024,4.213747899313432,107488235,102458464,28857048,"{""values"": {""shape"": [2404571], ""dtype"": ""<i8"", ""nbytes"": 19236568}, ""indices"": {""shape"": [2404571], ""dtype"": ""<i4"", ""nbytes"": 9618284}, ""indptr"": {""shape"": [549], ""dtype"": ""<i4"", ""nbytes"": 2196}}",1,4.281000000000859,1.5779999999995198,205504512,0.011782982574790627,0.01236141896485975,0.043889867043919395
NCBI354,Spatial Transcriptomics,Mus musculus,Brain,success,32,E:\Hestdata\st\NCBI354.h5ad,6aa5db64a8891473f2d8cbae5435ebd2ed4d188c267862f9e68dc4bd7e712572,D:\HEST1000BenchRun\COUNT-HEST-SHARED-K32-001\main\NCBI354\VALUE_K32\attempt01\RESULT.json,,527,23371,12316517,2464524,1286599,1279212,1161640,D:\HEST1000BenchRun\COUNT-HEST-SHARED-K32-001\main\NCBI354\VALUE_K32\attempt01\archive.cnt,2f8517b850d3e402c51e9a6c738d89d869bf10b18d80854b50b51481c78af838,True,True,22,7387,0.5741493658863407,0.7545250008586031,3.7707565436571118,0.8308920452105087,4.152402654630265,103565387,98532136,29576400,"{""values"": {""shape"": [2464524], ""dtype"": ""<i8"", ""nbytes"": 19716192}, ""indices"": {""shape"": [2464524], ""dtype"": ""<i4"", ""nbytes"": 9858096}, ""indptr"": {""shape"": [528], ""dtype"": ""<i4"", ""nbytes"": 2112}}",1,4.5,1.8439999999991414,206659584,0.012351732920188865,0.0129826882064142,0.04325110561123058
NCBI355,Spatial Transcriptomics,Mus musculus,Brain,success,32,E:\Hestdata\st\NCBI355.h5ad,474592764233bca26e6a0b0bb54761bda6e109379302be39fa5e9238db991bbb,D:\HEST1000BenchRun\COUNT-HEST-SHARED-K32-001\main\NCBI355\VALUE_K32\attempt01\RESULT.json,,450,23371,10516950,3018676,1547032,1540142,1421904,D:\HEST1000BenchRun\COUNT-HEST-SHARED-K32-001\main\NCBI355\VALUE_K32\attempt01\archive.cnt,0c0bbbe8fba6b392d1a339a3e5de451bfc092b961105b103aa7844611198fa93,True,True,24,6890,0.4453689387161998,1.0816094019653988,3.768285168729602,1.1715503068855515,4.081635789995349,89162611,84135600,36225916,"{""values"": {""shape"": [3018676], ""dtype"": ""<i8"", ""nbytes"": 24149408}, ""indices"": {""shape"": [3018676], ""dtype"": ""<i4"", ""nbytes"": 12074704}, ""indptr"": {""shape"": [451], ""dtype"": ""<i4"", ""nbytes"": 1804}}",1,5.125,1.9369999999998981,212733952,0.017273406226293666,0.018305473545086742,0.04251492218995925
NCBI357,Spatial Transcriptomics,Mus musculus,Brain,success,32,E:\Hestdata\st\NCBI357.h5ad,97d1e026e2c3baff7bff36b92b6857f5220e6b95c67ff092ea725c996c6c90bd,D:\HEST1000BenchRun\COUNT-HEST-SHARED-K32-001\main\NCBI357\VALUE_K32\attempt01\RESULT.json,,469,23371,10960999,2702931,1410517,1405925,1287882,D:\HEST1000BenchRun\COUNT-HEST-SHARED-K32-001\main\NCBI357\VALUE_K32\attempt01\archive.cnt,3bcc112f63704f002fe654a70c4ba6821ca63ed5468bcd6c6d4c9836a1519b37,True,True,24,4592,0.32555438892264327,0.9399741757115387,3.8118087365160265,1.026129096444585,4.161186504575959,92723283,87687992,32437052,"{""values"": {""shape"": [2702931], ""dtype"": ""<i8"", ""nbytes"": 21623448}, ""indices"": {""shape"": [2702931], ""dtype"": ""<i4"", ""nbytes"": 10811724}, ""indptr"": {""shape"": [470], ""dtype"": ""<i4"", ""nbytes"": 1880}}",1,4.859000000000378,1.764999999999418,209076224,0.015162588667185135,0.01603326713194664,0.043343180508512304
NCBI358,Spatial Transcriptomics,Mus musculus,Brain,success,32,E:\Hestdata\st\NCBI358.h5ad,096a18639451275c4219d775496e57038f9d8c0bf707cdaa18ab9827c0ab5cc0,D:\HEST1000BenchRun\COUNT-HEST-SHARED-K32-001\main\NCBI358\VALUE_K32\attempt01\RESULT.json,,460,23371,10750660,2565263,1343851,1338914,1221419,D:\HEST1000BenchRun\COUNT-HEST-SHARED-K32-001\main\NCBI358\VALUE_K32\attempt01\archive.cnt,3c80ca838d975779d794ca97ad1fe95c248faded190440e3bd485c8fa30c8139,True,True,23,4937,0.3673770380793704,0.9089071740711733,3.8091033940769425,0.9963399456405467,4.175521964024742,91027491,86005280,30785000,"{""values"": {""shape"": [2565263], ""dtype"": ""<i8"", ""nbytes"": 20522104}, ""indices"": {""shape"": [2565263], ""dtype"": ""<i4"", ""nbytes"": 10261052}, ""indptr"": {""shape"": [461], ""dtype"": ""<i4"", ""nbytes"": 1844}}",1,4.563000000000102,1.625,207237120,0.01470889711768503,0.015567811650633543,0.04349241513724216
NCBI359,Spatial Transcriptomics,Mus musculus,Brain,success,32,E:\Hestdata\st\NCBI359.h5ad,bffd7c469575ea101b6a4811075c7ff23ac28a00d27f806f5a4adb37e987c3b8,D:\HEST1000BenchRun\COUNT-HEST-SHARED-K32-001\main\NCBI359\VALUE_K32\attempt01\RESULT.json,,494,23371,11545274,2659964,1406149,1402070,1283476,D:\HEST1000BenchRun\COUNT-HEST-SHARED-K32-001\main\NCBI359\VALUE_K32\attempt01\archive.cnt,9072f3b07daaecc884005bcc398c43087574604cc855c2440fa1794caa4e134e,True,True,24,4079,0.29008305663197853,0.88935160828578,3.86013043785555,0.9715282634262297,4.216808949294051,97397483,92362192,31921548,"{""values"": {""shape"": [2659964], ""dtype"": ""<i8"", ""nbytes"": 21279712}, ""indices"": {""shape"": [2659964], ""dtype"": ""<i4"", ""nbytes"": 10639856}, ""indptr"": {""shape"": [495], ""dtype"": ""<i4"", ""nbytes"": 1980}}",1,4.57799999999952,1.75,208457728,0.014395341201989788,0.015180129116034839,0.04392236867710801
NCBI36,Spatial Transcriptomics,Mus musculus,Spinal cord,success,32,E:\Hestdata\st\NCBI36.h5ad,e7956fe623294530bfc2baab4ef4c8b7e2e5e10979c0370f2e88afb5200dd068,D:\HEST1000BenchRun\COUNT-HEST-SHARED-K32-001\main\NCBI36\VALUE_K32\attempt01\RESULT.json,,265,14766,3912990,295407,250859,253331,176136,D:\HEST1000BenchRun\COUNT-HEST-SHARED-K32-001\main\NCBI36\VALUE_K32\attempt01\archive.cnt,494396d97e7009acdf2a9f5f61f687ec2b6add12fbd6274562d99c9ec6674e9e,True,True,19,-2472,-0.9854141170936661,0.3601051881042374,4.769988524307142,0.5179282339080856,6.860528017277858,35544606,31303920,3545948,"{""values"": {""shape"": [295407], ""dtype"": ""<i8"", ""nbytes"": 2363256}, ""indices"": {""shape"": [295407], ""dtype"": ""<i4"", ""nbytes"": 1181628}, ""indptr"": {""shape"": [266], ""dtype"": ""<i4"", ""nbytes"": 1064}}",1,2.109999999998763,0.8280000000013388,174317568,0.0071271292189875445,0.008092628654813838,0.07144239001812773
NCBI360,Spatial Transcriptomics,Mus musculus,Brain,success,32,E:\Hestdata\st\NCBI360.h5ad,b737a3fa6da2b5cd38ed5d32a3a65be490756675402a45f81fcd67876088ef67,D:\HEST1000BenchRun\COUNT-HEST-SHARED-K32-001\main\NCBI360\VALUE_K32\attempt01\RESULT.json,,508,23371,11872468,2799791,1445023,1437225,1318378,D:\HEST1000BenchRun\COUNT-HEST-SHARED-K32-001\main\NCBI360\VALUE_K32\attempt01\archive.cnt,f6fdf8ac889c1a6f5b5ee5e39fa311fb3cffa4f65b2a53cb17b44b55f3519d2a,True,True,24,7798,0.5396453897273608,0.8883598591295424,3.7670754709905134,0.9684422817564132,4.1066636759672415,100013715,94979744,33599528,"{""values"": {""shape"": [2799791], ""dtype"": ""<i8"", ""nbytes"": 22398328}, ""indices"": {""shape"": [2799791], ""dtype"": ""<i4"", ""nbytes"": 11199164}, ""indptr"": {""shape"": [509], ""dtype"": ""<i4"", ""nbytes"": 2036}}",1,4.859999999998763,1.734999999998763,211288064,0.014370279116219211,0.015131910652443957,0.04277515446050314
NCBI363,Spatial Transcriptomics,Mus musculus,Brain,success,32,E:\Hestdata\st\NCBI363.h5ad,b8b2000acaee6130e1a45006f6e9429f7b972a87a31f7667718bf1a994c42b6f,D:\HEST1000BenchRun\COUNT-HEST-SHARED-K32-001\main\NCBI363\VALUE_K32\attempt01\RESULT.json,,508,23371,11872468,2211899,1214213,1212600,1094223,D:\HEST1000BenchRun\COUNT-HEST-SHARED-K32-001\main\NCBI363\VALUE_K32\attempt01\archive.cnt,61169ec66a0d6fb553f5fa30ffbcae3a43e83e2f53651f8a4655617908a68aed,True,True,22,1613,0.13284324908397455,0.737317969608341,3.9575875752012184,0.8170836931293477,4.385733706647546,100025715,94979744,26544824,"{""values"": {""shape"": [2211899], ""dtype"": ""<i8"", ""nbytes"": 17695192}, ""indices"": {""shape"": [2211899], ""dtype"": ""<i4"", ""nbytes"": 8847596}, ""indptr"": {""shape"": [509], ""dtype"": ""<i4"", ""nbytes"": 2036}}",1,4.07799999999952,1.5619999999998981,208265216,0.01212288260073922,0.012766932705146058,0.04568122207176811
NCBI364,Spatial Transcriptomics,Mus musculus,Brain,success,32,E:\Hestdata\st\NCBI364.h5ad,d5757a3479e76603a2f6fa6c6d2d57319a999e7c1454700ecccbef72bb7f3381,D:\HEST1000BenchRun\COUNT-HEST-SHARED-K32-001\main\NCBI364\VALUE_K32\attempt01\RESULT.json,,606,23371,14162826,2804256,1468837,1460570,1339332,D:\HEST1000BenchRun\COUNT-HEST-SHARED-K32-001\main\NCBI364\VALUE_K32\attempt01\archive.cnt,38a03e7eca7b906ef0b3d918c58ef598531c8f2eddb6576bcee561b19535e484,True,True,22,8267,0.5628262359948721,0.756533759575949,3.8208551573037552,0.8250161373160978,4.166723722798489,118349435,113302608,33653500,"{""values"": {""shape"": [2804256], ""dtype"": ""<i8"", ""nbytes"": 22434048}, ""indices"": {""shape"": [2804256], ""dtype"": ""<i4"", ""nbytes"": 11217024}, ""indptr"": {""shape"": [607], ""dtype"": ""<i4"", ""nbytes"": 2428}}",1,4.71900000000096,2.3590000000003783,229027840,0.012341165802777174,0.012890877145564028,0.043400240688189935
NCBI365,Spatial Transcriptomics,Mus musculus,Brain,success,32,E:\Hestdata\st\NCBI365.h5ad,cf59b44ea3eab28c4c9063bdadbb291bd050a444463e262f25587cb93d4341a8,D:\HEST1000BenchRun\COUNT-HEST-SHARED-K32-001\main\NCBI365\VALUE_K32\attempt01\RESULT.json,,617,23371,14419907,2900277,1503780,1492658,1371269,D:\HEST1000BenchRun\COUNT-HEST-SHARED-K32-001\main\NCBI365\VALUE_K32\attempt01\archive.cnt,7309f8456afe32640b3a79166dcfb8f8202ad9ca82963d4a60896f6a87623e54,True,True,22,11122,0.739602867440716,0.7607644071490891,3.78244974531743,0.828109640374241,4.117283969772543,120404403,115359256,34805796,"{""values"": {""shape"": [2900277], ""dtype"": ""<i8"", ""nbytes"": 23202216}, ""indices"": {""shape"": [2900277], ""dtype"": ""<i4"", ""nbytes"": 11601108}, ""indptr"": {""shape"": [618], ""dtype"": ""<i4"", ""nbytes"": 2472}}",1,4.875,1.889999999999418,211927040,0.012397038337543187,0.012939213130847515,0.04288532863894278
NCBI366,Spatial Transcriptomics,Mus musculus,Brain,success,32,E:\Hestdata\st\NCBI366.h5ad,6110e7d891367ccde35ea226d50de791c13f8cf912d0ba136d3cf455aece4ec6,D:\HEST1000BenchRun\COUNT-HEST-SHARED-K32-001\main\NCBI366\VALUE_K32\attempt01\RESULT.json,,639,23371,14934069,3222082,1647516,1637715,1516310,D:\HEST1000BenchRun\COUNT-HEST-SHARED-K32-001\main\NCBI366\VALUE_K32\attempt01\archive.cnt,aea599d520b53e80504fd1f4e3446b0da7caa2f0ac4796176366d8e8a2908da1,True,True,22,9801,0.594895588267428,0.8122689134488397,3.764795557654957,0.8773041024519171,4.066227985507507,124529627,119472552,38667544,"{""values"": {""shape"": [3222082], ""dtype"": ""<i8"", ""nbytes"": 25776656}, ""indices"": {""shape"": [3222082], ""dtype"": ""<i4"", ""nbytes"": 12888328}, ""indptr"": {""shape"": [640], ""dtype"": ""<i4"", ""nbytes"": 2560}}",1,5.563000000000102,2.014999999999418,245923840,0.013151207784473649,0.013707876600811205,0.04235373728416783
NCBI367,Spatial Transcriptomics,Mus musculus,Brain,success,32,E:\Hestdata\st\NCBI367.h5ad,08725d549b475f6ec49ab4af25c53faf13a56072d65ab67b1eb07a1e2f3b8b6c,D:\HEST1000BenchRun\COUNT-HEST-SHARED-K32-001\main\NCBI367\VALUE_K32\attempt01\RESULT.json,,574,23371,13414954,2404688,1267472,1259308,1140023,D:\HEST1000BenchRun\COUNT-HEST-SHARED-K32-001\main\NCBI367\VALUE_K32\attempt01\archive.cnt,989267e5ab5fc026b93d3345cf0b5989e7ca2c0cdeb0b3421a4ab58881dbf30a,True,True,21,8164,0.6441167931125895,0.6798520516730806,3.792668321212565,0.7509875919067631,4.1895098241435065,112355523,107319632,28858556,"{""values"": {""shape"": [2404688], ""dtype"": ""<i8"", ""nbytes"": 19237504}, ""indices"": {""shape"": [2404688], ""dtype"": ""<i4"", ""nbytes"": 9618752}, ""indptr"": {""shape"": [575], ""dtype"": ""<i4"", ""nbytes"": 2300}}",1,4.42200000000048,1.6560000000008586,205242368,0.011208242962831476,0.011734181123543174,0.04363724920955851
NCBI369,Spatial Transcriptomics,Mus musculus,Brain,success,32,E:\Hestdata\st\NCBI369.h5ad,7a3228f1423552eb93f97a3ba20fb9fad1073d5dd49e283bb1d77b89db2d45bd,D:\HEST1000BenchRun\COUNT-HEST-SHARED-K32-001\main\NCBI369\VALUE_K32\attempt01\RESULT.json,,589,23371,13765519,3318103,1699643,1691372,1570107,D:\HEST1000BenchRun\COUNT-HEST-SHARED-K32-001\main\NCBI369\VALUE_K32\attempt01\archive.cnt,553867b52501293e4ff82cb1ab2c1864f1149a35ac7ca6ee3cfbb341cc3c7c7f,True,True,23,8271,0.4866316044016302,0.9124869174929038,3.7855533719116012,0.9829615577879773,4.077925248251788,115164843,110124152,39819596,"{""values"": {""shape"": [3318103], ""dtype"": ""<i8"", ""nbytes"": 26544824}, ""indices"": {""shape"": [3318103], ""dtype"": ""<i4"", ""nbytes"": 13272412}, ""indptr"": {""shape"": [590], ""dtype"": ""<i4"", ""nbytes"": 2360}}",1,5.25,2.3440000000009604,246358016,0.014686530680200727,0.015358774340437146,0.04247587042319566
NCBI37,Spatial Transcriptomics,Mus musculus,Spinal cord,success,32,E:\Hestdata\st\NCBI37.h5ad,9667b651c58d60aac429554f10dd3f2e058abf48b66f926584d2637dc923841d,D:\HEST1000BenchRun\COUNT-HEST-SHARED-K32-001\main\NCBI37\VALUE_K32\attempt01\RESULT.json,,210,14638,3073980,249663,218658,221242,146570,D:\HEST1000BenchRun\COUNT-HEST-SHARED-K32-001\main\NCBI37\VALUE_K32\attempt01\archive.cnt,747c3ed8bd4293658d11e1fa7631f330b6768715c61a5eaad795bad9e3ba29cd,True,True,19,-2584,-1.1817541548902852,0.38144685391577043,4.69657097767791,0.5757799335063989,7.0893003769080725,28783062,24591840,2996800,"{""values"": {""shape"": [249663], ""dtype"": ""<i8"", ""nbytes"": 1997304}, ""indices"": {""shape"": [249663], ""dtype"": ""<i4"", ""nbytes"": 998652}, ""indptr"": {""shape"": [211], ""dtype"": ""<i4"", ""nbytes"": 844}}",1,2.1090000000003783,0.7969999999986612,173223936,0.007686534532010528,0.008996561461037483,0.07382608115323011
NCBI370,Spatial Transcriptomics,Mus musculus,Brain,success,32,E:\Hestdata\st\NCBI370.h5ad,d857f9bafc7827bc70c88483d70d0a9bb76246876684e3b550d238a4ecd3aacd,D:\HEST1000BenchRun\COUNT-HEST-SHARED-K32-001\main\NCBI370\VALUE_K32\attempt01\RESULT.json,,576,23371,13461696,2589535,1341442,1331482,1211980,D:\HEST1000BenchRun\COUNT-HEST-SHARED-K32-001\main\NCBI370\VALUE_K32\attempt01\archive.cnt,d5c8d4f5f121c3d7a5699723ffa81986757add8e6b7497ff14721da0feda7c4b,True,True,22,9960,0.7424845800265685,0.7202539709706711,3.7442397959479212,0.7912714712915817,4.1134242248125625,112732699,107693568,31076728,"{""values"": {""shape"": [2589535], ""dtype"": ""<i8"", ""nbytes"": 20716280}, ""indices"": {""shape"": [2589535], ""dtype"": ""<i4"", ""nbytes"": 10358140}, ""indptr"": {""shape"": [577], ""dtype"": ""<i4"", ""nbytes"": 2308}}",1,5.03099999999904,1.985000000000582,216039424,0.01181096533491139,0.012363616738930964,0.04284498676952091
NCBI371,Spatial Transcriptomics,Mus musculus,Brain,success,32,E:\Hestdata\st\NCBI371.h5ad,6c8e20cc02f21990d2940e434bd30adab35e5a0c32a348cea9422c0d5a0b9e31,D:\HEST1000BenchRun\COUNT-HEST-SHARED-K32-001\main\NCBI371\VALUE_K32\attempt01\RESULT.json,,620,23371,14490020,2597334,1367957,1358570,1238198,D:\HEST1000BenchRun\COUNT-HEST-SHARED-K32-001\main\NCBI371\VALUE_K32\attempt01\archive.cnt,dc9017afc61d24b96081d227342b553f63a76a58241d25e5d26e09398e1f5a0b,True,True,21,9387,0.6862057798600395,0.6836142393178202,3.81375056115232,0.7500721186030109,4.18450611280644,120962667,115920160,31170492,"{""values"": {""shape"": [2597334], ""dtype"": ""<i8"", ""nbytes"": 20778672}, ""indices"": {""shape"": [2597334], ""dtype"": ""<i4"", ""nbytes"": 10389336}, ""indptr"": {""shape"": [621], ""dtype"": ""<i4"", ""nbytes"": 2484}}",1,4.625,1.8289999999997235,208285696,0.011231316518508972,0.011719876853172046,0.04358513173292228
NCBI372,Spatial Transcriptomics,Mus musculus,Brain,success,32,E:\Hestdata\st\NCBI372.h5ad,9a8ea529ca411920ee86ef75d2eaaf7d6d21c04bad8a57b5abbcd58d5551c033,D:\HEST1000BenchRun\COUNT-HEST-SHARED-K32-001\main\NCBI372\VALUE_K32\attempt01\RESULT.json,,536,23371,12526856,2315537,1227690,1221237,1102414,D:\HEST1000BenchRun\COUNT-HEST-SHARED-K32-001\main\NCBI372\VALUE_K32\attempt01\archive.cnt,b15d0d423ad8051cb16e8b9cbb92109297346e9e320e82a85db663a76961a11a,True,True,22,6453,0.525621288761821,0.704032360553997,3.8087545135318503,0.7799160459735468,4.219278724546401,105249179,100214848,27788592,"{""values"": {""shape"": [2315537], ""dtype"": ""<i8"", ""nbytes"": 18524296}, ""indices"": {""shape"": [2315537], ""dtype"": ""<i4"", ""nbytes"": 9262148}, ""indptr"": {""shape"": [537], ""dtype"": ""<i4"", ""nbytes"": 2148}}",1,4.343000000000757,1.6090000000003783,204541952,0.011603292411430592,0.012186188218336669,0.04394742274095787
NCBI373,Spatial Transcriptomics,Mus musculus,Brain,success,32,E:\Hestdata\st\NCBI373.h5ad,895ed3854f21eefe801910347667c6ceb590c60a1b9bdd5e5ae1b9415b5e05de,D:\HEST1000BenchRun\COUNT-HEST-SHARED-K32-001\main\NCBI373\VALUE_K32\attempt01\RESULT.json,,556,23371,12994276,2235973,1193099,1186279,1067611,D:\HEST1000BenchRun\COUNT-HEST-SHARED-K32-001\main\NCBI373\VALUE_K32\attempt01\archive.cnt,86884d21e03bbb4d6da5ad22b08a544d884ab7e7ae224b31bcbf6205a4e8f4f7,True,True,22,6820,0.5716206282965621,0.6572807904034054,3.819763476571497,0.7303394202185639,4.2443410542077205,108987939,103954208,26833904,"{""values"": {""shape"": [2235973], ""dtype"": ""<i8"", ""nbytes"": 17887784}, ""indices"": {""shape"": [2235973], ""dtype"": ""<i4"", ""nbytes"": 8943892}, ""indptr"": {""shape"": [557], ""dtype"": ""<i4"", ""nbytes"": 2228}}",1,4.360000000000582,1.5619999999998981,203968512,0.010884497962659886,0.011411553440915061,0.04420821509982297
NCBI374,Spatial Transcriptomics,Mus musculus,Brain,success,32,E:\Hestdata\st\NCBI374.h5ad,db5f06b7b38579411a664df916b0c9e19cacf79b44d3f49b149b60d98cc4efc9,D:\HEST1000BenchRun\COUNT-HEST-SHARED-K32-001\main\NCBI374\VALUE_K32\attempt01\RESULT.json,,604,23371,14116084,2441439,1294739,1287052,1167363,D:\HEST1000BenchRun\COUNT-HEST-SHARED-K32-001\main\NCBI374\VALUE_K32\attempt01\archive.cnt,b15f3c655708c7ad085beb4a16abe7aecb35b96e5f357ce2db4840b438c4ad03,True,True,21,7687,0.5937103925965002,0.661578947815839,3.825163766123176,0.7294102245353598,4.21735542030745,117969259,112928672,29299688,"{""values"": {""shape"": [2441439], ""dtype"": ""<i8"", ""nbytes"": 19531512}, ""indices"": {""shape"": [2441439], ""dtype"": ""<i4"", ""nbytes"": 9765756}, ""indptr"": {""shape"": [605], ""dtype"": ""<i4"", ""nbytes"": 2420}}",1,4.390000000001237,1.7340000000003783,206159872,0.010910062595205418,0.011397034758364996,0.04392715717655424
NCBI375,Spatial Transcriptomics,Mus musculus,Brain,success,32,E:\Hestdata\st\NCBI375.h5ad,78040f8b71c5680c4b896fd9d4f6ea6af3cc658988ff4fa49c2186674d2941ca,D:\HEST1000BenchRun\COUNT-HEST-SHARED-K32-001\main\NCBI375\VALUE_K32\attempt01\RESULT.json,,591,23371,13812261,2454854,1301001,1293822,1174918,D:\HEST1000BenchRun\COUNT-HEST-SHARED-K32-001\main\NCBI375\VALUE_K32\attempt01\archive.cnt,1d9a43ba3d1f367de851a1b90f1500bbe2fc698a86e8c7701630497b16e2d984,True,True,21,7179,0.551805878704167,0.6805072681438614,3.8288810658393535,0.7493759349030547,4.2163713198422395,115536019,110498088,29460616,"{""values"": {""shape"": [2454854], ""dtype"": ""<i8"", ""nbytes"": 19638832}, ""indices"": {""shape"": [2454854], ""dtype"": ""<i4"", ""nbytes"": 9819416}, ""indptr"": {""shape"": [592], ""dtype"": ""<i4"", ""nbytes"": 2368}}",1,4.406999999999243,1.734999999998763,206692352,0.011198429816073201,0.011708998982860229,0.04391700431518472
NCBI376,Spatial Transcriptomics,Mus musculus,Brain,success,32,E:\Hestdata\st\NCBI376.h5ad,43192259357b7857298667a35ba8474ac70a4d1dc127a65491e4677a7a3d881b,D:\HEST1000BenchRun\COUNT-HEST-SHARED-K32-001\main\NCBI376\VALUE_K32\attempt01\RESULT.json,,571,23371,13344841,2403804,1266853,1259431,1140471,D:\HEST1000BenchRun\COUNT-HEST-SHARED-K32-001\main\NCBI376\VALUE_K32\attempt01\archive.cnt,9142c11e44189679073a4eebdcd2c1996c5f94c724ac8f2e7167124c3256de46,True,True,22,7422,0.5858611851572361,0.6836925220765088,3.795554046835765,0.7550069723573327,4.191459869440271,111800259,106758728,28847936,"{""values"": {""shape"": [2403804], ""dtype"": ""<i8"", ""nbytes"": 19230432}, ""indices"": {""shape"": [2403804], ""dtype"": ""<i4"", ""nbytes"": 9615216}, ""indptr"": {""shape"": [572], ""dtype"": ""<i4"", ""nbytes"": 2288}}",1,4.281000000000859,1.7340000000003783,205185024,0.011265009681238752,0.011796983943083324,0.04365757744332212
NCBI377,Spatial Transcriptomics,Mus musculus,Brain,success,32,E:\Hestdata\st\NCBI377.h5ad,5a724ed8a38f5feefa1d6ecb8e462d4bd541883c51c94191e46ccd2014e28a75,D:\HEST1000BenchRun\COUNT-HEST-SHARED-K32-001\main\NCBI377\VALUE_K32\attempt01\RESULT.json,,577,23371,13485067,2566462,1342316,1333419,1213528,D:\HEST1000BenchRun\COUNT-HEST-SHARED-K32-001\main\NCBI377\VALUE_K32\attempt01\archive.cnt,7f7537949569c14f733ce6b19cd84b16ec9c7c3e3c9666f33f8791e983e13932,True,True,23,8897,0.662809651378662,0.7199240463543859,3.7827265706642064,0.7910492398740029,4.156442604644059,112922787,107880536,30799856,"{""values"": {""shape"": [2566462], ""dtype"": ""<i8"", ""nbytes"": 20531696}, ""indices"": {""shape"": [2566462], ""dtype"": ""<i4"", ""nbytes"": 10265848}, ""indptr"": {""shape"": [578], ""dtype"": ""<i4"", ""nbytes"": 2312}}",1,4.563000000000102,1.735000000000582,207675392,0.011808236720193595,0.012360144373031295,0.043293027084282475
NCBI378,Spatial Transcriptomics,Mus musculus,Brain,success,32,E:\Hestdata\st\NCBI378.h5ad,db50f1e0b7fda974b9a769c29316a110b3aa1644b388eb6ba3b456051141b674,D:\HEST1000BenchRun\COUNT-HEST-SHARED-K32-001\main\NCBI378\VALUE_K32\attempt01\RESULT.json,,603,23371,14092713,2633455,1375766,1366233,1244893,D:\HEST1000BenchRun\COUNT-HEST-SHARED-K32-001\main\NCBI378\VALUE_K32\attempt01\archive.cnt,2ae8b36471d6ade19b28e4aa46e7c1085af07de1b3ba793dbd11b569fcee8335,True,True,22,9533,0.6929230697662248,0.7066874916135736,3.7817786899719192,0.775568479965497,4.150389507320232,117791171,112741704,31603876,"{""values"": {""shape"": [2633455], ""dtype"": ""<i8"", ""nbytes"": 21067640}, ""indices"": {""shape"": [2633455], ""dtype"": ""<i4"", ""nbytes"": 10533820}, ""indptr"": {""shape"": [604], ""dtype"": ""<i4"", ""nbytes"": 2416}}",1,4.561999999999898,1.735000000000582,208904192,0.011598772542977776,0.012118257499460891,0.0432299190137311
NCBI379,Spatial Transcriptomics,Mus musculus,Brain,success,32,E:\Hestdata\st\NCBI379.h5ad,f0aed0b0b2ee8ef277e3c86ec71720990c4f68c998e054c1e8dc438ea809bdf3,D:\HEST1000BenchRun\COUNT-HEST-SHARED-K32-001\main\NCBI379\VALUE_K32\attempt01\RESULT.json,,581,23371,13578551,2516223,1325829,1317294,1196353,D:\HEST1000BenchRun\COUNT-HEST-SHARED-K32-001\main\NCBI379\VALUE_K32\attempt01\archive.cnt,88c38c9996eaca27e77aab5b0b34eef96c61ca5fad82bb9ffaa2ddfafbf33910,True,True,22,8535,0.6437481756697131,0.7048486985098779,3.803646974055956,0.7761028404282607,4.188162972836668,113653139,108628408,30197004,"{""values"": {""shape"": [2516223], ""dtype"": ""<i8"", ""nbytes"": 20129784}, ""indices"": {""shape"": [2516223], ""dtype"": ""<i4"", ""nbytes"": 10064892}, ""indptr"": {""shape"": [582], ""dtype"": ""<i4"", ""nbytes"": 2328}}",1,4.67200000000048,1.75,207482880,0.011590476176817254,0.012126606881691574,0.04362333428839497
NCBI38,Spatial Transcriptomics,Mus musculus,Spinal cord,success,32,E:\Hestdata\st\NCBI38.h5ad,88770db06eaed20ae1bca2d093614fea962badc26f4f9f2d4e693f415ca47fc8,D:\HEST1000BenchRun\COUNT-HEST-SHARED-K32-001\main\NCBI38\VALUE_K32\attempt01\RESULT.json,,235,15177,3566595,331979,265656,268196,190193,D:\HEST1000BenchRun\COUNT-HEST-SHARED-K32-001\main\NCBI38\VALUE_K32\attempt01\archive.cnt,9c8c78f25f2faacf13b8533b2480e9baf3dede56294e51927e3d4004c1af9d4b,True,True,21,-2540,-0.9561237088565664,0.4266096935592631,4.58325376002699,0.601573209181306,6.462963018745161,32796561,28532760,3984692,"{""values"": {""shape"": [331979], ""dtype"": ""<i8"", ""nbytes"": 2655832}, ""indices"": {""shape"": [331979], ""dtype"": ""<i4"", ""nbytes"": 1327916}, ""indptr"": {""shape"": [236], ""dtype"": ""<i4"", ""nbytes"": 944}}",1,2.04700000000048,0.7810000000008586,174948352,0.008177564714788237,0.009399581393457906,0.06730658229042547
NCBI380,Spatial Transcriptomics,Mus musculus,Brain,success,32,E:\Hestdata\st\NCBI380.h5ad,a2f8009447d6c7c3c9b98820c2fbfd159bddc275e600a60b8282a821d678672b,D:\HEST1000BenchRun\COUNT-HEST-SHARED-K32-001\main\NCBI380\VALUE_K32\attempt01\RESULT.json,,519,23371,12129549,1988786,1098060,1094034,976847,D:\HEST1000BenchRun\COUNT-HEST-SHARED-K32-001\main\NCBI380\VALUE_K32\attempt01\archive.cnt,114823bf003294c2c335c46697b836c6017f9aea6d908b9c545f8b6e1d7b0203,True,True,22,4026,0.36664663133162123,0.6442758918736385,3.9294202593944245,0.7215661522122545,4.400811349235162,102068683,97036392,23867512,"{""values"": {""shape"": [1988786], ""dtype"": ""<i8"", ""nbytes"": 15910288}, ""indices"": {""shape"": [1988786], ""dtype"": ""<i4"", ""nbytes"": 7955144}, ""indptr"": {""shape"": [520], ""dtype"": ""<i4"", ""nbytes"": 2080}}",1,3.8910000000014406,1.5779999999995198,200585216,0.010718606019438892,0.011274471128316477,0.045837789879397565
NCBI381,Spatial Transcriptomics,Mus musculus,Brain,success,32,E:\Hestdata\st\NCBI381.h5ad,8cbef5c1dabec4b19e237d4542d709b420d2fcafde04ff8bc402c85e4ffe8cac,D:\HEST1000BenchRun\COUNT-HEST-SHARED-K32-001\main\NCBI381\VALUE_K32\attempt01\RESULT.json,,560,23371,13087760,2158256,1153398,1145530,1025967,D:\HEST1000BenchRun\COUNT-HEST-SHARED-K32-001\main\NCBI381\VALUE_K32\attempt01\archive.cnt,51d7012b8f36529cb976e085f6667123bdd7579c0496809145b38aa19dbb870b,True,True,22,7868,0.6821582836106878,0.6271306931056193,3.802948306410361,0.7002145516115821,4.246132062183541,109736291,104702080,25901316,"{""values"": {""shape"": [2158256], ""dtype"": ""<i8"", ""nbytes"": 17266048}, ""indices"": {""shape"": [2158256], ""dtype"": ""<i4"", ""nbytes"": 8633024}, ""indptr"": {""shape"": [561], ""dtype"": ""<i4"", ""nbytes"": 2244}}",1,4.093000000000757,1.8909999999996217,202641408,0.010438934918986828,0.01094085236893097,0.044226710333945964
NCBI382,Spatial Transcriptomics,Mus musculus,Brain,success,32,E:\Hestdata\st\NCBI382.h5ad,a9f845b20a29eff4f85b47e07ee72a8af3a80c05362ea9bfc8ce1e1e4b0931ee,D:\HEST1000BenchRun\COUNT-HEST-SHARED-K32-001\main\NCBI382\VALUE_K32\attempt01\RESULT.json,,546,23371,12760566,2034668,1107762,1102679,983468,D:\HEST1000BenchRun\COUNT-HEST-SHARED-K32-001\main\NCBI382\VALUE_K32\attempt01\archive.cnt,1536a37cd04f3f37e1abc4049e6eb1d820d09fbdfab6aade0cdb6c2a64d25605,True,True,22,5083,0.45885307493847954,0.6165670080778548,3.866844123955358,0.6913041318073195,4.335563344978149,107117059,102084528,24418204,"{""values"": {""shape"": [2034668], ""dtype"": ""<i8"", ""nbytes"": 16277344}, ""indices"": {""shape"": [2034668], ""dtype"": ""<i4"", ""nbytes"": 8138672}, ""indptr"": {""shape"": [547], ""dtype"": ""<i4"", ""nbytes"": 2188}}",1,3.92200000000048,1.5780000000013388,201314304,0.010294149319390855,0.010801627059489368,0.04515807141262314
NCBI383,Spatial Transcriptomics,Mus musculus,Brain,success,32,E:\Hestdata\st\NCBI383.h5ad,eae056d0d9ae098b6e1d3bbf05d6b6181104a706449b744fcc9ba52a0fa338bc,D:\HEST1000BenchRun\COUNT-HEST-SHARED-K32-001\main\NCBI383\VALUE_K32\attempt01\RESULT.json,,556,23371,12994276,1870818,1042613,1038068,920038,D:\HEST1000BenchRun\COUNT-HEST-SHARED-K32-001\main\NCBI383\VALUE_K32\attempt01\archive.cnt,9f35cbea61396efa820db3058a4639fc7c470006f9e7eaff007d17d8ffb8e192,True,True,21,4545,0.4359239717901081,0.5664266327727686,3.9342704635084758,0.6390924742555876,4.438990858544231,108990939,103954208,22452044,"{""values"": {""shape"": [1870818], ""dtype"": ""<i8"", ""nbytes"": 14966544}, ""indices"": {""shape"": [1870818], ""dtype"": ""<i4"", ""nbytes"": 7483272}, ""indptr"": {""shape"": [557], ""dtype"": ""<i4"", ""nbytes"": 2228}}",1,3.7809999999990396,1.4220000000004802,198901760,0.009524351377503041,0.009985819910243556,0.04623489959310609
NCBI384,Spatial Transcriptomics,Mus musculus,Brain,success,32,E:\Hestdata\st\NCBI384.h5ad,bbc80d52e3e5afee18b0f1a45cb47282e4282c9b0c140af83ce6cb6aeea532b9,D:\HEST1000BenchRun\COUNT-HEST-SHARED-K32-001\main\NCBI384\VALUE_K32\attempt01\RESULT.json,,589,23371,13765519,2748935,1419241,1408400,1286794,D:\HEST1000BenchRun\COUNT-HEST-SHARED-K32-001\main\NCBI384\VALUE_K32\attempt01\archive.cnt,e48dda29a3de495d5e16e59204a21aa9c12cee148b70fc253f959b843630b773,True,True,23,10841,0.763858992235991,0.7478360968445869,3.744851005935026,0.8185089134670477,4.098750970830522,115173843,110124152,32989580,"{""values"": {""shape"": [2748935], ""dtype"": ""<i8"", ""nbytes"": 21991480}, ""indices"": {""shape"": [2748935], ""dtype"": ""<i4"", ""nbytes"": 10995740}, ""indptr"": {""shape"": [590], ""dtype"": ""<i4"", ""nbytes"": 2360}}",1,4.70299999999952,1.875,210538496,0.012228471007952735,0.01278920177292262,0.042692268285925435
NCBI385,Spatial Transcriptomics,Mus musculus,Brain,success,32,E:\Hestdata\st\NCBI385.h5ad,b6df305e7bc0ec0f77b9c9b98814c54ff056a4e1a09a5d81c1330c1013d774b1,D:\HEST1000BenchRun\COUNT-HEST-SHARED-K32-001\main\NCBI385\VALUE_K32\attempt01\RESULT.json,,580,23371,13555180,2689197,1395621,1386863,1265447,D:\HEST1000BenchRun\COUNT-HEST-SHARED-K32-001\main\NCBI385\VALUE_K32\attempt01\archive.cnt,e472f5e8974c137c33f063690f34b3943bb78ad20567fec28a9739e6eadb11fc,True,True,22,8758,0.6275342661080623,0.7468418715207028,3.7645349150694427,0.8184992010434388,4.1257312127002965,113472051,108441440,32272688,"{""values"": {""shape"": [2689197], ""dtype"": ""<i8"", ""nbytes"": 21513576}, ""indices"": {""shape"": [2689197], ""dtype"": ""<i4"", ""nbytes"": 10756788}, ""indptr"": {""shape"": [581], ""dtype"": ""<i4"", ""nbytes"": 2324}}",1,4.561999999999898,1.6409999999996217,239644672,0.012222066912318348,0.01278905001630373,0.0429732720125451
NCBI386,Spatial Transcriptomics,Mus musculus,Brain,success,32,E:\Hestdata\st\NCBI386.h5ad,724a0f3f40989d9ef4ed6f2698d604c799e6bf66bd7dd302cb51422bb0391992,D:\HEST1000BenchRun\COUNT-HEST-SHARED-K32-001\main\NCBI386\VALUE_K32\attempt01\RESULT.json,,509,23371,11895839,2304038,1206878,1200820,1082889,D:\HEST1000BenchRun\COUNT-HEST-SHARED-K32-001\main\NCBI386\VALUE_K32\attempt01\archive.cnt,6323fef223d069fb98cfe393aaedcddc53c11b51633f6bee86eb6bb3845f343f,True,True,22,6058,0.5019562872137863,0.7282472467894026,3.759969236618493,0.8075563228453243,4.169445121998856,100191803,95166712,27650496,"{""values"": {""shape"": [2304038], ""dtype"": ""<i8"", ""nbytes"": 18432304}, ""indices"": {""shape"": [2304038], ""dtype"": ""<i4"", ""nbytes"": 9216152}, ""indptr"": {""shape"": [510], ""dtype"": ""<i4"", ""nbytes"": 2040}}",1,4.265999999999622,1.4840000000003783,204111872,0.011985212003820312,0.012618067544458192,0.043428515712701864
NCBI388,Spatial Transcriptomics,Mus musculus,Brain,success,32,E:\Hestdata\st\NCBI388.h5ad,565d86eaa3c9ff8ef399c2fcbf111f73574e2def088a121c1ea9f621c5e01d83,D:\HEST1000BenchRun\COUNT-HEST-SHARED-K32-001\main\NCBI388\VALUE_K32\attempt01\RESULT.json,,546,23371,12760566,2539146,1324085,1316074,1195851,D:\HEST1000BenchRun\COUNT-HEST-SHARED-K32-001\main\NCBI388\VALUE_K32\attempt01\archive.cnt,4fa8751b6750b705069e99627a452f34d56bb1a473fdc2dfe0e246852d9e1a5f,True,True,23,8011,0.6050215809408006,0.7497165878065283,3.7677266293470324,0.8250881661518776,4.146509101879135,107114059,102084528,30471940,"{""values"": {""shape"": [2539146], ""dtype"": ""<i8"", ""nbytes"": 20313168}, ""indices"": {""shape"": [2539146], ""dtype"": ""<i4"", ""nbytes"": 10156584}, ""indptr"": {""shape"": [547], ""dtype"": ""<i4"", ""nbytes"": 2188}}",1,4.53099999999904,2.0780000000013388,206655488,0.012286659774511953,0.012892002596123088,0.04318970173871437
NCBI39,Spatial Transcriptomics,Mus musculus,Spinal cord,success,32,E:\Hestdata\st\NCBI39.h5ad,665978b1c5375733710049fbcb2ed263031c204f38cacb7eabbfb9521c3524ea,D:\HEST1000BenchRun\COUNT-HEST-SHARED-K32-001\main\NCBI39\VALUE_K32\attempt01\RESULT.json,,272,14748,4011456,295220,252978,255331,177993,D:\HEST1000BenchRun\COUNT-HEST-SHARED-K32-001\main\NCBI39\VALUE_K32\attempt01\archive.cnt,d7aac26015f1b3d94735a35ac0dc8d02d80b5479b31c435cce945ce8ca0b9483,True,True,18,-2353,-0.9301204057269802,0.35496936773081894,4.8233317525912875,0.5092036407728266,6.919070523677258,36332004,32091648,3543732,"{""values"": {""shape"": [295220], ""dtype"": ""<i8"", ""nbytes"": 2361760}, ""indices"": {""shape"": [295220], ""dtype"": ""<i4"", ""nbytes"": 1180880}, ""indptr"": {""shape"": [273], ""dtype"": ""<i4"", ""nbytes"": 1092}}",1,2.0460000000002765,0.8289999999997235,174186496,0.007027715839731824,0.007956306887075416,0.07205144181331997
NCBI390,Spatial Transcriptomics,Mus musculus,Brain,success,32,E:\Hestdata\st\NCBI390.h5ad,8cdf6652b7874b59865099aaadaa7edf12aa93cf6ea7db1fda0423e84a109bd6,D:\HEST1000BenchRun\COUNT-HEST-SHARED-K32-001\main\NCBI390\VALUE_K32\attempt01\RESULT.json,,494,23371,11545274,2506507,1281791,1273671,1155848,D:\HEST1000BenchRun\COUNT-HEST-SHARED-K32-001\main\NCBI390\VALUE_K32\attempt01\archive.cnt,6b82ecafa44a566b1648d50024658f5a202bcb45b1589b4d15f3156a8a9821df,True,True,23,8120,0.6334886108577763,0.8009150757270898,3.6891115803785905,0.8825574862926596,4.0651663849332955,97382483,92362192,30080064,"{""values"": {""shape"": [2506507], ""dtype"": ""<i8"", ""nbytes"": 20052056}, ""indices"": {""shape"": [2506507], ""dtype"": ""<i4"", ""nbytes"": 10026028}, ""indptr"": {""shape"": [495], ""dtype"": ""<i4"", ""nbytes"": 1980}}",1,5.0,1.75,206430208,0.013079056528061623,0.013789960723322807,0.04234269581341316
NCBI391,Spatial Transcriptomics,Mus musculus,Brain,success,32,E:\Hestdata\st\NCBI391.h5ad,46729e32f1d5489453af50ad31e89736122efb130cb07634b0319e97deb9519d,D:\HEST1000BenchRun\COUNT-HEST-SHARED-K32-001\main\NCBI391\VALUE_K32\attempt01\RESULT.json,,522,23371,12199662,1497831,877143,875017,759017,D:\HEST1000BenchRun\COUNT-HEST-SHARED-K32-001\main\NCBI391\VALUE_K32\attempt01\archive.cnt,0b8d55673dbf0d5b1e4700f1c990b0cae87ea4ec0b2289c8949e5c1efbacedc4,True,True,19,2126,0.242377810687653,0.49772985513860957,4.0539526822451935,0.5737975363579745,4.673515236365117,102638947,97597296,17976064,"{""values"": {""shape"": [1497831], ""dtype"": ""<i8"", ""nbytes"": 11982648}, ""indices"": {""shape"": [1497831], ""dtype"": ""<i4"", ""nbytes"": 5991324}, ""indptr"": {""shape"": [523], ""dtype"": ""<i4"", ""nbytes"": 2092}}",1,3.45299999999952,1.2819999999992433,194637824,0.008525194632014298,0.008965586505593351,0.04867678486235919
NCBI392,Spatial Transcriptomics,Mus musculus,Brain,success,32,E:\Hestdata\st\NCBI392.h5ad,b3bf2bc2fbb9496005e4cff6699a23b39abf6c75da55a5a8100b2f3335b25ad2,D:\HEST1000BenchRun\COUNT-HEST-SHARED-K32-001\main\NCBI392\VALUE_K32\attempt01\RESULT.json,,487,23371,11381677,1470420,852348,849614,734829,D:\HEST1000BenchRun\COUNT-HEST-SHARED-K32-001\main\NCBI392\VALUE_K32\attempt01\archive.cnt,889a58b31b67260fb06a6a23167cbe85fc4423882619e429a4f067ceb344791c,True,True,20,2734,0.32076100372148464,0.5164996335777232,3.9979271228628557,0.5971801870673363,4.622428965873696,96084867,91053416,17646992,"{""values"": {""shape"": [1470420], ""dtype"": ""<i8"", ""nbytes"": 11763360}, ""indices"": {""shape"": [1470420], ""dtype"": ""<i4"", ""nbytes"": 5881680}, ""indptr"": {""shape"": [488], ""dtype"": ""<i4"", ""nbytes"": 1952}}",1,3.7189999999991414,1.25,194342912,0.00884232893822916,0.00933094042292713,0.04814497564230776
NCBI393,Spatial Transcriptomics,Mus musculus,Brain,success,32,E:\Hestdata\st\NCBI393.h5ad,a84aaabd113c2db9e3cb5a258c5445a115877be4c2253ebd2e219471f6e7ee5b,D:\HEST1000BenchRun\COUNT-HEST-SHARED-K32-001\main\NCBI393\VALUE_K32\attempt01\RESULT.json,,512,23371,11965952,2491736,1291262,1282136,1164136,D:\HEST1000BenchRun\COUNT-HEST-SHARED-K32-001\main\NCBI393\VALUE_K32\attempt01\archive.cnt,383f0faa7bedb57079f0794e1f0e6347492068c31b9b40eaa816be1b44d6106c,True,True,22,9126,0.7067504503346339,0.7782989602498823,3.737590178092703,0.8571894655769972,4.116442512368887,100756067,95727616,29902884,"{""values"": {""shape"": [2491736], ""dtype"": ""<i8"", ""nbytes"": 19933888}, ""indices"": {""shape"": [2491736], ""dtype"": ""<i4"", ""nbytes"": 9966944}, ""indptr"": {""shape"": [513], ""dtype"": ""<i4"", ""nbytes"": 2052}}",1,4.343000000000757,1.7340000000003783,213835776,0.012725149345100975,0.01339358539964058,0.042876667013121546
NCBI395,Spatial Transcriptomics,Mus musculus,Brain,success,32,E:\Hestdata\st\NCBI395.h5ad,41075a01864f8763105eb004a2810129dd11d7107f478e8d424ab2f222f0d3c6,D:\HEST1000BenchRun\COUNT-HEST-SHARED-K32-001\main\NCBI395\VALUE_K32\attempt01\RESULT.json,,470,23371,10984370,1508208,863766,861025,745999,D:\HEST1000BenchRun\COUNT-HEST-SHARED-K32-001\main\NCBI395\VALUE_K32\attempt01\archive.cnt,6ee28a2d1c1f1462da7b1dbe9e34e9c95894fb7a2b48a43d0b8e1ec62f19eae0,True,True,20,2741,0.3173313142679846,0.5433167309549842,3.9570085823706016,0.6270910393586523,4.567141932677721,92901371,87874960,18100380,"{""values"": {""shape"": [1508208], ""dtype"": ""<i8"", ""nbytes"": 12065664}, ""indices"": {""shape"": [1508208], ""dtype"": ""<i4"", ""nbytes"": 6032832}, ""indptr"": {""shape"": [471], ""dtype"": ""<i4"", ""nbytes"": 1884}}",1,3.4539999999997235,1.4060000000008586,195100672,0.009268162468775622,0.009798297489978942,0.047569443293455714
NCBI396,Spatial Transcriptomics,Mus musculus,Brain,success,32,E:\Hestdata\st\NCBI396.h5ad,c8d7eec38eb27962e4c227403839d02ae3cdb5dd1d9c2bf6deed6c13c1ef5fb2,D:\HEST1000BenchRun\COUNT-HEST-SHARED-K32-001\main\NCBI396\VALUE_K32\attempt01\RESULT.json,,381,23371,8904351,1599425,881209,879933,766440,D:\HEST1000BenchRun\COUNT-HEST-SHARED-K32-001\main\NCBI396\VALUE_K32\attempt01\archive.cnt,efc27ba3b402e5d0d55649b1351f6f95880106152e1f4ad3356522411dd55d2a,True,True,22,1276,0.14480106308492083,0.6885981920524022,3.833577691983056,0.7905645228944815,4.401246698032105,76244539,71234808,19194628,"{""values"": {""shape"": [1599425], ""dtype"": ""<i8"", ""nbytes"": 12795400}, ""indices"": {""shape"": [1599425], ""dtype"": ""<i4"", ""nbytes"": 6397700}, ""indptr"": {""shape"": [382], ""dtype"": ""<i4"", ""nbytes"": 1528}}",1,4.093000000000757,1.25,195125248,0.011540931475761169,0.012352570670226274,0.0458426701470849
NCBI397,Spatial Transcriptomics,Mus musculus,Brain,success,32,E:\Hestdata\st\NCBI397.h5ad,7097a475b467e76f9e98444698de7de8c35938b62ac4347fcea9d2f9d7dacc84,D:\HEST1000BenchRun\COUNT-HEST-SHARED-K32-001\main\NCBI397\VALUE_K32\attempt01\RESULT.json,,461,23371,10774031,2029645,1070644,1064269,947477,D:\HEST1000BenchRun\COUNT-HEST-SHARED-K32-001\main\NCBI397\VALUE_K32\attempt01\archive.cnt,f661f6ef300b51d407af28939b1a67196de927b4072f2257277ec155613b5a40,True,True,22,6375,0.5954360179480761,0.7035264702691129,3.7345525941728726,0.7902475869987751,4.194897137184089,91205579,86192248,24357588,"{""values"": {""shape"": [2029645], ""dtype"": ""<i8"", ""nbytes"": 16237160}, ""indices"": {""shape"": [2029645], ""dtype"": ""<i4"", ""nbytes"": 8118580}, ""indptr"": {""shape"": [462], ""dtype"": ""<i4"", ""nbytes"": 1848}}",1,3.936999999999898,1.4690000000009604,200744960,0.011668902403437403,0.01234761854685586,0.04369352991765851
NCBI398,Spatial Transcriptomics,Mus musculus,Brain,success,32,E:\Hestdata\st\NCBI398.h5ad,392e0e8fba3a9cd0dd41b67194e35e45175c7fb190d6095204274346e425817b,D:\HEST1000BenchRun\COUNT-HEST-SHARED-K32-001\main\NCBI398\VALUE_K32\attempt01\RESULT.json,,488,23371,11405048,1928379,1041146,1035805,918629,D:\HEST1000BenchRun\COUNT-HEST-SHARED-K32-001\main\NCBI398\VALUE_K32\attempt01\archive.cnt,2b9b2503347dc93a14c2a7d73ceb0819a6d375abc78a827e2be4fb6dd69f90fd,True,True,21,5341,0.5129924141282779,0.6443665997723114,3.810989437242368,0.7265589763410026,4.297101347815963,96262955,91240384,23142504,"{""values"": {""shape"": [1928379], ""dtype"": ""<i8"", ""nbytes"": 15427032}, ""indices"": {""shape"": [1928379], ""dtype"": ""<i4"", ""nbytes"": 7713516}, ""indptr"": {""shape"": [489], ""dtype"": ""<i4"", ""nbytes"": 1956}}",1,3.7810000000008586,1.4219999999986612,204992512,0.010760162099740237,0.011352484005328166,0.04475768914202197
NCBI399,Spatial Transcriptomics,Mus musculus,Brain,success,32,E:\Hestdata\st\NCBI399.h5ad,9edc0d8a73cebcd4b96d7bfe4792b55d3540070b8f58de60f21c69fd8d838077,D:\HEST1000BenchRun\COUNT-HEST-SHARED-K32-001\main\NCBI399\VALUE_K32\attempt01\RESULT.json,,403,23371,9418513,1752254,958264,955179,841160,D:\HEST1000BenchRun\COUNT-HEST-SHARED-K32-001\main\NCBI399\VALUE_K32\attempt01\archive.cnt,d6827c8dd57e42d07fc6a8ea600956461be165311a75c88d800ee1b7b8ae1cbc,True,True,22,3085,0.3219363348722273,0.7144737178788202,3.8403564779991943,0.8113204281822407,4.3609157119915265,80372475,75348104,21028664,"{""values"": {""shape"": [1752254], ""dtype"": ""<i8"", ""nbytes"": 14018032}, ""indices"": {""shape"": [1752254], ""dtype"": ""<i4"", ""nbytes"": 7009016}, ""indptr"": {""shape"": [404], ""dtype"": ""<i4"", ""nbytes"": 1616}}",1,3.5309999999990396,1.5939999999991414,196943872,0.011884404455629867,0.012676881690347511,0.04542271444348533
NCBI4,Visium,Homo sapiens,Cervix,success,32,E:\Hestdata\st\NCBI4.h5ad,714d847dd07182d2cf1267e3d1470dc809327c16a5e48aca2dec544b3ed1f365,D:\HEST1000BenchRun\COUNT-HEST-SHARED-K32-001\main\NCBI4\VALUE_K32\attempt01\RESULT.json,,1054,20615,21728210,3848892,2067756,2055460,1922735,D:\HEST1000BenchRun\COUNT-HEST-SHARED-K32-001\main\NCBI4\VALUE_K32\attempt01\archive.cnt,1e0973b37cb1db93786769d3eacbc9bf9652ca74ddc399439eb5acbb866913e2,True,True,26,12296,0.5946543015713653,0.7079220975865016,3.9964436518353854,0.7567894456101077,4.272315253324853,36516792,173825680,46190924,"{""values"": {""shape"": [3848892], ""dtype"": ""<i8"", ""nbytes"": 30791136}, ""indices"": {""shape"": [3848892], ""dtype"": ""<i4"", ""nbytes"": 15395568}, ""indptr"": {""shape"": [1055], ""dtype"": ""<i4"", ""nbytes"": 4220}}",1,5.70299999999952,2.2190000000009604,256032768,0.056288077003040136,0.011824835087657934,0.0444992180714982
NCBI40,Spatial Transcriptomics,Mus musculus,Spinal cord,success,32,E:\Hestdata\st\NCBI40.h5ad,503c7c3000091d3a83982d768d619a7346db22dc6caddaddd9dc13237189a6c6,D:\HEST1000BenchRun\COUNT-HEST-SHARED-K32-001\main\NCBI40\VALUE_K32\attempt01\RESULT.json,,191,15007,2866337,253249,220894,223565,148210,D:\HEST1000BenchRun\COUNT-HEST-SHARED-K32-001\main\NCBI40\VALUE_K32\attempt01\archive.cnt,86ab6be027407263e19515452120f1de4343217ef2ec24f397e81e4682864ab6,True,True,19,-2671,-1.2091772524378208,0.413656872865961,4.681874360806953,0.6239740826008945,7.06229837037856,27172447,22930696,3039756,"{""values"": {""shape"": [253249], ""dtype"": ""<i8"", ""nbytes"": 2025992}, ""indices"": {""shape"": [253249], ""dtype"": ""<i4"", ""nbytes"": 1012996}, ""indptr"": {""shape"": [192], ""dtype"": ""<i4"", ""nbytes"": 768}}",1,1.9369999999998981,0.8130000000001019,173891584,0.00822763588424701,0.009749595040638976,0.07354702153725497
NCBI400,Spatial Transcriptomics,Mus musculus,Brain,success,32,E:\Hestdata\st\NCBI400.h5ad,fec3a263c14dbd0c3cf6690d4b345981e81051c16eedb7b884a13ecf552098cb,D:\HEST1000BenchRun\COUNT-HEST-SHARED-K32-001\main\NCBI400\VALUE_K32\attempt01\RESULT.json,,393,23371,9184803,1460048,818432,815438,702511,D:\HEST1000BenchRun\COUNT-HEST-SHARED-K32-001\main\NCBI400\VALUE_K32\attempt01\archive.cnt,de49495835d1dfe1377c8f7fe40b0c7028eff199a06c0ade5b0c42fa0fe80eea,True,True,21,2994,0.36582147325617764,0.6118898794018772,3.8492487918205427,0.7102497462384332,4.468006531292122,78495595,73478424,17522152,"{""values"": {""shape"": [1460048], ""dtype"": ""<i8"", ""nbytes"": 11680384}, ""indices"": {""shape"": [1460048], ""dtype"": ""<i4"", ""nbytes"": 5840192}, ""indptr"": {""shape"": [394], ""dtype"": ""<i4"", ""nbytes"": 1576}}",1,3.25,1.3280000000013388,193310720,0.01038832816032543,0.011097652284975518,0.046537548584215
NCBI402,Spatial Transcriptomics,Mus musculus,Brain,success,32,E:\Hestdata\st\NCBI402.h5ad,b12eb925d0972aeead30d92ac2560b09c7976953155c4ddb50acb32fdbeee24c,D:\HEST1000BenchRun\COUNT-HEST-SHARED-K32-001\main\NCBI402\VALUE_K32\attempt01\RESULT.json,,361,23371,8436931,1454519,823472,822428,709944,D:\HEST1000BenchRun\COUNT-HEST-SHARED-K32-001\main\NCBI402\VALUE_K32\attempt01\archive.cnt,32a0e0b7a4abcaae22b0ec9d63b2d18edae547a0e9642efc3fc139935937705d,True,True,21,1044,0.12678026696718286,0.6731774859839437,3.9047630178773876,0.7798361750262033,4.523436269997161,72498683,67495448,17455676,"{""values"": {""shape"": [1454519], ""dtype"": ""<i8"", ""nbytes"": 11636152}, ""indices"": {""shape"": [1454519], ""dtype"": ""<i4"", ""nbytes"": 5818076}, ""indptr"": {""shape"": [362], ""dtype"": ""<i4"", ""nbytes"": 1448}}",1,3.2810000000008586,1.2659999999996217,193482752,0.011344040553122875,0.012184940234784426,0.04711521914132687
NCBI403,Spatial Transcriptomics,Mus musculus,Brain,success,32,E:\Hestdata\st\NCBI403.h5ad,26d81267f7dbf47ecee3de641fb22a32fb9e26b54ddeaaad2a29d06b4ac9b8b8,D:\HEST1000BenchRun\COUNT-HEST-SHARED-K32-001\main\NCBI403\VALUE_K32\attempt01\RESULT.json,,326,23371,7618946,1571094,849781,846700,734152,D:\HEST1000BenchRun\COUNT-HEST-SHARED-K32-001\main\NCBI403\VALUE_K32\attempt01\archive.cnt,c11e1b451912f2325f730ded373aafc4bcccec5993048760714e4ac19bb8d166,True,True,23,3081,0.36256400178398906,0.7708698814770442,3.7382970083266818,0.889046857662464,4.311390661539029,65943507,60951568,18854436,"{""values"": {""shape"": [1571094], ""dtype"": ""<i8"", ""nbytes"": 12568752}, ""indices"": {""shape"": [1571094], ""dtype"": ""<i4"", ""nbytes"": 6284376}, ""indptr"": {""shape"": [327], ""dtype"": ""<i4"", ""nbytes"": 1308}}",1,3.4060000000008586,1.25,194433024,0.012839778145253937,0.013891357150976,0.044907203800739516
NCBI405,Spatial Transcriptomics,Mus musculus,Brain,success,32,E:\Hestdata\st\NCBI405.h5ad,94fb0aebab9841cacfa8e02bf69728488da61f325585a628b5b006afda8d3766,D:\HEST1000BenchRun\COUNT-HEST-SHARED-K32-001\main\NCBI405\VALUE_K32\attempt01\RESULT.json,,274,23371,6403654,1229686,705027,704944,594873,D:\HEST1000BenchRun\COUNT-HEST-SHARED-K32-001\main\NCBI405\VALUE_K32\attempt01\archive.cnt,8e22e1cdef65e4bc76e6c487066b4ddcf1930db45ce2c4ccdc18f4b2667594b5,True,True,22,83,0.011772598779904882,0.7431669481205574,3.87008065473625,0.8806771883677663,4.58617240498794,56193931,51229232,14757332,"{""values"": {""shape"": [1229686], ""dtype"": ""<i8"", ""nbytes"": 9837488}, ""indices"": {""shape"": [1229686], ""dtype"": ""<i4"", ""nbytes"": 4918744}, ""indptr"": {""shape"": [275], ""dtype"": ""<i4"", ""nbytes"": 1100}}",1,3.0,1.1559999999990396,190550016,0.012544842253516665,0.013760581068246349,0.04776906828415868
NCBI406,Spatial Transcriptomics,Mus musculus,Brain,success,32,E:\Hestdata\st\NCBI406.h5ad,32123251bc8c53e241809cb073cb8679f75776380deaa91e6fc34d75461fb50e,D:\HEST1000BenchRun\COUNT-HEST-SHARED-K32-001\main\NCBI406\VALUE_K32\attempt01\RESULT.json,,269,23371,6286799,1289551,716084,714953,605490,D:\HEST1000BenchRun\COUNT-HEST-SHARED-K32-001\main\NCBI406\VALUE_K32\attempt01\archive.cnt,745b331f6c5c75f157764b625ef6603d5ac961d681bb8535fd1dc0408d5527b5,True,True,22,1131,0.15794236430362918,0.7704906741888837,3.756284164022982,0.9097831821885828,4.4353608348952465,55273491,50294392,15475692,"{""values"": {""shape"": [1289551], ""dtype"": ""<i8"", ""nbytes"": 10316408}, ""indices"": {""shape"": [1289551], ""dtype"": ""<i4"", ""nbytes"": 5158204}, ""indptr"": {""shape"": [270], ""dtype"": ""<i4"", ""nbytes"": 1080}}",1,3.186999999999898,1.125,191393792,0.012934826208100372,0.014215362221696606,0.046198451093495525
NCBI407,Spatial Transcriptomics,Mus musculus,Brain,success,32,E:\Hestdata\st\NCBI407.h5ad,6620042ec83ba8ff021676fc8d89d52069c2fb78596944b1737a25f8b6beeb21,D:\HEST1000BenchRun\COUNT-HEST-SHARED-K32-001\main\NCBI407\VALUE_K32\attempt01\RESULT.json,,218,23371,5094878,1089256,622210,622084,514801,D:\HEST1000BenchRun\COUNT-HEST-SHARED-K32-001\main\NCBI407\VALUE_K32\attempt01\archive.cnt,6d618796e23bb09f2a979696c424510d77fc72b6f68ff9e26cfffbeda2409e09,True,True,22,126,0.020250397775670594,0.8083428101713133,3.7809367127654103,0.9767990519105658,4.568872698429019,45733163,40759024,13071948,"{""values"": {""shape"": [1089256], ""dtype"": ""<i8"", ""nbytes"": 8714048}, ""indices"": {""shape"": [1089256], ""dtype"": ""<i4"", ""nbytes"": 4357024}, ""indptr"": {""shape"": [219], ""dtype"": ""<i4"", ""nbytes"": 876}}",1,2.8909999999996217,1.1090000000003783,187985920,0.013602470487335415,0.015262485186102591,0.047589234596098456
NCBI408,Spatial Transcriptomics,Mus musculus,Brain,success,32,E:\Hestdata\st\NCBI408.h5ad,7bbc9afa7508f3d3ba77dcfc4f47c748cca8e26d26325f604c3ad12cccf30290,D:\HEST1000BenchRun\COUNT-HEST-SHARED-K32-001\main\NCBI408\VALUE_K32\attempt01\RESULT.json,,240,23371,5609040,1132850,644514,644061,536733,D:\HEST1000BenchRun\COUNT-HEST-SHARED-K32-001\main\NCBI408\VALUE_K32\attempt01\archive.cnt,853863986c7c23058d66aea317f41bae1f7c0c350ff1e5f517563a02790bac0d,True,True,22,453,0.07028551745966728,0.7655256514483761,3.790319989407247,0.9186042531342262,4.54825263715408,49845923,44872320,13595164,"{""values"": {""shape"": [1132850], ""dtype"": ""<i8"", ""nbytes"": 9062800}, ""indices"": {""shape"": [1132850], ""dtype"": ""<i4"", ""nbytes"": 4531400}, ""indptr"": {""shape"": [241], ""dtype"": ""<i4"", ""nbytes"": 964}}",1,2.8590000000003783,1.1090000000003783,188813312,0.012921036691406035,0.014353191455222285,0.04737427220443975
NCBI409,Spatial Transcriptomics,Mus musculus,Brain,success,32,E:\Hestdata\st\NCBI409.h5ad,4b8dcf78beff263f9eb8fd6d5ca50fe5f2b321acdaef7b0d3323125b54a9127b,D:\HEST1000BenchRun\COUNT-HEST-SHARED-K32-001\main\NCBI409\VALUE_K32\attempt01\RESULT.json,,197,23371,4604087,896212,539002,540840,433747,D:\HEST1000BenchRun\COUNT-HEST-SHARED-K32-001\main\NCBI409\VALUE_K32\attempt01\archive.cnt,aaaa39ac05cbd22604986db122c8787cb7cbd817907675c420800ee679e3a008,True,True,22,-1838,-0.341000589979258,0.7536729866312257,3.87182496998478,0.9397563512592182,4.827786282709894,41803387,36832696,10755336,"{""values"": {""shape"": [896212], ""dtype"": ""<i8"", ""nbytes"": 7169696}, ""indices"": {""shape"": [896212], ""dtype"": ""<i4"", ""nbytes"": 3584848}, ""indptr"": {""shape"": [198], ""dtype"": ""<i4"", ""nbytes"": 792}}",1,2.8280000000013388,1.109999999998763,185503744,0.012937707655123734,0.014683692988425284,0.05028573723777667
NCBI410,Spatial Transcriptomics,Mus musculus,Brain,success,32,E:\Hestdata\st\NCBI410.h5ad,1f65fdbc5875514cf91e7e14bddc5b5e96c555756e1993902fee81fc871024c0,D:\HEST1000BenchRun\COUNT-HEST-SHARED-K32-001\main\NCBI410\VALUE_K32\attempt01\RESULT.json,,152,23371,3552392,647209,430367,433557,328586,D:\HEST1000BenchRun\COUNT-HEST-SHARED-K32-001\main\NCBI410\VALUE_K32\attempt01\archive.cnt,2d4e0da1d527b691fb448475e78e6acb7db12db8bad2bcf3e92557dd6ab709c4,True,True,22,-3190,-0.7412278357773714,0.7399768944418296,4.0615751635097785,0.9763719769665059,5.359097293146418,33465787,28419136,7767120,"{""values"": {""shape"": [647209], ""dtype"": ""<i8"", ""nbytes"": 5177672}, ""indices"": {""shape"": [647209], ""dtype"": ""<i4"", ""nbytes"": 2588836}, ""indptr"": {""shape"": [153], ""dtype"": ""<i4"", ""nbytes"": 612}}",1,2.5159999999996217,0.9529999999995198,183123968,0.012955230964686412,0.015255812140101655,0.05581953156382288
NCBI42,Spatial Transcriptomics,Mus musculus,Spinal cord,success,32,E:\Hestdata\st\NCBI42.h5ad,d29a6452429edd60b91001021c1166916d8a9b5f566bedf805fa37c3ab5a7884,D:\HEST1000BenchRun\COUNT-HEST-SHARED-K32-001\main\NCBI42\VALUE_K32\attempt01\RESULT.json,,289,16279,4704631,632886,431379,432838,345512,D:\HEST1000BenchRun\COUNT-HEST-SHARED-K32-001\main\NCBI42\VALUE_K32\attempt01\archive.cnt,d966711fd2d9756bc5bd513f7365dcdbde5ef3744b5d206ebca39462970e09c0,True,True,22,-1459,-0.338217669381217,0.5875266306751794,4.367446901969707,0.7360203170025449,5.471291828228148,41995343,37637048,7595792,"{""values"": {""shape"": [632886], ""dtype"": ""<i8"", ""nbytes"": 5063088}, ""indices"": {""shape"": [632886], ""dtype"": ""<i4"", ""nbytes"": 2531544}, ""indptr"": {""shape"": [290], ""dtype"": ""<i4"", ""nbytes"": 1160}}",1,2.375,0.9529999999995198,178806784,0.010306809495519539,0.011500317453164764,0.0569839195175434
NCBI43,Spatial Transcriptomics,Mus musculus,Spinal cord,success,32,E:\Hestdata\st\NCBI43.h5ad,f4f94e1b4afda3260285bb8fd271b82785bfd237b4692603c7bc275ffddede2b,D:\HEST1000BenchRun\COUNT-HEST-SHARED-K32-001\main\NCBI43\VALUE_K32\attempt01\RESULT.json,,304,16348,4969792,692642,462891,464206,374646,D:\HEST1000BenchRun\COUNT-HEST-SHARED-K32-001\main\NCBI43\VALUE_K32\attempt01\archive.cnt,67dab98b4dd09296b6825f8bb9dbb250e688406b2068f82564557ed54d94c8f2,True,True,22,-1315,-0.284084158041526,0.6030771509149678,4.327153132498462,0.7472441502581999,5.361569180038173,44122916,39758336,8312924,"{""values"": {""shape"": [692642], ""dtype"": ""<i8"", ""nbytes"": 5541136}, ""indices"": {""shape"": [692642], ""dtype"": ""<i4"", ""nbytes"": 2770568}, ""indptr"": {""shape"": [305], ""dtype"": ""<i4"", ""nbytes"": 1220}}",1,2.3910000000014406,0.9529999999995198,180019200,0.010520746180964106,0.011675689847784373,0.05584148249159983
NCBI433,Visium,Mus musculus,Eye,success,32,E:\Hestdata\st\NCBI433.h5ad,c147def71b99a08d9172979a8a655925b8567305389d329ddc1b4139e0e96042,D:\HEST1000BenchRun\COUNT-HEST-SHARED-K32-001\main\NCBI433\VALUE_K32\attempt01\RESULT.json,,1505,32285,48588925,1583551,1150162,1148752,971623,D:\HEST1000BenchRun\COUNT-HEST-SHARED-K32-001\main\NCBI433\VALUE_K32\attempt01\archive.cnt,50924680afa436ca30c05d5c1958177f1900eae8fedb592bd562cc89e67c28b4,True,True,28,1410,0.12259142625125852,0.1599743974578569,4.908578252295,0.18913808033415022,5.803422813663722,20174168,388711400,19008636,"{""values"": {""shape"": [1583551], ""dtype"": ""<i8"", ""nbytes"": 12668408}, ""indices"": {""shape"": [1583551], ""dtype"": ""<i4"", ""nbytes"": 6334204}, ""indptr"": {""shape"": [1506], ""dtype"": ""<i4"", ""nbytes"": 6024}}",1,4.109000000000378,1.4060000000008586,206942208,0.0569417286502224,0.002955282505221097,0.060433163115964764
NCBI434,Visium,Mus musculus,Eye,success,32,E:\Hestdata\st\NCBI434.h5ad,ce707630ac023a54cc430336c32294df4e1247794b3a4b60537e73d5a050661a,D:\HEST1000BenchRun\COUNT-HEST-SHARED-K32-001\main\NCBI434\VALUE_K32\attempt01\RESULT.json,,1530,32285,49396050,2746849,1731038,1721673,1539448,D:\HEST1000BenchRun\COUNT-HEST-SHARED-K32-001\main\NCBI434\VALUE_K32\attempt01\archive.cnt,8a101ec6b7eb91062f445f503c0a77e935081c52c80b1e33db448aef6ad1a221,True,True,29,9365,0.5410048768426805,0.2493232556044461,4.4835314937224435,0.2788357368655996,5.014248690044484,29462605,395168400,32968312,"{""values"": {""shape"": [2746849], ""dtype"": ""<i8"", ""nbytes"": 21974792}, ""indices"": {""shape"": [2746849], ""dtype"": ""<i4"", ""nbytes"": 10987396}, ""indptr"": {""shape"": [1531], ""dtype"": ""<i4"", ""nbytes"": 6124}}",1,5.218999999999141,1.9529999999995198,221040640,0.05843587150559158,0.004356808388524994,0.05222205492352778
NCBI435,Visium,Mus musculus,Eye,success,32,E:\Hestdata\st\NCBI435.h5ad,b2571dd0eca8b8f581fa94fa52e05f62b761647eb6fe5a9364f7fa09e005c41c,D:\HEST1000BenchRun\COUNT-HEST-SHARED-K32-001\main\NCBI435\VALUE_K32\attempt01\RESULT.json,,1106,32285,35707210,2426906,1457763,1448513,1278793,D:\HEST1000BenchRun\COUNT-HEST-SHARED-K32-001\main\NCBI435\VALUE_K32\attempt01\archive.cnt,a2a90124e1ac41e250a0a5fbcf616de7a4773d3685efedab5fea994d1314adce,True,True,30,9250,0.6345338714180563,0.28650639464690747,4.215385350730519,0.32453120812295333,4.774846656607219,26897069,285657680,29127300,"{""values"": {""shape"": [2426906], ""dtype"": ""<i8"", ""nbytes"": 19415248}, ""indices"": {""shape"": [2426906], ""dtype"": ""<i4"", ""nbytes"": 9707624}, ""indptr"": {""shape"": [1107], ""dtype"": ""<i4"", ""nbytes"": 4428}}",1,4.70299999999952,1.7809999999990396,215130112,0.05385393479118487,0.005070800126921146,0.04973042472182454
NCBI436,Visium,Mus musculus,Eye,success,32,E:\Hestdata\st\NCBI436.h5ad,6757281508609e7898183b82c7879a8adaaf2608cf90bb166e52cee7919de1fc,D:\HEST1000BenchRun\COUNT-HEST-SHARED-K32-001\main\NCBI436\VALUE_K32\attempt01\RESULT.json,,1135,32285,36643475,1008344,767690,766757,604210,D:\HEST1000BenchRun\COUNT-HEST-SHARED-K32-001\main\NCBI436\VALUE_K32\attempt01\archive.cnt,eb5c1a5c47cf294576b9f5b534b55291bc9a86ffbb02b86b66e6f620a25f7a24,True,True,29,933,0.12153343146322083,0.13191107011548442,4.793681521385559,0.16739831579837883,6.083296970081639,15590526,293147800,12104672,"{""values"": {""shape"": [1008344], ""dtype"": ""<i8"", ""nbytes"": 8066752}, ""indices"": {""shape"": [1008344], ""dtype"": ""<i4"", ""nbytes"": 4033376}, ""indptr"": {""shape"": [1136], ""dtype"": ""<i4"", ""nbytes"": 4544}}",1,3.29700000000048,1.2659999999996217,197578752,0.049180957717526654,0.002615598684349669,0.06334388903722464
NCBI437,Visium,Mus musculus,Spinal cord,success,32,E:\Hestdata\st\NCBI437.h5ad,16889bd05d8ec599eafe9bf06ac889194a9b7cb22a4274f7a8375ef4656ed3b2,D:\HEST1000BenchRun\COUNT-HEST-SHARED-K32-001\main\NCBI437\VALUE_K32\attempt01\RESULT.json,,550,22127,12169850,2655230,1494531,1489443,1362112,D:\HEST1000BenchRun\COUNT-HEST-SHARED-K32-001\main\NCBI437\VALUE_K32\attempt01\archive.cnt,4d9bcbfdd79e92f8c8b48a8673834c252ba92acbce0b3082f44128a8dfbfa486,True,True,27,5088,0.3404412487930996,0.8954010115161649,4.103936758774193,0.9791036043993969,4.48757508765719,25850351,97358800,31864964,"{""values"": {""shape"": [2655230], ""dtype"": ""<i8"", ""nbytes"": 21241840}, ""indices"": {""shape"": [2655230], ""dtype"": ""<i4"", ""nbytes"": 10620920}, ""indptr"": {""shape"": [551], ""dtype"": ""<i4"", ""nbytes"": 2204}}",1,4.406000000000859,1.75,208797696,0.05761790236426577,0.015298493818740577,0.04674234058447391
NCBI438,Visium,Mus musculus,Spinal cord,success,32,E:\Hestdata\st\NCBI438.h5ad,bdcec28d8b41a211e2fc37de84f5a742da7b3d1a81b6910dd9ba5953a65ae69a,D:\HEST1000BenchRun\COUNT-HEST-SHARED-K32-001\main\NCBI438\VALUE_K32\attempt01\RESULT.json,,696,22127,15400392,3255260,1791755,1783077,1652772,D:\HEST1000BenchRun\COUNT-HEST-SHARED-K32-001\main\NCBI438\VALUE_K32\attempt01\archive.cnt,b65b5a6a2d55d18d7eb8e40433bd6c9697d515a71ac818dfcccdaa0d1c90a06e,True,True,27,8678,0.48432960979598216,0.8585610028627843,4.061787998500888,0.9262501889562291,4.382020483770882,30831473,123203136,39065908,"{""values"": {""shape"": [3255260], ""dtype"": ""<i8"", ""nbytes"": 26042080}, ""indices"": {""shape"": [3255260], ""dtype"": ""<i4"", ""nbytes"": 13021040}, ""indptr"": {""shape"": [697], ""dtype"": ""<i4"", ""nbytes"": 2788}}",1,5.03099999999904,2.063000000000102,255184896,0.0578330136870204,0.01447265920244108,0.04564278910399318
NCBI439,Visium,Mus musculus,Spinal cord,success,32,E:\Hestdata\st\NCBI439.h5ad,d3f07ff4cf1eda511e1b04c4cbcf1e421f8d1610edc2e00e55a2717482459275,D:\HEST1000BenchRun\COUNT-HEST-SHARED-K32-001\main\NCBI439\VALUE_K32\attempt01\RESULT.json,,711,22127,15732297,3430405,1871254,1862077,1732398,D:\HEST1000BenchRun\COUNT-HEST-SHARED-K32-001\main\NCBI439\VALUE_K32\attempt01\archive.cnt,7d61d252a6c59d61e85dcc5a9769196e626dc57b851cfc0b8862b2bfcee3a866,True,True,27,9177,0.49041979335782315,0.8809383651986737,4.040101387445506,0.9468811833389619,4.342523987692416,32222164,125858376,41167708,"{""values"": {""shape"": [3430405], ""dtype"": ""<i8"", ""nbytes"": 27443240}, ""indices"": {""shape"": [3430405], ""dtype"": ""<i4"", ""nbytes"": 13721620}, ""indptr"": {""shape"": [712], ""dtype"": ""<i4"", ""nbytes"": 2848}}",1,5.343999999999141,2.04700000000048,219836416,0.05778870096992865,0.01479501848967128,0.0452314955207125
NCBI44,Spatial Transcriptomics,Mus musculus,Spinal cord,success,32,E:\Hestdata\st\NCBI44.h5ad,b2be42374f2a5b29f5fafec44a50c149bcef111169b72f09a75cb5faf5866bfa,D:\HEST1000BenchRun\COUNT-HEST-SHARED-K32-001\main\NCBI44\VALUE_K32\attempt01\RESULT.json,,286,16286,4657796,619712,422986,424591,336850,D:\HEST1000BenchRun\COUNT-HEST-SHARED-K32-001\main\NCBI44\VALUE_K32\attempt01\archive.cnt,c8c890e91ff1f558bb5b4397e841787bdf071a77844e830eb0c76c7ef3625dab,True,True,22,-1605,-0.3794451825828751,0.578556896867102,4.348471548073944,0.7292564981377458,5.481139626148921,41620758,37262368,7437692,"{""values"": {""shape"": [619712], ""dtype"": ""<i8"", ""nbytes"": 4957696}, ""indices"": {""shape"": [619712], ""dtype"": ""<i4"", ""nbytes"": 2478848}, ""indptr"": {""shape"": [287], ""dtype"": ""<i4"", ""nbytes"": 1148}}",1,2.375,0.9530000000013388,178618368,0.010201424010586256,0.011394632783402279,0.05708639185381702
NCBI441,Visium,Mus musculus,Spinal cord,success,32,E:\Hestdata\st\NCBI441.h5ad,2bbcf2bcb1f4b37dcf443cf09c924dcce9c581ebfe23351e05c343f6ec69c37e,D:\HEST1000BenchRun\COUNT-HEST-SHARED-K32-001\main\NCBI441\VALUE_K32\attempt01\RESULT.json,,573,22127,12678771,2668627,1469423,1462535,1334956,D:\HEST1000BenchRun\COUNT-HEST-SHARED-K32-001\main\NCBI441\VALUE_K32\attempt01\archive.cnt,4898fac74c9d966bf9e4075392002d08bf6b973839cae7e8f3cd7aaa7179596c,True,True,28,6888,0.4687554230470055,0.84232517489274,4.001926084087435,0.9228244598786428,4.384381931232802,26011050,101430168,32025820,"{""values"": {""shape"": [2668627], ""dtype"": ""<i8"", ""nbytes"": 21349016}, ""indices"": {""shape"": [2668627], ""dtype"": ""<i4"", ""nbytes"": 10674508}, ""indptr"": {""shape"": [574], ""dtype"": ""<i4"", ""nbytes"": 2296}}",1,4.484999999998763,1.8280000000013388,238182400,0.05622744948781383,0.014419132185603794,0.04566737089011304
NCBI442,Visium,Mus musculus,Spinal cord,success,32,E:\Hestdata\st\NCBI442.h5ad,bcb52292c4751554e1b1b30875a7a0cd904620ecc0810c4f517a298557237d32,D:\HEST1000BenchRun\COUNT-HEST-SHARED-K32-001\main\NCBI442\VALUE_K32\attempt01\RESULT.json,,585,22127,12944295,2589977,1439070,1433612,1306000,D:\HEST1000BenchRun\COUNT-HEST-SHARED-K32-001\main\NCBI442\VALUE_K32\attempt01\archive.cnt,e158e99f5dbec48caeba9742c841eb70ee0812a75c656bd4f7e5e0103fffe3be,True,True,27,5458,0.3792727247458428,0.8071509495109621,4.034012657255257,0.8860193621977868,4.42818449739129,25470910,103554360,31082068,"{""values"": {""shape"": [2589977], ""dtype"": ""<i8"", ""nbytes"": 20719816}, ""indices"": {""shape"": [2589977], ""dtype"": ""<i4"", ""nbytes"": 10359908}, ""indptr"": {""shape"": [586], ""dtype"": ""<i4"", ""nbytes"": 2344}}",1,4.483999999998559,1.735000000000582,208596992,0.056284286662706594,0.013844052534340418,0.04612344326638755
NCBI443,Visium,Mus musculus,Spinal cord,success,32,E:\Hestdata\st\NCBI443.h5ad,fd9920c4fdb9a3796b8b04a17675e1da0335319ed21ac99d88292f76379a4de9,D:\HEST1000BenchRun\COUNT-HEST-SHARED-K32-001\main\NCBI443\VALUE_K32\attempt01\RESULT.json,,695,22127,15378265,3355822,1790523,1779821,1647825,D:\HEST1000BenchRun\COUNT-HEST-SHARED-K32-001\main\NCBI443\VALUE_K32\attempt01\archive.cnt,d8bfe9dd8004d08251f010b78976467062ee7ac973e1938e33cfe6b712efcb5f,True,True,28,10702,0.5977024590022022,0.8572228401578461,3.9282774831322995,0.9258891038748519,4.242944947616411,31672204,123026120,40272648,"{""values"": {""shape"": [3355822], ""dtype"": ""<i8"", ""nbytes"": 26846576}, ""indices"": {""shape"": [3355822], ""dtype"": ""<i4"", ""nbytes"": 13423288}, ""indptr"": {""shape"": [696], ""dtype"": ""<i4"", ""nbytes"": 2784}}",1,5.265999999999622,2.07799999999952,243220480,0.05619504724079196,0.014467017248044561,0.044194287894851116
NCBI444,Visium,Mus musculus,Spinal cord,success,32,E:\Hestdata\st\NCBI444.h5ad,a3e8660c8a3d9f3605c0d4dcc2192f7249023fce08cfdd1c6cc2719c0840b95a,D:\HEST1000BenchRun\COUNT-HEST-SHARED-K32-001\main\NCBI444\VALUE_K32\attempt01\RESULT.json,,710,22127,15710170,3251772,1761337,1752834,1622315,D:\HEST1000BenchRun\COUNT-HEST-SHARED-K32-001\main\NCBI444\VALUE_K32\attempt01\archive.cnt,42e652be2334d2700f52797675743283a9f52ea276dfb6bc496adcf54598f587,True,True,28,8503,0.48275826829277985,0.8261221870928195,3.9912146362045062,0.8925856308365855,4.312317099722859,30830711,125681360,39024108,"{""values"": {""shape"": [3251772], ""dtype"": ""<i8"", ""nbytes"": 26014176}, ""indices"": {""shape"": [3251772], ""dtype"": ""<i4"", ""nbytes"": 13007088}, ""indptr"": {""shape"": [711], ""dtype"": ""<i4"", ""nbytes"": 2844}}",1,5.063000000000102,2.1090000000003783,230838272,0.056853505584091135,0.013946650481821648,0.044916696110004616
NCBI445,Visium,Mus musculus,Spinal cord,success,32,E:\Hestdata\st\NCBI445.h5ad,8432dded68df8dc7f239aa03857a777951ad2e718236b2e61255165c836af750,D:\HEST1000BenchRun\COUNT-HEST-SHARED-K32-001\main\NCBI445\VALUE_K32\attempt01\RESULT.json,,556,22127,12302612,2854181,1603163,1596902,1470827,D:\HEST1000BenchRun\COUNT-HEST-SHARED-K32-001\main\NCBI445\VALUE_K32\attempt01\archive.cnt,a93f22b42425c447506885c0dbac5c40852f42937116c9783efc51603e1f3042,True,True,28,6261,0.39054045034721985,0.9564323413597048,4.122589282179371,1.0384149317234421,4.4759656097493465,27621493,98420896,34252400,"{""values"": {""shape"": [2854181], ""dtype"": ""<i8"", ""nbytes"": 22833448}, ""indices"": {""shape"": [2854181], ""dtype"": ""<i4"", ""nbytes"": 11416724}, ""indptr"": {""shape"": [557], ""dtype"": ""<i4"", ""nbytes"": 2228}}",1,4.75,1.8909999999996217,211210240,0.05781374670804362,0.016225233308178783,0.04662160899674184
NCBI446,Visium,Mus musculus,Spinal cord,success,32,E:\Hestdata\st\NCBI446.h5ad,52a2b494d2d39368e61d15160e05e0182a68f69fded4d7ca3da3dff8b744047a,D:\HEST1000BenchRun\COUNT-HEST-SHARED-K32-001\main\NCBI446\VALUE_K32\attempt01\RESULT.json,,704,22127,15577408,3689233,2035948,2027801,1893656,D:\HEST1000BenchRun\COUNT-HEST-SHARED-K32-001\main\NCBI446\VALUE_K32\attempt01\archive.cnt,b9d05cf9a7843f28d60a034e139e2284058a23c10e8910fe65bc07439e41f402,True,True,29,8147,0.4001575678750145,0.9725140408468469,4.106340803088338,1.0414061183991585,4.3972305354527625,34370713,124619264,44273616,"{""values"": {""shape"": [3689233], ""dtype"": ""<i8"", ""nbytes"": 29513864}, ""indices"": {""shape"": [3689233], ""dtype"": ""<i4"", ""nbytes"": 14756932}, ""indptr"": {""shape"": [705], ""dtype"": ""<i4"", ""nbytes"": 2820}}",1,5.563000000000102,2.0469999999986612,268898304,0.05899793233849993,0.016271970599986852,0.04580156723589056
NCBI447,Visium,Mus musculus,Spinal cord,success,32,E:\Hestdata\st\NCBI447.h5ad,09c0fb1363706de4801347e8dea6caa44ef4f27ac002a1a36c9cf6b14f720f52,D:\HEST1000BenchRun\COUNT-HEST-SHARED-K32-001\main\NCBI447\VALUE_K32\attempt01\RESULT.json,,444,22127,9824388,2194763,1249253,1246303,1123011,D:\HEST1000BenchRun\COUNT-HEST-SHARED-K32-001\main\NCBI447\VALUE_K32\attempt01\archive.cnt,7822c04386de42770d43b1c4443e434c8a9a77681a3262822a6697001aafcec3,True,True,29,2950,0.2361411179320762,0.9144679546451138,4.093420565227316,1.014864640932341,4.542824897266812,22304365,78595104,26338936,"{""values"": {""shape"": [2194763], ""dtype"": ""<i8"", ""nbytes"": 17558104}, ""indices"": {""shape"": [2194763], ""dtype"": ""<i4"", ""nbytes"": 8779052}, ""indptr"": {""shape"": [445], ""dtype"": ""<i4"", ""nbytes"": 1780}}",1,3.95299999999952,1.625,202698752,0.055877089529336524,0.015857260014567828,0.04731789469399979
NCBI448,Visium,Mus musculus,Spinal cord,success,32,E:\Hestdata\st\NCBI448.h5ad,6e50077e184dd97c1e5ce581218d5cce7062d2c44be51e6aa85ad6af5d471027,D:\HEST1000BenchRun\COUNT-HEST-SHARED-K32-001\main\NCBI448\VALUE_K32\attempt01\RESULT.json,,574,22127,12700898,2909623,1613211,1606340,1477949,D:\HEST1000BenchRun\COUNT-HEST-SHARED-K32-001\main\NCBI448\VALUE_K32\attempt01\archive.cnt,60b8db66ee3e63723933c150339847c5230eb523896a3941e092e41049954ba3,True,True,29,6871,0.4259207258071015,0.9309256715548775,4.063616489146532,1.0117961737823578,4.416627171286452,28013351,101607184,34917776,"{""values"": {""shape"": [2909623], ""dtype"": ""<i8"", ""nbytes"": 23276984}, ""indices"": {""shape"": [2909623], ""dtype"": ""<i4"", ""nbytes"": 11638492}, ""indptr"": {""shape"": [575], ""dtype"": ""<i4"", ""nbytes"": 2300}}",1,4.766000000001441,1.7339999999985594,212520960,0.057341943846703665,0.01580931521534934,0.0460035026285752
NCBI45,Spatial Transcriptomics,Mus musculus,Spinal cord,success,32,E:\Hestdata\st\NCBI45.h5ad,e0406120259bcc8c686b5b9a021da53108385a4273bab796ced7bbf520744bb4,D:\HEST1000BenchRun\COUNT-HEST-SHARED-K32-001\main\NCBI45\VALUE_K32\attempt01\RESULT.json,,305,16230,4950150,635620,437400,438682,350257,D:\HEST1000BenchRun\COUNT-HEST-SHARED-K32-001\main\NCBI45\VALUE_K32\attempt01\archive.cnt,5fb637f0b65c5aa576ae046267cca50d7a4d6461c8f3b795f90ef0fcc8bc7eb6,True,True,21,-1282,-0.29309556470050296,0.5660547660171914,4.408382366822945,0.7089595264789956,5.521311475409836,43958230,39601200,7628664,"{""values"": {""shape"": [635620], ""dtype"": ""<i8"", ""nbytes"": 5084960}, ""indices"": {""shape"": [635620], ""dtype"": ""<i4"", ""nbytes"": 2542480}, ""indptr"": {""shape"": [306], ""dtype"": ""<i4"", ""nbytes"": 1224}}",1,2.3910000000014406,0.9529999999995198,179027968,0.009979519193561706,0.011077492601234307,0.057504433279536235
NCBI450,Visium,Mus musculus,Spinal cord,success,32,E:\Hestdata\st\NCBI450.h5ad,0ed058d05223d858c7da4dfaf573c63c9ec2499a3f135f464352da3b2c4fcaa7,D:\HEST1000BenchRun\COUNT-HEST-SHARED-K32-001\main\NCBI450\VALUE_K32\attempt01\RESULT.json,,652,22127,14426804,3514670,1954244,1945687,1813524,D:\HEST1000BenchRun\COUNT-HEST-SHARED-K32-001\main\NCBI450\VALUE_K32\attempt01\archive.cnt,eb76793cc5fabde24e641131d979879640e48b038fbb6f8800d4c9066acb37f8,True,True,29,8557,0.4378675334298071,1.0056414435241512,4.127895933330867,1.0789289159262163,4.4287218999223255,32886061,115414432,42178652,"{""values"": {""shape"": [3514670], ""dtype"": ""<i8"", ""nbytes"": 28117360}, ""indices"": {""shape"": [3514670], ""dtype"": ""<i4"", ""nbytes"": 14058680}, ""indptr"": {""shape"": [653], ""dtype"": ""<i4"", ""nbytes"": 2612}}",1,5.358999999998559,2.0780000000013388,220364800,0.05916448917369581,0.01685826431134713,0.0461296629394415
NCBI451,Visium,Mus musculus,Spinal cord,success,32,E:\Hestdata\st\NCBI451.h5ad,795d266f0abf6fc7ac24d37a123344507f59970afb0b868b5f98381314a93fb1,D:\HEST1000BenchRun\COUNT-HEST-SHARED-K32-001\main\NCBI451\VALUE_K32\attempt01\RESULT.json,,619,22127,13696613,3331560,1840774,1834470,1703809,D:\HEST1000BenchRun\COUNT-HEST-SHARED-K32-001\main\NCBI451\VALUE_K32\attempt01\archive.cnt,428a21c5c8e295f4565abda26ccf1fa693b30dcf32eddcc52447039dd97a659c,True,True,29,6304,0.342464637158065,0.9951709959243209,4.091318181272437,1.0714882577174372,4.405071498036956,31374536,109572904,39981200,"{""values"": {""shape"": [3331560], ""dtype"": ""<i8"", ""nbytes"": 26652480}, ""indices"": {""shape"": [3331560], ""dtype"": ""<i4"", ""nbytes"": 13326240}, ""indptr"": {""shape"": [620], ""dtype"": ""<i4"", ""nbytes"": 2480}}",1,5.188000000000102,2.0460000000002765,217477120,0.05847002805077341,0.016742004026834956,0.04588331515812432
NCBI452,Visium,Mus musculus,Spinal cord,success,32,E:\Hestdata\st\NCBI452.h5ad,37c7c1583cafba7d50fcb901e2293a4cdd89c162d1f2ad13dd5fca921e314cb3,D:\HEST1000BenchRun\COUNT-HEST-SHARED-K32-001\main\NCBI452\VALUE_K32\attempt01\RESULT.json,,483,22127,10687341,2514802,1421197,1416748,1296569,D:\HEST1000BenchRun\COUNT-HEST-SHARED-K32-001\main\NCBI452\VALUE_K32\attempt01\archive.cnt,f335a79274ea5346e64ea1cc6f08663c9ce11776de52c9a8908150ff6bfb4df8,True,True,28,4449,0.3130459746256149,0.9705456202810409,4.124599869095062,1.0605055083392585,4.506909092644272,24873204,85498728,30179560,"{""values"": {""shape"": [2514802], ""dtype"": ""<i8"", ""nbytes"": 20118416}, ""indices"": {""shape"": [2514802], ""dtype"": ""<i4"", ""nbytes"": 10059208}, ""indptr"": {""shape"": [484], ""dtype"": ""<i4"", ""nbytes"": 1936}}",1,4.25,1.7340000000003783,206995456,0.05695880595037133,0.016570398567800914,0.046943958096141894
NCBI46,Spatial Transcriptomics,Mus musculus,Spinal cord,success,32,E:\Hestdata\st\NCBI46.h5ad,18f7bac6deb11e77cc21395e1809a09041424e696858d2e1f491340c01fbe166,D:\HEST1000BenchRun\COUNT-HEST-SHARED-K32-001\main\NCBI46\VALUE_K32\attempt01\RESULT.json,,321,15742,5053182,538869,390269,391918,306071,D:\HEST1000BenchRun\COUNT-HEST-SHARED-K32-001\main\NCBI46\VALUE_K32\attempt01\archive.cnt,d23ec2f13b69755f31dc637869d6415e33d7ad43ef16a56bb07c22580b2e51c3,True,True,20,-1649,-0.4225290760987934,0.48455962995197877,4.543902135769547,0.6204692409653957,5.818378863879718,44736302,40425456,6467716,"{""values"": {""shape"": [538869], ""dtype"": ""<i8"", ""nbytes"": 4310952}, ""indices"": {""shape"": [538869], ""dtype"": ""<i4"", ""nbytes"": 2155476}, ""indptr"": {""shape"": [322], ""dtype"": ""<i4"", ""nbytes"": 1288}}",1,2.2039999999997235,0.9529999999995198,177623040,0.008760625766519549,0.009694831890084308,0.06059604348737638
NCBI461,Visium,Homo sapiens,Skin,success,32,E:\Hestdata\st\NCBI461.h5ad,f534a126cad1311f530a46d7c98062e75896ad674ce0068542b4280907731b9d,D:\HEST1000BenchRun\COUNT-HEST-SHARED-K32-001\main\NCBI461\VALUE_K32\attempt01\RESULT.json,,1987,20613,40958031,6671685,3964557,3962925,3795538,D:\HEST1000BenchRun\COUNT-HEST-SHARED-K32-001\main\NCBI461\VALUE_K32\attempt01\archive.cnt,2ce805e96a72626a517cfe2da4101e7f2cd9306d7ebd344a5943cb1005017a06,True,True,29,1632,0.04116475056355603,0.7413516533546254,4.551219669393864,0.7740459984514392,4.751932982447463,58381727,327664248,80068172,"{""values"": {""shape"": [6671685], ""dtype"": ""<i8"", ""nbytes"": 53373480}, ""indices"": {""shape"": [6671685], ""dtype"": ""<i4"", ""nbytes"": 26686740}, ""indptr"": {""shape"": [1988], ""dtype"": ""<i4"", ""nbytes"": 7952}}",1,8.79700000000048,3.2810000000008586,340553728,0.06787954388536674,0.012094468725803737,0.049494385859090176
NCBI462,Visium,Homo sapiens,Skin,success,32,E:\Hestdata\st\NCBI462.h5ad,012369a63683cefdef83e0300db961aeeabb9f3953e39e715d677fe0bb476368,D:\HEST1000BenchRun\COUNT-HEST-SHARED-K32-001\main\NCBI462\VALUE_K32\attempt01\RESULT.json,,2043,20613,42112359,3206882,2142154,2143618,1979090,D:\HEST1000BenchRun\COUNT-HEST-SHARED-K32-001\main\NCBI462\VALUE_K32\attempt01\archive.cnt,1ac0998dbce5f647a8b84d0f120813c28f4c0696d932e88041009083cfa3107c,True,True,25,-1464,-0.06834242542786373,0.37596374024072127,4.937107133970006,0.4072187929438956,5.34754443724465,30586727,336898872,38490760,"{""values"": {""shape"": [3206882], ""dtype"": ""<i8"", ""nbytes"": 25655056}, ""indices"": {""shape"": [3206882], ""dtype"": ""<i4"", ""nbytes"": 12827528}, ""indptr"": {""shape"": [2044], ""dtype"": ""<i4"", ""nbytes"": 8176}}",1,5.531000000000859,2.0309999999990396,220696576,0.07008327501010488,0.006362793639748369,0.05569175563174123
NCBI463,Visium,Homo sapiens,Skin,success,32,E:\Hestdata\st\NCBI463.h5ad,92a39f94a1473823eb14cbf22bbbe48bed57933c5b79f143a299d83bfeff7ea4,D:\HEST1000BenchRun\COUNT-HEST-SHARED-K32-001\main\NCBI463\VALUE_K32\attempt01\RESULT.json,,1253,20613,25828089,4115408,2574358,2573142,2430230,D:\HEST1000BenchRun\COUNT-HEST-SHARED-K32-001\main\NCBI463\VALUE_K32\attempt01\archive.cnt,072561f409ac33c3b310cef66204c3f5c2c09117cb4d717326fc455ce69bee91,True,True,29,1216,0.0472350776387744,0.7527401659487855,4.724158576743788,0.797005771507137,5.001967241158106,37801625,206624712,49389912,"{""values"": {""shape"": [4115408], ""dtype"": ""<i8"", ""nbytes"": 32923264}, ""indices"": {""shape"": [4115408], ""dtype"": ""<i4"", ""nbytes"": 16461632}, ""indptr"": {""shape"": [1254], ""dtype"": ""<i4"", ""nbytes"": 5016}}",1,6.015000000001237,2.25,240263168,0.06806961340947644,0.012453215179799016,0.05209853380585088
NCBI464,Visium,Homo sapiens,Skin,success,32,E:\Hestdata\st\NCBI464.h5ad,20c3d0258a71acd213379124d708138e969ebc5e3eff1de473252ebc8c75347c,D:\HEST1000BenchRun\COUNT-HEST-SHARED-K32-001\main\NCBI464\VALUE_K32\attempt01\RESULT.json,,1979,20613,40793127,5190397,3255188,3253775,3087795,D:\HEST1000BenchRun\COUNT-HEST-SHARED-K32-001\main\NCBI464\VALUE_K32\attempt01\archive.cnt,574d0e9d01d4480cdf514b1842f468a3924953b1ad193c0401bef1ef217329a3,True,True,29,1413,0.043407631141427164,0.6055520087979527,4.75924288643046,0.6381025901740751,5.015069174862732,46527935,326345016,62292684,"{""values"": {""shape"": [5190397], ""dtype"": ""<i8"", ""nbytes"": 41523176}, ""indices"": {""shape"": [5190397], ""dtype"": ""<i4"", ""nbytes"": 20761588}, ""indptr"": {""shape"": [1980], ""dtype"": ""<i4"", ""nbytes"": 7920}}",1,7.234999999998763,2.765000000001237,321540096,0.06993164429068258,0.009970352971469924,0.05223366198187896
NCBI465,Visium,Homo sapiens,Skin,success,32,E:\Hestdata\st\NCBI465.h5ad,140e732e7f7ef13d9057da52a3d5ad014d0748abf42a55a8b2ecaefdb0f7dad3,D:\HEST1000BenchRun\COUNT-HEST-SHARED-K32-001\main\NCBI465\VALUE_K32\attempt01\RESULT.json,,736,20613,15171168,756181,610697,614297,497361,D:\HEST1000BenchRun\COUNT-HEST-SHARED-K32-001\main\NCBI465\VALUE_K32\attempt01\archive.cnt,e25c604559a59857e8abca2c75613c0b7df15ab40b7fa93f7cac1f4ed04d8a8e,True,True,21,-3600,-0.5894903692010932,0.26226642536685374,5.2618195908122525,0.32392865203259236,6.498941391016172,10746856,121369344,9077120,"{""values"": {""shape"": [756181], ""dtype"": ""<i8"", ""nbytes"": 6049448}, ""indices"": {""shape"": [756181], ""dtype"": ""<i4"", ""nbytes"": 3024724}, ""indptr"": {""shape"": [737], ""dtype"": ""<i4"", ""nbytes"": 2948}}",1,2.610000000000582,0.9680000000007567,186281984,0.05716062446542505,0.005061385188009256,0.06767531992526264
NCBI466,Visium,Homo sapiens,Skin,success,32,E:\Hestdata\st\NCBI466.h5ad,9c410ab61a2608b96ff0dea641577b720349fe5a7abfe443f0981bd9f8eabf49,D:\HEST1000BenchRun\COUNT-HEST-SHARED-K32-001\main\NCBI466\VALUE_K32\attempt01\RESULT.json,,691,20613,14243583,847326,673171,677585,560093,D:\HEST1000BenchRun\COUNT-HEST-SHARED-K32-001\main\NCBI466\VALUE_K32\attempt01\archive.cnt,28b75feb5ba87d1b2eb508660063bd65360b0dc9617e62edbe1ca433892da87c,True,True,22,-4414,-0.6557026372199635,0.3145798357056648,5.28809926757824,0.3805699731591412,6.397396043553485,11472959,113948664,10170680,"{""values"": {""shape"": [847326], ""dtype"": ""<i8"", ""nbytes"": 6778608}, ""indices"": {""shape"": [847326], ""dtype"": ""<i4"", ""nbytes"": 3389304}, ""indptr"": {""shape"": [692], ""dtype"": ""<i4"", ""nbytes"": 2768}}",1,2.7180000000007567,0.9850000000005821,187408384,0.05905930632193491,0.005946405830611581,0.06662140584503691
NCBI467,Visium,Homo sapiens,Skin,success,32,E:\Hestdata\st\NCBI467.h5ad,772b8f9fbc719ba8d9ca663aeec15e995cee32db6b9f03bb13d52e056e011758,D:\HEST1000BenchRun\COUNT-HEST-SHARED-K32-001\main\NCBI467\VALUE_K32\attempt01\RESULT.json,,1906,20613,39288378,4993508,3081740,3078384,2914986,D:\HEST1000BenchRun\COUNT-HEST-SHARED-K32-001\main\NCBI467\VALUE_K32\attempt01\archive.cnt,832fe59d267abf5c73e643d57ecdefb02a637df4d9f74f545264229d7cbc489a,True,True,28,3356,0.10889951780487647,0.5935569037744445,4.670041181470021,0.6268284223899495,4.931817872325428,44868170,314307024,59929724,"{""values"": {""shape"": [4993508], ""dtype"": ""<i8"", ""nbytes"": 39948064}, ""indices"": {""shape"": [4993508], ""dtype"": ""<i4"", ""nbytes"": 19974032}, ""indptr"": {""shape"": [1907], ""dtype"": ""<i4"", ""nbytes"": 7628}}",1,7.109000000000378,2.75,286498816,0.0686095287594747,0.009794194099842961,0.05136656394412896
NCBI469,Visium,Homo sapiens,Skin,success,32,E:\Hestdata\st\NCBI469.h5ad,d691ced747e01b65090377ef355b1b66eacfafab3782a34f53616bc0ee828335,D:\HEST1000BenchRun\COUNT-HEST-SHARED-K32-001\main\NCBI469\VALUE_K32\attempt01\RESULT.json,,1504,20613,31001952,949389,822054,826434,682402,D:\HEST1000BenchRun\COUNT-HEST-SHARED-K32-001\main\NCBI469\VALUE_K32\attempt01\archive.cnt,0fce26a24f9a344b9a810d19b64e6ec75966be298fa49830136c954ababb6026,True,True,26,-4380,-0.5328117130991394,0.176092653778704,5.7502414710935135,0.2132598618306357,6.96392311265456,12479008,248015616,11398688,"{""values"": {""shape"": [949389], ""dtype"": ""<i8"", ""nbytes"": 7595112}, ""indices"": {""shape"": [949389], ""dtype"": ""<i4"", ""nbytes"": 3797556}, ""indptr"": {""shape"": [1505], ""dtype"": ""<i4"", ""nbytes"": 6020}}",1,3.1409999999996217,1.1090000000003783,191279104,0.0662259371898792,0.0033321853411036827,0.07250255467997721
NCBI47,Spatial Transcriptomics,Mus musculus,Spinal cord,success,32,E:\Hestdata\st\NCBI47.h5ad,d2281d5fab99ee6be9d832ed1fc2f461d299bac966618493cd5ff61381f6ae47,D:\HEST1000BenchRun\COUNT-HEST-SHARED-K32-001\main\NCBI47\VALUE_K32\attempt01\RESULT.json,,306,16148,4941288,646935,438048,439384,351232,D:\HEST1000BenchRun\COUNT-HEST-SHARED-K32-001\main\NCBI47\VALUE_K32\attempt01\archive.cnt,804f99c7a545d8b0c91f596339f47fcec808e5e0370d21dc17b338ccce93b4cb,True,True,21,-1336,-0.3049894075535101,0.5686484981243757,4.343335883821404,0.7113675624654948,5.433423759728567,43873932,39530304,7764448,"{""values"": {""shape"": [646935], ""dtype"": ""<i8"", ""nbytes"": 5175480}, ""indices"": {""shape"": [646935], ""dtype"": ""<i4"", ""nbytes"": 2587740}, ""indptr"": {""shape"": [307], ""dtype"": ""<i4"", ""nbytes"": 1228}}",1,2.3909999999996217,0.9529999999995198,179085312,0.010014693918931178,0.011115118163523357,0.05658921278112752
NCBI470,Visium,Homo sapiens,Skin,success,32,E:\Hestdata\st\NCBI470.h5ad,8768b8d03fbf219179bc8e03eb46d67f8ed798dc2cec356f621ba3665d8e9619,D:\HEST1000BenchRun\COUNT-HEST-SHARED-K32-001\main\NCBI470\VALUE_K32\attempt01\RESULT.json,,1350,20613,27827550,760337,654796,659055,520302,D:\HEST1000BenchRun\COUNT-HEST-SHARED-K32-001\main\NCBI470\VALUE_K32\attempt01\archive.cnt,a2878a324ccd3349d961f85b143a9f3e4bdb0974ece01dfd69c057e2db43098a,True,True,27,-4259,-0.6504315847989297,0.14957896041872173,5.4744356778638945,0.1894683506093781,6.934346217532489,10917502,222620400,9129448,"{""values"": {""shape"": [760337], ""dtype"": ""<i8"", ""nbytes"": 6082696}, ""indices"": {""shape"": [760337], ""dtype"": ""<i4"", ""nbytes"": 3041348}, ""indptr"": {""shape"": [1351], ""dtype"": ""<i4"", ""nbytes"": 5404}}",1,3.0,1.1560000000008586,187719680,0.060366831167056344,0.002960442978271533,0.07219001630766723
NCBI471,Visium,Homo sapiens,Skin,success,32,E:\Hestdata\st\NCBI471.h5ad,ab7740371fc22db277726aca839d49ad2242093e7105b0b92296795eb3d31974,D:\HEST1000BenchRun\COUNT-HEST-SHARED-K32-001\main\NCBI471\VALUE_K32\attempt01\RESULT.json,,1117,20613,23024721,1037171,836763,841151,707845,D:\HEST1000BenchRun\COUNT-HEST-SHARED-K32-001\main\NCBI471\VALUE_K32\attempt01\archive.cnt,157ac80d433f09d7c4373d674d387ef56b602794e528bea368b4ff159292dd0e,True,True,29,-4388,-0.5244017720668815,0.24594261098755552,5.459813280548723,0.29226013205545465,6.488041026985907,13045209,184197768,12450524,"{""values"": {""shape"": [1037171], ""dtype"": ""<i8"", ""nbytes"": 8297368}, ""indices"": {""shape"": [1037171], ""dtype"": ""<i4"", ""nbytes"": 4148684}, ""indptr"": {""shape"": [1118], ""dtype"": ""<i4"", ""nbytes"": 4472}}",1,3.1559999999990396,1.1090000000003783,190889984,0.06447968752359583,0.004566564563366479,0.06755948584975219
NCBI472,Visium,Homo sapiens,Skin,success,32,E:\Hestdata\st\NCBI472.h5ad,d3cd882ed2764a244f4b3b110ba63d65ee8e4b966eccc3eb7c4fdf006da8c93b,D:\HEST1000BenchRun\COUNT-HEST-SHARED-K32-001\main\NCBI472\VALUE_K32\attempt01\RESULT.json,,1122,20613,23127786,1322363,1011092,1014981,879927,D:\HEST1000BenchRun\COUNT-HEST-SHARED-K32-001\main\NCBI472\VALUE_K32\attempt01\archive.cnt,6431389d94428e131b390d0a538eaccdbbd7231d8b51c493e293022eba75ef6f,True,True,29,-3889,-0.3846336436249125,0.3043705091356345,5.3233612858194,0.3510862648071891,6.140407739780983,15174754,185022288,15872848,"{""values"": {""shape"": [1322363], ""dtype"": ""<i8"", ""nbytes"": 10578904}, ""indices"": {""shape"": [1322363], ""dtype"": ""<i4"", ""nbytes"": 5289452}, ""indptr"": {""shape"": [1123], ""dtype"": ""<i4"", ""nbytes"": 4492}}",1,3.5160000000014406,1.2819999999992433,195338240,0.06688615841811998,0.005485722887612329,0.06394447927681284
NCBI473,Visium,Homo sapiens,Skin,success,32,E:\Hestdata\st\NCBI473.h5ad,abd9361860725b69950b4d4aafd170df132e2263ae50798a4afe181066b6ce85,D:\HEST1000BenchRun\COUNT-HEST-SHARED-K32-001\main\NCBI473\VALUE_K32\attempt01\RESULT.json,,744,20613,15336072,188321,265007,269109,157460,D:\HEST1000BenchRun\COUNT-HEST-SHARED-K32-001\main\NCBI473\VALUE_K32\attempt01\archive.cnt,fca0ef5e8c31059c891e03e9af372c872a689338482a80a3e149c2900dd1a490,True,True,21,-4102,-1.547883640809488,0.08213837285062303,6.6890044126783526,0.14037962263087966,11.431927400555434,6192368,122688576,2262832,"{""values"": {""shape"": [188321], ""dtype"": ""<i8"", ""nbytes"": 1506568}, ""indices"": {""shape"": [188321], ""dtype"": ""<i4"", ""nbytes"": 753284}, ""indptr"": {""shape"": [745], ""dtype"": ""<i4"", ""nbytes"": 2980}}",1,2.2189999999991414,0.7970000000004802,178462720,0.04345817302847634,0.0021934316036074947,0.11892575321543977
NCBI474,Visium,Homo sapiens,Skin,success,32,E:\Hestdata\st\NCBI474.h5ad,e9364f9135394b99abda2ef507b28f7f9c1d66fc344a783f6dea598fe53773fe,D:\HEST1000BenchRun\COUNT-HEST-SHARED-K32-001\main\NCBI474\VALUE_K32\attempt01\RESULT.json,,598,20613,12326574,220065,273418,277623,168445,D:\HEST1000BenchRun\COUNT-HEST-SHARED-K32-001\main\NCBI474\VALUE_K32\attempt01\archive.cnt,0a3e6b08ef78575c9fd9d5cb4c1e6fc46bb00d0014afafedc96e3fba676228c8,True,True,23,-4205,-1.5379382483962285,0.10932153573247522,6.1234635221411855,0.18017853135834824,10.092399972735329,6474902,98612592,2643176,"{""values"": {""shape"": [220065], ""dtype"": ""<i8"", ""nbytes"": 1760520}, ""indices"": {""shape"": [220065], ""dtype"": ""<i4"", ""nbytes"": 880260}, ""indptr"": {""shape"": [599], ""dtype"": ""<i4"", ""nbytes"": 2396}}",1,2.264999999999418,0.8289999999997235,178855936,0.04287678794211866,0.0028152895524741913,0.10503386834626223
NCBI475,Visium,Homo sapiens,Skin,success,32,E:\Hestdata\st\NCBI475.h5ad,756368e11440ba6a221f815ac2def516502f118cb304956015af187179c3b1ec,D:\HEST1000BenchRun\COUNT-HEST-SHARED-K32-001\main\NCBI475\VALUE_K32\attempt01\RESULT.json,,1414,20613,29146782,1370883,1050323,1054197,911796,D:\HEST1000BenchRun\COUNT-HEST-SHARED-K32-001\main\NCBI475\VALUE_K32\attempt01\archive.cnt,c3674ac69ebc21b0f1167e717c2f94db6a2651ec9f3fcbc70760e3704005e723,True,True,26,-3874,-0.36883891907537014,0.25026323660704636,5.320926731165241,0.28934844333758697,6.151929814579362,15839478,233174256,16456256,"{""values"": {""shape"": [1370883], ""dtype"": ""<i8"", ""nbytes"": 10967064}, ""indices"": {""shape"": [1370883], ""dtype"": ""<i4"", ""nbytes"": 5483532}, ""indptr"": {""shape"": [1415], ""dtype"": ""<i4"", ""nbytes"": 5660}}",1,3.4840000000003783,1.2659999999996217,196333568,0.06655503419999068,0.004521069427149796,0.06406056152748231
NCBI476,Visium,Homo sapiens,Skin,success,32,E:\Hestdata\st\NCBI476.h5ad,c2687879e1f4551c755fe27c1479ff680a4d36be3c6f30d2116c13c35f8c7965,D:\HEST1000BenchRun\COUNT-HEST-SHARED-K32-001\main\NCBI476\VALUE_K32\attempt01\RESULT.json,,1144,20613,23581272,990909,790408,794788,661962,D:\HEST1000BenchRun\COUNT-HEST-SHARED-K32-001\main\NCBI476\VALUE_K32\attempt01\archive.cnt,274c0fc681cc3b136b80ab4403ff0dcb954973102f0116db72b9cf0d6b710d6c,True,True,28,-4380,-0.5541441888239997,0.22457210959612356,5.344280857273473,0.2696336312986,6.416637652902537,12724136,188650176,11895488,"{""values"": {""shape"": [990909], ""dtype"": ""<i8"", ""nbytes"": 7927272}, ""indices"": {""shape"": [990909], ""dtype"": ""<i4"", ""nbytes"": 3963636}, ""indptr"": {""shape"": [1145], ""dtype"": ""<i4"", ""nbytes"": 4580}}",1,3.0469999999986612,1.110000000000582,190226432,0.06246302302961867,0.004213025489040625,0.06681424082811903
NCBI477,Visium,Homo sapiens,Skin,success,32,E:\Hestdata\st\NCBI477.h5ad,56bba2fa7181e15bfd097669f70e98d450a78fb24819841f4c43d4bca14d35d4,D:\HEST1000BenchRun\COUNT-HEST-SHARED-K32-001\main\NCBI477\VALUE_K32\attempt01\RESULT.json,,791,20613,16304883,533338,495149,499322,384767,D:\HEST1000BenchRun\COUNT-HEST-SHARED-K32-001\main\NCBI477\VALUE_K32\attempt01\archive.cnt,c902f36a49cd246f7c34c0622adefbbb2d2dd65c0ad9da3f72929f286c9b5fe4,True,True,23,-4173,-0.8427766187551626,0.18878614461692242,5.771454499773127,0.24499261969558445,7.489764464560935,9019387,130439064,6403224,"{""values"": {""shape"": [533338], ""dtype"": ""<i8"", ""nbytes"": 4266704}, ""indices"": {""shape"": [533338], ""dtype"": ""<i4"", ""nbytes"": 2133352}, ""indptr"": {""shape"": [792], ""dtype"": ""<i4"", ""nbytes"": 3168}}",1,2.561999999999898,0.9529999999995198,183779328,0.05536096854475809,0.003828009682743507,0.07797978018573144
NCBI478,Visium,Homo sapiens,Skin,success,32,E:\Hestdata\st\NCBI478.h5ad,d33645aede890ac026f7e2a261ac951ee7f042997ac23da436ff9f80306bf973,D:\HEST1000BenchRun\COUNT-HEST-SHARED-K32-001\main\NCBI478\VALUE_K32\attempt01\RESULT.json,,790,20613,16284270,686492,603119,607175,490137,D:\HEST1000BenchRun\COUNT-HEST-SHARED-K32-001\main\NCBI478\VALUE_K32\attempt01\archive.cnt,7146037e55b15ca5dfa741f66a66a009e4e47b5850c5cae475ec47edf3119ae9,True,True,24,-4056,-0.6725040995226481,0.2407904069387206,5.711786881711658,0.29828785693187354,7.075683329157513,10244982,130274160,8241068,"{""values"": {""shape"": [686492], ""dtype"": ""<i8"", ""nbytes"": 5491936}, ""indices"": {""shape"": [686492], ""dtype"": ""<i4"", ""nbytes"": 2745968}, ""indptr"": {""shape"": [791], ""dtype"": ""<i4"", ""nbytes"": 3164}}",1,2.67200000000048,1.014999999999418,185286656,0.05926559949056035,0.004660747764560524,0.0736767370442763
NCBI48,Spatial Transcriptomics,Mus musculus,Spinal cord,success,32,E:\Hestdata\st\NCBI48.h5ad,261b704432683c6ecb4f66393877c2cccf76895d890effc9deb2a031418758e0,D:\HEST1000BenchRun\COUNT-HEST-SHARED-K32-001\main\NCBI48\VALUE_K32\attempt01\RESULT.json,,235,15670,3682450,388517,303652,306296,224634,D:\HEST1000BenchRun\COUNT-HEST-SHARED-K32-001\main\NCBI48\VALUE_K32\attempt01\archive.cnt,3af4b77733faa0037f9b9b0ca7da8a9131d800b4e3539ecfc078f96988b42cdb,True,True,19,-2644,-0.8707336029402079,0.4880098847234857,4.625465552343913,0.6654178603918587,6.306977558253564,33753470,29459600,4663148,"{""values"": {""shape"": [388517], ""dtype"": ""<i8"", ""nbytes"": 3108136}, ""indices"": {""shape"": [388517], ""dtype"": ""<i4"", ""nbytes"": 1554068}, ""indptr"": {""shape"": [236], ""dtype"": ""<i4"", ""nbytes"": 944}}",1,2.125,0.8439999999991414,176414720,0.00907450404358426,0.010397154068622792,0.06568438316776563
NCBI480,Visium,Homo sapiens,Skin,success,32,E:\Hestdata\st\NCBI480.h5ad,8fbff7c6bbe8708202e2fa09301d4c0bd7dbbdf93b36df1e263846e8f10baebd,D:\HEST1000BenchRun\COUNT-HEST-SHARED-K32-001\main\NCBI480\VALUE_K32\attempt01\RESULT.json,,695,20613,14326035,1083783,817545,822315,702134,D:\HEST1000BenchRun\COUNT-HEST-SHARED-K32-001\main\NCBI480\VALUE_K32\attempt01\archive.cnt,0597f166937a5dc1eeb8440bdc01126c230cd02fe1ef7795ef778c4115e8ca59,True,True,26,-4770,-0.5834541217914611,0.3920883901232965,5.182838261902982,0.459200330028511,6.06996049947268,13407843,114608280,13008180,"{""values"": {""shape"": [1083783], ""dtype"": ""<i8"", ""nbytes"": 8670264}, ""indices"": {""shape"": [1083783], ""dtype"": ""<i4"", ""nbytes"": 4335132}, ""indptr"": {""shape"": [696], ""dtype"": ""<i4"", ""nbytes"": 2784}}",1,3.0469999999986612,1.1090000000003783,190046208,0.0613308941639606,0.007175005156695485,0.0632152230365816
NCBI482,Visium,Homo sapiens,Skin,success,32,E:\Hestdata\st\NCBI482.h5ad,58a65d3c2514618e9ae818ed591b1f129cc6f15e62f55203718754c5dc569dbc,D:\HEST1000BenchRun\COUNT-HEST-SHARED-K32-001\main\NCBI482\VALUE_K32\attempt01\RESULT.json,,625,20613,12883125,521096,476594,480928,367830,D:\HEST1000BenchRun\COUNT-HEST-SHARED-K32-001\main\NCBI482\VALUE_K32\attempt01\archive.cnt,c3f24c5cac449769d80172702106ffde6067c07a7c2f4028a3aba2dd7286e9d5,True,True,23,-4334,-0.9093694003701264,0.22841042060835395,5.647020894422525,0.29864058603793725,7.383330518752783,8900029,103065000,6255656,"{""values"": {""shape"": [521096], ""dtype"": ""<i8"", ""nbytes"": 4168768}, ""indices"": {""shape"": [521096], ""dtype"": ""<i4"", ""nbytes"": 2084384}, ""indptr"": {""shape"": [626], ""dtype"": ""<i4"", ""nbytes"": 2504}}",1,2.375,0.9689999999991414,183250944,0.05403667785801597,0.0046662591568427695,0.07687890766372064
NCBI483,Visium,Homo sapiens,Skin,success,32,E:\Hestdata\st\NCBI483.h5ad,9995539d950cfda0c21fa5a0542cfb824845dcca6ae509e440b35d817acd1a37,D:\HEST1000BenchRun\COUNT-HEST-SHARED-K32-001\main\NCBI483\VALUE_K32\attempt01\RESULT.json,,923,20613,19025799,1110556,842250,845509,719452,D:\HEST1000BenchRun\COUNT-HEST-SHARED-K32-001\main\NCBI483\VALUE_K32\attempt01\archive.cnt,15394db28a57dc2ff83dda544307f4a58828d90b6c6fa2b4438b3fe4df72a868,True,True,23,-3259,-0.38693974473137427,0.30251638840502837,5.182643648766924,0.3555210480253681,6.090707717575701,13638799,152206392,13330368,"{""values"": {""shape"": [1110556], ""dtype"": ""<i8"", ""nbytes"": 8884448}, ""indices"": {""shape"": [1110556], ""dtype"": ""<i4"", ""nbytes"": 4442224}, ""indptr"": {""shape"": [924], ""dtype"": ""<i4"", ""nbytes"": 3696}}",1,3.1409999999996217,1.140000000001237,191152128,0.06199292181078407,0.005555016375396377,0.06342728122734496
NCBI484,Visium,Homo sapiens,Skin,success,32,E:\Hestdata\st\NCBI484.h5ad,9e72524c8beabe4590a37a7a34375c573b71834d83d50ad42c2519c029725bec,D:\HEST1000BenchRun\COUNT-HEST-SHARED-K32-001\main\NCBI484\VALUE_K32\attempt01\RESULT.json,,713,20613,14697069,932653,701358,704663,585788,D:\HEST1000BenchRun\COUNT-HEST-SHARED-K32-001\main\NCBI484\VALUE_K32\attempt01\archive.cnt,b850006e404e7dc9e46df25b946d0cdba34e0af7cbc8d39205f789a3472164b4,True,True,23,-3305,-0.47122867351623565,0.3188597672093667,5.024702649324025,0.3835665464998497,6.044374488689791,12203893,117576552,11194692,"{""values"": {""shape"": [932653], ""dtype"": ""<i8"", ""nbytes"": 7461224}, ""indices"": {""shape"": [932653], ""dtype"": ""<i4"", ""nbytes"": 3730612}, ""indptr"": {""shape"": [714], ""dtype"": ""<i4"", ""nbytes"": 2856}}",1,2.82799999999952,1.140000000001237,188612608,0.0577408372885603,0.005993227289060152,0.06294617127474342
NCBI485,Visium,Homo sapiens,Skin,success,32,E:\Hestdata\st\NCBI485.h5ad,1e00a9ae21fd00f9365e8022c4da356b58880481385c52bb8d436c08b8836d82,D:\HEST1000BenchRun\COUNT-HEST-SHARED-K32-001\main\NCBI485\VALUE_K32\attempt01\RESULT.json,,545,20613,11234085,676390,543023,547088,435078,D:\HEST1000BenchRun\COUNT-HEST-SHARED-K32-001\main\NCBI485\VALUE_K32\attempt01\archive.cnt,8264adad02c557451bd579c346e169203358a1a4e87c0d393b21540632745261,True,True,23,-4065,-0.7485870764221774,0.30982710207373365,5.145883292183504,0.38959149766091317,6.470681115924245,10099829,89872680,8118864,"{""values"": {""shape"": [676390], ""dtype"": ""<i8"", ""nbytes"": 5411120}, ""indices"": {""shape"": [676390], ""dtype"": ""<i4"", ""nbytes"": 2705560}, ""indptr"": {""shape"": [546], ""dtype"": ""<i4"", ""nbytes"": 2184}}",1,2.5310000000008586,0.9689999999991414,184590336,0.05416804581542915,0.006087367150951768,0.06738479669076856
NCBI486,Visium,Homo sapiens,Skin,success,32,E:\Hestdata\st\NCBI486.h5ad,1e099580a24f50bc7f58a5a4d1fe9d9e95a2b7fe264bcc702eedd679a58d641f,D:\HEST1000BenchRun\COUNT-HEST-SHARED-K32-001\main\NCBI486\VALUE_K32\attempt01\RESULT.json,,305,20613,6286965,465318,397357,401767,298503,D:\HEST1000BenchRun\COUNT-HEST-SHARED-K32-001\main\NCBI486\VALUE_K32\attempt01\archive.cnt,32cd30085cd176944aded734ef544827f0aa7830c99f36951e82d5c70385d64f,True,True,23,-4410,-1.109833223021112,0.3798373300948868,5.1320258403930215,0.5112380934202752,6.9073966620676615,8330660,50295720,5585040,"{""values"": {""shape"": [465318], ""dtype"": ""<i8"", ""nbytes"": 3722544}, ""indices"": {""shape"": [465318], ""dtype"": ""<i4"", ""nbytes"": 1861272}, ""indptr"": {""shape"": [306], ""dtype"": ""<i4"", ""nbytes"": 1224}}",1,2.3590000000003783,0.9369999999998981,181448704,0.04822751138565252,0.0079880952096918,0.07193627977597296
NCBI487,Visium,Homo sapiens,Skin,success,32,E:\Hestdata\st\NCBI487.h5ad,d8435852ed67be83849cb8437784f1e5c88fbcc80fe2e707a974628068fb84b3,D:\HEST1000BenchRun\COUNT-HEST-SHARED-K32-001\main\NCBI487\VALUE_K32\attempt01\RESULT.json,,1014,20613,20901582,1096906,835834,839189,710210,D:\HEST1000BenchRun\COUNT-HEST-SHARED-K32-001\main\NCBI487\VALUE_K32\attempt01\archive.cnt,618f3a584530778755a778f0556860d00e7f5a2b98435389a9d6d8de470d4ec2,True,True,24,-3355,-0.4013954924063869,0.27183014185242055,5.179732812109697,0.32119635729008456,6.120407765113875,13560718,167212656,13166932,"{""values"": {""shape"": [1096906], ""dtype"": ""<i8"", ""nbytes"": 8775248}, ""indices"": {""shape"": [1096906], ""dtype"": ""<i4"", ""nbytes"": 4387624}, ""indptr"": {""shape"": [1015], ""dtype"": ""<i4"", ""nbytes"": 4060}}",1,3.1409999999996217,1.264999999999418,191574016,0.061883817656262746,0.005018693082657571,0.06373458904473722
NCBI488,Visium,Homo sapiens,Skin,success,32,E:\Hestdata\st\NCBI488.h5ad,e93dbb4de3128df2030df681bfb8c625a6dc65090acdcff2aa063441a99fb6d8,D:\HEST1000BenchRun\COUNT-HEST-SHARED-K32-001\main\NCBI488\VALUE_K32\attempt01\RESULT.json,,1021,20613,21045873,1134699,892081,896075,765687,D:\HEST1000BenchRun\COUNT-HEST-SHARED-K32-001\main\NCBI488\VALUE_K32\attempt01\archive.cnt,7f6e777e866c5c1c0d672890545f41db38855adc2b4f1e8b0d2d1775eb906f14,True,True,25,-3994,-0.4477171916003143,0.2910544979531141,5.398344406754567,0.34061784939973744,6.317622558934131,13854729,168366984,13620476,"{""values"": {""shape"": [1134699], ""dtype"": ""<i8"", ""nbytes"": 9077592}, ""indices"": {""shape"": [1134699], ""dtype"": ""<i4"", ""nbytes"": 4538796}, ""indptr"": {""shape"": [1022], ""dtype"": ""<i4"", ""nbytes"": 4088}}",1,3.1560000000008586,1.25,191819776,0.06467647256037992,0.0053221538968708975,0.06578881677850319
NCBI489,Visium,Homo sapiens,Skin,success,32,E:\Hestdata\st\NCBI489.h5ad,dd39c0c0c2b9bb83215a2ea6a6fb66cc54a844279750e93c645dab98ccb2aba3,D:\HEST1000BenchRun\COUNT-HEST-SHARED-K32-001\main\NCBI489\VALUE_K32\attempt01\RESULT.json,,585,20613,12058605,309801,329485,333355,227512,D:\HEST1000BenchRun\COUNT-HEST-SHARED-K32-001\main\NCBI489\VALUE_K32\attempt01\archive.cnt,8e9ed49804a0572e0d08b9b05afa1d50f206d3ce964d6c6c7f984f3aa8a8f5bf,True,True,20,-3870,-1.1745602986478898,0.1509375255263772,5.875048821662938,0.22115659315484668,8.608235609310492,7190997,96468840,3719956,"{""values"": {""shape"": [309801], ""dtype"": ""<i8"", ""nbytes"": 2478408}, ""indices"": {""shape"": [309801], ""dtype"": ""<i4"", ""nbytes"": 1239204}, ""indptr"": {""shape"": [586], ""dtype"": ""<i4"", ""nbytes"": 2344}}",1,2.5309999999990396,0.7970000000004802,180195328,0.04635727146041085,0.0034555717680444793,0.08961261907398904
NCBI49,Spatial Transcriptomics,Mus musculus,Spinal cord,success,32,E:\Hestdata\st\NCBI49.h5ad,b09904467e0b82f786a738931a57494afcb937aab7e6532270e7eaf62ed484ca,D:\HEST1000BenchRun\COUNT-HEST-SHARED-K32-001\main\NCBI49\VALUE_K32\attempt01\RESULT.json,,246,15400,3788400,310862,257593,259960,180583,D:\HEST1000BenchRun\COUNT-HEST-SHARED-K32-001\main\NCBI49\VALUE_K32\attempt01\archive.cnt,59058d56c65543fd3ce29061a3a1440970d9a9b836dd5d0fa2fa5138b9443d67,True,True,18,-2367,-0.918891429503131,0.38133882377784817,4.647284003834499,0.5489599831063245,6.690042526909046,34584752,30307200,3731332,"{""values"": {""shape"": [310862], ""dtype"": ""<i8"", ""nbytes"": 2486896}, ""indices"": {""shape"": [310862], ""dtype"": ""<i4"", ""nbytes"": 1243448}, ""indptr"": {""shape"": [247], ""dtype"": ""<i4"", ""nbytes"": 988}}",1,2.2030000000013388,0.7809999999990396,174616576,0.007516607318739773,0.008577499736036321,0.06966949068053982
NCBI490,Visium,Homo sapiens,Skin,success,32,E:\Hestdata\st\NCBI490.h5ad,491c0f9c20fe11ece4378d0b9ec3f20b3f3f2cf4ca56678352af5e00dfa5040d,D:\HEST1000BenchRun\COUNT-HEST-SHARED-K32-001\main\NCBI490\VALUE_K32\attempt01\RESULT.json,,617,20613,12718221,206871,267903,271843,164392,D:\HEST1000BenchRun\COUNT-HEST-SHARED-K32-001\main\NCBI490\VALUE_K32\attempt01\archive.cnt,17768d6e4178110c3fb08786db2b26ec203ac2cb0fb08843c5bf560c1c8adf52,True,True,18,-3940,-1.4706815526515193,0.10340565712767533,6.35727579022676,0.17099435526399487,10.512560967946207,6368957,101745768,2484924,"{""values"": {""shape"": [206871], ""dtype"": ""<i8"", ""nbytes"": 1654968}, ""indices"": {""shape"": [206871], ""dtype"": ""<i4"", ""nbytes"": 827484}, ""indptr"": {""shape"": [618], ""dtype"": ""<i4"", ""nbytes"": 2472}}",1,2.2189999999991414,0.7970000000004802,178552832,0.04268249887697467,0.00267178680099992,0.10939690710862787
NCBI491,Visium,Homo sapiens,Skin,success,32,E:\Hestdata\st\NCBI491.h5ad,ec7332a8d752b04c608ff750fe543affd6bb4fe9dca963f218347e3782cafba8,D:\HEST1000BenchRun\COUNT-HEST-SHARED-K32-001\main\NCBI491\VALUE_K32\attempt01\RESULT.json,,913,20613,18819669,2012976,1391964,1395642,1266730,D:\HEST1000BenchRun\COUNT-HEST-SHARED-K32-001\main\NCBI491\VALUE_K32\attempt01\archive.cnt,ba0f0a7a9ea415fccbd01901ed34036bc2f340302bed4fc2a8a70401bb2effec,True,True,26,-3678,-0.264230971490642,0.5384706819232581,5.034257735810065,0.5932695203087791,5.546581777428047,20863077,150557352,24159368,"{""values"": {""shape"": [2012976], ""dtype"": ""<i8"", ""nbytes"": 16103808}, ""indices"": {""shape"": [2012976], ""dtype"": ""<i4"", ""nbytes"": 8051904}, ""indptr"": {""shape"": [914], ""dtype"": ""<i4"", ""nbytes"": 3656}}",1,4.0789999999997235,1.5310000000008586,202727424,0.06689530983373163,0.009269836254824674,0.057768150226446324
NCBI492,Visium,Homo sapiens,Skin,success,32,E:\Hestdata\st\NCBI492.h5ad,dc89a722e9b5e101b769b27f4fbaa1b5d84f9fcd5dafb2085c570a9da3ae40e6,D:\HEST1000BenchRun\COUNT-HEST-SHARED-K32-001\main\NCBI492\VALUE_K32\attempt01\RESULT.json,,814,20613,16778982,1718052,1197215,1200835,1075603,D:\HEST1000BenchRun\COUNT-HEST-SHARED-K32-001\main\NCBI492\VALUE_K32\attempt01\archive.cnt,1d6214a8520ebdb1e1576d6262f1012d1daab22727017a96d64f1ffac97b59d2,True,True,26,-3620,-0.3023684133593381,0.5128334960964854,5.008477042604065,0.5725424820170855,5.591611895332621,18509998,134231856,20619884,"{""values"": {""shape"": [1718052], ""dtype"": ""<i8"", ""nbytes"": 13744416}, ""indices"": {""shape"": [1718052], ""dtype"": ""<i4"", ""nbytes"": 6872208}, ""indptr"": {""shape"": [815], ""dtype"": ""<i4"", ""nbytes"": 3260}}",1,3.7660000000014406,1.375,197337088,0.06487493947865365,0.00894597628151696,0.058236748567547715
NCBI493,Visium,Homo sapiens,Skin,success,32,E:\Hestdata\st\NCBI493.h5ad,17b07cea1e412febc79055b15491b3536559de8517326a3b96f2baeaa5a27d2c,D:\HEST1000BenchRun\COUNT-HEST-SHARED-K32-001\main\NCBI493\VALUE_K32\attempt01\RESULT.json,,566,20613,11666958,984144,743485,747374,632790,D:\HEST1000BenchRun\COUNT-HEST-SHARED-K32-001\main\NCBI493\VALUE_K32\attempt01\archive.cnt,5fbdbe4019ab53e37fb4bc3dfc4b525129c2e134772b7954d5c3e01a62c2b9bd,True,True,24,-3889,-0.5230771300026228,0.4339023076966592,5.1438813832122126,0.5124722314077071,6.075322310556179,12595990,93335664,11811996,"{""values"": {""shape"": [984144], ""dtype"": ""<i8"", ""nbytes"": 7873152}, ""indices"": {""shape"": [984144], ""dtype"": ""<i4"", ""nbytes"": 3936576}, ""indptr"": {""shape"": [567], ""dtype"": ""<i4"", ""nbytes"": 2268}}",1,2.8440000000009604,1.1719999999986612,188620800,0.059334280195522546,0.008007378615745424,0.06327245623855612
NCBI494,Visium,Homo sapiens,Skin,success,32,E:\Hestdata\st\NCBI494.h5ad,e16ca540729a5e84c57e63e6378c4a5807b3c5ab0e3e5471f24275580574c057,D:\HEST1000BenchRun\COUNT-HEST-SHARED-K32-001\main\NCBI494\VALUE_K32\attempt01\RESULT.json,,508,20613,10471404,1003783,750813,755060,641819,D:\HEST1000BenchRun\COUNT-HEST-SHARED-K32-001\main\NCBI494\VALUE_K32\attempt01\archive.cnt,eca44d25fef2374f5c44d2ccebf8b573c17c932a7b9c8cbd6ae357ea99bbbda2,True,True,24,-4247,-0.565653498274537,0.4903403593252634,5.1152011938835384,0.576854832456087,6.017714984214716,12710232,83771232,12047432,"{""values"": {""shape"": [1003783], ""dtype"": ""<i8"", ""nbytes"": 8030264}, ""indices"": {""shape"": [1003783], ""dtype"": ""<i4"", ""nbytes"": 4015132}, ""indptr"": {""shape"": [509], ""dtype"": ""<i4"", ""nbytes"": 2036}}",1,2.9219999999986612,1.1720000000004802,188719104,0.05940568197338963,0.00901335675712636,0.06267393748310843
NCBI495,Visium,Homo sapiens,Skin,success,32,E:\Hestdata\st\NCBI495.h5ad,946169bc3865828f58431a94844462c2b758a95dafda3cba55f4d59d47931380,D:\HEST1000BenchRun\COUNT-HEST-SHARED-K32-001\main\NCBI495\VALUE_K32\attempt01\RESULT.json,,706,20613,14552778,1766209,1163943,1167918,1045884,D:\HEST1000BenchRun\COUNT-HEST-SHARED-K32-001\main\NCBI495\VALUE_K32\attempt01\archive.cnt,2f63de0b4f3ccc5effc65262060c751c96bd662e384c4d871e81117a4b3670a6,True,True,27,-3975,-0.34151156886548567,0.5749467215125524,4.7373057208971305,0.6420316450920917,5.290055706884067,18799658,116422224,21197336,"{""values"": {""shape"": [1766209], ""dtype"": ""<i8"", ""nbytes"": 14129672}, ""indices"": {""shape"": [1766209], ""dtype"": ""<i4"", ""nbytes"": 7064836}, ""indptr"": {""shape"": [707], ""dtype"": ""<i4"", ""nbytes"": 2828}}",1,3.7039999999997235,1.4220000000004802,198709248,0.06212442800821164,0.010031744454563932,0.055097395257592746
NCBI496,Visium,Homo sapiens,Skin,success,32,E:\Hestdata\st\NCBI496.h5ad,3a747237f18b09cc54124c14f7a1a9e4dc1145ad98018e58e9d74dc74bd447ff,D:\HEST1000BenchRun\COUNT-HEST-SHARED-K32-001\main\NCBI496\VALUE_K32\attempt01\RESULT.json,,697,20613,14367261,917972,683171,686964,570025,D:\HEST1000BenchRun\COUNT-HEST-SHARED-K32-001\main\NCBI496\VALUE_K32\attempt01\archive.cnt,3420923317460999aa64f3ff92ab6d17001aa0e5616b0be495550bdfc0fe7d1e,True,True,22,-3793,-0.5552050657887996,0.3174021826428851,4.967689646307295,0.3825163334890345,5.986796982914512,12084005,114938088,11018456,"{""values"": {""shape"": [917972], ""dtype"": ""<i8"", ""nbytes"": 7343776}, ""indices"": {""shape"": [917972], ""dtype"": ""<i4"", ""nbytes"": 3671888}, ""indptr"": {""shape"": [698], ""dtype"": ""<i4"", ""nbytes"": 2792}}",1,2.82799999999952,1.1560000000008586,188387328,0.05684903308133355,0.005976817710766164,0.0623466663568834
NCBI497,Visium,Homo sapiens,Skin,success,32,E:\Hestdata\st\NCBI497.h5ad,dab62b35133a4f49203d9826f76f68d1d3e48a96dff2944c8f5b77cc9528ad10,D:\HEST1000BenchRun\COUNT-HEST-SHARED-K32-001\main\NCBI497\VALUE_K32\attempt01\RESULT.json,,765,20613,15768945,442749,434572,438839,322671,D:\HEST1000BenchRun\COUNT-HEST-SHARED-K32-001\main\NCBI497\VALUE_K32\attempt01\archive.cnt,a11855bdecc1fbc0e628dbf746f8e5a489dfe41be3a9aae2e2fa532ad7706b24,True,True,22,-4267,-0.9818856253969422,0.16369947387095332,5.830319210207137,0.22263455164565543,7.929350489780892,8278361,126151560,5316052,"{""values"": {""shape"": [442749], ""dtype"": ""<i8"", ""nbytes"": 3541992}, ""indices"": {""shape"": [442749], ""dtype"": ""<i4"", ""nbytes"": 1770996}, ""indptr"": {""shape"": [766], ""dtype"": ""<i4"", ""nbytes"": 3064}}",1,2.4219999999986612,0.9530000000013388,182378496,0.053010372463824666,0.003478664869463366,0.08254979447153639
NCBI498,Visium,Homo sapiens,Skin,success,32,E:\Hestdata\st\NCBI498.h5ad,225a14003051d2e180893b9d61edb377b51b47d1dc48edf5265c9a75e7549210,D:\HEST1000BenchRun\COUNT-HEST-SHARED-K32-001\main\NCBI498\VALUE_K32\attempt01\RESULT.json,,698,20613,14387874,853877,643870,647994,529468,D:\HEST1000BenchRun\COUNT-HEST-SHARED-K32-001\main\NCBI498\VALUE_K32\attempt01\archive.cnt,7102cec0bce1a2fad2fe6433d6d7f3160af76f58432bcd9a5357e6aea2e7c9ec,True,True,26,-4124,-0.6405019646823117,0.2943967955237862,4.9606020539258,0.3603000693500652,6.071075810684677,11571114,115102992,10249320,"{""values"": {""shape"": [853877], ""dtype"": ""<i8"", ""nbytes"": 6831016}, ""indices"": {""shape"": [853877], ""dtype"": ""<i4"", ""nbytes"": 3415508}, ""indptr"": {""shape"": [699], ""dtype"": ""<i4"", ""nbytes"": 2796}}",1,2.875,1.0940000000009604,187645952,0.056001003879142496,0.005629688583594769,0.0632231211436466
NCBI5,Spatial Transcriptomics,Mus musculus,Spinal cord,success,32,E:\Hestdata\st\NCBI5.h5ad,27430f74718123f71893fb0399a93d1c1f6f50ac28008704b69477cc06b8fdbe,D:\HEST1000BenchRun\COUNT-HEST-SHARED-K32-001\main\NCBI5\VALUE_K32\attempt01\RESULT.json,,295,16576,4889920,938527,562267,562701,472032,D:\HEST1000BenchRun\COUNT-HEST-SHARED-K32-001\main\NCBI5\VALUE_K32\attempt01\archive.cnt,02a52336142b6aee2afa69b8b3fb1180378ae4249fc6ea1e984b620b5f95ab4e,True,True,24,-434,-0.07718752834507449,0.7722531247954977,4.023598681764083,0.9205892938943786,4.796460837035056,43517064,39119360,11263508,"{""values"": {""shape"": [938527], ""dtype"": ""<i8"", ""nbytes"": 7508216}, ""indices"": {""shape"": [938527], ""dtype"": ""<i4"", ""nbytes"": 3754108}, ""indptr"": {""shape"": [296], ""dtype"": ""<i4"", ""nbytes"": 1184}}",1,2.70299999999952,0.9840000000003783,183029760,0.012930582816892243,0.014384207717099666,0.049957881683042264
NCBI50,Spatial Transcriptomics,Mus musculus,Spinal cord,success,32,E:\Hestdata\st\NCBI50.h5ad,9fa9d11c3fde9c8ab78390e85e34771c05886928195c2fa0b9d1e3a23b734983,D:\HEST1000BenchRun\COUNT-HEST-SHARED-K32-001\main\NCBI50\VALUE_K32\attempt01\RESULT.json,,223,15581,3474563,299559,251345,254045,175235,D:\HEST1000BenchRun\COUNT-HEST-SHARED-K32-001\main\NCBI50\VALUE_K32\attempt01\archive.cnt,fe5a5bae5b6a07274ccfa1f9c16e7d7f63052bde9375cc5586f6634a36f726e5,True,True,19,-2700,-1.074220692673417,0.4034694434954842,4.679812657940506,0.5849253560807502,6.784506557973555,32083245,27796504,3595604,"{""values"": {""shape"": [299559], ""dtype"": ""<i8"", ""nbytes"": 2396472}, ""indices"": {""shape"": [299559], ""dtype"": ""<i4"", ""nbytes"": 1198236}, ""indptr"": {""shape"": [224], ""dtype"": ""<i4"", ""nbytes"": 896}}",1,2.04700000000048,0.7970000000004802,174669824,0.007918307515340173,0.009139458688761723,0.07065433234583118
NCBI503,Visium,Homo sapiens,Skin,success,32,E:\Hestdata\st\NCBI503.h5ad,badba721e39d8160fa7cc1642204e817499ad7f5e752c6303abba28003fdd8ae,D:\HEST1000BenchRun\COUNT-HEST-SHARED-K32-001\main\NCBI503\VALUE_K32\attempt01\RESULT.json,,985,20613,20303805,2324426,1524975,1528506,1401466,D:\HEST1000BenchRun\COUNT-HEST-SHARED-K32-001\main\NCBI503\VALUE_K32\attempt01\archive.cnt,422d53a0c2a6e677212782feb81f3c6743beafb1b150805dd903c403b963f2d8,True,True,27,-3531,-0.23154477942261348,0.5521983687294081,4.823439421173227,0.6022540110092665,5.26067424817998,23379405,162430440,27897056,"{""values"": {""shape"": [2324426], ""dtype"": ""<i8"", ""nbytes"": 18595408}, ""indices"": {""shape"": [2324426], ""dtype"": ""<i4"", ""nbytes"": 9297704}, ""indptr"": {""shape"": [986], ""dtype"": ""<i4"", ""nbytes"": 3944}}",1,4.25,1.5789999999997235,207097856,0.06537831052586668,0.009410218922019788,0.05479094281489774
NCBI504,Visium,Homo sapiens,Skin,success,32,E:\Hestdata\st\NCBI504.h5ad,984163c1f8b289f71ea91d903724ada975e2bfeb6910ac3e34edd7e38664338b,D:\HEST1000BenchRun\COUNT-HEST-SHARED-K32-001\main\NCBI504\VALUE_K32\attempt01\RESULT.json,,1000,20613,20613000,2180031,1447076,1449635,1322311,D:\HEST1000BenchRun\COUNT-HEST-SHARED-K32-001\main\NCBI504\VALUE_K32\attempt01\archive.cnt,78aed7c2082f55f8cdee09b89bbdf53f28515d399bc647c92a91e0230b939c2c,True,True,27,-2559,-0.17683936434575653,0.5131949740455053,4.85244842848565,0.5626100033959152,5.319685820981444,22226328,164904000,26164376,"{""values"": {""shape"": [2180031], ""dtype"": ""<i8"", ""nbytes"": 17440248}, ""indices"": {""shape"": [2180031], ""dtype"": ""<i4"", ""nbytes"": 8720124}, ""indptr"": {""shape"": [1001], ""dtype"": ""<i4"", ""nbytes"": 4004}}",1,4.108999999998559,1.5940000000009604,210448384,0.06522152467110176,0.008790781303061174,0.055404913918069364
NCBI505,Visium,Homo sapiens,Skin,success,32,E:\Hestdata\st\NCBI505.h5ad,363a9aaaef5d998c73d058a60dad6e5a39930b7075e334219b116843839a9dc6,D:\HEST1000BenchRun\COUNT-HEST-SHARED-K32-001\main\NCBI505\VALUE_K32\attempt01\RESULT.json,,706,20613,14552778,309527,352876,357256,243985,D:\HEST1000BenchRun\COUNT-HEST-SHARED-K32-001\main\NCBI505\VALUE_K32\attempt01\archive.cnt,a6b5fcbb9cdbf4f5770df5c9fb3164c186d94d8613215c596dbc6aac0611ef5c,True,True,21,-4380,-1.2412292136614562,0.13412422013171643,6.306008845754975,0.19639191912362025,9.233598361370737,7202042,116422224,3717152,"{""values"": {""shape"": [309527], ""dtype"": ""<i8"", ""nbytes"": 2476216}, ""indices"": {""shape"": [309527], ""dtype"": ""<i4"", ""nbytes"": 1238108}, ""indptr"": {""shape"": [707], ""dtype"": ""<i4"", ""nbytes"": 2828}}",1,2.2189999999991414,0.9530000000013388,180199424,0.04960482041065575,0.0030686237363065664,0.09611014023639604
NCBI506,Visium,Homo sapiens,Skin,success,32,E:\Hestdata\st\NCBI506.h5ad,8f788cb47c16ef3c923e0e230198345c4cf48e298f31ec6e6ca1d7119effd0e4,D:\HEST1000BenchRun\COUNT-HEST-SHARED-K32-001\main\NCBI506\VALUE_K32\attempt01\RESULT.json,,666,20613,13728258,329099,357377,361611,248603,D:\HEST1000BenchRun\COUNT-HEST-SHARED-K32-001\main\NCBI506\VALUE_K32\attempt01\archive.cnt,ec7441e3ee995ce8a8ff55d39778a6d6041f1ce9b6b9eec22fc868355264c1c5,True,True,23,-4234,-1.1847432823041215,0.1448708204638928,6.043239268426826,0.21072506067412194,8.790327530621484,7356394,109826064,3951856,"{""values"": {""shape"": [329099], ""dtype"": ""<i8"", ""nbytes"": 2632792}, ""indices"": {""shape"": [329099], ""dtype"": ""<i4"", ""nbytes"": 1316396}, ""indptr"": {""shape"": [667], ""dtype"": ""<i4"", ""nbytes"": 2668}}",1,2.359999999998763,0.9380000000001019,180432896,0.04915601312273377,0.0032925790730331554,0.09150409326655627
NCBI507,Visium,Homo sapiens,Skin,success,32,E:\Hestdata\st\NCBI507.h5ad,80e0334ceaf0da560d67f0ba8c1c81baf54ecad24bb7df3171cf89b24816e73e,D:\HEST1000BenchRun\COUNT-HEST-SHARED-K32-001\main\NCBI507\VALUE_K32\attempt01\RESULT.json,,469,20613,9667497,518120,463123,467637,357963,D:\HEST1000BenchRun\COUNT-HEST-SHARED-K32-001\main\NCBI507\VALUE_K32\attempt01\archive.cnt,f1781e2e9c19da14614ca3d2b2be968c2901c1eab527b94fadb7f307fd23e9e5,True,True,24,-4514,-0.9746870701735824,0.2962197971201853,5.527105689801591,0.38697669107112215,7.220520342777735,8843709,77339976,6219320,"{""values"": {""shape"": [518120], ""dtype"": ""<i8"", ""nbytes"": 4144960}, ""indices"": {""shape"": [518120], ""dtype"": ""<i4"", ""nbytes"": 2072480}, ""indptr"": {""shape"": [470], ""dtype"": ""<i4"", ""nbytes"": 1880}}",1,2.3590000000003783,0.9689999999991414,182632448,0.0528779271231109,0.0060465107979862836,0.07519101766752635
NCBI508,Visium,Homo sapiens,Skin,success,32,E:\Hestdata\st\NCBI508.h5ad,d2e9600b48d54f001d5d7a46a1a323b09967ee6bb3282b61168c04a3c785de83,D:\HEST1000BenchRun\COUNT-HEST-SHARED-K32-001\main\NCBI508\VALUE_K32\attempt01\RESULT.json,,442,20613,9110946,606164,501673,506588,398558,D:\HEST1000BenchRun\COUNT-HEST-SHARED-K32-001\main\NCBI508\VALUE_K32\attempt01\archive.cnt,51c9e8bc82a150b8e844b99ae82b9f23863ea5ed8fb8dc340e50705189938561,True,True,24,-4915,-0.9797218506875993,0.3499597078064122,5.26006823235956,0.4448170365623943,6.685820998937581,9534750,72887568,7275740,"{""values"": {""shape"": [606164], ""dtype"": ""<i8"", ""nbytes"": 4849312}, ""indices"": {""shape"": [606164], ""dtype"": ""<i4"", ""nbytes"": 2424656}, ""indptr"": {""shape"": [443], ""dtype"": ""<i4"", ""nbytes"": 1772}}",1,2.5789999999997235,0.9529999999995198,183554048,0.053130706101366054,0.006950266196287411,0.06962700701234513
NCBI510,Visium,Homo sapiens,Skin,success,32,E:\Hestdata\st\NCBI510.h5ad,ef3f221841aaa4abfe5e4d0dfd70db9ea65cf3de9f8ca4a39373605b2014d8e3,D:\HEST1000BenchRun\COUNT-HEST-SHARED-K32-001\main\NCBI510\VALUE_K32\attempt01\RESULT.json,,525,20613,10821825,314916,336574,340813,232270,D:\HEST1000BenchRun\COUNT-HEST-SHARED-K32-001\main\NCBI510\VALUE_K32\attempt01\archive.cnt,c533343559042d121bdf55cd6ac149177362c53da789a6872c088c3d526b484d,True,True,24,-4239,-1.2594555729200712,0.17170486493729106,5.900494100013972,0.2519449353505532,8.657877021173901,6985329,86574600,3781096,"{""values"": {""shape"": [314916], ""dtype"": ""<i8"", ""nbytes"": 2519328}, ""indices"": {""shape"": [314916], ""dtype"": ""<i4"", ""nbytes"": 1259664}, ""indptr"": {""shape"": [526], ""dtype"": ""<i4"", ""nbytes"": 2104}}",1,2.20299999999952,0.7970000000004802,179519488,0.04878982793795396,0.003936639614852393,0.09013603463122861
NCBI515,Visium,Homo sapiens,Skin,success,32,E:\Hestdata\st\NCBI515.h5ad,d54f5a6d4ffde268ab8423e0bc83549cfa290bb05a2323f7e9f372f93f69095d,D:\HEST1000BenchRun\COUNT-HEST-SHARED-K32-001\main\NCBI515\VALUE_K32\attempt01\RESULT.json,,825,20613,17005725,2342832,1483548,1485257,1358373,D:\HEST1000BenchRun\COUNT-HEST-SHARED-K32-001\main\NCBI515\VALUE_K32\attempt01\archive.cnt,5db954190ec2dc5ebd1d7a95a3853de96a1eb3c8d7dae058ab17683439174011,True,True,27,-1709,-0.11519681196698725,0.639019153843779,4.638396607183101,0.6987091700001029,5.071663695903078,23508581,136045800,28117288,"{""values"": {""shape"": [2342832], ""dtype"": ""<i8"", ""nbytes"": 18742656}, ""indices"": {""shape"": [2342832], ""dtype"": ""<i4"", ""nbytes"": 9371328}, ""indptr"": {""shape"": [826], ""dtype"": ""<i4"", ""nbytes"": 3304}}",1,4.281000000000859,1.610000000000582,206450688,0.06317935565740868,0.010917330781251608,0.052823622249770316
NCBI516,Visium,Homo sapiens,Skin,success,32,E:\Hestdata\st\NCBI516.h5ad,dc7cac28e9659327be52602bc4322a3eee1fb14547556297280d973c407cea64,D:\HEST1000BenchRun\COUNT-HEST-SHARED-K32-001\main\NCBI516\VALUE_K32\attempt01\RESULT.json,,450,20613,9275850,1139489,798252,802514,689188,D:\HEST1000BenchRun\COUNT-HEST-SHARED-K32-001\main\NCBI516\VALUE_K32\attempt01\archive.cnt,c4f5c58feb9d7c34916c7008499fcaf4515a7652269b5972dae4ed41f772f692,True,True,28,-4262,-0.5339166077880169,0.5943933979096255,4.838575887963815,0.6921319340006576,5.6342026996311505,13805758,74206800,13675672,"{""values"": {""shape"": [1139489], ""dtype"": ""<i8"", ""nbytes"": 9115912}, ""indices"": {""shape"": [1139489], ""dtype"": ""<i4"", ""nbytes"": 4557956}, ""indptr"": {""shape"": [451], ""dtype"": ""<i4"", ""nbytes"": 1804}}",1,3.0,1.1090000000003783,190193664,0.05812893431856476,0.010814561468760276,0.0586818695271428
NCBI517,Visium,Homo sapiens,Skin,success,32,E:\Hestdata\st\NCBI517.h5ad,f258dc1f5d10a95669adb9988f64621e4458f8b0e94906371fc97c6ae969470a,D:\HEST1000BenchRun\COUNT-HEST-SHARED-K32-001\main\NCBI517\VALUE_K32\attempt01\RESULT.json,,549,20613,11316537,400467,396201,400521,290710,D:\HEST1000BenchRun\COUNT-HEST-SHARED-K32-001\main\NCBI517\VALUE_K32\attempt01\archive.cnt,816a7c3a91bed4eddaee0d72a3e4b4220f471e79147e31ec4e8505a9c20c7828,True,True,22,-4320,-1.0903556528125875,0.20551163310825565,5.807419837339905,0.28314032817636703,8.001078740570383,7877041,90532296,4807804,"{""values"": {""shape"": [400467], ""dtype"": ""<i8"", ""nbytes"": 3203736}, ""indices"": {""shape"": [400467], ""dtype"": ""<i4"", ""nbytes"": 1601868}, ""indptr"": {""shape"": [550], ""dtype"": ""<i4"", ""nbytes"": 2200}}",1,2.2189999999991414,0.9530000000013388,180928512,0.05084663136830188,0.004424067627755735,0.08330643262495725
NCBI518,Visium,Homo sapiens,Skin,success,32,E:\Hestdata\st\NCBI518.h5ad,a5b3e86b8f2341c8c345785a80543fcd8f66536b8973d2a8605ce7606fda3a6f,D:\HEST1000BenchRun\COUNT-HEST-SHARED-K32-001\main\NCBI518\VALUE_K32\attempt01\RESULT.json,,546,20613,11254698,463014,431807,436176,326380,D:\HEST1000BenchRun\COUNT-HEST-SHARED-K32-001\main\NCBI518\VALUE_K32\attempt01\archive.cnt,e2bb337902062ac7c70a44a903f6df16c02b836ca5cf4b0a1d418134b5c39f08,True,True,22,-4369,-1.011794621208086,0.23199556309729502,5.639224731865559,0.3100401272428634,7.536290479337558,8376866,90037584,5558356,"{""values"": {""shape"": [463014], ""dtype"": ""<i8"", ""nbytes"": 3704112}, ""indices"": {""shape"": [463014], ""dtype"": ""<i4"", ""nbytes"": 1852056}, ""indptr"": {""shape"": [547], ""dtype"": ""<i4"", ""nbytes"": 2188}}",1,2.3909999999996217,0.9529999999995198,181944320,0.05206911510820395,0.0048443769881697405,0.07847212377184909
NCBI519,Visium,Homo sapiens,Skin,success,32,E:\Hestdata\st\NCBI519.h5ad,3ce0f5bc2175e0a250c7d95ce1ec05a046a6a149d45bbb5824b45536299689f7,D:\HEST1000BenchRun\COUNT-HEST-SHARED-K32-001\main\NCBI519\VALUE_K32\attempt01\RESULT.json,,524,20613,10801212,1506778,1006786,1011122,896937,D:\HEST1000BenchRun\COUNT-HEST-SHARED-K32-001\main\NCBI519\VALUE_K32\attempt01\archive.cnt,f743adc46a62667d0d3584c69aedac08405aa4327f73ca2b95f51726d7bd0c2a,True,True,29,-4336,-0.4306774230074713,0.6643232259490879,4.762145452083851,0.7488952165738437,5.368392689566744,16741012,86409696,18083436,"{""values"": {""shape"": [1506778], ""dtype"": ""<i8"", ""nbytes"": 12054224}, ""indices"": {""shape"": [1506778], ""dtype"": ""<i4"", ""nbytes"": 6027112}, ""indptr"": {""shape"": [525], ""dtype"": ""<i4"", ""nbytes"": 2100}}",1,3.4690000000009604,1.2659999999996217,194699264,0.060397901871165255,0.011701487758966308,0.05591426319644121
NCBI52,Spatial Transcriptomics,Mus musculus,Spinal cord,success,32,E:\Hestdata\st\NCBI52.h5ad,eab1abb180c6d3e45214885c2be79ed035558a1ee11ecf7578c6519dc9ee53b9,D:\HEST1000BenchRun\COUNT-HEST-SHARED-K32-001\main\NCBI52\VALUE_K32\attempt01\RESULT.json,,212,16822,3566264,622088,417745,420033,331279,D:\HEST1000BenchRun\COUNT-HEST-SHARED-K32-001\main\NCBI52\VALUE_K32\attempt01\archive.cnt,03b5d2b3639a0a9ce9306607880ca169112e81e15d0ed386e0d11a90366833ba,True,True,23,-2288,-0.54770254581144,0.7431395993117728,4.260220418976093,0.9422364693135449,5.401589485731922,32929054,28530112,7465908,"{""values"": {""shape"": [622088], ""dtype"": ""<i8"", ""nbytes"": 4976704}, ""indices"": {""shape"": [622088], ""dtype"": ""<i4"", ""nbytes"": 2488352}, ""indptr"": {""shape"": [213], ""dtype"": ""<i4"", ""nbytes"": 852}}",1,2.3589999999985594,0.9529999999995198,179343360,0.012755695927371616,0.014722444833024139,0.05626013607454043
NCBI520,Visium,Homo sapiens,Skin,success,32,E:\Hestdata\st\NCBI520.h5ad,eb4dcf8455f5194ddf88b6aa5c7d8359b39a2bf817202c5c4c7f1b3096ca24e3,D:\HEST1000BenchRun\COUNT-HEST-SHARED-K32-001\main\NCBI520\VALUE_K32\attempt01\RESULT.json,,527,20613,10863051,1021062,766906,771210,656809,D:\HEST1000BenchRun\COUNT-HEST-SHARED-K32-001\main\NCBI520\VALUE_K32\attempt01\archive.cnt,8e1dcf074b5269e1463ce7e60ee0b745f6ee27e2574281bb1a76732db5a9a403,True,True,27,-4304,-0.5612161073195411,0.48370131006473227,5.146085154476418,0.5679509375404755,6.042414662380933,12858067,86904408,12254856,"{""values"": {""shape"": [1021062], ""dtype"": ""<i8"", ""nbytes"": 8168496}, ""indices"": {""shape"": [1021062], ""dtype"": ""<i4"", ""nbytes"": 4084248}, ""indptr"": {""shape"": [528], ""dtype"": ""<i4"", ""nbytes"": 2112}}",1,2.8289999999997235,1.110000000000582,188874752,0.05997868886513035,0.00887423339906993,0.06293097201631745
NCBI521,Visium,Homo sapiens,Skin,success,32,E:\Hestdata\st\NCBI521.h5ad,71cc5f3aa96edb69b35a5cda092eaa09e27687ecd4aa6a832e1b13db5b507ca8,D:\HEST1000BenchRun\COUNT-HEST-SHARED-K32-001\main\NCBI521\VALUE_K32\attempt01\RESULT.json,,464,20613,9564432,771845,597057,600996,490336,D:\HEST1000BenchRun\COUNT-HEST-SHARED-K32-001\main\NCBI521\VALUE_K32\attempt01\archive.cnt,d160874f696cfa71dbdd37b653848099a8e04ca4569ce9a978505051aa3f981e,True,True,25,-3939,-0.6597360051050403,0.41013287563757056,5.082222466946083,0.5026924756221802,6.2291885028729865,10870676,76515456,9264000,"{""values"": {""shape"": [771845], ""dtype"": ""<i8"", ""nbytes"": 6174760}, ""indices"": {""shape"": [771845], ""dtype"": ""<i4"", ""nbytes"": 3087380}, ""indptr"": {""shape"": [465], ""dtype"": ""<i4"", ""nbytes"": 1860}}",1,2.6719999999986612,0.9529999999995198,185802752,0.055285982214905494,0.007854569931596566,0.06487435233160621
NCBI523,Visium,Homo sapiens,Skin,success,32,E:\Hestdata\st\NCBI523.h5ad,49731c733a3382e396b686062acaa9f58c1cf5fbdafeead67faa2898111fdb9e,D:\HEST1000BenchRun\COUNT-HEST-SHARED-K32-001\main\NCBI523\VALUE_K32\attempt01\RESULT.json,,752,20613,15500976,1563491,1049543,1052024,932944,D:\HEST1000BenchRun\COUNT-HEST-SHARED-K32-001\main\NCBI523\VALUE_K32\attempt01\archive.cnt,76f636007671752304e6b05bb2a7c441f2aaa676e2b1fa0316310f34f6d12953,True,True,28,-2481,-0.23638859960954434,0.4814891655854444,4.7736456429873915,0.5429459409523633,5.382948798554005,17306760,124007808,18764904,"{""values"": {""shape"": [1563491], ""dtype"": ""<i8"", ""nbytes"": 12507928}, ""indices"": {""shape"": [1563491], ""dtype"": ""<i4"", ""nbytes"": 6253964}, ""indptr"": {""shape"": [753], ""dtype"": ""<i4"", ""nbytes"": 3012}}",1,3.4060000000008586,1.2809999999990396,196296704,0.060786883275668,0.008483530327380676,0.05606338300478383
NCBI524,Visium,Homo sapiens,Skin,success,32,E:\Hestdata\st\NCBI524.h5ad,e0d0d4e8d976037542956a362c46cd434b3383874cc089c0db8cc85c8ec1b7f8,D:\HEST1000BenchRun\COUNT-HEST-SHARED-K32-001\main\NCBI524\VALUE_K32\attempt01\RESULT.json,,909,20613,18737217,1397308,959520,962005,839675,D:\HEST1000BenchRun\COUNT-HEST-SHARED-K32-001\main\NCBI524\VALUE_K32\attempt01\archive.cnt,80bb17e0125e2efad948ea61347882f487cdde1c2e5d15a4f305941592ef6c3a,True,True,27,-2485,-0.25898365849591465,0.3585057482122345,4.807386775141916,0.41073548969412055,5.507762068205435,15982105,149897736,16771336,"{""values"": {""shape"": [1397308], ""dtype"": ""<i8"", ""nbytes"": 11178464}, ""indices"": {""shape"": [1397308], ""dtype"": ""<i4"", ""nbytes"": 5589232}, ""indptr"": {""shape"": [910], ""dtype"": ""<i4"", ""nbytes"": 3640}}",1,3.3439999999991414,1.265000000001237,202641408,0.06019263419931229,0.0064177420264706336,0.0573600695853926
NCBI525,Visium,Homo sapiens,Skin,success,32,E:\Hestdata\st\NCBI525.h5ad,ae3071be0f3c641e9be6d8a0406a0d50bd7438d317c4aad0a3ab50dc2a5cd847,D:\HEST1000BenchRun\COUNT-HEST-SHARED-K32-001\main\NCBI525\VALUE_K32\attempt01\RESULT.json,,777,20613,16016301,156020,240406,244397,136482,D:\HEST1000BenchRun\COUNT-HEST-SHARED-K32-001\main\NCBI525\VALUE_K32\attempt01\archive.cnt,eeb4bc13882b173dd9310fc32269f8e95410b85212c7d273eef2ff8bf19bb25f,True,True,21,-3991,-1.6601083167641406,0.06817154597681449,6.998179720548648,0.1220741293510905,12.531572875272401,6028197,128130408,1875352,"{""values"": {""shape"": [156020], ""dtype"": ""<i8"", ""nbytes"": 1248160}, ""indices"": {""shape"": [156020], ""dtype"": ""<i4"", ""nbytes"": 624080}, ""indptr"": {""shape"": [778], ""dtype"": ""<i4"", ""nbytes"": 3112}}",1,2.0939999999991414,0.7970000000004802,163807232,0.04054230477205705,0.001907408271110789,0.13032060114581157
NCBI526,Visium,Homo sapiens,Skin,success,32,E:\Hestdata\st\NCBI526.h5ad,30795607a7bc21afa5849890da1ef5a0b0463c16d79108f9315be6bb2c53599d,D:\HEST1000BenchRun\COUNT-HEST-SHARED-K32-001\main\NCBI526\VALUE_K32\attempt01\RESULT.json,,818,20613,16861434,398002,409233,413071,296823,D:\HEST1000BenchRun\COUNT-HEST-SHARED-K32-001\main\NCBI526\VALUE_K32\attempt01\archive.cnt,7d232dfd5c0bcfdef864d63aac4113c0ca53a898b28d8473d69673f66bbbe41d,True,True,19,-3838,-0.9378520305058488,0.14082930313044548,5.966261476072985,0.1959838054106193,8.302892950286681,7969522,134891472,4779300,"{""values"": {""shape"": [398002], ""dtype"": ""<i8"", ""nbytes"": 3184016}, ""indices"": {""shape"": [398002], ""dtype"": ""<i4"", ""nbytes"": 1592008}, ""indptr"": {""shape"": [819], ""dtype"": ""<i4"", ""nbytes"": 3276}}",1,2.3430000000007567,0.9850000000005821,182099968,0.05183133944545231,0.0030622469595409266,0.08642918419015337
NCBI527,Visium,Mus musculus,Brain,success,32,E:\Hestdata\st\NCBI527.h5ad,6c9091e7825168db001a55ff796a976a45cc29250bc7195ce47a3e2e08020bb7,D:\HEST1000BenchRun\COUNT-HEST-SHARED-K32-001\main\NCBI527\VALUE_K32\attempt01\RESULT.json,,3047,31053,94618491,6329301,3657223,3633174,3433325,D:\HEST1000BenchRun\COUNT-HEST-SHARED-K32-001\main\NCBI527\VALUE_K32\attempt01\archive.cnt,6083e122cd9bdc50173ff7facb719836bab446cafdc4d7508367a08a5d76abe8,True,True,23,24049,0.6575754336008496,0.2902878677276728,4.339594530264875,0.30718511458822567,4.592196199864724,58355439,756947928,75963804,"{""values"": {""shape"": [6329301], ""dtype"": ""<i8"", ""nbytes"": 50634408}, ""indices"": {""shape"": [6329301], ""dtype"": ""<i4"", ""nbytes"": 25317204}, ""indptr"": {""shape"": [3048], ""dtype"": ""<i4"", ""nbytes"": 12192}}",1,9.531999999999243,3.3280000000013388,312606720,0.06225938939470578,0.004799767415441026,0.047827699623889296
NCBI528,Visium,Mus musculus,Brain,success,32,E:\Hestdata\st\NCBI528.h5ad,3fadd6d3e2a5b0a4a6e9fc534e4fb73d8ce006fa4ebc8bcdfd915186f92d1cc6,D:\HEST1000BenchRun\COUNT-HEST-SHARED-K32-001\main\NCBI528\VALUE_K32\attempt01\RESULT.json,,3105,31053,96419565,6430804,3736583,3714019,3512615,D:\HEST1000BenchRun\COUNT-HEST-SHARED-K32-001\main\NCBI528\VALUE_K32\attempt01\archive.cnt,340be366a321f9b4abe835dba5ebb3f562b51cc0d1d9cd4b5b39c232d240e9c5,True,True,24,22564,0.6038672230752,0.29144416903353587,4.369736661232405,0.30815480239928483,4.620285737211086,59178663,771356520,77182072,"{""values"": {""shape"": [6430804], ""dtype"": ""<i8"", ""nbytes"": 51446432}, ""indices"": {""shape"": [6430804], ""dtype"": ""<i4"", ""nbytes"": 25723216}, ""indptr"": {""shape"": [3106], ""dtype"": ""<i4"", ""nbytes"": 12424}}",1,9.468999999999141,3.3280000000013388,310923264,0.06275942732940756,0.0048149187874888255,0.048120229267750156
NCBI529,Visium,Mus musculus,Brain,success,32,E:\Hestdata\st\NCBI529.h5ad,32975f09f106c834217f1e02c09200250e28fcb19fc00558ad374fe31d40fefb,D:\HEST1000BenchRun\COUNT-HEST-SHARED-K32-001\main\NCBI529\VALUE_K32\attempt01\RESULT.json,,2216,31053,68813448,2549624,1766586,1762926,1586603,D:\HEST1000BenchRun\COUNT-HEST-SHARED-K32-001\main\NCBI529\VALUE_K32\attempt01\archive.cnt,de985299bb8a8e3787fe89a8b1831b4131a29fffdabc2e0388c3eb5abfc040da,True,True,19,3660,0.20717927120445878,0.18445266686825518,4.978312096214971,0.2049513345124052,5.531563869809823,27889891,550507584,30604356,"{""values"": {""shape"": [2549624], ""dtype"": ""<i8"", ""nbytes"": 20396992}, ""indices"": {""shape"": [2549624], ""dtype"": ""<i4"", ""nbytes"": 10198496}, ""indptr"": {""shape"": [2217], ""dtype"": ""<i4"", ""nbytes"": 8868}}",1,5.514999999999418,1.8289999999997235,220884992,0.06321021476921512,0.003202364601756331,0.05760376071955247
NCBI53,Spatial Transcriptomics,Mus musculus,Spinal cord,success,32,E:\Hestdata\st\NCBI53.h5ad,1e3e2d6cd9252ffa979e5aaf4fd37ba578dad3a2811a122ccf0dbb0f835a420b,D:\HEST1000BenchRun\COUNT-HEST-SHARED-K32-001\main\NCBI53\VALUE_K32\attempt01\RESULT.json,,268,15979,4282372,536682,384207,386221,300618,D:\HEST1000BenchRun\COUNT-HEST-SHARED-K32-001\main\NCBI53\VALUE_K32\attempt01\archive.cnt,8d1c9e4a8b08ba59e29e470bd5e94c8ff0ce6577cc94200a46688796002c5b26,True,True,21,-2014,-0.5241965919413233,0.561591566543028,4.481134079398974,0.7215085471322903,5.75716718652759,38582963,34258976,6441260,"{""values"": {""shape"": [536682], ""dtype"": ""<i8"", ""nbytes"": 4293456}, ""indices"": {""shape"": [536682], ""dtype"": ""<i4"", ""nbytes"": 2146728}, ""indptr"": {""shape"": [269], ""dtype"": ""<i4"", ""nbytes"": 1076}}",1,2.42200000000048,0.9529999999995198,177602560,0.010010143596281084,0.011273571048942036,0.05996047357194089
NCBI530,Visium,Mus musculus,Brain,success,32,E:\Hestdata\st\NCBI530.h5ad,d136bd6e9baaceff025f43d25ea2b0076ca3d972e3c025cde7f34b19b1714582,D:\HEST1000BenchRun\COUNT-HEST-SHARED-K32-001\main\NCBI530\VALUE_K32\attempt01\RESULT.json,,2502,31053,77694606,2252187,1659024,1658225,1479186,D:\HEST1000BenchRun\COUNT-HEST-SHARED-K32-001\main\NCBI530\VALUE_K32\attempt01\archive.cnt,cdff555f42eff08a642f6f3c5998b2c8d6d2cb3dbce2d7c5f93c0231a8acf4a2,True,True,18,799,0.04816084637714704,0.15230771618817399,5.254220897287836,0.170742869846074,5.8901858504644595,25550155,621556848,27036256,"{""values"": {""shape"": [2252187], ""dtype"": ""<i8"", ""nbytes"": 18017496}, ""indices"": {""shape"": [2252187], ""dtype"": ""<i4"", ""nbytes"": 9008748}, ""indptr"": {""shape"": [2503], ""dtype"": ""<i4"", ""nbytes"": 10012}}",1,5.235000000000582,1.7340000000003783,218189824,0.06490078044536325,0.0026678573413449064,0.061333381367597646
NCBI531,Visium,Mus musculus,Brain,success,32,E:\Hestdata\st\NCBI531.h5ad,bd0bc9c35ea09ec1f4c64b77d427b5e7a7cdb2c80b941cab2f55be525e4dd6a1,D:\HEST1000BenchRun\COUNT-HEST-SHARED-K32-001\main\NCBI531\VALUE_K32\attempt01\RESULT.json,,2554,31053,79309362,2622068,1852669,1849905,1665404,D:\HEST1000BenchRun\COUNT-HEST-SHARED-K32-001\main\NCBI531\VALUE_K32\attempt01\archive.cnt,720d0e7041625fcac1fc34e73757066776db40e21243f8cd1761b628d3caa40e,True,True,20,2764,0.14919016834631552,0.16799065916076844,5.081192402332815,0.18660142544079475,5.644109916295077,28516795,634474896,31475036,"{""values"": {""shape"": [2622068], ""dtype"": ""<i8"", ""nbytes"": 20976544}, ""indices"": {""shape"": [2622068], ""dtype"": ""<i4"", ""nbytes"": 10488272}, ""indptr"": {""shape"": [2555], ""dtype"": ""<i4"", ""nbytes"": 10220}}",1,5.546999999998661,1.8910000000014406,234360832,0.06487071916742397,0.002915647272512418,0.05877372149788804
NCBI532,Visium,Mus musculus,Brain,success,32,E:\Hestdata\st\NCBI532.h5ad,542bb865d7a80116bbf33a559fa0ba1819ba137486d6a328336b2000a5acb96f,D:\HEST1000BenchRun\COUNT-HEST-SHARED-K32-001\main\NCBI532\VALUE_K32\attempt01\RESULT.json,,2399,31053,74496147,2355546,1689376,1687085,1505758,D:\HEST1000BenchRun\COUNT-HEST-SHARED-K32-001\main\NCBI532\VALUE_K32\attempt01\archive.cnt,9155b857d3a36344dda84a32fce58f9b9b1d70d629a00d916e980a716e564039,True,True,19,2291,0.1356122023753149,0.1617004970740299,5.1139158394699145,0.18117285985273843,5.729745884818212,26363127,595969176,28276152,"{""values"": {""shape"": [2355546], ""dtype"": ""<i8"", ""nbytes"": 18844368}, ""indices"": {""shape"": [2355546], ""dtype"": ""<i4"", ""nbytes"": 9422184}, ""indptr"": {""shape"": [2400], ""dtype"": ""<i4"", ""nbytes"": 9600}}",1,5.25,1.9060000000008586,219271168,0.06399411572079443,0.002830825935199038,0.05966458943918536
NCBI533,Visium,Mus musculus,Brain,success,32,E:\Hestdata\st\NCBI533.h5ad,017943f1ce79aa2235d51884554ea2a639156bea1a1f237b4198b5c426990a28,D:\HEST1000BenchRun\COUNT-HEST-SHARED-K32-001\main\NCBI533\VALUE_K32\attempt01\RESULT.json,,2536,31053,78750408,3520020,2281044,2273016,2088027,D:\HEST1000BenchRun\COUNT-HEST-SHARED-K32-001\main\NCBI533\VALUE_K32\attempt01\archive.cnt,01e67c6e5cd6855dd038d1cc6339aa9591720651828103671a3d1c0738147560,True,True,21,8028,0.35194410980235363,0.21211592960889802,4.745488946085533,0.23090836557951547,5.165916102749416,35784571,630003264,42250388,"{""values"": {""shape"": [3520020], ""dtype"": ""<i8"", ""nbytes"": 28160160}, ""indices"": {""shape"": [3520020], ""dtype"": ""<i4"", ""nbytes"": 14080080}, ""indptr"": {""shape"": [2537], ""dtype"": ""<i4"", ""nbytes"": 10148}}",1,6.360000000000582,2.20299999999952,233897984,0.06351944249939451,0.003607943212179929,0.05379870120956049
NCBI534,Visium,Homo sapiens,Lung,success,32,E:\Hestdata\st\NCBI534.h5ad,d7216781de0ef75679792ec29bef498dc863769795d6e064c31b424e5da78ae4,D:\HEST1000BenchRun\COUNT-HEST-SHARED-K32-001\main\NCBI534\VALUE_K32\attempt01\RESULT.json,,533,33538,17875754,1060108,743123,744897,588911,D:\HEST1000BenchRun\COUNT-HEST-SHARED-K32-001\main\NCBI534\VALUE_K32\attempt01\archive.cnt,8a1d34e070f496688a3cab65a3c37fc1b66b219cd686ae60ac3f6ed1e77c4c96,True,True,22,-1774,-0.2387222572844603,0.26355744210845594,4.444158519697993,0.33336641352303237,5.621291415591619,15836214,143006032,12723432,"{""values"": {""shape"": [1060108], ""dtype"": ""<i8"", ""nbytes"": 8480864}, ""indices"": {""shape"": [1060108], ""dtype"": ""<i4"", ""nbytes"": 4240432}, ""indptr"": {""shape"": [534], ""dtype"": ""<i4"", ""nbytes"": 2136}}",1,2.984999999998763,1.1560000000008586,196014080,0.04703756844912553,0.005208850211297381,0.058545288723985796
NCBI535,Visium,Homo sapiens,Lung,success,32,E:\Hestdata\st\NCBI535.h5ad,044bb67f0b8fc15595a3162af19aa512d766fda9aa019e5d72fd8b187efbade6,D:\HEST1000BenchRun\COUNT-HEST-SHARED-K32-001\main\NCBI535\VALUE_K32\attempt01\RESULT.json,,439,33538,14723182,812404,602734,605898,454586,D:\HEST1000BenchRun\COUNT-HEST-SHARED-K32-001\main\NCBI535\VALUE_K32\attempt01\archive.cnt,5d0146041f6288e056fefb753b8e179cdc9e7911e8005df6dfb9b6b7ad46b3d5,True,True,22,-3164,-0.5249413505791941,0.2470042141705509,4.4764526023997915,0.32922122405333304,5.9664698844417305,13847478,117785456,9750608,"{""values"": {""shape"": [812404], ""dtype"": ""<i8"", ""nbytes"": 6499232}, ""indices"": {""shape"": [812404], ""dtype"": ""<i4"", ""nbytes"": 3249616}, ""indptr"": {""shape"": [440], ""dtype"": ""<i4"", ""nbytes"": 1760}}",1,2.75,1.1090000000003783,193241088,0.043755115552449333,0.005144081625833329,0.06213950965929509
NCBI536,Visium,Homo sapiens,Lung,success,32,E:\Hestdata\st\NCBI536.h5ad,05b1b334608d07cef644153b87cb9c21ee05c7ded74c1dc548ed360123630eb2,D:\HEST1000BenchRun\COUNT-HEST-SHARED-K32-001\main\NCBI536\VALUE_K32\attempt01\RESULT.json,,444,33538,14890872,819340,606080,608799,456375,D:\HEST1000BenchRun\COUNT-HEST-SHARED-K32-001\main\NCBI536\VALUE_K32\attempt01\archive.cnt,cc81f1eea21226826d43d4fc3b61cd07cdca08a676b0090bdb6a1371cd33b925,True,True,22,-2719,-0.4486206441393875,0.2451837608972799,4.45602558156565,0.32707231651712537,5.944286865037713,13904438,119126976,9833860,"{""values"": {""shape"": [819340], ""dtype"": ""<i8"", ""nbytes"": 6554720}, ""indices"": {""shape"": [819340], ""dtype"": ""<i4"", ""nbytes"": 3277360}, ""indptr"": {""shape"": [445], ""dtype"": ""<i4"", ""nbytes"": 1780}}",1,2.8439999999991414,1.1090000000003783,192684032,0.043784509665187474,0.005110504945580084,0.06190844693741827
NCBI537,Visium,Homo sapiens,Lung,success,32,E:\Hestdata\st\NCBI537.h5ad,0ded7b062fbd0370a7c80495404ef8eb88ca680c990d1b2fe4aa74c17d4ce664,D:\HEST1000BenchRun\COUNT-HEST-SHARED-K32-001\main\NCBI537\VALUE_K32\attempt01\RESULT.json,,416,33538,13951808,708233,548135,551275,400602,D:\HEST1000BenchRun\COUNT-HEST-SHARED-K32-001\main\NCBI537\VALUE_K32\attempt01\archive.cnt,0c23162ed9356a9b024ecabc31a3c248bcb764342d7f072d1a770dc5b89fa83a,True,True,22,-3140,-0.5728515785344851,0.22970614274508364,4.525087082923275,0.31610240049174987,6.227046748739468,13012022,111614464,8500464,"{""values"": {""shape"": [708233], ""dtype"": ""<i8"", ""nbytes"": 5665864}, ""indices"": {""shape"": [708233], ""dtype"": ""<i4"", ""nbytes"": 2832932}, ""indptr"": {""shape"": [417], ""dtype"": ""<i4"", ""nbytes"": 1668}}",1,2.688000000000102,0.9840000000003783,191377408,0.04236658991200599,0.004939100007683592,0.06485234217802699
NCBI538,Visium,Homo sapiens,Kidney,success,32,E:\Hestdata\st\NCBI538.h5ad,87817668ac4a2868aa0ccefe9b71733f2e645419ebe7702615ceb34c45110b76,D:\HEST1000BenchRun\COUNT-HEST-SHARED-K32-001\main\NCBI538\VALUE_K32\attempt01\RESULT.json,,469,33538,15729322,778672,604622,607929,454230,D:\HEST1000BenchRun\COUNT-HEST-SHARED-K32-001\main\NCBI538\VALUE_K32\attempt01\archive.cnt,53d977f7e12e0e2d9c94af8a2090b1f9ada8fd40956bd64eec50e4d900aa80fe,True,True,21,-3307,-0.5469533030554627,0.23102330793406098,4.666714611543757,0.3091952723709261,6.245803110937596,13510838,125834576,9345944,"{""values"": {""shape"": [778672], ""dtype"": ""<i8"", ""nbytes"": 6229376}, ""indices"": {""shape"": [778672], ""dtype"": ""<i4"", ""nbytes"": 3114688}, ""indptr"": {""shape"": [470], ""dtype"": ""<i4"", ""nbytes"": 1880}}",1,2.7660000000014406,1.125,192430080,0.04499565459966288,0.00483117613079572,0.06504736172183356
NCBI539,Visium,Homo sapiens,Kidney,success,32,E:\Hestdata\st\NCBI539.h5ad,13b9c373785b69d50ff4c29a2d82e0f07b7b7c6e51c66895e5d5bd8392dc69c6,D:\HEST1000BenchRun\COUNT-HEST-SHARED-K32-001\main\NCBI539\VALUE_K32\attempt01\RESULT.json,,475,33538,15930550,699530,564703,568255,415603,D:\HEST1000BenchRun\COUNT-HEST-SHARED-K32-001\main\NCBI539\VALUE_K32\attempt01\archive.cnt,49afa4b557d1d4a945e3ff28b46ce1fe664fda27022f765a893d992eef2aff46,True,True,20,-3552,-0.6290032105372204,0.20870742064774914,4.752939831029406,0.2853661675208954,6.498706274212686,12878698,127444400,8396264,"{""values"": {""shape"": [699530], ""dtype"": ""<i8"", ""nbytes"": 5596240}, ""indices"": {""shape"": [699530], ""dtype"": ""<i4"", ""nbytes"": 2798120}, ""indptr"": {""shape"": [476], ""dtype"": ""<i4"", ""nbytes"": 1904}}",1,2.625,1.0,191696896,0.0441236373428432,0.00445884636751399,0.06767950602791908
NCBI540,Visium,Homo sapiens,Kidney,success,32,E:\Hestdata\st\NCBI540.h5ad,aebbbc0942165dce5b8ac3709681cc4da0e4afe9bed42b657b6c35ec3d33f535,D:\HEST1000BenchRun\COUNT-HEST-SHARED-K32-001\main\NCBI540\VALUE_K32\attempt01\RESULT.json,,413,33538,13851194,620667,516715,520274,369170,D:\HEST1000BenchRun\COUNT-HEST-SHARED-K32-001\main\NCBI540\VALUE_K32\attempt01\archive.cnt,79e2320ab6eb9123e3fdc4ad1c859bceccf34ac1dfccfc075148e429b26442a5,True,True,20,-3559,-0.68877427595483,0.21322060755195546,4.758364791425998,0.3004933726291033,6.705998546724733,12247198,110809552,7449660,"{""values"": {""shape"": [620667], ""dtype"": ""<i8"", ""nbytes"": 4965336}, ""indices"": {""shape"": [620667], ""dtype"": ""<i4"", ""nbytes"": 2482668}, ""indptr"": {""shape"": [414], ""dtype"": ""<i4"", ""nbytes"": 1656}}",1,2.5310000000008586,0.9529999999995198,189087744,0.042481063831906696,0.004695208947329739,0.06983862350765001
NCBI542,Visium,Mus musculus,Heart,success,32,E:\Hestdata\st\NCBI542.h5ad,f81337f063deadbb294d73632c915f96f24d8b264a98a8b960934cf3fea23257,D:\HEST1000BenchRun\COUNT-HEST-SHARED-K32-001\main\NCBI542\VALUE_K32\attempt01\RESULT.json,,2237,32285,72221545,4777571,2825683,2802995,2588910,D:\HEST1000BenchRun\COUNT-HEST-SHARED-K32-001\main\NCBI542\VALUE_K32\attempt01\archive.cnt,53373d39b9aa48b9f0e17c0d6be105f0874b230edd4cf0bae6a0d1e37ccf848f,True,True,30,22688,0.8029209221274998,0.2867742582909297,4.335106689152291,0.31048851142688794,4.693590110958058,45933639,577772360,57339804,"{""values"": {""shape"": [4777571], ""dtype"": ""<i8"", ""nbytes"": 38220568}, ""indices"": {""shape"": [4777571], ""dtype"": ""<i4"", ""nbytes"": 19110284}, ""indptr"": {""shape"": [2238], ""dtype"": ""<i4"", ""nbytes"": 8952}}",1,7.57799999999952,2.7340000000003783,276930560,0.06102270712755852,0.004851382991045124,0.04888393061127311
NCBI543,Visium,Mus musculus,Heart,success,32,E:\Hestdata\st\NCBI543.h5ad,9503b3c90cb9931f2431a4d8c87ed312ff990c25be04b2b31fe5b21563436d1f,D:\HEST1000BenchRun\COUNT-HEST-SHARED-K32-001\main\NCBI543\VALUE_K32\attempt01\RESULT.json,,1962,32285,63343170,4277080,2548281,2529367,2324165,D:\HEST1000BenchRun\COUNT-HEST-SHARED-K32-001\main\NCBI543\VALUE_K32\attempt01\archive.cnt,dab3e57bebfab2eed416279be5706d56fcdb2b391d0fd70632cbea99532450bc,True,True,30,18914,0.7422258377313962,0.2935331465097184,4.347199491241688,0.31944937394197354,4.731016487884258,41833080,506745360,51332812,"{""values"": {""shape"": [4277080], ""dtype"": ""<i8"", ""nbytes"": 34216640}, ""indices"": {""shape"": [4277080], ""dtype"": ""<i4"", ""nbytes"": 17108320}, ""indptr"": {""shape"": [1963], ""dtype"": ""<i4"", ""nbytes"": 7852}}",1,7.0789999999997235,2.4690000000009604,241864704,0.060463322327688994,0.0049913964678433365,0.04927388353476525
NCBI56,Spatial Transcriptomics,Mus musculus,Spinal cord,success,32,E:\Hestdata\st\NCBI56.h5ad,efbe512eb011a74bc6894137078b082faa50a2f36ada8dd9e8f8455e46f58289,D:\HEST1000BenchRun\COUNT-HEST-SHARED-K32-001\main\NCBI56\VALUE_K32\attempt01\RESULT.json,,306,16710,5113260,764047,509130,510363,418418,D:\HEST1000BenchRun\COUNT-HEST-SHARED-K32-001\main\NCBI56\VALUE_K32\attempt01\archive.cnt,8bc69b94da539bd43e4a0eaa3e8d47275d4a63afdbc8efbebdf6b430002ac772,True,True,23,-1233,-0.2421778327735549,0.6546398970519786,4.381070798000646,0.7984933291090224,5.343786442457074,45310814,40906080,9169792,"{""values"": {""shape"": [764047], ""dtype"": ""<i8"", ""nbytes"": 6112376}, ""indices"": {""shape"": [764047], ""dtype"": ""<i4"", ""nbytes"": 3056188}, ""indptr"": {""shape"": [307], ""dtype"": ""<i4"", ""nbytes"": 1228}}",1,2.514999999999418,0.9369999999998981,181166080,0.01126360254750665,0.012476458267328475,0.05565698763941428
NCBI562,Visium,Homo sapiens,Kidney,success,32,E:\Hestdata\st\NCBI562.h5ad,3469951c7d08a18b1d4727413db5f3908983a448847dc9dd0093672dac8c57dc,D:\HEST1000BenchRun\COUNT-HEST-SHARED-K32-001\main\NCBI562\VALUE_K32\attempt01\RESULT.json,,2468,36601,90331268,7111125,4068733,4040931,3824319,D:\HEST1000BenchRun\COUNT-HEST-SHARED-K32-001\main\NCBI562\VALUE_K32\attempt01\archive.cnt,316684d2b04273e1d691c5b89572a298e91fe6c770c6f88ad9145c9959012228,True,True,22,27802,0.6833085385548769,0.33869282118346883,4.302350471971734,0.3578766103449362,4.5460384960185625,64845759,722650144,85343376,"{""values"": {""shape"": [7111125], ""dtype"": ""<i8"", ""nbytes"": 56889000}, ""indices"": {""shape"": [7111125], ""dtype"": ""<i4"", ""nbytes"": 28444500}, ""indptr"": {""shape"": [2469], ""dtype"": ""<i4"", ""nbytes"": 9876}}",1,9.811999999999898,3.6560000000008586,363917312,0.062316041362088154,0.005591822036639628,0.04734908776048419
NCBI563,Visium,Homo sapiens,Kidney,success,32,E:\Hestdata\st\NCBI563.h5ad,314a2497df4d9d4b902236b13a25a789b2a3b69e483b1df8518ddbea6be96f81,D:\HEST1000BenchRun\COUNT-HEST-SHARED-K32-001\main\NCBI563\VALUE_K32\attempt01\RESULT.json,,1376,36601,50362976,3510449,2169710,2163307,1970682,D:\HEST1000BenchRun\COUNT-HEST-SHARED-K32-001\main\NCBI563\VALUE_K32\attempt01\archive.cnt,bb4fb5bfb910b448014bbf6b253718b36664afeb3623bcc90ea45b90cbad295f,True,True,21,6403,0.2951085628955022,0.31303662436469204,4.491008415162847,0.34363449848555416,4.92998360038844,35840655,402903808,42130896,"{""values"": {""shape"": [3510449], ""dtype"": ""<i8"", ""nbytes"": 28083592}, ""indices"": {""shape"": [3510449], ""dtype"": ""<i4"", ""nbytes"": 14041796}, ""indptr"": {""shape"": [1377], ""dtype"": ""<i4"", ""nbytes"": 5508}}",1,5.735000000000582,2.186999999999898,249339904,0.06035902524660891,0.005369289038836784,0.05134728205163261
NCBI565,Visium,Homo sapiens,Kidney,success,32,E:\Hestdata\st\NCBI565.h5ad,46a6e5be55eba05a5f69ae532c5e40d043f7fe02e8a1865d7b2e1438bb68afdf,D:\HEST1000BenchRun\COUNT-HEST-SHARED-K32-001\main\NCBI565\VALUE_K32\attempt01\RESULT.json,,1085,36601,39712085,2692704,1631214,1624644,1440447,D:\HEST1000BenchRun\COUNT-HEST-SHARED-K32-001\main\NCBI565\VALUE_K32\attempt01\archive.cnt,c28b3b3e65b642f1892f34f1e5d251628232cdd1931cd1c5e7ad4af0e9930e70,True,True,23,6570,0.4027675093519305,0.29017806544279906,4.2795554208706195,0.3272845533041138,4.826803094584477,29223403,317696680,32316792,"{""values"": {""shape"": [2692704], ""dtype"": ""<i8"", ""nbytes"": 21541632}, ""indices"": {""shape"": [2692704], ""dtype"": ""<i4"", ""nbytes"": 10770816}, ""indptr"": {""shape"": [1086], ""dtype"": ""<i4"", ""nbytes"": 4344}}",1,4.968999999999141,1.8910000000014406,220266496,0.055593936133995075,0.0051138211453767785,0.050272440408070204
NCBI566,Visium,Homo sapiens,Kidney,success,32,E:\Hestdata\st\NCBI566.h5ad,d338d2031dde30992a46a69882d12c943e727202b65e28602d8cbf08b492473a,D:\HEST1000BenchRun\COUNT-HEST-SHARED-K32-001\main\NCBI566\VALUE_K32\attempt01\RESULT.json,,939,36601,34368339,2448075,1501177,1496018,1314391,D:\HEST1000BenchRun\COUNT-HEST-SHARED-K32-001\main\NCBI566\VALUE_K32\attempt01\archive.cnt,d02d64d6c8f77bc5c132b61a7eece480cf6104d96c66aa446320c2187054cd6d,True,True,23,5159,0.34366367190544483,0.30595391880881995,4.295263829743778,0.3482316675239964,4.888797933069861,27248075,274946712,29380660,"{""values"": {""shape"": [2448075], ""dtype"": ""<i8"", ""nbytes"": 19584600}, ""indices"": {""shape"": [2448075], ""dtype"": ""<i4"", ""nbytes"": 9792300}, ""indptr"": {""shape"": [940], ""dtype"": ""<i4"", ""nbytes"": 3760}}",1,4.515999999999622,1.7659999999996217,216449024,0.054903621631986844,0.005441119805062444,0.050918461327961996
NCBI567,Visium,Homo sapiens,Kidney,success,32,E:\Hestdata\st\NCBI567.h5ad,c033b7025b4e4a38e6ab06aef35171b59ca202022ffb291c017bc9ec3ecb6f87,D:\HEST1000BenchRun\COUNT-HEST-SHARED-K32-001\main\NCBI567\VALUE_K32\attempt01\RESULT.json,,817,36601,29903017,3203920,1852386,1844777,1662508,D:\HEST1000BenchRun\COUNT-HEST-SHARED-K32-001\main\NCBI567\VALUE_K32\attempt01\archive.cnt,0ae55570c16bd2c8bb21833c24ee0ebf4e9c5b0ed61b281e238ff1a67574893b,True,True,23,7609,0.4107675182170455,0.4447733150136657,4.1511847986216885,0.49353602012800246,4.606299782766111,33278739,239224136,38450312,"{""values"": {""shape"": [3203920], ""dtype"": ""<i8"", ""nbytes"": 25631360}, ""indices"": {""shape"": [3203920], ""dtype"": ""<i4"", ""nbytes"": 12815680}, ""indptr"": {""shape"": [818], ""dtype"": ""<i4"", ""nbytes"": 3272}}",1,5.188000000000102,2.061999999999898,225333248,0.05543410163468033,0.0077115003145000385,0.0479782062626696
NCBI568,Visium,Homo sapiens,Kidney,success,32,E:\Hestdata\st\NCBI568.h5ad,b7db1f8d208c19f8b1374ea986cfd2c804d8aee0f21591c05e80553e4395f89c,D:\HEST1000BenchRun\COUNT-HEST-SHARED-K32-001\main\NCBI568\VALUE_K32\attempt01\RESULT.json,,2438,36601,89233238,4836404,2899980,2880519,2667809,D:\HEST1000BenchRun\COUNT-HEST-SHARED-K32-001\main\NCBI568\VALUE_K32\attempt01\archive.cnt,077e7d0c817a5d01fa3d11c4de392a0ae36cd5d4e9665d63fa15667e27ba107e,True,True,22,19461,0.6710735936109904,0.23917625851479243,4.412880313555278,0.2582462826239702,4.76472850489744,46647127,713865904,58046604,"{""values"": {""shape"": [4836404], ""dtype"": ""<i8"", ""nbytes"": 38691232}, ""indices"": {""shape"": [4836404], ""dtype"": ""<i4"", ""nbytes"": 19345616}, ""indptr"": {""shape"": [2439], ""dtype"": ""<i4"", ""nbytes"": 9756}}",1,7.609000000000378,2.79700000000048,254332928,0.06175126283768773,0.004035098165999534,0.04962424675179964
NCBI569,Visium,Homo sapiens,Pancreas,success,32,E:\Hestdata\st\NCBI569.h5ad,f231b6840c3af3e0878e5e7cafe0303f88b86b2311b1bb61ef93741b71665a9b,D:\HEST1000BenchRun\COUNT-HEST-SHARED-K32-001\main\NCBI569\VALUE_K32\attempt01\RESULT.json,,3493,20615,72008195,17063047,8784569,8741393,8525963,D:\HEST1000BenchRun\COUNT-HEST-SHARED-K32-001\main\NCBI569\VALUE_K32\attempt01\archive.cnt,567924e34468d52215bcd2d188318c5f05376f2c5175ca61b8d6038097c4cebd,True,True,26,43176,0.4914982169301647,0.9472214100075693,3.997392962698866,0.9711553525261951,4.098397197171174,142721163,576065560,204770540,"{""values"": {""shape"": [17063047], ""dtype"": ""<i8"", ""nbytes"": 136504376}, ""indices"": {""shape"": [17063047], ""dtype"": ""<i4"", ""nbytes"": 68252188}, ""indptr"": {""shape"": [3494], ""dtype"": ""<i4"", ""nbytes"": 13976}}",1,19.375,7.436999999999898,705716224,0.061248050508108595,0.015174302383221799,0.04268872368066227
NCBI57,Spatial Transcriptomics,Mus musculus,Spinal cord,success,32,E:\Hestdata\st\NCBI57.h5ad,cafe2571b357d7aa9ab769a008488457507659ac3303aacf148212d07e6bd7e9,D:\HEST1000BenchRun\COUNT-HEST-SHARED-K32-001\main\NCBI57\VALUE_K32\attempt01\RESULT.json,,393,16980,6673140,962985,614008,614476,518403,D:\HEST1000BenchRun\COUNT-HEST-SHARED-K32-001\main\NCBI57\VALUE_K32\attempt01\archive.cnt,b498726b7783d2579d9dc5898a4de1aa52b81362b9c4716f9e2f211ff1e458a1,True,True,23,-468,-0.07622050527028963,0.6214801427813593,4.306634059720556,0.7366559071141922,5.104760717975877,57826036,53385120,11557396,"{""values"": {""shape"": [962985], ""dtype"": ""<i8"", ""nbytes"": 7703880}, ""indices"": {""shape"": [962985], ""dtype"": ""<i4"", ""nbytes"": 3851940}, ""indptr"": {""shape"": [394], ""dtype"": ""<i4"", ""nbytes"": 1576}}",1,2.688000000000102,0.9680000000007567,184029184,0.010626286055644554,0.011510248548659252,0.05316733977100032
NCBI570,Visium,Homo sapiens,Pancreas,success,32,E:\Hestdata\st\NCBI570.h5ad,ec185f612cfd9c24d9f4308e90cdc271f750b28f3084b0dce32c3c6ac5adf984,D:\HEST1000BenchRun\COUNT-HEST-SHARED-K32-001\main\NCBI570\VALUE_K32\attempt01\RESULT.json,,3216,20615,66297840,12775776,6898086,6878282,6673092,D:\HEST1000BenchRun\COUNT-HEST-SHARED-K32-001\main\NCBI570\VALUE_K32\attempt01\archive.cnt,7d1f15eb4a653742971f5cc768fde27392be55dbe31bb3ee4ea483b29009dbc5,True,True,25,19804,0.2870941301688613,0.8052258716121068,4.178590482488109,0.8299856526245802,4.307077393968084,108376226,530382720,153322180,"{""values"": {""shape"": [12775776], ""dtype"": ""<i8"", ""nbytes"": 102206208}, ""indices"": {""shape"": [12775776], ""dtype"": ""<i4"", ""nbytes"": 51103104}, ""indptr"": {""shape"": [3217], ""dtype"": ""<i4"", ""nbytes"": 12868}}",1,14.82799999999952,5.453000000001339,621555712,0.06346670532705208,0.012968525822259066,0.0448616240650896
NCBI571,Visium,Homo sapiens,Pancreas,success,32,E:\Hestdata\st\NCBI571.h5ad,86a3a9b1df1f6f73153d4b4c22f0f7bf95dd94e7049c518362d8002f48b8ad4f,D:\HEST1000BenchRun\COUNT-HEST-SHARED-K32-001\main\NCBI571\VALUE_K32\attempt01\RESULT.json,,2498,20615,51496270,10846510,5720162,5691232,5507785,D:\HEST1000BenchRun\COUNT-HEST-SHARED-K32-001\main\NCBI571\VALUE_K32\attempt01\archive.cnt,aa5e6feb31f55ea368eff7b39ee330f362688ed4d414d437105c71731e8091b7,True,True,26,28930,0.5057549069414468,0.8556402240395276,4.062346321535683,0.8841389094782981,4.197650304107035,92868236,411970160,130168116,"{""values"": {""shape"": [10846510], ""dtype"": ""<i8"", ""nbytes"": 86772080}, ""indices"": {""shape"": [10846510], ""dtype"": ""<i4"", ""nbytes"": 43386040}, ""indptr"": {""shape"": [2499], ""dtype"": ""<i4"", ""nbytes"": 9996}}",1,12.734000000000378,5.29700000000048,442183680,0.061282869634780184,0.013814670460598408,0.04372216618699467
NCBI572,Visium,Homo sapiens,Pancreas,success,32,E:\Hestdata\st\NCBI572.h5ad,475429d340529052fad715833b6b2affa126f1e88ac7d73e9a85109869ef56b6,D:\HEST1000BenchRun\COUNT-HEST-SHARED-K32-001\main\NCBI572\VALUE_K32\attempt01\RESULT.json,,3794,20615,78213310,13358066,7363720,7336223,7112692,D:\HEST1000BenchRun\COUNT-HEST-SHARED-K32-001\main\NCBI572\VALUE_K32\attempt01\archive.cnt,10af993aa4dc879eb9d82f06602b45ae328fc18ef7005462f220404641738acc,True,True,25,27497,0.3734118081621789,0.7275172985262994,4.259713644175736,0.7503810284975793,4.3935839215048045,113113252,625706480,160311972,"{""values"": {""shape"": [13358066], ""dtype"": ""<i8"", ""nbytes"": 106864528}, ""indices"": {""shape"": [13358066], ""dtype"": ""<i4"", ""nbytes"": 53432264}, ""indptr"": {""shape"": [3795], ""dtype"": ""<i4"", ""nbytes"": 15180}}",1,15.54700000000048,5.70299999999952,563093504,0.06485732547058234,0.011724703570274676,0.04576216553558458
NCBI573,Visium,Homo sapiens,Uterus,success,32,E:\Hestdata\st\NCBI573.h5ad,ac93c2aaf9d7b3821b79c716429c93e42d97f1ce7b0aa454e79ebe6b9eed69bc,D:\HEST1000BenchRun\COUNT-HEST-SHARED-K32-001\main\NCBI573\VALUE_K32\attempt01\RESULT.json,,1547,36612,56638764,4930906,2845906,2827872,2610254,D:\HEST1000BenchRun\COUNT-HEST-SHARED-K32-001\main\NCBI573\VALUE_K32\attempt01\archive.cnt,f7ea8ed67d765df76e87c2b38be819a07b64af403310e17734a588ee3bd2660f,True,True,25,18034,0.6336822087588276,0.36868798902461924,4.234928023369336,0.3994256654329533,4.587995796310049,48432015,453110112,59177064,"{""values"": {""shape"": [4930906], ""dtype"": ""<i8"", ""nbytes"": 39447248}, ""indices"": {""shape"": [4930906], ""dtype"": ""<i4"", ""nbytes"": 19723624}, ""indptr"": {""shape"": [1548], ""dtype"": ""<i4"", ""nbytes"": 6192}}",1,7.264999999999418,2.7659999999996217,291348480,0.05838848538513213,0.006241026022389896,0.047786622195382995
NCBI574,Visium,Homo sapiens,Uterus,success,32,E:\Hestdata\st\NCBI574.h5ad,0f1611f9be81235e863a5a776fcc3474df724836abf1893f11512316f4cc7ba0,D:\HEST1000BenchRun\COUNT-HEST-SHARED-K32-001\main\NCBI574\VALUE_K32\attempt01\RESULT.json,,1505,36612,55101060,5482207,3070803,3045621,2828931,D:\HEST1000BenchRun\COUNT-HEST-SHARED-K32-001\main\NCBI574\VALUE_K32\attempt01\archive.cnt,8a952e2ad458e3c2f873f0de4824d94f75c1b4f03adc674d7c1890e1e6b3be7f,True,True,26,25182,0.8200460921784953,0.4107261820371514,4.128163712169205,0.4421869198160616,4.444372129691564,52873821,440808480,65792508,"{""values"": {""shape"": [5482207], ""dtype"": ""<i8"", ""nbytes"": 43857656}, ""indices"": {""shape"": [5482207], ""dtype"": ""<i4"", ""nbytes"": 21928828}, ""indptr"": {""shape"": [1506], ""dtype"": ""<i4"", ""nbytes"": 6024}}",1,7.764999999999418,2.9530000000013388,313905152,0.05760168155806254,0.006909170622125963,0.04629130417098555
NCBI575,Visium,Homo sapiens,Uterus,success,32,E:\Hestdata\st\NCBI575.h5ad,e5c64eed62920963d824bf9861752b8a41a434fd71db33e813ecfb2eea8ae77c,D:\HEST1000BenchRun\COUNT-HEST-SHARED-K32-001\main\NCBI575\VALUE_K32\attempt01\RESULT.json,,967,36612,35403804,3339579,1999225,1991624,1793276,D:\HEST1000BenchRun\COUNT-HEST-SHARED-K32-001\main\NCBI575\VALUE_K32\attempt01\archive.cnt,be0376408855feb2b5d3dedcb4f2d8423cddecf280d932e13ae90435abddf9d9,True,True,27,7601,0.3801973264640048,0.40521656938333517,4.295813334555044,0.4500361599561448,4.770958255516638,35607971,283230432,40078820,"{""values"": {""shape"": [3339579], ""dtype"": ""<i8"", ""nbytes"": 26716632}, ""indices"": {""shape"": [3339579], ""dtype"": ""<i4"", ""nbytes"": 13358316}, ""indptr"": {""shape"": [968], ""dtype"": ""<i4"", ""nbytes"": 3872}}",1,5.42200000000048,2.061999999999898,228601856,0.05593197096234436,0.007031814999314763,0.04969268057293104
NCBI576,Visium,Homo sapiens,Uterus,success,32,E:\Hestdata\st\NCBI576.h5ad,3f1e4b01b6bb9a5e3368f3af0d7dbfec7fe34f30380b456b9ac74f8e0fa733d7,D:\HEST1000BenchRun\COUNT-HEST-SHARED-K32-001\main\NCBI576\VALUE_K32\attempt01\RESULT.json,,470,36612,17207640,1645834,1092967,1094807,914406,D:\HEST1000BenchRun\COUNT-HEST-SHARED-K32-001\main\NCBI576\VALUE_K32\attempt01\archive.cnt,51b0259e2b82526abf7e58f1bb879349ddbcbfccbfff100b2bf2080269914cd3,True,True,26,-1840,-0.16834909013721366,0.4251162855568805,4.444705845182442,0.5089864734501651,5.32159136340603,21873154,137661120,19751892,"{""values"": {""shape"": [1645834], ""dtype"": ""<i8"", ""nbytes"": 13166672}, ""indices"": {""shape"": [1645834], ""dtype"": ""<i4"", ""nbytes"": 6583336}, ""indptr"": {""shape"": [471], ""dtype"": ""<i4"", ""nbytes"": 1884}}",1,3.625,1.4539999999997235,205463552,0.05005254386267294,0.00795291364765883,0.05542795596492731
NCBI58,Spatial Transcriptomics,Mus musculus,Spinal cord,success,32,E:\Hestdata\st\NCBI58.h5ad,1ff7a201f47b6a33752d97b50fcd1a507bab1dacb07ce3caddda647472f84e6b,D:\HEST1000BenchRun\COUNT-HEST-SHARED-K32-001\main\NCBI58\VALUE_K32\attempt01\RESULT.json,,242,15047,3641374,228301,216579,219148,142376,D:\HEST1000BenchRun\COUNT-HEST-SHARED-K32-001\main\NCBI58\VALUE_K32\attempt01\archive.cnt,102033db4533d9a5685530821cfdd15feb0dbda2d0eb92f6a4927cb46e4726f8,True,True,17,-2569,-1.1861722512339608,0.3127962137369026,4.989062684788941,0.48146221728391536,7.679265531031402,33385151,29130992,2740584,"{""values"": {""shape"": [228301], ""dtype"": ""<i8"", ""nbytes"": 1826408}, ""indices"": {""shape"": [228301], ""dtype"": ""<i4"", ""nbytes"": 913204}, ""indptr"": {""shape"": [243], ""dtype"": ""<i4"", ""nbytes"": 972}}",1,2.04700000000048,0.7819999999992433,173670400,0.006564235698679332,0.0075228471450611775,0.07996397848049905
NCBI591,Visium,Homo sapiens,Eye,success,32,E:\Hestdata\st\NCBI591.h5ad,cf207d36b99e22ed8babb22acdc2b53bfb168737ea18e9067e0bc4acb55fece4,D:\HEST1000BenchRun\COUNT-HEST-SHARED-K32-001\main\NCBI591\VALUE_K32\attempt01\RESULT.json,,663,36601,24266463,1807718,1285720,1290510,1102985,D:\HEST1000BenchRun\COUNT-HEST-SHARED-K32-001\main\NCBI591\VALUE_K32\attempt01\archive.cnt,f7c4cb0c66f4ffe642279deccc0d2761ed3f8bf1e28cc3e999b3c6f45f90a577,True,True,26,-4790,-0.3725538997604455,0.3636244804197464,4.881225943427017,0.42544642785394804,5.7111120207908534,28338246,194131704,21695272,"{""values"": {""shape"": [1807718], ""dtype"": ""<i8"", ""nbytes"": 14461744}, ""indices"": {""shape"": [1807718], ""dtype"": ""<i4"", ""nbytes"": 7230872}, ""indptr"": {""shape"": [664], ""dtype"": ""<i4"", ""nbytes"": 2656}}",1,3.936999999999898,1.5779999999995198,208822272,0.045539515748434116,0.006647600435217938,0.05948346718123654
NCBI592,Visium,Homo sapiens,Eye,success,32,E:\Hestdata\st\NCBI592.h5ad,5ac7648e3a5a361acafa8bc5f5c0db13c8c7122306f9e7324acfac26bc53830e,D:\HEST1000BenchRun\COUNT-HEST-SHARED-K32-001\main\NCBI592\VALUE_K32\attempt01\RESULT.json,,721,36601,26389321,1579630,1179582,1184024,992952,D:\HEST1000BenchRun\COUNT-HEST-SHARED-K32-001\main\NCBI592\VALUE_K32\attempt01\archive.cnt,318bdc97b733d3c81602035e093355fee2d956ac798e56d5370d21d705a71359,True,True,25,-4442,-0.3765740745450507,0.30101630883189456,5.028782689617189,0.35894034560419347,5.996462462728614,25490872,211114568,18958448,"{""values"": {""shape"": [1579630], ""dtype"": ""<i8"", ""nbytes"": 12637040}, ""indices"": {""shape"": [1579630], ""dtype"": ""<i4"", ""nbytes"": 6318520}, ""indptr"": {""shape"": [722], ""dtype"": ""<i4"", ""nbytes"": 2888}}",1,3.7659999999996217,1.4220000000004802,203952128,0.04644894062470676,0.005608442900065523,0.0624536354452643
NCBI593,Visium,Homo sapiens,Eye,success,32,E:\Hestdata\st\NCBI593.h5ad,f1c353328b57f54e730a962d53af143abc57acf84a0991f3ddf11f9bb2e341bb,D:\HEST1000BenchRun\COUNT-HEST-SHARED-K32-001\main\NCBI593\VALUE_K32\attempt01\RESULT.json,,724,36601,26499124,1434375,1087188,1092363,905695,D:\HEST1000BenchRun\COUNT-HEST-SHARED-K32-001\main\NCBI593\VALUE_K32\attempt01\archive.cnt,92ca6634ff264de47aa717a89db6fddd49b206ea45803689306f257597c4669a,True,True,24,-5175,-0.47599863133147163,0.2734263970386342,5.051370806100218,0.3297808636994944,6.092482091503268,23872507,211992992,17215400,"{""values"": {""shape"": [1434375], ""dtype"": ""<i8"", ""nbytes"": 11475000}, ""indices"": {""shape"": [1434375], ""dtype"": ""<i4"", ""nbytes"": 5737500}, ""indptr"": {""shape"": [725], ""dtype"": ""<i4"", ""nbytes"": 2900}}",1,3.625,1.264999999999418,201662464,0.045758202102527394,0.0051528259953046,0.06345266447483068
NCBI595,Visium,Homo sapiens,Eye,success,32,E:\Hestdata\st\NCBI595.h5ad,65c750c9a0596725c572c1b3f8e01c645d153fcd63146082ecc2b9322414d5fd,D:\HEST1000BenchRun\COUNT-HEST-SHARED-K32-001\main\NCBI595\VALUE_K32\attempt01\RESULT.json,,1303,36601,47691103,2398614,1666505,1670150,1465431,D:\HEST1000BenchRun\COUNT-HEST-SHARED-K32-001\main\NCBI595\VALUE_K32\attempt01\archive.cnt,f8bbc73dd4846b56c3fc643136d8064e5dffd191e10b15498388987df01e1c4e,True,True,22,-3645,-0.2187212159579479,0.2458204416031225,4.887592584717675,0.2801612703317011,5.5703835631744,35429014,381528824,28788584,"{""values"": {""shape"": [2398614], ""dtype"": ""<i8"", ""nbytes"": 19188912}, ""indices"": {""shape"": [2398614], ""dtype"": ""<i4"", ""nbytes"": 9594456}, ""indptr"": {""shape"": [1304], ""dtype"": ""<i4"", ""nbytes"": 5216}}",1,4.875,1.890000000001237,218132480,0.04714074176605649,0.004377519848932829,0.05801431567457434
NCBI596,Visium,Mus musculus,Kidney,success,32,E:\Hestdata\st\NCBI596.h5ad,bdcede19ac5d18222bdceaa7903860de16b7697ec4e8d0699b2fcad05e340c62,D:\HEST1000BenchRun\COUNT-HEST-SHARED-K32-001\main\NCBI596\VALUE_K32\attempt01\RESULT.json,,1888,31053,58628064,10584713,5300518,5241853,5063003,D:\HEST1000BenchRun\COUNT-HEST-SHARED-K32-001\main\NCBI596\VALUE_K32\attempt01\archive.cnt,c8cbf455b1416d728f71de6fa822ca04070da864249e1ff8135a50c344ccb822,True,True,30,58665,1.1067786205046375,0.6908640885702793,3.8266530230909424,0.7152687832229971,3.9618291020266683,92033515,469024512,127024112,"{""values"": {""shape"": [10584713], ""dtype"": ""<i8"", ""nbytes"": 84677704}, ""indices"": {""shape"": [10584713], ""dtype"": ""<i4"", ""nbytes"": 42338852}, ""indptr"": {""shape"": [1889], ""dtype"": ""<i4"", ""nbytes"": 7556}}",1,12.936999999999898,4.968999999999141,389292032,0.05695591437532295,0.01117607473785933,0.0412665982660048
NCBI598,Visium,Mus musculus,Kidney,success,32,E:\Hestdata\st\NCBI598.h5ad,138473d6e6c23a23671006b17357b4d0c2be8935e6aa7a071b28134cef27eb19,D:\HEST1000BenchRun\COUNT-HEST-SHARED-K32-001\main\NCBI598\VALUE_K32\attempt01\RESULT.json,,1835,31053,56982255,10250406,5170392,5110591,4932765,D:\HEST1000BenchRun\COUNT-HEST-SHARED-K32-001\main\NCBI598\VALUE_K32\attempt01\archive.cnt,f24c0372351330450e9a755130d6e8ac85226ed02371eef481ee7ee6e12791e6,True,True,30,59801,1.1566047603353866,0.6925334913474379,3.8498104367768455,0.7174992986851784,3.98859596390621,89355503,455858040,123012216,"{""values"": {""shape"": [10250406], ""dtype"": ""<i8"", ""nbytes"": 82003248}, ""indices"": {""shape"": [10250406], ""dtype"": ""<i4"", ""nbytes"": 41001624}, ""indptr"": {""shape"": [1836], ""dtype"": ""<i4"", ""nbytes"": 7344}}",1,12.639999999999418,4.735000000000582,396234752,0.05719391451469978,0.011210926541955912,0.04154539415825173
NCBI6,Spatial Transcriptomics,Mus musculus,Spinal cord,success,32,E:\Hestdata\st\NCBI6.h5ad,1810f05ad0ccb38cae4a19c293de269d8417a156b7180bf0667db6cd0dfd0e8d,D:\HEST1000BenchRun\COUNT-HEST-SHARED-K32-001\main\NCBI6\VALUE_K32\attempt01\RESULT.json,,216,16308,3522528,645643,411377,413007,326488,D:\HEST1000BenchRun\COUNT-HEST-SHARED-K32-001\main\NCBI6\VALUE_K32\attempt01\archive.cnt,9be0ec918c423b60046fd048a5ca51d31e86b82deef835960892692b1810effe,True,True,24,-1630,-0.39623022191323287,0.7414856602985129,4.045430679183387,0.9379786335268308,5.117465844127482,32525724,28180224,7748584,"{""values"": {""shape"": [645643], ""dtype"": ""<i8"", ""nbytes"": 5165144}, ""indices"": {""shape"": [645643], ""dtype"": ""<i4"", ""nbytes"": 2582572}, ""indptr"": {""shape"": [217], ""dtype"": ""<i4"", ""nbytes"": 868}}",1,2.5159999999996217,0.9530000000013388,179425280,0.012697857240625911,0.01465591614885673,0.053300964408464824
NCBI60,Spatial Transcriptomics,Mus musculus,Spinal cord,success,32,E:\Hestdata\st\NCBI60.h5ad,882393ace58dbe51050b63158d90ed7fcbb4256ecca4c18f9d347bef5570cc5a,D:\HEST1000BenchRun\COUNT-HEST-SHARED-K32-001\main\NCBI60\VALUE_K32\attempt01\RESULT.json,,258,15830,4084140,335087,273869,276404,194627,D:\HEST1000BenchRun\COUNT-HEST-SHARED-K32-001\main\NCBI60\VALUE_K32\attempt01\archive.cnt,e6a823de0321690fb73f816ca4706e6de3b420a6abc68fe9580efa08bcf3c4e4,True,True,19,-2535,-0.9256250251032427,0.3812347275068925,4.646602225690642,0.5414192461570857,6.598978772676946,36982126,32673120,4022080,"{""values"": {""shape"": [335087], ""dtype"": ""<i8"", ""nbytes"": 2680696}, ""indices"": {""shape"": [335087], ""dtype"": ""<i4"", ""nbytes"": 1340348}, ""indptr"": {""shape"": [259], ""dtype"": ""<i4"", ""nbytes"": 1036}}",1,2.1410000000014406,0.8589999999985594,175407104,0.007473988921026336,0.008459675721204464,0.06872165645636089
NCBI600,Visium,Homo sapiens,Bladder,success,32,E:\Hestdata\st\NCBI600.h5ad,758d0a0032bc106b1ffe24fe309f1244d07d724abf86da149a872c8283e2a908,D:\HEST1000BenchRun\COUNT-HEST-SHARED-K32-001\main\NCBI600\VALUE_K32\attempt01\RESULT.json,,832,33538,27903616,1728022,1126364,1125654,949594,D:\HEST1000BenchRun\COUNT-HEST-SHARED-K32-001\main\NCBI600\VALUE_K32\attempt01\archive.cnt,313ca2129c9dc0b6d4d6646254bd5e0eb92066abdb2f9c732532f10c7e71c364,True,True,22,710,0.06303468505740595,0.272249732794488,4.396212548219872,0.32272634485795676,5.2112947636083335,21114466,223228928,20739596,"{""values"": {""shape"": [1728022], ""dtype"": ""<i8"", ""nbytes"": 13824176}, ""indices"": {""shape"": [1728022], ""dtype"": ""<i4"", ""nbytes"": 6912088}, ""indptr"": {""shape"": [833], ""dtype"": ""<i4"", ""nbytes"": 3332}}",1,3.764999999999418,1.5160000000014406,206303232,0.053311980516106826,0.005042599138405574,0.054275599196821386
NCBI601,Visium,Homo sapiens,Bladder,success,32,E:\Hestdata\st\NCBI601.h5ad,c8cd08bbfefb77d130a7a31d3dd60d674e5d99a0be154f21e605dc3e1c305de5,D:\HEST1000BenchRun\COUNT-HEST-SHARED-K32-001\main\NCBI601\VALUE_K32\attempt01\RESULT.json,,1469,33538,49267322,4355142,2467397,2461689,2267568,D:\HEST1000BenchRun\COUNT-HEST-SHARED-K32-001\main\NCBI601\VALUE_K32\attempt01\archive.cnt,c96441d8fabf1c921f8d6bf40f830caa0438f5d03fde8a2b1f68129c6a564be3,True,True,22,5708,0.23133691092272546,0.3682064147915326,4.165316308859734,0.39972767344650884,4.52189894152705,42196963,394138576,52267584,"{""values"": {""shape"": [4355142], ""dtype"": ""<i8"", ""nbytes"": 34841136}, ""indices"": {""shape"": [4355142], ""dtype"": ""<i4"", ""nbytes"": 17420568}, ""indptr"": {""shape"": [1470], ""dtype"": ""<i4"", ""nbytes"": 5880}}",1,6.485000000000582,2.514999999999418,268255232,0.05833806096424522,0.0062457448976017006,0.04709781496692099
NCBI602,Visium,Homo sapiens,Bladder,success,32,E:\Hestdata\st\NCBI602.h5ad,d01d9a72a7e82d9049b8b9363763bca45cf758ec42f3a633d8e023fb9b372ab1,D:\HEST1000BenchRun\COUNT-HEST-SHARED-K32-001\main\NCBI602\VALUE_K32\attempt01\RESULT.json,,1017,33538,34108146,3988161,2146200,2130327,1953049,D:\HEST1000BenchRun\COUNT-HEST-SHARED-K32-001\main\NCBI602\VALUE_K32\attempt01\archive.cnt,a0cccd189724398b7a1e55aa098cdaa79286f0772d6eb3dd6bb6d5fc89cd7de3,True,True,25,15873,0.739586245457087,0.45808388412551065,3.917693393019991,0.4996640978375078,4.273301905314254,39183631,272865168,47862004,"{""values"": {""shape"": [3988161], ""dtype"": ""<i8"", ""nbytes"": 31905288}, ""indices"": {""shape"": [3988161], ""dtype"": ""<i4"", ""nbytes"": 15952644}, ""indptr"": {""shape"": [1018], ""dtype"": ""<i4"", ""nbytes"": 4072}}",1,6.016000000001441,2.2339999999985594,235409408,0.05436777923924406,0.00780725152871106,0.04450977439222979
NCBI603,Visium,Homo sapiens,Bladder,success,32,E:\Hestdata\st\NCBI603.h5ad,34cdd7d7fb2ce1a020a32426056d9d348cc97dc4e21797822c6ee15ce2f511fd,D:\HEST1000BenchRun\COUNT-HEST-SHARED-K32-001\main\NCBI603\VALUE_K32\attempt01\RESULT.json,,768,33538,25757184,2485960,1458848,1458916,1283638,D:\HEST1000BenchRun\COUNT-HEST-SHARED-K32-001\main\NCBI603\VALUE_K32\attempt01\archive.cnt,41663446faf378b4463029e6a28658fd0407dc197eece57ec295cfd241387571,True,True,22,-68,-0.004661212134506131,0.39868892500049696,4.130840399684629,0.45312903770847,4.694897745740076,27097650,206057472,29834596,"{""values"": {""shape"": [2485960], ""dtype"": ""<i8"", ""nbytes"": 19887680}, ""indices"": {""shape"": [2485960], ""dtype"": ""<i4"", ""nbytes"": 9943840}, ""indptr"": {""shape"": [769], ""dtype"": ""<i4"", ""nbytes"": 3076}}",1,4.57799999999952,1.7970000000004802,215396352,0.05383920745894939,0.007080141214194844,0.048900142639772964
NCBI61,Spatial Transcriptomics,Mus musculus,Spinal cord,success,32,E:\Hestdata\st\NCBI61.h5ad,252b1c6cc9e193c7895b78588ef52ec816c06c74a43c16197e1bf8d8aaf63c0c,D:\HEST1000BenchRun\COUNT-HEST-SHARED-K32-001\main\NCBI61\VALUE_K32\attempt01\RESULT.json,,303,15361,4654383,348614,288424,290804,210072,D:\HEST1000BenchRun\COUNT-HEST-SHARED-K32-001\main\NCBI61\VALUE_K32\attempt01\archive.cnt,3b135078ab1506ddc2d830fc142f218bd3ccaf9050ddfbeb7e25045944a57427,True,True,18,-2380,-0.8251740493162844,0.3610738523237129,4.820735828165248,0.49983682047652717,6.673375136970977,41518985,37235064,4184584,"{""values"": {""shape"": [348614], ""dtype"": ""<i8"", ""nbytes"": 2788912}, ""indices"": {""shape"": [348614], ""dtype"": ""<i4"", ""nbytes"": 1394456}, ""indptr"": {""shape"": [304], ""dtype"": ""<i4"", ""nbytes"": 1216}}",1,2.186999999999898,0.8280000000013388,175075328,0.007004121126756832,0.007809950319945737,0.06949412414710758
NCBI618,Visium,Mus musculus,Liver,success,32,E:\Hestdata\st\NCBI618.h5ad,6617d7af3f47fed5c8a3bdeac107db4498616bc3c904d5e5108ce50cbf585588,D:\HEST1000BenchRun\COUNT-HEST-SHARED-K32-001\main\NCBI618\VALUE_K32\attempt01\RESULT.json,,4992,31053,155016576,16679225,8715277,8616392,8380693,D:\HEST1000BenchRun\COUNT-HEST-SHARED-K32-001\main\NCBI618\VALUE_K32\attempt01\archive.cnt,d4cc4e7ec3efa815072398d39921d48ae82ba7057b7289b77d1f0007c332f1af,True,True,26,98885,1.1346168343243708,0.4325056437835396,4.01970379319183,0.44466945263969704,4.1327541297632235,141503798,1240132608,200170672,"{""values"": {""shape"": [16679225], ""dtype"": ""<i8"", ""nbytes"": 133433800}, ""indices"": {""shape"": [16679225], ""dtype"": ""<i4"", ""nbytes"": 66716900}, ""indptr"": {""shape"": [4993], ""dtype"": ""<i4"", ""nbytes"": 19972}}",1,20.84399999999914,7.389999999999418,769683456,0.060891595291315076,0.006947960197495266,0.043045226925151156
NCBI619,Visium,Mus musculus,Liver,success,32,E:\Hestdata\st\NCBI619.h5ad,ea3c8e3b6ac4f8a8ad43e3779382c35fbd7128bb0b3d82162b9dc626ad002560,D:\HEST1000BenchRun\COUNT-HEST-SHARED-K32-001\main\NCBI619\VALUE_K32\attempt01\RESULT.json,,4991,31053,154985523,14111719,7672336,7593660,7358812,D:\HEST1000BenchRun\COUNT-HEST-SHARED-K32-001\main\NCBI619\VALUE_K32\attempt01\archive.cnt,5687c485fa85ec6e2c63cc7faa44a1e3672a62feac5c1ea79a15c8a6f1400b54,True,True,29,78676,1.0254503973757145,0.37984512914796564,4.171745199858359,0.39196744846936443,4.304881637736693,120946122,1239884184,169360596,"{""values"": {""shape"": [14111719], ""dtype"": ""<i8"", ""nbytes"": 112893752}, ""indices"": {""shape"": [14111719], ""dtype"": ""<i4"", ""nbytes"": 56446876}, ""indptr"": {""shape"": [4992], ""dtype"": ""<i4"", ""nbytes"": 19968}}",1,18.156999999999243,6.359999999998763,585121792,0.06278547732187725,0.006124491382333819,0.04483723002486364
NCBI62,Spatial Transcriptomics,Mus musculus,Spinal cord,success,32,E:\Hestdata\st\NCBI62.h5ad,03d6d2c9e63e38aec780f2ae0092e7692fff901d6c423ffe0ea6edfdea9653d1,D:\HEST1000BenchRun\COUNT-HEST-SHARED-K32-001\main\NCBI62\VALUE_K32\attempt01\RESULT.json,,243,14488,3520584,209535,202926,205628,131921,D:\HEST1000BenchRun\COUNT-HEST-SHARED-K32-001\main\NCBI62\VALUE_K32\attempt01\archive.cnt,9331355d68c4ed9a649f68a9044c4bcbd3b7180ec04462d54c03ec035676d350,True,True,18,-2702,-1.3315198643840611,0.29977071985784176,5.036714630014079,0.4672588411468097,7.850831603312096,32349840,28164672,2515396,"{""values"": {""shape"": [209535], ""dtype"": ""<i8"", ""nbytes"": 1676280}, ""indices"": {""shape"": [209535], ""dtype"": ""<i4"", ""nbytes"": 838140}, ""indptr"": {""shape"": [244], ""dtype"": ""<i4"", ""nbytes"": 976}}",1,2.0930000000007567,0.8289999999997235,173305856,0.006356383833737663,0.007300919392918902,0.08174776456669249
NCBI622,Visium,Mus musculus,Liver,success,32,E:\Hestdata\st\NCBI622.h5ad,c1464e647eee0cead96855d42796a9d8cbfa1e371bbb305264186d0e3c0e937c,D:\HEST1000BenchRun\COUNT-HEST-SHARED-K32-001\main\NCBI622\VALUE_K32\attempt01\RESULT.json,,4992,31053,155016576,16607952,8626561,8539835,8304387,D:\HEST1000BenchRun\COUNT-HEST-SHARED-K32-001\main\NCBI622\VALUE_K32\attempt01\archive.cnt,00f6e58ec8095fc1e21cd712f9602d018205086cdd35943e34f40bf40719e2b2,True,True,27,86726,1.0053368891728698,0.4285676907223135,4.000197977450802,0.4407185461250286,4.113612563427448,140831358,1240132608,199315396,"{""values"": {""shape"": [16607952], ""dtype"": ""<i8"", ""nbytes"": 132863616}, ""indices"": {""shape"": [16607952], ""dtype"": ""<i4"", ""nbytes"": 66431808}, ""indptr"": {""shape"": [4993], ""dtype"": ""<i4"", ""nbytes"": 19972}}",1,20.593000000000757,7.45299999999952,685260800,0.06063873217781512,0.006886227283203572,0.04284583715750689
NCBI623,Visium,Mus musculus,Liver,success,32,E:\Hestdata\st\NCBI623.h5ad,309922e82dfc04ee4ad08854b511dac04176d28049c7f1de53160d330d0c7ba1,D:\HEST1000BenchRun\COUNT-HEST-SHARED-K32-001\main\NCBI623\VALUE_K32\attempt01\RESULT.json,,4992,31053,155016576,20425318,10480084,10402284,10163692,D:\HEST1000BenchRun\COUNT-HEST-SHARED-K32-001\main\NCBI623\VALUE_K32\attempt01\archive.cnt,9db082affac17fde5bb0f0705aa471181ed849220a0f72377a44d9b3982d9f67,True,True,26,77800,0.742360461996297,0.5245215582622597,3.9808210574738667,0.5368346672810009,4.074270569496152,171473134,1240132608,245123788,"{""values"": {""shape"": [20425318], ""dtype"": ""<i8"", ""nbytes"": 163402544}, ""indices"": {""shape"": [20425318], ""dtype"": ""<i4"", ""nbytes"": 81701272}, ""indptr"": {""shape"": [4993], ""dtype"": ""<i4"", ""nbytes"": 19972}}",1,23.264999999999418,8.343999999999141,795607040,0.06066422043700444,0.00838804167626564,0.04243686051392124
NCBI624,Visium,Mus musculus,Liver,success,32,E:\Hestdata\st\NCBI624.h5ad,edc1320606eba3f73e07fce7f6aef6d9c960613a0d610b658a2b3a9b9a22dfa2,D:\HEST1000BenchRun\COUNT-HEST-SHARED-K32-001\main\NCBI624\VALUE_K32\attempt01\RESULT.json,,4992,31053,155016576,18527904,9638533,9538714,9242676,D:\HEST1000BenchRun\COUNT-HEST-SHARED-K32-001\main\NCBI624\VALUE_K32\attempt01\archive.cnt,30e2f78b4f0c353ee820b2a22115b2d6ee95252ce21dff0385c2e844bb4b0301,True,True,27,99819,1.0356244046682208,0.4769903316662084,3.990813423903751,0.4922680784795556,4.1186370568414,156159414,1240132608,222354820,"{""values"": {""shape"": [18527904], ""dtype"": ""<i8"", ""nbytes"": 148223232}, ""indices"": {""shape"": [18527904], ""dtype"": ""<i4"", ""nbytes"": 74111616}, ""indptr"": {""shape"": [4993], ""dtype"": ""<i4"", ""nbytes"": 19972}}",1,22.5,8.42200000000048,746860544,0.06108318259954536,0.0076916887262430565,0.04289861582492343
NCBI625,Visium,Mus musculus,Liver,success,32,E:\Hestdata\st\NCBI625.h5ad,d0730b7e03ac34eda954ebacee8b16ec742efd8532c0a23ee9dfd90c033203d1,D:\HEST1000BenchRun\COUNT-HEST-SHARED-K32-001\main\NCBI625\VALUE_K32\attempt01\RESULT.json,,4992,31053,155016576,22182827,11237466,11113714,10814635,D:\HEST1000BenchRun\COUNT-HEST-SHARED-K32-001\main\NCBI625\VALUE_K32\attempt01\archive.cnt,76db1ba6350b013fdf35099398a915b9c7fc7d11a1a14e7fa525e3f01de6ca0e,True,True,28,123752,1.1012447112187036,0.5581150237765541,3.9001827855394624,0.5735497086453516,4.008042437512586,185498662,1240132608,266213896,"{""values"": {""shape"": [22182827], ""dtype"": ""<i8"", ""nbytes"": 177462616}, ""indices"": {""shape"": [22182827], ""dtype"": ""<i4"", ""nbytes"": 88731308}, ""indptr"": {""shape"": [4993], ""dtype"": ""<i4"", ""nbytes"": 19972}}",1,24.061999999999898,8.968000000000757,860004352,0.05991263699788843,0.008961714197583619,0.04174730983990407
NCBI626,Visium,Mus musculus,Liver,success,32,E:\Hestdata\st\NCBI626.h5ad,c5f135ec6dfdf4e2a1aa72871dc90abbc874cb7ba633af7d8f184ebb64d76d82,D:\HEST1000BenchRun\COUNT-HEST-SHARED-K32-001\main\NCBI626\VALUE_K32\attempt01\RESULT.json,,4992,31053,155016576,20314760,10457249,10360832,10059703,D:\HEST1000BenchRun\COUNT-HEST-SHARED-K32-001\main\NCBI626\VALUE_K32\attempt01\archive.cnt,7a1df920d5cacf49d9ab8f5d003d89b67d2011cdd40a262c9e05ec9cb94b26d8,True,True,27,96417,0.9220111331383617,0.519154957983332,3.961534568953805,0.5346954379898057,4.080119873431928,170454454,1240132608,243797092,"{""values"": {""shape"": [20314760], ""dtype"": ""<i8"", ""nbytes"": 162518080}, ""indices"": {""shape"": [20314760], ""dtype"": ""<i4"", ""nbytes"": 81259040}, ""indptr"": {""shape"": [4993], ""dtype"": ""<i4"", ""nbytes"": 19972}}",1,22.639999999999418,8.188000000000102,818569216,0.06078358034575031,0.008354616218590714,0.04249776695449673
NCBI627,Visium,Mus musculus,Liver,success,32,E:\Hestdata\st\NCBI627.h5ad,669465980b6a990d89c5ce1acf52c30ff5dee9e24953552a79fb6d1de3ec7486,D:\HEST1000BenchRun\COUNT-HEST-SHARED-K32-001\main\NCBI627\VALUE_K32\attempt01\RESULT.json,,4992,31053,155016576,18846232,9759982,9652158,9352736,D:\HEST1000BenchRun\COUNT-HEST-SHARED-K32-001\main\NCBI627\VALUE_K32\attempt01\archive.cnt,bea8a1621338039bf1673bdcc1d84f4cabe4e47e035e0d062dbb4da8adc69a99,True,True,27,107824,1.1047561358207423,0.48267024037481,3.9701245320550016,0.49812262657639916,4.097225588648171,158809126,1240132608,226174756,"{""values"": {""shape"": [18846232], ""dtype"": ""<i8"", ""nbytes"": 150769856}, ""indices"": {""shape"": [18846232], ""dtype"": ""<i4"", ""nbytes"": 75384928}, ""indptr"": {""shape"": [4993], ""dtype"": ""<i4"", ""nbytes"": 19972}}",1,23.5,8.25,767025152,0.060778358543450456,0.007783166040256237,0.04267566447601252
NCBI628,Visium,Homo sapiens,Brain,success,32,E:\Hestdata\st\NCBI628.h5ad,91a11ed09107d9ba702966edb3e72133650133a8cc8eac5549b235fd24c0ceb5,D:\HEST1000BenchRun\COUNT-HEST-SHARED-K32-001\main\NCBI628\VALUE_K32\attempt01\RESULT.json,,1262,36601,46190462,5056809,2835439,2820683,2610091,D:\HEST1000BenchRun\COUNT-HEST-SHARED-K32-001\main\NCBI628\VALUE_K32\attempt01\archive.cnt,14aaf839aff3d5204c23810de53c1546faf98783d8c681a92a5659124e1fb922,True,True,26,14756,0.5204132411242139,0.4520571368175534,4.129230113298722,0.48853081400225007,4.462391994635352,48324589,369523696,60686760,"{""values"": {""shape"": [5056809], ""dtype"": ""<i8"", ""nbytes"": 40454472}, ""indices"": {""shape"": [5056809], ""dtype"": ""<i4"", ""nbytes"": 20227236}, ""indptr"": {""shape"": [1263], ""dtype"": ""<i4"", ""nbytes"": 5052}}",1,7.234000000000378,2.7659999999996217,269758464,0.05836951867298861,0.007633293968785157,0.04647938034589423
NCBI629,Visium,Homo sapiens,Brain,success,32,E:\Hestdata\st\NCBI629.h5ad,bb692ffc9f583ce689e6276a7ee2b879ff8263c146aa913718cf2ddced3af60e,D:\HEST1000BenchRun\COUNT-HEST-SHARED-K32-001\main\NCBI629\VALUE_K32\attempt01\RESULT.json,,3620,36601,132495620,12566538,6801748,6729743,6441798,D:\HEST1000BenchRun\COUNT-HEST-SHARED-K32-001\main\NCBI629\VALUE_K32\attempt01\archive.cnt,6ba76c76b00e52fd62ad6c5c24e96bcb012278d2a6a48e6141dfccbeb4da4be7,True,True,25,72005,1.058624929944479,0.38895160458889133,4.100921351608534,0.4063375377993627,4.284230390263413,108866655,1059964960,150812940,"{""values"": {""shape"": [12566538], ""dtype"": ""<i8"", ""nbytes"": 100532304}, ""indices"": {""shape"": [12566538], ""dtype"": ""<i4"", ""nbytes"": 50266152}, ""indptr"": {""shape"": [3621], ""dtype"": ""<i4"", ""nbytes"": 14484}}",1,16.125,5.718999999999141,466513920,0.06181638445674665,0.006349024028115042,0.04462311390521264
NCBI63,Spatial Transcriptomics,Mus musculus,Spinal cord,success,32,E:\Hestdata\st\NCBI63.h5ad,a00784c80521d2b125b3c4dbe0816659e46eb5463a90961a9028926ece7f67a5,D:\HEST1000BenchRun\COUNT-HEST-SHARED-K32-001\main\NCBI63\VALUE_K32\attempt01\RESULT.json,,303,15375,4658625,357306,294139,296541,215734,D:\HEST1000BenchRun\COUNT-HEST-SHARED-K32-001\main\NCBI63\VALUE_K32\attempt01\archive.cnt,fd366cbc839a021c72a372ad788afddf17f34a58cd9555267dd34bdef0cd2c3b,True,True,18,-2402,-0.8166207133362118,0.37046811022565673,4.830235148584126,0.5092335184737986,6.639485483031351,41553831,37269000,4288888,"{""values"": {""shape"": [357306], ""dtype"": ""<i8"", ""nbytes"": 2858448}, ""indices"": {""shape"": [357306], ""dtype"": ""<i4"", ""nbytes"": 1429224}, ""indptr"": {""shape"": [304], ""dtype"": ""<i4"", ""nbytes"": 1216}}",1,2.375,0.7969999999986612,175161344,0.007136309525829279,0.007956773726153103,0.06914169826770948
NCBI630,Visium,Homo sapiens,Brain,success,32,E:\Hestdata\st\NCBI630.h5ad,3458976be455e2def1d495e5b1248c9822a4c1b063f875ee771640c8f6350658,D:\HEST1000BenchRun\COUNT-HEST-SHARED-K32-001\main\NCBI630\VALUE_K32\attempt01\RESULT.json,,2961,36601,108375561,9623665,5515240,5495407,5242132,D:\HEST1000BenchRun\COUNT-HEST-SHARED-K32-001\main\NCBI630\VALUE_K32\attempt01\archive.cnt,1927a4811148446a28acb9c3d8ef2e970b07f92887600b5812045f8f343a6486,True,True,27,19833,0.35960357119545117,0.38696045135120455,4.357701146081041,0.40565654834303466,4.568244634450597,85202428,867004488,115495828,"{""values"": {""shape"": [9623665], ""dtype"": ""<i8"", ""nbytes"": 76989320}, ""indices"": {""shape"": [9623665], ""dtype"": ""<i4"", ""nbytes"": 38494660}, ""indptr"": {""shape"": [2962], ""dtype"": ""<i4"", ""nbytes"": 11848}}",1,12.84400000000096,4.561999999999898,454234112,0.06449824411107158,0.006338383567859917,0.047581000068677805
NCBI631,Visium,Homo sapiens,Brain,success,32,E:\Hestdata\st\NCBI631.h5ad,6217c1a79871231e50c2b3e5c36873970d9e0341419effa5a3fae708e88a4d0f,D:\HEST1000BenchRun\COUNT-HEST-SHARED-K32-001\main\NCBI631\VALUE_K32\attempt01\RESULT.json,,2051,36601,75068651,6767940,3827583,3799503,3563813,D:\HEST1000BenchRun\COUNT-HEST-SHARED-K32-001\main\NCBI631\VALUE_K32\attempt01\archive.cnt,8d5ae592d689e0f478575965a984a5008813a3ea22f35ee91259b5cd17b2e214,True,True,26,28080,0.7336222362780899,0.37979241161533595,4.21258226284512,0.4049096872674587,4.491178113281146,62159318,600549208,81223488,"{""values"": {""shape"": [6767940], ""dtype"": ""<i8"", ""nbytes"": 54143520}, ""indices"": {""shape"": [6767940], ""dtype"": ""<i4"", ""nbytes"": 27071760}, ""indptr"": {""shape"": [2052], ""dtype"": ""<i4"", ""nbytes"": 8208}}",1,9.28099999999904,3.438000000000102,333910016,0.06112523628396309,0.006326713863554042,0.046778377702764995
NCBI632,Visium,Homo sapiens,Brain,success,32,E:\Hestdata\st\NCBI632.h5ad,b5bbd22a86853c27fc66dc848936c8f197523c8b600088ca23e452935230a7e4,D:\HEST1000BenchRun\COUNT-HEST-SHARED-K32-001\main\NCBI632\VALUE_K32\attempt01\RESULT.json,,2743,36601,100396543,7834375,4410174,4363350,4118492,D:\HEST1000BenchRun\COUNT-HEST-SHARED-K32-001\main\NCBI632\VALUE_K32\attempt01\archive.cnt,ebd76413dfa210befdf079e7fd7ea7fe4c414e01109304a20192100617b6e9bf,True,True,26,46824,1.0617268162208566,0.3281779931406602,4.205560239329876,0.3476892625675368,4.4555947347427205,70803802,803172344,94023476,"{""values"": {""shape"": [7834375], ""dtype"": ""<i8"", ""nbytes"": 62675000}, ""indices"": {""shape"": [7834375], ""dtype"": ""<i4"", ""nbytes"": 31337500}, ""indptr"": {""shape"": [2744], ""dtype"": ""<i4"", ""nbytes"": 10976}}",1,10.718999999999141,3.936999999999898,439595008,0.06162592794098826,0.005432644727617762,0.04640702711310099
NCBI633,Visium,Homo sapiens,Brain,success,32,E:\Hestdata\st\NCBI633.h5ad,2d784fffe151764ba69c2046a60dcd85fb3d9dfcc2e386c7bfe4bca1de3e2f10,D:\HEST1000BenchRun\COUNT-HEST-SHARED-K32-001\main\NCBI633\VALUE_K32\attempt01\RESULT.json,,3153,36601,115402953,8806933,4958319,4920045,4649305,D:\HEST1000BenchRun\COUNT-HEST-SHARED-K32-001\main\NCBI633\VALUE_K32\attempt01\archive.cnt,c4803cd01c07ca7bfc9490661849a1b275f556e761546e65ac802b60cba09c99,True,True,25,38274,0.7719148364596953,0.32230059138954614,4.2233136098571435,0.34106891528156996,4.469247126099404,78669404,923223624,105695812,"{""values"": {""shape"": [8806933], ""dtype"": ""<i8"", ""nbytes"": 70455464}, ""indices"": {""shape"": [8806933], ""dtype"": ""<i4"", ""nbytes"": 35227732}, ""indptr"": {""shape"": [3154], ""dtype"": ""<i4"", ""nbytes"": 12616}}",1,11.953000000001339,4.25,422203392,0.06254076870850579,0.005329201801274531,0.046549100734473756
NCBI634,Visium,Homo sapiens,Brain,success,32,E:\Hestdata\st\NCBI634.h5ad,6eb582ed3c956a782beef34adb5d9559e0aa4a6cda551cb3331523d4cf0cd2c6,D:\HEST1000BenchRun\COUNT-HEST-SHARED-K32-001\main\NCBI634\VALUE_K32\attempt01\RESULT.json,,1842,36601,67419042,8408912,4419711,4389991,4166620,D:\HEST1000BenchRun\COUNT-HEST-SHARED-K32-001\main\NCBI634\VALUE_K32\attempt01\archive.cnt,f17dbb78cdd0ae22d388879bbdbe6c35087e4b49f213e3132f0bd25c4020220f,True,True,26,29720,0.67244215741708,0.49441461953731114,3.964003904429015,0.5209200095130394,4.176512728400535,75251009,539352336,100914316,"{""values"": {""shape"": [8408912], ""dtype"": ""<i8"", ""nbytes"": 67271296}, ""indices"": {""shape"": [8408912], ""dtype"": ""<i4"", ""nbytes"": 33635648}, ""indptr"": {""shape"": [1843], ""dtype"": ""<i4"", ""nbytes"": 7372}}",1,10.84400000000096,4.108999999998559,402735104,0.05833796859786956,0.00813937514864124,0.04350216276548909
NCBI635,Visium,Homo sapiens,Brain,success,32,E:\Hestdata\st\NCBI635.h5ad,c0141effe4e84734c92d106981f9fd41c01c823ee94c8f38d5939875310671e4,D:\HEST1000BenchRun\COUNT-HEST-SHARED-K32-001\main\NCBI635\VALUE_K32\attempt01\RESULT.json,,3027,36601,110791227,10322276,5793235,5760685,5490815,D:\HEST1000BenchRun\COUNT-HEST-SHARED-K32-001\main\NCBI635\VALUE_K32\attempt01\archive.cnt,87446dbb6eda24833c624f5f9cbdd9b069c3f9ae384705f009fc8a55f8dd03ed,True,True,25,32550,0.561862241044943,0.39648012924344633,4.255507215656702,0.4159668707342685,4.464662638356114,90798150,886329816,123879424,"{""values"": {""shape"": [10322276], ""dtype"": ""<i8"", ""nbytes"": 82578208}, ""indices"": {""shape"": [10322276], ""dtype"": ""<i4"", ""nbytes"": 41289104}, ""indptr"": {""shape"": [3028], ""dtype"": ""<i4"", ""nbytes"": 12112}}",1,13.235000000000582,4.875,470757376,0.06344496005700556,0.006499482355222946,0.04650235538712224
NCBI637,Visium,Homo sapiens,Brain,success,32,E:\Hestdata\st\NCBI637.h5ad,b3f5b2e3bbb9e80b80eb9f8f08b1ce9b1dbec0fb2450ba4b963775e72c3cd6b9,D:\HEST1000BenchRun\COUNT-HEST-SHARED-K32-001\main\NCBI637\VALUE_K32\attempt01\RESULT.json,,2705,36601,99005705,9844723,5338882,5308038,5064304,D:\HEST1000BenchRun\COUNT-HEST-SHARED-K32-001\main\NCBI637\VALUE_K32\attempt01\archive.cnt,734c41853a7bc5c0df742192897ac2906e0fcc8d5e061279e945f6810573ea47,True,True,24,30844,0.5777239504450558,0.4092131054468023,4.115345043227727,0.4289076472916384,4.313407700755014,86928276,792045640,118147500,"{""values"": {""shape"": [9844723], ""dtype"": ""<i8"", ""nbytes"": 78757784}, ""indices"": {""shape"": [9844723], ""dtype"": ""<i4"", ""nbytes"": 39378892}, ""indptr"": {""shape"": [2706], ""dtype"": ""<i4"", ""nbytes"": 10824}}",1,12.79700000000048,4.79700000000048,453742592,0.061062271613439106,0.00670168198893185,0.0449272138640259
NCBI638,Visium,Homo sapiens,Brain,success,32,E:\Hestdata\st\NCBI638.h5ad,3f0fe0dc0870112a1d8430ec948cf0207d4461e2b49d80cc3dc73423b3bc49fd,D:\HEST1000BenchRun\COUNT-HEST-SHARED-K32-001\main\NCBI638\VALUE_K32\attempt01\RESULT.json,,3060,36601,111999060,9622105,5389015,5346036,5092177,D:\HEST1000BenchRun\COUNT-HEST-SHARED-K32-001\main\NCBI638\VALUE_K32\attempt01\archive.cnt,c83fef0cb903f77075b0bf598ac78e5766ccfd3b079025330a8361a36a9e7197,True,True,25,42979,0.7975297897667756,0.36372998130520023,4.23373222387409,0.38186291920664334,4.444795395602106,85202211,895992480,115477504,"{""values"": {""shape"": [9622105], ""dtype"": ""<i8"", ""nbytes"": 76976840}, ""indices"": {""shape"": [9622105], ""dtype"": ""<i4"", ""nbytes"": 38488420}, ""indptr"": {""shape"": [3061], ""dtype"": ""<i4"", ""nbytes"": 12244}}",1,12.75,4.79700000000048,502616064,0.0627452731244263,0.005966608112603802,0.04629504288558229
NCBI639,Visium,Homo sapiens,Brain,success,32,E:\Hestdata\st\NCBI639.h5ad,a85089a933f443aeafa01b1f0397175aa2f729dc46e7427fe0e219dc5d1d1a62,D:\HEST1000BenchRun\COUNT-HEST-SHARED-K32-001\main\NCBI639\VALUE_K32\attempt01\RESULT.json,,979,36601,35832379,5934878,3080680,3056655,2857726,D:\HEST1000BenchRun\COUNT-HEST-SHARED-K32-001\main\NCBI639\VALUE_K32\attempt01\archive.cnt,70a497c9d932ac35af3f1dace4b6f4c2f7eabd4d3b5b97ce3e0402f97c2afe90,True,True,27,24025,0.7798602905851955,0.6380209363157272,3.8521108605770835,0.6824341749678412,4.120259927836765,55303398,286659032,71222456,"{""values"": {""shape"": [5934878], ""dtype"": ""<i8"", ""nbytes"": 47479024}, ""indices"": {""shape"": [5934878], ""dtype"": ""<i4"", ""nbytes"": 23739512}, ""indptr"": {""shape"": [980], ""dtype"": ""<i4"", ""nbytes"": 3920}}",1,8.09400000000096,3.139999999999418,298668032,0.055270654436098125,0.010663033983872519,0.04291701201654714
NCBI64,Spatial Transcriptomics,Mus musculus,Spinal cord,success,32,E:\Hestdata\st\NCBI64.h5ad,2cb8cebe917232e7176639c690176db6004c65d7034600d298bbe6dd46390ee2,D:\HEST1000BenchRun\COUNT-HEST-SHARED-K32-001\main\NCBI64\VALUE_K32\attempt01\RESULT.json,,260,15155,3940300,238258,223004,225658,148315,D:\HEST1000BenchRun\COUNT-HEST-SHARED-K32-001\main\NCBI64\VALUE_K32\attempt01\archive.cnt,9d37c4ed9391f37eeb6b16b6b60c3357900858069dc7ca220535e3b3b6215533,True,True,18,-2654,-1.1901131818263349,0.3011242798771667,4.979979685886728,0.4581539476689592,7.57692921119123,35787771,31522400,2860140,"{""values"": {""shape"": [238258], ""dtype"": ""<i8"", ""nbytes"": 1906064}, ""indices"": {""shape"": [238258], ""dtype"": ""<i4"", ""nbytes"": 953032}, ""indptr"": {""shape"": [261], ""dtype"": ""<i4"", ""nbytes"": 1044}}",1,2.0309999999990396,0.8130000000001019,173862912,0.006305449981782884,0.007158655432327488,0.07889753648422805
NCBI640,Visium,Homo sapiens,Brain,success,32,E:\Hestdata\st\NCBI640.h5ad,72a82a2865ff2ea693a56fb792ab3839625ef80e97093c627cc2fc0c620bce41,D:\HEST1000BenchRun\COUNT-HEST-SHARED-K32-001\main\NCBI640\VALUE_K32\attempt01\RESULT.json,,1959,36601,71701359,7513527,4074741,4033851,3800820,D:\HEST1000BenchRun\COUNT-HEST-SHARED-K32-001\main\NCBI640\VALUE_K32\attempt01\archive.cnt,93f56e1a2778b476a2c10869dff598ccf181ba3c404ae6989b58f0ce33c56d15,True,True,26,40890,1.0034993635178284,0.4240722968723647,4.046908994936732,0.4500724735217362,4.295027887701741,68113858,573610872,90170164,"{""values"": {""shape"": [7513527], ""dtype"": ""<i8"", ""nbytes"": 60108216}, ""indices"": {""shape"": [7513527], ""dtype"": ""<i4"", ""nbytes"": 30054108}, ""indptr"": {""shape"": [1960], ""dtype"": ""<i4"", ""nbytes"": 7840}}",1,10.296000000000276,3.7819999999992433,337850368,0.05922217766610724,0.007032382398777128,0.044735983844944545
NCBI641,Visium,Homo sapiens,Brain,success,32,E:\Hestdata\st\NCBI641.h5ad,44e2943879186d3334b36978cae28b95b82db8c68338681a4cf06146e0b53ad2,D:\HEST1000BenchRun\COUNT-HEST-SHARED-K32-001\main\NCBI641\VALUE_K32\attempt01\RESULT.json,,2236,36601,81839836,10358437,5392966,5355988,5123565,D:\HEST1000BenchRun\COUNT-HEST-SHARED-K32-001\main\NCBI641\VALUE_K32\attempt01\archive.cnt,ea138c38999470888474faadd14a6bfdba15412e2b4f858b4777e175a2fbb4a0,True,True,26,36978,0.6856709276490895,0.5008382470365654,3.957017839660559,0.5235580384105364,4.136522141323058,90961899,654718688,124310192,"{""values"": {""shape"": [10358437], ""dtype"": ""<i8"", ""nbytes"": 82867496}, ""indices"": {""shape"": [10358437], ""dtype"": ""<i4"", ""nbytes"": 41433748}, ""indptr"": {""shape"": [2237], ""dtype"": ""<i4"", ""nbytes"": 8948}}",1,13.343999999999141,4.984000000000378,467927040,0.05888166428891288,0.008180594350164631,0.043085670722799625
NCBI642,Visium,Homo sapiens,Liver,success,32,E:\Hestdata\st\NCBI642.h5ad,9fc108d3ce8c32e2a3b312574f1241340a4a4b8c3449be73de73e0daf0c35608,D:\HEST1000BenchRun\COUNT-HEST-SHARED-K32-001\main\NCBI642\VALUE_K32\attempt01\RESULT.json,,1987,36601,72726187,9792037,5108630,5067653,4844440,D:\HEST1000BenchRun\COUNT-HEST-SHARED-K32-001\main\NCBI642\VALUE_K32\attempt01\archive.cnt,890b140d5bcfd4b114c6f86621aa4342f26677b9fd412f2b10ed7476fb49aea8,True,True,30,40977,0.8021132867324507,0.5328963554764669,3.957860861841106,0.5574501520339572,4.140223734857211,86401606,581809496,117512396,"{""values"": {""shape"": [9792037], ""dtype"": ""<i8"", ""nbytes"": 78336296}, ""indices"": {""shape"": [9792037], ""dtype"": ""<i4"", ""nbytes"": 39168148}, ""indptr"": {""shape"": [1988], ""dtype"": ""<i4"", ""nbytes"": 7952}}",1,12.671000000000276,4.718999999999141,448528384,0.05865230097690545,0.008710158625530581,0.04312441216839796
NCBI643,Visium,Homo sapiens,Liver,success,32,E:\Hestdata\st\NCBI643.h5ad,bd2c30b7d82549d7941748ccb83cd9abdd0692c7b38ad32beb648c1767a5b024,D:\HEST1000BenchRun\COUNT-HEST-SHARED-K32-001\main\NCBI643\VALUE_K32\attempt01\RESULT.json,,2261,36601,82754861,12696026,6599942,6539982,6307163,D:\HEST1000BenchRun\COUNT-HEST-SHARED-K32-001\main\NCBI643\VALUE_K32\attempt01\archive.cnt,39347f71ccd2fb104c8737270d965d83037bc1993fece7d112d69a0a48e70eb6,True,True,29,59960,0.9084928322097376,0.609720122664456,3.9742596620391293,0.6322269818083557,4.120963205336851,109592560,662038888,152361360,"{""values"": {""shape"": [12696026], ""dtype"": ""<i8"", ""nbytes"": 101568208}, ""indices"": {""shape"": [12696026], ""dtype"": ""<i4"", ""nbytes"": 50784104}, ""indptr"": {""shape"": [2262], ""dtype"": ""<i4"", ""nbytes"": 9048}}",1,15.73399999999856,6.0,545579008,0.05967541957227753,0.009878546590755558,0.04292415084769524
NCBI646,Visium,Mus musculus,Muscle,success,32,E:\Hestdata\st\NCBI646.h5ad,0088ca8b32f028d6dd4c5b520d0aff38e406e5a16e4571d06c8ca8959e80e539,D:\HEST1000BenchRun\COUNT-HEST-SHARED-K32-001\main\NCBI646\VALUE_K32\attempt01\RESULT.json,,4992,55414,276626688,6279518,4284696,4273718,3921922,D:\HEST1000BenchRun\COUNT-HEST-SHARED-K32-001\main\NCBI646\VALUE_K32\attempt01\archive.cnt,2de59a9f0b07c70cf4d316580e5cbf5be4f27002ae07ed1c7d7598b1d1c1e90a,True,True,25,10978,0.25621420982958887,0.1134213630175842,4.996462467342239,0.12359524761399739,5.444644636738043,61354180,2213013504,75374188,"{""values"": {""shape"": [6279518], ""dtype"": ""<i8"", ""nbytes"": 50236144}, ""indices"": {""shape"": [6279518], ""dtype"": ""<i4"", ""nbytes"": 25118072}, ""indptr"": {""shape"": [4993], ""dtype"": ""<i4"", ""nbytes"": 19972}}",1,13.26600000000144,4.3289999999997235,363343872,0.0696565091408605,0.0019311757439687092,0.056700020436704406
NCBI647,Visium,Mus musculus,Muscle,success,32,E:\Hestdata\st\NCBI647.h5ad,e2304583cb8a85fa80332ddd05879adc99d121796b9ddd864ea3083d492f4442,D:\HEST1000BenchRun\COUNT-HEST-SHARED-K32-001\main\NCBI647\VALUE_K32\attempt01\RESULT.json,,4992,55414,276626688,5152036,3606841,3596598,3247597,D:\HEST1000BenchRun\COUNT-HEST-SHARED-K32-001\main\NCBI647\VALUE_K32\attempt01\archive.cnt,ec98885ab39eccd059f242989a8310520bf2c2d5df2ebf2d67992b5eb540c4cc,True,True,25,10243,0.2839881214614118,0.09391999082893983,5.042817247395011,0.10401304446807388,5.584740479297893,52334788,2213013504,61844404,"{""values"": {""shape"": [5152036], ""dtype"": ""<i8"", ""nbytes"": 41216288}, ""indices"": {""shape"": [5152036], ""dtype"": ""<i4"", ""nbytes"": 20608144}, ""indptr"": {""shape"": [4993], ""dtype"": ""<i4"", ""nbytes"": 19972}}",1,12.42200000000048,3.8909999999996217,326418432,0.06872289231399963,0.0016252038198136544,0.058155593188350556
NCBI648,Visium,Mus musculus,Muscle,success,32,E:\Hestdata\st\NCBI648.h5ad,754ff1c502866e339d002e0563bb19af21f19431e9b10d001a1cbb979581bbca,D:\HEST1000BenchRun\COUNT-HEST-SHARED-K32-001\main\NCBI648\VALUE_K32\attempt01\RESULT.json,,4992,55414,276626688,7875476,4970641,4932025,4582647,D:\HEST1000BenchRun\COUNT-HEST-SHARED-K32-001\main\NCBI648\VALUE_K32\attempt01\archive.cnt,264424787d0d5066aa84a525e35abb9ce04ff20f967db0c4487169bb16297f08,True,True,25,38616,0.7768816939304206,0.13252942536043377,4.655106053272209,0.142633381779852,5.010008283943726,74124412,2213013504,94525684,"{""values"": {""shape"": [7875476], ""dtype"": ""<i8"", ""nbytes"": 63003808}, ""indices"": {""shape"": [7875476], ""dtype"": ""<i4"", ""nbytes"": 31501904}, ""indptr"": {""shape"": [4993], ""dtype"": ""<i4"", ""nbytes"": 19972}}",1,14.796999999998661,4.78099999999904,407171072,0.0665371214007067,0.0022286465903101874,0.052176559759144404
NCBI649,Visium,Mus musculus,Muscle,success,32,E:\Hestdata\st\NCBI649.h5ad,92cd625dd1fedec12a386afc7f5c81b06db0406b38247ca987339cc3ea7f54b2,D:\HEST1000BenchRun\COUNT-HEST-SHARED-K32-001\main\NCBI649\VALUE_K32\attempt01\RESULT.json,,4992,55414,276626688,4644169,3326026,3308337,2964538,D:\HEST1000BenchRun\COUNT-HEST-SHARED-K32-001\main\NCBI649\VALUE_K32\attempt01\archive.cnt,fa682d4e65d8555127dbf22af66badc0b5fce805a6f801a130cc668798f029f3,True,True,25,17689,0.5318358906394598,0.0857339693847616,5.10668410215046,0.09567658200787915,5.698908889835835,48304556,2213013504,55750000,"{""values"": {""shape"": [4644169], ""dtype"": ""<i8"", ""nbytes"": 37153352}, ""indices"": {""shape"": [4644169], ""dtype"": ""<i4"", ""nbytes"": 18576676}, ""indptr"": {""shape"": [4993], ""dtype"": ""<i4"", ""nbytes"": 19972}}",1,11.65599999999904,3.640000000001237,291418112,0.06848912967961035,0.0014949465938731117,0.05934236771300448
NCBI65,Spatial Transcriptomics,Mus musculus,Spinal cord,success,32,E:\Hestdata\st\NCBI65.h5ad,b77d1d71035b380cf97625f43c294283640d0dd8d7a257f2e57e1c4a00989691,D:\HEST1000BenchRun\COUNT-HEST-SHARED-K32-001\main\NCBI65\VALUE_K32\attempt01\RESULT.json,,262,15196,3981352,291941,251894,254435,175436,D:\HEST1000BenchRun\COUNT-HEST-SHARED-K32-001\main\NCBI65\VALUE_K32\attempt01\archive.cnt,2647bbe01167322d11da4cf5856473acba3c907bbb6ffc67462f120b5477142f,True,True,20,-2541,-1.0087576520282342,0.35251542692030247,4.807437119143937,0.5112534636475248,6.972230690447727,36119092,31850816,3504344,"{""values"": {""shape"": [291941], ""dtype"": ""<i8"", ""nbytes"": 2335528}, ""indices"": {""shape"": [291941], ""dtype"": ""<i4"", ""nbytes"": 1167764}, ""indptr"": {""shape"": [263], ""dtype"": ""<i4"", ""nbytes"": 1052}}",1,2.2189999999991414,0.8280000000013388,174518272,0.007044335444534431,0.007988335369492575,0.07260560036343464
NCBI651,Visium,Mus musculus,Muscle,success,32,E:\Hestdata\st\NCBI651.h5ad,a632134781f76449bd1bdf3de2e54d9807f9894f64f91fca06389b29eb5669fc,D:\HEST1000BenchRun\COUNT-HEST-SHARED-K32-001\main\NCBI651\VALUE_K32\attempt01\RESULT.json,,4992,55414,276626688,3112045,2517487,2513302,2169251,D:\HEST1000BenchRun\COUNT-HEST-SHARED-K32-001\main\NCBI651\VALUE_K32\attempt01\archive.cnt,a81ced3fb9c7f187d760d3026340f4b5bcb2930004e744cc8866b7436dc2e74d,True,True,21,4185,0.16623720400542286,0.06273439531618873,5.576400084189014,0.07268429573939011,6.460837166557681,36003508,2213013504,37364512,"{""values"": {""shape"": [3112045], ""dtype"": ""<i8"", ""nbytes"": 24896360}, ""indices"": {""shape"": [3112045], ""dtype"": ""<i4"", ""nbytes"": 12448180}, ""indptr"": {""shape"": [4993], ""dtype"": ""<i4"", ""nbytes"": 19972}}",1,10.29700000000048,3.188000000000102,265392128,0.0698071421262617,0.0011356921209279705,0.0672644138909134
NCBI652,Visium,Mus musculus,Muscle,success,32,E:\Hestdata\st\NCBI652.h5ad,7d73f465690ef0fffa12b4105ff30ac9dd388439f80e0dadf80989f2d3e1d7a9,D:\HEST1000BenchRun\COUNT-HEST-SHARED-K32-001\main\NCBI652\VALUE_K32\attempt01\RESULT.json,,4992,55414,276626688,3896862,2978234,2977164,2628745,D:\HEST1000BenchRun\COUNT-HEST-SHARED-K32-001\main\NCBI652\VALUE_K32\attempt01\archive.cnt,3290f7e8ef5b5d67376de19b9c047e680d33e8ab2ac951aef8f7de87954d28b1,True,True,22,1070,0.035927331431982845,0.07602288901351413,5.396639655189227,0.0860991113048355,6.111920822446368,42301492,2213013504,46782316,"{""values"": {""shape"": [3896862], ""dtype"": ""<i8"", ""nbytes"": 31174896}, ""indices"": {""shape"": [3896862], ""dtype"": ""<i4"", ""nbytes"": 15587448}, ""indptr"": {""shape"": [4993], ""dtype"": ""<i4"", ""nbytes"": 19972}}",1,11.0,3.2960000000002765,275791872,0.07037964523804503,0.0013452986141380546,0.06363866209616471
NCBI653,Visium,Homo sapiens,Brain,success,32,E:\Hestdata\st\NCBI653.h5ad,16eb10f5fdfb8589abc063d633b489bfd3923d96c40f45facf02cda73371ed79,D:\HEST1000BenchRun\COUNT-HEST-SHARED-K32-001\main\NCBI653\VALUE_K32\attempt01\RESULT.json,,4633,17943,83129919,2219934,1752131,1749147,1575447,D:\HEST1000BenchRun\COUNT-HEST-SHARED-K32-001\main\NCBI653\VALUE_K32\attempt01\archive.cnt,b0f1a7b22a4cca9c64b70e470db6894255bfea2d10bc9bb13e4fdbd06721251b,True,True,14,2984,0.17030690056850772,0.15161299507581621,5.677455275697386,0.16832899837181364,6.303419831400393,23794573,665039352,26657744,"{""values"": {""shape"": [2219934], ""dtype"": ""<i8"", ""nbytes"": 17759472}, ""indices"": {""shape"": [2219934], ""dtype"": ""<i4"", ""nbytes"": 8879736}, ""indptr"": {""shape"": [4634], ""dtype"": ""<i4"", ""nbytes"": 18536}}",1,5.65599999999904,1.890000000001237,213721088,0.07351033363784254,0.002630140599559588,0.06561496726804789
NCBI654,Visium,Homo sapiens,Brain,success,32,E:\Hestdata\st\NCBI654.h5ad,52b46d966d33b4aed7bad01dd6b82a90a2ec15de013623120522e3b15d66ab01,D:\HEST1000BenchRun\COUNT-HEST-SHARED-K32-001\main\NCBI654\VALUE_K32\attempt01\RESULT.json,,4868,17943,87346524,2731409,2040146,2035593,1856758,D:\HEST1000BenchRun\COUNT-HEST-SHARED-K32-001\main\NCBI654\VALUE_K32\attempt01\archive.cnt,4cd3733565f8f15c1d75d44447f9d813ebcddaf258d6e687dd445779a47e7b38,True,True,12,4553,0.22317030251756492,0.17005901688772412,5.4382423137655325,0.1864383750405454,5.962030585679406,27919381,698772192,32796384,"{""values"": {""shape"": [2731409], ""dtype"": ""<i8"", ""nbytes"": 21851272}, ""indices"": {""shape"": [2731409], ""dtype"": ""<i4"", ""nbytes"": 10925636}, ""indptr"": {""shape"": [4869], ""dtype"": ""<i4"", ""nbytes"": 19476}}",1,6.25,2.04700000000048,221360128,0.07290967518226854,0.0029130996100085217,0.06206760477008685
NCBI656,Visium,Homo sapiens,Brain,success,32,E:\Hestdata\st\NCBI656.h5ad,61372812aebc08ce98e719a22b839e1b847a4cb762e0934c08e81ad23f42a6db,D:\HEST1000BenchRun\COUNT-HEST-SHARED-K32-001\main\NCBI656\VALUE_K32\attempt01\RESULT.json,,4968,17943,89140824,2323009,1798264,1795903,1615793,D:\HEST1000BenchRun\COUNT-HEST-SHARED-K32-001\main\NCBI656\VALUE_K32\attempt01\archive.cnt,ca9ae5baa1f602fab95984016f1ea01956cbfadeff4f831037115637ccc9b4b8,True,True,14,2361,0.1312932917524902,0.14501037145449766,5.564482961538246,0.16117445806872954,6.1847474547020695,24670917,713126592,27895984,"{""values"": {""shape"": [2323009], ""dtype"": ""<i8"", ""nbytes"": 18584072}, ""indices"": {""shape"": [2323009], ""dtype"": ""<i4"", ""nbytes"": 9292036}, ""indptr"": {""shape"": [4969], ""dtype"": ""<i4"", ""nbytes"": 19876}}",1,5.984999999998763,1.9060000000008586,216363008,0.07279433512747013,0.002518350907323899,0.06437854997335818
NCBI659,Visium,Mus musculus,Brain,success,32,E:\Hestdata\st\NCBI659.h5ad,1ed6196fc3aeaa8f678d6ebde9046088ce38bcf1fe5dadafbbe40b3ccd43b609,D:\HEST1000BenchRun\COUNT-HEST-SHARED-K32-001\main\NCBI659\VALUE_K32\attempt01\RESULT.json,,3617,32285,116774845,9500949,5356110,5320506,5101091,D:\HEST1000BenchRun\COUNT-HEST-SHARED-K32-001\main\NCBI659\VALUE_K32\attempt01\archive.cnt,91b25872c02a152743e0822e8cf28f8312fa39aed3768fc12b48e676779381a6,True,True,25,35604,0.6647361611318662,0.3494650581638537,4.295226508425632,0.36449672016263435,4.479978578981952,83969631,934198760,114025860,"{""values"": {""shape"": [9500949], ""dtype"": ""<i8"", ""nbytes"": 76007592}, ""indices"": {""shape"": [9500949], ""dtype"": ""<i4"", ""nbytes"": 38003796}, ""indptr"": {""shape"": [3618], ""dtype"": ""<i4"", ""nbytes"": 14472}}",1,13.0,4.890999999999622,405188608,0.0633622648645437,0.005695261252541162,0.046660520692411354
NCBI66,Spatial Transcriptomics,Mus musculus,Spinal cord,success,32,E:\Hestdata\st\NCBI66.h5ad,e65e597c184bd29214199b592e5a3c7f510b9849a2ee8afb38e89839a0497965,D:\HEST1000BenchRun\COUNT-HEST-SHARED-K32-001\main\NCBI66\VALUE_K32\attempt01\RESULT.json,,320,16632,5322240,590701,419755,422391,332719,D:\HEST1000BenchRun\COUNT-HEST-SHARED-K32-001\main\NCBI66\VALUE_K32\attempt01\archive.cnt,ca8cdeca20a09f584dacb77d5745bf99e46b59077a10dbe66f66c328d1118a35,True,True,20,-2636,-0.6279853724196257,0.500118746993747,4.506090221618043,0.6349071067821068,5.720538817438941,46979264,42577920,7089696,"{""values"": {""shape"": [590701], ""dtype"": ""<i8"", ""nbytes"": 4725608}, ""indices"": {""shape"": [590701], ""dtype"": ""<i4"", ""nbytes"": 2362804}, ""indptr"": {""shape"": [321], ""dtype"": ""<i4"", ""nbytes"": 1284}}",1,2.4060000000008586,0.8599999999987631,178962432,0.008991009309979824,0.009920423543470419,0.05957815398572802
NCBI660,Visium,Mus musculus,Brain,success,32,E:\Hestdata\st\NCBI660.h5ad,75e9f4c1d67f0086a4013806ac26e5eda305ab652a351472989ff342b772cebb,D:\HEST1000BenchRun\COUNT-HEST-SHARED-K32-001\main\NCBI660\VALUE_K32\attempt01\RESULT.json,,3504,32285,113126640,9528453,5336283,5300262,5064601,D:\HEST1000BenchRun\COUNT-HEST-SHARED-K32-001\main\NCBI660\VALUE_K32\attempt01\archive.cnt,e83668ddac1a95eabceefd1277d877eb53be7c8be0cf7bb4dcf31cc3aa1144dd,True,True,26,36021,0.6750204215181241,0.3581544364793297,4.252191620192701,0.374819724160463,4.450050391181024,84286247,905013120,114355456,"{""values"": {""shape"": [9528453], ""dtype"": ""<i8"", ""nbytes"": 76227624}, ""indices"": {""shape"": [9528453], ""dtype"": ""<i4"", ""nbytes"": 38113812}, ""indptr"": {""shape"": [3505], ""dtype"": ""<i4"", ""nbytes"": 14020}}",1,12.984000000000378,7.07799999999952,444669952,0.06288406695815986,0.005856558190007234,0.04634900848106452
NCBI661,Visium,Mus musculus,Brain,success,32,E:\Hestdata\st\NCBI661.h5ad,59617f33487427b8b331c59b155aa5e4bf8012a25911f7940ace675627f72bd0,D:\HEST1000BenchRun\COUNT-HEST-SHARED-K32-001\main\NCBI661\VALUE_K32\attempt01\RESULT.json,,3601,32285,116258285,4364655,2902417,2894870,2660112,D:\HEST1000BenchRun\COUNT-HEST-SHARED-K32-001\main\NCBI661\VALUE_K32\attempt01\archive.cnt,49386bcc637574105ce740ad1ef5f7cd3ef35821563a77e75c6a1d010bd665bb,True,True,22,7547,0.2600246622039493,0.18304842532297805,4.875733820886187,0.19920266327685807,5.3060230419128205,42955487,930066280,52390268,"{""values"": {""shape"": [4364655], ""dtype"": ""<i8"", ""nbytes"": 34917240}, ""indices"": {""shape"": [4364655], ""dtype"": ""<i4"", ""nbytes"": 17458620}, ""indptr"": {""shape"": [3602], ""dtype"": ""<i4"", ""nbytes"": 14408}}",1,8.014999999999418,4.79700000000048,275210240,0.06739232173063246,0.0031125416137009073,0.05525587309459841
NCBI662,Visium,Mus musculus,Brain,success,32,E:\Hestdata\st\NCBI662.h5ad,01eb8a45df63e6e4a7f47dd5fd3293721bdc42e37a0ee4c4d47e69b658ab431b,D:\HEST1000BenchRun\COUNT-HEST-SHARED-K32-001\main\NCBI662\VALUE_K32\attempt01\RESULT.json,,3357,32285,108380745,7290502,4332203,4311504,4079429,D:\HEST1000BenchRun\COUNT-HEST-SHARED-K32-001\main\NCBI662\VALUE_K32\attempt01\archive.cnt,f0fc4a351c6488022060d557f1a1beb458e453ed9da05973fc973401646f913d,True,True,24,20699,0.477793861460324,0.30111835824712224,4.476431389772611,0.3182487073695609,4.731091494111105,66313775,867045960,87499456,"{""values"": {""shape"": [7290502], ""dtype"": ""<i8"", ""nbytes"": 58324016}, ""indices"": {""shape"": [7290502], ""dtype"": ""<i4"", ""nbytes"": 29162008}, ""indptr"": {""shape"": [3358], ""dtype"": ""<i4"", ""nbytes"": 13432}}",1,10.79700000000048,4.625,395505664,0.06501671786894955,0.004972636052649389,0.04927463777603372
NCBI663,Visium,Mus musculus,Brain,success,32,E:\Hestdata\st\NCBI663.h5ad,a2d12e9ae0a0766c5e8f6c9a03cdfdfe439622f031d7695a1de952ab60201032,D:\HEST1000BenchRun\COUNT-HEST-SHARED-K32-001\main\NCBI663\VALUE_K32\attempt01\RESULT.json,,2964,32285,95692740,5748151,3507600,3492206,3272984,D:\HEST1000BenchRun\COUNT-HEST-SHARED-K32-001\main\NCBI663\VALUE_K32\attempt01\archive.cnt,4f221d9c933e8bf063d94ac7d3e0a5d0e55085f22fe60ad90b7944f965551a41,True,True,23,15394,0.4388755844452047,0.2736244358767447,4.555181657545183,0.29195159423797457,4.860284289678542,53890739,765541920,68989672,"{""values"": {""shape"": [5748151], ""dtype"": ""<i8"", ""nbytes"": 45985208}, ""indices"": {""shape"": [5748151], ""dtype"": ""<i4"", ""nbytes"": 22992604}, ""indptr"": {""shape"": [2965], ""dtype"": ""<i4"", ""nbytes"": 11860}}",1,8.811999999999898,3.7809999999990396,330809344,0.064801597914625,0.004561743659968353,0.05061925790863305
NCBI664,Visium,Mus musculus,Brain,success,32,E:\Hestdata\st\NCBI664.h5ad,411f92faa8a8697c470610cf891b1e6c8c7d60d32de3d1b8e1a46f94b32d4862,D:\HEST1000BenchRun\COUNT-HEST-SHARED-K32-001\main\NCBI664\VALUE_K32\attempt01\RESULT.json,,3017,32285,97403845,8613104,4767513,4727968,4502888,D:\HEST1000BenchRun\COUNT-HEST-SHARED-K32-001\main\NCBI664\VALUE_K32\attempt01\archive.cnt,5c14c362b40f9ebbda394f9f155ade3a3b6c0b6b3f89a80c1472ff6e4b53e6c0,True,True,26,39545,0.8294681105221947,0.3698324640059127,4.1823602733695076,0.3883187978872908,4.3914184712038775,76824319,779230760,103369320,"{""values"": {""shape"": [8613104], ""dtype"": ""<i8"", ""nbytes"": 68904832}, ""indices"": {""shape"": [8613104], ""dtype"": ""<i4"", ""nbytes"": 34452416}, ""indptr"": {""shape"": [3018], ""dtype"": ""<i4"", ""nbytes"": 12072}}",1,11.859000000000378,7.811999999999898,412639232,0.061542595646047964,0.006067481216988919,0.04573860019588017
NCBI665,Visium,Mus musculus,Brain,success,32,E:\Hestdata\st\NCBI665.h5ad,e910ca0f223263925af544f81645091a62c7a39f03c673ed1045402ea30eb417,D:\HEST1000BenchRun\COUNT-HEST-SHARED-K32-001\main\NCBI665\VALUE_K32\attempt01\RESULT.json,,2918,32285,94207630,6474218,3765283,3739855,3520894,D:\HEST1000BenchRun\COUNT-HEST-SHARED-K32-001\main\NCBI665\VALUE_K32\attempt01\archive.cnt,b4cf9e24477788127127f97125a21674b797e6c1af82ec8f32335b1825db7b81,True,True,26,25428,0.6753277243702531,0.29899013487548726,4.3506647443753055,0.31758404282116004,4.621228386192742,59691691,753661040,77702292,"{""values"": {""shape"": [6474218], ""dtype"": ""<i8"", ""nbytes"": 51793744}, ""indices"": {""shape"": [6474218], ""dtype"": ""<i4"", ""nbytes"": 25896872}, ""indptr"": {""shape"": [2919], ""dtype"": ""<i4"", ""nbytes"": 11676}}",1,9.67200000000048,8.031000000000859,317411328,0.06265285732984177,0.004962250669080626,0.04813056222331254
NCBI666,Visium,Mus musculus,Brain,success,32,E:\Hestdata\st\NCBI666.h5ad,8f59c9584a1bb22b3c96706668543c0ded6bbe0dd0af91d897d5e9d89af480a3,D:\HEST1000BenchRun\COUNT-HEST-SHARED-K32-001\main\NCBI666\VALUE_K32\attempt01\RESULT.json,,3120,32285,100729200,6346361,3747865,3722105,3497110,D:\HEST1000BenchRun\COUNT-HEST-SHARED-K32-001\main\NCBI666\VALUE_K32\attempt01\archive.cnt,130c9adb918b2c99c8f20be767aa8c6678cc6359632ff1a6989e42063c38ef29,True,True,26,25760,0.6873246501674953,0.27774349443855406,4.408334161892146,0.2956127915242055,4.691954964427646,58711495,805833600,76168816,"{""values"": {""shape"": [6346361], ""dtype"": ""<i8"", ""nbytes"": 50770888}, ""indices"": {""shape"": [6346361], ""dtype"": ""<i4"", ""nbytes"": 25385444}, ""indptr"": {""shape"": [3121], ""dtype"": ""<i4"", ""nbytes"": 12484}}",1,9.54700000000048,6.20299999999952,310714368,0.06339652907833467,0.004618949867565711,0.048866520388081126
NCBI667,Visium,Mus musculus,Brain,success,32,E:\Hestdata\st\NCBI667.h5ad,3216f8fd0bd68867878b9937151111fe5b3b71723ef33b3bb4210cb12bc4de14,D:\HEST1000BenchRun\COUNT-HEST-SHARED-K32-001\main\NCBI667\VALUE_K32\attempt01\RESULT.json,,2675,32285,86362375,5572685,3291306,3268146,3054901,D:\HEST1000BenchRun\COUNT-HEST-SHARED-K32-001\main\NCBI667\VALUE_K32\attempt01\archive.cnt,dd82c857c7cff64e82d7e0381450ea789a9a0943772c576cec4382f267f7100d,True,True,26,23160,0.7036720377868239,0.2829844362200553,4.385535518336313,0.30273794577789226,4.6916644310597135,52444823,690899000,66882924,"{""values"": {""shape"": [5572685], ""dtype"": ""<i8"", ""nbytes"": 44581480}, ""indices"": {""shape"": [5572685], ""dtype"": ""<i4"", ""nbytes"": 22290740}, ""indptr"": {""shape"": [2676], ""dtype"": ""<i4"", ""nbytes"": 10704}}",1,8.468999999999141,3.0310000000008586,332423168,0.06231589341048972,0.0047302804027795665,0.0488636830530914
NCBI668,Visium,Mus musculus,Brain,success,32,E:\Hestdata\st\NCBI668.h5ad,afb92814ee6a0d0d2c4b98d02e312ea83d59d4d58aca5ce6dbe17451840c24c5,D:\HEST1000BenchRun\COUNT-HEST-SHARED-K32-001\main\NCBI668\VALUE_K32\attempt01\RESULT.json,,2913,32285,94046205,11477172,6041115,5999203,5791852,D:\HEST1000BenchRun\COUNT-HEST-SHARED-K32-001\main\NCBI668\VALUE_K32\attempt01\archive.cnt,6f16c94b8269ad88a5ddc33014816c128f145213832af7ef0b80c36ee7c2a030,True,True,27,41912,0.6937792112879825,0.4926814005945269,4.037128310005287,0.510319624274047,4.1816593843849335,99711863,752369640,137737720,"{""values"": {""shape"": [11477172], ""dtype"": ""<i8"", ""nbytes"": 91817376}, ""indices"": {""shape"": [11477172], ""dtype"": ""<i4"", ""nbytes"": 45908688}, ""indptr"": {""shape"": [2914], ""dtype"": ""<i4"", ""nbytes"": 11656}}",1,14.531000000000859,5.5460000000002765,505339904,0.060165388746171555,0.007973744129281984,0.043555265761622886
NCBI669,Visium,Mus musculus,Brain,success,32,E:\Hestdata\st\NCBI669.h5ad,08b0cc6d8d30c41dcfba292fe46c312bb6253898a1e6e4e022503b11d400d2cc,D:\HEST1000BenchRun\COUNT-HEST-SHARED-K32-001\main\NCBI669\VALUE_K32\attempt01\RESULT.json,,3163,32285,102117455,10889046,5751970,5692114,5480876,D:\HEST1000BenchRun\COUNT-HEST-SHARED-K32-001\main\NCBI669\VALUE_K32\attempt01\archive.cnt,cd3850ca530563d444be2dff2588e87e105a594172d702f9cb415eadf212d3cd,True,True,26,59856,1.040617388477339,0.4293781900459623,4.026707941173175,0.44592682024831115,4.181900967265635,95044655,816939640,130681208,"{""values"": {""shape"": [10889046], ""dtype"": ""<i8"", ""nbytes"": 87112368}, ""indices"": {""shape"": [10889046], ""dtype"": ""<i4"", ""nbytes"": 43556184}, ""indptr"": {""shape"": [3164], ""dtype"": ""<i4"", ""nbytes"": 12656}}",1,15.156000000000859,5.359000000000378,420229120,0.05988883856751334,0.006967606566379862,0.0435572496391371
NCBI67,Spatial Transcriptomics,Mus musculus,Spinal cord,success,32,E:\Hestdata\st\NCBI67.h5ad,7d0d44edb8f8012d1aae4a72c4ccbde79dab4529bcf41c77d52060c9081bf2c6,D:\HEST1000BenchRun\COUNT-HEST-SHARED-K32-001\main\NCBI67\VALUE_K32\attempt01\RESULT.json,,305,16015,4884575,417497,323979,326231,242311,D:\HEST1000BenchRun\COUNT-HEST-SHARED-K32-001\main\NCBI67\VALUE_K32\attempt01\archive.cnt,4352c99b09ec65e347eccddece2d88e2a00f21f442b16881448a9501a705b783,True,True,19,-2252,-0.6951067816123885,0.3968590921421004,4.643118393665104,0.5343040080252632,6.25117785277499,43407367,39076600,5011188,"{""values"": {""shape"": [417497], ""dtype"": ""<i8"", ""nbytes"": 3339976}, ""indices"": {""shape"": [417497], ""dtype"": ""<i4"", ""nbytes"": 1669988}, ""indptr"": {""shape"": [306], ""dtype"": ""<i4"", ""nbytes"": 1224}}",1,2.2180000000007567,1.0,176214016,0.007515567576351728,0.008348500125394738,0.06510053105171867
NCBI670,Visium,Mus musculus,Brain,success,32,E:\Hestdata\st\NCBI670.h5ad,3d31d057ffa992c0870d403751ad3c7b6308b8e23f78b0dfe2e577757af11d4e,D:\HEST1000BenchRun\COUNT-HEST-SHARED-K32-001\main\NCBI670\VALUE_K32\attempt01\RESULT.json,,3002,32285,96919570,6156322,3614900,3600891,3396127,D:\HEST1000BenchRun\COUNT-HEST-SHARED-K32-001\main\NCBI670\VALUE_K32\attempt01\archive.cnt,e2d136b93e54bc1110b7513b7fdfabbb425eb117d2fe6b305e35a8de90e6e024,True,True,23,14009,0.38753492489418795,0.2803253873288955,4.413189563508861,0.29722715443331,4.679275710399813,57120963,775356560,73887876,"{""values"": {""shape"": [6156322], ""dtype"": ""<i8"", ""nbytes"": 49250576}, ""indices"": {""shape"": [6156322], ""dtype"": ""<i4"", ""nbytes"": 24625288}, ""indptr"": {""shape"": [3003], ""dtype"": ""<i4"", ""nbytes"": 12012}}",1,9.328000000001339,3.4219999999986612,333066240,0.06303974602108861,0.004644174288020469,0.048734531224040055
NCBI671,Visium,Mus musculus,Brain,success,32,E:\Hestdata\st\NCBI671.h5ad,d0e4f4aedb8173520e7ed2ac8e03fb787393e441ef3a7b0dccb9ad72191c1e7c,D:\HEST1000BenchRun\COUNT-HEST-SHARED-K32-001\main\NCBI671\VALUE_K32\attempt01\RESULT.json,,2856,32285,92205960,5937614,3479124,3463474,3261701,D:\HEST1000BenchRun\COUNT-HEST-SHARED-K32-001\main\NCBI671\VALUE_K32\attempt01\archive.cnt,4acf5018ec1944f09819c40107f858baa00ac476c68695471c80a9aa0ff621cf,True,True,24,15650,0.44982587570894284,0.2829926395213498,4.39462854944764,0.30049892653359933,4.666485898207597,55343339,737647680,71262796,"{""values"": {""shape"": [5937614], ""dtype"": ""<i8"", ""nbytes"": 47500912}, ""indices"": {""shape"": [5937614], ""dtype"": ""<i4"", ""nbytes"": 23750456}, ""indptr"": {""shape"": [2857], ""dtype"": ""<i4"", ""nbytes"": 11428}}",1,9.468999999999141,3.3440000000009604,332738560,0.06258158728008803,0.0046952957270874895,0.04860143292721773
NCBI672,Visium,Homo sapiens,Liver,success,32,E:\Hestdata\st\NCBI672.h5ad,e289640fdb7c4108efbc3b667aff492f46d8c15abfb7a264176e29719a66f278,D:\HEST1000BenchRun\COUNT-HEST-SHARED-K32-001\main\NCBI672\VALUE_K32\attempt01\RESULT.json,,4992,36601,182712192,7150507,4507227,4499805,4243069,D:\HEST1000BenchRun\COUNT-HEST-SHARED-K32-001\main\NCBI672\VALUE_K32\attempt01\archive.cnt,e30d6d857df406560cd1438d7a772bece94b73eafb4b44b84284cb81bf4173e1,True,True,26,7422,0.16466887511989078,0.18578153777499423,4.747153173893823,0.19702264860354804,5.034389869137951,65734342,1461697536,85826056,"{""values"": {""shape"": [7150507], ""dtype"": ""<i8"", ""nbytes"": 57204056}, ""indices"": {""shape"": [7150507], ""dtype"": ""<i4"", ""nbytes"": 28602028}, ""indptr"": {""shape"": [4993], ""dtype"": ""<i4"", ""nbytes"": 19972}}",1,12.360000000000582,4.34400000000096,377384960,0.06845440089747913,0.003078478884430438,0.05242935781646543
NCBI673,Visium,Homo sapiens,Liver,success,32,E:\Hestdata\st\NCBI673.h5ad,acd38b6593fe06b49a990c0f064f13aa9d698c4ba269f179d367047412c0366f,D:\HEST1000BenchRun\COUNT-HEST-SHARED-K32-001\main\NCBI673\VALUE_K32\attempt01\RESULT.json,,4992,36601,182712192,10428533,6165046,6119707,5853426,D:\HEST1000BenchRun\COUNT-HEST-SHARED-K32-001\main\NCBI673\VALUE_K32\attempt01\archive.cnt,61da6f7aaca12d55b517271b988b7fe9c94cd62bc45bc1dd3162f4f1db7a86ee,True,True,29,45339,0.735420303433259,0.25629054901820675,4.490315943766971,0.26794958488593906,4.6945870526563995,92005854,1461697536,125162368,"{""values"": {""shape"": [10428533], ""dtype"": ""<i8"", ""nbytes"": 83428264}, ""indices"": {""shape"": [10428533], ""dtype"": ""<i4"", ""nbytes"": 41714132}, ""indptr"": {""shape"": [4993], ""dtype"": ""<i4"", ""nbytes"": 19972}}",1,15.640999999999622,5.390999999999622,483643392,0.06651432201259716,0.004186712263842798,0.04889414524340096
NCBI674,Visium,Homo sapiens,Liver,success,32,E:\Hestdata\st\NCBI674.h5ad,9c86c159d2a9c3e7fbc71e31c741ca3e8cde5c323530e4ace27fcf616c35fdc1,D:\HEST1000BenchRun\COUNT-HEST-SHARED-K32-001\main\NCBI674\VALUE_K32\attempt01\RESULT.json,,4992,36601,182712192,6528228,4149977,4132127,3870301,D:\HEST1000BenchRun\COUNT-HEST-SHARED-K32-001\main\NCBI674\VALUE_K32\attempt01\archive.cnt,5314a09795d9fb0a6d3f11fe5ad7bd25847f7680506eb7f22db577d950149379,True,True,26,17850,0.43012286574118364,0.16945999969175565,4.742850280351728,0.1809239746847326,5.063704270132722,60763702,1461697536,78358708,"{""values"": {""shape"": [6528228], ""dtype"": ""<i8"", ""nbytes"": 52225824}, ""indices"": {""shape"": [6528228], ""dtype"": ""<i4"", ""nbytes"": 26112912}, ""indptr"": {""shape"": [4993], ""dtype"": ""<i4"", ""nbytes"": 19972}}",1,11.75,4.0,331759616,0.06800321349742647,0.0028269371044489467,0.05273347539114606
NCBI675,Visium,Homo sapiens,Liver,success,32,E:\Hestdata\st\NCBI675.h5ad,b8ba879f4b8658ef0740090ae1af989f0112418f2ec74151d61eaf60bbcf96cd,D:\HEST1000BenchRun\COUNT-HEST-SHARED-K32-001\main\NCBI675\VALUE_K32\attempt01\RESULT.json,,4992,36601,182712192,8072547,4970438,4954201,4689947,D:\HEST1000BenchRun\COUNT-HEST-SHARED-K32-001\main\NCBI675\VALUE_K32\attempt01\archive.cnt,693069a7fb71083aeccc155b41f4f623a91b1a9bc22782e596a478c29c75d7fa,True,True,27,16237,0.3266714120566437,0.20534796057835045,4.647799015601891,0.2169182448426868,4.909678196980457,73111238,1461697536,96890536,"{""values"": {""shape"": [8072547], ""dtype"": ""<i8"", ""nbytes"": 64580376}, ""indices"": {""shape"": [8072547], ""dtype"": ""<i4"", ""nbytes"": 32290188}, ""indptr"": {""shape"": [4993], ""dtype"": ""<i4"", ""nbytes"": 19972}}",1,13.593999999999141,4.4210000000002765,435834880,0.06776251005351598,0.003389347575666981,0.0511319392432714
NCBI68,Spatial Transcriptomics,Mus musculus,Spinal cord,success,32,E:\Hestdata\st\NCBI68.h5ad,286596bbb11fc29d94f25d311db5f49180ac704ab6312294c651e9323960bfdd,D:\HEST1000BenchRun\COUNT-HEST-SHARED-K32-001\main\NCBI68\VALUE_K32\attempt01\RESULT.json,,308,15608,4807264,416997,326186,328540,244968,D:\HEST1000BenchRun\COUNT-HEST-SHARED-K32-001\main\NCBI68\VALUE_K32\attempt01\archive.cnt,54bbd19991bb01d7cabf95272077a42e066d5d26cec6b53e49b5880736e1d2e3,True,True,19,-2354,-0.7216741368421699,0.4076630698875701,4.699659709782085,0.5467392679078994,6.302971004587563,42758688,38458112,5005200,"{""values"": {""shape"": [416997], ""dtype"": ""<i8"", ""nbytes"": 3335976}, ""indices"": {""shape"": [416997], ""dtype"": ""<i4"", ""nbytes"": 1667988}, ""indptr"": {""shape"": [309], ""dtype"": ""<i4"", ""nbytes"": 1236}}",1,2.2190000000009604,1.1090000000003783,176013312,0.0076835846787441184,0.008542801061060928,0.06563973467593702
NCBI680,Visium,Mus musculus,,success,32,E:\Hestdata\st\NCBI680.h5ad,bd83ac7bec87f5b79373166948f6a00a6fa3e087e983d84bd97e2e2a5490d746,D:\HEST1000BenchRun\COUNT-HEST-SHARED-K32-001\main\NCBI680\VALUE_K32\attempt01\RESULT.json,,2772,15524,43032528,6989220,3864619,3814853,3646331,D:\HEST1000BenchRun\COUNT-HEST-SHARED-K32-001\main\NCBI680\VALUE_K32\attempt01\archive.cnt,ba0dc4407d2ad4b22eef5cdf112f507494601ed474a0f602f3dc3717be92483e,True,True,24,49766,1.2877336679243154,0.6778743744731892,4.17366286939029,0.7092036052355558,4.366556497005388,88732620,344260224,83881732,"{""values"": {""shape"": [6989220], ""dtype"": ""<i8"", ""nbytes"": 55913760}, ""indices"": {""shape"": [6989220], ""dtype"": ""<i4"", ""nbytes"": 27956880}, ""indptr"": {""shape"": [2773], ""dtype"": ""<i4"", ""nbytes"": 11092}}",1,8.92200000000048,3.5,350973952,0.04299267845353828,0.01108130633180556,0.04547894886099872
NCBI681,Visium,Homo sapiens,Lymph node,success,32,E:\Hestdata\st\NCBI681.h5ad,ca4b5e870ee513a8ed6382e8fa54debfcf6354d736904134a330bfd2aa06c2b4,D:\HEST1000BenchRun\COUNT-HEST-SHARED-K32-001\main\NCBI681\VALUE_K32\attempt01\RESULT.json,,4992,33931,169383552,29541926,14507037,14371269,14109360,D:\HEST1000BenchRun\COUNT-HEST-SHARED-K32-001\main\NCBI681\VALUE_K32\attempt01\archive.cnt,580dfca1fc56a2e3f359a12d4bd5a4ae047b3894f31f09d7fad9c1bc00194168,True,True,28,135768,0.9358768437689929,0.6663863088666366,3.8208368675759328,0.6787562938814744,3.8917622364906066,244709217,1355068416,354523084,"{""values"": {""shape"": [29541926], ""dtype"": ""<i8"", ""nbytes"": 236335408}, ""indices"": {""shape"": [29541926], ""dtype"": ""<i4"", ""nbytes"": 118167704}, ""indptr"": {""shape"": [4993], ""dtype"": ""<i4"", ""nbytes"": 19972}}",1,31.313000000000102,11.639999999999418,1279578112,0.058727943214333445,0.010605567091898038,0.040536906194802255
NCBI682,Visium,Homo sapiens,Lymph node,success,32,E:\Hestdata\st\NCBI682.h5ad,3449458e40d62547cc7ab03915af7fcc45bb6ef6735787ee314afc8888d7fc23,D:\HEST1000BenchRun\COUNT-HEST-SHARED-K32-001\main\NCBI682\VALUE_K32\attempt01\RESULT.json,,4988,33931,169247828,30949940,15577380,15506857,15244367,D:\HEST1000BenchRun\COUNT-HEST-SHARED-K32-001\main\NCBI682\VALUE_K32\attempt01\archive.cnt,507f9de3c121e9df22db3a05296fcb7322f13a46d35ef5b605ca61094240f3eb,True,True,28,70523,0.45272696692255054,0.7205701688532157,3.9403932931695507,0.7329775363498313,4.008242213070526,256004849,1353982624,371419236,"{""values"": {""shape"": [30949940], ""dtype"": ""<i8"", ""nbytes"": 247599520}, ""indices"": {""shape"": [30949940], ""dtype"": ""<i4"", ""nbytes"": 123799760}, ""indptr"": {""shape"": [4989], ""dtype"": ""<i4"", ""nbytes"": 19956}}",1,31.921000000000276,12.265999999999622,1190670336,0.06057251282767695,0.011452774005466114,0.04175027972972299
NCBI683,Visium,Homo sapiens,Lymph node,success,32,E:\Hestdata\st\NCBI683.h5ad,8ae9dbaffbf21f63f98e5d303845310e63410278ed4623213f1f6bfcb517c392,D:\HEST1000BenchRun\COUNT-HEST-SHARED-K32-001\main\NCBI683\VALUE_K32\attempt01\RESULT.json,,4992,33931,169383552,26906257,12810783,12667810,12408342,D:\HEST1000BenchRun\COUNT-HEST-SHARED-K32-001\main\NCBI683\VALUE_K32\attempt01\archive.cnt,4b66c99443bb9d59823676e8bfa487fcd45fb5bfb40cdf07d0ea04c538333c2c,True,True,27,142973,1.1160363890325828,0.5860470797070072,3.68935508197963,0.5983017760779984,3.766502341815883,223623009,1355068416,322895056,"{""values"": {""shape"": [26906257], ""dtype"": ""<i8"", ""nbytes"": 215250056}, ""indices"": {""shape"": [26906257], ""dtype"": ""<i4"", ""nbytes"": 107625028}, ""indptr"": {""shape"": [4993], ""dtype"": ""<i4"", ""nbytes"": 19972}}",1,28.76600000000144,11.485000000000582,1200898048,0.056648061649148096,0.009348465251218725,0.039231972631999665
NCBI684,Visium,Homo sapiens,Lymph node,success,32,E:\Hestdata\st\NCBI684.h5ad,06b9a23177f0875ffe28b932ed50814424086673efcaf05ac92d576dcf076309,D:\HEST1000BenchRun\COUNT-HEST-SHARED-K32-001\main\NCBI684\VALUE_K32\attempt01\RESULT.json,,4992,33931,169383552,22672803,11502715,11428768,11168090,D:\HEST1000BenchRun\COUNT-HEST-SHARED-K32-001\main\NCBI684\VALUE_K32\attempt01\archive.cnt,7aba83f2176ebc925ec5c187a99af8ff25216e9c74d3910c09e6c369f9b01104,True,True,29,73947,0.642865619116878,0.5274698690933108,3.9406120187256954,0.5397817138703054,4.03259111808981,189714825,1355068416,272093608,"{""values"": {""shape"": [22672803], ""dtype"": ""<i8"", ""nbytes"": 181382424}, ""indices"": {""shape"": [22672803], ""dtype"": ""<i4"", ""nbytes"": 90691212}, ""indptr"": {""shape"": [4993], ""dtype"": ""<i4"", ""nbytes"": 19972}}",1,24.686999999999898,9.593999999999141,902193152,0.06024182875534371,0.008434089279223522,0.04200307417732503
NCBI685,Visium,Mus musculus,Bowel,success,32,E:\Hestdata\st\NCBI685.h5ad,39b925efa5ae8ebbb73de5333de5942cdc25606fff1969947c673e0d5bb2ae62,D:\HEST1000BenchRun\COUNT-HEST-SHARED-K32-001\main\NCBI685\VALUE_K32\attempt01\RESULT.json,,3547,31053,110144991,9677933,5518375,5500021,5294796,D:\HEST1000BenchRun\COUNT-HEST-SHARED-K32-001\main\NCBI685\VALUE_K32\attempt01\archive.cnt,2d445f203534666dab3f47973bbe186a3e51751c0cc1cea9911750dfecf3aa49,True,True,24,18354,0.3325979115228668,0.3845691721015257,4.376799054095539,0.39947497930250864,4.546442716642076,85217487,881159928,116149388,"{""values"": {""shape"": [9677933], ""dtype"": ""<i8"", ""nbytes"": 77423464}, ""indices"": {""shape"": [9677933], ""dtype"": ""<i4"", ""nbytes"": 38711732}, ""indptr"": {""shape"": [3548], ""dtype"": ""<i4"", ""nbytes"": 14192}}",1,14.218999999999141,4.75,459620352,0.06454099027820429,0.0062417965516016975,0.047352991648996035
NCBI686,Visium,Mus musculus,Bowel,success,32,E:\Hestdata\st\NCBI686.h5ad,d57b4856486a3774127daf4acffe2ae5c799a57bf2613c1262c4feba8122b685,D:\HEST1000BenchRun\COUNT-HEST-SHARED-K32-001\main\NCBI686\VALUE_K32\attempt01\RESULT.json,,3934,31053,122162502,10209911,5756755,5730120,5518079,D:\HEST1000BenchRun\COUNT-HEST-SHARED-K32-001\main\NCBI686\VALUE_K32\attempt01\archive.cnt,3a5c16a05ac314c69b1ddfe47ad638d94fd9d4e831bc39f95a9f0a529aaf8af7,True,True,24,26635,0.4626738501117383,0.3613599204115842,4.323703899083939,0.37524575257962545,4.489849127969872,89543799,977300016,122534672,"{""values"": {""shape"": [10209911], ""dtype"": ""<i8"", ""nbytes"": 81679288}, ""indices"": {""shape"": [10209911], ""dtype"": ""<i4"", ""nbytes"": 40839644}, ""indptr"": {""shape"": [3935], ""dtype"": ""<i4"", ""nbytes"": 15740}}",1,13.67200000000048,4.843999999999141,467898368,0.06399237092900202,0.005863214884056648,0.0467632540771807
NCBI687,Visium,Mus musculus,Skin,success,32,E:\Hestdata\st\NCBI687.h5ad,ce58ff028cdae4999906df1b3b6a61128c53e9178f310b032f308be844291933,D:\HEST1000BenchRun\COUNT-HEST-SHARED-K32-001\main\NCBI687\VALUE_K32\attempt01\RESULT.json,,4992,31053,155016576,11510721,6529816,6489321,6257131,D:\HEST1000BenchRun\COUNT-HEST-SHARED-K32-001\main\NCBI687\VALUE_K32\attempt01\archive.cnt,867eaacfece66e878e5e3d88a3fc8715aeb3703d6d0ae87677f0ad4d1aa2aa40,True,True,24,40495,0.6201552999349446,0.3229141637085314,4.348732629346155,0.33489688225341785,4.510105665839698,100198623,1240132608,138148624,"{""values"": {""shape"": [11510721], ""dtype"": ""<i8"", ""nbytes"": 92085768}, ""indices"": {""shape"": [11510721], ""dtype"": ""<i4"", ""nbytes"": 46042884}, ""indptr"": {""shape"": [4993], ""dtype"": ""<i4"", ""nbytes"": 19972}}",1,16.264999999999418,5.468999999999141,514162688,0.06476457266283989,0.005232763785209654,0.04697347546509041
NCBI688,Visium,Mus musculus,Skin,success,32,E:\Hestdata\st\NCBI688.h5ad,7f71471b00727442c00fbd79c589ce79b846bc2ce21d3e62403e4bb48c3b0542,D:\HEST1000BenchRun\COUNT-HEST-SHARED-K32-001\main\NCBI688\VALUE_K32\attempt01\RESULT.json,,4992,31053,155016576,11438850,6401048,6348739,6119270,D:\HEST1000BenchRun\COUNT-HEST-SHARED-K32-001\main\NCBI688\VALUE_K32\attempt01\archive.cnt,7382225366de4edb2df95398638ab05ea10fe1dac7152b1a06d980badaea1fe4,True,True,23,52309,0.8171943094318306,0.31579951811088897,4.2796399987761005,0.3276418129632795,4.440123963510318,99625183,1240132608,137286172,"{""values"": {""shape"": [11438850], ""dtype"": ""<i8"", ""nbytes"": 91510800}, ""indices"": {""shape"": [11438850], ""dtype"": ""<i4"", ""nbytes"": 45755400}, ""indptr"": {""shape"": [4993], ""dtype"": ""<i4"", ""nbytes"": 19972}}",1,15.54700000000048,5.57799999999952,430153728,0.06372624680649269,0.005119403327551242,0.04624456278087497
NCBI689,Visium,Mus musculus,Skin,success,32,E:\Hestdata\st\NCBI689.h5ad,4e3f7a8ccb5bb04b8ce75ce46fa61aeec9d2367de9979fc334a7f785cb2eb95d,D:\HEST1000BenchRun\COUNT-HEST-SHARED-K32-001\main\NCBI689\VALUE_K32\attempt01\RESULT.json,,4992,31053,155016576,10855913,6208056,6172069,5942646,D:\HEST1000BenchRun\COUNT-HEST-SHARED-K32-001\main\NCBI689\VALUE_K32\attempt01\archive.cnt,3b4a3f67fcc50d14d30918ba4e080342af6cd80756a094cc76b4273d626f0c8b,True,True,23,35987,0.57968227090735,0.3066844154782518,4.379287859068141,0.3185243363909676,4.548355536747577,94963935,1240132608,130290928,"{""values"": {""shape"": [10855913], ""dtype"": ""<i8"", ""nbytes"": 86847304}, ""indices"": {""shape"": [10855913], ""dtype"": ""<i4"", ""nbytes"": 43423652}, ""indptr"": {""shape"": [4993], ""dtype"": ""<i4"", ""nbytes"": 19972}}",1,14.890999999999622,5.20299999999952,555720704,0.0649938210753377,0.004976942756108869,0.04737144093409174
NCBI69,Spatial Transcriptomics,Mus musculus,Spinal cord,success,32,E:\Hestdata\st\NCBI69.h5ad,883ad331cafd9b4929dbcf4373e6fd99c04f54cfe7403d2eafeed3b5aed57e83,D:\HEST1000BenchRun\COUNT-HEST-SHARED-K32-001\main\NCBI69\VALUE_K32\attempt01\RESULT.json,,283,15675,4436025,405004,316317,318579,235714,D:\HEST1000BenchRun\COUNT-HEST-SHARED-K32-001\main\NCBI69\VALUE_K32\attempt01\archive.cnt,00f9ed4cd26cd494f3e8ff6c499aff3b66c154a5574bb3d93fb3253d59d0eda4,True,True,20,-2262,-0.7151054164019006,0.4250904807795267,4.656033026834303,0.5745305763605931,6.292856366850698,39790131,35488200,4861184,"{""values"": {""shape"": [405004], ""dtype"": ""<i8"", ""nbytes"": 3240032}, ""indices"": {""shape"": [405004], ""dtype"": ""<i4"", ""nbytes"": 1620016}, ""indptr"": {""shape"": [284], ""dtype"": ""<i4"", ""nbytes"": 1136}}",1,2.29700000000048,0.8439999999991414,175603712,0.00800648281353987,0.008977040255634268,0.06553526877402707
NCBI691,Visium,Homo sapiens,Uterus,success,32,E:\Hestdata\st\NCBI691.h5ad,89731948737c559fdf50f49fc08d2be97bf02898b8c36dae86be32e819cdf98a,D:\HEST1000BenchRun\COUNT-HEST-SHARED-K32-001\main\NCBI691\VALUE_K32\attempt01\RESULT.json,,1388,36601,50802188,3381884,2130235,2126015,1932408,D:\HEST1000BenchRun\COUNT-HEST-SHARED-K32-001\main\NCBI691\VALUE_K32\attempt01\archive.cnt,da2501a3b54c0b45fa617c7cb23ccca58d306383ba097b27ba4255bc3b1a88c2,True,True,23,4220,0.19810020960128813,0.3043031138737568,4.5711987755937225,0.33479109206871166,5.029184915863466,34936854,406417504,40588164,"{""values"": {""shape"": [3381884], ""dtype"": ""<i8"", ""nbytes"": 27055072}, ""indices"": {""shape"": [3381884], ""dtype"": ""<i4"", ""nbytes"": 13527536}, ""indptr"": {""shape"": [1389], ""dtype"": ""<i4"", ""nbytes"": 5556}}",1,5.813000000000102,2.1409999999996217,229613568,0.0608530750937105,0.00523111081357362,0.052380171717055245
NCBI692,Visium,Homo sapiens,Kidney,success,32,E:\Hestdata\st\NCBI692.h5ad,219f179468a8f584ea08f1499fa9ddb6e125849098a111e1de2e441e729dcf63,D:\HEST1000BenchRun\COUNT-HEST-SHARED-K32-001\main\NCBI692\VALUE_K32\attempt01\RESULT.json,,370,36601,13542370,1580215,988490,988760,818060,D:\HEST1000BenchRun\COUNT-HEST-SHARED-K32-001\main\NCBI692\VALUE_K32\attempt01\archive.cnt,a156e298fbe4a434b70354e5a1c83561a56e68f6b56716caa93cfebfed39ec02,True,True,25,-270,-0.027314388612934882,0.4832595771641153,4.141512389136921,0.5840986474302504,5.005698591647339,20208835,108338960,18964064,"{""values"": {""shape"": [1580215], ""dtype"": ""<i8"", ""nbytes"": 12641720}, ""indices"": {""shape"": [1580215], ""dtype"": ""<i4"", ""nbytes"": 6320860}, ""indptr"": {""shape"": [371], ""dtype"": ""<i4"", ""nbytes"": 1484}}",1,3.436999999999898,1.4380000000001019,203939840,0.04892711529388013,0.009126541366097663,0.052138613326763714
NCBI693,Visium,Homo sapiens,Kidney,success,32,E:\Hestdata\st\NCBI693.h5ad,dbc59756a3e9eaf0345f681870a4329a5f6d49bc0de47b89f2c541f1b17b71ad,D:\HEST1000BenchRun\COUNT-HEST-SHARED-K32-001\main\NCBI693\VALUE_K32\attempt01\RESULT.json,,507,36601,18556707,2129938,1260599,1257579,1083741,D:\HEST1000BenchRun\COUNT-HEST-SHARED-K32-001\main\NCBI693\VALUE_K32\attempt01\archive.cnt,abee8b6878196292b2bbfd5fc63a29861d67bf99bcd39461cf605f336d838900,True,True,26,3020,0.2395686495070994,0.4672126363799353,4.070507216641987,0.5421561056064527,4.723438898221451,24622475,148453656,25561288,"{""values"": {""shape"": [2129938], ""dtype"": ""<i8"", ""nbytes"": 17039504}, ""indices"": {""shape"": [2129938], ""dtype"": ""<i4"", ""nbytes"": 8519752}, ""indptr"": {""shape"": [508], ""dtype"": ""<i4"", ""nbytes"": 2032}}",1,4.093000000000757,1.5939999999991414,211382272,0.051074435043593304,0.008471189150100823,0.0491985771609005
NCBI695,Visium,Homo sapiens,Kidney,success,32,E:\Hestdata\st\NCBI695.h5ad,84a84bd47e3de0ffff14c72bf9dedbb02ff23fcdac1c29e3aeb45db50d56edc1,D:\HEST1000BenchRun\COUNT-HEST-SHARED-K32-001\main\NCBI695\VALUE_K32\attempt01\RESULT.json,,673,36601,24632473,2749315,1556319,1550490,1371781,D:\HEST1000BenchRun\COUNT-HEST-SHARED-K32-001\main\NCBI695\VALUE_K32\attempt01\archive.cnt,8d8bd3a2aab4c12ea10e28fbd9366d32c54624bcf1f83e202ff7063a5fe51eae,True,True,25,5829,0.37453761086255455,0.44551953837521713,3.99162991508794,0.5035596710082662,4.511640172188345,29601947,197059784,32994476,"{""values"": {""shape"": [2749315], ""dtype"": ""<i8"", ""nbytes"": 21994520}, ""indices"": {""shape"": [2749315], ""dtype"": ""<i4"", ""nbytes"": 10997260}, ""indptr"": {""shape"": [674], ""dtype"": ""<i4"", ""nbytes"": 2696}}",1,4.735000000000582,1.9060000000008586,229294080,0.05237797365153042,0.007868119859504159,0.04699241169946145
NCBI696,Visium,Homo sapiens,Kidney,success,32,E:\Hestdata\st\NCBI696.h5ad,ee0f3c7dd12b7b7c24f69b96dce8bfef910ac39c17532e15cc41385ceb050c75,D:\HEST1000BenchRun\COUNT-HEST-SHARED-K32-001\main\NCBI696\VALUE_K32\attempt01\RESULT.json,,645,36601,23607645,2427843,1382878,1375133,1198416,D:\HEST1000BenchRun\COUNT-HEST-SHARED-K32-001\main\NCBI696\VALUE_K32\attempt01\archive.cnt,cbb948884c885a236ed4a6d660ea70293d10cd32e298f076568c7efbe5a0902e,True,True,24,7745,0.5600638668053147,0.4061111559412216,3.9489077341492016,0.465995824657648,4.531208978504788,27025739,188861160,29136700,"{""values"": {""shape"": [2427843], ""dtype"": ""<i8"", ""nbytes"": 19422744}, ""indices"": {""shape"": [2427843], ""dtype"": ""<i4"", ""nbytes"": 9711372}, ""indptr"": {""shape"": [646], ""dtype"": ""<i4"", ""nbytes"": 2584}}",1,4.57799999999952,1.75,227373056,0.050882345899958555,0.00728118476027575,0.04719590756674572
NCBI697,Visium,Homo sapiens,Kidney,success,32,E:\Hestdata\st\NCBI697.h5ad,13f9742accc9a0da7eeb86309a78d0cc0fc65046354cb3e84142ac950e8924ef,D:\HEST1000BenchRun\COUNT-HEST-SHARED-K32-001\main\NCBI697\VALUE_K32\attempt01\RESULT.json,,317,36601,11602517,1061344,728513,731517,565117,D:\HEST1000BenchRun\COUNT-HEST-SHARED-K32-001\main\NCBI697\VALUE_K32\attempt01\archive.cnt,a1ce74eab2cd5262c4b396f799c436a55b84b177b8834e65bb5022d624eb9658,True,True,25,-3004,-0.41234679408603553,0.3896513144518556,4.259633069014382,0.5043850399012559,5.513891820182712,16042371,92820136,12737400,"{""values"": {""shape"": [1061344], ""dtype"": ""<i8"", ""nbytes"": 8490752}, ""indices"": {""shape"": [1061344], ""dtype"": ""<i4"", ""nbytes"": 4245376}, ""indptr"": {""shape"": [318], ""dtype"": ""<i4"", ""nbytes"": 1272}}",1,2.875,1.4369999999998981,197316608,0.04559905764553132,0.007881016248457124,0.05743063733572001
NCBI698,Visium,Homo sapiens,Kidney,success,32,E:\Hestdata\st\NCBI698.h5ad,5894a5696220e0b21eb48e39a20f2f65b4a7bb7887e290b45edf689f7f2b5d7c,D:\HEST1000BenchRun\COUNT-HEST-SHARED-K32-001\main\NCBI698\VALUE_K32\attempt01\RESULT.json,,407,36601,14896607,1502890,969451,971557,801084,D:\HEST1000BenchRun\COUNT-HEST-SHARED-K32-001\main\NCBI698\VALUE_K32\attempt01\archive.cnt,71a43e8c38d500683ecb31baa3d1594d38088dc329210f90e129f3eb4268648e,True,True,26,-2106,-0.21723635335875666,0.4302101814191648,4.264232245872951,0.521760156524234,5.171673242885374,19592075,119172856,18036312,"{""values"": {""shape"": [1502890], ""dtype"": ""<i8"", ""nbytes"": 12023120}, ""indices"": {""shape"": [1502890], ""dtype"": ""<i4"", ""nbytes"": 6011560}, ""indptr"": {""shape"": [408], ""dtype"": ""<i4"", ""nbytes"": 1632}}",1,3.45299999999952,1.264999999999418,203055104,0.04958928546363772,0.008152502445691157,0.05386672175553406
NCBI699,Visium,Homo sapiens,Kidney,success,32,E:\Hestdata\st\NCBI699.h5ad,63cfa6dcd4f114f48fae7d6f3c2778e5c287def6bb390dd489274300fc44a807,D:\HEST1000BenchRun\COUNT-HEST-SHARED-K32-001\main\NCBI699\VALUE_K32\attempt01\RESULT.json,,787,36601,28804987,2206212,1391655,1388634,1208865,D:\HEST1000BenchRun\COUNT-HEST-SHARED-K32-001\main\NCBI699\VALUE_K32\attempt01\archive.cnt,e7a9131a4b84b1c704b0e8784ec4e10ed30d0d98efc0847064cbd43f0be291ce,True,True,25,3021,0.217079664140897,0.3357376970869662,4.383495330457817,0.3856648850423019,5.035360155778321,25290483,230439896,26477696,"{""values"": {""shape"": [2206212], ""dtype"": ""<i8"", ""nbytes"": 17649696}, ""indices"": {""shape"": [2206212], ""dtype"": ""<i4"", ""nbytes"": 8824848}, ""indptr"": {""shape"": [788], ""dtype"": ""<i4"", ""nbytes"": 3152}}",1,4.561999999999898,1.6090000000003783,212348928,0.054907373655141346,0.006026013828785967,0.05244542425443664
NCBI7,Spatial Transcriptomics,Mus musculus,Spinal cord,success,32,E:\Hestdata\st\NCBI7.h5ad,ae32efd53bf083c07a3971d5412742a1f058b75beb30c5f7dc82f853391a1eae,D:\HEST1000BenchRun\COUNT-HEST-SHARED-K32-001\main\NCBI7\VALUE_K32\attempt01\RESULT.json,,258,16449,4243842,858613,517431,517920,428525,D:\HEST1000BenchRun\COUNT-HEST-SHARED-K32-001\main\NCBI7\VALUE_K32\attempt01\archive.cnt,e0cf00f77a6ca715aa0f8279dc530375ea4b3808c46f71b1292c1408223ef983,True,True,23,-489,-0.09450535433710001,0.8078057571417597,3.992718489004942,0.9763228697015581,4.825643217607933,38316361,33950736,10304392,"{""values"": {""shape"": [858613], ""dtype"": ""<i8"", ""nbytes"": 6868904}, ""indices"": {""shape"": [858613], ""dtype"": ""<i4"", ""nbytes"": 3434452}, ""indptr"": {""shape"": [259], ""dtype"": ""<i4"", ""nbytes"": 1036}}",1,2.7189999999991414,1.110000000000582,181923840,0.013516941235625168,0.015255044839086846,0.05026206301157798
NCBI700,Visium,Homo sapiens,Kidney,success,32,E:\Hestdata\st\NCBI700.h5ad,28501243b97eb94514128ab04cc4361c0e2c4691cc5309134437b8ac7a5d4dc5,D:\HEST1000BenchRun\COUNT-HEST-SHARED-K32-001\main\NCBI700\VALUE_K32\attempt01\RESULT.json,,601,36601,21997201,1966992,1216867,1214918,1039859,D:\HEST1000BenchRun\COUNT-HEST-SHARED-K32-001\main\NCBI700\VALUE_K32\attempt01\archive.cnt,3415f154df0454a7116156884e6ba553b22cf20ed0c02dfa2c74cb08b296a013,True,True,23,1949,0.16016540838070226,0.37817866009407286,4.229235299380984,0.4418445783170322,4.941221926677892,23333179,175977608,23606312,"{""values"": {""shape"": [1966992], ""dtype"": ""<i8"", ""nbytes"": 15735936}, ""indices"": {""shape"": [1966992], ""dtype"": ""<i4"", ""nbytes"": 7867968}, ""indptr"": {""shape"": [602], ""dtype"": ""<i4"", ""nbytes"": 2408}}",1,3.936999999999898,1.5940000000009604,210567168,0.05206825868005384,0.0069038215362036285,0.05146581134740573
NCBI701,Visium,Homo sapiens,Kidney,success,32,E:\Hestdata\st\NCBI701.h5ad,ca0b19795a4fd82c1b9d49cabe5a5ac88ecd9c6470e0bbd87c34451a44fd1e65,D:\HEST1000BenchRun\COUNT-HEST-SHARED-K32-001\main\NCBI701\VALUE_K32\attempt01\RESULT.json,,904,36601,33087304,1866306,1239527,1238406,1060340,D:\HEST1000BenchRun\COUNT-HEST-SHARED-K32-001\main\NCBI701\VALUE_K32\attempt01\archive.cnt,4ceff74fe7a1b08da6d8c2642cef39c1b69d8a3433d271b0bf096ad0548d8b25,True,True,24,1121,0.0904377234219182,0.2563738647307136,4.545192481833097,0.2994274782859311,5.308479959877962,22584119,264698432,22399292,"{""values"": {""shape"": [1866306], ""dtype"": ""<i8"", ""nbytes"": 14930448}, ""indices"": {""shape"": [1866306], ""dtype"": ""<i4"", ""nbytes"": 7465224}, ""indptr"": {""shape"": [905], ""dtype"": ""<i4"", ""nbytes"": 3620}}",1,4.110000000000582,1.5779999999995198,209338368,0.05483525835123345,0.004678554348217673,0.0552877296300258
NCBI702,Visium,Homo sapiens,Kidney,success,32,E:\Hestdata\st\NCBI702.h5ad,9ffeb6787307ad790f3c4635782b3406ce381c319cfdfeda2f2424d1612ea15f,D:\HEST1000BenchRun\COUNT-HEST-SHARED-K32-001\main\NCBI702\VALUE_K32\attempt01\RESULT.json,,461,36601,16873061,1560263,967596,966911,796445,D:\HEST1000BenchRun\COUNT-HEST-SHARED-K32-001\main\NCBI702\VALUE_K32\attempt01\archive.cnt,bc5d1b2148f1618ceeee143780a25412a4a652bc4fb3695c52a6c8ed6aad85c5,True,True,24,685,0.07079400906990108,0.37761731555406575,4.083644872691335,0.458440113504005,4.957682134358118,20057739,134984488,18725004,"{""values"": {""shape"": [1560263], ""dtype"": ""<i8"", ""nbytes"": 12482104}, ""indices"": {""shape"": [1560263], ""dtype"": ""<i4"", ""nbytes"": 6241052}, ""indptr"": {""shape"": [462], ""dtype"": ""<i4"", ""nbytes"": 1848}}",1,3.625,1.4220000000004802,203132928,0.04820638058955698,0.007163126773500078,0.05163742555141777
NCBI703,Visium,Homo sapiens,Kidney,success,32,E:\Hestdata\st\NCBI703.h5ad,df12de02c039b2d530fda155b5687cee1c6c0fdb954fd722b53a05c33dee0518,D:\HEST1000BenchRun\COUNT-HEST-SHARED-K32-001\main\NCBI703\VALUE_K32\attempt01\RESULT.json,,453,36601,16580253,1227629,848167,851131,681446,D:\HEST1000BenchRun\COUNT-HEST-SHARED-K32-001\main\NCBI703\VALUE_K32\attempt01\archive.cnt,27889d8cc15b329effe70e304aadaf811df1f644a559ddf4acddce0db94e86f1,True,True,23,-2964,-0.34945948144646044,0.32879884281621036,4.440729243118239,0.41067214113077766,5.546503055890664,17389955,132642024,14733364,"{""values"": {""shape"": [1227629], ""dtype"": ""<i8"", ""nbytes"": 9821032}, ""indices"": {""shape"": [1227629], ""dtype"": ""<i4"", ""nbytes"": 4910516}, ""indptr"": {""shape"": [454], ""dtype"": ""<i4"", ""nbytes"": 1816}}",1,3.188000000000102,1.264999999999418,204484608,0.048943829929404645,0.006416752205168401,0.05776895215512221
NCBI704,Visium,Homo sapiens,Kidney,success,32,E:\Hestdata\st\NCBI704.h5ad,958e56ff6fa3f2a945f30faaf0e5110ca08bc76df26045d5f1c3e2e0111dd11f,D:\HEST1000BenchRun\COUNT-HEST-SHARED-K32-001\main\NCBI704\VALUE_K32\attempt01\RESULT.json,,534,36601,19544934,1514170,995438,996380,823689,D:\HEST1000BenchRun\COUNT-HEST-SHARED-K32-001\main\NCBI704\VALUE_K32\attempt01\archive.cnt,40e36cab37e76e4afa67ec096ae7eaecb7dbee816a96d51b541eee6d048bfae0,True,True,24,-942,-0.09463170986038306,0.3371468023376288,4.351897078927729,0.4078315127592654,5.264296611344829,19700887,156359472,18172180,"{""values"": {""shape"": [1514170], ""dtype"": ""<i8"", ""nbytes"": 12113360}, ""indices"": {""shape"": [1514170], ""dtype"": ""<i4"", ""nbytes"": 6056680}, ""indptr"": {""shape"": [535], ""dtype"": ""<i4"", ""nbytes"": 2140}}",1,3.625,1.4210000000002765,203919360,0.05057538779852907,0.0063723673868635216,0.0548299653646398
NCBI705,Visium,Homo sapiens,Kidney,success,32,E:\Hestdata\st\NCBI705.h5ad,02aca0af077ac74cd820862faee7111fd0fa81402a72e371307b80c1dca5dad0,D:\HEST1000BenchRun\COUNT-HEST-SHARED-K32-001\main\NCBI705\VALUE_K32\attempt01\RESULT.json,,560,36601,20496560,1240282,899487,902230,729848,D:\HEST1000BenchRun\COUNT-HEST-SHARED-K32-001\main\NCBI705\VALUE_K32\attempt01\archive.cnt,2efe93d4f6274bf89d3422bb4f2db9dd53840f73bb309ca6229f73804e86d7b8,True,True,24,-2743,-0.304951600189886,0.28486653370126497,4.707626168887399,0.35214884839212046,5.819515239276229,17507783,163972480,14885628,"{""values"": {""shape"": [1240282], ""dtype"": ""<i8"", ""nbytes"": 9922256}, ""indices"": {""shape"": [1240282], ""dtype"": ""<i4"", ""nbytes"": 4961128}, ""indptr"": {""shape"": [561], ""dtype"": ""<i4"", ""nbytes"": 2244}}",1,3.311999999999898,1.4380000000001019,199376896,0.05153308103030521,0.005502325756126882,0.06061081198589673
NCBI706,Visium,Homo sapiens,Kidney,success,32,E:\Hestdata\st\NCBI706.h5ad,2da99410f76974b81c549f82ba98881b1b73bc52e7466d57af8083d45e8cc822,D:\HEST1000BenchRun\COUNT-HEST-SHARED-K32-001\main\NCBI706\VALUE_K32\attempt01\RESULT.json,,673,36601,24632473,1937084,1242838,1242297,1065096,D:\HEST1000BenchRun\COUNT-HEST-SHARED-K32-001\main\NCBI706\VALUE_K32\attempt01\archive.cnt,24208d0daf1127d1fab3d28fff2028c6f619f66f0bed0275eaf48a8efddd60c7,True,True,23,541,0.04352940608510522,0.3459160596664411,4.39876019831871,0.40346643229853535,5.130585973556129,23106643,197059784,23247704,"{""values"": {""shape"": [1937084], ""dtype"": ""<i8"", ""nbytes"": 15496672}, ""indices"": {""shape"": [1937084], ""dtype"": ""<i4"", ""nbytes"": 7748336}, ""indptr"": {""shape"": [674], ""dtype"": ""<i4"", ""nbytes"": 2696}}",1,4.140999999999622,1.7340000000003783,209846272,0.053763629792523304,0.006304163004664615,0.05343740611976133
NCBI707,Visium,Homo sapiens,Kidney,success,32,E:\Hestdata\st\NCBI707.h5ad,bb216bfa965add5118302c8dd69ecfc23c13f83feaeab083803f56108fd802c4,D:\HEST1000BenchRun\COUNT-HEST-SHARED-K32-001\main\NCBI707\VALUE_K32\attempt01\RESULT.json,,673,36601,24632473,1088956,830476,834831,662587,D:\HEST1000BenchRun\COUNT-HEST-SHARED-K32-001\main\NCBI707\VALUE_K32\attempt01\archive.cnt,1f40a36a3c932e822af259d2bc5e19161bc152e0e7e0f3050baabf727b50f370,True,True,22,-4355,-0.5243980560546,0.21519138577762778,4.867686114039502,0.27113185103257803,6.133074247260679,16310235,197059784,13070168,"{""values"": {""shape"": [1088956], ""dtype"": ""<i8"", ""nbytes"": 8711648}, ""indices"": {""shape"": [1088956], ""dtype"": ""<i4"", ""nbytes"": 4355824}, ""indptr"": {""shape"": [674], ""dtype"": ""<i4"", ""nbytes"": 2696}}",1,3.3280000000013388,1.2659999999996217,199602176,0.05118448630568474,0.004236435172384032,0.063873012190815
NCBI708,Visium,Homo sapiens,Kidney,success,32,E:\Hestdata\st\NCBI708.h5ad,55da40a52a10cf0b32357194bbb3e2ba31440cd7a992db6bf997dc1acfc97eff,D:\HEST1000BenchRun\COUNT-HEST-SHARED-K32-001\main\NCBI708\VALUE_K32\attempt01\RESULT.json,,1322,36601,48386522,2489798,1642411,1642244,1454149,D:\HEST1000BenchRun\COUNT-HEST-SHARED-K32-001\main\NCBI708\VALUE_K32\attempt01\archive.cnt,9cf4bb1ecb167f5671e7a7ca642b53990191d5e471ba0ea8a22ba866ddb1fbe0,True,True,21,167,0.010167978660639754,0.2404221572279983,4.672343700171661,0.2715208999729305,5.276714014550578,27648903,387092176,29882868,"{""values"": {""shape"": [2489798], ""dtype"": ""<i8"", ""nbytes"": 19918384}, ""indices"": {""shape"": [2489798], ""dtype"": ""<i4"", ""nbytes"": 9959192}, ""indptr"": {""shape"": [1323], ""dtype"": ""<i4"", ""nbytes"": 5292}}",1,5.20299999999952,1.9529999999995198,227545088,0.059396352904127876,0.004242514062077039,0.05495603701759818
NCBI709,Visium,Homo sapiens,Kidney,success,32,E:\Hestdata\st\NCBI709.h5ad,6a2cecdb3f62a8e9b053ef1b32ab740590a0d48998718ab0d09b3d0221401a76,D:\HEST1000BenchRun\COUNT-HEST-SHARED-K32-001\main\NCBI709\VALUE_K32\attempt01\RESULT.json,,1034,36601,37845434,2491846,1526407,1521080,1337957,D:\HEST1000BenchRun\COUNT-HEST-SHARED-K32-001\main\NCBI709\VALUE_K32\attempt01\archive.cnt,faaab77e8fd193b002d979c9e73c911964a4402181c4a7b5bfb973356a0704d6,True,True,23,5327,0.34898948969704674,0.2828255582958832,4.295472513148886,0.32153522139553214,4.883383644093575,27611583,302763472,29906292,"{""values"": {""shape"": [2491846], ""dtype"": ""<i8"", ""nbytes"": 19934768}, ""indices"": {""shape"": [2491846], ""dtype"": ""<i4"", ""nbytes"": 9967384}, ""indptr"": {""shape"": [1035], ""dtype"": ""<i4"", ""nbytes"": 4140}}",1,4.92200000000048,1.9840000000003783,225411072,0.05508847500702875,0.00502398783430519,0.050861537766032645
NCBI710,Visium,Homo sapiens,Kidney,success,32,E:\Hestdata\st\NCBI710.h5ad,109d920f89f4d1757e7a0e803162e52c4e4d8e1fe39ec32b6ebb280d2538500a,D:\HEST1000BenchRun\COUNT-HEST-SHARED-K32-001\main\NCBI710\VALUE_K32\attempt01\RESULT.json,,956,36601,34990556,2221925,1360356,1354767,1175500,D:\HEST1000BenchRun\COUNT-HEST-SHARED-K32-001\main\NCBI710\VALUE_K32\attempt01\archive.cnt,14c68abe24b516f1c8cc09a1ed5a09bf4490547240bfbada57996d624b76b527,True,True,21,5589,0.41084833675890725,0.268758232935767,4.232366078963062,0.3097446065161125,4.877813607570013,25442071,279924448,26666928,"{""values"": {""shape"": [2221925], ""dtype"": ""<i8"", ""nbytes"": 17775400}, ""indices"": {""shape"": [2221925], ""dtype"": ""<i4"", ""nbytes"": 8887700}, ""indptr"": {""shape"": [957], ""dtype"": ""<i4"", ""nbytes"": 3828}}",1,4.54700000000048,1.735000000000582,214265856,0.05324908495067088,0.004839759476814258,0.05080326462800665
NCBI711,Visium,Homo sapiens,Kidney,success,32,E:\Hestdata\st\NCBI711.h5ad,cab3b7ce24a77efd477fdd41fce232d8a22b752dc16b2cf788eec955e96df6c4,D:\HEST1000BenchRun\COUNT-HEST-SHARED-K32-001\main\NCBI711\VALUE_K32\attempt01\RESULT.json,,2627,36601,96150827,5857938,3440749,3419144,3203745,D:\HEST1000BenchRun\COUNT-HEST-SHARED-K32-001\main\NCBI711\VALUE_K32\attempt01\archive.cnt,9a15c3e421af6a5b40c10b6211175b6bbf1fd5fcf3a6c3bced79cf3ae992ca11,True,True,23,21605,0.6279156079097894,0.2665599537693004,4.3752528620139035,0.2844817132982122,4.669416439709672,54845107,769206616,70305768,"{""values"": {""shape"": [5857938], ""dtype"": ""<i8"", ""nbytes"": 46863504}, ""indices"": {""shape"": [5857938], ""dtype"": ""<i4"", ""nbytes"": 23431752}, ""indptr"": {""shape"": [2628], ""dtype"": ""<i4"", ""nbytes"": 10512}}",1,9.186999999999898,3.625,357109760,0.06234182385677541,0.004445026770284566,0.048632482046138806
NCBI712,Visium,Homo sapiens,Kidney,success,32,E:\Hestdata\st\NCBI712.h5ad,b22d70f334c5143aa451de8bca65ef0f45ce82cb444963a627716416deabe796,D:\HEST1000BenchRun\COUNT-HEST-SHARED-K32-001\main\NCBI712\VALUE_K32\attempt01\RESULT.json,,4166,36601,152479766,8246474,5018271,4988169,4740592,D:\HEST1000BenchRun\COUNT-HEST-SHARED-K32-001\main\NCBI712\VALUE_K32\attempt01\archive.cnt,d2f2604c9c301bda570541871374be7eb5d6f627b92a5a951281031ff7f73316,True,True,23,30102,0.5998480353093725,0.24871979407418557,4.598903240342478,0.261709163430904,4.839080557338809,74238043,1219838128,98974356,"{""values"": {""shape"": [8246474], ""dtype"": ""<i8"", ""nbytes"": 65971792}, ""indices"": {""shape"": [8246474], ""dtype"": ""<i4"", ""nbytes"": 32985896}, ""indptr"": {""shape"": [4167], ""dtype"": ""<i4"", ""nbytes"": 16668}}",1,12.578000000001339,4.436999999999898,467025920,0.06719154760046679,0.004089205678607875,0.050398600219232544
NCBI713,Visium,Homo sapiens,Kidney,success,32,E:\Hestdata\st\NCBI713.h5ad,8b15bdda499a9496d76dab9d2010329b40b24c24a322f03a4a00e48080326ee6,D:\HEST1000BenchRun\COUNT-HEST-SHARED-K32-001\main\NCBI713\VALUE_K32\attempt01\RESULT.json,,3627,36601,132751827,6354051,4011541,3996697,3761510,D:\HEST1000BenchRun\COUNT-HEST-SHARED-K32-001\main\NCBI713\VALUE_K32\attempt01\archive.cnt,faeef21a90a4ed5f08a67cc59ca539390050e145cb83cb6892354f3e1f1da3b1,True,True,22,14844,0.37003236412141866,0.226679215495844,4.735888962804989,0.24085224830841687,5.031998641496582,59003283,1062014616,76263124,"{""values"": {""shape"": [6354051], ""dtype"": ""<i8"", ""nbytes"": 50832408}, ""indices"": {""shape"": [6354051], ""dtype"": ""<i4"", ""nbytes"": 25416204}, ""indptr"": {""shape"": [3628], ""dtype"": ""<i4"", ""nbytes"": 14512}}",1,10.375,4.531000000000859,345210880,0.06773685796432717,0.0037633163798190135,0.05240667822629453
NCBI714,Visium,Homo sapiens,Kidney,success,32,E:\Hestdata\st\NCBI714.h5ad,84069922b54e71d818c805846e9ef73a458a8bcedde878e536d55d3f21743494,D:\HEST1000BenchRun\COUNT-HEST-SHARED-K32-001\main\NCBI714\VALUE_K32\attempt01\RESULT.json,,3007,33538,100848766,9261014,5269121,5233716,5017937,D:\HEST1000BenchRun\COUNT-HEST-SHARED-K32-001\main\NCBI714\VALUE_K32\attempt01\archive.cnt,e55402c672c138772b04fd79af73c6d8318f3cc59e84d56d6a1b056425b3cb45,True,True,27,35405,0.671933705830631,0.3980563926781216,4.3346760948639105,0.415173429092826,4.521073826257038,81764414,806790128,111144200,"{""values"": {""shape"": [9261014], ""dtype"": ""<i8"", ""nbytes"": 74088112}, ""indices"": {""shape"": [9261014], ""dtype"": ""<i4"", ""nbytes"": 37044056}, ""indptr"": {""shape"": [3008], ""dtype"": ""<i4"", ""nbytes"": 12032}}",1,12.640000000001237,4.609000000000378,434380800,0.06400970475982376,0.006487084829575406,0.04708942077049455
NCBI716,Visium,Mus musculus,Brain,success,32,E:\Hestdata\st\NCBI716.h5ad,559a5f6c5482d190c2bb387273b330ac3fbb1133c82579e3e2ae6486f652ffd7,D:\HEST1000BenchRun\COUNT-HEST-SHARED-K32-001\main\NCBI716\VALUE_K32\attempt01\RESULT.json,,2801,32285,90430285,17005482,8482806,8418828,8213841,D:\HEST1000BenchRun\COUNT-HEST-SHARED-K32-001\main\NCBI716\VALUE_K32\attempt01\archive.cnt,cf1ca06e76996348bd22bdd2e4e6213beec147a45a1fc961123f65a51c1e519c,True,True,29,63978,0.7542079825944387,0.7266451499074674,3.8640908855156235,0.7447795171717085,3.960524259177129,143801330,723442280,204076992,"{""values"": {""shape"": [17005482], ""dtype"": ""<i8"", ""nbytes"": 136043856}, ""indices"": {""shape"": [17005482], ""dtype"": ""<i4"", ""nbytes"": 68021928}, ""indptr"": {""shape"": [2802], ""dtype"": ""<i4"", ""nbytes"": 11208}}",1,20.421000000000276,7.718999999999141,698380288,0.05854485490502765,0.011637179955807946,0.04125319526465776
NCBI717,Visium,Mus musculus,Brain,success,32,E:\Hestdata\st\NCBI717.h5ad,ef228acbcf810c85b6ef237bd76169f247d17784ca152300fc67bd10099d4f12,D:\HEST1000BenchRun\COUNT-HEST-SHARED-K32-001\main\NCBI717\VALUE_K32\attempt01\RESULT.json,,2804,32285,90527140,16919894,8531727,8478994,8273664,D:\HEST1000BenchRun\COUNT-HEST-SHARED-K32-001\main\NCBI717\VALUE_K32\attempt01\archive.cnt,cd42764b4916a9be7f709fd3e63408dfcf91f4107b742f597e46c43b3fd0faa8,True,True,30,52733,0.6180811927057676,0.7311543477458804,3.9119223796555698,0.7492996243999314,4.009005730177742,143121814,724217120,203049948,"{""values"": {""shape"": [16919894], ""dtype"": ""<i8"", ""nbytes"": 135359152}, ""indices"": {""shape"": [16919894], ""dtype"": ""<i4"", ""nbytes"": 67679576}, ""indptr"": {""shape"": [2805], ""dtype"": ""<i4"", ""nbytes"": 11220}}",1,21.71899999999914,7.561999999999898,697761792,0.0592431982450977,0.011707806631248928,0.04175816878318038
NCBI718,Visium,Mus musculus,Brain,success,32,E:\Hestdata\st\NCBI718.h5ad,575c3a05acd85465e5209b438adf3cfb6d048c52f61a74ae065b54a0ae28a333,D:\HEST1000BenchRun\COUNT-HEST-SHARED-K32-001\main\NCBI718\VALUE_K32\attempt01\RESULT.json,,2973,32285,95983305,16659102,8434168,8379772,8171637,D:\HEST1000BenchRun\COUNT-HEST-SHARED-K32-001\main\NCBI718\VALUE_K32\attempt01\archive.cnt,48316190070a56712e383566996bd9dad20d051116911bd148294ee211df1cda,True,True,28,54396,0.6449480256973776,0.6810881954939977,3.924166860854805,0.6984357956834264,4.024117026235868,141059514,767866440,199921120,"{""values"": {""shape"": [16659102], ""dtype"": ""<i8"", ""nbytes"": 133272816}, ""indices"": {""shape"": [16659102], ""dtype"": ""<i4"", ""nbytes"": 66636408}, ""indptr"": {""shape"": [2974], ""dtype"": ""<i4"", ""nbytes"": 11896}}",1,20.34399999999914,7.578000000001339,666333184,0.05940593273276129,0.010913059307553537,0.041915391430380144
NCBI719,Visium,Mus musculus,Brain,success,32,E:\Hestdata\st\NCBI719.h5ad,a5e234c2fb17a22bc4621666498cd6e9c9009ba3c246774ad7a7fb2d3acaba42,D:\HEST1000BenchRun\COUNT-HEST-SHARED-K32-001\main\NCBI719\VALUE_K32\attempt01\RESULT.json,,2735,32285,88299475,16529854,8299527,8247014,8043951,D:\HEST1000BenchRun\COUNT-HEST-SHARED-K32-001\main\NCBI719\VALUE_K32\attempt01\archive.cnt,2d949dd3fa9cbf5c92a8fead640c46138c658351571b673350b071803e593be0,True,True,29,52513,0.6327228045646457,0.7287881156711294,3.893053622857165,0.7471857788508935,3.991330594934474,139991002,706395800,198369192,"{""values"": {""shape"": [16529854], ""dtype"": ""<i8"", ""nbytes"": 132238832}, ""indices"": {""shape"": [16529854], ""dtype"": ""<i4"", ""nbytes"": 66119416}, ""indptr"": {""shape"": [2736], ""dtype"": ""<i4"", ""nbytes"": 10944}}",1,19.85900000000038,7.406000000000859,602177536,0.058911029153145146,0.011674777794545212,0.041574066602035664
NCBI720,Visium,Mus musculus,Brain,success,32,E:\Hestdata\st\NCBI720.h5ad,36e30e843c92f9d8e1073d6953095146d064460af3f5b1049a0ce84e48c043ab,D:\HEST1000BenchRun\COUNT-HEST-SHARED-K32-001\main\NCBI720\VALUE_K32\attempt01\RESULT.json,,2573,32285,83069305,15776781,7961211,7909028,7708240,D:\HEST1000BenchRun\COUNT-HEST-SHARED-K32-001\main\NCBI720\VALUE_K32\attempt01\archive.cnt,219ef982484510ab2e84f56eaaaf84af698c04dcd51d6651f65cb469a6575667,True,True,29,52183,0.6554656069283932,0.7423430351319299,3.908650313394095,0.7616799490497723,4.0104647456284015,133914434,664554440,189331668,"{""values"": {""shape"": [15776781], ""dtype"": ""<i8"", ""nbytes"": 126214248}, ""indices"": {""shape"": [15776781], ""dtype"": ""<i4"", ""nbytes"": 63107124}, ""indptr"": {""shape"": [2574], ""dtype"": ""<i4"", ""nbytes"": 10296}}",1,18.67200000000048,7.25,643407872,0.05906031010816952,0.011901249203902693,0.041773402640703505
NCBI727,Visium,Mus musculus,Lung,success,32,E:\Hestdata\st\NCBI727.h5ad,1337ca9455ae2e5310869cd1a00604ecc90ba44e131f9246f5f23e2f2efc5ea3,D:\HEST1000BenchRun\COUNT-HEST-SHARED-K32-001\main\NCBI727\VALUE_K32\attempt01\RESULT.json,,1899,32285,61309215,9537515,5014679,4991762,4803912,D:\HEST1000BenchRun\COUNT-HEST-SHARED-K32-001\main\NCBI727\VALUE_K32\attempt01\archive.cnt,cfafab78a1f00671d4e6c0bc6c50715a7a4854242b3eb155fba1bbb96c189541,True,True,27,22917,0.4569983442609188,0.626843713461345,4.029487345498277,0.6513555262451166,4.18705459440955,83838637,490473720,114457780,"{""values"": {""shape"": [9537515], ""dtype"": ""<i8"", ""nbytes"": 76300120}, ""indices"": {""shape"": [9537515], ""dtype"": ""<i4"", ""nbytes"": 38150060}, ""indptr"": {""shape"": [1900], ""dtype"": ""<i4"", ""nbytes"": 7600}}",1,12.843999999999141,4.734000000000378,407670784,0.059540113945316164,0.010177430097579947,0.04361225597770636
NCBI728,Visium,Mus musculus,Bowel,success,32,E:\Hestdata\st\NCBI728.h5ad,d8cde2f1229bae268da1a5c03309bdf201fa4f1924c05ffba679f881a9513aa4,D:\HEST1000BenchRun\COUNT-HEST-SHARED-K32-001\main\NCBI728\VALUE_K32\attempt01\RESULT.json,,3630,31053,112722390,14554326,7627859,7565260,7349880,D:\HEST1000BenchRun\COUNT-HEST-SHARED-K32-001\main\NCBI728\VALUE_K32\attempt01\archive.cnt,34f872950bdbfd8546354c314df4f6305eb5d7ca471816832b1b036092cc15f0,True,True,26,62599,0.820662783619886,0.5216269811170611,4.039969971814566,0.5369126754675801,4.158356766228818,124111511,901779120,174666436,"{""values"": {""shape"": [14554326], ""dtype"": ""<i8"", ""nbytes"": 116434608}, ""indices"": {""shape"": [14554326], ""dtype"": ""<i4"", ""nbytes"": 58217304}, ""indptr"": {""shape"": [3631], ""dtype"": ""<i4"", ""nbytes"": 14524}}",1,18.5,7.109000000000378,637194240,0.0609553452298232,0.00838926055418094,0.04331261445100992
NCBI729,Visium,Mus musculus,Bowel,success,32,E:\Hestdata\st\NCBI729.h5ad,42d0ab57689eda1311302440338484ed0eeb4a829cc32ca3c09218ad1649c0c3,D:\HEST1000BenchRun\COUNT-HEST-SHARED-K32-001\main\NCBI729\VALUE_K32\attempt01\RESULT.json,,2604,31053,80862012,11471080,6063161,6018776,5823416,D:\HEST1000BenchRun\COUNT-HEST-SHARED-K32-001\main\NCBI729\VALUE_K32\attempt01\archive.cnt,630fce7f9f4b89efdbe6d9e484d407fc696624010d6ffaf02beabaa0c9207a36,True,True,26,44385,0.7320438959150186,0.576133673250673,4.061285249514431,0.5954614139455249,4.197530485359705,99177603,646896096,137663380,"{""values"": {""shape"": [11471080], ""dtype"": ""<i8"", ""nbytes"": 91768640}, ""indices"": {""shape"": [11471080], ""dtype"": ""<i4"", ""nbytes"": 45884320}, ""indptr"": {""shape"": [2605], ""dtype"": ""<i4"", ""nbytes"": 10420}}",1,14.343999999999141,5.531000000000859,445104128,0.0606868468075398,0.009304084592898826,0.0437209663165324
NCBI759,Spatial Transcriptomics,Homo sapiens,Skin,success,32,E:\Hestdata\st\NCBI759.h5ad,1e4c968352a70e1c5990f0384a901c21f79a7b005f6b88713fd36e02a3000c55,D:\HEST1000BenchRun\COUNT-HEST-SHARED-K32-001\main\NCBI759\VALUE_K32\attempt01\RESULT.json,,462,17047,7875714,548032,439074,442663,352958,D:\HEST1000BenchRun\COUNT-HEST-SHARED-K32-001\main\NCBI759\VALUE_K32\attempt01\archive.cnt,15d6fe3115a67e3bcd5fbbb033e4ff8367d9c8f0ce44d1798267146eac5e82b4,True,True,23,-3589,-0.8174020780096294,0.35852800139771457,5.152370664486745,0.4496486286830629,6.4618562419712715,67655813,63005712,6578236,"{""values"": {""shape"": [548032], ""dtype"": ""<i8"", ""nbytes"": 4384256}, ""indices"": {""shape"": [548032], ""dtype"": ""<i4"", ""nbytes"": 2192128}, ""indptr"": {""shape"": [463], ""dtype"": ""<i4"", ""nbytes"": 1852}}",1,2.5310000000008586,1.014999999999418,179208192,0.006542867203443405,0.0070257598231728575,0.06729205215501542
NCBI760,Spatial Transcriptomics,Homo sapiens,Skin,success,32,E:\Hestdata\st\NCBI760.h5ad,e752c020685310dd85b6c68c0f0ecf41c599c565c4a495eeb792fc4dece96612,D:\HEST1000BenchRun\COUNT-HEST-SHARED-K32-001\main\NCBI760\VALUE_K32\attempt01\RESULT.json,,621,16642,10334682,847848,619201,622260,530405,D:\HEST1000BenchRun\COUNT-HEST-SHARED-K32-001\main\NCBI760\VALUE_K32\attempt01\archive.cnt,c857752e7848166ccd16ad11fb0e005b1ef253100a468cbea4892da50bb541bc,True,True,23,-3059,-0.4940237499616441,0.41058254138830785,5.004717826780272,0.48168680952157017,5.871429784584029,87313271,82677456,10176664,"{""values"": {""shape"": [847848], ""dtype"": ""<i8"", ""nbytes"": 6782784}, ""indices"": {""shape"": [847848], ""dtype"": ""<i4"", ""nbytes"": 3391392}, ""indptr"": {""shape"": [622], ""dtype"": ""<i4"", ""nbytes"": 2488}}",1,3.0469999999986612,1.140000000001237,182718464,0.00712675167100314,0.007526356398774534,0.06114577429302962
NCBI761,Spatial Transcriptomics,Homo sapiens,Skin,success,32,E:\Hestdata\st\NCBI761.h5ad,319404c208c6d8f456266d806ffb5ff6d9fc04da964e4e060a714d906d8f445d,D:\HEST1000BenchRun\COUNT-HEST-SHARED-K32-001\main\NCBI761\VALUE_K32\attempt01\RESULT.json,,608,15383,9352864,477083,404751,408153,325068,D:\HEST1000BenchRun\COUNT-HEST-SHARED-K32-001\main\NCBI761\VALUE_K32\attempt01\archive.cnt,816ea43d113c4bd1513c4eb67c3405fcc24398a4c91182ae0f4d2c3194d6f807,True,True,22,-3402,-0.8405167621574746,0.2780478792378463,5.45092572990444,0.34911488074668895,6.844142423854969,79358519,74822912,5727432,"{""values"": {""shape"": [477083], ""dtype"": ""<i8"", ""nbytes"": 3816664}, ""indices"": {""shape"": [477083], ""dtype"": ""<i4"", ""nbytes"": 1908332}, ""indptr"": {""shape"": [609], ""dtype"": ""<i4"", ""nbytes"": 2436}}",1,2.54700000000048,1.5630000000001019,177881088,0.0051431529361075905,0.005454920011667015,0.0712628277385048
NCBI763,Spatial Transcriptomics,Homo sapiens,Skin,success,32,E:\Hestdata\st\NCBI763.h5ad,a44bbc49feba4703a6be7532e5e0b9d9751be0499a12d7d954c508da940625a5,D:\HEST1000BenchRun\COUNT-HEST-SHARED-K32-001\main\NCBI763\VALUE_K32\attempt01\RESULT.json,,1071,19314,20685294,960127,753053,755821,645828,D:\HEST1000BenchRun\COUNT-HEST-SHARED-K32-001\main\NCBI763\VALUE_K32\attempt01\archive.cnt,b0fd5042030c1b058a0c2a94837780ce003a762cb9e1731d46ce5c90c89e1fa4,True,True,21,-2768,-0.3675704100508198,0.2497728096105378,5.3811881136557975,0.2923124031981368,6.297675203384553,170459001,165482352,11525812,"{""values"": {""shape"": [960127], ""dtype"": ""<i8"", ""nbytes"": 7681016}, ""indices"": {""shape"": [960127], ""dtype"": ""<i4"", ""nbytes"": 3840508}, ""indptr"": {""shape"": [1072], ""dtype"": ""<i4"", ""nbytes"": 4288}}",1,3.140000000001237,1.0939999999991414,187641856,0.00443403396456606,0.004567381299970887,0.06557637761226714
NCBI764,Spatial Transcriptomics,Homo sapiens,Skin,success,32,E:\Hestdata\st\NCBI764.h5ad,83444324a2eb6eaf5cdfbd0d94442e59409afa24f85302eed7ecaa2eefbb8c72,D:\HEST1000BenchRun\COUNT-HEST-SHARED-K32-001\main\NCBI764\VALUE_K32\attempt01\RESULT.json,,1145,17823,20407335,1079548,827008,829367,724514,D:\HEST1000BenchRun\COUNT-HEST-SHARED-K32-001\main\NCBI764\VALUE_K32\attempt01\archive.cnt,80fee4e16a67e7920d30c548f693e52e96444cfb1a5df81fd6cc26ad4a1192a5,True,True,20,-2359,-0.28524512459371615,0.2840210149928935,5.369017403580017,0.32512505920052764,6.146031487252072,168116968,163258680,12959160,"{""values"": {""shape"": [1079548], ""dtype"": ""<i8"", ""nbytes"": 8636384}, ""indices"": {""shape"": [1079548], ""dtype"": ""<i4"", ""nbytes"": 4318192}, ""indptr"": {""shape"": [1146], ""dtype"": ""<i4"", ""nbytes"": 4584}}",1,3.29700000000048,1.1090000000003783,188014592,0.004933273600318559,0.0050800790500082444,0.06399851533587053
NCBI765,Spatial Transcriptomics,Homo sapiens,Skin,success,32,E:\Hestdata\st\NCBI765.h5ad,e59db2b435eb3a8249b24776101403bf49278501450d0e9f8ca2dee91391171c,D:\HEST1000BenchRun\COUNT-HEST-SHARED-K32-001\main\NCBI765\VALUE_K32\attempt01\RESULT.json,,521,17399,9064879,575380,442219,445093,354022,D:\HEST1000BenchRun\COUNT-HEST-SHARED-K32-001\main\NCBI765\VALUE_K32\attempt01\archive.cnt,138df4bae9904a57b2a245c78879d28fefa49ebe57f92943a6bf542d285074ba,True,True,21,-2874,-0.6499042329705418,0.31243395526845974,4.922270499495985,0.39280656697127453,6.188508463971636,77205136,72519032,6906648,"{""values"": {""shape"": [575380], ""dtype"": ""<i8"", ""nbytes"": 4603040}, ""indices"": {""shape"": [575380], ""dtype"": ""<i4"", ""nbytes"": 2301520}, ""indptr"": {""shape"": [522], ""dtype"": ""<i4"", ""nbytes"": 2088}}",1,2.625,1.0,179302400,0.005765069826442634,0.0061376026089261645,0.0644441413548222
NCBI766,Spatial Transcriptomics,Homo sapiens,Skin,success,32,E:\Hestdata\st\NCBI766.h5ad,06200466534dbb4ed99fb9ad5e51c2590f33098f19f912ac8b969613ede711d2,D:\HEST1000BenchRun\COUNT-HEST-SHARED-K32-001\main\NCBI766\VALUE_K32\attempt01\RESULT.json,,521,17689,9215969,856127,578303,580168,485955,D:\HEST1000BenchRun\COUNT-HEST-SHARED-K32-001\main\NCBI766\VALUE_K32\attempt01\archive.cnt,c8c7c60bc14a2724b048d4f5eee164bfaa2993d8e3eafe27294ba48b99d954bb,True,True,23,-1865,-0.3224953009062723,0.4218373564407606,4.540961796555885,0.5036197495890015,5.42132650880068,78465474,73727752,10275612,"{""values"": {""shape"": [856127], ""dtype"": ""<i8"", ""nbytes"": 6849016}, ""indices"": {""shape"": [856127], ""dtype"": ""<i4"", ""nbytes"": 3424508}, ""indptr"": {""shape"": [522], ""dtype"": ""<i4"", ""nbytes"": 2088}}",1,2.7810000000008586,1.1719999999986612,183386112,0.007393927168527651,0.007869058587328148,0.056460676016182786
NCBI767,Spatial Transcriptomics,Homo sapiens,Skin,success,32,E:\Hestdata\st\NCBI767.h5ad,ee4643cf2a2a66880a806f8dccde3e9da6f0c13306297900196f385b8c0d954a,D:\HEST1000BenchRun\COUNT-HEST-SHARED-K32-001\main\NCBI767\VALUE_K32\attempt01\RESULT.json,,590,16959,10005810,740588,526971,529226,438101,D:\HEST1000BenchRun\COUNT-HEST-SHARED-K32-001\main\NCBI767\VALUE_K32\attempt01\archive.cnt,f0448b3d78c9ad3884c27873926c4f902a8dad0d716171bb31c55939b807326b,True,True,22,-2255,-0.42791728577094373,0.3502772888951519,4.732466634620058,0.42313495858905975,5.7168196082032114,84714541,80046480,8889420,"{""values"": {""shape"": [740588], ""dtype"": ""<i8"", ""nbytes"": 5924704}, ""indices"": {""shape"": [740588], ""dtype"": ""<i4"", ""nbytes"": 2962352}, ""indptr"": {""shape"": [591], ""dtype"": ""<i4"", ""nbytes"": 2364}}",1,2.7340000000003783,0.9529999999995198,182128640,0.006247168358027225,0.006611483727954059,0.05953436782152267
NCBI768,Spatial Transcriptomics,Homo sapiens,Skin,success,32,E:\Hestdata\st\NCBI768.h5ad,6ec7ffd4abf6baf14d84793900e20dff4b70da78347608bd27e9830730c667d3,D:\HEST1000BenchRun\COUNT-HEST-SHARED-K32-001\main\NCBI768\VALUE_K32\attempt01\RESULT.json,,638,17883,11409354,2038310,1241053,1241568,1139770,D:\HEST1000BenchRun\COUNT-HEST-SHARED-K32-001\main\NCBI768\VALUE_K32\attempt01\archive.cnt,5833967dca752539e7ea1217c58573f7d9789e333783f15a09b90fa56f0a7078,True,True,25,-515,-0.041497019063649984,0.7991828459350109,4.473392172927572,0.870561470877317,4.872931006569168,96043065,91274832,24462276,"{""values"": {""shape"": [2038310], ""dtype"": ""<i8"", ""nbytes"": 16306480}, ""indices"": {""shape"": [2038310], ""dtype"": ""<i4"", ""nbytes"": 8153240}, ""indptr"": {""shape"": [639], ""dtype"": ""<i4"", ""nbytes"": 2556}}",1,3.92200000000048,1.4369999999998981,198172672,0.012927200938454016,0.013602522982458077,0.05075439423543419
NCBI769,Spatial Transcriptomics,Homo sapiens,Skin,success,32,E:\Hestdata\st\NCBI769.h5ad,5907313fdd94ccc77afe82d83ae4124fa6bd47f65fe3c2a5e22245651d0cbd3b,D:\HEST1000BenchRun\COUNT-HEST-SHARED-K32-001\main\NCBI769\VALUE_K32\attempt01\RESULT.json,,646,17344,11204224,2028262,1235225,1235623,1136437,D:\HEST1000BenchRun\COUNT-HEST-SHARED-K32-001\main\NCBI769\VALUE_K32\attempt01\archive.cnt,d673c4639aead5f6c9d382a41f99612c3670d1274acffa6b33ba7a9a6486a208,True,True,25,-398,-0.03222085045234674,0.8114346874892897,4.482407105196469,0.8822551209258223,4.873622835708602,94335446,89633792,24341732,"{""values"": {""shape"": [2028262], ""dtype"": ""<i8"", ""nbytes"": 16226096}, ""indices"": {""shape"": [2028262], ""dtype"": ""<i4"", ""nbytes"": 8113048}, ""indptr"": {""shape"": [647], ""dtype"": ""<i4"", ""nbytes"": 2588}}",1,3.9680000000007567,1.5779999999995198,197693440,0.01309818368802751,0.013785236264465973,0.050761507028341285
NCBI770,Spatial Transcriptomics,Homo sapiens,Skin,success,32,E:\Hestdata\st\NCBI770.h5ad,e92643106972dc8fc88feb2724c1e4c2dd5c590a1df7b00722bea31b57cf0d83,D:\HEST1000BenchRun\COUNT-HEST-SHARED-K32-001\main\NCBI770\VALUE_K32\attempt01\RESULT.json,,666,17138,11413908,1834138,1147372,1148346,1050348,D:\HEST1000BenchRun\COUNT-HEST-SHARED-K32-001\main\NCBI770\VALUE_K32\attempt01\archive.cnt,9aa34149f37267c70c5e75991774f5c83ed93db2fbedc0491d6fdfc0b4cb698b,True,True,24,-974,-0.08488964346349745,0.7361881662266772,4.581325941668512,0.804874894733688,5.00876597071758,96002588,91311264,22012324,"{""values"": {""shape"": [1834138], ""dtype"": ""<i8"", ""nbytes"": 14673104}, ""indices"": {""shape"": [1834138], ""dtype"": ""<i4"", ""nbytes"": 7336552}, ""indptr"": {""shape"": [667], ""dtype"": ""<i4"", ""nbytes"": 2668}}",1,3.7809999999990396,1.4220000000004802,195252224,0.011961615034794686,0.012576170230213875,0.05216832170923888
NCBI771,Visium,Homo sapiens,Eye,success,32,E:\Hestdata\st\NCBI771.h5ad,4c7862f5d9d1c8abfc7d898e5925c36ce6ec76e513afd0f88760a591fbc4f0f6,D:\HEST1000BenchRun\COUNT-HEST-SHARED-K32-001\main\NCBI771\VALUE_K32\attempt01\RESULT.json,,3584,17943,64307712,1783739,1424047,1423877,1274029,D:\HEST1000BenchRun\COUNT-HEST-SHARED-K32-001\main\NCBI771\VALUE_K32\attempt01\archive.cnt,db87b5ad49a72ae8d65513567ee74fe1b60b186dd6a2aca732ce0412f2f0c05b,True,True,15,170,0.011937808232453002,0.15849159739970223,5.713970485592343,0.17713296968177006,6.386032934190484,19790773,514461696,21419208,"{""values"": {""shape"": [1783739], ""dtype"": ""<i8"", ""nbytes"": 14269912}, ""indices"": {""shape"": [1783739], ""dtype"": ""<i4"", ""nbytes"": 7134956}, ""indptr"": {""shape"": [3585], ""dtype"": ""<i4"", ""nbytes"": 14340}}",1,4.7960000000002765,1.5789999999997235,205692928,0.07194650759725252,0.002767702651277657,0.06647664096637
NCBI776,Visium,Homo sapiens,Breast,success,32,E:\Hestdata\st\NCBI776.h5ad,456567a13c1b644d5b0eba0e917f190fa84178060b29c0274792e9c4f0ca2b6e,D:\HEST1000BenchRun\COUNT-HEST-SHARED-K32-001\main\NCBI776\VALUE_K32\attempt01\RESULT.json,,4992,18085,90280320,29737138,15546138,15496797,15304929,D:\HEST1000BenchRun\COUNT-HEST-SHARED-K32-001\main\NCBI776\VALUE_K32\attempt01\archive.cnt,beb050c9957bacfc04849728320bc067e9bb763a30a2dfc46ac92f132954722c,True,True,27,49341,0.317384291841485,1.3562139788605092,4.117391256683814,1.3732159567001978,4.169008328911814,243948207,722242560,356865628,"{""values"": {""shape"": [29737138], ""dtype"": ""<i8"", ""nbytes"": 237897104}, ""indices"": {""shape"": [29737138], ""dtype"": ""<i4"", ""nbytes"": 118948552}, ""indptr"": {""shape"": [4993], ""dtype"": ""<i4"", ""nbytes"": 19972}}",1,29.57799999999952,11.17200000000048,1150451712,0.06352494732621666,0.02145649932344059,0.0434247396894161
NCBI783,Xenium,Homo sapiens,Breast,success,32,E:\Hestdata\st\NCBI783.h5ad,99e0013536962f217205a49542fbbaa94ccd23e02cadee96f4b5ebb7b16c63dc,D:\HEST1000BenchRun\COUNT-HEST-SHARED-K32-001\main\NCBI783\VALUE_K32\attempt01\RESULT.json,,3869,541,2093129,777304,590355,591222,538989,D:\HEST1000BenchRun\COUNT-HEST-SHARED-K32-001\main\NCBI783\VALUE_K32\attempt01\archive.cnt,a441e0527e4d463b4c6a21962ab5047829fa59700decb6093e2a59d3f3bbff8f,True,True,26,-867,-0.14686078715349238,2.060031655956226,5.547265934563568,2.2596677032328154,6.084847112584009,6951575,16745032,9343128,"{""values"": {""shape"": [777304], ""dtype"": ""<i8"", ""nbytes"": 6218432}, ""indices"": {""shape"": [777304], ""dtype"": ""<i4"", ""nbytes"": 3109216}, ""indptr"": {""shape"": [3870], ""dtype"": ""<i4"", ""nbytes"": 15480}}",1,2.686999999999898,1.9060000000008586,174047232,0.0850486400563901,0.03530730786301274,0.06327880769695117
NCBI785,Xenium,Homo sapiens,Breast,success,32,E:\Hestdata\st\NCBI785.h5ad,e9d7d5fa41bf485abbe20bf1f29c82990714e9403f65e26e15d19b360b9697e6,D:\HEST1000BenchRun\COUNT-HEST-SHARED-K32-001\main\NCBI785\VALUE_K32\attempt01\RESULT.json,,4180,541,2261380,1260844,935740,935572,878708,D:\HEST1000BenchRun\COUNT-HEST-SHARED-K32-001\main\NCBI785\VALUE_K32\attempt01\archive.cnt,1d23f717731a9a206a1bd6e7df6af81c56c81bc355eefbd99775d4c8d5b378d5,True,True,27,168,0.017953705089020455,3.1085726414844035,5.5753638039281626,3.309738301391186,5.936163395312981,7705756,18091040,15146852,"{""values"": {""shape"": [1260844], ""dtype"": ""<i8"", ""nbytes"": 10086752}, ""indices"": {""shape"": [1260844], ""dtype"": ""<i4"", ""nbytes"": 5043376}, ""indptr"": {""shape"": [4181], ""dtype"": ""<i4"", ""nbytes"": 16724}}",1,3.1409999999996217,1.4060000000008586,180326400,0.12141209765790663,0.05171466095923728,0.06176676183275574
NCBI786,Visium,Mus musculus,Heart,success,32,E:\Hestdata\st\NCBI786.h5ad,848d90d2ba21ebb13a297fbdb9a19643866ab548c67e5cfeb5f237990957ee62,D:\HEST1000BenchRun\COUNT-HEST-SHARED-K32-001\main\NCBI786\VALUE_K32\attempt01\RESULT.json,,2826,32285,91237410,8674457,4617047,4534324,4335971,D:\HEST1000BenchRun\COUNT-HEST-SHARED-K32-001\main\NCBI786\VALUE_K32\attempt01\archive.cnt,0f9bed3587ca0ee542c117ad99cc8a6fcd59b1bcfc1d2353ec01d40937a1a514,True,True,29,82723,1.791686331111639,0.3801923794198016,3.9988402732297827,0.3975846311288319,4.181770916611841,110698901,729899280,104104792,"{""values"": {""shape"": [8674457], ""dtype"": ""<i8"", ""nbytes"": 69395656}, ""indices"": {""shape"": [8674457], ""dtype"": ""<i4"", ""nbytes"": 34697828}, ""indptr"": {""shape"": [2827], ""dtype"": ""<i4"", ""nbytes"": 11308}}",1,11.953999999999724,4.436999999999898,413831168,0.040960876386658976,0.006212259861387999,0.0435553821576244
NCBI787,Visium,Mus musculus,Heart,success,32,E:\Hestdata\st\NCBI787.h5ad,9187698a7927bcd63b70707418b4f5e53f9224ab6c170948137191711a5f0957,D:\HEST1000BenchRun\COUNT-HEST-SHARED-K32-001\main\NCBI787\VALUE_K32\attempt01\RESULT.json,,2823,32285,91140555,6628677,3715478,3660096,3463745,D:\HEST1000BenchRun\COUNT-HEST-SHARED-K32-001\main\NCBI787\VALUE_K32\attempt01\archive.cnt,356e1779b036de0e12d2599c486867c7ecd0783f02fdd1b4b3757bf51091a837,True,True,30,55382,1.4905753714596077,0.3040354538108749,4.180315317822847,0.32127045967626594,4.4172868884696,86024018,729124440,79555420,"{""values"": {""shape"": [6628677], ""dtype"": ""<i8"", ""nbytes"": 53029416}, ""indices"": {""shape"": [6628677], ""dtype"": ""<i4"", ""nbytes"": 26514708}, ""indptr"": {""shape"": [2824], ""dtype"": ""<i4"", ""nbytes"": 11296}}",1,9.984000000000378,3.57799999999952,319602688,0.04254737322313868,0.005019850932441655,0.0460068716876864
NCBI788,Visium,Mus musculus,Uterus,success,32,E:\Hestdata\st\NCBI788.h5ad,3b6b6132f1544ca93d01aa447928c59169a05ce8f53ba4f1906a4d9983e6aac4,D:\HEST1000BenchRun\COUNT-HEST-SHARED-K32-001\main\NCBI788\VALUE_K32\attempt01\RESULT.json,,1182,32298,38176236,5240253,2892081,2881639,2701186,D:\HEST1000BenchRun\COUNT-HEST-SHARED-K32-001\main\NCBI788\VALUE_K32\attempt01\archive.cnt,be77a4954be6dc9205b5d172996cf5657b865514d6ccbbed550e82a0464fe16b,True,True,26,10442,0.36105489438228044,0.5660455368098626,4.1237489869286845,0.6038602653231712,4.399236449079844,50302112,305409888,62887768,"{""values"": {""shape"": [5240253], ""dtype"": ""<i8"", ""nbytes"": 41922024}, ""indices"": {""shape"": [5240253], ""dtype"": ""<i4"", ""nbytes"": 20961012}, ""indptr"": {""shape"": [1183], ""dtype"": ""<i4"", ""nbytes"": 4732}}",1,7.593999999999141,2.7810000000008586,254709760,0.05728664037009023,0.00943531664567455,0.0458219315400095
NCBI789,Visium,Mus musculus,Uterus,success,32,E:\Hestdata\st\NCBI789.h5ad,bcbaa6f529ad699f434e1c9f8a7f440109f6857443021dee69cb7343622b54d9,D:\HEST1000BenchRun\COUNT-HEST-SHARED-K32-001\main\NCBI789\VALUE_K32\attempt01\RESULT.json,,2302,32298,74349996,12164943,6092004,6046775,5832612,D:\HEST1000BenchRun\COUNT-HEST-SHARED-K32-001\main\NCBI789\VALUE_K32\attempt01\archive.cnt,66e5a676addf015045fcb332b96d7d86b9869a72c34bbd3140f153bbc1d10973,True,True,27,45229,0.7424322111410301,0.6275843780812039,3.835685543286146,0.6506281452927045,3.9765250030353614,106084736,594799968,145988528,"{""values"": {""shape"": [12164943], ""dtype"": ""<i8"", ""nbytes"": 97319544}, ""indices"": {""shape"": [12164943], ""dtype"": ""<i4"", ""nbytes"": 48659772}, ""indptr"": {""shape"": [2303], ""dtype"": ""<i4"", ""nbytes"": 9212}}",1,14.936999999999898,5.953000000001339,524247040,0.05699948199899371,0.010166064770198508,0.04141952167638816
NCBI790,Visium,Mus musculus,Uterus,success,32,E:\Hestdata\st\NCBI790.h5ad,5fb60157fbb78c13c347c0d267342b5f7d217ad4df1124ddc4b3fb570affc62f,D:\HEST1000BenchRun\COUNT-HEST-SHARED-K32-001\main\NCBI790\VALUE_K32\attempt01\RESULT.json,,1625,32298,52484250,6888013,3669786,3653202,3458912,D:\HEST1000BenchRun\COUNT-HEST-SHARED-K32-001\main\NCBI790\VALUE_K32\attempt01\archive.cnt,9bc86e01e6f0e851f285e491b993fc02d17911468799f9297cebbfd28f551cb0,True,True,27,16584,0.4519064599407159,0.527230473904076,4.017311814016611,0.5568454536360908,4.242967601832342,63771919,419874000,82662660,"{""values"": {""shape"": [6888013], ""dtype"": ""<i8"", ""nbytes"": 55104104}, ""indices"": {""shape"": [6888013], ""dtype"": ""<i4"", ""nbytes"": 27552052}, ""indptr"": {""shape"": [1626], ""dtype"": ""<i4"", ""nbytes"": 6504}}",1,9.265999999999622,3.563000000000102,368336896,0.05728543310732111,0.00870071021306392,0.04419410166573396
NCBI791,Visium,Mus musculus,Placenta,success,32,E:\Hestdata\st\NCBI791.h5ad,19c74c0bc9a85a4c2d628ffec134c3b36792d93a0e4851486a903852ee4198f4,D:\HEST1000BenchRun\COUNT-HEST-SHARED-K32-001\main\NCBI791\VALUE_K32\attempt01\RESULT.json,,429,32298,13855842,2679043,1502440,1504873,1345390,D:\HEST1000BenchRun\COUNT-HEST-SHARED-K32-001\main\NCBI791\VALUE_K32\attempt01\archive.cnt,06472de835181a1736dc1f2bd0fdedb1dc497aaec45877b6933e6d306ad0e72e,True,True,30,-2433,-0.1619365831580629,0.7767929224366156,4.017524168145117,0.8688742264815087,4.4937628847316,29746183,110846736,32150236,"{""values"": {""shape"": [2679043], ""dtype"": ""<i8"", ""nbytes"": 21432344}, ""indices"": {""shape"": [2679043], ""dtype"": ""<i4"", ""nbytes"": 10716172}, ""indptr"": {""shape"": [430], ""dtype"": ""<i4"", ""nbytes"": 1720}}",1,4.67200000000048,1.7340000000003783,215568384,0.0505904572697613,0.013576159788773573,0.046807525767462485
NCBI792,Visium,Mus musculus,Prostate,success,32,E:\Hestdata\st\NCBI792.h5ad,724a6c95d67d764a831e60adc7f259b6246a6e0acf3c3d6b05e0e0fc7eb7d03b,D:\HEST1000BenchRun\COUNT-HEST-SHARED-K32-001\main\NCBI792\VALUE_K32\attempt01\RESULT.json,,14332,32589,467065548,15013701,10612925,10592743,9990938,D:\HEST1000BenchRun\COUNT-HEST-SHARED-K32-001\main\NCBI792\VALUE_K32\attempt01\archive.cnt,aa16afdc9b9e8171260ee5777b135fdcc5dfd9ebed37bddace5853daff86d394,True,True,25,20182,0.1901643514865129,0.17112695282761467,5.323637656031647,0.18143479938280527,5.644307422933226,129926691,3736524384,180221744,"{""values"": {""shape"": [15013701], ""dtype"": ""<i8"", ""nbytes"": 120109608}, ""indices"": {""shape"": [15013701], ""dtype"": ""<i4"", ""nbytes"": 60054804}, ""indptr"": {""shape"": [14333], ""dtype"": ""<i4"", ""nbytes"": 57332}}",1,26.25,8.343999999999141,764526592,0.08152861370109087,0.0028349187403563323,0.058776165211230004
NCBI793,Visium,Mus musculus,Prostate,success,32,E:\Hestdata\st\NCBI793.h5ad,e8873776c065367d084d615e030965559c3f9e6bb2c097367c2b56ed6719bb6a,D:\HEST1000BenchRun\COUNT-HEST-SHARED-K32-001\main\NCBI793\VALUE_K32\attempt01\RESULT.json,,14110,32589,459830790,30792580,17228889,17123773,16524849,D:\HEST1000BenchRun\COUNT-HEST-SHARED-K32-001\main\NCBI793\VALUE_K32\attempt01\archive.cnt,066e265111c2c7d07643917395f268b314f56842b33982562ca22631dd1e1ad8,True,True,28,105116,0.6101147903384833,0.28749443246286316,4.293202843022573,0.29791433496656455,4.44880500432247,256268045,3678646320,369567404,"{""values"": {""shape"": [30792580], ""dtype"": ""<i8"", ""nbytes"": 246340640}, ""indices"": {""shape"": [30792580], ""dtype"": ""<i4"", ""nbytes"": 123170320}, ""indptr"": {""shape"": [14111], ""dtype"": ""<i4"", ""nbytes"": 56444}}",1,40.26599999999962,13.218999999999141,1182539776,0.0668197745840688,0.004654911483852571,0.04633464102802746
NCBI794,Visium,Mus musculus,Muscle,success,32,E:\Hestdata\st\NCBI794.h5ad,3f0e4bf0ac6295ac7f3ee7765b80f278e0c1d92073eee1ad6b5085ca049be2bf,D:\HEST1000BenchRun\COUNT-HEST-SHARED-K32-001\main\NCBI794\VALUE_K32\attempt01\RESULT.json,,995,33217,33050915,2989772,1823358,1819803,1641298,D:\HEST1000BenchRun\COUNT-HEST-SHARED-K32-001\main\NCBI794\VALUE_K32\attempt01\archive.cnt,c2918287369371ddb865a83590a20bfe99043cbc46509896a47c7819057acab7,True,True,29,3555,0.1949699400775931,0.3972774732560354,4.391767666564541,0.4404847490606538,4.869409439917158,31476869,264407320,35881248,"{""values"": {""shape"": [2989772], ""dtype"": ""<i8"", ""nbytes"": 23918176}, ""indices"": {""shape"": [2989772], ""dtype"": ""<i4"", ""nbytes"": 11959088}, ""indptr"": {""shape"": [996], ""dtype"": ""<i4"", ""nbytes"": 3984}}",1,5.140999999999622,1.9690000000009604,221638656,0.05781397762274259,0.006882574204072716,0.0507173830743011
NCBI795,Visium,Mus musculus,Muscle,success,32,E:\Hestdata\st\NCBI795.h5ad,a8e15d47176cbb15add2c33515cfaa0e9750386f444107ea8a3d727e5fabd127,D:\HEST1000BenchRun\COUNT-HEST-SHARED-K32-001\main\NCBI795\VALUE_K32\attempt01\RESULT.json,,1011,33217,33582387,2353599,1510295,1509628,1338631,D:\HEST1000BenchRun\COUNT-HEST-SHARED-K32-001\main\NCBI795\VALUE_K32\attempt01\archive.cnt,806451ffb9ddd95a562c84a2e7db9dfeb9b64c2bcd309633e5b85b131a839738,True,True,28,667,0.044163557450696715,0.3188888270509181,4.550073313253447,0.35962375158144655,5.131300616630106,26362717,268659096,28247236,"{""values"": {""shape"": [2353599], ""dtype"": ""<i8"", ""nbytes"": 18828792}, ""indices"": {""shape"": [2353599], ""dtype"": ""<i4"", ""nbytes"": 9414396}, ""indptr"": {""shape"": [1012], ""dtype"": ""<i4"", ""nbytes"": 4048}}",1,4.59400000000096,1.889999999999418,213790720,0.05726374864927617,0.005619121118460102,0.05344338823097594
NCBI796,Visium,Mus musculus,Muscle,success,32,E:\Hestdata\st\NCBI796.h5ad,255aae275b385a06e672d66db2f838d811cbffe5f83ebe708914084bfb2e7717,D:\HEST1000BenchRun\COUNT-HEST-SHARED-K32-001\main\NCBI796\VALUE_K32\attempt01\RESULT.json,,982,33217,32619094,1577980,1118289,1119786,952420,D:\HEST1000BenchRun\COUNT-HEST-SHARED-K32-001\main\NCBI796\VALUE_K32\attempt01\archive.cnt,d4f19920202697987ab03a05c3e589c41799c8217a5f1dec2ea05f9be61e8142,True,True,27,-1497,-0.1338652173096579,0.23358588684284118,4.828552960113563,0.27463325621490287,5.677060545761036,20153420,260952752,18939692,"{""values"": {""shape"": [1577980], ""dtype"": ""<i8"", ""nbytes"": 12623840}, ""indices"": {""shape"": [1577980], ""dtype"": ""<i4"", ""nbytes"": 6311920}, ""indptr"": {""shape"": [983], ""dtype"": ""<i4"", ""nbytes"": 3932}}",1,3.813000000000102,1.4219999999986612,204169216,0.055563075646714054,0.004291144628357857,0.059123770333752
NCBI8,Spatial Transcriptomics,Mus musculus,Spinal cord,success,32,E:\Hestdata\st\NCBI8.h5ad,89ae4c0b65480d653919aaf50449e65f61fa28f91157ac0a41432561c836248a,D:\HEST1000BenchRun\COUNT-HEST-SHARED-K32-001\main\NCBI8\VALUE_K32\attempt01\RESULT.json,,209,15966,3336894,550839,363815,365669,281984,D:\HEST1000BenchRun\COUNT-HEST-SHARED-K32-001\main\NCBI8\VALUE_K32\attempt01\archive.cnt,daeac97f5dac813b5332192f02554ff01f79f3a196f7be287280180980bd2ca0,True,True,24,-1854,-0.509599659167434,0.6760394546545381,4.0953382022696285,0.8766691420224916,5.310720555370988,31005350,26695152,6610908,"{""values"": {""shape"": [550839], ""dtype"": ""<i8"", ""nbytes"": 4406712}, ""indices"": {""shape"": [550839], ""dtype"": ""<i4"", ""nbytes"": 2203356}, ""indptr"": {""shape"": [210], ""dtype"": ""<i4"", ""nbytes"": 840}}",1,2.3590000000003783,0.9539999999997235,177762304,0.011793738822493537,0.013697955344101431,0.05531297667430858
NCBI800,Visium,Mus musculus,Brain,success,32,E:\Hestdata\st\NCBI800.h5ad,f5b35e5992d5cb978deb236892dc614fff910c646653136e90195d03d143ef6a,D:\HEST1000BenchRun\COUNT-HEST-SHARED-K32-001\main\NCBI800\VALUE_K32\attempt01\RESULT.json,,2784,32285,89881440,12423058,6591831,6554532,6314290,D:\HEST1000BenchRun\COUNT-HEST-SHARED-K32-001\main\NCBI800\VALUE_K32\attempt01\archive.cnt,e54e4030f64045fbd58bac1c68761fcad9cbdf1452d82d0366ed1083ba6d604d,True,True,27,37299,0.5658367151706407,0.5620105774896352,4.066174367051977,0.5833935904898719,4.220881525305605,107211531,719051520,149087836,"{""values"": {""shape"": [12423058], ""dtype"": ""<i8"", ""nbytes"": 99384464}, ""indices"": {""shape"": [12423058], ""dtype"": ""<i4"", ""nbytes"": 49692232}, ""indptr"": {""shape"": [2785], ""dtype"": ""<i4"", ""nbytes"": 11140}}",1,15.313000000000102,5.718000000000757,619036672,0.06113644622797151,0.009115524851404249,0.0439642305895432
NCBI801,Visium,Mus musculus,Brain,success,32,E:\Hestdata\st\NCBI801.h5ad,35accbbd4c37681ff3f5729214bda66b03fe50031ae7b0006ccfade03b83a21a,D:\HEST1000BenchRun\COUNT-HEST-SHARED-K32-001\main\NCBI801\VALUE_K32\attempt01\RESULT.json,,2889,32285,93271365,14718782,7615565,7563633,7318953,D:\HEST1000BenchRun\COUNT-HEST-SHARED-K32-001\main\NCBI801\VALUE_K32\attempt01\archive.cnt,574d4be6fc133d32a26f7cd40e14bc37da8b194525eaa9d89ad0c3b3967b6521,True,True,28,51932,0.6819192010047843,0.6277556246764481,3.9780210074447737,0.6487421300202908,4.1110102724532505,125591960,746170920,176636944,"{""values"": {""shape"": [14718782], ""dtype"": ""<i8"", ""nbytes"": 117750256}, ""indices"": {""shape"": [14718782], ""dtype"": ""<i4"", ""nbytes"": 58875128}, ""indptr"": {""shape"": [2890], ""dtype"": ""<i4"", ""nbytes"": 11560}}",1,18.063000000000102,6.984000000000378,685453312,0.060223863056202004,0.010136595781567044,0.04282022111976756
NCBI802,Visium,Mus musculus,Brain,success,32,E:\Hestdata\st\NCBI802.h5ad,821cd8e3734a0a75fb2e2f5d50d2281bbe1847ce1c6bfbbb0d6ca758c7a73420,D:\HEST1000BenchRun\COUNT-HEST-SHARED-K32-001\main\NCBI802\VALUE_K32\attempt01\RESULT.json,,2743,32285,88557755,13456927,7014330,6970683,6731568,D:\HEST1000BenchRun\COUNT-HEST-SHARED-K32-001\main\NCBI802\VALUE_K32\attempt01\archive.cnt,578ae8c71c6705210104e1cf43a7ef8bb405758bbfb8834541aa47ef34563d01,True,True,28,43647,0.6222547271086476,0.6081064724371118,4.001845592236623,0.6297072910215485,4.143996916978148,115479998,708462040,161494100,"{""values"": {""shape"": [13456927], ""dtype"": ""<i8"", ""nbytes"": 107655416}, ""indices"": {""shape"": [13456927], ""dtype"": ""<i4"", ""nbytes"": 53827708}, ""indptr"": {""shape"": [2744], ""dtype"": ""<i4"", ""nbytes"": 10976}}",1,16.5,6.188000000000102,569102336,0.06036268722484737,0.009839176422211696,0.04316370071723982
NCBI806,Visium,Mus musculus,Brain,success,32,E:\Hestdata\st\NCBI806.h5ad,2453e41b67168cd02b411d7c702399bcce17b7add3beaba09695fe071b5bb536,D:\HEST1000BenchRun\COUNT-HEST-SHARED-K32-001\main\NCBI806\VALUE_K32\attempt01\RESULT.json,,1435,32285,46328975,5783024,3149043,3134300,2940275,D:\HEST1000BenchRun\COUNT-HEST-SHARED-K32-001\main\NCBI806\VALUE_K32\attempt01\archive.cnt,ce75d4de9c4d45f5fb07b5f1eecdf25949435cfe495ca66fae41172793c544f5,True,True,28,14743,0.46817398174620034,0.5077211399561505,4.067456749271662,0.5412250109137964,4.335863036362983,53561653,370631800,69402032,"{""values"": {""shape"": [5783024], ""dtype"": ""<i8"", ""nbytes"": 46264192}, ""indices"": {""shape"": [5783024], ""dtype"": ""<i4"", ""nbytes"": 23132096}, ""indptr"": {""shape"": [1436], ""dtype"": ""<i4"", ""nbytes"": 5744}}",1,8.188000000000102,3.1569999999992433,295108608,0.0585176114710276,0.008456640795528068,0.04516150189954092
NCBI807,Visium,Mus musculus,Brain,success,32,E:\Hestdata\st\NCBI807.h5ad,7ed26d529dd69b77f575920bc3e8671b25ec85b42a8b16d04c62811b59aaa306,D:\HEST1000BenchRun\COUNT-HEST-SHARED-K32-001\main\NCBI807\VALUE_K32\attempt01\RESULT.json,,2320,32285,74901200,7799074,4251586,4221843,4000068,D:\HEST1000BenchRun\COUNT-HEST-SHARED-K32-001\main\NCBI807\VALUE_K32\attempt01\archive.cnt,75d19df8efc6e53d5cd909552887130049a36d0bbb06d05a0cc8fc292dfb165a,True,True,27,29743,0.6995742294757769,0.42723673318985544,4.1031209602575895,0.45092393713318346,4.330609505692599,69846270,599209600,93598172,"{""values"": {""shape"": [7799074], ""dtype"": ""<i8"", ""nbytes"": 62392592}, ""indices"": {""shape"": [7799074], ""dtype"": ""<i4"", ""nbytes"": 31196296}, ""indptr"": {""shape"": [2321], ""dtype"": ""<i4"", ""nbytes"": 9284}}",1,10.671999999998661,4.093999999999141,383336448,0.06044478824710325,0.007045686517705992,0.04510604117353916
NCBI808,Visium,Mus musculus,Brain,success,32,E:\Hestdata\st\NCBI808.h5ad,a12ffaaf1c29c731f28582d6dddcc15fe119a0474d2935b2809c6cae1a020f75,D:\HEST1000BenchRun\COUNT-HEST-SHARED-K32-001\main\NCBI808\VALUE_K32\attempt01\RESULT.json,,2359,32285,76160315,10924608,5590113,5537388,5312318,D:\HEST1000BenchRun\COUNT-HEST-SHARED-K32-001\main\NCBI808\VALUE_K32\attempt01\archive.cnt,6f9b751c9ae3af40befc624d199e097339bdcc59c0e741ab7eb864587e621b14,True,True,27,52725,0.94318308055669,0.5580142886751454,3.8901664938458205,0.5816559976150308,4.054983391623755,95120265,609282520,131104736,"{""values"": {""shape"": [10924608], ""dtype"": ""<i8"", ""nbytes"": 87396864}, ""indices"": {""shape"": [10924608], ""dtype"": ""<i4"", ""nbytes"": 43698432}, ""indptr"": {""shape"": [2360], ""dtype"": ""<i4"", ""nbytes"": 9440}}",1,13.95299999999952,5.359000000000378,485335040,0.058214598119548974,0.009088374962734857,0.04223636894398689
NCBI809,Visium,Mus musculus,Brain,success,32,E:\Hestdata\st\NCBI809.h5ad,53e532879c8f64e63858ccb6b434e846c494496d69d4ed38eab2b2bce6dcf0db,D:\HEST1000BenchRun\COUNT-HEST-SHARED-K32-001\main\NCBI809\VALUE_K32\attempt01\RESULT.json,,1554,32285,50170890,6837812,3633154,3607375,3408663,D:\HEST1000BenchRun\COUNT-HEST-SHARED-K32-001\main\NCBI809\VALUE_K32\attempt01\archive.cnt,334685241d7c3c44643790a649d8633585ea16bdb626668268255e15e171ae98,True,True,27,25779,0.7095487832335211,0.5435284086050696,3.9880160495784325,0.5752140334763844,4.220502113834074,62031624,401367120,82059964,"{""values"": {""shape"": [6837812], ""dtype"": ""<i8"", ""nbytes"": 54702496}, ""indices"": {""shape"": [6837812], ""dtype"": ""<i4"", ""nbytes"": 27351248}, ""indptr"": {""shape"": [1555], ""dtype"": ""<i4"", ""nbytes"": 6220}}",1,9.375,3.375,313053184,0.05815380554924694,0.008987719273068507,0.043960231325473165
NCBI811,Visium,Homo sapiens,Uterus,success,32,E:\Hestdata\st\NCBI811.h5ad,06e127d74bca267b46160ca62b20a2eb44eeca5b0a2775839e51cbf9667d8978,D:\HEST1000BenchRun\COUNT-HEST-SHARED-K32-001\main\NCBI811\VALUE_K32\attempt01\RESULT.json,,1894,36612,69343128,5651497,3301948,3283432,3054640,D:\HEST1000BenchRun\COUNT-HEST-SHARED-K32-001\main\NCBI811\VALUE_K32\attempt01\archive.cnt,a6c9d13b86aa4331af23dd6b7e7662165701a97d31d593914a87a63e10553584,True,True,24,18516,0.5607598908280809,0.3524086770357403,4.324008311426159,0.37880402510829914,4.647875775214956,54235526,554745024,67825544,"{""values"": {""shape"": [5651497], ""dtype"": ""<i8"", ""nbytes"": 45211976}, ""indices"": {""shape"": [5651497], ""dtype"": ""<i4"", ""nbytes"": 22605988}, ""indptr"": {""shape"": [1895], ""dtype"": ""<i4"", ""nbytes"": 7580}}",1,8.21900000000096,3.0,299343872,0.06054024441470338,0.005918812892317174,0.048409961886925666
NCBI812,Visium,Homo sapiens,Uterus,success,32,E:\Hestdata\st\NCBI812.h5ad,2b3bb8e27feac84fb7001423278c5d8aaffde95ef1376bc566bcdb7b682ee393,D:\HEST1000BenchRun\COUNT-HEST-SHARED-K32-001\main\NCBI812\VALUE_K32\attempt01\RESULT.json,,2605,36612,95374260,5800321,3562079,3544421,3294101,D:\HEST1000BenchRun\COUNT-HEST-SHARED-K32-001\main\NCBI812\VALUE_K32\attempt01\archive.cnt,f80c9c92e87ec7897df03441396f5bc5e35c25f4b1f107fb8f4339091e9e594e,True,True,23,17658,0.49572174002878655,0.2763094361099106,4.5433361360517805,0.29730629626903526,4.888585993775172,55527505,762994080,69614276,"{""values"": {""shape"": [5800321], ""dtype"": ""<i8"", ""nbytes"": 46402568}, ""indices"": {""shape"": [5800321], ""dtype"": ""<i4"", ""nbytes"": 23201284}, ""indptr"": {""shape"": [2606], ""dtype"": ""<i4"", ""nbytes"": 10424}}",1,8.656000000000859,8.813000000000102,318476288,0.06383180731783285,0.004645410879203676,0.050915145623291407
NCBI813,Visium,Homo sapiens,Uterus,success,32,E:\Hestdata\st\NCBI813.h5ad,d188883538347cad665301430c31ec26ece1915d2da9db55589fb3d294316120,D:\HEST1000BenchRun\COUNT-HEST-SHARED-K32-001\main\NCBI813\VALUE_K32\attempt01\RESULT.json,,2027,36612,74212524,5430527,3340701,3329405,3097010,D:\HEST1000BenchRun\COUNT-HEST-SHARED-K32-001\main\NCBI813\VALUE_K32\attempt01\archive.cnt,219efdb343209e56f0119b75607a62061f455464e5c9212a34509d81903ccc01,True,True,23,11296,0.3381326254579503,0.333853083881098,4.562371202647552,0.35890492014528436,4.904724716404135,52458935,593700192,65174436,"{""values"": {""shape"": [5430527], ""dtype"": ""<i8"", ""nbytes"": 43444216}, ""indices"": {""shape"": [5430527], ""dtype"": ""<i4"", ""nbytes"": 21722108}, ""indptr"": {""shape"": [2028], ""dtype"": ""<i4"", ""nbytes"": 8112}}",1,8.360000000000582,3.014999999999418,307806208,0.063466881285333,0.005607889377270068,0.05108452338582569
NCBI814,Visium,Homo sapiens,Uterus,success,32,E:\Hestdata\st\NCBI814.h5ad,b0e95a4c3c1e1f77d2efe79a20c30a37c6ffcefac46f89e8d669206eca7eb510,D:\HEST1000BenchRun\COUNT-HEST-SHARED-K32-001\main\NCBI814\VALUE_K32\attempt01\RESULT.json,,1323,36612,48437676,72209,248009,251221,71872,D:\HEST1000BenchRun\COUNT-HEST-SHARED-K32-001\main\NCBI814\VALUE_K32\attempt01\archive.cnt,8685db2bdfd4820382f4302dce9e27c71693022e24ef22b03eeb0170e4b7bb49,True,True,19,-3212,-1.2951142902072101,0.01187042912628591,7.962663933858661,0.04149183375354342,27.832652439446605,9382943,387501408,871804,"{""values"": {""shape"": [72209], ""dtype"": ""<i8"", ""nbytes"": 577672}, ""indices"": {""shape"": [72209], ""dtype"": ""<i4"", ""nbytes"": 288836}, ""indptr"": {""shape"": [1324], ""dtype"": ""<i4"", ""nbytes"": 5296}}",1,3.7809999999990396,2.67200000000048,176545792,0.026774222117730014,0.000648309902399116,0.2881622474776441
NCBI815,Visium,Homo sapiens,Uterus,success,32,E:\Hestdata\st\NCBI815.h5ad,e2af76a771c5e6cadb9351ca6f9f541b38474f61c50059df8c058d958d8852de,D:\HEST1000BenchRun\COUNT-HEST-SHARED-K32-001\main\NCBI815\VALUE_K32\attempt01\RESULT.json,,369,36612,13509828,226303,322581,327393,166109,D:\HEST1000BenchRun\COUNT-HEST-SHARED-K32-001\main\NCBI815\VALUE_K32\attempt01\archive.cnt,ed7838afafd6fcee4b44bb592609037ba162c33ba64aae659572eef952f6d079,True,True,19,-4812,-1.4917183591098049,0.09836335444092996,5.872091841469181,0.19386952964908213,11.57361590434064,10483468,108078624,2717116,"{""values"": {""shape"": [226303], ""dtype"": ""<i8"", ""nbytes"": 1810424}, ""indices"": {""shape"": [226303], ""dtype"": ""<i4"", ""nbytes"": 905212}, ""indptr"": {""shape"": [370], ""dtype"": ""<i4"", ""nbytes"": 1480}}",1,2.20299999999952,2.360000000000582,186839040,0.031229455748803734,0.0030292114007669083,0.12049283136973173
NCBI816,Visium,Homo sapiens,Uterus,success,32,E:\Hestdata\st\NCBI816.h5ad,21c6d43e319525dba5e8500468b71118325fe422414d4186a4c0e326711eedc4,D:\HEST1000BenchRun\COUNT-HEST-SHARED-K32-001\main\NCBI816\VALUE_K32\attempt01\RESULT.json,,669,36612,24493428,1746761,1128628,1126743,943552,D:\HEST1000BenchRun\COUNT-HEST-SHARED-K32-001\main\NCBI816\VALUE_K32\attempt01\archive.cnt,59457212c3ed25ea4b76183c1706a9925937a019390960d7fa33fb5a81914be8,True,True,28,1885,0.16701694446708748,0.30818128030098524,4.321378826296213,0.3680147997250528,5.160376262121721,22663681,195947424,20963812,"{""values"": {""shape"": [1746761], ""dtype"": ""<i8"", ""nbytes"": 13974088}, ""indices"": {""shape"": [1746761], ""dtype"": ""<i4"", ""nbytes"": 6987044}, ""indptr"": {""shape"": [670], ""dtype"": ""<i4"", ""nbytes"": 2680}}",1,3.7659999999996217,1.4840000000003783,207060992,0.04971579859423542,0.00575023124570395,0.05374704753124098
NCBI818,Visium,Homo sapiens,Uterus,success,32,E:\Hestdata\st\NCBI818.h5ad,bfeec34ede507dcd5fb3ec16894b99f4d00da20d409aec30aeac99dfbbd0f556,D:\HEST1000BenchRun\COUNT-HEST-SHARED-K32-001\main\NCBI818\VALUE_K32\attempt01\RESULT.json,,515,36612,18855180,1473018,1034523,1037589,858292,D:\HEST1000BenchRun\COUNT-HEST-SHARED-K32-001\main\NCBI818\VALUE_K32\attempt01\archive.cnt,951ee1ef9256f06ee3955f83d95c8b283e7d39a8be714a62dca8c594e0697bb7,True,True,25,-3066,-0.29636847126646776,0.3641617847191064,4.6614067173653,0.44023509719875387,5.635173500934815,20383071,150841440,17678280,"{""values"": {""shape"": [1473018], ""dtype"": ""<i8"", ""nbytes"": 11784144}, ""indices"": {""shape"": [1473018], ""dtype"": ""<i4"", ""nbytes"": 5892072}, ""indptr"": {""shape"": [516], ""dtype"": ""<i4"", ""nbytes"": 2064}}",1,3.32799999999952,1.5779999999995198,203329536,0.05090444908914854,0.006878673393730529,0.05869287057338157
NCBI819,Visium,Homo sapiens,Uterus,success,32,E:\Hestdata\st\NCBI819.h5ad,ba33c1eed8c1cec7add60b4cc5f7c4ec11c457e9d5c318485152c3a8adb287f9,D:\HEST1000BenchRun\COUNT-HEST-SHARED-K32-001\main\NCBI819\VALUE_K32\attempt01\RESULT.json,,918,36612,33609816,2484575,1565155,1562382,1368786,D:\HEST1000BenchRun\COUNT-HEST-SHARED-K32-001\main\NCBI819\VALUE_K32\attempt01\archive.cnt,499cd750492d67b2f0cea46a199be75dc9998d0e3d8c99b979e963d6cdafe0fd,True,True,23,2773,0.17717095111985715,0.3258062466036708,4.407308292162644,0.3718870701345107,5.030661581960698,28734134,268878528,29818576,"{""values"": {""shape"": [2484575], ""dtype"": ""<i8"", ""nbytes"": 19876600}, ""indices"": {""shape"": [2484575], ""dtype"": ""<i4"", ""nbytes"": 9938300}, ""indptr"": {""shape"": [919], ""dtype"": ""<i4"", ""nbytes"": 3676}}",1,4.625,2.5159999999996217,216707072,0.05437372847220661,0.00581073547085173,0.05239626466401347
NCBI820,Visium,Homo sapiens,Uterus,success,32,E:\Hestdata\st\NCBI820.h5ad,e9c8e487df096c6f493394d45900b5b46dc49067c30fef243fd15700738c6860,D:\HEST1000BenchRun\COUNT-HEST-SHARED-K32-001\main\NCBI820\VALUE_K32\attempt01\RESULT.json,,1561,36612,57151332,3429737,2183620,2179256,1964313,D:\HEST1000BenchRun\COUNT-HEST-SHARED-K32-001\main\NCBI820\VALUE_K32\attempt01\archive.cnt,bd2d4d7c6eb71f75a325a2f2faf31b8328e957750443a33d653c519eb735d5d3,True,True,22,4364,0.19985162253505648,0.27496304023150325,4.581839365525695,0.3050505979458187,5.083202589586315,36361405,457210656,41163092,"{""values"": {""shape"": [3429737], ""dtype"": ""<i8"", ""nbytes"": 27437896}, ""indices"": {""shape"": [3429737], ""dtype"": ""<i4"", ""nbytes"": 13718948}, ""indptr"": {""shape"": [1562], ""dtype"": ""<i4"", ""nbytes"": 6248}}",1,5.843000000000757,2.359999999998763,232640512,0.059933217652068174,0.004766415592903417,0.05294198987772833
NCBI821,Visium,Homo sapiens,Uterus,success,32,E:\Hestdata\st\NCBI821.h5ad,ebe903057791726b7e49e4954719da9bf49afb3741eac873f102e361bf8df97a,D:\HEST1000BenchRun\COUNT-HEST-SHARED-K32-001\main\NCBI821\VALUE_K32\attempt01\RESULT.json,,1375,36612,50341500,5373315,2979592,2959849,2748104,D:\HEST1000BenchRun\COUNT-HEST-SHARED-K32-001\main\NCBI821\VALUE_K32\attempt01\archive.cnt,7c74d436fca922b9d6ffdc28df06c6d16e795268441dceb5eefc8ee9181ec006,True,True,24,19743,0.6626074979393152,0.4367138841711113,4.091483934963798,0.47036325894143005,4.406738112319863,51900315,402732000,64485284,"{""values"": {""shape"": [5373315], ""dtype"": ""<i8"", ""nbytes"": 42986520}, ""indices"": {""shape"": [5373315], ""dtype"": ""<i4"", ""nbytes"": 21493260}, ""indptr"": {""shape"": [1376], ""dtype"": ""<i4"", ""nbytes"": 5504}}",1,7.610000000000582,3.014999999999418,302116864,0.057029499724616316,0.0073494259209598446,0.04589960400887744
NCBI823,Visium,Mus musculus,Uterus,success,32,E:\Hestdata\st\NCBI823.h5ad,3256cca9596e7c179e377e2da8f2aaf44cae62c11a1ef01bd900fa8bdc9be597,D:\HEST1000BenchRun\COUNT-HEST-SHARED-K32-001\main\NCBI823\VALUE_K32\attempt01\RESULT.json,,875,32298,28260750,6270822,3441798,3429962,3250380,D:\HEST1000BenchRun\COUNT-HEST-SHARED-K32-001\main\NCBI823\VALUE_K32\attempt01\archive.cnt,700e0e2df0e0ef9263f34536578f4932d50fa600019713b979ea0cd4c0d91205,True,True,30,11836,0.3438900249230199,0.9201114620100316,4.146671680363435,0.9709471970842953,4.375773383457544,58649721,226086000,75253368,"{""values"": {""shape"": [6270822], ""dtype"": ""<i8"", ""nbytes"": 50166576}, ""indices"": {""shape"": [6270822], ""dtype"": ""<i4"", ""nbytes"": 25083288}, ""indptr"": {""shape"": [876], ""dtype"": ""<i4"", ""nbytes"": 3504}}",1,8.20299999999952,3.188000000000102,302641152,0.05848215373437156,0.015171049954442115,0.0455788503711887
NCBI824,Visium,Mus musculus,Uterus,success,32,E:\Hestdata\st\NCBI824.h5ad,09c5c2e5b5dd2567b7006421e44f66da4f4df22ebaaf977420084d88e5b4cecd,D:\HEST1000BenchRun\COUNT-HEST-SHARED-K32-001\main\NCBI824\VALUE_K32\attempt01\RESULT.json,,1709,32298,55197282,7207140,3939072,3937923,3733130,D:\HEST1000BenchRun\COUNT-HEST-SHARED-K32-001\main\NCBI824\VALUE_K32\attempt01\archive.cnt,3e3e5739891cd424bd9ae03c9969846791998c27c6319843980a37ff9fc33b50,True,True,28,1149,0.029169306882433223,0.5410599746559984,4.143812941055676,0.5707415810800249,4.3711352908365875,66197995,441578256,86492520,"{""values"": {""shape"": [7207140], ""dtype"": ""<i8"", ""nbytes"": 57657120}, ""indices"": {""shape"": [7207140], ""dtype"": ""<i4"", ""nbytes"": 28828560}, ""indptr"": {""shape"": [1710], ""dtype"": ""<i4"", ""nbytes"": 6840}}",1,9.671000000000276,3.6569999999992433,361930752,0.0594870433764648,0.00891783720437539,0.045529058466558726
NCBI825,Visium,Mus musculus,Uterus,success,32,E:\Hestdata\st\NCBI825.h5ad,2542f05816e2625aa1b875eb3f6aa3b604f0f25618f89c24bb433628eef8d1ea,D:\HEST1000BenchRun\COUNT-HEST-SHARED-K32-001\main\NCBI825\VALUE_K32\attempt01\RESULT.json,,1159,32298,37433382,6083187,3236275,3231744,3045043,D:\HEST1000BenchRun\COUNT-HEST-SHARED-K32-001\main\NCBI825\VALUE_K32\attempt01\archive.cnt,dcc489f310419d51e7ff2f755b29c37212cd8267232e462f778fafbe6b92377b,True,True,30,4531,0.1400066434403751,0.6507652447753719,4.004536437890205,0.6906656737561142,4.250066946815871,57099165,299467056,73002884,"{""values"": {""shape"": [6083187], ""dtype"": ""<i8"", ""nbytes"": 48665496}, ""indices"": {""shape"": [6083187], ""dtype"": ""<i4"", ""nbytes"": 24332748}, ""indptr"": {""shape"": [1160], ""dtype"": ""<i4"", ""nbytes"": 4640}}",1,8.25,3.2030000000013388,324964352,0.05659879614701896,0.010791651152439284,0.04426871683589925
NCBI826,Visium,Homo sapiens,Liver,success,32,E:\Hestdata\st\NCBI826.h5ad,609f464e3bf4b41906ede902b7fb8f3d43b952c18e73974c1c070fa92f885095,D:\HEST1000BenchRun\COUNT-HEST-SHARED-K32-001\main\NCBI826\VALUE_K32\attempt01\RESULT.json,,4992,33538,167421696,5581753,3879431,3870882,3622791,D:\HEST1000BenchRun\COUNT-HEST-SHARED-K32-001\main\NCBI826\VALUE_K32\attempt01\archive.cnt,12094d303e05512c3a37b234bd910f73ff079244956093cbee225aa072999f44,True,True,25,8549,0.2203673683073626,0.17310975036353712,5.192334379539904,0.184964414647908,5.547908694634105,52833172,1339373568,67001008,"{""values"": {""shape"": [5581753], ""dtype"": ""<i8"", ""nbytes"": 44654024}, ""indices"": {""shape"": [5581753], ""dtype"": ""<i4"", ""nbytes"": 22327012}, ""indptr"": {""shape"": [4993], ""dtype"": ""<i4"", ""nbytes"": 19972}}",1,10.406000000000859,3.5159999999996217,324423680,0.0732661290902617,0.0028900689788735625,0.057773489019747284
NCBI827,Visium,Homo sapiens,Liver,success,32,E:\Hestdata\st\NCBI827.h5ad,7dd1516926ce0f1f57c7f92cf8dc42a8e7a2d6823ad0d91b5b8ea2b7b7ca84a4,D:\HEST1000BenchRun\COUNT-HEST-SHARED-K32-001\main\NCBI827\VALUE_K32\attempt01\RESULT.json,,4992,33538,167421696,8253932,5158087,5138683,4888766,D:\HEST1000BenchRun\COUNT-HEST-SHARED-K32-001\main\NCBI827\VALUE_K32\attempt01\archive.cnt,25e55c4ba3db2d9b5eb7271eb7436cd83ae5582b72d30a351a3aa0f1c8a895db,True,True,26,19404,0.376185977475758,0.23360250752686199,4.7383632431185525,0.2455444245410105,4.980591553213668,74201196,1339373568,99067156,"{""values"": {""shape"": [8253932], ""dtype"": ""<i8"", ""nbytes"": 66031456}, ""indices"": {""shape"": [8253932], ""dtype"": ""<i4"", ""nbytes"": 33015728}, ""indptr"": {""shape"": [4993], ""dtype"": ""<i4"", ""nbytes"": 19972}}",1,13.28099999999904,4.515000000001237,423395328,0.06925337160333642,0.003836631633453289,0.05187070273825162
NCBI828,Visium,Homo sapiens,Liver,success,32,E:\Hestdata\st\NCBI828.h5ad,efd09e3d357cf243bd69a6d363a84ed94a6a7248a0833c3ec224482a9d3e1ff0,D:\HEST1000BenchRun\COUNT-HEST-SHARED-K32-001\main\NCBI828\VALUE_K32\attempt01\RESULT.json,,4992,33538,167421696,8534984,5313553,5295146,5044205,D:\HEST1000BenchRun\COUNT-HEST-SHARED-K32-001\main\NCBI828\VALUE_K32\attempt01\archive.cnt,f1e80eef7236a58dfa65faa58b30c6a084cf217fb204d6085c32095bbd9db873,True,True,28,18407,0.34641604214731647,0.24102993198683162,4.728027609659256,0.253020779337942,4.963239298398216,76425900,1339373568,102439780,"{""values"": {""shape"": [8534984], ""dtype"": ""<i8"", ""nbytes"": 68279872}, ""indices"": {""shape"": [8534984], ""dtype"": ""<i4"", ""nbytes"": 34139936}, ""indptr"": {""shape"": [4993], ""dtype"": ""<i4"", ""nbytes"": 19972}}",1,13.593999999999141,4.71900000000096,377257984,0.06928470583925082,0.0039534496771553435,0.05169032967466349
NCBI829,Visium,Homo sapiens,Liver,success,32,E:\Hestdata\st\NCBI829.h5ad,e0009b5afefc908cec35470b0fe9e8ebd9f882de07d7f57a00ae33e59d8cca73,D:\HEST1000BenchRun\COUNT-HEST-SHARED-K32-001\main\NCBI829\VALUE_K32\attempt01\RESULT.json,,4992,33538,167421696,11305778,6541094,6480036,6228548,D:\HEST1000BenchRun\COUNT-HEST-SHARED-K32-001\main\NCBI829\VALUE_K32\attempt01\archive.cnt,f292e8a6d7ed13ce3a94993dfc7a23f39e3b6f817950ecce08a83912e1e28fd5,True,True,29,61058,0.9334524163694942,0.29762202385048114,4.407337911641286,0.309639008793699,4.585291520848897,98664180,1339373568,135689308,"{""values"": {""shape"": [11305778], ""dtype"": ""<i8"", ""nbytes"": 90446224}, ""indices"": {""shape"": [11305778], ""dtype"": ""<i4"", ""nbytes"": 45223112}, ""indptr"": {""shape"": [4993], ""dtype"": ""<i4"", ""nbytes"": 19972}}",1,16.188000000000102,5.656000000000859,491552768,0.06567769579598189,0.004838109512401547,0.047756423077933305
NCBI831,Visium,Homo sapiens,Liver,success,32,E:\Hestdata\st\NCBI831.h5ad,399775ea192553530a3686699cb5b9ea2c4b9d26fad9d3a1b64d90ebc99f21ff,D:\HEST1000BenchRun\COUNT-HEST-SHARED-K32-001\main\NCBI831\VALUE_K32\attempt01\RESULT.json,,4992,33538,167421696,6327519,4343291,4332973,4082398,D:\HEST1000BenchRun\COUNT-HEST-SHARED-K32-001\main\NCBI831\VALUE_K32\attempt01\archive.cnt,e19f18b739997044a14232919dbe41f272c7a87f06213133c8baa2a3bd9ab828,True,True,24,10318,0.23756179358002952,0.19507139624245592,5.161451747517471,0.207044754820785,5.478258382155786,58759044,1339373568,75950200,"{""values"": {""shape"": [6327519], ""dtype"": ""<i8"", ""nbytes"": 50620152}, ""indices"": {""shape"": [6327519], ""dtype"": ""<i4"", ""nbytes"": 25310076}, ""indptr"": {""shape"": [4993], ""dtype"": ""<i4"", ""nbytes"": 19972}}",1,11.453999999999724,3.7810000000008586,373583872,0.07374138013545625,0.0032350742940747655,0.05705018551629884
NCBI832,Visium,Homo sapiens,Liver,success,32,E:\Hestdata\st\NCBI832.h5ad,d928e679d8ddaf83376c19b5f6d20a7a2e71bb310b7efb950514775683045508,D:\HEST1000BenchRun\COUNT-HEST-SHARED-K32-001\main\NCBI832\VALUE_K32\attempt01\RESULT.json,,4992,33538,167421696,12806097,7168949,7119891,6871046,D:\HEST1000BenchRun\COUNT-HEST-SHARED-K32-001\main\NCBI832\VALUE_K32\attempt01\archive.cnt,c96c29bd9bbb0bbcb1e9576e4a7a427d042b58cef7da6312f6418a218515ad2b,True,True,25,49058,0.6843123029610059,0.32832284771502973,4.2923591786006305,0.3402135407826713,4.447813256451204,110635460,1339373568,153693136,"{""values"": {""shape"": [12806097], ""dtype"": ""<i8"", ""nbytes"": 102448776}, ""indices"": {""shape"": [12806097], ""dtype"": ""<i4"", ""nbytes"": 51224388}, ""indptr"": {""shape"": [4993], ""dtype"": ""<i4"", ""nbytes"": 19972}}",1,17.54700000000048,6.25,557735936,0.0643545116547624,0.005315836574729239,0.046325367451673316
NCBI833,Visium,Homo sapiens,Liver,success,32,E:\Hestdata\st\NCBI833.h5ad,6c55ccc57e5c17422819c07b251c8678cf2593d0e3e70d5af89bbe1779aa134c,D:\HEST1000BenchRun\COUNT-HEST-SHARED-K32-001\main\NCBI833\VALUE_K32\attempt01\RESULT.json,,4992,33538,167421696,10419363,6020592,5985377,5736498,D:\HEST1000BenchRun\COUNT-HEST-SHARED-K32-001\main\NCBI833\VALUE_K32\attempt01\archive.cnt,83b1f80b898d92bc46f916cbf01e773b2da1e8f4b79feb8932b7db294bac5b4d,True,True,26,35215,0.5849092580928918,0.27411013683674545,4.404490370476583,0.2860024545444815,4.595579979313515,91542100,1339373568,125052328,"{""values"": {""shape"": [10419363], ""dtype"": ""<i8"", ""nbytes"": 83354904}, ""indices"": {""shape"": [10419363], ""dtype"": ""<i4"", ""nbytes"": 41677452}, ""indptr"": {""shape"": [4993], ""dtype"": ""<i4"", ""nbytes"": 19972}}",1,15.390999999999622,5.45299999999952,481193984,0.06538387255699836,0.004468788352257523,0.04786297940810826
NCBI834,Visium,Mus musculus,Liver,success,32,E:\Hestdata\st\NCBI834.h5ad,72df87eae25822237d323b1d6cd3be1718781089c6a48c2e1fac9d4b5ca9feac,D:\HEST1000BenchRun\COUNT-HEST-SHARED-K32-001\main\NCBI834\VALUE_K32\attempt01\RESULT.json,,4992,31053,155016576,16410954,8719380,8631461,8394446,D:\HEST1000BenchRun\COUNT-HEST-SHARED-K32-001\main\NCBI834\VALUE_K32\attempt01\archive.cnt,787578f75a0b21f910e94d4be726ff6dbe2fa25fc7331915ab7abedec89af801,True,True,28,87919,1.008317105115272,0.4332154001388858,4.092118471601347,0.44544712431269284,4.207658372572369,139354494,1240132608,196951420,"{""values"": {""shape"": [16410954], ""dtype"": ""<i8"", ""nbytes"": 131287632}, ""indices"": {""shape"": [16410954], ""dtype"": ""<i4"", ""nbytes"": 65643816}, ""indptr"": {""shape"": [4993], ""dtype"": ""<i4"", ""nbytes"": 19972}}",1,21.061999999999898,7.46900000000096,673374208,0.0619388779812153,0.006960111317385826,0.04382533012455559
NCBI835,Visium,Mus musculus,Liver,success,32,E:\Hestdata\st\NCBI835.h5ad,c21d8de1ba29ec7805f2707225a506c2f21c015e650316354217027818b50d6a,D:\HEST1000BenchRun\COUNT-HEST-SHARED-K32-001\main\NCBI835\VALUE_K32\attempt01\RESULT.json,,4992,31053,155016576,14755606,7994195,7921399,7684986,D:\HEST1000BenchRun\COUNT-HEST-SHARED-K32-001\main\NCBI835\VALUE_K32\attempt01\archive.cnt,dda097c694aae1cfca2ae2a0b6795c264750fb44e495da28bdd351d70da0e82d,True,True,27,72796,0.9106107619341285,0.3966020253214727,4.166544430638769,0.408802681849972,4.294719715340732,126123030,1240132608,177087244,"{""values"": {""shape"": [14755606], ""dtype"": ""<i8"", ""nbytes"": 118044848}, ""indices"": {""shape"": [14755606], ""dtype"": ""<i4"", ""nbytes"": 59022424}, ""indptr"": {""shape"": [4993], ""dtype"": ""<i4"", ""nbytes"": 19972}}",1,19.73400000000038,7.015999999999622,690290688,0.06280691956100325,0.006387541903905812,0.044731618275114154
NCBI836,Visium,Mus musculus,Liver,success,32,E:\Hestdata\st\NCBI836.h5ad,81fb893fe6ae1b4b5a136db545b9376111732b494629a420932be690e987a90e,D:\HEST1000BenchRun\COUNT-HEST-SHARED-K32-001\main\NCBI836\VALUE_K32\attempt01\RESULT.json,,4992,31053,155016576,11568734,6491479,6446280,6210536,D:\HEST1000BenchRun\COUNT-HEST-SHARED-K32-001\main\NCBI836\VALUE_K32\attempt01\archive.cnt,e8c38d007332ec433db9578d03a0b23051f8c12107deb05d5ba031ffab8e7248,True,True,27,45199,0.6962820029148982,0.32050951764022967,4.294703984031442,0.3326756488286775,4.457725452067616,100602526,1240132608,138844780,"{""values"": {""shape"": [11568734], ""dtype"": ""<i8"", ""nbytes"": 92549872}, ""indices"": {""shape"": [11568734], ""dtype"": ""<i4"", ""nbytes"": 46274936}, ""indptr"": {""shape"": [4993], ""dtype"": ""<i4"", ""nbytes"": 19972}}",1,16.25,5.82799999999952,515969024,0.06407672109545241,0.005198057012948086,0.04642796077749556
NCBI837,Visium,Mus musculus,Liver,success,32,E:\Hestdata\st\NCBI837.h5ad,54bc5833eb12b6f500bea6e56c2117977babd0411bb3170db24b07a636fb6912,D:\HEST1000BenchRun\COUNT-HEST-SHARED-K32-001\main\NCBI837\VALUE_K32\attempt01\RESULT.json,,4992,31053,155016576,17572787,9147138,9034784,8798233,D:\HEST1000BenchRun\COUNT-HEST-SHARED-K32-001\main\NCBI837\VALUE_K32\attempt01\archive.cnt,9a47a4961a01bae1b70a46b3f9a65d94f92ef9daa0f15c5be24253d11f24f29e,True,True,27,112354,1.2282967634248,0.4540537909958739,4.005389924774027,0.4662615693433972,4.113079615658005,148662222,1240132608,210893416,"{""values"": {""shape"": [17572787], ""dtype"": ""<i8"", ""nbytes"": 140582296}, ""indices"": {""shape"": [17572787], ""dtype"": ""<i4"", ""nbytes"": 70291148}, ""indptr"": {""shape"": [4993], ""dtype"": ""<i4"", ""nbytes"": 19972}}",1,22.01600000000144,8.20299999999952,779386880,0.06077390663513693,0.007285337020990581,0.042840521868164914
NCBI838,Visium,Mus musculus,Liver,success,32,E:\Hestdata\st\NCBI838.h5ad,d4395dc1ce86550629fe86818e62a64655d60c919c199a83d0d29a854ee4c304,D:\HEST1000BenchRun\COUNT-HEST-SHARED-K32-001\main\NCBI838\VALUE_K32\attempt01\RESULT.json,,4992,31053,155016576,9696530,5633264,5591740,5357642,D:\HEST1000BenchRun\COUNT-HEST-SHARED-K32-001\main\NCBI838\VALUE_K32\attempt01\archive.cnt,e482bbb6468fa7e9bac70dbf26c33867cd833c25c21a1b041546cb844985b51f,True,True,26,41524,0.7371214983000974,0.27649388927284785,4.420255080941327,0.2885750747068494,4.613394688615412,85654550,1240132608,116378332,"{""values"": {""shape"": [9696530], ""dtype"": ""<i8"", ""nbytes"": 77572240}, ""indices"": {""shape"": [9696530], ""dtype"": ""<i4"", ""nbytes"": 38786120}, ""indptr"": {""shape"": [4993], ""dtype"": ""<i4"", ""nbytes"": 19972}}",1,14.65599999999904,5.406000000000859,455475200,0.06528246310324437,0.004508985542294522,0.048047947619665146
NCBI839,Visium,Mus musculus,Liver,success,32,E:\Hestdata\st\NCBI839.h5ad,a81b436fbffcda4393832b5d30e1e1666ace7b655da60173731b184aba9c9deb,D:\HEST1000BenchRun\COUNT-HEST-SHARED-K32-001\main\NCBI839\VALUE_K32\attempt01\RESULT.json,,4992,31053,155016576,9452227,5532870,5498780,5265110,D:\HEST1000BenchRun\COUNT-HEST-SHARED-K32-001\main\NCBI839\VALUE_K32\attempt01\archive.cnt,51f57258c762d6c33a1581390e038bb557fa9e3e8c23fcb83c185583de4f1fad,True,True,26,34090,0.6161359294543338,0.2717185547950691,4.45618582795356,0.28377765226861934,4.653955094392042,83699662,1240132608,113446696,"{""values"": {""shape"": [9452227], ""dtype"": ""<i8"", ""nbytes"": 75617816}, ""indices"": {""shape"": [9452227], ""dtype"": ""<i4"", ""nbytes"": 37808908}, ""indptr"": {""shape"": [4993], ""dtype"": ""<i4"", ""nbytes"": 19972}}",1,14.5,5.063000000000102,451334144,0.06569656159423917,0.004434025816697177,0.04847016434925527
NCBI840,Visium,Mus musculus,Liver,success,32,E:\Hestdata\st\NCBI840.h5ad,1328aee92b7e8b4ce03920e46efb6f201cca3e61d95e606cb2c1401fa5619acc,D:\HEST1000BenchRun\COUNT-HEST-SHARED-K32-001\main\NCBI840\VALUE_K32\attempt01\RESULT.json,,4992,31053,155016576,8810333,5220570,5190592,4957707,D:\HEST1000BenchRun\COUNT-HEST-SHARED-K32-001\main\NCBI840\VALUE_K32\attempt01\archive.cnt,aee9eb7237207539dabde2c17027c517de67af18237bf2edf1c78c1b0130de64,True,True,27,29978,0.574228484629073,0.2558542900599224,4.501720423053249,0.26787287573685026,4.713185755861895,78453550,1240132608,105743968,"{""values"": {""shape"": [8810333], ""dtype"": ""<i8"", ""nbytes"": 70482664}, ""indices"": {""shape"": [8810333], ""dtype"": ""<i4"", ""nbytes"": 35241332}, ""indptr"": {""shape"": [4993], ""dtype"": ""<i4"", ""nbytes"": 19972}}",1,13.85899999999856,4.735000000000582,426790912,0.06616134005408296,0.004185513683388285,0.04908641219137909
NCBI841,Visium,Mus musculus,Liver,success,32,E:\Hestdata\st\NCBI841.h5ad,75489570e6f79e2ed849d91dd5b8d96fd23673f74ba25ad0fac265eacd1a49c9,D:\HEST1000BenchRun\COUNT-HEST-SHARED-K32-001\main\NCBI841\VALUE_K32\attempt01\RESULT.json,,4992,31053,155016576,11564260,6467010,6406413,6171944,D:\HEST1000BenchRun\COUNT-HEST-SHARED-K32-001\main\NCBI841\VALUE_K32\attempt01\archive.cnt,2774b1b2c4ff0fcd5b3c855e277d7710df05d71e8306d68171589708dc5ff221,True,True,27,60597,0.9370172614546753,0.3185178854679386,4.26966809808842,0.3306182172414904,4.431870608236065,100611758,1240132608,138791092,"{""values"": {""shape"": [11564260], ""dtype"": ""<i8"", ""nbytes"": 92514080}, ""indices"": {""shape"": [11564260], ""dtype"": ""<i4"", ""nbytes"": 46257040}, ""indptr"": {""shape"": [4993], ""dtype"": ""<i4"", ""nbytes"": 19972}}",1,16.48400000000038,6.015999999999622,515850240,0.06367459556764728,0.005165909644398287,0.04615867565909777
NCBI842,Visium,Mus musculus,Liver,success,32,E:\Hestdata\st\NCBI842.h5ad,9cfe9728ed706ff6b7c25322e49f5265cc5debd9594750bfa872bc1aa65f42f0,D:\HEST1000BenchRun\COUNT-HEST-SHARED-K32-001\main\NCBI842\VALUE_K32\attempt01\RESULT.json,,4992,31053,155016576,10946341,6159082,6120500,5887793,D:\HEST1000BenchRun\COUNT-HEST-SHARED-K32-001\main\NCBI842\VALUE_K32\attempt01\archive.cnt,b68d53723903e5d4f3bdd1b601d467eb0dc5a3067e534f165ea5092810796511,True,True,28,38582,0.6264245223557666,0.30385359563096015,4.303021804272314,0.31586299519349464,4.473092880991008,95663790,1240132608,131376064,"{""values"": {""shape"": [10946341], ""dtype"": ""<i8"", ""nbytes"": 87570728}, ""indices"": {""shape"": [10946341], ""dtype"": ""<i4"", ""nbytes"": 43785364}, ""indptr"": {""shape"": [4993], ""dtype"": ""<i4"", ""nbytes"": 19972}}",1,15.906000000000859,5.688000000000102,465571840,0.06397927575313501,0.004935359299898354,0.04658763410662082
NCBI843,Visium,Mus musculus,Liver,success,32,E:\Hestdata\st\NCBI843.h5ad,9d87dd5ccafb8f2bb9be98c7fb75aeffaf3018f2f72489750e5fe3597564748a,D:\HEST1000BenchRun\COUNT-HEST-SHARED-K32-001\main\NCBI843\VALUE_K32\attempt01\RESULT.json,,4992,31053,155016576,14080225,7663814,7612167,7377082,D:\HEST1000BenchRun\COUNT-HEST-SHARED-K32-001\main\NCBI843\VALUE_K32\attempt01\archive.cnt,18dd07e561142c38e1f30dae978d364d145d1fe1eb1ee5d84b66fccdceac524e,True,True,29,51647,0.6739072738456335,0.3807119052868256,4.19145688367906,0.3928440272090644,4.325025771960321,120700502,1240132608,168982672,"{""values"": {""shape"": [14080225], ""dtype"": ""<i8"", ""nbytes"": 112641800}, ""indices"": {""shape"": [14080225], ""dtype"": ""<i4"", ""nbytes"": 56320900}, ""indptr"": {""shape"": [4993], ""dtype"": ""<i4"", ""nbytes"": 19972}}",1,19.156999999999243,6.936999999999898,597307392,0.06306657282999535,0.0061381879251416315,0.04504702707032589
NCBI844,Visium,Mus musculus,Liver,success,32,E:\Hestdata\st\NCBI844.h5ad,dd1c481338754003b3264eefd672f37e8db673d327ecb6031eb26a258cc550f6,D:\HEST1000BenchRun\COUNT-HEST-SHARED-K32-001\main\NCBI844\VALUE_K32\attempt01\RESULT.json,,4992,31053,155016576,11089602,6263126,6225873,5991715,D:\HEST1000BenchRun\COUNT-HEST-SHARED-K32-001\main\NCBI844\VALUE_K32\attempt01\archive.cnt,a3c63d3addcb62144f99ca639ce4c493c745077d2083648a222480b179b5ccb1,True,True,29,37253,0.5947988272948684,0.30921673821514417,4.322402192612503,0.3213010200921997,4.491322952798487,96807670,1240132608,133095196,"{""values"": {""shape"": [11089602], ""dtype"": ""<i8"", ""nbytes"": 88716816}, ""indices"": {""shape"": [11089602], ""dtype"": ""<i4"", ""nbytes"": 44358408}, ""indptr"": {""shape"": [4993], ""dtype"": ""<i4"", ""nbytes"": 19972}}",1,16.375,5.70299999999952,486993920,0.06431177405674571,0.00502032843894062,0.04677759368565038
NCBI855,Visium,Homo sapiens,Bladder,success,32,E:\Hestdata\st\NCBI855.h5ad,cf865f38726dcf9436b5b7452c37ec564d133c8e0557aa10da28ae7e22b7e61d,D:\HEST1000BenchRun\COUNT-HEST-SHARED-K32-001\main\NCBI855\VALUE_K32\attempt01\RESULT.json,,1432,17943,25694376,894696,730026,732376,613963,D:\HEST1000BenchRun\COUNT-HEST-SHARED-K32-001\main\NCBI855\VALUE_K32\attempt01\archive.cnt,548acbe0d186dddf2a2cc28ebd737a6d7e19686deed64c4f241780c5ff3f77c4,True,True,19,-2350,-0.321906343061754,0.19115871893522535,5.489802122732191,0.22802686471156178,6.54860198324347,210334631,205555008,10742084,"{""values"": {""shape"": [894696], ""dtype"": ""<i8"", ""nbytes"": 7157568}, ""indices"": {""shape"": [894696], ""dtype"": ""<i4"", ""nbytes"": 3578784}, ""indptr"": {""shape"": [1433], ""dtype"": ""<i4"", ""nbytes"": 5732}}",1,3.4539999999997235,1.1410000000014406,186265600,0.0034819563308145867,0.0035629197611181528,0.06817820452716623
NCBI97,Spatial Transcriptomics,Mus musculus,Spinal cord,success,32,E:\Hestdata\st\NCBI97.h5ad,70e6214ff5d2969b373366757c63994208d9ade996ada3e8c75becf3f0018738,D:\HEST1000BenchRun\COUNT-HEST-SHARED-K32-001\main\NCBI97\VALUE_K32\attempt01\RESULT.json,,291,15671,4560261,510795,363065,365442,281193,D:\HEST1000BenchRun\COUNT-HEST-SHARED-K32-001\main\NCBI97\VALUE_K32\attempt01\archive.cnt,d58497a2aeb9102c04d52a89b947498658c45de8cc4fb559924f608ebf080a12,True,True,22,-2377,-0.654703703193643,0.4932928181084372,4.404005520805803,0.6410896218440129,5.723501600446363,40784719,36482088,6130708,"{""values"": {""shape"": [510795], ""dtype"": ""<i8"", ""nbytes"": 4086360}, ""indices"": {""shape"": [510795], ""dtype"": ""<i4"", ""nbytes"": 2043180}, ""indptr"": {""shape"": [292], ""dtype"": ""<i4"", ""nbytes"": 1168}}",1,2.5469999999986612,1.1410000000014406,177070080,0.00896026769241686,0.010017025341312701,0.059608449790790885
NCBI98,Spatial Transcriptomics,Mus musculus,Spinal cord,success,32,E:\Hestdata\st\NCBI98.h5ad,fcddc5b8cd32d939236c021d793304e0f0138b24129975b1efda808c167cb8bd,D:\HEST1000BenchRun\COUNT-HEST-SHARED-K32-001\main\NCBI98\VALUE_K32\attempt01\RESULT.json,,281,15964,4485884,620233,414556,416047,329938,D:\HEST1000BenchRun\COUNT-HEST-SHARED-K32-001\main\NCBI98\VALUE_K32\attempt01\archive.cnt,6d3d2f0e152383af58d5584947d98d493540e1cb540a1742f1fb04ee7e484964,True,True,22,-1491,-0.35966190333754666,0.5884021967576514,4.2556652096873275,0.7419665778250173,5.366331685028046,40211644,35887072,7443924,"{""values"": {""shape"": [620233], ""dtype"": ""<i8"", ""nbytes"": 4961864}, ""indices"": {""shape"": [620233], ""dtype"": ""<i4"", ""nbytes"": 2480932}, ""indptr"": {""shape"": [282], ""dtype"": ""<i4"", ""nbytes"": 1128}}",1,2.5159999999996217,0.9530000000013388,178765824,0.010346430998941501,0.011593227778515895,0.05589081779985932
NCBI99,Spatial Transcriptomics,Mus musculus,Spinal cord,success,32,E:\Hestdata\st\NCBI99.h5ad,f33def0e33e0449aba7eef33bb2518c336ec1f1ef3e85cd726d071976c5168de,D:\HEST1000BenchRun\COUNT-HEST-SHARED-K32-001\main\NCBI99\VALUE_K32\attempt01\RESULT.json,,304,15830,4812320,567639,389984,391214,305687,D:\HEST1000BenchRun\COUNT-HEST-SHARED-K32-001\main\NCBI99\VALUE_K32\attempt01\archive.cnt,19a6794dfdb395d1f729dc00ed89e86d5d8949bdccba6dd36d9d3be0addabccc,True,True,19,-1230,-0.3153975547714778,0.5081740200152941,4.3081888312818535,0.6503540911660073,5.5135605552120275,42813086,38498560,6812888,"{""values"": {""shape"": [567639], ""dtype"": ""<i8"", ""nbytes"": 4541112}, ""indices"": {""shape"": [567639], ""dtype"": ""<i4"", ""nbytes"": 2270556}, ""indptr"": {""shape"": [305], ""dtype"": ""<i4"", ""nbytes"": 1220}}",1,2.375,0.9689999999991414,178049024,0.009137720182095726,0.010161782674468864,0.057422637800592057
SPA0,Spatial Transcriptomics,Homo sapiens,Breast,success,32,E:\Hestdata\st\SPA0.h5ad,9887e5c4994c939cc31e9b76ab33a34f3cd4ba412762c8e90b81bc47d97efc43,D:\HEST1000BenchRun\COUNT-HEST-SHARED-K32-001\main\SPA0\VALUE_K32\attempt01\RESULT.json,,262,14808,3879696,387867,327274,330800,253452,D:\HEST1000BenchRun\COUNT-HEST-SHARED-K32-001\main\SPA0\VALUE_K32\attempt01\archive.cnt,033bb594abef8816dd0ca8a872add3ca402ddb7b704aeb3c8de39c52ec45fb60,True,True,20,-3526,-1.0773846990595037,0.5226223910326995,5.227606370224845,0.6821152997554447,6.822957353938334,35226856,31037568,4655456,"{""values"": {""shape"": [387867], ""dtype"": ""<i8"", ""nbytes"": 3102936}, ""indices"": {""shape"": [387867], ""dtype"": ""<i4"", ""nbytes"": 1551468}, ""indptr"": {""shape"": [263], ""dtype"": ""<i4"", ""nbytes"": 1052}}",1,2.20299999999952,0.9529999999995198,175607808,0.009390562700230755,0.010658051558678824,0.07105641208938501
SPA1,Spatial Transcriptomics,Homo sapiens,Breast,success,32,E:\Hestdata\st\SPA1.h5ad,f5003788fb838af896afed87740402d6f14b3ac87782a76685f7b9c714e36b0e,D:\HEST1000BenchRun\COUNT-HEST-SHARED-K32-001\main\SPA1\VALUE_K32\attempt01\RESULT.json,,264,14929,3941256,377577,323512,326888,249361,D:\HEST1000BenchRun\COUNT-HEST-SHARED-K32-001\main\SPA1\VALUE_K32\attempt01\archive.cnt,5d60495efde354443b913aa768d07e3666a093d7fd086181046be2a0eca5afbc,True,True,19,-3376,-1.0435470708969063,0.5061553981776368,5.2833938507906995,0.6635204614975531,6.926015090961578,35733441,31530048,4531984,"{""values"": {""shape"": [377577], ""dtype"": ""<i8"", ""nbytes"": 3020616}, ""indices"": {""shape"": [377577], ""dtype"": ""<i4"", ""nbytes"": 1510308}, ""indptr"": {""shape"": [265], ""dtype"": ""<i4"", ""nbytes"": 1060}}",1,2.235000000000582,1.0939999999991414,175165440,0.009147957511284737,0.010367507210899267,0.07212911607807972
SPA10,Spatial Transcriptomics,Mus musculus,Brain,success,32,E:\Hestdata\st\SPA10.h5ad,f1defadab89a5dd10b761015e436df244a56ddb5f0ca26e2b804675412dc0be5,D:\HEST1000BenchRun\COUNT-HEST-SHARED-K32-001\main\SPA10\VALUE_K32\attempt01\RESULT.json,,242,16251,3932742,1190677,668394,668355,581958,D:\HEST1000BenchRun\COUNT-HEST-SHARED-K32-001\main\SPA10\VALUE_K32\attempt01\archive.cnt,e1d19c68905e3c987c26025fd08cc0884a56d4b48db55ff995d7d7e07b64f941,True,True,23,39,0.005834881821201268,1.1838213643305358,3.910098204634842,1.3595704981409917,4.490588127594638,35783451,31461936,14289096,"{""values"": {""shape"": [1190677], ""dtype"": ""<i8"", ""nbytes"": 9525416}, ""indices"": {""shape"": [1190677], ""dtype"": ""<i4"", ""nbytes"": 4762708}, ""indptr"": {""shape"": [243], ""dtype"": ""<i4"", ""nbytes"": 972}}",1,3.04700000000048,1.1559999999990396,186245120,0.018677768111298152,0.021243289033452996,0.04677377771134017
SPA100,Spatial Transcriptomics,Homo sapiens,Breast,success,32,E:\Hestdata\st\SPA100.h5ad,7818dac073cff853ae4c42a72793232ececb5ebf1fd7d7924b3949901b843859,D:\HEST1000BenchRun\COUNT-HEST-SHARED-K32-001\main\SPA100\VALUE_K32\attempt01\RESULT.json,,695,18126,12597570,1668786,977836,973862,872842,D:\HEST1000BenchRun\COUNT-HEST-SHARED-K32-001\main\SPA100\VALUE_K32\attempt01\archive.cnt,c5f08cadcd7dd6fe82856d7146bded59a613bcd7ac7f6d34ce0eb47bdbd7e7c9,True,True,22,3974,0.40640761845544654,0.5542922960539215,4.1843208176482785,0.6184443507755861,4.66860100695955,105543765,100780560,20028216,"{""values"": {""shape"": [1668786], ""dtype"": ""<i8"", ""nbytes"": 13350288}, ""indices"": {""shape"": [1668786], ""dtype"": ""<i4"", ""nbytes"": 6675144}, ""indptr"": {""shape"": [696], ""dtype"": ""<i4"", ""nbytes"": 2784}}",1,3.7189999999991414,1.4529999999995198,194646016,0.009227091718776566,0.009663192980868533,0.04862450055461755
SPA102,Spatial Transcriptomics,Homo sapiens,Breast,success,32,E:\Hestdata\st\SPA102.h5ad,2fc6592965cd58b7dcd284e1717ea8789c66125526ab27e1306c7f2399c7fac2,D:\HEST1000BenchRun\COUNT-HEST-SHARED-K32-001\main\SPA102\VALUE_K32\attempt01\RESULT.json,,570,17960,10237200,959697,629095,629904,533969,D:\HEST1000BenchRun\COUNT-HEST-SHARED-K32-001\main\SPA102\VALUE_K32\attempt01\archive.cnt,fb5d520a4831e819fee1639b136cd6841143d001c71e3790f9e6e88ba37ca705,True,True,23,-809,-0.12859742964099222,0.4172773805337397,4.451146559799604,0.49224709881608253,5.250857301835892,86624602,81897600,11518648,"{""values"": {""shape"": [959697], ""dtype"": ""<i8"", ""nbytes"": 7677576}, ""indices"": {""shape"": [959697], ""dtype"": ""<i4"", ""nbytes"": 3838788}, ""indptr"": {""shape"": [571], ""dtype"": ""<i4"", ""nbytes"": 2284}}",1,3.061999999999898,1.2969999999986612,185552896,0.007271652457346933,0.0076913609190012895,0.054685584627640324
SPA103,Spatial Transcriptomics,Homo sapiens,Breast,success,32,E:\Hestdata\st\SPA103.h5ad,bf6fa542a3c72c7d838e500b31c814c0ed717ae2f06294fc3730f1f4a90b10e1,D:\HEST1000BenchRun\COUNT-HEST-SHARED-K32-001\main\SPA103\VALUE_K32\attempt01\RESULT.json,,572,18013,10303436,970484,635234,636009,539720,D:\HEST1000BenchRun\COUNT-HEST-SHARED-K32-001\main\SPA103\VALUE_K32\attempt01\archive.cnt,f28a12dba05537cb78061b62a7d72204697c935899f635df19896d18774cfbda,True,True,23,-775,-0.1220022857718573,0.4190602047705251,4.4490790162434415,0.49382283735251037,5.242819046990986,87165337,82427488,11648100,"{""values"": {""shape"": [970484], ""dtype"": ""<i8"", ""nbytes"": 7763872}, ""indices"": {""shape"": [970484], ""dtype"": ""<i4"", ""nbytes"": 3881936}, ""indptr"": {""shape"": [573], ""dtype"": ""<i4"", ""nbytes"": 2292}}",1,3.0,1.125,185135104,0.007296581667549797,0.0077159818336329745,0.05460195224972313
SPA104,Spatial Transcriptomics,Homo sapiens,Breast,success,32,E:\Hestdata\st\SPA104.h5ad,84892838be03772a40af1d76185b4d706d172659ffe2907a2dec0aedc456fadf,D:\HEST1000BenchRun\COUNT-HEST-SHARED-K32-001\main\SPA104\VALUE_K32\attempt01\RESULT.json,,587,17368,10195016,673204,483763,485458,393885,D:\HEST1000BenchRun\COUNT-HEST-SHARED-K32-001\main\SPA104\VALUE_K32\attempt01\archive.cnt,44e28d0cee1922f9fd4fe8a642e10b4e252f45793c35b3f8e5b209cc290f2f88,True,True,21,-1695,-0.3503781810514653,0.30908043695076104,4.68072085133184,0.3809375090730608,5.768925912502005,86238155,81560128,8080800,"{""values"": {""shape"": [673204], ""dtype"": ""<i8"", ""nbytes"": 5385632}, ""indices"": {""shape"": [673204], ""dtype"": ""<i4"", ""nbytes"": 2692816}, ""indptr"": {""shape"": [588], ""dtype"": ""<i4"", ""nbytes"": 2352}}",1,2.7340000000003783,0.9529999999995198,181415936,0.005629271637362835,0.005952148579266575,0.06007548757548758
SPA105,Spatial Transcriptomics,Homo sapiens,Breast,success,32,E:\Hestdata\st\SPA105.h5ad,2857eb446a593ef66dabb7cfad2d32f017a463b6d09b2469ab1111a913fd68c6,D:\HEST1000BenchRun\COUNT-HEST-SHARED-K32-001\main\SPA105\VALUE_K32\attempt01\RESULT.json,,437,17246,7536502,884800,573455,574654,484015,D:\HEST1000BenchRun\COUNT-HEST-SHARED-K32-001\main\SPA105\VALUE_K32\attempt01\archive.cnt,a40f51487e20983eaed579329454123113cb3cc1c489df12ab9686156749829b,True,True,23,-1199,-0.20908353750512246,0.5137821233245875,4.37626582278481,0.6099954594319752,5.1957866184448465,64947067,60292016,10619352,"{""values"": {""shape"": [884800], ""dtype"": ""<i8"", ""nbytes"": 7078400}, ""indices"": {""shape"": [884800], ""dtype"": ""<i4"", ""nbytes"": 3539200}, ""indptr"": {""shape"": [438], ""dtype"": ""<i4"", ""nbytes"": 1752}}",1,2.860000000000582,1.4220000000004802,183406592,0.008848036201542404,0.009531179053624612,0.05411384800127164
SPA106,Spatial Transcriptomics,Homo sapiens,Breast,success,32,E:\Hestdata\st\SPA106.h5ad,48ffe678df7f7e46691c25ee3a3546f484c5dbfb86e142a544f7b0d7f9ef183b,D:\HEST1000BenchRun\COUNT-HEST-SHARED-K32-001\main\SPA106\VALUE_K32\attempt01\RESULT.json,,428,17273,7392844,751667,509312,511544,421625,D:\HEST1000BenchRun\COUNT-HEST-SHARED-K32-001\main\SPA106\VALUE_K32\attempt01\archive.cnt,8ba31285d2593ca8f9fc7a58691b2f426a240f0bb8f24e5edf453eb24fe73425,True,True,22,-2232,-0.43823825081678813,0.45625201884416877,4.487359429108901,0.5535558440026599,5.444368317353296,63788085,59142752,9021720,"{""values"": {""shape"": [751667], ""dtype"": ""<i8"", ""nbytes"": 6013336}, ""indices"": {""shape"": [751667], ""dtype"": ""<i4"", ""nbytes"": 3006668}, ""indptr"": {""shape"": [429], ""dtype"": ""<i4"", ""nbytes"": 1716}}",1,2.8440000000009604,1.1089999999985594,182022144,0.008019428706787483,0.00864931006254156,0.056701382884860096
SPA107,Spatial Transcriptomics,Homo sapiens,Breast,success,32,E:\Hestdata\st\SPA107.h5ad,1bac7efb04e2e18eeca4fafa23bd48805fbe23bbf51d0dc511f7e887d04c424f,D:\HEST1000BenchRun\COUNT-HEST-SHARED-K32-001\main\SPA107\VALUE_K32\attempt01\RESULT.json,,432,16908,7304256,723461,501495,503655,414980,D:\HEST1000BenchRun\COUNT-HEST-SHARED-K32-001\main\SPA107\VALUE_K32\attempt01\archive.cnt,f46926ef52a25b481874011e5a52050e787dd21b3a0cbde976e58f27a3f5594f,True,True,22,-2160,-0.4307121706098765,0.4545076185719668,4.588830634961663,0.5516290776226901,5.569394894818103,63072364,58434048,8683264,"{""values"": {""shape"": [723461], ""dtype"": ""<i8"", ""nbytes"": 5787688}, ""indices"": {""shape"": [723461], ""dtype"": ""<i4"", ""nbytes"": 2893844}, ""indptr"": {""shape"": [433], ""dtype"": ""<i4"", ""nbytes"": 1732}}",1,2.7189999999991414,1.8590000000003783,181350400,0.007985351555873188,0.008619204337854533,0.05800295833456175
SPA108,Spatial Transcriptomics,Homo sapiens,Breast,success,32,E:\Hestdata\st\SPA108.h5ad,98ace06ec306d94c0631b21704213a84267056e3a1f074515f4d9c6a8187a005,D:\HEST1000BenchRun\COUNT-HEST-SHARED-K32-001\main\SPA108\VALUE_K32\attempt01\RESULT.json,,403,18578,7486934,767975,517656,519793,425119,D:\HEST1000BenchRun\COUNT-HEST-SHARED-K32-001\main\SPA108\VALUE_K32\attempt01\archive.cnt,3fc28fed7aa53151a7c39ef1115abe50e5be956f9203a0820f86caa60957f749,True,True,23,-2137,-0.4128224148855611,0.4542516335792462,4.42846707249585,0.5554134709882577,5.414686675998568,64660573,59895472,9217316,"{""values"": {""shape"": [767975], ""dtype"": ""<i8"", ""nbytes"": 6143800}, ""indices"": {""shape"": [767975], ""dtype"": ""<i4"", ""nbytes"": 3071900}, ""indptr"": {""shape"": [404], ""dtype"": ""<i4"", ""nbytes"": 1616}}",1,2.7340000000003783,1.8590000000003783,182906880,0.008038793593740656,0.008678335484191526,0.05639309751341931
SPA109,Spatial Transcriptomics,Homo sapiens,Breast,success,32,E:\Hestdata\st\SPA109.h5ad,5b4d4128378168ab1834fbd368628bd8a55761fabfa08b230058b8be042a50d6,D:\HEST1000BenchRun\COUNT-HEST-SHARED-K32-001\main\SPA109\VALUE_K32\attempt01\RESULT.json,,423,18384,7776432,1028038,652672,654473,558834,D:\HEST1000BenchRun\COUNT-HEST-SHARED-K32-001\main\SPA109\VALUE_K32\attempt01\archive.cnt,c251f3a2d34e4d848335b158c3ca58f543ca83c45ae876c8d38e2d90c38298e2,True,True,23,-1801,-0.2759425867817219,0.5749001598676616,4.3487419725729985,0.6732887267579785,5.09298683511699,66961007,62211456,12338152,"{""values"": {""shape"": [1028038], ""dtype"": ""<i8"", ""nbytes"": 8224304}, ""indices"": {""shape"": [1028038], ""dtype"": ""<i4"", ""nbytes"": 4112152}, ""indptr"": {""shape"": [424], ""dtype"": ""<i4"", ""nbytes"": 1696}}",1,3.7810000000008586,1.110000000000582,185905152,0.00977394201971903,0.010520136355593413,0.05304465368881823
SPA11,Spatial Transcriptomics,Mus musculus,Brain,success,32,E:\Hestdata\st\SPA11.h5ad,37a5e52f3862b9a7019811695082be1c42ccf3d7ab5ececf258c06fe76243a55,D:\HEST1000BenchRun\COUNT-HEST-SHARED-K32-001\main\SPA11\VALUE_K32\attempt01\RESULT.json,,267,15290,4082430,871759,512597,512898,431737,D:\HEST1000BenchRun\COUNT-HEST-SHARED-K32-001\main\SPA11\VALUE_K32\attempt01\archive.cnt,f5f79a6c60e1ffcf162c7c53dede6ce2c60dcd40594ed11ee26fbf537241f8e4,True,True,20,-301,-0.058720593370620584,0.8460392462332483,3.961984906378942,1.0050837368919983,4.706787082209647,36922426,32659440,10462180,"{""values"": {""shape"": [871759], ""dtype"": ""<i8"", ""nbytes"": 6974072}, ""indices"": {""shape"": [871759], ""dtype"": ""<i4"", ""nbytes"": 3487036}, ""indptr"": {""shape"": [268], ""dtype"": ""<i4"", ""nbytes"": 1072}}",1,2.5309999999990396,1.110000000000582,182296576,0.013891232390851023,0.015704433388937473,0.04902400838066254
SPA110,Spatial Transcriptomics,Homo sapiens,Breast,success,32,E:\Hestdata\st\SPA110.h5ad,993437897d03e94cd1db575d99747805a9871e3ea67e7e219f34cf6f1513f8a4,D:\HEST1000BenchRun\COUNT-HEST-SHARED-K32-001\main\SPA110\VALUE_K32\attempt01\RESULT.json,,414,18201,7535214,1037132,641129,641981,547010,D:\HEST1000BenchRun\COUNT-HEST-SHARED-K32-001\main\SPA110\VALUE_K32\attempt01\archive.cnt,7b78c986719a2c7274b1e83ea77e3386b72eaf7f7814e25e024974cb0e25e702,True,True,24,-852,-0.13289057272405397,0.5807505931483831,4.21940505162313,0.6815795808851614,4.951971398047693,65020991,60281712,12447244,"{""values"": {""shape"": [1037132], ""dtype"": ""<i8"", ""nbytes"": 8297056}, ""indices"": {""shape"": [1037132], ""dtype"": ""<i4"", ""nbytes"": 4148528}, ""indptr"": {""shape"": [415], ""dtype"": ""<i4"", ""nbytes"": 1660}}",1,2.9530000000013388,1.125,186273792,0.009873442254978857,0.010649680951330646,0.05157615613544653
SPA111,Spatial Transcriptomics,Homo sapiens,Breast,success,32,E:\Hestdata\st\SPA111.h5ad,fbe0b0db872be4c013072e18914dcb32cbb639096a413b31d9d765317447ffd6,D:\HEST1000BenchRun\COUNT-HEST-SHARED-K32-001\main\SPA111\VALUE_K32\attempt01\RESULT.json,,297,17636,5237892,447221,367366,370957,283317,D:\HEST1000BenchRun\COUNT-HEST-SHARED-K32-001\main\SPA111\VALUE_K32\attempt01\archive.cnt,5dbf49878ef427186eb399d951c9f28b207210ab76f5a09c97bf199790be1298,True,True,19,-3591,-0.9774992786485412,0.4327191167744581,5.068044658010246,0.5665744921812057,6.6357706816093165,46558021,41903136,5367844,"{""values"": {""shape"": [447221], ""dtype"": ""<i8"", ""nbytes"": 3577768}, ""indices"": {""shape"": [447221], ""dtype"": ""<i4"", ""nbytes"": 1788884}, ""indptr"": {""shape"": [298], ""dtype"": ""<i4"", ""nbytes"": 1192}}",1,2.95299999999952,0.8130000000001019,178352128,0.007967628177323088,0.008852726440331339,0.06910726168644245
SPA112,Spatial Transcriptomics,Homo sapiens,Breast,success,32,E:\Hestdata\st\SPA112.h5ad,2fd1dd65b74d6183e9e2dcffdedc8413957ec7a789dbddd9e38decb7bfe34278,D:\HEST1000BenchRun\COUNT-HEST-SHARED-K32-001\main\SPA112\VALUE_K32\attempt01\RESULT.json,,292,18082,5279944,512069,399981,403426,313556,D:\HEST1000BenchRun\COUNT-HEST-SHARED-K32-001\main\SPA112\VALUE_K32\attempt01\archive.cnt,2259c11283b7cfaa1b1f07e3ca884ef1e58f6906c07163110726416b4e376d9b,True,True,20,-3445,-0.8612909113182876,0.4750898873169867,4.898652330057082,0.6112579981908899,6.302681865139268,46942046,42239552,6146000,"{""values"": {""shape"": [512069], ""dtype"": ""<i8"", ""nbytes"": 4096552}, ""indices"": {""shape"": [512069], ""dtype"": ""<i4"", ""nbytes"": 2048276}, ""indptr"": {""shape"": [293], ""dtype"": ""<i4"", ""nbytes"": 1172}}",1,2.375,1.0310000000008586,179052544,0.008594129024542305,0.009550906221732654,0.06564041653107712
SPA113,Spatial Transcriptomics,Homo sapiens,Breast,success,32,E:\Hestdata\st\SPA113.h5ad,8144fc3b75ec08a5892b2cfb0ac0c9990a219bbe960475a4175ccaee171b4cf2,D:\HEST1000BenchRun\COUNT-HEST-SHARED-K32-001\main\SPA113\VALUE_K32\attempt01\RESULT.json,,318,18843,5992074,692743,499084,502340,407263,D:\HEST1000BenchRun\COUNT-HEST-SHARED-K32-001\main\SPA113\VALUE_K32\attempt01\archive.cnt,cad9ae968772016a59d46d9b037ca22e96228140d849ef32e8e7d52a0bdc0dfb,True,True,22,-3256,-0.6523951879843874,0.5437356080715959,4.703192959004999,0.670672625204562,5.80117013091435,52741681,47936592,8314192,"{""values"": {""shape"": [692743], ""dtype"": ""<i8"", ""nbytes"": 5541944}, ""indices"": {""shape"": [692743], ""dtype"": ""<i4"", ""nbytes"": 2770972}, ""indptr"": {""shape"": [319], ""dtype"": ""<i4"", ""nbytes"": 1276}}",1,2.6090000000003783,0.9840000000003783,182145024,0.009524535253246858,0.01047925976882128,0.06041958136160435
SPA114,Spatial Transcriptomics,Homo sapiens,Breast,success,32,E:\Hestdata\st\SPA114.h5ad,4c343af633ee4164595192b79dcaa23310c4970dfde6d99ca8f12832abf49c2c,D:\HEST1000BenchRun\COUNT-HEST-SHARED-K32-001\main\SPA114\VALUE_K32\attempt01\RESULT.json,,301,18702,5629302,847584,548117,550399,456317,D:\HEST1000BenchRun\COUNT-HEST-SHARED-K32-001\main\SPA114\VALUE_K32\attempt01\archive.cnt,87061cc8c08642f2c971df896ba89904c8c68f7cf31dedcbe90ee5b698051446,True,True,22,-2282,-0.41633446873568963,0.648488213991717,4.306990221618152,0.7821914688535098,5.194991882810435,49785971,45034416,10172216,"{""values"": {""shape"": [847584], ""dtype"": ""<i8"", ""nbytes"": 6780672}, ""indices"": {""shape"": [847584], ""dtype"": ""<i4"", ""nbytes"": 3390336}, ""indptr"": {""shape"": [302], ""dtype"": ""<i4"", ""nbytes"": 1208}}",1,2.67200000000048,1.110000000000582,183328768,0.011055303109383966,0.01222174170083609,0.05410807242001153
SPA115,Spatial Transcriptomics,Homo sapiens,Breast,success,32,E:\Hestdata\st\SPA115.h5ad,bbe117de62b5d84677835fa6fb117b87e4428a1cdce4876e260d9097bd550046,D:\HEST1000BenchRun\COUNT-HEST-SHARED-K32-001\main\SPA115\VALUE_K32\attempt01\RESULT.json,,316,19391,6127556,807372,542450,545326,448046,D:\HEST1000BenchRun\COUNT-HEST-SHARED-K32-001\main\SPA115\VALUE_K32\attempt01\archive.cnt,60defa1a3b03402073cc51646f50d3755a7c8efb529916711bde26f2be1ab6eb,True,True,22,-2876,-0.5301871140197253,0.5849588318735888,4.439549550888562,0.7119654230822207,5.403467051123894,53860851,49020448,9689732,"{""values"": {""shape"": [807372], ""dtype"": ""<i8"", ""nbytes"": 6458976}, ""indices"": {""shape"": [807372], ""dtype"": ""<i4"", ""nbytes"": 3229488}, ""indptr"": {""shape"": [317], ""dtype"": ""<i4"", ""nbytes"": 1268}}",1,2.7190000000009604,1.25,183660544,0.010124719343925703,0.011124459735659698,0.056278749505146275
SPA116,Spatial Transcriptomics,Homo sapiens,Breast,success,32,E:\Hestdata\st\SPA116.h5ad,5d5acf7ef795cb3fdf6ea0d5aa56c44d3b65ce643bd324c4b0bdbaca855de85b,D:\HEST1000BenchRun\COUNT-HEST-SHARED-K32-001\main\SPA116\VALUE_K32\attempt01\RESULT.json,,357,16826,6006882,378613,336010,339451,254431,D:\HEST1000BenchRun\COUNT-HEST-SHARED-K32-001\main\SPA116\VALUE_K32\attempt01\archive.cnt,a2524e62a22b07401c6c8d8bd453fd4f2ffca7f0ab3006bee016076f36a30be8,True,True,19,-3441,-1.0240766643849886,0.33885266932162145,5.376064741569888,0.45208279436819304,7.172516527430384,52634799,48055056,4544788,"{""values"": {""shape"": [378613], ""dtype"": ""<i8"", ""nbytes"": 3028904}, ""indices"": {""shape"": [378613], ""dtype"": ""<i4"", ""nbytes"": 1514452}, ""indptr"": {""shape"": [358], ""dtype"": ""<i4"", ""nbytes"": 1432}}",1,2.2180000000007567,0.7969999999986612,176898048,0.006449174433059011,0.007063793662003016,0.07469017256690522
SPA118,Spatial Transcriptomics,Homo sapiens,Breast,success,32,E:\Hestdata\st\SPA118.h5ad,0bf49150702787188def51db7c540e00243849e6c8df91fa08c565cbbcb5e7de,D:\HEST1000BenchRun\COUNT-HEST-SHARED-K32-001\main\SPA118\VALUE_K32\attempt01\RESULT.json,,256,16744,4286464,343705,304715,308608,225773,D:\HEST1000BenchRun\COUNT-HEST-SHARED-K32-001\main\SPA118\VALUE_K32\attempt01\archive.cnt,4653b77b22ff123b03d8131e01169b5643bcd46545d83e3a59c5e47ca52df9ab,True,True,20,-3893,-1.277587253663259,0.4213692218107979,5.255041387236147,0.5759675107501194,7.18309014998327,38848480,34291712,4125488,"{""values"": {""shape"": [343705], ""dtype"": ""<i8"", ""nbytes"": 2749640}, ""indices"": {""shape"": [343705], ""dtype"": ""<i4"", ""nbytes"": 1374820}, ""indptr"": {""shape"": [257], ""dtype"": ""<i4"", ""nbytes"": 1028}}",1,2.2340000000003783,0.7970000000004802,176332800,0.007943888666943984,0.008999492355470616,0.07480521092292597
SPA119,Spatial Transcriptomics,Homo sapiens,Breast,success,32,E:\Hestdata\st\SPA119.h5ad,bf998349590a3459ca7ac62f59c6b60d474f62ea21f331071619593abca3f113,D:\HEST1000BenchRun\COUNT-HEST-SHARED-K32-001\main\SPA119\VALUE_K32\attempt01\RESULT.json,,510,14873,7585230,433901,358944,361816,283431,D:\HEST1000BenchRun\COUNT-HEST-SHARED-K32-001\main\SPA119\VALUE_K32\attempt01\archive.cnt,9796c7a1f5d5818503df59dd623eec7337745286e1090a9f1d070827250213cb,True,True,20,-2872,-0.800124810555407,0.29892936667708164,5.225726605838659,0.38160055792639114,6.670941067201966,64962495,60681840,5208856,"{""values"": {""shape"": [433901], ""dtype"": ""<i8"", ""nbytes"": 3471208}, ""indices"": {""shape"": [433901], ""dtype"": ""<i4"", ""nbytes"": 1735604}, ""indptr"": {""shape"": [511], ""dtype"": ""<i4"", ""nbytes"": 2044}}",1,2.360000000000582,1.5780000000013388,176123904,0.005569613667085908,0.0059625087175998615,0.06946170137934318
SPA12,Spatial Transcriptomics,Mus musculus,Brain,success,32,E:\Hestdata\st\SPA12.h5ad,fdc55c6c93eafd1fdd38c3e9f1e0c757abb4340ca282d163f85d10732c688c65,D:\HEST1000BenchRun\COUNT-HEST-SHARED-K32-001\main\SPA12\VALUE_K32\attempt01\RESULT.json,,264,15941,4208424,947996,607102,609705,524079,D:\HEST1000BenchRun\COUNT-HEST-SHARED-K32-001\main\SPA12\VALUE_K32\attempt01\archive.cnt,32b4094fc04dc65a5a29adb7a1f1aa957f0c73b8d5750ab394b351d381e202be,True,True,21,-2603,-0.428758264673811,0.9962475263899265,4.422626255806986,1.1590181977861547,5.145211583171237,37978333,33667392,11377012,"{""values"": {""shape"": [947996], ""dtype"": ""<i8"", ""nbytes"": 7583968}, ""indices"": {""shape"": [947996], ""dtype"": ""<i4"", ""nbytes"": 3791984}, ""indptr"": {""shape"": [265], ""dtype"": ""<i4"", ""nbytes"": 1060}}",1,2.8439999999991414,1.1560000000008586,182779904,0.01605402217100998,0.018109659340408667,0.053590960438470135
SPA120,Spatial Transcriptomics,Homo sapiens,Breast,success,32,E:\Hestdata\st\SPA120.h5ad,a7c9082aa294d21f651b04fda5b99ffabbff1360d27f557ef37db43c6f13f856,D:\HEST1000BenchRun\COUNT-HEST-SHARED-K32-001\main\SPA120\VALUE_K32\attempt01\RESULT.json,,603,14907,8988921,662817,490880,493189,411504,D:\HEST1000BenchRun\COUNT-HEST-SHARED-K32-001\main\SPA120\VALUE_K32\attempt01\archive.cnt,d4adffa022daa5d135c90acc2beede1bf632e2ea794996036c4157a4a53646e7,True,True,21,-2309,-0.4703797262059974,0.3662321651286066,4.96672837298983,0.43893054572400847,5.95264152850636,76211462,71911368,7956220,"{""values"": {""shape"": [662817], ""dtype"": ""<i8"", ""nbytes"": 5302536}, ""indices"": {""shape"": [662817], ""dtype"": ""<i4"", ""nbytes"": 2651268}, ""indptr"": {""shape"": [604], ""dtype"": ""<i4"", ""nbytes"": 2416}}",1,2.889999999999418,0.9380000000001019,179523584,0.006471323171834704,0.006858289776937632,0.061987853528434354
SPA122,Spatial Transcriptomics,Homo sapiens,Breast,success,32,E:\Hestdata\st\SPA122.h5ad,9a6cfe5c0f82048644eceeed01aa7c1d0ebe04bbd6427c10588bd7b8e6e81e1e,D:\HEST1000BenchRun\COUNT-HEST-SHARED-K32-001\main\SPA122\VALUE_K32\attempt01\RESULT.json,,463,15035,6961205,546522,420646,423359,344530,D:\HEST1000BenchRun\COUNT-HEST-SHARED-K32-001\main\SPA122\VALUE_K32\attempt01\archive.cnt,0cb223d2747c0dddaeb9d44282f91f0038a33cfa5f2400444f4c09adf0cb0132,True,True,19,-2713,-0.644960370477789,0.39594294378631284,5.043237051756379,0.4865353053099284,6.197137535176992,59975538,55689640,6560120,"{""values"": {""shape"": [546522], ""dtype"": ""<i8"", ""nbytes"": 4372176}, ""indices"": {""shape"": [546522], ""dtype"": ""<i4"", ""nbytes"": 2186088}, ""indptr"": {""shape"": [464], ""dtype"": ""<i4"", ""nbytes"": 1856}}",1,2.3909999999996217,0.9529999999995198,177524736,0.0070588612310572355,0.007602114145467631,0.06453525240391944
SPA123,Spatial Transcriptomics,Homo sapiens,Breast,success,32,E:\Hestdata\st\SPA123.h5ad,4e6d02ad2054bc7b4288908017ab80d5dd39a1a591c49ff946358d604e59f8ec,D:\HEST1000BenchRun\COUNT-HEST-SHARED-K32-001\main\SPA123\VALUE_K32\attempt01\RESULT.json,,467,15258,7125486,642090,470598,473133,392343,D:\HEST1000BenchRun\COUNT-HEST-SHARED-K32-001\main\SPA123\VALUE_K32\attempt01\archive.cnt,39b6de98e5db9a2feaa775c22657f56b532607454164c0b7f51401755e278114,True,True,19,-2535,-0.5386763224663088,0.4404954272592775,4.888324066719619,0.5312008191441258,5.89491192823436,61343661,57003888,7706952,"{""values"": {""shape"": [642090], ""dtype"": ""<i8"", ""nbytes"": 5136720}, ""indices"": {""shape"": [642090], ""dtype"": ""<i4"", ""nbytes"": 2568360}, ""indptr"": {""shape"": [468], ""dtype"": ""<i4"", ""nbytes"": 1872}}",1,2.375,1.4220000000004802,179015680,0.0077128262690418815,0.008300012799126965,0.061390417379010534
SPA124,Spatial Transcriptomics,Homo sapiens,Breast,success,32,E:\Hestdata\st\SPA124.h5ad,4aa746ba7d7a773f50479bfc82ff6e182f895ce336170417a66b5953697df1f2,D:\HEST1000BenchRun\COUNT-HEST-SHARED-K32-001\main\SPA124\VALUE_K32\attempt01\RESULT.json,,441,14992,6611472,566264,428098,430796,351668,D:\HEST1000BenchRun\COUNT-HEST-SHARED-K32-001\main\SPA124\VALUE_K32\attempt01\archive.cnt,67cf9d0618223033a2da19899533947969aad204a48dff4bca727e39d9c7eff7,True,True,20,-2698,-0.6302295268840312,0.425524603295605,4.968255089498891,0.5212709060856644,6.0861506293884124,57156513,52891776,6796936,"{""values"": {""shape"": [566264], ""dtype"": ""<i8"", ""nbytes"": 4530112}, ""indices"": {""shape"": [566264], ""dtype"": ""<i4"", ""nbytes"": 2265056}, ""indptr"": {""shape"": [442], ""dtype"": ""<i4"", ""nbytes"": 1768}}",1,2.5159999999996217,0.9529999999995198,177909760,0.007537128795803201,0.008144857907588506,0.0633809116343011
SPA125,Spatial Transcriptomics,Homo sapiens,Breast,success,32,E:\Hestdata\st\SPA125.h5ad,0c03c81ec5af3e40e930d8275b5649db51412fb121536949415962b8da56ec98,D:\HEST1000BenchRun\COUNT-HEST-SHARED-K32-001\main\SPA125\VALUE_K32\attempt01\RESULT.json,,712,15067,10727704,1447787,846985,842984,756427,D:\HEST1000BenchRun\COUNT-HEST-SHARED-K32-001\main\SPA125\VALUE_K32\attempt01\archive.cnt,98a7dc492c8a3b2108ef58a7eba672f627f9554635f31a561263353ece2679f7,True,True,21,4001,0.4723814471330661,0.5640923724219087,4.17976953792236,0.628640760408751,4.65805536311626,90178571,85821632,17376296,"{""values"": {""shape"": [1447787], ""dtype"": ""<i8"", ""nbytes"": 11582296}, ""indices"": {""shape"": [1447787], ""dtype"": ""<i4"", ""nbytes"": 5791148}, ""indptr"": {""shape"": [713], ""dtype"": ""<i4"", ""nbytes"": 2852}}",1,3.4689999999991414,1.890000000001237,189218816,0.009347941430564475,0.009822511881386735,0.048513446133744496
SPA128,Spatial Transcriptomics,Homo sapiens,Breast,success,32,E:\Hestdata\st\SPA128.h5ad,36b2046b06a994555262477608141382456a6ad42b62f019fc22eeebd2aac18b,D:\HEST1000BenchRun\COUNT-HEST-SHARED-K32-001\main\SPA128\VALUE_K32\attempt01\RESULT.json,,570,15097,8605290,840513,548762,549353,466858,D:\HEST1000BenchRun\COUNT-HEST-SHARED-K32-001\main\SPA128\VALUE_K32\attempt01\archive.cnt,e29f61dba672960c0b5c10f3abdf5af27869355243dfaabf4369a3cbe1b0b79a,True,True,24,-591,-0.1076969615243038,0.4340195391439452,4.443552925415788,0.5107118993084486,5.228740067078082,73155091,68842320,10088440,"{""values"": {""shape"": [840513], ""dtype"": ""<i8"", ""nbytes"": 6724104}, ""indices"": {""shape"": [840513], ""dtype"": ""<i4"", ""nbytes"": 3362052}, ""indptr"": {""shape"": [571], ""dtype"": ""<i4"", ""nbytes"": 2284}}",1,2.8440000000009604,1.5779999999995198,181313536,0.007509429521453264,0.00797987342669451,0.05445371137658548
SPA129,Spatial Transcriptomics,Homo sapiens,Breast,success,32,E:\Hestdata\st\SPA129.h5ad,7ea5b352f8405d3660db8b2f2b9530070fc6d2f4b98b9d48a87a915af4031807,D:\HEST1000BenchRun\COUNT-HEST-SHARED-K32-001\main\SPA129\VALUE_K32\attempt01\RESULT.json,,572,15167,8675524,857087,559285,559740,476772,D:\HEST1000BenchRun\COUNT-HEST-SHARED-K32-001\main\SPA129\VALUE_K32\attempt01\archive.cnt,c9ae0f91e3f424bd4dcac0deca01ce0b843eea95e4dba766466d8bec0ef217b8,True,True,24,-455,-0.08135387146088309,0.43964791060459285,4.450162002223812,0.5161555659346917,5.224580468493864,73752211,69404192,10287336,"{""values"": {""shape"": [857087], ""dtype"": ""<i8"", ""nbytes"": 6856696}, ""indices"": {""shape"": [857087], ""dtype"": ""<i4"", ""nbytes"": 3428348}, ""indptr"": {""shape"": [573], ""dtype"": ""<i4"", ""nbytes"": 2292}}",1,2.8439999999991414,1.5780000000013388,181276672,0.007589467385594718,0.008064930717729558,0.05441058793063627
SPA13,Spatial Transcriptomics,Mus musculus,Brain,success,32,E:\Hestdata\st\SPA13.h5ad,1ad27dc8a5124e07357c1a428cd21240181f7e895b0f53c96c50efed6a779d6c,D:\HEST1000BenchRun\COUNT-HEST-SHARED-K32-001\main\SPA13\VALUE_K32\attempt01\RESULT.json,,269,16014,4307766,1102963,656680,657645,571696,D:\HEST1000BenchRun\COUNT-HEST-SHARED-K32-001\main\SPA13\VALUE_K32\attempt01\archive.cnt,bb85614dc19dc887f7841cdcd5f61946ab2bba8ddd248ac9d5b2708b47cecb20,True,True,21,-965,-0.1469513309374429,1.0617029801525895,4.146619605553405,1.2213198209930622,4.770024017124781,38769414,34462128,13236636,"{""values"": {""shape"": [1102963], ""dtype"": ""<i8"", ""nbytes"": 8823704}, ""indices"": {""shape"": [1102963], ""dtype"": ""<i4"", ""nbytes"": 4411852}, ""indptr"": {""shape"": [270], ""dtype"": ""<i4"", ""nbytes"": 1080}}",1,2.9840000000003783,1.4220000000004802,184524800,0.016962985305890875,0.019083122203016598,0.04968369606900122
SPA130,Spatial Transcriptomics,Homo sapiens,Breast,success,32,E:\Hestdata\st\SPA130.h5ad,5bf3b731aaef98bb65ed1b1c77ade6b474baf3a0ed58bf7063bb0c7630c0ffea,D:\HEST1000BenchRun\COUNT-HEST-SHARED-K32-001\main\SPA130\VALUE_K32\attempt01\RESULT.json,,587,15701,9216487,623822,447164,448759,365572,D:\HEST1000BenchRun\COUNT-HEST-SHARED-K32-001\main\SPA130\VALUE_K32\attempt01\archive.cnt,2c3fd88b3eee9371da5ca20b95da4f01c5f5871822f2660cefaf06b82028d753,True,True,22,-1595,-0.3566923992092387,0.317320037450278,4.688157839896637,0.3895271593178616,5.754962152665343,78104920,73731896,7488216,"{""values"": {""shape"": [623822], ""dtype"": ""<i8"", ""nbytes"": 4990576}, ""indices"": {""shape"": [623822], ""dtype"": ""<i4"", ""nbytes"": 2495288}, ""indptr"": {""shape"": [588], ""dtype"": ""<i4"", ""nbytes"": 2352}}",1,2.563000000000102,1.2660000000014406,179949568,0.0057455919550266485,0.006086361864341587,0.059928693296240385
SPA131,Spatial Transcriptomics,Homo sapiens,Breast,success,32,E:\Hestdata\st\SPA131.h5ad,46872dd897f9a05f1f4207b6de1650a71d285db4967c9bf668ca9acef4fc89b7,D:\HEST1000BenchRun\COUNT-HEST-SHARED-K32-001\main\SPA131\VALUE_K32\attempt01\RESULT.json,,315,15409,4853835,787709,502408,504608,424828,D:\HEST1000BenchRun\COUNT-HEST-SHARED-K32-001\main\SPA131\VALUE_K32\attempt01\archive.cnt,e045bf097185109cc06ab48d311eb062b1006cf9891dbb932f53f4b7b1cda924,True,True,23,-2200,-0.4378911163834971,0.7001935582894763,4.314567943237922,0.8316854610838647,5.124816397933754,43131916,38830680,9453772,"{""values"": {""shape"": [787709], ""dtype"": ""<i8"", ""nbytes"": 6301672}, ""indices"": {""shape"": [787709], ""dtype"": ""<i4"", ""nbytes"": 3150836}, ""indptr"": {""shape"": [316], ""dtype"": ""<i4"", ""nbytes"": 1264}}",1,2.54700000000048,1.1560000000008586,180355072,0.011699178863280731,0.012995085329435385,0.0533763665973751
SPA133,Spatial Transcriptomics,Homo sapiens,Breast,success,32,E:\Hestdata\st\SPA133.h5ad,90aa7d5f0e1e3b76c88cb025cc46f39a74a1204c2cdb27b1a9cb9c156548a835,D:\HEST1000BenchRun\COUNT-HEST-SHARED-K32-001\main\SPA133\VALUE_K32\attempt01\RESULT.json,,302,15503,4681906,817819,527510,530213,449711,D:\HEST1000BenchRun\COUNT-HEST-SHARED-K32-001\main\SPA133\VALUE_K32\attempt01\archive.cnt,3a83d78f791e846addf3be4d2d779816d1ae59ddbbf1279cbf35b647c1a359c1,True,True,22,-2703,-0.5124073477280051,0.7684238000506631,4.399124989759348,0.9059780354411217,5.186604859999584,41769605,37455248,9815040,"{""values"": {""shape"": [817819], ""dtype"": ""<i8"", ""nbytes"": 6542552}, ""indices"": {""shape"": [817819], ""dtype"": ""<i4"", ""nbytes"": 3271276}, ""indptr"": {""shape"": [303], ""dtype"": ""<i4"", ""nbytes"": 1212}}",1,2.561999999999898,0.9530000000013388,180707328,0.012693751832223455,0.014155906803767526,0.05402046247391758
SPA134,Spatial Transcriptomics,Homo sapiens,Breast,success,32,E:\Hestdata\st\SPA134.h5ad,46b54fda338846168640ccf1f7e0c3d5adf6361ad48344569f1ca9b6903b96e5,D:\HEST1000BenchRun\COUNT-HEST-SHARED-K32-001\main\SPA134\VALUE_K32\attempt01\RESULT.json,,301,15529,4674229,860101,538978,541541,460930,D:\HEST1000BenchRun\COUNT-HEST-SHARED-K32-001\main\SPA134\VALUE_K32\attempt01\archive.cnt,27115fe22a9e05444acc0004f66fdeaf8a6b9bce4a2c91fd49cc4e219a943121,True,True,22,-2563,-0.47552961345361033,0.7888873223797979,4.287217431441191,0.9268540330394596,5.0369991431238885,41694726,37393832,10322420,"{""values"": {""shape"": [860101], ""dtype"": ""<i8"", ""nbytes"": 6880808}, ""indices"": {""shape"": [860101], ""dtype"": ""<i4"", ""nbytes"": 3440404}, ""indptr"": {""shape"": [302], ""dtype"": ""<i4"", ""nbytes"": 1208}}",1,2.5310000000008586,0.9689999999991414,181448704,0.01298823740921094,0.014482094266241556,0.052462600824225325
SPA135,Spatial Transcriptomics,Homo sapiens,Breast,success,32,E:\Hestdata\st\SPA135.h5ad,0b7846697bae2c3c924166fd692bed1807b6b45289c30475d45274e29edd8712,D:\HEST1000BenchRun\COUNT-HEST-SHARED-K32-001\main\SPA135\VALUE_K32\attempt01\RESULT.json,,303,15396,4664988,783182,499835,502236,423184,D:\HEST1000BenchRun\COUNT-HEST-SHARED-K32-001\main\SPA135\VALUE_K32\attempt01\archive.cnt,d12a345646d1622699f01b414b7f990cd1d34c30af6c22a07a95cb851e920497,True,True,22,-2401,-0.48035851831104265,0.7257193373273415,4.3227142605422495,0.8612858168123905,5.130209836283265,41615459,37319904,9399400,"{""values"": {""shape"": [783182], ""dtype"": ""<i8"", ""nbytes"": 6265456}, ""indices"": {""shape"": [783182], ""dtype"": ""<i4"", ""nbytes"": 3132728}, ""indptr"": {""shape"": [304], ""dtype"": ""<i4"", ""nbytes"": 1216}}",1,2.57799999999952,0.9380000000001019,180142080,0.012068495988473898,0.013457590887693601,0.05343277230461519
SPA136,Spatial Transcriptomics,Homo sapiens,Breast,success,32,E:\Hestdata\st\SPA136.h5ad,65046083b9224e90c79b66b80d0f2223da342e04c84547e84eebaab0b3da2185,D:\HEST1000BenchRun\COUNT-HEST-SHARED-K32-001\main\SPA136\VALUE_K32\attempt01\RESULT.json,,306,15661,4792266,1086016,637087,638422,556393,D:\HEST1000BenchRun\COUNT-HEST-SHARED-K32-001\main\SPA136\VALUE_K32\attempt01\archive.cnt,8fbcd215900de80fe5a4bb137b844429d0293f24241c3874bbf565f70df1d075,True,True,23,-1335,-0.20954751862775414,0.928818225031749,4.098598915669751,1.065753862577745,4.702855206553126,42651367,38338128,13033420,"{""values"": {""shape"": [1086016], ""dtype"": ""<i8"", ""nbytes"": 8688128}, ""indices"": {""shape"": [1086016], ""dtype"": ""<i4"", ""nbytes"": 4344064}, ""indptr"": {""shape"": [307], ""dtype"": ""<i4"", ""nbytes"": 1228}}",1,2.875,1.1090000000003783,184152064,0.01496838307667841,0.016652404102777265,0.04898345944502671
SPA137,Spatial Transcriptomics,Homo sapiens,Breast,success,32,E:\Hestdata\st\SPA137.h5ad,aa6d2a721a214987b159c2bffe28e828647fed73f24d702355e9a83e48a1625f,D:\HEST1000BenchRun\COUNT-HEST-SHARED-K32-001\main\SPA137\VALUE_K32\attempt01\RESULT.json,,178,15772,2807416,798911,476764,478697,399311,D:\HEST1000BenchRun\COUNT-HEST-SHARED-K32-001\main\SPA137\VALUE_K32\attempt01\archive.cnt,d2a8f083d6bc5a0d1b8538eac0fc95f84e2d976b8fa248c82d41b7c2c385798d,True,True,25,-1933,-0.40544168603334146,1.1378748286680707,3.9985530303125127,1.3640928170246234,4.793495145266494,26754404,22459328,9587648,"{""values"": {""shape"": [798911], ""dtype"": ""<i8"", ""nbytes"": 6391288}, ""indices"": {""shape"": [798911], ""dtype"": ""<i4"", ""nbytes"": 3195644}, ""indptr"": {""shape"": [179], ""dtype"": ""<i4"", ""nbytes"": 716}}",1,2.5310000000008586,1.0,180764672,0.01789226925032604,0.02131395026600974,0.049928512185678904
SPA138,Spatial Transcriptomics,Homo sapiens,Breast,success,32,E:\Hestdata\st\SPA138.h5ad,09436629a9729e879320b6ad90f8fff0a8cd81dd9ec49ce0b89c46438d9f4281,D:\HEST1000BenchRun\COUNT-HEST-SHARED-K32-001\main\SPA138\VALUE_K32\attempt01\RESULT.json,,181,15721,2845501,741917,455945,458477,379606,D:\HEST1000BenchRun\COUNT-HEST-SHARED-K32-001\main\SPA138\VALUE_K32\attempt01\archive.cnt,f8f4d7274a6881b7fd4924241d291b85697513363a6a9f69d07342af23ddc656,True,True,26,-2532,-0.5553301385035476,1.0672454516796865,4.09324493171069,1.2889877740334654,4.9437012496006965,27050201,22764008,8903732,"{""values"": {""shape"": [741917], ""dtype"": ""<i8"", ""nbytes"": 5935336}, ""indices"": {""shape"": [741917], ""dtype"": ""<i4"", ""nbytes"": 2967668}, ""indptr"": {""shape"": [182], ""dtype"": ""<i4"", ""nbytes"": 728}}",1,2.5319999999992433,0.9530000000013388,179675136,0.016949116200652262,0.020140433969272897,0.05149267745255585
SPA139,Spatial Transcriptomics,Homo sapiens,Breast,success,32,E:\Hestdata\st\SPA139.h5ad,9c4392948a0e264b031d62c62960e1d7385601988d6eb9bb7eb5bbbc08edb1ac,D:\HEST1000BenchRun\COUNT-HEST-SHARED-K32-001\main\SPA139\VALUE_K32\attempt01\RESULT.json,,184,15842,2914928,780024,479372,482152,402372,D:\HEST1000BenchRun\COUNT-HEST-SHARED-K32-001\main\SPA139\VALUE_K32\attempt01\archive.cnt,2b5ed29aeed08e8a9deb3c6b1e2508cd9a973b661cbcdab84c2e5a037869c8c8,True,True,25,-2780,-0.5799254024014753,1.1043072075879747,4.12676533029753,1.3232628730452347,4.944996564208281,27613914,23319424,9361028,"{""values"": {""shape"": [780024], ""dtype"": ""<i8"", ""nbytes"": 6240192}, ""indices"": {""shape"": [780024], ""dtype"": ""<i4"", ""nbytes"": 3120096}, ""indptr"": {""shape"": [185], ""dtype"": ""<i4"", ""nbytes"": 740}}",1,2.5310000000008586,0.9529999999995198,180273152,0.017460473006470578,0.020675982391331792,0.05150630892248159
SPA14,Spatial Transcriptomics,Mus musculus,Brain,success,32,E:\Hestdata\st\SPA14.h5ad,77e5069d5cc678d2b0fd8b4721537aefa4882973f91a4fbba0b6960831d656c2,D:\HEST1000BenchRun\COUNT-HEST-SHARED-K32-001\main\SPA14\VALUE_K32\attempt01\RESULT.json,,280,15981,4474680,1083064,671177,673169,587190,D:\HEST1000BenchRun\COUNT-HEST-SHARED-K32-001\main\SPA14\VALUE_K32\attempt01\archive.cnt,31225ef5aea22fbb82334a3ae4a0a58f0deb9f9e15fca4d746c366a84feefae3,True,True,21,-1992,-0.2967920533629728,1.0498002091769691,4.33725061492211,1.2035166760528127,4.972330351668969,40115901,35797440,12997892,"{""values"": {""shape"": [1083064], ""dtype"": ""<i8"", ""nbytes"": 8664512}, ""indices"": {""shape"": [1083064], ""dtype"": ""<i4"", ""nbytes"": 4332256}, ""indptr"": {""shape"": [281], ""dtype"": ""<i4"", ""nbytes"": 1124}}",1,3.0469999999986612,1.110000000000582,184254464,0.016780602783918526,0.018804948063325198,0.051790628818888476
SPA140,Spatial Transcriptomics,Homo sapiens,Breast,success,32,E:\Hestdata\st\SPA140.h5ad,05d08fcdfa22a1a7aabaecffc70ceede7fd4b2df475e1c8c80659b422d1a641e,D:\HEST1000BenchRun\COUNT-HEST-SHARED-K32-001\main\SPA140\VALUE_K32\attempt01\RESULT.json,,180,15821,2847780,748646,465225,468287,388840,D:\HEST1000BenchRun\COUNT-HEST-SHARED-K32-001\main\SPA140\VALUE_K32\attempt01\archive.cnt,8b1b0249b61bda815a22878f5e9053cd20b9927b466f34a99bcc2d88fd13e262,True,True,25,-3062,-0.6581761513246279,1.0923315705567143,4.155128057853779,1.315514541151353,5.0040953935504895,27065789,22782240,8984476,"{""values"": {""shape"": [748646], ""dtype"": ""<i8"", ""nbytes"": 5989168}, ""indices"": {""shape"": [748646], ""dtype"": ""<i4"", ""nbytes"": 2994584}, ""indptr"": {""shape"": [181], ""dtype"": ""<i4"", ""nbytes"": 724}}",1,2.5319999999992433,1.0,180350976,0.017301804872564403,0.02055491470548989,0.052121793190832724
SPA141,Spatial Transcriptomics,Homo sapiens,Breast,success,32,E:\Hestdata\st\SPA141.h5ad,e32099e190596463f8a0d0046c9b9f00e2e79b22fdd6b4914be0ca3227bd6e65,D:\HEST1000BenchRun\COUNT-HEST-SHARED-K32-001\main\SPA141\VALUE_K32\attempt01\RESULT.json,,187,15706,2937022,708716,450386,453684,374900,D:\HEST1000BenchRun\COUNT-HEST-SHARED-K32-001\main\SPA141\VALUE_K32\attempt01\archive.cnt,e379f28638e7c36fb30f22c400a4621d2c7ca63b7b14a350023d3de4363294ac,True,True,25,-3298,-0.7322607718712394,1.0211704236468095,4.231878495758527,1.2357660242245376,5.121193820938148,27782258,23496176,8505344,"{""values"": {""shape"": [708716], ""dtype"": ""<i8"", ""nbytes"": 5669728}, ""indices"": {""shape"": [708716], ""dtype"": ""<i4"", ""nbytes"": 2834864}, ""indptr"": {""shape"": [188], ""dtype"": ""<i4"", ""nbytes"": 752}}",1,2.514999999999418,0.9529999999995198,179662848,0.016329990168545697,0.0193088441285084,0.05334105240187816
SPA142,Spatial Transcriptomics,Homo sapiens,Breast,success,32,E:\Hestdata\st\SPA142.h5ad,c88b1a43eade6a0ee8ea3b66ac1d074a312e7c6af08bcbf4e812b6abf9db6b9b,D:\HEST1000BenchRun\COUNT-HEST-SHARED-K32-001\main\SPA142\VALUE_K32\attempt01\RESULT.json,,176,15557,2738032,649403,417093,420465,342444,D:\HEST1000BenchRun\COUNT-HEST-SHARED-K32-001\main\SPA142\VALUE_K32\attempt01\archive.cnt,76c02228bf8b6baea5e46bf4550b62c590ad9ccd82fa9df9b50be2ea993e7fec,True,True,25,-3372,-0.8084527911041423,1.0005551432561781,4.218569978888302,1.228517416889211,5.179711211682114,26167069,21904256,7793544,"{""values"": {""shape"": [649403], ""dtype"": ""<i8"", ""nbytes"": 5195224}, ""indices"": {""shape"": [649403], ""dtype"": ""<i4"", ""nbytes"": 2597612}, ""indptr"": {""shape"": [177], ""dtype"": ""<i4"", ""nbytes"": 708}}",1,2.688000000000102,0.9380000000001019,178679808,0.01606847904899093,0.019195584638893922,0.05395042358136427
SPA143,Spatial Transcriptomics,Homo sapiens,Breast,success,32,E:\Hestdata\st\SPA143.h5ad,3691fc73a24d09d78668683dc9fa9aae4dd221d68f99960e143933d1914d1777,D:\HEST1000BenchRun\COUNT-HEST-SHARED-K32-001\main\SPA143\VALUE_K32\attempt01\RESULT.json,,277,15387,4262199,451698,351441,355278,277335,D:\HEST1000BenchRun\COUNT-HEST-SHARED-K32-001\main\SPA143\VALUE_K32\attempt01\archive.cnt,37263769bbb63e4fe217890aed2f61a6e3f11ccfa05b0122f5d812b09900671b,True,True,21,-3837,-1.0917906561841106,0.520548195896062,4.911865892698219,0.6668445091371848,6.292310348949962,38376584,34097592,5421488,"{""values"": {""shape"": [451698], ""dtype"": ""<i8"", ""nbytes"": 3613584}, ""indices"": {""shape"": [451698], ""dtype"": ""<i4"", ""nbytes"": 1806792}, ""indptr"": {""shape"": [278], ""dtype"": ""<i4"", ""nbytes"": 1112}}",1,2.235000000000582,0.7970000000004802,176738304,0.009257676503984826,0.010419445455268513,0.0655314555708691
SPA145,Spatial Transcriptomics,Homo sapiens,Breast,success,32,E:\Hestdata\st\SPA145.h5ad,5ebd79582a08baa980c30952842bd5628d257fe9dd1ec8c5f222e600adeb9d2c,D:\HEST1000BenchRun\COUNT-HEST-SHARED-K32-001\main\SPA145\VALUE_K32\attempt01\RESULT.json,,283,15289,4326787,400805,328625,332452,255144,D:\HEST1000BenchRun\COUNT-HEST-SHARED-K32-001\main\SPA145\VALUE_K32\attempt01\archive.cnt,7ef8de77220567ea2c1a84fc860ed6cf0e94e799799188bd14645ec27b704916,True,True,21,-3827,-1.1645492582731076,0.47174774260900754,5.092631079951597,0.61468614008501,6.635685682563841,38887836,34614296,4810796,"{""values"": {""shape"": [400805], ""dtype"": ""<i8"", ""nbytes"": 3206440}, ""indices"": {""shape"": [400805], ""dtype"": ""<i4"", ""nbytes"": 1603220}, ""indptr"": {""shape"": [284], ""dtype"": ""<i4"", ""nbytes"": 1136}}",1,2.375,0.9530000000013388,175599616,0.008548997172277728,0.009604470938828281,0.06910540376270372
SPA146,Spatial Transcriptomics,Homo sapiens,Breast,success,32,E:\Hestdata\st\SPA146.h5ad,2aef5e56bfe5909220911ccbb83d764b21936cd7c958708007afa65112192511,D:\HEST1000BenchRun\COUNT-HEST-SHARED-K32-001\main\SPA146\VALUE_K32\attempt01\RESULT.json,,298,15215,4534070,436624,340750,344194,266767,D:\HEST1000BenchRun\COUNT-HEST-SHARED-K32-001\main\SPA146\VALUE_K32\attempt01\archive.cnt,f37b091157a4506cfe332d2fe30390bb00a6d627196ec1e9a1801b33142a241a,True,True,20,-3444,-1.0107116654438737,0.47068880718647926,4.88781193887647,0.6073024898159931,6.306460478581113,40543585,36272560,5240684,"{""values"": {""shape"": [436624], ""dtype"": ""<i8"", ""nbytes"": 3492992}, ""indices"": {""shape"": [436624], ""dtype"": ""<i4"", ""nbytes"": 1746496}, ""indptr"": {""shape"": [299], ""dtype"": ""<i4"", ""nbytes"": 1196}}",1,2.57799999999952,0.9539999999997235,176005120,0.008489481134931703,0.009489101403374892,0.06567730471823907
SPA147,Spatial Transcriptomics,Homo sapiens,Breast,success,32,E:\Hestdata\st\SPA147.h5ad,2dee1c6d88710353d5eb4e1606b346ce906a97776f98d569335352323b2798b8,D:\HEST1000BenchRun\COUNT-HEST-SHARED-K32-001\main\SPA147\VALUE_K32\attempt01\RESULT.json,,270,15290,4128300,435231,340092,343977,266207,D:\HEST1000BenchRun\COUNT-HEST-SHARED-K32-001\main\SPA147\VALUE_K32\attempt01\archive.cnt,846c0a5dc1742ad6d24a9e73ef5a6283037728768523934b91a832f038170de7,True,True,22,-3885,-1.1423379556120108,0.515867548385534,4.893162481532795,0.6665736501707725,6.322656244614929,37310016,33026400,5223856,"{""values"": {""shape"": [435231], ""dtype"": ""<i8"", ""nbytes"": 3481848}, ""indices"": {""shape"": [435231], ""dtype"": ""<i4"", ""nbytes"": 1740924}, ""indptr"": {""shape"": [271], ""dtype"": ""<i4"", ""nbytes"": 1084}}",1,2.3589999999985594,1.4219999999986612,176472064,0.00921942783407008,0.01041521328391832,0.06584733576116952
SPA148,Spatial Transcriptomics,Homo sapiens,Breast,success,32,E:\Hestdata\st\SPA148.h5ad,3d17c05959acb166e8cdd4363d4d113d6b194d303413c94f3d372a68266a5ca2,D:\HEST1000BenchRun\COUNT-HEST-SHARED-K32-001\main\SPA148\VALUE_K32\attempt01\RESULT.json,,295,15109,4457155,475208,357746,361340,284262,D:\HEST1000BenchRun\COUNT-HEST-SHARED-K32-001\main\SPA148\VALUE_K32\attempt01\archive.cnt,b6bb04e72c3e3f747f0ef883b0b1556e95ab90c6cd93a487c128bff8cdf32b0f,True,True,21,-3594,-1.004623392015564,0.5102124561519624,4.785474992003501,0.6485572074563258,6.08306257470413,39920916,35657240,5703680,"{""values"": {""shape"": [475208], ""dtype"": ""<i8"", ""nbytes"": 3801664}, ""indices"": {""shape"": [475208], ""dtype"": ""<i4"", ""nbytes"": 1900832}, ""indptr"": {""shape"": [296], ""dtype"": ""<i4"", ""nbytes"": 1184}}",1,2.375,1.1089999999985594,176136192,0.00905139551407087,0.010133706366505091,0.0633520814631957
SPA149,Spatial Transcriptomics,Homo sapiens,Breast,success,32,E:\Hestdata\st\SPA149.h5ad,cb8f64a201011a1eb3fcbdc35cc91428972adbec6d425770d527e4b56df450d8,D:\HEST1000BenchRun\COUNT-HEST-SHARED-K32-001\main\SPA149\VALUE_K32\attempt01\RESULT.json,,360,15645,5632200,1091286,643561,644963,563178,D:\HEST1000BenchRun\COUNT-HEST-SHARED-K32-001\main\SPA149\VALUE_K32\attempt01\archive.cnt,ef345b3deb15696d50c66086e32437844df3141e7f78e87bb6ff1a2f170a5048,True,True,24,-1402,-0.21785036694268298,0.7999403430275913,4.128545587499519,0.916108092752388,4.728095109806229,49393061,45057600,13096876,"{""values"": {""shape"": [1091286], ""dtype"": ""<i8"", ""nbytes"": 8730288}, ""indices"": {""shape"": [1091286], ""dtype"": ""<i4"", ""nbytes"": 4365144}, ""indptr"": {""shape"": [361], ""dtype"": ""<i4"", ""nbytes"": 1444}}",1,3.6409999999996217,1.4530000000013388,184750080,0.01305776534076315,0.014314188949256063,0.049245560544361876
SPA15,Spatial Transcriptomics,Mus musculus,Brain,success,32,E:\Hestdata\st\SPA15.h5ad,02f60ba8f640d51de888d633bad161fcf3a0bc43f3d1f269194489dfa0af56c6,D:\HEST1000BenchRun\COUNT-HEST-SHARED-K32-001\main\SPA15\VALUE_K32\attempt01\RESULT.json,,267,16573,4424991,1229129,922353,925293,835170,D:\HEST1000BenchRun\COUNT-HEST-SHARED-K32-001\main\SPA15\VALUE_K32\attempt01\archive.cnt,3d90910544c4a49b15777cd002d3d5cf4168d8912d6c3e49caab8ff7726fefdc,True,True,25,-2940,-0.31874997967155744,1.5099149354202077,5.435849288398533,1.6728495041006863,6.022430517870785,39759693,35399928,14750620,"{""values"": {""shape"": [1229129], ""dtype"": ""<i8"", ""nbytes"": 9833032}, ""indices"": {""shape"": [1229129], ""dtype"": ""<i4"", ""nbytes"": 4916516}, ""indptr"": {""shape"": [268], ""dtype"": ""<i4"", ""nbytes"": 1072}}",1,3.3439999999991414,1.2960000000002765,186368000,0.02327213643224056,0.026138273501573224,0.06272909206528268
SPA150,Spatial Transcriptomics,Homo sapiens,Breast,success,32,E:\Hestdata\st\SPA150.h5ad,c1ad47f7145d4394c1fe1cf19ba92849e82e1e08e28a000cfcb93156a64072a2,D:\HEST1000BenchRun\COUNT-HEST-SHARED-K32-001\main\SPA150\VALUE_K32\attempt01\RESULT.json,,332,15638,5191816,1021506,588429,587708,505938,D:\HEST1000BenchRun\COUNT-HEST-SHARED-K32-001\main\SPA150\VALUE_K32\attempt01\archive.cnt,0de6fc7da5add284e2838d34d94a2964990638ebf8a87ce889ddfb243c797510,True,True,24,721,0.12252965098593033,0.7795931134693526,3.962290970390776,0.9055914154122565,4.602678789943476,45853250,41534528,12259404,"{""values"": {""shape"": [1021506], ""dtype"": ""<i8"", ""nbytes"": 8172048}, ""indices"": {""shape"": [1021506], ""dtype"": ""<i4"", ""nbytes"": 4086024}, ""indptr"": {""shape"": [333], ""dtype"": ""<i4"", ""nbytes"": 1332}}",1,2.8430000000007567,1.0940000000009604,183140352,0.012817150365568417,0.014149865865816508,0.04793936148935136
SPA151,Spatial Transcriptomics,Homo sapiens,Breast,success,32,E:\Hestdata\st\SPA151.h5ad,87466597c07fdac06c94fb22ac5fc20b1511ca94cdf29db99caf625e85373b9d,D:\HEST1000BenchRun\COUNT-HEST-SHARED-K32-001\main\SPA151\VALUE_K32\attempt01\RESULT.json,,343,15583,5344969,1071621,619971,619713,538335,D:\HEST1000BenchRun\COUNT-HEST-SHARED-K32-001\main\SPA151\VALUE_K32\attempt01\archive.cnt,28769390fb322fd7d763464c721ea39e22309f77e0d95f76866108db9a710305,True,True,24,258,0.04161484972684206,0.8057446170408098,4.018846215219747,0.9275458847375916,4.6263595058327525,47079582,42759752,12860828,"{""values"": {""shape"": [1071621], ""dtype"": ""<i8"", ""nbytes"": 8572968}, ""indices"": {""shape"": [1071621], ""dtype"": ""<i4"", ""nbytes"": 4286484}, ""indptr"": {""shape"": [344], ""dtype"": ""<i4"", ""nbytes"": 1376}}",1,2.8439999999991414,1.1409999999996217,184389632,0.013163094778539029,0.014492904449024869,0.04818608879614905
SPA152,Spatial Transcriptomics,Homo sapiens,Breast,success,32,E:\Hestdata\st\SPA152.h5ad,6130135829377df4b3ac85096dd7a63147ff81d89782273b12e6ce0cb23d07e5,D:\HEST1000BenchRun\COUNT-HEST-SHARED-K32-001\main\SPA152\VALUE_K32\attempt01\RESULT.json,,359,15517,5570603,1135391,648882,648254,566587,D:\HEST1000BenchRun\COUNT-HEST-SHARED-K32-001\main\SPA152\VALUE_K32\attempt01\archive.cnt,68874e8e7ca95ba8d4fddd384c7bf6ac2547b3b96c7816af6c2dca2467d2ce22,True,True,24,628,0.09678184939634633,0.8136813914041263,3.9921894748152837,0.930964206208915,4.56761767532066,48858812,44564824,13626132,"{""values"": {""shape"": [1135391], ""dtype"": ""<i8"", ""nbytes"": 9083128}, ""indices"": {""shape"": [1135391], ""dtype"": ""<i4"", ""nbytes"": 4541564}, ""indptr"": {""shape"": [360], ""dtype"": ""<i4"", ""nbytes"": 1440}}",1,3.0310000000008586,1.1569999999992433,185425920,0.013267903443906905,0.014546315722014296,0.047574322632424226
SPA153,Spatial Transcriptomics,Homo sapiens,Breast,success,32,E:\Hestdata\st\SPA153.h5ad,b37b0ec7e1951c065f686d0843b43a057f3eaf7f2219e1c2a11e10eaf9f4cccf,D:\HEST1000BenchRun\COUNT-HEST-SHARED-K32-001\main\SPA153\VALUE_K32\attempt01\RESULT.json,,325,15526,5045950,1162042,650735,649176,567567,D:\HEST1000BenchRun\COUNT-HEST-SHARED-K32-001\main\SPA153\VALUE_K32\attempt01\archive.cnt,4cc9ca17e10076cc8c846b30acf18a2b9dbc5545441655c3f63a7b7623c5d68b,True,True,24,1559,0.23957524952553652,0.8998376916140667,3.907376841800899,1.0292230402600104,4.46920851397798,44668971,40367600,13945808,"{""values"": {""shape"": [1162042], ""dtype"": ""<i8"", ""nbytes"": 9296336}, ""indices"": {""shape"": [1162042], ""dtype"": ""<i4"", ""nbytes"": 4648168}, ""indptr"": {""shape"": [326], ""dtype"": ""<i4"", ""nbytes"": 1304}}",1,3.0159999999996217,1.2960000000002765,185118720,0.014533041291683214,0.016081610004062663,0.04654990230756081
SPA154,Spatial Transcriptomics,Homo sapiens,Breast,success,32,E:\Hestdata\st\SPA154.h5ad,1bdfa541258dc76ac4e56158129bc3f32f4bcf70969613c1bd9883f5ca9f9e8c,D:\HEST1000BenchRun\COUNT-HEST-SHARED-K32-001\main\SPA154\VALUE_K32\attempt01\RESULT.json,,346,15045,5205570,799594,496545,497319,418702,D:\HEST1000BenchRun\COUNT-HEST-SHARED-K32-001\main\SPA154\VALUE_K32\attempt01\archive.cnt,5dc08cafb55e13d3c669f099399880fc47fb4a67d8b1adce6bbacab9778261bd,True,True,22,-774,-0.1558771108358759,0.643467670207105,4.189145991590732,0.7642874843677061,4.975715175451541,45914879,41644560,9596516,"{""values"": {""shape"": [799594], ""dtype"": ""<i8"", ""nbytes"": 6396752}, ""indices"": {""shape"": [799594], ""dtype"": ""<i4"", ""nbytes"": 3198376}, ""indptr"": {""shape"": [347], ""dtype"": ""<i4"", ""nbytes"": 1388}}",1,2.70299999999952,0.9530000000013388,180576256,0.0108313255056166,0.011941991943245408,0.05182286988319511
SPA2,Spatial Transcriptomics,Homo sapiens,Breast,success,32,E:\Hestdata\st\SPA2.h5ad,bdac405a97093bb17df315aa72a1b619f73cc7a43e36293b479cab9b8d794022,D:\HEST1000BenchRun\COUNT-HEST-SHARED-K32-001\main\SPA2\VALUE_K32\attempt01\RESULT.json,,251,14789,3712039,398328,324464,327778,251560,D:\HEST1000BenchRun\COUNT-HEST-SHARED-K32-001\main\SPA2\VALUE_K32\attempt01\archive.cnt,a04304e508ee36b9baf8d526e8aafeed3dde400be2c6f4976c48f3956f180285,True,True,20,-3314,-1.0213767937275013,0.5421494763390148,5.052318692133117,0.7064106815688089,6.583077262959169,33892941,29696312,4780944,"{""values"": {""shape"": [398328], ""dtype"": ""<i8"", ""nbytes"": 3186624}, ""indices"": {""shape"": [398328], ""dtype"": ""<i4"", ""nbytes"": 1593312}, ""indptr"": {""shape"": [252], ""dtype"": ""<i4"", ""nbytes"": 1008}}",1,2.57799999999952,0.9539999999997235,175828992,0.009670981340922879,0.01103766689951264,0.0685592636098645
SPA3,Spatial Transcriptomics,Homo sapiens,Breast,success,32,E:\Hestdata\st\SPA3.h5ad,0868657362c03dbc4346fefe1e220993bcc7d70148339d4bdaaa79bed51bb4db,D:\HEST1000BenchRun\COUNT-HEST-SHARED-K32-001\main\SPA3\VALUE_K32\attempt01\RESULT.json,,254,14880,3779520,411933,332718,336101,259023,D:\HEST1000BenchRun\COUNT-HEST-SHARED-K32-001\main\SPA3\VALUE_K32\attempt01\archive.cnt,19288661ca74060f6be20d049f0e687219b98e812a944b8ff955904f6166ac2b,True,True,20,-3383,-1.01677697028715,0.548266446532893,5.030390864533795,0.7114152061637457,6.527294487210299,34418040,30236160,4944216,"{""values"": {""shape"": [411933], ""dtype"": ""<i8"", ""nbytes"": 3295464}, ""indices"": {""shape"": [411933], ""dtype"": ""<i4"", ""nbytes"": 1647732}, ""indptr"": {""shape"": [255], ""dtype"": ""<i4"", ""nbytes"": 1020}}",1,2.2039999999997235,6.281000000000859,175718400,0.009765256824618717,0.011115862596308526,0.06797862391125307
SPA30,Spatial Transcriptomics,Homo sapiens,Heart,success,32,E:\Hestdata\st\SPA30.h5ad,1753a1ca149280980f84907a69f00bd5e2b59af61036e2a272d74c42c562c6ba,D:\HEST1000BenchRun\COUNT-HEST-SHARED-K32-001\main\SPA30\VALUE_K32\attempt01\RESULT.json,,211,39739,8384929,353776,370274,374426,212073,D:\HEST1000BenchRun\COUNT-HEST-SHARED-K32-001\main\SPA30\VALUE_K32\attempt01\archive.cnt,455fe74c1b700f8ba447cee23dd6853214543d5b23c04140f3ac40308a0cff89,True,True,22,-4152,-1.121331770526691,0.20233731257593238,4.7956447017321695,0.35723713343309166,8.46696214553842,73939227,67079432,4246160,"{""values"": {""shape"": [353776], ""dtype"": ""<i8"", ""nbytes"": 2830208}, ""indices"": {""shape"": [353776], ""dtype"": ""<i4"", ""nbytes"": 1415104}, ""indptr"": {""shape"": [212], ""dtype"": ""<i4"", ""nbytes"": 848}}",1,2.375,4.57799999999952,187674624,0.0050639696300855295,0.005581830209892057,0.08817990843491531
SPA32,Spatial Transcriptomics,Homo sapiens,Heart,success,32,E:\Hestdata\st\SPA32.h5ad,cc0b663ffee8b34a9e51938612d4a062ff4d2159632b053e0ac1cea23048c2de,D:\HEST1000BenchRun\COUNT-HEST-SHARED-K32-001\main\SPA32\VALUE_K32\attempt01\RESULT.json,,226,39739,8981014,322678,357248,361386,199210,D:\HEST1000BenchRun\COUNT-HEST-SHARED-K32-001\main\SPA32\VALUE_K32\attempt01\archive.cnt,8740024f9f674f5eae2f647434cbb88ed9b0370365ef6a213d9a42eb53c5bc0a,True,True,21,-4138,-1.1582989967753494,0.17744989596943062,4.938917434718202,0.32191108932688445,8.95966877196462,78709491,71848112,3873044,"{""values"": {""shape"": [322678], ""dtype"": ""<i8"", ""nbytes"": 2581424}, ""indices"": {""shape"": [322678], ""dtype"": ""<i4"", ""nbytes"": 1290712}, ""indptr"": {""shape"": [227], ""dtype"": ""<i4"", ""nbytes"": 908}}",1,2.3909999999996217,1.625,187109376,0.004591390382641402,0.0050298607707325695,0.09330800269761975
SPA33,Spatial Transcriptomics,Homo sapiens,Heart,success,32,E:\Hestdata\st\SPA33.h5ad,a48faaf4fc56f9d088135736f2e075aae410757cb590dda99b52122185a05799,D:\HEST1000BenchRun\COUNT-HEST-SHARED-K32-001\main\SPA33\VALUE_K32\attempt01\RESULT.json,,243,39739,9656577,442474,426655,430734,265779,D:\HEST1000BenchRun\COUNT-HEST-SHARED-K32-001\main\SPA33\VALUE_K32\attempt01\archive.cnt,a8992374e7621cac814de21a4bc70fa17368256f94b0d1f68ba440ae57f3e626,True,True,22,-4079,-0.95604176676706,0.22018485432260312,4.805326414659392,0.3568419741280994,7.78773894059312,84115899,77252616,5310664,"{""values"": {""shape"": [442474], ""dtype"": ""<i8"", ""nbytes"": 3539792}, ""indices"": {""shape"": [442474], ""dtype"": ""<i4"", ""nbytes"": 1769896}, ""indptr"": {""shape"": [244], ""dtype"": ""<i4"", ""nbytes"": 976}}",1,2.515000000001237,1.5939999999991414,189247488,0.005120720400313382,0.0055756558457515535,0.08110737188419377
SPA34,Spatial Transcriptomics,Homo sapiens,Heart,success,32,E:\Hestdata\st\SPA34.h5ad,aa08bf55b41159f3803c9180e9e41677d32756d2b511da8a514e91cc94645429,D:\HEST1000BenchRun\COUNT-HEST-SHARED-K32-001\main\SPA34\VALUE_K32\attempt01\RESULT.json,,242,39739,9616838,378181,387761,391827,228373,D:\HEST1000BenchRun\COUNT-HEST-SHARED-K32-001\main\SPA34\VALUE_K32\attempt01\archive.cnt,e49d3f53e0e9001372718815a6d1f577cd64a45c491d7333f93c5568ad0a7e4a,True,True,22,-4066,-1.0485840504847057,0.18997762050270578,4.830977759326883,0.32595079588530035,8.288666009133193,83797875,76934704,4539144,"{""values"": {""shape"": [378181], ""dtype"": ""<i8"", ""nbytes"": 3025448}, ""indices"": {""shape"": [378181], ""dtype"": ""<i4"", ""nbytes"": 1512724}, ""indptr"": {""shape"": [243], ""dtype"": ""<i4"", ""nbytes"": 972}}",1,3.5159999999996217,2.3590000000003783,188067840,0.004675858427197587,0.005092981185707818,0.08632178225674268
SPA36,Spatial Transcriptomics,Homo sapiens,Heart,success,32,E:\Hestdata\st\SPA36.h5ad,e91b5878d7af441073a90b9a1d8a800cbf955f1fb42f5aff1bbbfcf06313e9e2,D:\HEST1000BenchRun\COUNT-HEST-SHARED-K32-001\main\SPA36\VALUE_K32\attempt01\RESULT.json,,180,39739,7153020,262590,324952,329272,168092,D:\HEST1000BenchRun\COUNT-HEST-SHARED-K32-001\main\SPA36\VALUE_K32\attempt01\archive.cnt,8ca6456ceef627120268de7ef80b2a642e7013ce52dbf55c64ad3723607ae872,True,True,23,-4320,-1.3294271153893498,0.1879955599173496,5.121048021630679,0.3682606787063366,10.031516813283066,64076291,57224160,3151804,"{""values"": {""shape"": [262590], ""dtype"": ""<i8"", ""nbytes"": 2100720}, ""indices"": {""shape"": [262590], ""dtype"": ""<i4"", ""nbytes"": 1050360}, ""indptr"": {""shape"": [181], ""dtype"": ""<i4"", ""nbytes"": 724}}",1,2.2659999999996217,2.20299999999952,186273792,0.005138749369872236,0.0057540731047865095,0.104470963295941
SPA37,Spatial Transcriptomics,Homo sapiens,Heart,success,32,E:\Hestdata\st\SPA37.h5ad,7fe6e43b93d513a31f45c88bd6aba61425901dbf6eba4541f7ff312d45d9b565,D:\HEST1000BenchRun\COUNT-HEST-SHARED-K32-001\main\SPA37\VALUE_K32\attempt01\RESULT.json,,182,39739,7232498,423607,409610,413916,248196,D:\HEST1000BenchRun\COUNT-HEST-SHARED-K32-001\main\SPA37\VALUE_K32\attempt01\archive.cnt,9290bfa843003f992cf4f7bd27d7a815325e8dfc251ba667e0841ac0b1dac438,True,True,25,-4306,-1.05124386611655,0.2745341927505545,4.687287981548936,0.4578401542592891,7.816981305785787,64712339,57859984,5084016,"{""values"": {""shape"": [423607], ""dtype"": ""<i8"", ""nbytes"": 3388856}, ""indices"": {""shape"": [423607], ""dtype"": ""<i4"", ""nbytes"": 1694428}, ""indptr"": {""shape"": [183], ""dtype"": ""<i4"", ""nbytes"": 732}}",1,3.0,2.3590000000003783,188469248,0.006396245389924787,0.007153752410301392,0.08141516470443838
SPA38,Spatial Transcriptomics,Homo sapiens,Heart,success,32,E:\Hestdata\st\SPA38.h5ad,c9f0dad9f52188c9f14dfb62e676b19417cf19e44a5c599a34a748525ade8cd4,D:\HEST1000BenchRun\COUNT-HEST-SHARED-K32-001\main\SPA38\VALUE_K32\attempt01\RESULT.json,,178,39739,7073542,356571,374484,378880,214973,D:\HEST1000BenchRun\COUNT-HEST-SHARED-K32-001\main\SPA38\VALUE_K32\attempt01\archive.cnt,2712cfd422d310517b0bb47646afe74d7b0d213ff9141aa1a6f5b961f7cee357,True,True,24,-4396,-1.1738819281998696,0.24312911409870755,4.823117976503978,0.42850385280811226,8.500523037487625,63440243,56588336,4279568,"{""values"": {""shape"": [356571], ""dtype"": ""<i8"", ""nbytes"": 2852568}, ""indices"": {""shape"": [356571], ""dtype"": ""<i4"", ""nbytes"": 1426284}, ""indptr"": {""shape"": [179], ""dtype"": ""<i4"", ""nbytes"": 716}}",1,2.20299999999952,1.0,187838464,0.00597223437495345,0.006695372700126754,0.08853230045649467
SPA39,Spatial Transcriptomics,Homo sapiens,Heart,success,32,E:\Hestdata\st\SPA39.h5ad,a400efafad51d27421b732f98659c42364d268aea1fdd56bd2107d0e5e52d786,D:\HEST1000BenchRun\COUNT-HEST-SHARED-K32-001\main\SPA39\VALUE_K32\attempt01\RESULT.json,,209,39739,8305451,490169,448447,452512,286554,D:\HEST1000BenchRun\COUNT-HEST-SHARED-K32-001\main\SPA39\VALUE_K32\attempt01\archive.cnt,74e37e881af27cc014e009259e29625caad8c03310238a8f6923dd5506f84d82,True,True,25,-4065,-0.9064616331472839,0.27601535425348966,4.676819627516224,0.43586988834200574,7.385403809706448,73351179,66443608,5882868,"{""values"": {""shape"": [490169], ""dtype"": ""<i8"", ""nbytes"": 3921352}, ""indices"": {""shape"": [490169], ""dtype"": ""<i4"", ""nbytes"": 1960676}, ""indptr"": {""shape"": [210], ""dtype"": ""<i4"", ""nbytes"": 840}}",1,3.7810000000008586,0.9529999999995198,189542400,0.006169116927213944,0.00681046700534384,0.07692030485810662
SPA4,Spatial Transcriptomics,Mus musculus,Brain,success,32,E:\Hestdata\st\SPA4.h5ad,d2a0a0fc34099104aba62e22510051865e561d296d0f09c1b400ca4f851f9c7d,D:\HEST1000BenchRun\COUNT-HEST-SHARED-K32-001\main\SPA4\VALUE_K32\attempt01\RESULT.json,,282,16034,4521588,1263280,683852,681761,595470,D:\HEST1000BenchRun\COUNT-HEST-SHARED-K32-001\main\SPA4\VALUE_K32\attempt01\archive.cnt,e736feb7a447b390e5c71737c8e1a325a8185ded461de56c411073b54a478da3,True,True,22,2091,0.3057679146949925,1.0535590593393294,3.770945475270724,1.2062328544750207,4.317402317775948,40497850,36172704,15160492,"{""values"": {""shape"": [1263280], ""dtype"": ""<i8"", ""nbytes"": 10106240}, ""indices"": {""shape"": [1263280], ""dtype"": ""<i4"", ""nbytes"": 5053120}, ""indptr"": {""shape"": [283], ""dtype"": ""<i4"", ""nbytes"": 1132}}",1,3.1560000000008586,1.2659999999996217,186896384,0.01683449862153176,0.0188473883511722,0.04496958278135037
SPA40,Spatial Transcriptomics,Homo sapiens,Heart,success,32,E:\Hestdata\st\SPA40.h5ad,49496010a20625909f5e0040d666dbc839ba2cdabf47e8e3623431a6a2d69e53,D:\HEST1000BenchRun\COUNT-HEST-SHARED-K32-001\main\SPA40\VALUE_K32\attempt01\RESULT.json,,214,39739,8504146,418508,413073,417310,252097,D:\HEST1000BenchRun\COUNT-HEST-SHARED-K32-001\main\SPA40\VALUE_K32\attempt01\archive.cnt,14c256804b3d1306403f35724b8407f0c174a6ba420f48faee24e5f178cfa027,True,True,24,-4237,-1.025726687534649,0.23715209028631445,4.818966423580911,0.3925708707258789,7.977099601441311,74893299,68033168,5022956,"{""values"": {""shape"": [418508], ""dtype"": ""<i8"", ""nbytes"": 3348064}, ""indices"": {""shape"": [418508], ""dtype"": ""<i4"", ""nbytes"": 1674032}, ""indptr"": {""shape"": [215], ""dtype"": ""<i4"", ""nbytes"": 860}}",1,3.04700000000048,0.9529999999995198,188628992,0.005572060592497067,0.006133919855091857,0.0830805605304924
SPA41,Spatial Transcriptomics,Homo sapiens,Heart,success,32,E:\Hestdata\st\SPA41.h5ad,29ec24f06120b1b873de341c67473a8c5c6cc248f0324a68cd5980609180ff8f,D:\HEST1000BenchRun\COUNT-HEST-SHARED-K32-001\main\SPA41\VALUE_K32\attempt01\RESULT.json,,186,39739,7391454,636730,508740,512723,344305,D:\HEST1000BenchRun\COUNT-HEST-SHARED-K32-001\main\SPA41\VALUE_K32\attempt01\archive.cnt,8a24bb3c5a7ccfb824a5e1f8dea37e15ab996238d0ed6339c678dc6d1786297e,True,True,24,-3983,-0.7829146518850494,0.37265198430511776,4.3259152230929905,0.5549360112367607,6.441951847721954,65984435,59131632,7641508,"{""values"": {""shape"": [636730], ""dtype"": ""<i8"", ""nbytes"": 5093840}, ""indices"": {""shape"": [636730], ""dtype"": ""<i4"", ""nbytes"": 2546920}, ""indptr"": {""shape"": [187], ""dtype"": ""<i4"", ""nbytes"": 748}}",1,2.70299999999952,0.9530000000013388,191193088,0.007770362813593842,0.008670875175574386,0.06709709654167738
SPA42,Spatial Transcriptomics,Homo sapiens,Heart,success,32,E:\Hestdata\st\SPA42.h5ad,97c4df5c386b7238f143127ef2c2003ea82ace9925614afb42e7a41d4eea89de,D:\HEST1000BenchRun\COUNT-HEST-SHARED-K32-001\main\SPA42\VALUE_K32\attempt01\RESULT.json,,159,39739,6318501,486051,430330,434709,269089,D:\HEST1000BenchRun\COUNT-HEST-SHARED-K32-001\main\SPA42\VALUE_K32\attempt01\archive.cnt,b4d3b2ac369fe75c4f13d3388b60730b64f92aa228bbf3e0c74abb31a083344f,True,True,25,-4379,-1.0175911509771571,0.3406997957268662,4.428983789766917,0.5503951016229957,7.154952875315553,57397787,50548008,5833252,"{""values"": {""shape"": [486051], ""dtype"": ""<i8"", ""nbytes"": 3888408}, ""indices"": {""shape"": [486051], ""dtype"": ""<i4"", ""nbytes"": 1944204}, ""indptr"": {""shape"": [160], ""dtype"": ""<i4"", ""nbytes"": 640}}",1,2.389999999999418,0.9530000000013388,188878848,0.0075736195195121375,0.008599923462859307,0.07452258191485642
SPA43,Spatial Transcriptomics,Homo sapiens,Heart,success,32,E:\Hestdata\st\SPA43.h5ad,30447c82ae02be3dc36ba1d64f7dd9794b3ca35ea765b7b8224fc25e72c29314,D:\HEST1000BenchRun\COUNT-HEST-SHARED-K32-001\main\SPA43\VALUE_K32\attempt01\RESULT.json,,104,39739,4132856,308525,329630,334219,171940,D:\HEST1000BenchRun\COUNT-HEST-SHARED-K32-001\main\SPA43\VALUE_K32\attempt01\archive.cnt,2beb7b03c6a8d61cc0c8f4f02e4cb9d155f03332888030e8e1c46549eced8ee1,True,True,25,-4589,-1.3921669750932864,0.332825532755073,4.458374523944575,0.6469501961839464,8.666240985333442,39917923,33062848,3702720,"{""values"": {""shape"": [308525], ""dtype"": ""<i8"", ""nbytes"": 2468200}, ""indices"": {""shape"": [308525], ""dtype"": ""<i4"", ""nbytes"": 1234100}, ""indptr"": {""shape"": [105], ""dtype"": ""<i4"", ""nbytes"": 420}}",1,2.2039999999997235,0.7970000000004802,187011072,0.008372655060234472,0.010108596815374163,0.09026310388039063
SPA44,Spatial Transcriptomics,Homo sapiens,Heart,success,32,E:\Hestdata\st\SPA44.h5ad,1f5fb47ec47adbdad4a8f7545f5836cae3021cba3b8407cacaf0b2e0f71762f5,D:\HEST1000BenchRun\COUNT-HEST-SHARED-K32-001\main\SPA44\VALUE_K32\attempt01\RESULT.json,,103,39739,4093117,212863,279158,283506,125095,D:\HEST1000BenchRun\COUNT-HEST-SHARED-K32-001\main\SPA44\VALUE_K32\attempt01\archive.cnt,5dd5d82a389b7674c7078e380d13af445e10f971ce92189740cac816b42303f5,True,True,23,-4348,-1.5575408908216852,0.24449826379260597,4.7014276788356835,0.5541126725671414,10.654965870066663,39599907,32744936,2554772,"{""values"": {""shape"": [212863], ""dtype"": ""<i8"", ""nbytes"": 1702904}, ""indices"": {""shape"": [212863], ""dtype"": ""<i4"", ""nbytes"": 851452}, ""indptr"": {""shape"": [104], ""dtype"": ""<i4"", ""nbytes"": 416}}",1,2.04700000000048,0.7969999999986612,186060800,0.007159259237654271,0.008658010508861584,0.11097115515591999
SPA45,Spatial Transcriptomics,Homo sapiens,Heart,success,32,E:\Hestdata\st\SPA45.h5ad,0ae12bc860a6105e4be92041872f677ac551c2a070b62bf0f0fd1d9c6d193404,D:\HEST1000BenchRun\COUNT-HEST-SHARED-K32-001\main\SPA45\VALUE_K32\attempt01\RESULT.json,,55,39739,2185645,73789,191670,195494,45127,D:\HEST1000BenchRun\COUNT-HEST-SHARED-K32-001\main\SPA45\VALUE_K32\attempt01\archive.cnt,0275613db6ebc0667dffc61e2cd89cc04058c5dc95faa2217570c329fd48e179,True,True,21,-3824,-1.9950957374654354,0.1651759549240613,4.892544959275773,0.7155562774375528,21.19492065212972,24322259,17485160,885692,"{""values"": {""shape"": [73789], ""dtype"": ""<i8"", ""nbytes"": 590312}, ""indices"": {""shape"": [73789], ""dtype"": ""<i4"", ""nbytes"": 295156}, ""indptr"": {""shape"": [56], ""dtype"": ""<i4"", ""nbytes"": 224}}",1,1.8909999999996217,0.7810000000008586,175054848,0.008037658015236168,0.011180566834961762,0.2207245859734535
SPA46,Spatial Transcriptomics,Homo sapiens,Heart,success,32,E:\Hestdata\st\SPA46.h5ad,ba274cc68da2f02cf7e15efff470d62485002645c506dcae0dd6bf037797892d,D:\HEST1000BenchRun\COUNT-HEST-SHARED-K32-001\main\SPA46\VALUE_K32\attempt01\RESULT.json,,69,39739,2741991,87112,200129,203946,53227,D:\HEST1000BenchRun\COUNT-HEST-SHARED-K32-001\main\SPA46\VALUE_K32\attempt01\archive.cnt,9503e8049134c1236f83f0c15abb36b423140aaf161f8e76166f7f6dde811624,True,True,21,-3817,-1.907269810971923,0.1552944557440196,4.888143998530627,0.5950303994433243,18.72954357608596,28775467,21935928,1045624,"{""values"": {""shape"": [87112], ""dtype"": ""<i8"", ""nbytes"": 696896}, ""indices"": {""shape"": [87112], ""dtype"": ""<i4"", ""nbytes"": 348448}, ""indptr"": {""shape"": [70], ""dtype"": ""<i4"", ""nbytes"": 280}}",1,1.8909999999996217,0.7960000000002765,184168448,0.007087495747679785,0.009297349991301941,0.19504716800685523
SPA47,Spatial Transcriptomics,Homo sapiens,Heart,success,32,E:\Hestdata\st\SPA47.h5ad,43b06331157f6714022dd2ae03c94de20f26f553ee78a883372c40dd97fc3c30,D:\HEST1000BenchRun\COUNT-HEST-SHARED-K32-001\main\SPA47\VALUE_K32\attempt01\RESULT.json,,59,39739,2344601,78970,194581,198445,47993,D:\HEST1000BenchRun\COUNT-HEST-SHARED-K32-001\main\SPA47\VALUE_K32\attempt01\archive.cnt,35f9c5999a3858091ba375dd308b902fd874befa274b370ee41523ccc238dbba,True,True,21,-3864,-1.9858053972381682,0.16375664771959067,4.861896922882107,0.6771130780887665,20.103330378624793,25594131,18756808,947880,"{""values"": {""shape"": [78970], ""dtype"": ""<i8"", ""nbytes"": 631760}, ""indices"": {""shape"": [78970], ""dtype"": ""<i4"", ""nbytes"": 315880}, ""indptr"": {""shape"": [60], ""dtype"": ""<i4"", ""nbytes"": 240}}",1,1.8909999999996217,1.1090000000003783,183771136,0.007753535371058311,0.010579891845136977,0.20935666962062707
SPA48,Spatial Transcriptomics,Homo sapiens,Heart,success,32,E:\Hestdata\st\SPA48.h5ad,56c7c889ed07ea9a217b2d93c2ad316948ac08b81530530c304ebb7961d565f6,D:\HEST1000BenchRun\COUNT-HEST-SHARED-K32-001\main\SPA48\VALUE_K32\attempt01\RESULT.json,,55,39739,2185645,71287,188555,192244,42862,D:\HEST1000BenchRun\COUNT-HEST-SHARED-K32-001\main\SPA48\VALUE_K32\attempt01\archive.cnt,011cdc5e4f8a5cec982d62dc5f4f138bfe5aa9663b79ece584bb80cf3c4d3b8c,True,True,21,-3689,-1.956458327808862,0.15688549604350202,4.810077573751175,0.7036604755118054,21.574087842103047,24322259,17485160,855668,"{""values"": {""shape"": [71287], ""dtype"": ""<i8"", ""nbytes"": 570296}, ""indices"": {""shape"": [71287], ""dtype"": ""<i4"", ""nbytes"": 285148}, ""indptr"": {""shape"": [56], ""dtype"": ""<i4"", ""nbytes"": 224}}",1,1.9220000000004802,0.7969999999986612,170123264,0.007904035558539196,0.01099469492987196,0.22467125099921934
SPA5,Spatial Transcriptomics,Mus musculus,Brain,success,32,E:\Hestdata\st\SPA5.h5ad,4a878592402b4d9317f842cd072062a94e96ddc4953cbe7963f1ca0c0d9b8e9e,D:\HEST1000BenchRun\COUNT-HEST-SHARED-K32-001\main\SPA5\VALUE_K32\attempt01\RESULT.json,,262,16218,4249116,1701556,973382,973209,884886,D:\HEST1000BenchRun\COUNT-HEST-SHARED-K32-001\main\SPA5\VALUE_K32\attempt01\archive.cnt,6a43120e07993c7584d7ceb1882592d8a16d0881db93a1aed540c3878b5e9e25,True,True,25,173,0.0177730839485423,1.6660142956793837,4.160361457395466,1.8323039427495036,4.5756190216484205,38322730,33992928,20419724,"{""values"": {""shape"": [1701556], ""dtype"": ""<i8"", ""nbytes"": 13612448}, ""indices"": {""shape"": [1701556], ""dtype"": ""<i4"", ""nbytes"": 6806224}, ""indptr"": {""shape"": [263], ""dtype"": ""<i4"", ""nbytes"": 1052}}",1,3.7819999999992433,1.734999999998763,198569984,0.02539508537100567,0.028629749105460994,0.04766024261640363
SPA51,Spatial Transcriptomics,Homo sapiens,Breast,success,32,E:\Hestdata\st\SPA51.h5ad,19179b87d1aad844c9ee25cc8659b310b3e0525e88e3e49ccc71ab4b56a6db40,D:\HEST1000BenchRun\COUNT-HEST-SHARED-K32-001\main\SPA51\VALUE_K32\attempt01\RESULT.json,,421,19119,8049099,1198002,748543,749040,647940,D:\HEST1000BenchRun\COUNT-HEST-SHARED-K32-001\main\SPA51\VALUE_K32\attempt01\archive.cnt,03c0d3612bd7a6690cb220491e3cc80c4a17dc7486fcbd932bf6a6e229b36dd5,True,True,22,-497,-0.0663956512852301,0.6439876065631693,4.326804128874576,0.744470902892361,5.0019282104704335,69219580,64392792,14377712,"{""values"": {""shape"": [1198002], ""dtype"": ""<i8"", ""nbytes"": 9584016}, ""indices"": {""shape"": [1198002], ""dtype"": ""<i4"", ""nbytes"": 4792008}, ""indptr"": {""shape"": [422], ""dtype"": ""<i4"", ""nbytes"": 1688}}",1,2.985000000000582,1.4220000000004802,188817408,0.010821215615581603,0.01163235785769314,0.05209730171253952
SPA52,Spatial Transcriptomics,Homo sapiens,Breast,success,32,E:\Hestdata\st\SPA52.h5ad,f197ff7bc53729a24f5d0e1239fe22ebcc457e97e53ff7c4c18784366d4dcd1b,D:\HEST1000BenchRun\COUNT-HEST-SHARED-K32-001\main\SPA52\VALUE_K32\attempt01\RESULT.json,,340,18871,6416140,980073,615790,617390,520286,D:\HEST1000BenchRun\COUNT-HEST-SHARED-K32-001\main\SPA52\VALUE_K32\attempt01\archive.cnt,435bfe339e49f5b9393efce936adc2bdfb8855df4f2282ba820e1bf0165150b9,True,True,22,-1600,-0.25982883775313015,0.6487215054534347,4.2469163011326705,0.7697961702830673,5.039542972819372,56127395,51329120,11762240,"{""values"": {""shape"": [980073], ""dtype"": ""<i8"", ""nbytes"": 7840584}, ""indices"": {""shape"": [980073], ""dtype"": ""<i4"", ""nbytes"": 3920292}, ""indptr"": {""shape"": [341], ""dtype"": ""<i4"", ""nbytes"": 1364}}",1,2.8280000000013388,1.0939999999991414,185520128,0.010999797870540758,0.012028065160672927,0.05248915172620181
SPA53,Spatial Transcriptomics,Homo sapiens,Breast,success,32,E:\Hestdata\st\SPA53.h5ad,4d2bd0a1ffdff5ef6b984c08b434ada290239d2cccb3dc0fa45f11f5e06e575b,D:\HEST1000BenchRun\COUNT-HEST-SHARED-K32-001\main\SPA53\VALUE_K32\attempt01\RESULT.json,,402,19729,7931058,1436449,831888,830559,726997,D:\HEST1000BenchRun\COUNT-HEST-SHARED-K32-001\main\SPA53\VALUE_K32\attempt01\archive.cnt,f21a6385d0561f3b7c03be9aebf57c616543c16c168bbb24a5d279acfe43647d,True,True,22,1329,0.1597570826842075,0.7333165386005247,4.048856590105183,0.8377787679777402,4.625623325297313,68317187,63448464,17239000,"{""values"": {""shape"": [1436449], ""dtype"": ""<i8"", ""nbytes"": 11491592}, ""indices"": {""shape"": [1436449], ""dtype"": ""<i4"", ""nbytes"": 5745796}, ""indptr"": {""shape"": [403], ""dtype"": ""<i4"", ""nbytes"": 1612}}",1,3.625,2.04700000000048,191795200,0.012157394595301471,0.01309029324965219,0.04817907071175822
SPA55,Spatial Transcriptomics,Homo sapiens,Breast,success,32,E:\Hestdata\st\SPA55.h5ad,f987950c1bc6a8a936d34c8688f462d0ece75b2219a02a370ce6d238e1956652,D:\HEST1000BenchRun\COUNT-HEST-SHARED-K32-001\main\SPA55\VALUE_K32\attempt01\RESULT.json,,687,18306,12576222,1305828,827211,826995,726834,D:\HEST1000BenchRun\COUNT-HEST-SHARED-K32-001\main\SPA55\VALUE_K32\attempt01\archive.cnt,69127f31e255e3da252a659b405f441350376fb4cbc9863107266e8581542083,True,True,19,216,0.026111838454759426,0.4623544336287957,4.452862092097887,0.5260689577521771,5.066486551061855,105387841,100609776,15672688,"{""values"": {""shape"": [1305828], ""dtype"": ""<i8"", ""nbytes"": 10446624}, ""indices"": {""shape"": [1305828], ""dtype"": ""<i4"", ""nbytes"": 5223312}, ""indptr"": {""shape"": [688], ""dtype"": ""<i4"", ""nbytes"": 2752}}",1,3.313000000000102,1.2659999999996217,190103552,0.007847157624189303,0.008219827464877767,0.05276663454284294
SPA56,Spatial Transcriptomics,Homo sapiens,Breast,success,32,E:\Hestdata\st\SPA56.h5ad,f772c90fc4d4fccabcb69e5de597d3671c783aa34667bf44709724c861809b30,D:\HEST1000BenchRun\COUNT-HEST-SHARED-K32-001\main\SPA56\VALUE_K32\attempt01\RESULT.json,,597,17933,10706001,1125131,730679,731905,634266,D:\HEST1000BenchRun\COUNT-HEST-SHARED-K32-001\main\SPA56\VALUE_K32\attempt01\archive.cnt,723648ba199964f75bcdc45dc101537c53f96d2dd6e5707d9650d687c13f48b2,True,True,19,-1226,-0.1677891385957445,0.4739517584577098,4.509810857580139,0.5469119608712908,5.204051794857666,90362386,85648008,13503964,"{""values"": {""shape"": [1125131], ""dtype"": ""<i8"", ""nbytes"": 9001048}, ""indices"": {""shape"": [1125131], ""dtype"": ""<i4"", ""nbytes"": 4500524}, ""indptr"": {""shape"": [598], ""dtype"": ""<i4"", ""nbytes"": 2392}}",1,3.313000000000102,1.25,187559936,0.008099664389118721,0.008545499388613919,0.054199270673411154
SPA57,Spatial Transcriptomics,Homo sapiens,Breast,success,32,E:\Hestdata\st\SPA57.h5ad,8ccc6d2f851bcbb2004fcc060a67333943f4a331393713eb5eadc64fbb19ec5b,D:\HEST1000BenchRun\COUNT-HEST-SHARED-K32-001\main\SPA57\VALUE_K32\attempt01\RESULT.json,,478,17405,8319590,724875,515337,517840,426333,D:\HEST1000BenchRun\COUNT-HEST-SHARED-K32-001\main\SPA57\VALUE_K32\attempt01\archive.cnt,1efcf748bec82db4c41aa37a71d6e8b0e1e7056a95b4104c9a0ad72f3a25220b,True,True,21,-2503,-0.48570158944535324,0.40995577907084363,4.705175375064666,0.49794761520699937,5.715081910674254,71235475,66556720,8700416,"{""values"": {""shape"": [724875], ""dtype"": ""<i8"", ""nbytes"": 5799000}, ""indices"": {""shape"": [724875], ""dtype"": ""<i4"", ""nbytes"": 2899500}, ""indptr"": {""shape"": [479], ""dtype"": ""<i4"", ""nbytes"": 1916}}",1,3.0159999999996217,1.1090000000003783,181698560,0.007269411764293001,0.007780431487609365,0.05951899311481198
SPA58,Spatial Transcriptomics,Homo sapiens,Breast,success,32,E:\Hestdata\st\SPA58.h5ad,d74cb550e659857f601ec4c7e86725e7f97eff3fdc625fb25088f446014dee8f,D:\HEST1000BenchRun\COUNT-HEST-SHARED-K32-001\main\SPA58\VALUE_K32\attempt01\RESULT.json,,480,17641,8467680,851740,585999,588678,495103,D:\HEST1000BenchRun\COUNT-HEST-SHARED-K32-001\main\SPA58\VALUE_K32\attempt01\archive.cnt,b248098b67fc1b5bc6bc93ec4ad84d04d774a975a4dac6a90529e0918031808c,True,True,22,-2679,-0.4571680156450779,0.4677578746480736,4.650273557658441,0.5561646165183379,5.529180266278442,72426841,67741440,10222804,"{""values"": {""shape"": [851740], ""dtype"": ""<i8"", ""nbytes"": 6813920}, ""indices"": {""shape"": [851740], ""dtype"": ""<i4"", ""nbytes"": 3406960}, ""indptr"": {""shape"": [481], ""dtype"": ""<i4"", ""nbytes"": 1924}}",1,2.8440000000009604,0.9529999999995198,183898112,0.00812789832984708,0.00869007213309903,0.05758478789185433
SPA59,Spatial Transcriptomics,Homo sapiens,Breast,success,32,E:\Hestdata\st\SPA59.h5ad,a87a3ddb605d15e56ffb6631c16cb60fd85922ce86c194889b58d72597bd64b6,D:\HEST1000BenchRun\COUNT-HEST-SHARED-K32-001\main\SPA59\VALUE_K32\attempt01\RESULT.json,,464,17387,8067568,680025,487359,489545,398652,D:\HEST1000BenchRun\COUNT-HEST-SHARED-K32-001\main\SPA59\VALUE_K32\attempt01\archive.cnt,defec157a49399aa746488bf517fd83897ce056431694fa71dbd1f99e5e0273f,True,True,21,-2186,-0.44853998797600947,0.39531318484083433,4.689851108415132,0.48544493210345424,5.759141208043822,69196891,64540544,8162160,"{""values"": {""shape"": [680025], ""dtype"": ""<i8"", ""nbytes"": 5440200}, ""indices"": {""shape"": [680025], ""dtype"": ""<i4"", ""nbytes"": 2720100}, ""indptr"": {""shape"": [465], ""dtype"": ""<i4"", ""nbytes"": 1860}}",1,2.5159999999996217,0.9380000000001019,181493760,0.00707466755984745,0.0075850770641164725,0.05997738343771747
SPA6,Spatial Transcriptomics,Mus musculus,Brain,success,32,E:\Hestdata\st\SPA6.h5ad,7acfb7997ddb8ed3bc2a13731622204866d62ea50b7c91bd4ea7a64567d8464a,D:\HEST1000BenchRun\COUNT-HEST-SHARED-K32-001\main\SPA6\VALUE_K32\attempt01\RESULT.json,,281,16416,4612896,1835533,1143630,1144966,1054416,D:\HEST1000BenchRun\COUNT-HEST-SHARED-K32-001\main\SPA6\VALUE_K32\attempt01\archive.cnt,7aa521bf5ca01a39209840f553d60a55bd8e9baf492eee4d5677f7d27388be0d,True,True,26,-1336,-0.11682099979888601,1.8286404029052465,4.595574146583036,1.985678411132616,4.9902279065535735,41269408,36903168,22027524,"{""values"": {""shape"": [1835533], ""dtype"": ""<i8"", ""nbytes"": 14684264}, ""indices"": {""shape"": [1835533], ""dtype"": ""<i4"", ""nbytes"": 7342132}, ""indptr"": {""shape"": [282], ""dtype"": ""<i4"", ""nbytes"": 1128}}",1,3.640000000001237,1.7659999999996217,193302528,0.027743698189225296,0.031026225173947125,0.05197887878819245
SPA60,Spatial Transcriptomics,Homo sapiens,Breast,success,32,E:\Hestdata\st\SPA60.h5ad,1cdc20178eb93b32b276097af1955f2633b122ebb5844c984e4cb272a621a8f8,D:\HEST1000BenchRun\COUNT-HEST-SHARED-K32-001\main\SPA60\VALUE_K32\attempt01\RESULT.json,,331,18298,6056638,880101,550629,551736,459264,D:\HEST1000BenchRun\COUNT-HEST-SHARED-K32-001\main\SPA60\VALUE_K32\attempt01\archive.cnt,f91ee7ae9fe443612567c5213197e1e3facd8dd74e559655bdc97eb50221c7ff,True,True,22,-1107,-0.20104280740752847,0.6066256560157632,4.174648136975188,0.7287686667091545,5.015206209287343,53179989,48453104,10562540,"{""values"": {""shape"": [880101], ""dtype"": ""<i8"", ""nbytes"": 7040808}, ""indices"": {""shape"": [880101], ""dtype"": ""<i4"", ""nbytes"": 3520404}, ""indptr"": {""shape"": [332], ""dtype"": ""<i4"", ""nbytes"": 1328}}",1,2.8439999999991414,1.4060000000008586,183828480,0.010374879919587798,0.01138701041733054,0.05223516313311003
SPA62,Spatial Transcriptomics,Homo sapiens,Breast,success,32,E:\Hestdata\st\SPA62.h5ad,8046eb2f2c60dd3a8945d2dce834c2cc7e2ee9af67962316ac50421d1e87a1f0,D:\HEST1000BenchRun\COUNT-HEST-SHARED-K32-001\main\SPA62\VALUE_K32\attempt01\RESULT.json,,294,16859,4956546,343800,297911,301072,218541,D:\HEST1000BenchRun\COUNT-HEST-SHARED-K32-001\main\SPA62\VALUE_K32\attempt01\archive.cnt,38f08afe92fc245c27c1acc8392342bc0bf0d3eb3612602297b7bc8c63d3b650,True,True,19,-3161,-1.0610551473426628,0.3527311155792764,5.085305410122164,0.4859383933892674,7.005747527632344,44217521,39652368,4126780,"{""values"": {""shape"": [343800], ""dtype"": ""<i8"", ""nbytes"": 2750400}, ""indices"": {""shape"": [343800], ""dtype"": ""<i4"", ""nbytes"": 1375200}, ""indptr"": {""shape"": [295], ""dtype"": ""<i4"", ""nbytes"": 1180}}",1,2.375,0.7970000000004802,176676864,0.006808884650046302,0.0075927873967073034,0.07295567003814112
SPA63,Spatial Transcriptomics,Homo sapiens,Breast,success,32,E:\Hestdata\st\SPA63.h5ad,c766aabccb08c5cb78703527631b322b76afe011828736b1d123747785ff8224,D:\HEST1000BenchRun\COUNT-HEST-SHARED-K32-001\main\SPA63\VALUE_K32\attempt01\RESULT.json,,518,17402,9014236,1141700,700966,700846,607105,D:\HEST1000BenchRun\COUNT-HEST-SHARED-K32-001\main\SPA63\VALUE_K32\attempt01\archive.cnt,d54924217ec61189caa7e74d86bd09dc15701163eff2d6db3e751adb29f46eda,True,True,23,120,0.01711923260186657,0.5387966323490976,4.254042217745467,0.621990371674316,4.910894280458964,76786568,72113888,13702476,"{""values"": {""shape"": [1141700], ""dtype"": ""<i8"", ""nbytes"": 9133600}, ""indices"": {""shape"": [1141700], ""dtype"": ""<i4"", ""nbytes"": 4566800}, ""indptr"": {""shape"": [519], ""dtype"": ""<i4"", ""nbytes"": 2076}}",1,3.015000000001237,1.4220000000004802,187043840,0.00912719526675551,0.009718599557411188,0.0511473984701743
SPA64,Spatial Transcriptomics,Homo sapiens,Breast,success,32,E:\Hestdata\st\SPA64.h5ad,0fa3791b464aa51d2a2b7da1db2af1d21a8d1ef4e75599471d43f92f3ba87038,D:\HEST1000BenchRun\COUNT-HEST-SHARED-K32-001\main\SPA64\VALUE_K32\attempt01\RESULT.json,,454,17630,8004020,1159269,690558,689676,596017,D:\HEST1000BenchRun\COUNT-HEST-SHARED-K32-001\main\SPA64\VALUE_K32\attempt01\archive.cnt,e46f0dcfc339b21dcf708cc6c6383cf985830da5d421b3ae961b8095b7143ea5,True,True,25,882,0.1277227980850269,0.5957176518799303,4.1130540021341035,0.6893296118700353,4.759385440307642,68717772,64032160,13913048,"{""values"": {""shape"": [1159269], ""dtype"": ""<i8"", ""nbytes"": 9274152}, ""indices"": {""shape"": [1159269], ""dtype"": ""<i4"", ""nbytes"": 4637076}, ""indptr"": {""shape"": [455], ""dtype"": ""<i4"", ""nbytes"": 1820}}",1,3.5930000000007567,1.860000000000582,187392000,0.010036355660657916,0.010770775185469301,0.04957044638960492
SPA65,Spatial Transcriptomics,Homo sapiens,Breast,success,32,E:\Hestdata\st\SPA65.h5ad,aed1310e4f4c4748e604d873aa9a0426322ed4ca7aa30465957a216309ef580b,D:\HEST1000BenchRun\COUNT-HEST-SHARED-K32-001\main\SPA65\VALUE_K32\attempt01\RESULT.json,,498,17686,8807628,1165988,708348,707908,613458,D:\HEST1000BenchRun\COUNT-HEST-SHARED-K32-001\main\SPA65\VALUE_K32\attempt01\archive.cnt,9d8ae0513c252420c2273a52e327d42aa24e55eca174263c1249f62848af09b2,True,True,23,440,0.062116360884762856,0.5572060945353278,4.209017588517206,0.6429953671976155,4.857051702075836,75143104,70461024,13993852,"{""values"": {""shape"": [1165988], ""dtype"": ""<i8"", ""nbytes"": 9327904}, ""indices"": {""shape"": [1165988], ""dtype"": ""<i4"", ""nbytes"": 4663952}, ""indptr"": {""shape"": [499], ""dtype"": ""<i4"", ""nbytes"": 1996}}",1,4.139999999999418,1.860000000000582,187473920,0.009420797948405219,0.010046802612462742,0.05058707209423109
SPA66,Spatial Transcriptomics,Homo sapiens,Breast,success,32,E:\Hestdata\st\SPA66.h5ad,053a6a05ac469ba424c8b89cba42dfc5418fda8cf35dbbcfb321e052552bcf54,D:\HEST1000BenchRun\COUNT-HEST-SHARED-K32-001\main\SPA66\VALUE_K32\attempt01\RESULT.json,,504,18535,9341640,1063770,684255,685284,587266,D:\HEST1000BenchRun\COUNT-HEST-SHARED-K32-001\main\SPA66\VALUE_K32\attempt01\archive.cnt,ecfef8d2a433f25e89f3bc3e3b932ada0c08a173812160c2efc991e23c7b99b4,True,True,22,-1029,-0.1503825328276739,0.5029232554455106,4.416488526655198,0.586863976774956,5.153625313742633,79519071,74733120,12767260,"{""values"": {""shape"": [1063770], ""dtype"": ""<i8"", ""nbytes"": 8510160}, ""indices"": {""shape"": [1063770], ""dtype"": ""<i4"", ""nbytes"": 4255080}, ""indptr"": {""shape"": [505], ""dtype"": ""<i4"", ""nbytes"": 2020}}",1,3.0930000000007567,1.7039999999997235,187035648,0.008617857218176003,0.009169749637108688,0.05367510335028816
SPA67,Spatial Transcriptomics,Homo sapiens,Breast,success,32,E:\Hestdata\st\SPA67.h5ad,70356b964dad40f203f8ee06dc32771475ad110e7bc35108e0f20df8bce38cef,D:\HEST1000BenchRun\COUNT-HEST-SHARED-K32-001\main\SPA67\VALUE_K32\attempt01\RESULT.json,,473,18663,8827599,1054884,677391,678100,579904,D:\HEST1000BenchRun\COUNT-HEST-SHARED-K32-001\main\SPA67\VALUE_K32\attempt01\archive.cnt,a444f71b8a1b3c01bb95c10e1a2a0425583bba58ddc8a981f5e4625744ec9a9c,True,True,22,-709,-0.10466628579358155,0.5255372383815803,4.3978598594727005,0.6145272344156095,5.142555958759447,75394224,70620792,12660504,"{""values"": {""shape"": [1054884], ""dtype"": ""<i8"", ""nbytes"": 8439072}, ""indices"": {""shape"": [1054884], ""dtype"": ""<i4"", ""nbytes"": 4219536}, ""indptr"": {""shape"": [474], ""dtype"": ""<i4"", ""nbytes"": 1896}}",1,3.0319999999992433,3.04700000000048,186556416,0.008994057688026606,0.009601988037743899,0.0535602690066683
SPA68,Spatial Transcriptomics,Homo sapiens,Breast,success,32,E:\Hestdata\st\SPA68.h5ad,97147579d188a7f4de8c8670a12c2803d0825beecb30f43b1bc4aa0d70d8eaf1,D:\HEST1000BenchRun\COUNT-HEST-SHARED-K32-001\main\SPA68\VALUE_K32\attempt01\RESULT.json,,478,18787,8980186,1165859,740435,741394,641979,D:\HEST1000BenchRun\COUNT-HEST-SHARED-K32-001\main\SPA68\VALUE_K32\attempt01\archive.cnt,784ab5e67d531a3eed2f0a219d20dff7d0367969a2e0f1070b5d88cbd9ac348b,True,True,23,-959,-0.12951845874384652,0.5719070852207293,4.4051913653366315,0.6604709523833916,5.087366482567789,76624841,71841488,13992224,"{""values"": {""shape"": [1165859], ""dtype"": ""<i8"", ""nbytes"": 9326872}, ""indices"": {""shape"": [1165859], ""dtype"": ""<i4"", ""nbytes"": 4663436}, ""indptr"": {""shape"": [479], ""dtype"": ""<i4"", ""nbytes"": 1916}}",1,3.1569999999992433,1.4220000000004802,188235776,0.009675635085494011,0.010319858630990494,0.05298614430415065
SPA69,Spatial Transcriptomics,Homo sapiens,Breast,success,32,E:\Hestdata\st\SPA69.h5ad,0f71fd27a8a44aa7521e8e22b4ff97e5e42250f2723a5909d5cead9929eb3d35,D:\HEST1000BenchRun\COUNT-HEST-SHARED-K32-001\main\SPA69\VALUE_K32\attempt01\RESULT.json,,482,18606,8968092,1462048,850143,847726,746764,D:\HEST1000BenchRun\COUNT-HEST-SHARED-K32-001\main\SPA69\VALUE_K32\attempt01\archive.cnt,26f90c0aa09c1d5cf097e10890b537b48888b0304b8e09f477e83394775e1be0,True,True,25,2417,0.28430511102249856,0.666151952946067,4.0861257633128325,0.7562152573813917,4.63856727002123,76513936,71744736,17546508,"{""values"": {""shape"": [1462048], ""dtype"": ""<i8"", ""nbytes"": 11696384}, ""indices"": {""shape"": [1462048], ""dtype"": ""<i4"", ""nbytes"": 5848192}, ""indptr"": {""shape"": [483], ""dtype"": ""<i4"", ""nbytes"": 1932}}",1,3.3289999999997235,1.4680000000007567,192106496,0.011079367293299353,0.011815863396584246,0.048313088849359656
SPA7,Spatial Transcriptomics,Mus musculus,Brain,success,32,E:\Hestdata\st\SPA7.h5ad,115867758b419450a64d4a9c26caeb4522a57f8bb143ac0920f3e74ac1be58aa,D:\HEST1000BenchRun\COUNT-HEST-SHARED-K32-001\main\SPA7\VALUE_K32\attempt01\RESULT.json,,237,15284,3622308,983544,563018,563062,482264,D:\HEST1000BenchRun\COUNT-HEST-SHARED-K32-001\main\SPA7\VALUE_K32\attempt01\archive.cnt,4ccad072585c343bad4a254e110e22768602dceea47cebe1d577d99e16ca481c,True,True,21,-44,-0.007815025452116984,1.065097722225719,3.922663348055603,1.2435430670169405,4.5798622125700525,33241468,28978464,11803480,"{""values"": {""shape"": [983544], ""dtype"": ""<i8"", ""nbytes"": 7868352}, ""indices"": {""shape"": [983544], ""dtype"": ""<i4"", ""nbytes"": 3934176}, ""indptr"": {""shape"": [238], ""dtype"": ""<i4"", ""nbytes"": 952}}",1,2.7189999999991414,1.7810000000008586,182829056,0.01693854194405614,0.019430360422139695,0.04770305028686455
SPA70,Spatial Transcriptomics,Homo sapiens,Breast,success,32,E:\Hestdata\st\SPA70.h5ad,b9ce30939e0e951d8434ab85616b10b520ae50a007914b29dae989e43fe80b3d,D:\HEST1000BenchRun\COUNT-HEST-SHARED-K32-001\main\SPA70\VALUE_K32\attempt01\RESULT.json,,502,19088,9582176,1600084,918318,914367,812284,D:\HEST1000BenchRun\COUNT-HEST-SHARED-K32-001\main\SPA70\VALUE_K32\attempt01\archive.cnt,602af55f54fbcff28db3e4d6ef12b6ee3d84ba6e78b0cfcb10486e3f6673dae8,True,True,26,3951,0.4302431183968952,0.6781624549580387,4.061206786643702,0.7633898605076759,4.571594991262959,81499766,76657408,19203020,"{""values"": {""shape"": [1600084], ""dtype"": ""<i8"", ""nbytes"": 12800672}, ""indices"": {""shape"": [1600084], ""dtype"": ""<i4"", ""nbytes"": 6400336}, ""indptr"": {""shape"": [503], ""dtype"": ""<i4"", ""nbytes"": 2012}}",1,3.5,2.5159999999996217,193826816,0.011219259206216617,0.011927966570432436,0.04761579168276656
SPA71,Spatial Transcriptomics,Homo sapiens,Breast,success,32,E:\Hestdata\st\SPA71.h5ad,c87cb7b19def9097e5e7f17d22ec715489e4768025965af1ec6c1c25febed339,D:\HEST1000BenchRun\COUNT-HEST-SHARED-K32-001\main\SPA71\VALUE_K32\attempt01\RESULT.json,,489,19017,9299313,1585379,910893,907632,806112,D:\HEST1000BenchRun\COUNT-HEST-SHARED-K32-001\main\SPA71\VALUE_K32\attempt01\archive.cnt,73ae8cadbedca1bf898e8715b723b9a140507596b28bb99e5b0fa554f71cf497,True,True,26,3261,0.3580003359340779,0.6934809055249566,4.067731438350073,0.7808163893397286,4.580012728817525,79230258,74394504,19026508,"{""values"": {""shape"": [1585379], ""dtype"": ""<i8"", ""nbytes"": 12683032}, ""indices"": {""shape"": [1585379], ""dtype"": ""<i4"", ""nbytes"": 6341516}, ""indptr"": {""shape"": [490], ""dtype"": ""<i4"", ""nbytes"": 1960}}",1,4.25,1.4840000000003783,193028096,0.011455623431139149,0.01220025608343326,0.047703551276986826
SPA72,Spatial Transcriptomics,Homo sapiens,Breast,success,32,E:\Hestdata\st\SPA72.h5ad,9b6a81ce0598d5169f828cf68c7fbb4b10178fc29fc5b1c4939391f6daea2871,D:\HEST1000BenchRun\COUNT-HEST-SHARED-K32-001\main\SPA72\VALUE_K32\attempt01\RESULT.json,,566,18853,10670798,1018859,685369,687532,586639,D:\HEST1000BenchRun\COUNT-HEST-SHARED-K32-001\main\SPA72\VALUE_K32\attempt01\archive.cnt,ed04fea0837b7aa93b1bb977f8b42bd165d23023aadf7c0db3c37f5434240bc4,True,True,21,-2163,-0.3155964159452791,0.4398089065128962,4.606242865793991,0.5154493600197474,5.398446693801596,90206259,85366384,12228576,"{""values"": {""shape"": [1018859], ""dtype"": ""<i8"", ""nbytes"": 8150872}, ""indices"": {""shape"": [1018859], ""dtype"": ""<i4"", ""nbytes"": 4075436}, ""indptr"": {""shape"": [567], ""dtype"": ""<i4"", ""nbytes"": 2268}}",1,3.625,1.9220000000004802,186380288,0.007621777109723617,0.008053896250308553,0.056223390196863475
SPA73,Spatial Transcriptomics,Homo sapiens,Breast,success,32,E:\Hestdata\st\SPA73.h5ad,c8cfaa8f5cc01712aeafb9fab9de0f89bedb0ddd3da9bbd8e7fa32ce40cda546,D:\HEST1000BenchRun\COUNT-HEST-SHARED-K32-001\main\SPA73\VALUE_K32\attempt01\RESULT.json,,513,18426,9452538,1268140,771406,770611,672130,D:\HEST1000BenchRun\COUNT-HEST-SHARED-K32-001\main\SPA73\VALUE_K32\attempt01\archive.cnt,866d6c0e86c5fe112bf6936a71c970cb5d79aed02fd54bc2edb5218515fb8a22,True,True,21,795,0.10305857097300254,0.5688461659715095,4.240099673537622,0.6521939398709637,4.86136231015503,80388547,75620304,15219736,"{""values"": {""shape"": [1268140], ""dtype"": ""<i8"", ""nbytes"": 10145120}, ""indices"": {""shape"": [1268140], ""dtype"": ""<i4"", ""nbytes"": 5072560}, ""indptr"": {""shape"": [514], ""dtype"": ""<i4"", ""nbytes"": 2056}}",1,3.20299999999952,1.5940000000009604,189120512,0.009586079469753322,0.010190530310483809,0.050632349996084035
SPA74,Spatial Transcriptomics,Homo sapiens,Breast,success,32,E:\Hestdata\st\SPA74.h5ad,b8ad098755407f38926f07bbe3bdf18e2bcffa2a3d76cf53fdb9c43346915f9e,D:\HEST1000BenchRun\COUNT-HEST-SHARED-K32-001\main\SPA74\VALUE_K32\attempt01\RESULT.json,,506,18191,9204646,1086271,684892,685322,588442,D:\HEST1000BenchRun\COUNT-HEST-SHARED-K32-001\main\SPA74\VALUE_K32\attempt01\archive.cnt,a39ee092e2fbda849988230acaff6f0bd4a3b921b24f18f95afde695cfc44216,True,True,21,-430,-0.06278362135928,0.5114304232884133,4.333666276647356,0.59563138006611,5.047153058490929,78384681,73637168,13037280,"{""values"": {""shape"": [1086271], ""dtype"": ""<i8"", ""nbytes"": 8690168}, ""indices"": {""shape"": [1086271], ""dtype"": ""<i4"", ""nbytes"": 4345084}, ""indptr"": {""shape"": [507], ""dtype"": ""<i4"", ""nbytes"": 2028}}",1,3.0,1.7339999999985594,186974208,0.00874306039467074,0.00930674031353297,0.05256633285470589
SPA75,Spatial Transcriptomics,Homo sapiens,Breast,success,32,E:\Hestdata\st\SPA75.h5ad,e13cab8bac4ca99cac75a1e55d55369944aa63060406745834c4f6d9350b1ebd,D:\HEST1000BenchRun\COUNT-HEST-SHARED-K32-001\main\SPA75\VALUE_K32\attempt01\RESULT.json,,284,18373,5217932,600800,438118,441702,349209,D:\HEST1000BenchRun\COUNT-HEST-SHARED-K32-001\main\SPA75\VALUE_K32\attempt01\archive.cnt,7956896fd9522c3659e6594397707df94cf83335f88731be2632efedf5326e2f,True,True,23,-3584,-0.8180444537772928,0.5353983148879671,4.649920106524633,0.6772062188621852,5.881517976031957,46474025,41743456,7210740,"{""values"": {""shape"": [600800], ""dtype"": ""<i8"", ""nbytes"": 4806400}, ""indices"": {""shape"": [600800], ""dtype"": ""<i4"", ""nbytes"": 2403200}, ""indptr"": {""shape"": [285], ""dtype"": ""<i4"", ""nbytes"": 1140}}",1,3.32799999999952,0.9529999999995198,180248576,0.009504276851423995,0.010581347169721644,0.061256126278301536
SPA77,Spatial Transcriptomics,Homo sapiens,Breast,success,32,E:\Hestdata\st\SPA77.h5ad,ab992777eb37489ac2336b85e7d0842b5c4488d020c7edd2a40b4cf6b8c56c8a,D:\HEST1000BenchRun\COUNT-HEST-SHARED-K32-001\main\SPA77\VALUE_K32\attempt01\RESULT.json,,284,17940,5094960,650680,452411,455226,364687,D:\HEST1000BenchRun\COUNT-HEST-SHARED-K32-001\main\SPA77\VALUE_K32\attempt01\archive.cnt,ee24c072ea4cb48b50158d8b3f06c1e049684054cb2a15a6ed768c0215832c74,True,True,21,-2815,-0.6222218292658667,0.5726239263900011,4.483764676953341,0.71478637712563,5.596926292494007,45425552,40759680,7809300,"{""values"": {""shape"": [650680], ""dtype"": ""<i8"", ""nbytes"": 5205440}, ""indices"": {""shape"": [650680], ""dtype"": ""<i4"", ""nbytes"": 2602720}, ""indptr"": {""shape"": [285], ""dtype"": ""<i4"", ""nbytes"": 1140}}",1,2.5309999999990396,0.9369999999998981,180379648,0.010021364187275039,0.011168537142587968,0.05829280473281856
SPA78,Spatial Transcriptomics,Homo sapiens,Breast,success,32,E:\Hestdata\st\SPA78.h5ad,03fcf2b0a8ee224ce47f9dbc5698705853dfeb5161f17e991e128ef1190c2498,D:\HEST1000BenchRun\COUNT-HEST-SHARED-K32-001\main\SPA78\VALUE_K32\attempt01\RESULT.json,,363,17751,6443613,660298,482876,486038,395323,D:\HEST1000BenchRun\COUNT-HEST-SHARED-K32-001\main\SPA78\VALUE_K32\attempt01\archive.cnt,e106d38ae90b049d9c9c6ba983159a6a38af380a29f4d13be1c30b63d2e97477,True,True,21,-3162,-0.654826497900082,0.4908091159416309,4.7896313482700235,0.6034353708082717,5.888710854795865,56226426,51548904,7925032,"{""values"": {""shape"": [660298], ""dtype"": ""<i8"", ""nbytes"": 5282384}, ""indices"": {""shape"": [660298], ""dtype"": ""<i4"", ""nbytes"": 2641192}, ""indptr"": {""shape"": [364], ""dtype"": ""<i4"", ""nbytes"": 1456}}",1,3.0,0.9529999999995198,181129216,0.008644298323354218,0.009428677668879245,0.061329468448834024
SPA79,Spatial Transcriptomics,Homo sapiens,Breast,success,32,E:\Hestdata\st\SPA79.h5ad,58ce51e694fbebcf952b17e2bce438acf35ebfaac8fcda939e822317d0090117,D:\HEST1000BenchRun\COUNT-HEST-SHARED-K32-001\main\SPA79\VALUE_K32\attempt01\RESULT.json,,362,17668,6395816,634528,469758,472794,382397,D:\HEST1000BenchRun\COUNT-HEST-SHARED-K32-001\main\SPA79\VALUE_K32\attempt01\archive.cnt,d8b4ec66c7ea50aacdf479305686d17bcb0928fde24099e7fe440413b6f0063c,True,True,20,-3036,-0.646290217516253,0.47830894447244887,4.8211836199505775,0.5913791140958402,5.960890614756165,55836438,51166528,7615788,"{""values"": {""shape"": [634528], ""dtype"": ""<i8"", ""nbytes"": 5076224}, ""indices"": {""shape"": [634528], ""dtype"": ""<i4"", ""nbytes"": 2538112}, ""indptr"": {""shape"": [363], ""dtype"": ""<i4"", ""nbytes"": 1452}}",1,2.5319999999992433,1.8119999999998981,180273152,0.00846748139628821,0.009240298657747503,0.06208077220636919
SPA8,Spatial Transcriptomics,Mus musculus,Brain,success,32,E:\Hestdata\st\SPA8.h5ad,782befbf76200d70efbf9a63791824e087bcdb21b6a71022f8d8a55294ad6d6c,D:\HEST1000BenchRun\COUNT-HEST-SHARED-K32-001\main\SPA8\VALUE_K32\attempt01\RESULT.json,,234,15288,3577392,1026919,582117,582096,500785,D:\HEST1000BenchRun\COUNT-HEST-SHARED-K32-001\main\SPA8\VALUE_K32\attempt01\archive.cnt,52203d74137f0977e3f1b81ed821843d7de67532b036d245ffb9adfe3d9d1281,True,True,22,21,0.0036075221991455327,1.1198884550532902,3.901261930103543,1.3017214775456534,4.534698452360897,32881032,28619136,12323968,"{""values"": {""shape"": [1026919], ""dtype"": ""<i8"", ""nbytes"": 8215352}, ""indices"": {""shape"": [1026919], ""dtype"": ""<i4"", ""nbytes"": 4107676}, ""indptr"": {""shape"": [235], ""dtype"": ""<i4"", ""nbytes"": 940}}",1,2.7030000000013388,1.3439999999991414,183095296,0.01770309399048059,0.020339398086650834,0.047232839293318514
SPA80,Spatial Transcriptomics,Homo sapiens,Breast,success,32,E:\Hestdata\st\SPA80.h5ad,eaf598c1d038e5859b2362a78ad463c55483ea9e0c401d8256ab564c46218d32,D:\HEST1000BenchRun\COUNT-HEST-SHARED-K32-001\main\SPA80\VALUE_K32\attempt01\RESULT.json,,368,17428,6413504,577020,445368,448683,359146,D:\HEST1000BenchRun\COUNT-HEST-SHARED-K32-001\main\SPA80\VALUE_K32\attempt01\archive.cnt,92ba037bcbe9a162c3442cb40a78d22581eecee23290e659c3eb63e19a27524d,True,True,20,-3315,-0.7443282858220618,0.447987246909022,4.979321340681432,0.5596728403069523,6.220692523656026,55963260,51308032,6925716,"{""values"": {""shape"": [577020], ""dtype"": ""<i8"", ""nbytes"": 4616160}, ""indices"": {""shape"": [577020], ""dtype"": ""<i4"", ""nbytes"": 2308080}, ""indptr"": {""shape"": [369], ""dtype"": ""<i4"", ""nbytes"": 1476}}",1,3.3590000000003783,0.9840000000003783,179707904,0.008017456452679848,0.00874488812979613,0.0647850705977548
SPA81,Spatial Transcriptomics,Homo sapiens,Breast,success,32,E:\Hestdata\st\SPA81.h5ad,9cae95454e7dbfe65490df0b5fbdef0485fbbd224334df62128892cf97723d23,D:\HEST1000BenchRun\COUNT-HEST-SHARED-K32-001\main\SPA81\VALUE_K32\attempt01\RESULT.json,,548,17627,9659596,639478,475756,477811,385663,D:\HEST1000BenchRun\COUNT-HEST-SHARED-K32-001\main\SPA81\VALUE_K32\attempt01\archive.cnt,586d32db85df2b49eec98e5bd9ca4d4b85ba06519e5a55741f708643279c186f,True,True,20,-2055,-0.4319441058021339,0.3194030060884534,4.82472266442317,0.3957192412601935,5.977512908966376,81968663,77276768,7675932,"{""values"": {""shape"": [639478], ""dtype"": ""<i8"", ""nbytes"": 5115824}, ""indices"": {""shape"": [639478], ""dtype"": ""<i4"", ""nbytes"": 2557912}, ""indptr"": {""shape"": [549], ""dtype"": ""<i4"", ""nbytes"": 2196}}",1,2.6560000000008586,0.9840000000003783,180883456,0.00582919108977049,0.006183113144690523,0.06224794591718634
SPA82,Spatial Transcriptomics,Homo sapiens,Breast,success,32,E:\Hestdata\st\SPA82.h5ad,a4cb68ee066d718f4371d7248801931f6890784044f0634363c1852e334fa7c0,D:\HEST1000BenchRun\COUNT-HEST-SHARED-K32-001\main\SPA82\VALUE_K32\attempt01\RESULT.json,,578,17593,10168754,737439,541336,543848,450000,D:\HEST1000BenchRun\COUNT-HEST-SHARED-K32-001\main\SPA82\VALUE_K32\attempt01\archive.cnt,4064109a9d7afea1e848afcd14f8c06896bc35f6c1f8d190f1042529f291e7f5,True,True,19,-2512,-0.46403712296983757,0.3540256751220454,4.8817597116507265,0.42785812303060927,5.899856123692943,86029307,81350032,8851584,"{""values"": {""shape"": [737439], ""dtype"": ""<i8"", ""nbytes"": 5899512}, ""indices"": {""shape"": [737439], ""dtype"": ""<i4"", ""nbytes"": 2949756}, ""indptr"": {""shape"": [579], ""dtype"": ""<i4"", ""nbytes"": 2316}}",1,2.5469999999986612,1.1090000000003783,182325248,0.006321659664188624,0.00668528317235327,0.06144075455873209
SPA83,Spatial Transcriptomics,Homo sapiens,Breast,success,32,E:\Hestdata\st\SPA83.h5ad,dbcbf8e464a23ce68dfe6df7210da5bb2dc62d9611cd64ad91b5febfdb966ab2,D:\HEST1000BenchRun\COUNT-HEST-SHARED-K32-001\main\SPA83\VALUE_K32\attempt01\RESULT.json,,565,17724,10014060,670954,500826,503106,409499,D:\HEST1000BenchRun\COUNT-HEST-SHARED-K32-001\main\SPA83\VALUE_K32\attempt01\archive.cnt,0c3fc716189478f372b1ec505c0b86053c2257bbf3453ab5e68a042be602bd63,True,True,19,-2280,-0.4552479304189479,0.32713924222543106,4.882588076082712,0.40191970090053386,5.9986943963371555,84822281,80112480,8053712,"{""values"": {""shape"": [670954], ""dtype"": ""<i8"", ""nbytes"": 5367632}, ""indices"": {""shape"": [670954], ""dtype"": ""<i4"", ""nbytes"": 2683816}, ""indptr"": {""shape"": [566], ""dtype"": ""<i4"", ""nbytes"": 2264}}",1,2.5319999999992433,1.1710000000002765,182075392,0.005931295339723298,0.006279995326570842,0.062468834246866535
SPA84,Spatial Transcriptomics,Homo sapiens,Breast,success,32,E:\Hestdata\st\SPA84.h5ad,a8d8f0509c4b425b5235cd2e4225e41f6310a45e45f633ce723685f09e74a5cd,D:\HEST1000BenchRun\COUNT-HEST-SHARED-K32-001\main\SPA84\VALUE_K32\attempt01\RESULT.json,,433,17576,7610408,822530,551379,553172,461634,D:\HEST1000BenchRun\COUNT-HEST-SHARED-K32-001\main\SPA84\VALUE_K32\attempt01\archive.cnt,f2c2e119c649b53193a1f9bf303a2c32289e195b2501e6b577c9c150a3725ad8,True,True,19,-1793,-0.3251846733372145,0.48526596734366934,4.48989337774914,0.5814899805634599,5.380200114281546,65559153,60883264,9872096,"{""values"": {""shape"": [822530], ""dtype"": ""<i8"", ""nbytes"": 6580240}, ""indices"": {""shape"": [822530], ""dtype"": ""<i4"", ""nbytes"": 3290120}, ""indptr"": {""shape"": [434], ""dtype"": ""<i4"", ""nbytes"": 1736}}",1,3.063000000000102,0.9840000000003783,182951936,0.008437753916680406,0.009085780946304061,0.056033895942665064
SPA85,Spatial Transcriptomics,Homo sapiens,Breast,success,32,E:\Hestdata\st\SPA85.h5ad,ce07c85e8764230043f89bad53aec2e02bd10eea945d5c665004f20a708d1ca7,D:\HEST1000BenchRun\COUNT-HEST-SHARED-K32-001\main\SPA85\VALUE_K32\attempt01\RESULT.json,,435,18371,7991385,942159,602720,603497,508115,D:\HEST1000BenchRun\COUNT-HEST-SHARED-K32-001\main\SPA85\VALUE_K32\attempt01\archive.cnt,15e6bfb666e5fead14413dde7a122a8520e2dc77dab1823a9d5cac5d14271876,True,True,21,-777,-0.12891558269179718,0.5086627662163693,4.3144734593630165,0.6041475914375293,5.124374972801831,68661718,63931080,11307652,"{""values"": {""shape"": [942159], ""dtype"": ""<i8"", ""nbytes"": 7537272}, ""indices"": {""shape"": [942159], ""dtype"": ""<i4"", ""nbytes"": 3768636}, ""indptr"": {""shape"": [436], ""dtype"": ""<i4"", ""nbytes"": 1744}}",1,3.063000000000102,1.1090000000003783,185024512,0.008789424698053725,0.009439806116211395,0.053370673239678756
SPA86,Spatial Transcriptomics,Homo sapiens,Breast,success,32,E:\Hestdata\st\SPA86.h5ad,a82faddda92b900846f0f078525c2b37871ad390fa036f210469072205e061d4,D:\HEST1000BenchRun\COUNT-HEST-SHARED-K32-001\main\SPA86\VALUE_K32\attempt01\RESULT.json,,434,17779,7716086,928699,602292,603673,510630,D:\HEST1000BenchRun\COUNT-HEST-SHARED-K32-001\main\SPA86\VALUE_K32\attempt01\archive.cnt,479f58c05024c724a66839f5f6aa4ce4b38100cd5b6ed2feb76f883024af6172,True,True,21,-1381,-0.2292907759027183,0.5294186715907521,4.398669536631352,0.6258851961992129,5.2001606548515715,66402925,61728688,11146128,"{""values"": {""shape"": [928699], ""dtype"": ""<i8"", ""nbytes"": 7429592}, ""indices"": {""shape"": [928699], ""dtype"": ""<i4"", ""nbytes"": 3714796}, ""indptr"": {""shape"": [435], ""dtype"": ""<i4"", ""nbytes"": 1740}}",1,2.82799999999952,1.2340000000003783,184373248,0.009091060371211058,0.009779456190612702,0.054159884042243187
SPA87,Spatial Transcriptomics,Homo sapiens,Breast,success,32,E:\Hestdata\st\SPA87.h5ad,fa41aefcd60dfe21a68a25336649fc4bea15a043c5b9e1d6b6bade9c1f9ba82e,D:\HEST1000BenchRun\COUNT-HEST-SHARED-K32-001\main\SPA87\VALUE_K32\attempt01\RESULT.json,,492,17417,8569164,686668,519610,522870,430470,D:\HEST1000BenchRun\COUNT-HEST-SHARED-K32-001\main\SPA87\VALUE_K32\attempt01\archive.cnt,bf347c1a3c6f6a87d5cb3c461a8cf791cefa286fb20b5356f240ae7b49f4855b,True,True,20,-3260,-0.6273936221396816,0.4018781762141558,5.0151747278160625,0.48814096684344005,6.091677491888365,73216989,68553312,8241988,"{""values"": {""shape"": [686668], ""dtype"": ""<i8"", ""nbytes"": 5493344}, ""indices"": {""shape"": [686668], ""dtype"": ""<i4"", ""nbytes"": 2746672}, ""indptr"": {""shape"": [493], ""dtype"": ""<i4"", ""nbytes"": 1972}}",1,2.5780000000013388,0.9690000000009604,181735424,0.007141375343910961,0.007627202606928751,0.06343979146778665
SPA88,Spatial Transcriptomics,Homo sapiens,Breast,success,32,E:\Hestdata\st\SPA88.h5ad,dbef4542cd6cf1682561a13a7d4575a0e359027c1f47f51f706a52eef1f86700,D:\HEST1000BenchRun\COUNT-HEST-SHARED-K32-001\main\SPA88\VALUE_K32\attempt01\RESULT.json,,498,17467,8698566,654117,508413,511762,418949,D:\HEST1000BenchRun\COUNT-HEST-SHARED-K32-001\main\SPA88\VALUE_K32\attempt01\archive.cnt,3d9642cefcd511dd6ac169073f2cfc7137664a10044d1844c03b95beebe051b9,True,True,20,-3349,-0.6587164372272148,0.3853039684931976,5.123841759195985,0.4706633254262829,6.258965903653322,74253373,69588528,7851400,"{""values"": {""shape"": [654117], ""dtype"": ""<i8"", ""nbytes"": 5232936}, ""indices"": {""shape"": [654117], ""dtype"": ""<i4"", ""nbytes"": 2616468}, ""indptr"": {""shape"": [499], ""dtype"": ""<i4"", ""nbytes"": 1996}}",1,3.359999999998763,1.4069999999992433,181121024,0.0068921044165899375,0.007354114459785671,0.0651809868303742
SPA89,Spatial Transcriptomics,Homo sapiens,Breast,success,32,E:\Hestdata\st\SPA89.h5ad,53fe4885809c3186400414154f2b758c7f419b8cb7ab0dca0710575ea9a55839,D:\HEST1000BenchRun\COUNT-HEST-SHARED-K32-001\main\SPA89\VALUE_K32\attempt01\RESULT.json,,435,17546,7632510,637351,490611,494201,402416,D:\HEST1000BenchRun\COUNT-HEST-SHARED-K32-001\main\SPA89\VALUE_K32\attempt01\archive.cnt,5a5b8ac71758c1be2f909e10bb34a8816aec92357babf7308a3dd4f2197508c9,True,True,20,-3590,-0.7317406254649814,0.42179152074481396,5.051106846933636,0.5179957838247182,6.203187882344266,65737325,61060080,7649956,"{""values"": {""shape"": [637351], ""dtype"": ""<i8"", ""nbytes"": 5098808}, ""indices"": {""shape"": [637351], ""dtype"": ""<i4"", ""nbytes"": 2549404}, ""indptr"": {""shape"": [436], ""dtype"": ""<i4"", ""nbytes"": 1744}}",1,2.625,1.4060000000008586,180613120,0.007517814270659781,0.008093684122261222,0.06460180947445972
SPA9,Spatial Transcriptomics,Mus musculus,Brain,success,32,E:\Hestdata\st\SPA9.h5ad,7a1f7fee0f85f3329047e0f9024eb00afd90ee05835c80ae2078df81fb2ede4a,D:\HEST1000BenchRun\COUNT-HEST-SHARED-K32-001\main\SPA9\VALUE_K32\attempt01\RESULT.json,,231,16675,3851925,1247572,685816,685013,597795,D:\HEST1000BenchRun\COUNT-HEST-SHARED-K32-001\main\SPA9\VALUE_K32\attempt01\archive.cnt,a67e40b2563d32b4ca04408eec5ee08cb18b1f7220539fb5a4502094a8bf8738,True,True,22,803,0.1170867987915126,1.2415506532448062,3.8333338677046296,1.422692290218527,4.392615416184396,35181531,30815400,14971792,"{""values"": {""shape"": [1247572], ""dtype"": ""<i8"", ""nbytes"": 9980576}, ""indices"": {""shape"": [1247572], ""dtype"": ""<i4"", ""nbytes"": 4990288}, ""indptr"": {""shape"": [232], ""dtype"": ""<i4"", ""nbytes"": 928}}",1,2.9839999999985594,1.6089999999985594,187097088,0.01947081268293867,0.022229567034664485,0.045753574455215516
SPA90,Spatial Transcriptomics,Homo sapiens,Breast,success,32,E:\Hestdata\st\SPA90.h5ad,1c1acd13ae847690fda694cb528be8283d35c56f95116ecd1ca32cec2170c167,D:\HEST1000BenchRun\COUNT-HEST-SHARED-K32-001\main\SPA90\VALUE_K32\attempt01\RESULT.json,,338,17864,6038032,616732,426874,428488,339311,D:\HEST1000BenchRun\COUNT-HEST-SHARED-K32-001\main\SPA90\VALUE_K32\attempt01\archive.cnt,111f415af7745629394060e8393e419dba6ac8985961d29a6553667b1f5adb2f,True,True,21,-1614,-0.3780975182372316,0.4495650238355809,4.401406121297419,0.567718753395146,5.5581743772011185,52986706,48304256,7402140,"{""values"": {""shape"": [616732], ""dtype"": ""<i8"", ""nbytes"": 4933856}, ""indices"": {""shape"": [616732], ""dtype"": ""<i4"", ""nbytes"": 2466928}, ""indptr"": {""shape"": [339], ""dtype"": ""<i4"", ""nbytes"": 1356}}",1,2.514999999999418,0.9840000000003783,180838400,0.00808670763568507,0.008870605521799156,0.057887043476616225
SPA91,Spatial Transcriptomics,Homo sapiens,Breast,success,32,E:\Hestdata\st\SPA91.h5ad,f6a523c33d99d39e36cba1915899468f2f859135fe33979460fcc3368b6bdd7e,D:\HEST1000BenchRun\COUNT-HEST-SHARED-K32-001\main\SPA91\VALUE_K32\attempt01\RESULT.json,,297,18036,5356692,507782,368548,370534,281761,D:\HEST1000BenchRun\COUNT-HEST-SHARED-K32-001\main\SPA91\VALUE_K32\attempt01\archive.cnt,7a381e71baa2bfc14a394837dbf1de2f36da71f5cef698f4795f9c4b23024537,True,True,20,-1986,-0.5388714631472699,0.4207985077357444,4.439086064492242,0.5533773455707366,5.837686251186533,47559805,42853536,6094576,"{""values"": {""shape"": [507782], ""dtype"": ""<i8"", ""nbytes"": 4062256}, ""indices"": {""shape"": [507782], ""dtype"": ""<i4"", ""nbytes"": 2031128}, ""indptr"": {""shape"": [298], ""dtype"": ""<i4"", ""nbytes"": 1192}}",1,2.313000000000102,2.2809999999990396,179003392,0.007790906627981338,0.00864652102454276,0.060797338485893034
SPA92,Spatial Transcriptomics,Homo sapiens,Breast,success,32,E:\Hestdata\st\SPA92.h5ad,eb752352d7224b41dc410d6074342ff05c402f97632cf98554cb7086cb042039,D:\HEST1000BenchRun\COUNT-HEST-SHARED-K32-001\main\SPA92\VALUE_K32\attempt01\RESULT.json,,325,18015,5854875,651807,442304,443860,353881,D:\HEST1000BenchRun\COUNT-HEST-SHARED-K32-001\main\SPA92\VALUE_K32\attempt01\archive.cnt,98746e872f2553eabb578f3db15c08fc203abbfaa1be1c644239cd4fcf9b4e6b,True,True,21,-1556,-0.35179424106496887,0.483536881658447,4.343383854423165,0.6064826319947053,5.4477475694492385,51539188,46839000,7822988,"{""values"": {""shape"": [651807], ""dtype"": ""<i8"", ""nbytes"": 5214456}, ""indices"": {""shape"": [651807], ""dtype"": ""<i4"", ""nbytes"": 2607228}, ""indptr"": {""shape"": [326], ""dtype"": ""<i4"", ""nbytes"": 1304}}",1,2.4689999999991414,2.125,180854784,0.008612087563350823,0.00947629112491727,0.05673791139651499
SPA93,Spatial Transcriptomics,Homo sapiens,Breast,success,32,E:\Hestdata\st\SPA93.h5ad,5e606b2802e575ef02b18bb4438d074d5dbc74406ee1a9c15a3d7fdf9054aefb,D:\HEST1000BenchRun\COUNT-HEST-SHARED-K32-001\main\SPA93\VALUE_K32\attempt01\RESULT.json,,511,17570,8978270,513142,420481,423620,332887,D:\HEST1000BenchRun\COUNT-HEST-SHARED-K32-001\main\SPA93\VALUE_K32\attempt01\archive.cnt,6940c293b133cfb60f3a1997760bafded4e5e1a8c8235a057fd60d92f7dd8564,True,True,19,-3139,-0.7465260023639594,0.2966157177273573,5.189783724583059,0.3774624732827148,6.604331744429417,76511689,71826160,6159752,"{""values"": {""shape"": [513142], ""dtype"": ""<i8"", ""nbytes"": 4105136}, ""indices"": {""shape"": [513142], ""dtype"": ""<i4"", ""nbytes"": 2052568}, ""indptr"": {""shape"": [512], ""dtype"": ""<i4"", ""nbytes"": 2048}}",1,2.8440000000009604,0.9689999999991414,179433472,0.005536670351114586,0.005897851145042419,0.0687722492723733
SPA94,Spatial Transcriptomics,Homo sapiens,Breast,success,32,E:\Hestdata\st\SPA94.h5ad,feaf9c2a6cfcd1e75c5a61c8abf486cf6a68268716bb732b2be6088a78e6de0d,D:\HEST1000BenchRun\COUNT-HEST-SHARED-K32-001\main\SPA94\VALUE_K32\attempt01\RESULT.json,,603,17509,10557927,769639,567513,570374,476041,D:\HEST1000BenchRun\COUNT-HEST-SHARED-K32-001\main\SPA94\VALUE_K32\attempt01\archive.cnt,723c8cd678a1ac0a29965dcfb9ed05de12c442922c05f6950d891b9625d00ffd,True,True,20,-2861,-0.5041294208238402,0.3607079306382778,4.948200390052999,0.4321863562799781,5.928743215975282,89162056,84463416,9238084,"{""values"": {""shape"": [769639], ""dtype"": ""<i8"", ""nbytes"": 6157112}, ""indices"": {""shape"": [769639], ""dtype"": ""<i4"", ""nbytes"": 3078556}, ""indptr"": {""shape"": [604], ""dtype"": ""<i4"", ""nbytes"": 2416}}",1,3.015000000001237,1.109999999998763,183365632,0.0063970485382257225,0.006752911816874658,0.0617415905722442
SPA96,Spatial Transcriptomics,Homo sapiens,Breast,success,32,E:\Hestdata\st\SPA96.h5ad,61df21abf49db1f320588e2d6b55532fc106a69ff24fe7a2cbd57e48d71c3c40,D:\HEST1000BenchRun\COUNT-HEST-SHARED-K32-001\main\SPA96\VALUE_K32\attempt01\RESULT.json,,464,17973,8339472,638692,489769,492857,399575,D:\HEST1000BenchRun\COUNT-HEST-SHARED-K32-001\main\SPA96\VALUE_K32\attempt01\archive.cnt,6baa22d98694a861a76f415c63b4af2ea5d6e531f88d99e14911f66efff551f1,True,True,20,-3088,-0.6305013179682667,0.3833096387876834,5.0049162976833905,0.47279444070320037,6.173329241637597,71430405,66715776,7666164,"{""values"": {""shape"": [638692], ""dtype"": ""<i8"", ""nbytes"": 5109536}, ""indices"": {""shape"": [638692], ""dtype"": ""<i4"", ""nbytes"": 2554768}, ""indptr"": {""shape"": [465], ""dtype"": ""<i4"", ""nbytes"": 1860}}",1,2.67200000000048,2.54700000000048,181329920,0.006899820881597969,0.007387413135987506,0.06428991083415382
SPA97,Spatial Transcriptomics,Homo sapiens,Breast,success,32,E:\Hestdata\st\SPA97.h5ad,cb8af7afcab58814b602dba38e57825e47514c73421a217b82164974a26d60f3,D:\HEST1000BenchRun\COUNT-HEST-SHARED-K32-001\main\SPA97\VALUE_K32\attempt01\RESULT.json,,468,18263,8547084,745910,545216,548347,452980,D:\HEST1000BenchRun\COUNT-HEST-SHARED-K32-001\main\SPA97\VALUE_K32\attempt01\archive.cnt,30d69679ca5baabea0a4d2fdc46c8c2ad3820f1d8d313769aa8ca21d117f6b8f,True,True,21,-3131,-0.5742678131236061,0.4239855370556789,4.858280489603303,0.5132482610443515,5.88110629968763,73129075,68376672,8952796,"{""values"": {""shape"": [745910], ""dtype"": ""<i8"", ""nbytes"": 5967280}, ""indices"": {""shape"": [745910], ""dtype"": ""<i4"", ""nbytes"": 2983640}, ""indptr"": {""shape"": [469], ""dtype"": ""<i4"", ""nbytes"": 1876}}",1,2.67200000000048,1.264999999999418,183050240,0.007498344536697613,0.008019504078817992,0.06124868700236217
SPA98,Spatial Transcriptomics,Homo sapiens,Breast,success,32,E:\Hestdata\st\SPA98.h5ad,676ff7f10ae66b7db84ee1a49f1fc6d68f3aaa35992ca500a6453269df67b9b1,D:\HEST1000BenchRun\COUNT-HEST-SHARED-K32-001\main\SPA98\VALUE_K32\attempt01\RESULT.json,,441,17824,7860384,662040,499076,502272,409631,D:\HEST1000BenchRun\COUNT-HEST-SHARED-K32-001\main\SPA98\VALUE_K32\attempt01\archive.cnt,4dea0d1d1aee1a6f644270e7ebf26034a9800c6613a7da520ea0481378ce99c3,True,True,20,-3196,-0.6403834285760085,0.41690685849444503,4.949924475862486,0.5111933462792657,6.069385535617183,67565401,62883072,7946248,"{""values"": {""shape"": [662040], ""dtype"": ""<i8"", ""nbytes"": 5296320}, ""indices"": {""shape"": [662040], ""dtype"": ""<i4"", ""nbytes"": 2648160}, ""indptr"": {""shape"": [442], ""dtype"": ""<i4"", ""nbytes"": 1768}}",1,2.686999999999898,0.9529999999995198,181571584,0.007433863968334917,0.007987396035613527,0.06320869925026251
SPA99,Spatial Transcriptomics,Homo sapiens,Breast,success,32,E:\Hestdata\st\SPA99.h5ad,a765f36ff2ca42373b81bba991065c3acaee6f1c732e9ffa6c531332c72c680a,D:\HEST1000BenchRun\COUNT-HEST-SHARED-K32-001\main\SPA99\VALUE_K32\attempt01\RESULT.json,,713,18295,13044335,1662580,972548,968010,865555,D:\HEST1000BenchRun\COUNT-HEST-SHARED-K32-001\main\SPA99\VALUE_K32\attempt01\archive.cnt,83c056311b7fb62c442442522a3270466e186441069e4e3689abd0cb37e8bf19,True,True,22,4538,0.46660936015497434,0.5308388660671471,4.164876276630298,0.5936738055255404,4.657869095020992,109151008,104354680,19953816,"{""values"": {""shape"": [1662580], ""dtype"": ""<i8"", ""nbytes"": 13300640}, ""indices"": {""shape"": [1662580], ""dtype"": ""<i4"", ""nbytes"": 6650320}, ""indptr"": {""shape"": [714], ""dtype"": ""<i4"", ""nbytes"": 2856}}",1,3.7969999999986612,1.4369999999998981,194957312,0.00886853926259664,0.009276153211336569,0.048512525123014065
TENX105,Xenium,Homo sapiens,Kidney,success,32,E:\Hestdata\st\TENX105.h5ad,78b0086b5d4c270c63c8595ab4c09b25218b062071ad899fac82eef9d115a010,D:\HEST1000BenchRun\COUNT-HEST-SHARED-K32-001\main\TENX105\VALUE_K32\attempt01\RESULT.json,,1738,541,940258,468383,308149,309575,278270,D:\HEST1000BenchRun\COUNT-HEST-SHARED-K32-001\main\TENX105\VALUE_K32\attempt01\archive.cnt,08c63dff3e616649e134ea240535cb6cbd69d9b38d7412cdbcea5d355f68421c,True,True,23,-1426,-0.4627631438038092,2.3676054870046306,4.752862507819455,2.6339579136790117,5.287553134934445,3188828,7522064,5627552,"{""values"": {""shape"": [468383], ""dtype"": ""<i8"", ""nbytes"": 3747064}, ""indices"": {""shape"": [468383], ""dtype"": ""<i4"", ""nbytes"": 1873532}, ""indptr"": {""shape"": [1739], ""dtype"": ""<i4"", ""nbytes"": 6956}}",1,2.2189999999991414,0.9529999999995198,169123840,0.09708112196706753,0.04115559240123456,0.055010597858536
TENX106,Xenium,Homo sapiens,Kidney,success,32,E:\Hestdata\st\TENX106.h5ad,26eea3dcdd1278cfd3c8fecea1359a97698e365e2bf8c78418a7db84b40bfda6,D:\HEST1000BenchRun\COUNT-HEST-SHARED-K32-001\main\TENX106\VALUE_K32\attempt01\RESULT.json,,2730,541,1476930,582656,391686,391931,350905,D:\HEST1000BenchRun\COUNT-HEST-SHARED-K32-001\main\TENX106\VALUE_K32\attempt01\archive.cnt,587d49d32e605bce62ef82c6663327d14be4300bffb2ea4426e43ffa544527c2,True,True,26,-245,-0.06255010390976445,1.900726507011165,4.818005821616872,2.122949632006933,5.38130217486819,4499596,11815440,7002796,"{""values"": {""shape"": [582656], ""dtype"": ""<i8"", ""nbytes"": 4661248}, ""indices"": {""shape"": [582656], ""dtype"": ""<i4"", ""nbytes"": 2330624}, ""indptr"": {""shape"": [2731], ""dtype"": ""<i4"", ""nbytes"": 10924}}",1,2.5310000000008586,0.9380000000001019,170954752,0.0871035977452198,0.03317108800010833,0.055967787723646384
TENX110,Xenium,Mus musculus,Whole organism,success,32,E:\Hestdata\st\TENX110.h5ad,1d6fafcd9b34787e3186308c8ee2ffa0cbb487a6c5b7b150a019f2c274df3300,D:\HEST1000BenchRun\COUNT-HEST-SHARED-K32-001\main\TENX110\VALUE_K32\attempt01\RESULT.json,,26565,541,14371665,5275881,4033961,4031232,3727017,D:\HEST1000BenchRun\COUNT-HEST-SHARED-K32-001\main\TENX110\VALUE_K32\attempt01\archive.cnt,7977cc546a2456345dc5eeda7147522b6d3f61266e3d60176383e4b7d9a01f84,True,True,26,2729,0.06765062924505219,2.0746473007824773,5.6514041920202525,2.2439888488912034,6.112695870130505,34466706,114973320,63416836,"{""values"": {""shape"": [5275881], ""dtype"": ""<i8"", ""nbytes"": 42207048}, ""indices"": {""shape"": [5275881], ""dtype"": ""<i4"", ""nbytes"": 21103524}, ""indptr"": {""shape"": [26566], ""dtype"": ""<i4"", ""nbytes"": 106264}}",1,17.07799999999952,2.9060000000008586,295444480,0.11696017600289392,0.035062325763925054,0.0635672205406148
TENX111,Xenium,Homo sapiens,Bowel,success,32,E:\Hestdata\st\TENX111.h5ad,7d29a58122b6580d11aa116ebeb16894a089b6df24216a70b98df73b3176fd25,D:\HEST1000BenchRun\COUNT-HEST-SHARED-K32-001\main\TENX111\VALUE_K32\attempt01\RESULT.json,,6643,541,3593863,1887635,1372987,1368462,1285292,D:\HEST1000BenchRun\COUNT-HEST-SHARED-K32-001\main\TENX111\VALUE_K32\attempt01\archive.cnt,c102cc143345bb58b3303b810643fdc16e6cfa671f842b2cda34b32ffac379ed,True,True,28,4525,0.32957340455517786,2.861081794158542,5.447205630325778,3.0462196249550972,5.799689028864161,10098230,28750904,22678196,"{""values"": {""shape"": [1887635], ""dtype"": ""<i8"", ""nbytes"": 15101080}, ""indices"": {""shape"": [1887635], ""dtype"": ""<i4"", ""nbytes"": 7550540}, ""indptr"": {""shape"": [6644], ""dtype"": ""<i4"", ""nbytes"": 26576}}",1,4.313000000000102,1.514999999999418,188780544,0.13551503580330415,0.047597181639923394,0.06034263042792293
TENX114,Xenium,Homo sapiens,Bowel,success,32,E:\Hestdata\st\TENX114.h5ad,88202d1a85b5f0aeb0b4bc9e2d8e339f4833e6190c348992093bbc27e7e884b6,D:\HEST1000BenchRun\COUNT-HEST-SHARED-K32-001\main\TENX114\VALUE_K32\attempt01\RESULT.json,,6006,541,3249246,1053809,791301,791980,718586,D:\HEST1000BenchRun\COUNT-HEST-SHARED-K32-001\main\TENX114\VALUE_K32\attempt01\archive.cnt,510991d08d14536ac662af1bea83e3107b0f5c0d887a4591ee8d345d5bebd6be,True,True,27,-679,-0.0858080553417726,1.7692375400323643,5.455151740021199,1.9499416172244268,6.012322916202082,9524268,25993968,12669736,"{""values"": {""shape"": [1053809], ""dtype"": ""<i8"", ""nbytes"": 8430472}, ""indices"": {""shape"": [1053809], ""dtype"": ""<i4"", ""nbytes"": 4215236}, ""indptr"": {""shape"": [6007], ""dtype"": ""<i4"", ""nbytes"": 24028}}",1,3.4689999999991414,1.125,178483200,0.0831538969713998,0.03046783776913167,0.06250958978150768
TENX115,Xenium,Homo sapiens,Skin,success,32,E:\Hestdata\st\TENX115.h5ad,762291d0285d08c731e81f15d4818440a99d50c60b50f2c2ff58b7cd104f0f22,D:\HEST1000BenchRun\COUNT-HEST-SHARED-K32-001\main\TENX115\VALUE_K32\attempt01\RESULT.json,,3886,541,2102326,492343,410483,410949,357609,D:\HEST1000BenchRun\COUNT-HEST-SHARED-K32-001\main\TENX115\VALUE_K32\attempt01\archive.cnt,0cc439406381c29ff71281319c475d02c8e8d34cdf406a87dfd4fbc0cdc20728,True,True,27,-466,-0.1135247988345437,1.360812737891269,5.81072951174283,1.563787918714795,6.677442352181305,7672666,16818608,5923664,"{""values"": {""shape"": [492343], ""dtype"": ""<i8"", ""nbytes"": 3938744}, ""indices"": {""shape"": [492343], ""dtype"": ""<i4"", ""nbytes"": 1969372}, ""indptr"": {""shape"": [3887], ""dtype"": ""<i4"", ""nbytes"": 15548}}",1,2.688000000000102,1.1720000000004802,170274816,0.05356013151100283,0.02443418622991867,0.06937412385307472
TENX116,Xenium,Homo sapiens,Pancreas,success,32,E:\Hestdata\st\TENX116.h5ad,32c4059d761a469176aef7994dd4de4644eae7a4b4a1517c4ca63bffcc008e6c,D:\HEST1000BenchRun\COUNT-HEST-SHARED-K32-001\main\TENX116\VALUE_K32\attempt01\RESULT.json,,3090,538,1662420,761491,574847,573005,530011,D:\HEST1000BenchRun\COUNT-HEST-SHARED-K32-001\main\TENX116\VALUE_K32\attempt01\archive.cnt,decabfbd5b98d365427f0e4db6aeb1947fdafe8a9493b40fc03993d9684c4fc6,True,True,28,1842,0.32043308915241797,2.5505516054907904,5.568139347674497,2.7574499825555514,6.019821639389041,4813298,13299360,9150256,"{""values"": {""shape"": [761491], ""dtype"": ""<i8"", ""nbytes"": 6091928}, ""indices"": {""shape"": [761491], ""dtype"": ""<i4"", ""nbytes"": 3045964}, ""indptr"": {""shape"": [3091], ""dtype"": ""<i4"", ""nbytes"": 12364}}",1,2.686999999999898,1.3440000000009604,173617152,0.11904623399590053,0.04308515597743049,0.06262174522767451
TENX117,Xenium,Homo sapiens,Skin,success,32,E:\Hestdata\st\TENX117.h5ad,8b70c48d556be8358686f83ee7c5f65d9bba8fd3c544a64686d1da520073fff8,D:\HEST1000BenchRun\COUNT-HEST-SHARED-K32-001\main\TENX117\VALUE_K32\attempt01\RESULT.json,,1830,541,990030,357698,297494,299164,268587,D:\HEST1000BenchRun\COUNT-HEST-SHARED-K32-001\main\TENX117\VALUE_K32\attempt01\archive.cnt,49d46b47317f7ce0bb0b64e2f6b0fc26e025a6970a1ab49bb0fe775f13b30af3,True,True,28,-1670,-0.5613558592778342,2.170334232295991,6.007011501322345,2.417413613728877,6.6908733065323265,3932572,7920240,4299700,"{""values"": {""shape"": [357698], ""dtype"": ""<i8"", ""nbytes"": 2861584}, ""indices"": {""shape"": [357698], ""dtype"": ""<i4"", ""nbytes"": 1430792}, ""indptr"": {""shape"": [1831], ""dtype"": ""<i4"", ""nbytes"": 7324}}",1,2.25,1.0319999999992433,167743488,0.07607336877748201,0.0377720877145137,0.06957787752633905
TENX118,Xenium,Homo sapiens,Lung,success,32,E:\Hestdata\st\TENX118.h5ad,36b7026375a66b2643471d8a91437a9be862a46b909b9a25db060c9014f34697,D:\HEST1000BenchRun\COUNT-HEST-SHARED-K32-001\main\TENX118\VALUE_K32\attempt01\RESULT.json,,3115,541,1685215,623829,459629,459759,413142,D:\HEST1000BenchRun\COUNT-HEST-SHARED-K32-001\main\TENX118\VALUE_K32\attempt01\archive.cnt,f92d01c2d660324bc0edb61b9ffab64902817a6c7340fc340b2fdf3aafcf05d4,True,True,27,-130,-0.028283680968781342,1.9612547953821915,5.298144202978701,2.1825535614150122,5.89596187416744,4801814,13481720,7498412,"{""values"": {""shape"": [623829], ""dtype"": ""<i8"", ""nbytes"": 4990632}, ""indices"": {""shape"": [623829], ""dtype"": ""<i4"", ""nbytes"": 2495316}, ""indptr"": {""shape"": [3116], ""dtype"": ""<i4"", ""nbytes"": 12464}}",1,2.57799999999952,0.9689999999991414,171569152,0.09574694063535155,0.034102399397109566,0.06131418225618971
TENX119,Xenium,Homo sapiens,Heart,success,32,E:\Hestdata\st\TENX119.h5ad,e40322d6f056aa3d2c0e8a1530a8d352ac6d455923652f64d0784ff75b4d3d45,D:\HEST1000BenchRun\COUNT-HEST-SHARED-K32-001\main\TENX119\VALUE_K32\attempt01\RESULT.json,,2263,541,1224283,283619,197721,198912,160657,D:\HEST1000BenchRun\COUNT-HEST-SHARED-K32-001\main\TENX119\VALUE_K32\attempt01\archive.cnt,298a0ba037e751a857230299220ea7392a1a8530a3bd4a2d1b1139a38d5d8c07,True,True,24,-1191,-0.602363937062831,1.0498030275679724,4.53162869906459,1.2997779108261733,5.610681935977491,4156974,9794264,3412484,"{""values"": {""shape"": [283619], ""dtype"": ""<i8"", ""nbytes"": 2268952}, ""indices"": {""shape"": [283619], ""dtype"": ""<i4"", ""nbytes"": 1134476}, ""indptr"": {""shape"": [2264], ""dtype"": ""<i4"", ""nbytes"": 9056}}",1,2.2189999999991414,0.9529999999995198,167428096,0.047850191028377856,0.02030902985665896,0.05828950406800442
TENX120,Xenium,Homo sapiens,Liver,success,32,E:\Hestdata\st\TENX120.h5ad,385b7175209757645803530683e311e54d86d3508b237a92ceba1ba1a63d24aa,D:\HEST1000BenchRun\COUNT-HEST-SHARED-K32-001\main\TENX120\VALUE_K32\attempt01\RESULT.json,,4004,538,2154152,1092453,746155,743879,687158,D:\HEST1000BenchRun\COUNT-HEST-SHARED-K32-001\main\TENX120\VALUE_K32\attempt01\archive.cnt,19673b2d616395ee723c5807b98255b8333a8ef26100a5659fd4c04dcd667330,True,True,28,2276,0.3050304561384699,2.5519387675521505,5.032037076194582,2.7625868555236583,5.447403229246476,6336496,17233216,13125456,"{""values"": {""shape"": [1092453], ""dtype"": ""<i8"", ""nbytes"": 8739624}, ""indices"": {""shape"": [1092453], ""dtype"": ""<i4"", ""nbytes"": 4369812}, ""indptr"": {""shape"": [4005], ""dtype"": ""<i4"", ""nbytes"": 16020}}",1,3.188000000000102,1.1090000000003783,177733632,0.11739595511462486,0.04316541961755716,0.056674526203127726
TENX121,Xenium,Homo sapiens,Liver,success,32,E:\Hestdata\st\TENX121.h5ad,a3a6b2b50eac3b56ca117cba55ec47e183effbb0ac70a47f017d6f4bc1ebf635,D:\HEST1000BenchRun\COUNT-HEST-SHARED-K32-001\main\TENX121\VALUE_K32\attempt01\RESULT.json,,9200,541,4977200,1510604,1044841,1039030,927487,D:\HEST1000BenchRun\COUNT-HEST-SHARED-K32-001\main\TENX121\VALUE_K32\attempt01\archive.cnt,cf8f94cbac9aae3f1fe756be1d3a2feb461a7e7294c8381b97140da05895e39b,True,True,26,5811,0.5561611766766427,1.4907771437756168,4.911873661131573,1.6700634895121755,5.502593664520947,12527504,39817600,18164052,"{""values"": {""shape"": [1510604], ""dtype"": ""<i8"", ""nbytes"": 12084832}, ""indices"": {""shape"": [1510604], ""dtype"": ""<i4"", ""nbytes"": 6042416}, ""indptr"": {""shape"": [9201], ""dtype"": ""<i4"", ""nbytes"": 36804}}",1,4.766000000001441,1.2970000000004802,185626624,0.0829399056667633,0.026094742023627743,0.057202544894718425
TENX122,Xenium,Homo sapiens,Skin,success,32,E:\Hestdata\st\TENX122.h5ad,df5ff2f076703f6ecb59c9511a1f2a0348fc886cfb378855dfe2710f173bd2a0,D:\HEST1000BenchRun\COUNT-HEST-SHARED-K32-001\main\TENX122\VALUE_K32\attempt01\RESULT.json,,4266,541,2307906,308350,269860,271409,212734,D:\HEST1000BenchRun\COUNT-HEST-SHARED-K32-001\main\TENX122\VALUE_K32\attempt01\archive.cnt,53ff3dcd9aed8ef677afaa423cb36554a0baeec85500d6a1f1d584eda9a0501b,True,True,23,-1549,-0.57400133402505,0.7374095825393235,5.5192865250527,0.9407974154926587,7.04158261715583,7203467,18463248,3717268,"{""values"": {""shape"": [308350], ""dtype"": ""<i8"", ""nbytes"": 2466800}, ""indices"": {""shape"": [308350], ""dtype"": ""<i4"", ""nbytes"": 1233400}, ""indptr"": {""shape"": [4267], ""dtype"": ""<i4"", ""nbytes"": 17068}}",1,2.5940000000009604,0.8590000000003783,169013248,0.037677551656723075,0.014699959617072792,0.07301302999945121
TENX123,Xenium,Homo sapiens,Skin,success,32,E:\Hestdata\st\TENX123.h5ad,c22ac1c0324601e3ce0a8689a8b314133d8040f85002ee1f67ca633521d56142,D:\HEST1000BenchRun\COUNT-HEST-SHARED-K32-001\main\TENX123\VALUE_K32\attempt01\RESULT.json,,10810,541,5848210,446750,458875,460365,330979,D:\HEST1000BenchRun\COUNT-HEST-SHARED-K32-001\main\TENX123\VALUE_K32\attempt01\archive.cnt,64f966fb52e026c43755ad72ece9fd5f5d6f98f6ebdb1411a57a743c9b53e0f8,True,True,23,-1490,-0.3247071642604195,0.4527593913351265,5.926876329043089,0.6297516676042755,8.243805260212646,15557364,46785680,5404244,"{""values"": {""shape"": [446750], ""dtype"": ""<i8"", ""nbytes"": 3574000}, ""indices"": {""shape"": [446750], ""dtype"": ""<i4"", ""nbytes"": 1787000}, ""indptr"": {""shape"": [10811], ""dtype"": ""<i4"", ""nbytes"": 43244}}",1,4.093999999999141,1.0,172474368,0.029591452639406008,0.009839869806316804,0.08518582802700989
TENX124,Xenium,Homo sapiens,Lymphoid,success,32,E:\Hestdata\st\TENX124.h5ad,9bb86d000e22b1537392271dd23f95bc17dc1e780ba6a9d2b545c9a5869dd907,D:\HEST1000BenchRun\COUNT-HEST-SHARED-K32-001\main\TENX124\VALUE_K32\attempt01\RESULT.json,,12707,541,6874487,2114477,1585897,1582610,1449882,D:\HEST1000BenchRun\COUNT-HEST-SHARED-K32-001\main\TENX124\VALUE_K32\attempt01\archive.cnt,1a6e7ce4d5dd87d85f8ae48c4f0ed5a689d9c896a20318899035644defb8fb76,True,True,27,3287,0.20726440620040268,1.687261318553661,5.4855437065524955,1.8417199712502184,5.98771232791844,18239593,54995896,25424556,"{""values"": {""shape"": [2114477], ""dtype"": ""<i8"", ""nbytes"": 16915816}, ""indices"": {""shape"": [2114477], ""dtype"": ""<i4"", ""nbytes"": 8457908}, ""indptr"": {""shape"": [12708], ""dtype"": ""<i4"", ""nbytes"": 50832}}",1,6.21900000000096,1.5779999999995198,201084928,0.08676783522527065,0.028776874550784662,0.06224730138846869
TENX125,Xenium,Homo sapiens,Lymphoid,success,32,E:\Hestdata\st\TENX125.h5ad,c116a835339a637196b861d62d432f6ff64ee740ac88ab54feac83265f0a8fee,D:\HEST1000BenchRun\COUNT-HEST-SHARED-K32-001\main\TENX125\VALUE_K32\attempt01\RESULT.json,,10005,541,5412705,2472753,1809084,1798040,1680597,D:\HEST1000BenchRun\COUNT-HEST-SHARED-K32-001\main\TENX125\VALUE_K32\attempt01\archive.cnt,6cfcc50faad9846081e3dedaa850f1988927c319715685cd574c8057fc799430,True,True,29,11044,0.6104746932701853,2.4839291999102113,5.43716901769,2.6575104314755746,5.81712771150212,14915087,43301640,29713060,"{""values"": {""shape"": [2472753], ""dtype"": ""<i8"", ""nbytes"": 19782024}, ""indices"": {""shape"": [2472753], ""dtype"": ""<i4"", ""nbytes"": 9891012}, ""indptr"": {""shape"": [10006], ""dtype"": ""<i4"", ""nbytes"": 40024}}",1,5.625,1.9690000000009604,215277568,0.12055176077752681,0.041523600491805854,0.06051345771859243
TENX126,Xenium,Homo sapiens,Pancreas,success,32,E:\Hestdata\st\TENX126.h5ad,cd3ee486f5dfe2eb20b6439632eba1f1f0000cf2b34d7a74ae59ba57780cdd59,D:\HEST1000BenchRun\COUNT-HEST-SHARED-K32-001\main\TENX126\VALUE_K32\attempt01\RESULT.json,,2190,541,1184790,514236,351898,353526,319764,D:\HEST1000BenchRun\COUNT-HEST-SHARED-K32-001\main\TENX126\VALUE_K32\attempt01\archive.cnt,495615e4900ce88751a2f53949c0aaa4c9add256d5135874d895b58fb092bff8,True,True,28,-1628,-0.4626340587329283,2.159126933887018,4.974587543462535,2.387096447471704,5.499824983081698,4468050,9478320,6179596,"{""values"": {""shape"": [514236], ""dtype"": ""<i8"", ""nbytes"": 4113888}, ""indices"": {""shape"": [514236], ""dtype"": ""<i4"", ""nbytes"": 2056944}, ""indptr"": {""shape"": [2191], ""dtype"": ""<i4"", ""nbytes"": 8764}}",1,2.375,0.9850000000005821,169918464,0.07912310739584383,0.03729838199174537,0.05720859421878065
TENX127,Xenium,Mus musculus,Bowel,success,32,E:\Hestdata\st\TENX127.h5ad,cb61edaaa3355bb0dc1ab90954f7575170e9e60077947a26b1cf58db5de30d3f,D:\HEST1000BenchRun\COUNT-HEST-SHARED-K32-001\main\TENX127\VALUE_K32\attempt01\RESULT.json,,4453,541,2409073,965538,781791,780666,720481,D:\HEST1000BenchRun\COUNT-HEST-SHARED-K32-001\main\TENX127\VALUE_K32\attempt01\archive.cnt,cf0218daa7dbe3ab454528c30a77cdb6a4c2dfb94f415b06f533749214fa0815,True,True,29,1125,0.14390035188432715,2.3925584654346297,5.969571368501292,2.5924195738360774,6.468236361489657,8188794,19272584,11604272,"{""values"": {""shape"": [965538], ""dtype"": ""<i8"", ""nbytes"": 7724304}, ""indices"": {""shape"": [965538], ""dtype"": ""<i4"", ""nbytes"": 3862152}, ""indptr"": {""shape"": [4454], ""dtype"": ""<i4"", ""nbytes"": 17816}}",1,2.95299999999952,1.4210000000002765,176263168,0.09533345203213074,0.04050655584118871,0.06727401770658255
TENX128,Visium HD,Homo sapiens,Bowel,success,32,E:\Hestdata\st\TENX128.h5ad,ef91c140a35bba1f899e4ae957f65771e2d0cf7e06ea50c2863d5f2d09115858,D:\HEST1000BenchRun\COUNT-HEST-SHARED-K32-001\main\TENX128\VALUE_K32\attempt01\RESULT.json,,2279,18085,41215715,2832756,1917009,1909836,1794508,D:\HEST1000BenchRun\COUNT-HEST-SHARED-K32-001\main\TENX128\VALUE_K32\attempt01\archive.cnt,507a59f6108e9f4aa58779c28b3517e24518644d31edf7aecb51c1635ccdce61,True,True,23,7173,0.374176647057995,0.34831529672601824,5.06787877247458,0.37070054468301716,5.393577138306299,168561812,329725720,34002192,"{""values"": {""shape"": [2832756], ""dtype"": ""<i8"", ""nbytes"": 22662048}, ""indices"": {""shape"": [2832756], ""dtype"": ""<i4"", ""nbytes"": 11331024}, ""indptr"": {""shape"": [2280], ""dtype"": ""<i4"", ""nbytes"": 9120}}",1,5.140999999999622,2.2960000000002765,213237760,0.011330181951295114,0.005792196010672143,0.056168025873155475
TENX129,Visium HD,Mus musculus,Bowel,success,32,E:\Hestdata\st\TENX129.h5ad,a36bc0f99ee31ebc6541a0e46d17cd29327b2e061e61ec51af73766dd3d39f8b,D:\HEST1000BenchRun\COUNT-HEST-SHARED-K32-001\main\TENX129\VALUE_K32\attempt01\RESULT.json,,1748,19059,33315132,1507377,1134560,1133598,1024122,D:\HEST1000BenchRun\COUNT-HEST-SHARED-K32-001\main\TENX129\VALUE_K32\attempt01\archive.cnt,ef270164205dc8ed3812d97e52a0df96c23d12063ba11b308e76247fdd9488e2,True,True,21,962,0.08479057960795375,0.24592356410294278,5.435253423662428,0.2722121587271514,6.016267994005481,137769547,266521056,18095520,"{""values"": {""shape"": [1507377], ""dtype"": ""<i8"", ""nbytes"": 12059016}, ""indices"": {""shape"": [1507377], ""dtype"": ""<i4"", ""nbytes"": 6029508}, ""indptr"": {""shape"": [1749], ""dtype"": ""<i4"", ""nbytes"": 6996}}",1,4.889999999999418,1.3440000000009604,196747264,0.008228218969174661,0.00425331498011174,0.06264522931642749
TENX13,Visium,Homo sapiens,Breast,success,32,E:\Hestdata\st\TENX13.h5ad,23cd40978bc3418ec92e99e7dbf43f1e4bce2adcc711c431ddfee6a6b6a4b299,D:\HEST1000BenchRun\COUNT-HEST-SHARED-K32-001\main\TENX13\VALUE_K32\attempt01\RESULT.json,,3813,33538,127880394,19308699,9899710,9837800,9597391,D:\HEST1000BenchRun\COUNT-HEST-SHARED-K32-001\main\TENX13\VALUE_K32\attempt01\archive.cnt,f91ce485df12b04e69af5fb8827a054fa433fddd28e46777a94406565461f40c,True,True,26,61910,0.6253718543270459,0.600397962489856,3.9764008957827763,0.6154375783358941,4.076007399566382,162517118,1023043152,231719644,"{""values"": {""shape"": [19308699], ""dtype"": ""<i8"", ""nbytes"": 154469592}, ""indices"": {""shape"": [19308699], ""dtype"": ""<i4"", ""nbytes"": 77234796}, ""indptr"": {""shape"": [3814], ""dtype"": ""<i4"", ""nbytes"": 15256}}",1,22.79700000000048,9.281000000000859,684834816,0.060533930954891776,0.009616212161498345,0.04245561502761501
TENX131,Visium HD,Mus musculus,Brain,success,32,E:\Hestdata\st\TENX131.h5ad,52676af58ccc9b9703d82f2db34893feca5dc50d5329d37b02a3e27206d3b222,D:\HEST1000BenchRun\COUNT-HEST-SHARED-K32-001\main\TENX131\VALUE_K32\attempt01\RESULT.json,,1635,19059,31161465,1106677,866703,868068,762795,D:\HEST1000BenchRun\COUNT-HEST-SHARED-K32-001\main\TENX131\VALUE_K32\attempt01\archive.cnt,8fd900b391c07703e948026e917672b63dd3f828852966937d399194f7fa353f,True,True,17,-1365,-0.15749339739218626,0.19583033082687223,5.5141292355402705,0.22285678802328454,6.275131768347946,128716963,249291720,13286668,"{""values"": {""shape"": [1106677], ""dtype"": ""<i8"", ""nbytes"": 8853416}, ""indices"": {""shape"": [1106677], ""dtype"": ""<i4"", ""nbytes"": 4426708}, ""indptr"": {""shape"": [1636], ""dtype"": ""<i4"", ""nbytes"": 6544}}",1,3.75,1.2180000000007567,192696320,0.006744006227058045,0.003482137312863821,0.06533376163233702
TENX132,Xenium,Homo sapiens,Bone,success,32,E:\Hestdata\st\TENX132.h5ad,9d3db457ff7ff0685252a0d1a0e97843878fee9a7dd1fb47b4716114bdf4a7a5,D:\HEST1000BenchRun\COUNT-HEST-SHARED-K32-001\main\TENX132\VALUE_K32\attempt01\RESULT.json,,9682,541,5237962,648549,517365,518515,401701,D:\HEST1000BenchRun\COUNT-HEST-SHARED-K32-001\main\TENX132\VALUE_K32\attempt01\archive.cnt,3e3944daf3f01f338d3be51acf6e3e142af2ba102d5c85bccee7b05dadc7d898,True,True,17,-1150,-0.22228020836353446,0.6135225876018192,4.955073556508452,0.7919339621020542,6.396000918974511,14835836,41903696,7821320,"{""values"": {""shape"": [648549], ""dtype"": ""<i8"", ""nbytes"": 5188392}, ""indices"": {""shape"": [648549], ""dtype"": ""<i4"", ""nbytes"": 2594196}, ""indptr"": {""shape"": [9683], ""dtype"": ""<i4"", ""nbytes"": 38732}}",1,3.875,1.0,174645248,0.03495017065435342,0.012373968157844598,0.06629507551155048
TENX133,Xenium,Homo sapiens,Lymphoid,success,32,E:\Hestdata\st\TENX133.h5ad,1ccd4d9d4953af53ce4ff1bdbf093da5cd1c7b6a3e681f88f12ad0609f1956f4,D:\HEST1000BenchRun\COUNT-HEST-SHARED-K32-001\main\TENX133\VALUE_K32\attempt01\RESULT.json,,3811,541,2061751,392300,278042,279278,225795,D:\HEST1000BenchRun\COUNT-HEST-SHARED-K32-001\main\TENX133\VALUE_K32\attempt01\archive.cnt,bb4a17645f5e30f0541e37e3ad0e2f737807696c1c238a13295a496234117f7f,True,True,21,-1236,-0.4445371562569684,0.8761290766925783,4.604537343869487,1.0836536516776274,5.6951924547540145,5883534,16494008,4722848,"{""values"": {""shape"": [392300], ""dtype"": ""<i8"", ""nbytes"": 3138400}, ""indices"": {""shape"": [392300], ""dtype"": ""<i4"", ""nbytes"": 1569200}, ""indptr"": {""shape"": [3812], ""dtype"": ""<i4"", ""nbytes"": 15248}}",1,2.3590000000003783,0.8279999999995198,169603072,0.04746772942928519,0.016932088307462928,0.05913338731206255
TENX134,Xenium,Homo sapiens,Lymphoid,success,32,E:\Hestdata\st\TENX134.h5ad,c2b12bdf43aa1966fab510eb57e28a3177cae694eb6b46c5c1c8a4108c1f6ef1,D:\HEST1000BenchRun\COUNT-HEST-SHARED-K32-001\main\TENX134\VALUE_K32\attempt01\RESULT.json,,3811,541,2061751,631441,438729,438358,384398,D:\HEST1000BenchRun\COUNT-HEST-SHARED-K32-001\main\TENX134\VALUE_K32\attempt01\archive.cnt,8a954b571b8742b439f060f01865fb634870e6d645bb124e300ff992023710d6,True,True,27,371,0.08456245199200417,1.4915399580259692,4.870105045443676,1.7009153869696194,5.553747697726312,5640534,16494008,7592540,"{""values"": {""shape"": [631441], ""dtype"": ""<i8"", ""nbytes"": 5051528}, ""indices"": {""shape"": [631441], ""dtype"": ""<i4"", ""nbytes"": 2525764}, ""indptr"": {""shape"": [3812], ""dtype"": ""<i4"", ""nbytes"": 15248}}",1,2.625,0.9529999999995198,172470272,0.07771569145758185,0.026576802921400303,0.057735356020514876
TENX135,Xenium,Mus musculus,Bone,success,32,E:\Hestdata\st\TENX135.h5ad,8bca49c20b3d4c4a8991f8777b30860ea2578e358275ece93225a944ea303607,D:\HEST1000BenchRun\COUNT-HEST-SHARED-K32-001\main\TENX135\VALUE_K32\attempt01\RESULT.json,,7590,541,4106190,986465,786485,785995,697877,D:\HEST1000BenchRun\COUNT-HEST-SHARED-K32-001\main\TENX135\VALUE_K32\attempt01\archive.cnt,f762043407ed1dbb6939c21fe01b4313236340d4c0b46ec6d5c2b383cde49e0b,True,True,27,490,0.06230252325219171,1.3596584668512661,5.659618942385183,1.5313368353631955,6.374235274439539,10708004,32849520,11867944,"{""values"": {""shape"": [986465], ""dtype"": ""<i8"", ""nbytes"": 7891720}, ""indices"": {""shape"": [986465], ""dtype"": ""<i4"", ""nbytes"": 3945860}, ""indptr"": {""shape"": [7591], ""dtype"": ""<i4"", ""nbytes"": 30364}}",1,3.764999999999418,1.4220000000004802,178364416,0.07340256877005276,0.02392713805254993,0.06622840485260126
TENX136,Xenium,Mus musculus,Bone,success,32,E:\Hestdata\st\TENX136.h5ad,593dd98a0d576d2e25f68198ffb9d0c3bf4b39f6214be2a23492607e83eb346f,D:\HEST1000BenchRun\COUNT-HEST-SHARED-K32-001\main\TENX136\VALUE_K32\attempt01\RESULT.json,,7688,541,4159208,1495875,1123681,1120828,1022050,D:\HEST1000BenchRun\COUNT-HEST-SHARED-K32-001\main\TENX136\VALUE_K32\attempt01\archive.cnt,ed55c14fd7d8fbbbbf5807c4311b024466a390740ad466e07dd6ed28fcbf74bb,True,True,27,2853,0.2538976809254584,1.96585503778604,5.465964736358319,2.1558489020024965,5.994233475390658,12279645,33273664,17981256,"{""values"": {""shape"": [1495875], ""dtype"": ""<i8"", ""nbytes"": 11967000}, ""indices"": {""shape"": [1495875], ""dtype"": ""<i4"", ""nbytes"": 5983500}, ""indptr"": {""shape"": [7689], ""dtype"": ""<i4"", ""nbytes"": 30756}}",1,4.20299999999952,1.3280000000013388,184258560,0.09127527709473686,0.03368513909378901,0.06233313179012634
TENX137,Xenium,Mus musculus,Bone,success,32,E:\Hestdata\st\TENX137.h5ad,d47ac47cb80375f3efad771b69d3b500b41e0e77c9dcb5f3f71e8426a90c332e,D:\HEST1000BenchRun\COUNT-HEST-SHARED-K32-001\main\TENX137\VALUE_K32\attempt01\RESULT.json,,9200,541,4977200,1181591,903417,901892,790945,D:\HEST1000BenchRun\COUNT-HEST-SHARED-K32-001\main\TENX137\VALUE_K32\attempt01\archive.cnt,2f2ddaa3cee1dc0883c7cd8b7a87fb3d48a8e44184abfc5a6ce3067aabaf157e,True,True,25,1525,0.16880355361920354,1.2713091698143535,5.355118649346517,1.4496375472153018,6.106288893534226,13506184,39817600,14215896,"{""values"": {""shape"": [1181591], ""dtype"": ""<i8"", ""nbytes"": 9452728}, ""indices"": {""shape"": [1181591], ""dtype"": ""<i4"", ""nbytes"": 4726364}, ""indptr"": {""shape"": [9201], ""dtype"": ""<i4"", ""nbytes"": 36804}}",1,4.34400000000096,1.4689999999991414,181100544,0.06677622635675629,0.02265058667523909,0.0634425012675951
TENX138,Xenium,Homo sapiens,Brain,success,32,E:\Hestdata\st\TENX138.h5ad,6c03d5ee0e63b392afad13294d4ec74a80e9dfbf7b8b267344a046698568b683,D:\HEST1000BenchRun\COUNT-HEST-SHARED-K32-001\main\TENX138\VALUE_K32\attempt01\RESULT.json,,10641,541,5756781,3358056,2434484,2392019,2261771,D:\HEST1000BenchRun\COUNT-HEST-SHARED-K32-001\main\TENX138\VALUE_K32\attempt01\archive.cnt,091827ac18a74e82e200d492784b329685d13f0efb1e7ccc1b8950f2b01477ee,True,True,29,42465,1.7443121417105227,3.143105148519633,5.388286556269461,3.3241063017682975,5.698580369118323,15560856,46054248,40339240,"{""values"": {""shape"": [3358056], ""dtype"": ""<i8"", ""nbytes"": 26864448}, ""indices"": {""shape"": [3358056], ""dtype"": ""<i4"", ""nbytes"": 13432224}, ""indptr"": {""shape"": [10642], ""dtype"": ""<i4"", ""nbytes"": 42568}}",1,6.484000000000378,1.9060000000008586,207929344,0.1537202709156874,0.05193916096512965,0.059297572289413486
TENX139,Xenium,Homo sapiens,Bowel,success,32,E:\Hestdata\st\TENX139.h5ad,a785c38b145ebe0802e6758a5f3e0b3788da2134fe6df399f6892a44a4d33267,D:\HEST1000BenchRun\COUNT-HEST-SHARED-K32-001\main\TENX139\VALUE_K32\attempt01\RESULT.json,,4167,541,2254347,1442411,1052290,1049710,992062,D:\HEST1000BenchRun\COUNT-HEST-SHARED-K32-001\main\TENX139\VALUE_K32\attempt01\archive.cnt,c951311bf1b1f5f4a1ef96f5c6d428b7ba31f38761355db2ff7258d87fecf8ac,True,True,27,2580,0.24517956076746905,3.520529891804589,5.50224311933284,3.725105318746404,5.821974458042819,6944026,18034776,17325604,"{""values"": {""shape"": [1442411], ""dtype"": ""<i8"", ""nbytes"": 11539288}, ""indices"": {""shape"": [1442411], ""dtype"": ""<i4"", ""nbytes"": 5769644}, ""indptr"": {""shape"": [4168], ""dtype"": ""<i4"", ""nbytes"": 16672}}",1,3.2960000000002765,1.2659999999996217,182226944,0.15116734873976567,0.05820477060541256,0.06058720954259372
TENX14,Visium,Homo sapiens,Breast,success,32,E:\Hestdata\st\TENX14.h5ad,5739a6e52b6353e22b596d4b9cee46905f93846b5fca6ced5eec81aa3217944e,D:\HEST1000BenchRun\COUNT-HEST-SHARED-K32-001\main\TENX14\VALUE_K32\attempt01\RESULT.json,,4015,33538,134655070,20089131,10290909,10233763,9990325,D:\HEST1000BenchRun\COUNT-HEST-SHARED-K32-001\main\TENX14\VALUE_K32\attempt01\archive.cnt,2719f1b2a90b747b0852efffeb9b34acca5a55262499b64249c94b0e619be7ba,True,True,26,57146,0.5553056586157744,0.5935357651219519,3.978400061207227,0.6079986739452142,4.075343229132211,168795894,1077240560,241085636,"{""values"": {""shape"": [20089131], ""dtype"": ""<i8"", ""nbytes"": 160713048}, ""indices"": {""shape"": [20089131], ""dtype"": ""<i4"", ""nbytes"": 80356524}, ""indptr"": {""shape"": [4016], ""dtype"": ""<i4"", ""nbytes"": 16064}}",1,21.21899999999914,7.859999999998763,786759680,0.06062803281221995,0.009499979280393972,0.042448663345501014
TENX140,Xenium,Homo sapiens,Pancreas,success,32,E:\Hestdata\st\TENX140.h5ad,b3831a91ae9deb301f3a6955e61d683c821c53b50151aaa3cb0f8e09d39433d6,D:\HEST1000BenchRun\COUNT-HEST-SHARED-K32-001\main\TENX140\VALUE_K32\attempt01\RESULT.json,,4513,541,2441533,1031300,730525,731799,669126,D:\HEST1000BenchRun\COUNT-HEST-SHARED-K32-001\main\TENX140\VALUE_K32\attempt01\archive.cnt,7b89171fbac86249ceab699ec85d52ea1ae9033ef3d8611cbd70b55f9394d788,True,True,25,-1274,-0.17439512679237534,2.1924782503451725,5.1905439736255214,2.3978344753071124,5.676710947348007,7204488,19532264,12393656,"{""values"": {""shape"": [1031300], ""dtype"": ""<i8"", ""nbytes"": 8250400}, ""indices"": {""shape"": [1031300], ""dtype"": ""<i4"", ""nbytes"": 4125200}, ""indptr"": {""shape"": [4514], ""dtype"": ""<i4"", ""nbytes"": 18056}}",1,3.0,0.9850000000005821,177106944,0.10157543464573748,0.03746616367667363,0.05904625721417474
TENX141,Xenium,Homo sapiens,Lung,success,32,E:\Hestdata\st\TENX141.h5ad,53df93a744d9c39b7712e505b0cfa939ea5e9bf84d9a6b1ef4401299a359e2d7,D:\HEST1000BenchRun\COUNT-HEST-SHARED-K32-001\main\TENX141\VALUE_K32\attempt01\RESULT.json,,4390,541,2374990,1451488,1061619,1060615,1000171,D:\HEST1000BenchRun\COUNT-HEST-SHARED-K32-001\main\TENX141\VALUE_K32\attempt01\archive.cnt,2914c8ae774b6d011d31e10e5da602c2ea5a78f985173e2d1469fab18d5aa370,True,True,26,1004,0.09457253496781802,3.3690112379420545,5.51252783350603,3.572612937317631,5.845670098547146,6838599,18999920,17435420,"{""values"": {""shape"": [1451488], ""dtype"": ""<i8"", ""nbytes"": 11611904}, ""indices"": {""shape"": [1451488], ""dtype"": ""<i4"", ""nbytes"": 5805952}, ""indptr"": {""shape"": [4391], ""dtype"": ""<i4"", ""nbytes"": 17564}}",1,3.311999999999898,1.110000000000582,181706752,0.1550924392554674,0.055822077145587984,0.06083105540331119
TENX142,Xenium,Homo sapiens,Ovary,success,32,E:\Hestdata\st\TENX142.h5ad,a82ef80d0aede4d7b7a3bece86a1e737211cb0b8219d4f5d0df3680a0429fdfe,D:\HEST1000BenchRun\COUNT-HEST-SHARED-K32-001\main\TENX142\VALUE_K32\attempt01\RESULT.json,,3743,541,2024963,1080242,727018,725899,671689,D:\HEST1000BenchRun\COUNT-HEST-SHARED-K32-001\main\TENX142\VALUE_K32\attempt01\archive.cnt,0ae6bf8fd1d9508100dcea3876a1888a0233cb88a9308053b573ce467e3624fe,True,True,25,1119,0.15391640922233013,2.653634659003646,4.974359449086409,2.8678015351391606,5.375825046609926,6579770,16199704,12977880,"{""values"": {""shape"": [1080242], ""dtype"": ""<i8"", ""nbytes"": 8641936}, ""indices"": {""shape"": [1080242], ""dtype"": ""<i4"", ""nbytes"": 4320968}, ""indptr"": {""shape"": [3744], ""dtype"": ""<i4"", ""nbytes"": 14976}}",1,3.0,1.1089999999985594,177569792,0.11032285323043206,0.044809398986549384,0.055933557715127584
TENX15,Visium,Homo sapiens,Heart,success,32,E:\Hestdata\st\TENX15.h5ad,e7c532b2a46267a47c9e710b40ee67bb87b608c2a285fbf377afe3676ab35442,D:\HEST1000BenchRun\COUNT-HEST-SHARED-K32-001\main\TENX15\VALUE_K32\attempt01\RESULT.json,,4247,36601,155444447,8210344,4777174,4709672,4462937,D:\HEST1000BenchRun\COUNT-HEST-SHARED-K32-001\main\TENX15\VALUE_K32\attempt01\archive.cnt,114163ee33694de93d162b48f66980fd92b2538856333084e8d8d26c120af3be,True,True,29,67502,1.413011123312653,0.22968653232109346,4.348599279153224,0.24238483089717577,4.589013079110936,74173467,1243555576,98541120,"{""values"": {""shape"": [8210344], ""dtype"": ""<i8"", ""nbytes"": 65682752}, ""indices"": {""shape"": [8210344], ""dtype"": ""<i4"", ""nbytes"": 32841376}, ""indptr"": {""shape"": [4248], ""dtype"": ""<i4"", ""nbytes"": 16992}}",1,12.96900000000096,4.57799999999952,407683072,0.06349537362194489,0.0037872629827683715,0.04779397676827704
TENX16,Visium,Homo sapiens,Lymph node,success,32,E:\Hestdata\st\TENX16.h5ad,aebfba1b7a00dc406138d8fb02847282a38efa185f36113d123695ad37a58c16,D:\HEST1000BenchRun\COUNT-HEST-SHARED-K32-001\main\TENX16\VALUE_K32\attempt01\RESULT.json,,4035,36601,147685035,23717106,11344769,11183018,10928168,D:\HEST1000BenchRun\COUNT-HEST-SHARED-K32-001\main\TENX16\VALUE_K32\attempt01\archive.cnt,54d1618932e857a72048127db7cf502dc4a9094626a81a027d725da3aaeb2b62,True,True,27,161751,1.4257760559073525,0.5919715833090333,3.686172503508649,0.6057766381001298,3.772135774069568,198121163,1181480280,284621416,"{""values"": {""shape"": [23717106], ""dtype"": ""<i8"", ""nbytes"": 189736848}, ""indices"": {""shape"": [23717106], ""dtype"": ""<i4"", ""nbytes"": 94868424}, ""indptr"": {""shape"": [4036], ""dtype"": ""<i4"", ""nbytes"": 16144}}",1,25.0,9.764999999999418,923348992,0.05644534804189495,0.009465259970314529,0.03929085223861018
TENX18,Visium,Mus musculus,Brain,success,32,E:\Hestdata\st\TENX18.h5ad,9f76de3b3995cd42d5845ea756fe6a825723f153fa9a673cf20a575cfbcc1889,D:\HEST1000BenchRun\COUNT-HEST-SHARED-K32-001\main\TENX18\VALUE_K32\attempt01\RESULT.json,,2696,31053,83718888,15319170,7634108,7573342,7380014,D:\HEST1000BenchRun\COUNT-HEST-SHARED-K32-001\main\TENX18\VALUE_K32\attempt01\archive.cnt,8a83f374e0e5fcbf892b3b2de6e1ab9b06f14defa675216fb2459afc6348e354,True,True,30,60766,0.7959803555307313,0.7052185404087068,3.854002011858345,0.7236925554959592,3.954962050816069,130267019,669751104,183840828,"{""values"": {""shape"": [15319170], ""dtype"": ""<i8"", ""nbytes"": 122553360}, ""indices"": {""shape"": [15319170], ""dtype"": ""<i4"", ""nbytes"": 61276680}, ""indptr"": {""shape"": [2697], ""dtype"": ""<i4"", ""nbytes"": 10788}}",1,18.889999999999418,7.688000000000102,579690496,0.05813706384115537,0.011307696179624363,0.04119510384276555
TENX19,Visium,Mus musculus,Brain,success,32,E:\Hestdata\st\TENX19.h5ad,4940c008b669f8f198b9e414600041e54b0532b7b1df4e9007220c7d3aaf845d,D:\HEST1000BenchRun\COUNT-HEST-SHARED-K32-001\main\TENX19\VALUE_K32\attempt01\RESULT.json,,3353,31053,104120709,15229281,7924369,7890022,7685762,D:\HEST1000BenchRun\COUNT-HEST-SHARED-K32-001\main\TENX19\VALUE_K32\attempt01\archive.cnt,64997960951f85a8e3340d03c7ee880c277dd16c502d0224c2eef10a215aef3f,True,True,29,34347,0.43343514164976416,0.5905270583587747,4.037360398038489,0.6062211504917816,4.144658963216976,129674967,832965672,182764788,"{""values"": {""shape"": [15229281], ""dtype"": ""<i8"", ""nbytes"": 121834248}, ""indices"": {""shape"": [15229281], ""dtype"": ""<i4"", ""nbytes"": 60917124}, ""indptr"": {""shape"": [3354], ""dtype"": ""<i4"", ""nbytes"": 13416}}",1,18.875,7.639999999999418,628518912,0.060844603877940454,0.009472205476434088,0.04317036167820248
TENX22,Visium,Mus musculus,Kidney,success,32,E:\Hestdata\st\TENX22.h5ad,7ee5171706967fdeaa8c35e882d5819bfe2a371906190832f4bd8e906d4e1585,D:\HEST1000BenchRun\COUNT-HEST-SHARED-K32-001\main\TENX22\VALUE_K32\attempt01\RESULT.json,,1438,31053,44654214,8027223,4274282,4255017,4083634,D:\HEST1000BenchRun\COUNT-HEST-SHARED-K32-001\main\TENX22\VALUE_K32\attempt01\archive.cnt,c753a7927e22faad2d9a066c02e7905586bbb6fd5a310301a44730e216719847,True,True,30,19265,0.4507189745552586,0.7316010981628744,4.069785030265137,0.762305120856007,4.240586813148209,71684075,357233712,96332432,"{""values"": {""shape"": [8027223], ""dtype"": ""<i8"", ""nbytes"": 64217784}, ""indices"": {""shape"": [8027223], ""dtype"": ""<i4"", ""nbytes"": 32108892}, ""indptr"": {""shape"": [1439], ""dtype"": ""<i4"", ""nbytes"": 5756}}",1,10.54700000000048,4.093999999999141,324079616,0.05935791178166141,0.01191101751337511,0.044170139917156875
TENX23,Visium,Homo sapiens,Breast,success,32,E:\Hestdata\st\TENX23.h5ad,774566006027a48665b41d58f350e20e37355046fd5e1357dbf32548347bdcab,D:\HEST1000BenchRun\COUNT-HEST-SHARED-K32-001\main\TENX23\VALUE_K32\attempt01\RESULT.json,,4325,1056,4567200,847064,547165,547568,453612,D:\HEST1000BenchRun\COUNT-HEST-SHARED-K32-001\main\TENX23\VALUE_K32\attempt01\archive.cnt,0d05c1bb13bac4b5162405cd176ad16cc02be8fbc63d74a7c5eea87de698d9d1,True,True,22,-403,-0.07365237177085522,0.794555964266947,4.2840871528007325,0.9591311963566299,5.171443952286959,10773752,36537600,10182072,"{""values"": {""shape"": [847064], ""dtype"": ""<i8"", ""nbytes"": 6776512}, ""indices"": {""shape"": [847064], ""dtype"": ""<i4"", ""nbytes"": 3388256}, ""indptr"": {""shape"": [4326], ""dtype"": ""<i4"", ""nbytes"": 17304}}",1,3.2180000000007567,1.1409999999996217,176336896,0.050824262522471284,0.014986424943072342,0.05377765939977639
TENX27,Visium,Homo sapiens,Brain,success,32,E:\Hestdata\st\TENX27.h5ad,471d7600a8506c5029d7d6e128f1046266726ecc2376e25ac68137899e344a74,D:\HEST1000BenchRun\COUNT-HEST-SHARED-K32-001\main\TENX27\VALUE_K32\attempt01\RESULT.json,,4992,1186,5920512,1391986,817620,812806,707185,D:\HEST1000BenchRun\COUNT-HEST-SHARED-K32-001\main\TENX27\VALUE_K32\attempt01\archive.cnt,9cc90757672e4bf08fc93dc15b4835d4106b5fca25192f45ac8c9ee0bbc544c7,True,True,19,4814,0.5887820748024755,0.9555727612747006,4.064322486002014,1.0982914991135901,4.6713458325011885,15248258,47364096,16723804,"{""values"": {""shape"": [1391986], ""dtype"": ""<i8"", ""nbytes"": 11135888}, ""indices"": {""shape"": [1391986], ""dtype"": ""<i4"", ""nbytes"": 5567944}, ""indptr"": {""shape"": [4993], ""dtype"": ""<i4"", ""nbytes"": 19972}}",1,3.7189999999991414,1.2810000000008586,184164352,0.05330484308437069,0.017160804673649846,0.04860174156549551
TENX28,Visium,Homo sapiens,Bowel,success,32,E:\Hestdata\st\TENX28.h5ad,ac281b3925613118077eb476a00f76ba855f6a665178cef4e402e414aa8b976e,D:\HEST1000BenchRun\COUNT-HEST-SHARED-K32-001\main\TENX28\VALUE_K32\attempt01\RESULT.json,,3138,1142,3583596,1098154,619359,617852,549020,D:\HEST1000BenchRun\COUNT-HEST-SHARED-K32-001\main\TENX28\VALUE_K32\attempt01\archive.cnt,f24a1d62f4c3702ec5122bfe9ee98d9887621296071bac874c6f57fec1f74455,True,True,17,1507,0.24331607355346416,1.2256292282947072,3.9995847576933654,1.3792894065067602,4.501022625241997,12556718,28668768,13190404,"{""values"": {""shape"": [1098154], ""dtype"": ""<i8"", ""nbytes"": 8785232}, ""indices"": {""shape"": [1098154], ""dtype"": ""<i4"", ""nbytes"": 4392616}, ""indptr"": {""shape"": [3139], ""dtype"": ""<i4"", ""nbytes"": 12556}}",1,2.875,1.125,180072448,0.0492048957378831,0.02155139697666813,0.04684102170032093
TENX29,Visium,Homo sapiens,Bowel,success,32,E:\Hestdata\st\TENX29.h5ad,c5ccb25b302580ff0825a45cfdcd5f683f586f348f81a5790c61f8600a7934b3,D:\HEST1000BenchRun\COUNT-HEST-SHARED-K32-001\main\TENX29\VALUE_K32\attempt01\RESULT.json,,3138,36601,114853938,11138760,6031471,5991266,5760972,D:\HEST1000BenchRun\COUNT-HEST-SHARED-K32-001\main\TENX29\VALUE_K32\attempt01\archive.cnt,bb704485ce589a54b38265a41c7b238e0652c560f3568fdaedf14a3ea29dc434,True,True,23,40205,0.6665869735591865,0.401272928055806,4.137603826637794,0.4173137537521787,4.303003925032948,97452291,918831504,133677676,"{""values"": {""shape"": [11138760], ""dtype"": ""<i8"", ""nbytes"": 89110080}, ""indices"": {""shape"": [11138760], ""dtype"": ""<i4"", ""nbytes"": 44555040}, ""indptr"": {""shape"": [3139], ""dtype"": ""<i4"", ""nbytes"": 12556}}",1,14.45299999999952,5.45299999999952,497946624,0.06147896512766437,0.0065205274023777925,0.04481874744740476
TENX30,Visium,Homo sapiens,Brain,success,32,E:\Hestdata\st\TENX30.h5ad,8142c4f5f9050f4e37d92749a68df52ff8444a3f4b0b64d1c0bf205e1929cdaf,D:\HEST1000BenchRun\COUNT-HEST-SHARED-K32-001\main\TENX30\VALUE_K32\attempt01\RESULT.json,,3468,1253,4345404,1090096,622931,622064,547545,D:\HEST1000BenchRun\COUNT-HEST-SHARED-K32-001\main\TENX30\VALUE_K32\attempt01\archive.cnt,89d8e6f23c770d3e844ff53a46dfe73a900df85547b9ab39bdd71d7ebf5b5107,True,True,21,867,0.1391807439347215,1.0080443613528225,4.018324991560377,1.1452357479304571,4.565205266325168,12586581,34763232,13095028,"{""values"": {""shape"": [1090096], ""dtype"": ""<i8"", ""nbytes"": 8720768}, ""indices"": {""shape"": [1090096], ""dtype"": ""<i4"", ""nbytes"": 4360384}, ""indptr"": {""shape"": [3469], ""dtype"": ""<i4"", ""nbytes"": 13876}}",1,3.1560000000008586,1.1720000000004802,180572160,0.04942279400577488,0.017894308561413393,0.04750383122510315
TENX31,Visium,Homo sapiens,Brain,success,32,E:\Hestdata\st\TENX31.h5ad,291d2f53b644d85de632644ff03b55249113b49bd1a1a4907958f57780959c6a,D:\HEST1000BenchRun\COUNT-HEST-SHARED-K32-001\main\TENX31\VALUE_K32\attempt01\RESULT.json,,3468,36601,126932268,14884287,7847593,7798848,7559210,D:\HEST1000BenchRun\COUNT-HEST-SHARED-K32-001\main\TENX31\VALUE_K32\attempt01\archive.cnt,07f1cbd48293c9e52a24618fa627e1aa39c062ccb67fa0ca14d0329bf53061cb,True,True,26,48745,0.6211458723713118,0.4764247968845873,4.062920850693083,0.49152815893906504,4.1917213770468145,127473019,1015458144,178625320,"{""values"": {""shape"": [14884287], ""dtype"": ""<i8"", ""nbytes"": 119074296}, ""indices"": {""shape"": [14884287], ""dtype"": ""<i4"", ""nbytes"": 59537148}, ""indptr"": {""shape"": [3469], ""dtype"": ""<i4"", ""nbytes"": 13876}}",1,18.67199999999866,8.078000000001339,620724224,0.061180382022645904,0.007680127483422891,0.04366037244887791
TENX39,Visium,Homo sapiens,Breast,success,32,E:\Hestdata\st\TENX39.h5ad,f52e7eca33134c771364569ea4265ca484c95d2e3a09c08b16b395463a8c947b,D:\HEST1000BenchRun\COUNT-HEST-SHARED-K32-001\main\TENX39\VALUE_K32\attempt01\RESULT.json,,2518,17943,45180474,12026200,6050419,6011507,5870224,D:\HEST1000BenchRun\COUNT-HEST-SHARED-K32-001\main\TENX39\VALUE_K32\attempt01\archive.cnt,875e3c6040b435bd4a5e19715d87c740f33fb78e7d322552a0094910868a3e5f,True,True,26,38912,0.6431290130485178,1.0394267222605942,3.9049568442234457,1.0644433699389697,3.998940313648534,101766545,361443792,144324476,"{""values"": {""shape"": [12026200], ""dtype"": ""<i8"", ""nbytes"": 96209600}, ""indices"": {""shape"": [12026200], ""dtype"": ""<i4"", ""nbytes"": 48104800}, ""indptr"": {""shape"": [2519], ""dtype"": ""<i4"", ""nbytes"": 10076}}",1,14.234999999998763,6.328000000001339,554590208,0.05907154458275065,0.0166319276552964,0.04165272008332114
TENX40,Visium,Homo sapiens,Prostate,success,32,E:\Hestdata\st\TENX40.h5ad,533eaf343945baeac86e925e3da8aa3ab1371fff14baeb4f3c869dd8b7ee0d8c,D:\HEST1000BenchRun\COUNT-HEST-SHARED-K32-001\main\TENX40\VALUE_K32\attempt01\RESULT.json,,4371,17943,78428853,20695894,9994155,9896692,9718996,D:\HEST1000BenchRun\COUNT-HEST-SHARED-K32-001\main\TENX40\VALUE_K32\attempt01\archive.cnt,534099d9789c2bf98b6628b64be525afb64fba9bab65316a9fe0b6f1e7cc5cf1,True,True,24,97463,0.9752000044025733,0.9913694389997008,3.756878924872731,1.00949501327018,3.8255673323413815,171454261,627430824,248368216,"{""values"": {""shape"": [20695894], ""dtype"": ""<i8"", ""nbytes"": 165567152}, ""indices"": {""shape"": [20695894], ""dtype"": ""<i4"", ""nbytes"": 82783576}, ""indptr"": {""shape"": [4372], ""dtype"": ""<i4"", ""nbytes"": 17488}}",1,20.438000000000102,8.656000000000859,800002048,0.057722053346927316,0.015773359582346564,0.0398468538341476
TENX41,Visium,Homo sapiens,Prostate,success,32,E:\Hestdata\st\TENX41.h5ad,97a088e850536aa56891afcc651bf65f6e7251d473f3633e9dde1568feb48edb,D:\HEST1000BenchRun\COUNT-HEST-SHARED-K32-001\main\TENX41\VALUE_K32\attempt01\RESULT.json,,2543,17943,45629049,7329569,3903864,3872357,3733843,D:\HEST1000BenchRun\COUNT-HEST-SHARED-K32-001\main\TENX41\VALUE_K32\attempt01\archive.cnt,6a19739f09495abdb2271c76498c0a46c85cf6f68e3f57381b9f744c20c0868f,True,True,22,31507,0.8070721725961765,0.6546431419160194,4.075375236934122,0.6789283730195648,4.226559024139073,64164901,365032392,87965004,"{""values"": {""shape"": [7329569], ""dtype"": ""<i8"", ""nbytes"": 58636552}, ""indices"": {""shape"": [7329569], ""dtype"": ""<i4"", ""nbytes"": 29318276}, ""indptr"": {""shape"": [2544], ""dtype"": ""<i4"", ""nbytes"": 10176}}",1,9.389999999999418,3.735000000000582,330448896,0.06035008142535746,0.0106082558284307,0.04402156339355137
TENX43,Visium,Mus musculus,Brain,success,32,E:\Hestdata\st\TENX43.h5ad,85fb8de62fb00871aa81ff46a1ebecebd6831a8dd9036f1ec7c531cc7715fe47,D:\HEST1000BenchRun\COUNT-HEST-SHARED-K32-001\main\TENX43\VALUE_K32\attempt01\RESULT.json,,2264,19465,44068760,13179834,6160491,6100509,5959268,D:\HEST1000BenchRun\COUNT-HEST-SHARED-K32-001\main\TENX43\VALUE_K32\attempt01\archive.cnt,b4f1faeabed6b2e27ae783402215b52422643498125c3d71537e497edf49bf35,True,True,23,59982,0.9736561582510225,1.081812694525555,3.6172036764651208,1.1074528078393855,3.702935256999443,111290623,352550080,158167068,"{""values"": {""shape"": [13179834], ""dtype"": ""<i8"", ""nbytes"": 105438672}, ""indices"": {""shape"": [13179834], ""dtype"": ""<i4"", ""nbytes"": 52719336}, ""indptr"": {""shape"": [2265], ""dtype"": ""<i4"", ""nbytes"": 9060}}",1,16.436999999999898,6.110000000000582,551493632,0.05481601985461075,0.0173039501224904,0.038570032795954716
TENX45,Visium,Mus musculus,Kidney,success,32,E:\Hestdata\st\TENX45.h5ad,ca5a60fda34fbd2ff1e75d373d0e5eafd454319d03ece9b0ced0032f61d05bed,D:\HEST1000BenchRun\COUNT-HEST-SHARED-K32-001\main\TENX45\VALUE_K32\attempt01\RESULT.json,,3124,19465,60808660,21645246,10200124,10112677,9951808,D:\HEST1000BenchRun\COUNT-HEST-SHARED-K32-001\main\TENX45\VALUE_K32\attempt01\archive.cnt,a9afd7357b1a2f5a035372f726e6636ddcada81c38638645c89509dc8d62db11,True,True,29,87447,0.8573131071739912,1.3092619373622112,3.6781501120384585,1.3304258965745996,3.7376066781592594,179170059,486469280,259755452,"{""values"": {""shape"": [21645246], ""dtype"": ""<i8"", ""nbytes"": 173161968}, ""indices"": {""shape"": [21645246], ""dtype"": ""<i4"", ""nbytes"": 86580984}, ""indptr"": {""shape"": [3125], ""dtype"": ""<i4"", ""nbytes"": 12500}}",1,23.28099999999904,8.671999999998661,811307008,0.05644177970606127,0.02078790463397812,0.038931529337062766
TENX46,Visium,Homo sapiens,Prostate,success,32,E:\Hestdata\st\TENX46.h5ad,a2076784a8c690d3d0318db916b2a6374e9b50469799edf9eb892808b989c622,D:\HEST1000BenchRun\COUNT-HEST-SHARED-K32-001\main\TENX46\VALUE_K32\attempt01\RESULT.json,,3043,17943,54600549,18708889,8709835,8619492,8466345,D:\HEST1000BenchRun\COUNT-HEST-SHARED-K32-001\main\TENX46\VALUE_K32\attempt01\archive.cnt,8953473d1289205eb897df91c8df27ce3b51cd77fc4fb364a68bc9dcb800251d,True,True,27,90343,1.0372527148906954,1.2404776369556285,3.6202449006993414,1.2629165322128904,3.6857312050972135,155323709,436804392,224518844,"{""values"": {""shape"": [18708889], ""dtype"": ""<i8"", ""nbytes"": 149671112}, ""indices"": {""shape"": [18708889], ""dtype"": ""<i4"", ""nbytes"": 74835556}, ""indptr"": {""shape"": [3044], ""dtype"": ""<i4"", ""nbytes"": 12176}}",1,21.125,8.360000000000582,732229632,0.0554937301941457,0.019733070815826412,0.03839095127355992
TENX49,Visium,Homo sapiens,Bowel,success,32,E:\Hestdata\st\TENX49.h5ad,4d3dcb432d5f40575f1dcfe36022062cfc0297ebcfa5c32ae7999e57288d2aed,D:\HEST1000BenchRun\COUNT-HEST-SHARED-K32-001\main\TENX49\VALUE_K32\attempt01\RESULT.json,,2660,17943,47728380,18005624,8635593,8593528,8449999,D:\HEST1000BenchRun\COUNT-HEST-SHARED-K32-001\main\TENX49\VALUE_K32\attempt01\archive.cnt,ae6392f0021f77695a99c9e687f6698586616aad0f5626a7050b8587473ce8d2,True,True,25,42065,0.4871118868154162,1.4163479254900333,3.754382075289365,1.4404055616385891,3.818152817142022,149637801,381827040,216078132,"{""values"": {""shape"": [18005624], ""dtype"": ""<i8"", ""nbytes"": 144044992}, ""indices"": {""shape"": [18005624], ""dtype"": ""<i4"", ""nbytes"": 72022496}, ""indptr"": {""shape"": [2661], ""dtype"": ""<i4"", ""nbytes"": 10644}}",1,20.04700000000048,8.32799999999952,708317184,0.05742885783252054,0.022506336900602955,0.03977046599051495
TENX50,Visium,Homo sapiens,Cervix,success,32,E:\Hestdata\st\TENX50.h5ad,bdf434ca2612f6147fac400808dc51f6adc5e8f125f113fe8bdc6e85efe39206,D:\HEST1000BenchRun\COUNT-HEST-SHARED-K32-001\main\TENX50\VALUE_K32\attempt01\RESULT.json,,2781,17943,49899483,17203632,8348130,8295214,8148557,D:\HEST1000BenchRun\COUNT-HEST-SHARED-K32-001\main\TENX50\VALUE_K32\attempt01\archive.cnt,c3f8a11dca010b49e39c190499a94c5a6730012fd3776c42e925fa5497b0c4e0,True,True,26,52916,0.6338665066308263,1.3063954189665652,3.789226368013452,1.3299078068604437,3.8574245252397867,143262789,399195864,206454712,"{""values"": {""shape"": [17203632], ""dtype"": ""<i8"", ""nbytes"": 137629056}, ""indices"": {""shape"": [17203632], ""dtype"": ""<i4"", ""nbytes"": 68814528}, ""indptr"": {""shape"": [2782], ""dtype"": ""<i4"", ""nbytes"": 11128}}",1,19.42200000000048,7.406999999999243,775614464,0.05790208370158143,0.020779809482194433,0.04017933967038737
TENX51,Visium,Homo sapiens,Ovary,success,32,E:\Hestdata\st\TENX51.h5ad,26fc1b093925115522398346d337c63701a3aefecc53fe46440ab2a052fb4a11,D:\HEST1000BenchRun\COUNT-HEST-SHARED-K32-001\main\TENX51\VALUE_K32\attempt01\RESULT.json,,3455,17943,61993065,23884278,11398708,11326201,11167113,D:\HEST1000BenchRun\COUNT-HEST-SHARED-K32-001\main\TENX51\VALUE_K32\attempt01\archive.cnt,18634e7a2f9f853211627a93095aaf0229072eea609676487d441dc889129821,True,True,29,72507,0.6360984069422605,1.4410789981105145,3.7404063040967785,1.4616087783367382,3.79369257048507,196803949,495944520,286625160,"{""values"": {""shape"": [23884278], ""dtype"": ""<i8"", ""nbytes"": 191074224}, ""indices"": {""shape"": [23884278], ""dtype"": ""<i4"", ""nbytes"": 95537112}, ""indptr"": {""shape"": [3456], ""dtype"": ""<i4"", ""nbytes"": 13824}}",1,24.09400000000096,9.593999999999141,901287936,0.05755067953438272,0.022837637161511534,0.03951572499776363
TENX52,Visium,Mus musculus,Brain,success,32,E:\Hestdata\st\TENX52.h5ad,b5e3225a30c2d604bd022471a8fbe2084f15be6711234311b694c266a9bc78b9,D:\HEST1000BenchRun\COUNT-HEST-SHARED-K32-001\main\TENX52\VALUE_K32\attempt01\RESULT.json,,2698,31053,83780994,15430028,8019839,7974242,7779668,D:\HEST1000BenchRun\COUNT-HEST-SHARED-K32-001\main\TENX52\VALUE_K32\attempt01\archive.cnt,2d4b8a002af6611245539c6bce92c772a9cf2537a04ae4de988b5b5f4f9eaf02,True,True,30,45597,0.5685525607184883,0.7428575507232583,4.033521131653163,0.761436848075591,4.134401829990198,131035035,670247952,185171132,"{""values"": {""shape"": [15430028], ""dtype"": ""<i8"", ""nbytes"": 123440224}, ""indices"": {""shape"": [15430028], ""dtype"": ""<i4"", ""nbytes"": 61720112}, ""indptr"": {""shape"": [2699], ""dtype"": ""<i4"", ""nbytes"": 10796}}",1,18.75,6.936999999999898,632147968,0.060855800893249656,0.011897450751181109,0.043064174819647374
TENX53,Visium,Homo sapiens,Breast,success,32,E:\Hestdata\st\TENX53.h5ad,3fcad61a42b40fa2930469c9732c1b95fb0c10a8d0166ecb29ce7d13a6ac5f72,D:\HEST1000BenchRun\COUNT-HEST-SHARED-K32-001\main\TENX53\VALUE_K32\attempt01\RESULT.json,,4898,36601,179271698,17254268,9297028,9227338,8956742,D:\HEST1000BenchRun\COUNT-HEST-SHARED-K32-001\main\TENX53\VALUE_K32\attempt01\archive.cnt,1de4d17ea2051b8bde32cd2e43268fff00c24c12019ae1a76904ee6ed24f6e3a,True,True,24,69690,0.7495943865071719,0.3996946355693022,4.152823869433348,0.4117699827889174,4.278286624503572,145690851,1434173584,207070812,"{""values"": {""shape"": [17254268], ""dtype"": ""<i8"", ""nbytes"": 138034144}, ""indices"": {""shape"": [17254268], ""dtype"": ""<i4"", ""nbytes"": 69017072}, ""indptr"": {""shape"": [4899], ""dtype"": ""<i4"", ""nbytes"": 19596}}",1,21.98400000000038,8.031000000000859,807284736,0.06333505458074372,0.0064339059810768345,0.04456126824866075
TENX54,Visium,Mus musculus,Brain,success,32,E:\Hestdata\st\TENX54.h5ad,243a54864fe9fe76e3b1e9d75955e980b3c367ff53d4ab08d86a570f39484f7f,D:\HEST1000BenchRun\COUNT-HEST-SHARED-K32-001\main\TENX54\VALUE_K32\attempt01\RESULT.json,,3293,31053,102257529,14442299,7519095,7484542,7281666,D:\HEST1000BenchRun\COUNT-HEST-SHARED-K32-001\main\TENX54\VALUE_K32\attempt01\archive.cnt,68c5b9d35016e2f41c89f22cb521f891fd50df91a3bed8b5c5b1f08718902a70,True,True,29,34553,0.45953668626343996,0.5696727524092627,4.033521809789425,0.5855445225945172,4.1459005938043525,123362823,818060232,173320764,"{""values"": {""shape"": [14442299], ""dtype"": ""<i8"", ""nbytes"": 115538392}, ""indices"": {""shape"": [14442299], ""dtype"": ""<i4"", ""nbytes"": 57769196}, ""indptr"": {""shape"": [3294], ""dtype"": ""<i4"", ""nbytes"": 13176}}",1,17.79700000000048,6.609000000000378,602255360,0.06067096891905595,0.00914913316553933,0.043183181445011404
TENX55,Visium,Mus musculus,Brain,success,32,E:\Hestdata\st\TENX55.h5ad,fd2daffc1941374850bc0122a8fad0d16345ca86c1a19daacbd6826a8a46dd5d,D:\HEST1000BenchRun\COUNT-HEST-SHARED-K32-001\main\TENX55\VALUE_K32\attempt01\RESULT.json,,2825,31053,87724725,14167739,7125251,7067456,6872693,D:\HEST1000BenchRun\COUNT-HEST-SHARED-K32-001\main\TENX55\VALUE_K32\attempt01\archive.cnt,9e6f0ebcbacddfa3ca8698a99aa44106c38f3b8f97a0748ca01c44c459a81f11,True,True,29,57795,0.8111293202162282,0.6267508276600469,3.880756414273301,0.644512114458039,3.9907319015405354,121069079,701797800,170024172,"{""values"": {""shape"": [14167739], ""dtype"": ""<i8"", ""nbytes"": 113341912}, ""indices"": {""shape"": [14167739], ""dtype"": ""<i4"", ""nbytes"": 56670956}, ""indptr"": {""shape"": [2826], ""dtype"": ""<i4"", ""nbytes"": 11304}}",1,17.359999999998763,6.546999999998661,591638528,0.05837540070821882,0.01007050178840686,0.041567360198642815
TENX56,Visium,Homo sapiens,Brain,success,32,E:\Hestdata\st\TENX56.h5ad,a88ababf0ef6f79285c51f82c8adc835ee9f94c0b3f7bac9e7fe30a85856aab9,D:\HEST1000BenchRun\COUNT-HEST-SHARED-K32-001\main\TENX56\VALUE_K32\attempt01\RESULT.json,,4992,1186,5920512,1391986,817568,812757,707185,D:\HEST1000BenchRun\COUNT-HEST-SHARED-K32-001\main\TENX56\VALUE_K32\attempt01\archive.cnt,5ea4b559d98180dcf575fde918ab1d035624d90fda86373d029a0c80914eb039,True,True,19,4811,0.5884525813143372,0.9555727612747006,4.064322486002014,1.0982252886236865,4.671064220473482,15248258,47364096,16723804,"{""values"": {""shape"": [1391986], ""dtype"": ""<i8"", ""nbytes"": 11135888}, ""indices"": {""shape"": [1391986], ""dtype"": ""<i4"", ""nbytes"": 5567944}, ""indptr"": {""shape"": [4993], ""dtype"": ""<i4"", ""nbytes"": 19972}}",1,3.8909999999996217,1.3279999999995198,183631872,0.05330162960254214,0.017159770134745102,0.04859881161008584
TENX58,Visium,Mus musculus,Brain,success,32,E:\Hestdata\st\TENX58.h5ad,b66617dba453c6f5e44193d02ddc59f96df464ceefadfc2517f68a9185b31c14,D:\HEST1000BenchRun\COUNT-HEST-SHARED-K32-001\main\TENX58\VALUE_K32\attempt01\RESULT.json,,1185,32285,38257725,5532712,2964003,2946553,2778248,D:\HEST1000BenchRun\COUNT-HEST-SHARED-K32-001\main\TENX58\VALUE_K32\attempt01\archive.cnt,c973e8b973b776651fd5963c8a3bcd44e131731d61bb1702eb0cdd6e9e674b4e,True,True,29,17450,0.5887308481131767,0.5809541471689704,4.01719518384474,0.6161480851252917,4.260555040638298,51841023,306061800,66397288,"{""values"": {""shape"": [5532712], ""dtype"": ""<i8"", ""nbytes"": 44261696}, ""indices"": {""shape"": [5532712], ""dtype"": ""<i4"", ""nbytes"": 22130848}, ""indptr"": {""shape"": [1186], ""dtype"": ""<i4"", ""nbytes"": 4744}}",1,7.75,3.0,305209344,0.056838249507537686,0.009627313830082683,0.04437761072410066
TENX60,Visium,Mus musculus,Brain,success,32,E:\Hestdata\st\TENX60.h5ad,47ad57a3beb466082eeac33c0f9bab7131a341d1cf7ddffa0a81440ea03694e9,D:\HEST1000BenchRun\COUNT-HEST-SHARED-K32-001\main\TENX60\VALUE_K32\attempt01\RESULT.json,,2310,19465,44964150,15031658,7554340,7521898,7377127,D:\HEST1000BenchRun\COUNT-HEST-SHARED-K32-001\main\TENX60\VALUE_K32\attempt01\archive.cnt,67c93f89640e0273ea121942277dd25583450391e370f60852691fe41f00e829,True,True,24,32442,0.4294485024502471,1.312534897245917,3.926181396623047,1.338292484123463,4.003229983013185,126167391,359713200,180389140,"{""values"": {""shape"": [15031658], ""dtype"": ""<i8"", ""nbytes"": 120253264}, ""indices"": {""shape"": [15031658], ""dtype"": ""<i4"", ""nbytes"": 60126632}, ""indptr"": {""shape"": [2311], ""dtype"": ""<i4"", ""nbytes"": 9244}}",1,17.34400000000096,6.625,551743488,0.059618400130030426,0.020910820064429108,0.041698175400137726
TENX61,Visium,Mus musculus,Brain,success,32,E:\Hestdata\st\TENX61.h5ad,6757539ad145cf55c310f9b9bdf4332db6f68141808b957255ea0889dc133e2d,D:\HEST1000BenchRun\COUNT-HEST-SHARED-K32-001\main\TENX61\VALUE_K32\attempt01\RESULT.json,,2235,19465,43504275,11564440,5812416,5777163,5634665,D:\HEST1000BenchRun\COUNT-HEST-SHARED-K32-001\main\TENX61\VALUE_K32\attempt01\archive.cnt,4270dd76885e5e64b15ea87ca666fa3bd5bb9075a3720fb7b871ee89276b2579,True,True,23,35253,0.606511990882965,1.036158400525006,3.8979250184185315,1.0623623540445164,3.996501689662448,98144683,348034200,138782224,"{""values"": {""shape"": [11564440], ""dtype"": ""<i8"", ""nbytes"": 92515520}, ""indices"": {""shape"": [11564440], ""dtype"": ""<i4"", ""nbytes"": 46257760}, ""indptr"": {""shape"": [2236], ""dtype"": ""<i4"", ""nbytes"": 8944}}",1,14.031000000000859,5.375,468840448,0.05886373895568036,0.01659941178194557,0.04162754302020697
TENX62,Visium,Homo sapiens,Lung,success,32,E:\Hestdata\st\TENX62.h5ad,3b55b07aea7b4c8b6c5c51fc7d72c91380efcb3ec96acaff45fd83c11f53bd4b,D:\HEST1000BenchRun\COUNT-HEST-SHARED-K32-001\main\TENX62\VALUE_K32\attempt01\RESULT.json,,3858,18085,69771930,23077633,12037226,11988289,11820162,D:\HEST1000BenchRun\COUNT-HEST-SHARED-K32-001\main\TENX62\VALUE_K32\attempt01\archive.cnt,10acac7628bbcb9a95fafa0752abad2b474befb77887af3ec8f15e8d7418b018,True,True,24,48937,0.4065471562966418,1.3552913901048746,4.097530106315496,1.3745687126613813,4.15581234002638,190151167,558175440,276947032,"{""values"": {""shape"": [23077633], ""dtype"": ""<i8"", ""nbytes"": 184621064}, ""indices"": {""shape"": [23077633], ""dtype"": ""<i4"", ""nbytes"": 92310532}, ""indptr"": {""shape"": [3859], ""dtype"": ""<i4"", ""nbytes"": 15436}}",1,22.311999999999898,9.125,877268992,0.06304609742416148,0.021477636135334082,0.04328729906735379
TENX65,Visium,Homo sapiens,Ovary,success,32,E:\Hestdata\st\TENX65.h5ad,85155619b13170a7c935bcacb66bd897fdda37fa38f54f6d4b5e920492038afc,D:\HEST1000BenchRun\COUNT-HEST-SHARED-K32-001\main\TENX65\VALUE_K32\attempt01\RESULT.json,,4674,18085,84529290,35424655,17243970,17103003,16914614,D:\HEST1000BenchRun\COUNT-HEST-SHARED-K32-001\main\TENX65\VALUE_K32\attempt01\archive.cnt,eb8e53c70145efc61333127f4d7bd34818169c901ec077555caf72059e68b25a,True,True,26,140967,0.8174857645890129,1.6008286831700587,3.8198512307318166,1.6186581479626767,3.8623953853608453,288881959,676234320,425114560,"{""values"": {""shape"": [35424655], ""dtype"": ""<i8"", ""nbytes"": 283397240}, ""indices"": {""shape"": [35424655], ""dtype"": ""<i4"", ""nbytes"": 141698620}, ""indptr"": {""shape"": [4675], ""dtype"": ""<i4"", ""nbytes"": 18700}}",1,34.75,13.67200000000048,1547366400,0.05920412288536163,0.025291533561916824,0.04023151547667528
TENX67,Visium,Mus musculus,Brain,success,32,E:\Hestdata\st\TENX67.h5ad,2da8e4c88005f98c929b5731809f741cc950619dd507a07a42f3042ac7a8ce62,D:\HEST1000BenchRun\COUNT-HEST-SHARED-K32-001\main\TENX67\VALUE_K32\attempt01\RESULT.json,,2797,32285,90301145,12257946,6232022,6177351,5974641,D:\HEST1000BenchRun\COUNT-HEST-SHARED-K32-001\main\TENX67\VALUE_K32\attempt01\archive.cnt,8c334a10c9cd10f2e2462d00a21cec6a420e4d8ecc0125856ba3330acde7f5fe,True,True,28,54671,0.8772594191740658,0.5293081056724143,3.8992770893263846,0.5472666819451736,4.0315733157904265,105970927,722409160,147106544,"{""values"": {""shape"": [12257946], ""dtype"": ""<i8"", ""nbytes"": 98063568}, ""indices"": {""shape"": [12257946], ""dtype"": ""<i4"", ""nbytes"": 49031784}, ""indptr"": {""shape"": [2798], ""dtype"": ""<i4"", ""nbytes"": 11192}}",1,15.25,6.09400000000096,529874944,0.058292884424800774,0.008551041905393337,0.04199236031267243
TENX68,Visium,Homo sapiens,Breast,success,32,E:\Hestdata\st\TENX68.h5ad,2452445001f5dd2e4d8b69206bcfb65b7433b4087f1a5a5717f06290fa92cdba,D:\HEST1000BenchRun\COUNT-HEST-SHARED-K32-001\main\TENX68\VALUE_K32\attempt01\RESULT.json,,1657,18085,29966845,9758086,5273265,5247983,5121960,D:\HEST1000BenchRun\COUNT-HEST-SHARED-K32-001\main\TENX68\VALUE_K32\attempt01\archive.cnt,fa868643c12ab2c0904ede2dc44ba15810b8486141d82e04205d6c9201ed95b1,True,True,28,25282,0.4794373125568315,1.3673671686158486,4.1991513499676065,1.401010483419259,4.302469152249734,82339375,239734760,117103664,"{""values"": {""shape"": [9758086], ""dtype"": ""<i8"", ""nbytes"": 78064688}, ""indices"": {""shape"": [9758086], ""dtype"": ""<i4"", ""nbytes"": 39032344}, ""indptr"": {""shape"": [1658], ""dtype"": ""<i4"", ""nbytes"": 6632}}",1,11.781999999999243,4.485000000000582,391192576,0.06373600722619038,0.02189078880342592,0.04481484883342335
TENX69,Visium,Mus musculus,Brain,success,32,E:\Hestdata\st\TENX69.h5ad,57bd5779f00ae48f54c8062416524163ebfe7a8cbcbad706aac7fcbb1bf7c3f6,D:\HEST1000BenchRun\COUNT-HEST-SHARED-K32-001\main\TENX69\VALUE_K32\attempt01\RESULT.json,,4298,19465,83660570,25521176,12978052,12935660,12751042,D:\HEST1000BenchRun\COUNT-HEST-SHARED-K32-001\main\TENX69\VALUE_K32\attempt01\archive.cnt,dd38925f4cf3f1e9de2c335544355cd027614ef76b5ec105bbeb25131f4ef94e,True,True,26,42392,0.3266437829036284,1.2193119889094708,3.997007661402437,1.2369659924621599,4.054878975796413,209615131,669284560,306271308,"{""values"": {""shape"": [25521176], ""dtype"": ""<i8"", ""nbytes"": 204169408}, ""indices"": {""shape"": [25521176], ""dtype"": ""<i4"", ""nbytes"": 102084704}, ""indptr"": {""shape"": [4299], ""dtype"": ""<i4"", ""nbytes"": 17196}}",1,26.25,9.906000000000859,958484480,0.061711480169816556,0.019327593632221248,0.04223595113911226
TENX70,Visium,Homo sapiens,Bowel,success,32,E:\Hestdata\st\TENX70.h5ad,f4da9cb73fdf6469d40b5c873cbf90249e69e51978d0ce8f78c95b7b294bbbcc,D:\HEST1000BenchRun\COUNT-HEST-SHARED-K32-001\main\TENX70\VALUE_K32\attempt01\RESULT.json,,9080,18085,164211800,77202671,40472011,40202929,39924860,D:\HEST1000BenchRun\COUNT-HEST-SHARED-K32-001\main\TENX70\VALUE_K32\attempt01\archive.cnt,5c3571cc43d0d790d14d01f20713e6b284c877f282d3bb164ee2d4f25a71a182,True,True,30,269082,0.6648594753544617,1.9450421955060477,4.137148052818017,1.9585890417132021,4.16596249629757,624425639,1313694400,926468376,"{""values"": {""shape"": [77202671], ""dtype"": ""<i8"", ""nbytes"": 617621368}, ""indices"": {""shape"": [77202671], ""dtype"": ""<i4"", ""nbytes"": 308810684}, ""indptr"": {""shape"": [9081], ""dtype"": ""<i4"", ""nbytes"": 36324}}",1,73.54700000000048,28.45299999999952,3205087232,0.06438385371936978,0.030602953776768783,0.04339374126678232
TENX71,Visium,Homo sapiens,Kidney,success,32,E:\Hestdata\st\TENX71.h5ad,a62b28bc2a676ac0d266bcb804f0d84021f8bb919aed48e7e2cf127038850959,D:\HEST1000BenchRun\COUNT-HEST-SHARED-K32-001\main\TENX71\VALUE_K32\attempt01\RESULT.json,,5936,18085,107352560,34871711,17125623,17019916,16808660,D:\HEST1000BenchRun\COUNT-HEST-SHARED-K32-001\main\TENX71\VALUE_K32\attempt01\archive.cnt,0e267d088de80f32f907885a16b8e9ef3c4a8ede78b7d9e2f45494a8f643fc5c,True,True,26,105707,0.6172446981928774,1.2525950009948528,3.856113627461526,1.268337969769887,3.9045783557910307,285137111,858820480,418484280,"{""values"": {""shape"": [34871711], ""dtype"": ""<i8"", ""nbytes"": 278973688}, ""indices"": {""shape"": [34871711], ""dtype"": ""<i4"", ""nbytes"": 139486844}, ""indptr"": {""shape"": [5937], ""dtype"": ""<i4"", ""nbytes"": 23748}}",1,33.63999999999942,13.375,1388556288,0.05969028703527827,0.019817780777654486,0.04067038312645818
TENX73,Visium,Homo sapiens,Brain,success,32,E:\Hestdata\st\TENX73.h5ad,06d0383f9ca0056045bbe88043f44f52731a8a5041a7cf1a2a9bf5872bbbbbce,D:\HEST1000BenchRun\COUNT-HEST-SHARED-K32-001\main\TENX73\VALUE_K32\attempt01\RESULT.json,,10878,18085,196728630,52263221,27059047,26975754,26664079,D:\HEST1000BenchRun\COUNT-HEST-SHARED-K32-001\main\TENX73\VALUE_K32\attempt01\archive.cnt,6b2c61ab0b5baf848c1c95797615c13e1c56146cfc66e9c4da14efb7f9024ad9,True,True,24,83293,0.3078194143348803,1.0842988740378052,4.081505653851683,1.0969731858550533,4.129214156165385,425114911,1573829040,627202168,"{""values"": {""shape"": [52263221], ""dtype"": ""<i8"", ""nbytes"": 418105768}, ""indices"": {""shape"": [52263221], ""dtype"": ""<i4"", ""nbytes"": 209052884}, ""indptr"": {""shape"": [10879], ""dtype"": ""<i4"", ""nbytes"": 43516}}",1,53.15699999999924,18.875,2201432064,0.06345520540915583,0.017140206028985208,0.043009663193638706
TENX74,Visium,Mus musculus,Lung/Brain,success,32,E:\Hestdata\st\TENX74.h5ad,eea92c101b9b8aaa1b63d30b4da2e7a3412fd54c6896f4fe858dc0ff7d1ca8b0,D:\HEST1000BenchRun\COUNT-HEST-SHARED-K32-001\main\TENX74\VALUE_K32\attempt01\RESULT.json,,4679,19465,91076735,38456794,19580085,19527566,19332286,D:\HEST1000BenchRun\COUNT-HEST-SHARED-K32-001\main\TENX74\VALUE_K32\attempt01\archive.cnt,9322faf6d6e25aa6ec662e0f41eb5c4b386bc6b44a7eef1c2201d90adfda9fa2,True,True,28,52519,0.2682266190366385,1.698109709356621,4.021611577917805,1.715262717751136,4.062234829039571,314155907,728613880,461500248,"{""values"": {""shape"": [38456794], ""dtype"": ""<i8"", ""nbytes"": 307654352}, ""indices"": {""shape"": [38456794], ""dtype"": ""<i4"", ""nbytes"": 153827176}, ""indptr"": {""shape"": [4680], ""dtype"": ""<i4"", ""nbytes"": 18720}}",1,37.71900000000096,14.781000000000859,1617719296,0.062158837586332574,0.0268009799648615,0.042313229699499535
TENX75,Visium,Mus musculus,Kidney/Brain,success,32,E:\Hestdata\st\TENX75.h5ad,3f56c58a9e939d0ff3fa2e70f71f576c149321b934578f7ae4411c83a0d92a91,D:\HEST1000BenchRun\COUNT-HEST-SHARED-K32-001\main\TENX75\VALUE_K32\attempt01\RESULT.json,,2805,19465,54599325,24191577,13032853,12987920,12829506,D:\HEST1000BenchRun\COUNT-HEST-SHARED-K32-001\main\TENX75\VALUE_K32\attempt01\archive.cnt,1aac62300bd3ef90a6f2b6d7690716807dc00eb9c8d9c76d3de2aeddc1d3df71,True,True,30,44933,0.34476718182887506,1.8798043382404452,4.242635690926639,1.9030154676820639,4.295022188921376,199634707,436794600,290310148,"{""values"": {""shape"": [24191577], ""dtype"": ""<i8"", ""nbytes"": 193532616}, ""indices"": {""shape"": [24191577], ""dtype"": ""<i4"", ""nbytes"": 96766308}, ""indptr"": {""shape"": [2806], ""dtype"": ""<i4"", ""nbytes"": 11224}}",1,24.70299999999952,9.609000000000378,1026703360,0.06505842693976054,0.029734616682532248,0.04473808473274589
TENX76,Visium,Mus musculus,Lung/Brain,success,32,E:\Hestdata\st\TENX76.h5ad,fdae24855e5e96b6ca11c2cd1595af9e0a2f3590e0fc7f73fd816284de522130,D:\HEST1000BenchRun\COUNT-HEST-SHARED-K32-001\main\TENX76\VALUE_K32\attempt01\RESULT.json,,4049,19465,78813785,23533912,11923710,11887761,11705921,D:\HEST1000BenchRun\COUNT-HEST-SHARED-K32-001\main\TENX76\VALUE_K32\attempt01\archive.cnt,47cc09fa8fe38c12ba64125ffed869cba97faa44e526a11739dacd1439ddc7e5,True,True,25,35949,0.3014917336969785,1.188210514188603,3.979252068249427,1.2066681989705228,4.041065845746343,194577755,630510280,282423144,"{""values"": {""shape"": [23533912], ""dtype"": ""<i8"", ""nbytes"": 188271296}, ""indices"": {""shape"": [23533912], ""dtype"": ""<i4"", ""nbytes"": 94135648}, ""indptr"": {""shape"": [4050], ""dtype"": ""<i4"", ""nbytes"": 16200}}",1,23.438000000000102,9.593999999999141,986914816,0.06109516989750447,0.01885419060891442,0.04209202132527779
TENX77,Visium,Mus musculus,Brain,success,32,E:\Hestdata\st\TENX77.h5ad,1697167c37690498aa9de1bbeb76fda72e010f1ddd20b516ac7779326dcece77,D:\HEST1000BenchRun\COUNT-HEST-SHARED-K32-001\main\TENX77\VALUE_K32\attempt01\RESULT.json,,5123,19465,99719195,39648901,20286500,20218945,20016572,D:\HEST1000BenchRun\COUNT-HEST-SHARED-K32-001\main\TENX77\VALUE_K32\attempt01\archive.cnt,8732948f7fa170c86b9f80bf86d881ffe1d356083ab3cf5ea54aaf1e5d316848,True,True,26,67555,0.33300470756414363,1.6058350250420694,4.038764554911623,1.622070454940997,4.079597565642488,323114035,797753560,475807308,"{""values"": {""shape"": [39648901], ""dtype"": ""<i8"", ""nbytes"": 317191208}, ""indices"": {""shape"": [39648901], ""dtype"": ""<i4"", ""nbytes"": 158595604}, ""indptr"": {""shape"": [5124], ""dtype"": ""<i4"", ""nbytes"": 20496}}",1,38.20299999999952,15.406000000000859,1665990656,0.06257526077441979,0.025344850858453078,0.04249397741490763
TENX78,Visium,Mus musculus,Brain,success,32,E:\Hestdata\st\TENX78.h5ad,14e75caa2a61338656d0f9675b0a5474b6086a2cc9bca48f0a802b3280b2d040,D:\HEST1000BenchRun\COUNT-HEST-SHARED-K32-001\main\TENX78\VALUE_K32\attempt01\RESULT.json,,6963,19465,135534795,44444979,22431707,22364829,22126149,D:\HEST1000BenchRun\COUNT-HEST-SHARED-K32-001\main\TENX78\VALUE_K32\attempt01\archive.cnt,26a063d76b0ffc947b7232e8505b738b8385410167ad23cf7ae4ebcf58f10787,True,True,27,66878,0.29814048480572614,1.306005531642262,3.982658918569857,1.3200937220586049,4.025620801845806,361948691,1084278360,533367604,"{""values"": {""shape"": [44444979], ""dtype"": ""<i8"", ""nbytes"": 355559832}, ""indices"": {""shape"": [44444979], ""dtype"": ""<i4"", ""nbytes"": 177779916}, ""indptr"": {""shape"": [6964], ""dtype"": ""<i4"", ""nbytes"": 27856}}",1,44.6880000000001,17.313000000000102,1588817920,0.061790053552093105,0.0206264644071657,0.041931359970636684
TENX79,Visium,Mus musculus,Brain,success,32,E:\Hestdata\st\TENX79.h5ad,e16829db2bbb97eeb892611bbaf2e66ed60cabaf7851826dc5a172c18d4b9549,D:\HEST1000BenchRun\COUNT-HEST-SHARED-K32-001\main\TENX79\VALUE_K32\attempt01\RESULT.json,,8462,19465,164712830,42238343,20894198,20747281,20478113,D:\HEST1000BenchRun\COUNT-HEST-SHARED-K32-001\main\TENX79\VALUE_K32\attempt01\archive.cnt,b82b011132031f9921eb0d8d491a2d5b9243fb0671c4ff40abf17c56a3e3570d,True,True,23,146917,0.7031473521979642,0.9946092481077521,3.878582642316248,1.0076825709326953,3.9295634300805786,345003427,1317702640,506893968,"{""values"": {""shape"": [42238343], ""dtype"": ""<i8"", ""nbytes"": 337906744}, ""indices"": {""shape"": [42238343], ""dtype"": ""<i4"", ""nbytes"": 168953372}, ""indptr"": {""shape"": [8463], ""dtype"": ""<i4"", ""nbytes"": 33852}}",1,42.3130000000001,15.42200000000048,1830772736,0.06013644902141798,0.015745040170823364,0.04093021876322663
TENX80,Visium,Mus musculus,Brain,success,32,E:\Hestdata\st\TENX80.h5ad,9a731bc74f242189bf4e8239d69445fa0868d1e987739a67a4146e344c60346f,D:\HEST1000BenchRun\COUNT-HEST-SHARED-K32-001\main\TENX80\VALUE_K32\attempt01\RESULT.json,,2702,32285,87234070,16031554,8329921,8282049,8082152,D:\HEST1000BenchRun\COUNT-HEST-SHARED-K32-001\main\TENX80\VALUE_K32\attempt01\archive.cnt,c6fb7f015171df5fe44c0e74d7481cddabbde7013b6709a7ee1eccd1d83b07e1,True,True,30,47872,0.5746993278807806,0.7411922428931723,4.033122178922891,0.759524254686271,4.132873955949623,136025147,697872560,192389460,"{""values"": {""shape"": [16031554], ""dtype"": ""<i8"", ""nbytes"": 128252432}, ""indices"": {""shape"": [16031554], ""dtype"": ""<i4"", ""nbytes"": 64126216}, ""indptr"": {""shape"": [2703], ""dtype"": ""<i4"", ""nbytes"": 10812}}",1,18.98400000000038,7.29700000000048,652423168,0.06088616099786314,0.011867566479472985,0.043048350985547754
TENX81,Visium,Mus musculus,Embryo,success,32,E:\Hestdata\st\TENX81.h5ad,2b4eeeaa5c26629793bd72fd69cf72f5bebb0b3f18f3a24f44a0c047c631e899,D:\HEST1000BenchRun\COUNT-HEST-SHARED-K32-001\main\TENX81\VALUE_K32\attempt01\RESULT.json,,6434,19465,125237810,54340124,28125571,28041943,27811397,D:\HEST1000BenchRun\COUNT-HEST-SHARED-K32-001\main\TENX81\VALUE_K32\attempt01\archive.cnt,36c60e10fb4ad5303045fb82696db43b750d79f55dcfad5002a829fe79cadf38,True,True,30,83628,0.29733796337859236,1.776549557996902,4.094417892752692,1.791276484314122,4.128359074042598,441635547,1001902480,652107228,"{""values"": {""shape"": [54340124], ""dtype"": ""<i8"", ""nbytes"": 434720992}, ""indices"": {""shape"": [54340124], ""dtype"": ""<i4"", ""nbytes"": 217360496}, ""indptr"": {""shape"": [6435], ""dtype"": ""<i4"", ""nbytes"": 25740}}",1,52.0,19.32799999999952,2012954624,0.06349566557874926,0.027988695067408156,0.04300204290942164
TENX82,Visium,Mus musculus,Brain,success,32,E:\Hestdata\st\TENX82.h5ad,29944de265907fe9ac8d7fea57203a34020069719f33df1645ad138a59a0173d,D:\HEST1000BenchRun\COUNT-HEST-SHARED-K32-001\main\TENX82\VALUE_K32\attempt01\RESULT.json,,8470,19465,164868550,42267050,20909660,20763003,20493529,D:\HEST1000BenchRun\COUNT-HEST-SHARED-K32-001\main\TENX82\VALUE_K32\attempt01\archive.cnt,79a8e879d23e099f4374b617c45b10da67b9026b2e8690ce3964d6f8f3bbc644,True,True,23,146657,0.7013839536367401,0.9944178680530641,3.878866209020975,1.0074936911860994,3.92987028903129,345233923,1318948400,507238484,"{""values"": {""shape"": [42267050], ""dtype"": ""<i8"", ""nbytes"": 338136400}, ""indices"": {""shape"": [42267050], ""dtype"": ""<i4"", ""nbytes"": 169068200}, ""indptr"": {""shape"": [8471], ""dtype"": ""<i4"", ""nbytes"": 33884}}",1,42.125,15.110000000000582,1776136192,0.06014183895827641,0.015742088924782804,0.04093341427146131
TENX83,Visium,Mus musculus,Brain,success,32,E:\Hestdata\st\TENX83.h5ad,84d975e86b15def4cc0f7f557616d97f335458363a4b890c1cab8878579f1b03,D:\HEST1000BenchRun\COUNT-HEST-SHARED-K32-001\main\TENX83\VALUE_K32\attempt01\RESULT.json,,6965,19465,135573725,44452167,22435003,22368259,22129388,D:\HEST1000BenchRun\COUNT-HEST-SHARED-K32-001\main\TENX83\VALUE_K32\attempt01\archive.cnt,dc106272db2e2c6044f82a6f7b2e87888c844e50425985f413e6fb5eba3d8750,True,True,27,66744,0.2974994030533448,1.305821640587068,3.982597833756901,1.319917056199496,4.025587144041819,362014515,1084589800,533453868,"{""values"": {""shape"": [44452167], ""dtype"": ""<i8"", ""nbytes"": 355617336}, ""indices"": {""shape"": [44452167], ""dtype"": ""<i4"", ""nbytes"": 177808668}, ""indptr"": {""shape"": [6966], ""dtype"": ""<i4"", ""nbytes"": 27864}}",1,43.21800000000076,16.375,1752276992,0.06178829321249729,0.020623704003117124,0.041931009112113136
TENX84,Visium,Mus musculus,Brain,success,32,E:\Hestdata\st\TENX84.h5ad,7ab66cc6e2b5f5689c217bfbee5239f2c792a863d516d37a286022266a81df53,D:\HEST1000BenchRun\COUNT-HEST-SHARED-K32-001\main\TENX84\VALUE_K32\attempt01\RESULT.json,,5134,19465,99933310,39702068,20315428,20247970,20045299,D:\HEST1000BenchRun\COUNT-HEST-SHARED-K32-001\main\TENX84\VALUE_K32\attempt01\archive.cnt,b968098c8675a9450dc1f4ae1cdaafe0f2576c5cbd9dfc6fa7dde34ea776dda8,True,True,26,67458,0.33205305839483173,1.604694090488947,4.039144560429446,1.6209185906080765,4.079982936908979,323541563,799466480,476445356,"{""values"": {""shape"": [39702068], ""dtype"": ""<i8"", ""nbytes"": 317616544}, ""indices"": {""shape"": [39702068], ""dtype"": ""<i4"", ""nbytes"": 158808272}, ""indptr"": {""shape"": [5135], ""dtype"": ""<i4"", ""nbytes"": 20540}}",1,40.21899999999914,14.313000000000102,1713909760,0.06258228405727273,0.025326852978251196,0.04249799005281941
TENX85,Visium,Mus musculus,Brain,success,32,E:\Hestdata\st\TENX85.h5ad,09f1d90401c4c780bdc489c2ddcea2b85e2bc725fc7baf70757443fe1978a4ea,D:\HEST1000BenchRun\COUNT-HEST-SHARED-K32-001\main\TENX85\VALUE_K32\attempt01\RESULT.json,,5324,19465,103631660,31237434,15680980,15600709,15396173,D:\HEST1000BenchRun\COUNT-HEST-SHARED-K32-001\main\TENX85\VALUE_K32\attempt01\archive.cnt,0648cbd93f8b5b08756b751d6463a1b8d1d83f513ad7e27126b69ed5499b4024,True,True,25,80271,0.5119004041839221,1.1885304548822242,3.94300581795547,1.2043199153617727,3.9953880974986613,255459283,829053280,374870508,"{""values"": {""shape"": [31237434], ""dtype"": ""<i8"", ""nbytes"": 249899472}, ""indices"": {""shape"": [31237434], ""dtype"": ""<i4"", ""nbytes"": 124949736}, ""indptr"": {""shape"": [5325], ""dtype"": ""<i4"", ""nbytes"": 21300}}",1,30.64100000000144,11.32799999999952,1337896960,0.06106925854011733,0.0188174986775277,0.04161626126107525
TENX86,Visium,Mus musculus,Brain,success,32,E:\Hestdata\st\TENX86.h5ad,7a666cc127d03a8c07e65f42ef40a0787908e2da9388241cfd0800d7b91592cf,D:\HEST1000BenchRun\COUNT-HEST-SHARED-K32-001\main\TENX86\VALUE_K32\attempt01\RESULT.json,,5254,19465,102269110,32352848,15923261,15825875,15622841,D:\HEST1000BenchRun\COUNT-HEST-SHARED-K32-001\main\TENX86\VALUE_K32\attempt01\archive.cnt,6892f5aff627c61d45a0634cc70849d88a3901bfdf952c59a161a1f66a84a13e,True,True,25,97386,0.6115958282665843,1.2220965646420507,3.863113627585429,1.2379788970491676,3.9133185430846766,264402763,818152880,388255196,"{""values"": {""shape"": [32352848], ""dtype"": ""<i8"", ""nbytes"": 258822784}, ""indices"": {""shape"": [32352848], ""dtype"": ""<i4"", ""nbytes"": 129411392}, ""indptr"": {""shape"": [5255], ""dtype"": ""<i4"", ""nbytes"": 21020}}",1,31.76599999999962,11.953000000001339,1343561728,0.059855180106419686,0.019343420266393244,0.04076152788950698
TENX87,Visium,Mus musculus,Brain,success,32,E:\Hestdata\st\TENX87.h5ad,b13fb2c21a2f14e249fafc5d8ee879bb5c6367f8185e8f8f0ff1c6ec592a5a5e,D:\HEST1000BenchRun\COUNT-HEST-SHARED-K32-001\main\TENX87\VALUE_K32\attempt01\RESULT.json,,5221,19465,101626765,23830585,12135125,12066497,11867094,D:\HEST1000BenchRun\COUNT-HEST-SHARED-K32-001\main\TENX87\VALUE_K32\attempt01\archive.cnt,dd7111bfa1a0f7bda9748fa171207ef0e56f082a85d0730b082b981bfa43684a,True,True,24,68628,0.5655318754442167,0.9341707570835301,3.983819616681672,0.9498676455951343,4.050759811393635,196126475,813014120,285987908,"{""values"": {""shape"": [23830585], ""dtype"": ""<i8"", ""nbytes"": 190644680}, ""indices"": {""shape"": [23830585], ""dtype"": ""<i4"", ""nbytes"": 95322340}, ""indptr"": {""shape"": [5222], ""dtype"": ""<i4"", ""nbytes"": 20888}}",1,23.73400000000038,8.96900000000096,1084207104,0.061524059921028,0.014841681962423973,0.042192332831078996
TENX88,Visium,Mus musculus,Brain,success,32,E:\Hestdata\st\TENX88.h5ad,5a2c89c1b4717bec21dfae5e161100d307d4ea480bf02db49d4915ecd4554020,D:\HEST1000BenchRun\COUNT-HEST-SHARED-K32-001\main\TENX88\VALUE_K32\attempt01\RESULT.json,,5303,19465,103222895,28998733,14588910,14525692,14321129,D:\HEST1000BenchRun\COUNT-HEST-SHARED-K32-001\main\TENX88\VALUE_K32\attempt01\archive.cnt,bf4be0050e218df34c66bb3caef5afdd0a3ac3d1cc821187114cc5a64db2b70d,True,True,25,63218,0.43332915207510364,1.1099188024129725,3.950828886213753,1.1257728820723347,4.007262524193729,237521627,825783160,348006012,"{""values"": {""shape"": [28998733], ""dtype"": ""<i8"", ""nbytes"": 231989864}, ""indices"": {""shape"": [28998733], ""dtype"": ""<i4"", ""nbytes"": 115994932}, ""indptr"": {""shape"": [5304], ""dtype"": ""<i4"", ""nbytes"": 21216}}",1,28.436999999999898,10.531000000000859,1153052672,0.06115523956056431,0.01759020128238023,0.04173977316230962
TENX89,Visium,Homo sapiens,Bowel,success,32,E:\Hestdata\st\TENX89.h5ad,a640d0a9f433b9f12e18a4db795f7f2a614d0f8bf99d8e7281eb84eec9f00262,D:\HEST1000BenchRun\COUNT-HEST-SHARED-K32-001\main\TENX89\VALUE_K32\attempt01\RESULT.json,,6414,18085,115997190,19069678,10528676,10481698,10262110,D:\HEST1000BenchRun\COUNT-HEST-SHARED-K32-001\main\TENX89\VALUE_K32\attempt01\archive.cnt,f554ee505a18c1052df439d34a9e657db132f8d916c897d0eff917a3d85ea9a8,True,True,24,46978,0.44619095506405554,0.707748868744148,4.305100484654225,0.7228932356033797,4.397220760623226,158219823,927977520,228861796,"{""values"": {""shape"": [19069678], ""dtype"": ""<i8"", ""nbytes"": 152557424}, ""indices"": {""shape"": [19069678], ""dtype"": ""<i4"", ""nbytes"": 76278712}, ""indptr"": {""shape"": [6415], ""dtype"": ""<i4"", ""nbytes"": 25660}}",1,22.781999999999243,8.671000000000276,636170240,0.06624769135280856,0.011295206806302808,0.045799247332656605
TENX90,Visium,Homo sapiens,Bowel,success,32,E:\Hestdata\st\TENX90.h5ad,333d2318be05bb946970ba31c0463442aefe195e2fd5eadfbd3390927bf72b0d,D:\HEST1000BenchRun\COUNT-HEST-SHARED-K32-001\main\TENX90\VALUE_K32\attempt01\RESULT.json,,6487,18085,117317395,21625321,11826539,11784616,11563312,D:\HEST1000BenchRun\COUNT-HEST-SHARED-K32-001\main\TENX90\VALUE_K32\attempt01\archive.cnt,8dcf459ff02f3839ec090f9d73a2eff263558d2bcc13b9e604ba8dbf08e5c787,True,True,24,41923,0.3544824060530304,0.7885147466835587,4.277693542676199,0.8036057057011878,4.359562015287542,178785271,938539160,259529804,"{""values"": {""shape"": [21625321], ""dtype"": ""<i8"", ""nbytes"": 173002568}, ""indices"": {""shape"": [21625321], ""dtype"": ""<i4"", ""nbytes"": 86501284}, ""indptr"": {""shape"": [6488], ""dtype"": ""<i4"", ""nbytes"": 25952}}",1,22.796000000000276,8.015999999999622,959373312,0.06591491532879126,0.01255633915158106,0.04540756328702811
TENX91,Visium,Homo sapiens,Bowel,success,32,E:\Hestdata\st\TENX91.h5ad,ff007214810d47b8af01acf001647e2bdde9968fc873fdac734dd2edfddd59ff,D:\HEST1000BenchRun\COUNT-HEST-SHARED-K32-001\main\TENX91\VALUE_K32\attempt01\RESULT.json,,6352,18085,114875920,22186079,11943431,11904499,11684897,D:\HEST1000BenchRun\COUNT-HEST-SHARED-K32-001\main\TENX91\VALUE_K32\attempt01\archive.cnt,e72b5ea99af409edbf1a1ef0d053891a6a51f131afeb8e328dc95805840dee16,True,True,28,38932,0.3259699829973481,0.813740390501334,4.213415809075592,0.8290335520272656,4.292601319953833,183165599,919007360,266258360,"{""values"": {""shape"": [22186079], ""dtype"": ""<i8"", ""nbytes"": 177488632}, ""indices"": {""shape"": [22186079], ""dtype"": ""<i4"", ""nbytes"": 88744316}, ""indptr"": {""shape"": [6353], ""dtype"": ""<i4"", ""nbytes"": 25412}}",1,22.938000000000102,8.32799999999952,854147072,0.0649930940361787,0.012953649250426025,0.04471032947096947
TENX92,Visium,Homo sapiens,Bowel,success,32,E:\Hestdata\st\TENX92.h5ad,4963b47963b8840c7027e5b0ee8a444962c8bd181922992db391bef22612693b,D:\HEST1000BenchRun\COUNT-HEST-SHARED-K32-001\main\TENX92\VALUE_K32\attempt01\RESULT.json,,6518,18085,117878030,18122088,9973279,9933495,9711947,D:\HEST1000BenchRun\COUNT-HEST-SHARED-K32-001\main\TENX92\VALUE_K32\attempt01\archive.cnt,082cc7b407bd1a74f39fc29c9999dfc9e255fb9fc76d25d5beefadb052c402dd,True,True,26,39784,0.39890591649947826,0.6591183785477243,4.287341282086259,0.6741541235461773,4.385143698673133,150809783,943024240,217491132,"{""values"": {""shape"": [18122088], ""dtype"": ""<i8"", ""nbytes"": 144976704}, ""indices"": {""shape"": [18122088], ""dtype"": ""<i4"", ""nbytes"": 72488352}, ""indptr"": {""shape"": [6519], ""dtype"": ""<i4"", ""nbytes"": 26076}}",1,22.04699999999866,7.92200000000048,722538496,0.06586770965647501,0.01053365818040902,0.045673103581988804
TENX94,Xenium,Homo sapiens,Breast,success,32,E:\Hestdata\st\TENX94.h5ad,2e022c099b35f01ab5a640c61cfe5827eee5a1c488dc232361a223a1624919b1,D:\HEST1000BenchRun\COUNT-HEST-SHARED-K32-001\main\TENX94\VALUE_K32\attempt01\RESULT.json,,9152,541,4951232,1467108,1104015,1099238,994712,D:\HEST1000BenchRun\COUNT-HEST-SHARED-K32-001\main\TENX94\VALUE_K32\attempt01\archive.cnt,b11774049daea878a5120b0cfc09471e1f858e99bc798bbd67a03df87d1aa67f,True,True,28,4777,0.43269339637595505,1.6072153354962966,5.424069666309501,1.7761042100228792,5.994039975243813,14170056,39609856,17641908,"{""values"": {""shape"": [1467108], ""dtype"": ""<i8"", ""nbytes"": 11736864}, ""indices"": {""shape"": [1467108], ""dtype"": ""<i4"", ""nbytes"": 5868432}, ""indptr"": {""shape"": [9153], ""dtype"": ""<i4"", ""nbytes"": 36612}}",1,4.483999999998559,1.3279999999995198,184074240,0.07757471106677348,0.027751628281607488,0.06230833989158089
TENX95,Xenium,Homo sapiens,Breast,success,32,E:\Hestdata\st\TENX95.h5ad,6a5f7eceaa4f7efb4180162b117679cfedc7333cd3c81c4c6b0191ae1d65c1a6,D:\HEST1000BenchRun\COUNT-HEST-SHARED-K32-001\main\TENX95\VALUE_K32\attempt01\RESULT.json,,11845,541,6408145,2292200,1769121,1759147,1630904,D:\HEST1000BenchRun\COUNT-HEST-SHARED-K32-001\main\TENX95\VALUE_K32\attempt01\archive.cnt,c6d74e50167c7eaf61f07516fbf22a27ff56d5405c341118e13461f14341a5b9,True,True,28,9974,0.5637828051331707,2.0360388224673445,5.6920129133583455,2.196138820204599,6.139593403716953,17695351,51265160,27553784,"{""values"": {""shape"": [2292200], ""dtype"": ""<i8"", ""nbytes"": 18337600}, ""indices"": {""shape"": [2292200], ""dtype"": ""<i4"", ""nbytes"": 9168800}, ""indptr"": {""shape"": [11846], ""dtype"": ""<i4"", ""nbytes"": 47384}}",1,5.92200000000048,1.5780000000013388,201715712,0.09941294750242592,0.03431466906569686,0.06384411665562886
TENX96,Xenium,Homo sapiens,Breast,success,32,E:\Hestdata\st\TENX96.h5ad,42851a9332b875dcad2bda50de61a56ff8460c9379b8808736ae500fec50a544,D:\HEST1000BenchRun\COUNT-HEST-SHARED-K32-001\main\TENX96\VALUE_K32\attempt01\RESULT.json,,7233,541,3913053,1883166,1334554,1329804,1239764,D:\HEST1000BenchRun\COUNT-HEST-SHARED-K32-001\main\TENX96\VALUE_K32\attempt01\archive.cnt,b8c2eec1ffda50739d4d38115b67e7e7f29f222cbf4ebafcca604b6008630da7,True,True,28,4750,0.3559241514393573,2.5346224546409157,5.266722105220676,2.7187037844874578,5.64922688706147,11970984,31304424,22626928,"{""values"": {""shape"": [1883166], ""dtype"": ""<i8"", ""nbytes"": 15065328}, ""indices"": {""shape"": [1883166], ""dtype"": ""<i4"", ""nbytes"": 7532664}, ""indptr"": {""shape"": [7234], ""dtype"": ""<i4"", ""nbytes"": 28936}}",1,4.468999999999141,1.4220000000004802,188821504,0.11108560499287276,0.04247974663261653,0.05877085921694717
TENX97,Xenium,Homo sapiens,Breast,success,32,E:\Hestdata\st\TENX97.h5ad,b23d8853248c5661fe19c25919d9c80f96129a344bdf73970dd69c87adce99e7,D:\HEST1000BenchRun\COUNT-HEST-SHARED-K32-001\main\TENX97\VALUE_K32\attempt01\RESULT.json,,11845,541,6408145,2856304,2153083,2139884,2002347,D:\HEST1000BenchRun\COUNT-HEST-SHARED-K32-001\main\TENX97\VALUE_K32\attempt01\archive.cnt,a6e60186c796764da22c7d981fd89158c0ea8a6113eee9681dfe51d177541158,True,True,27,13199,0.613027923215222,2.4997524244535665,5.60821817285555,2.6714551558992503,5.993434872478559,17301914,51265160,34323032,"{""values"": {""shape"": [2856304], ""dtype"": ""<i8"", ""nbytes"": 22850432}, ""indices"": {""shape"": [2856304], ""dtype"": ""<i4"", ""nbytes"": 11425216}, ""indptr"": {""shape"": [11846], ""dtype"": ""<i4"", ""nbytes"": 47384}}",1,6.625,1.7340000000003783,214343680,0.1236790334294807,0.041741486810925786,0.062345424495132015
TENX98,Xenium,Homo sapiens,Breast,success,32,E:\Hestdata\st\TENX98.h5ad,8d6ac88c8990f20d6d69929a44e3ae32d17bc38fcc33f386f9791de50e053420,D:\HEST1000BenchRun\COUNT-HEST-SHARED-K32-001\main\TENX98\VALUE_K32\attempt01\RESULT.json,,26070,541,14103870,4773567,3588199,3570968,3268367,D:\HEST1000BenchRun\COUNT-HEST-SHARED-K32-001\main\TENX98\VALUE_K32\attempt01\archive.cnt,8aa87bdd9419ff0e92e229341e8f1433039fa2406b87aa4e8a655a838440a92c,True,True,25,17231,0.4802130539582671,1.853883792179026,5.477441921313768,2.0255251927307896,5.98456961010498,33433428,112830960,57387088,"{""values"": {""shape"": [4773567], ""dtype"": ""<i8"", ""nbytes"": 38188536}, ""indices"": {""shape"": [4773567], ""dtype"": ""<i4"", ""nbytes"": 19094268}, ""indptr"": {""shape"": [26071], ""dtype"": ""<i4"", ""nbytes"": 104284}}",1,16.60900000000038,2.5319999999992433,304574464,0.10680831172920707,0.03164883113641859,0.062225983656811444
TENX99,Xenium,Homo sapiens,Breast,success,32,E:\Hestdata\st\TENX99.h5ad,170af9017b038f8544a44ae669696bdd8e195b381b154be5ce655a7bf681acdf,D:\HEST1000BenchRun\COUNT-HEST-SHARED-K32-001\main\TENX99\VALUE_K32\attempt01\RESULT.json,,23060,541,12475460,4859970,3582198,3563154,3310415,D:\HEST1000BenchRun\COUNT-HEST-SHARED-K32-001\main\TENX99\VALUE_K32\attempt01\archive.cnt,2a9ad0553a89b1fe1c602baab47e18a62726d65fad6203e65337d7ef06cceae6,True,True,25,19044,0.5316289049349031,2.1228331460322907,5.449276435862773,2.2849042840905267,5.865310279693085,30742777,99803680,58411884,"{""values"": {""shape"": [4859970], ""dtype"": ""<i8"", ""nbytes"": 38879760}, ""indices"": {""shape"": [4859970], ""dtype"": ""<i4"", ""nbytes"": 19439880}, ""indptr"": {""shape"": [23061], ""dtype"": ""<i4"", ""nbytes"": 92244}}",1,15.140999999999622,2.5309999999990396,284446720,0.11590215158506989,0.03570162943891448,0.06100049777541844
ZEN36,Visium,Homo sapiens,Bowel,success,32,E:\Hestdata\st\ZEN36.h5ad,27c444b5c1c9150aec3c7f5609bbb0ce24c9d8da8e4ea54ec4e45a92b4ea616e,D:\HEST1000BenchRun\COUNT-HEST-SHARED-K32-001\main\ZEN36\VALUE_K32\attempt01\RESULT.json,,1691,36601,61892291,8769683,4557850,4526795,4307532,D:\HEST1000BenchRun\COUNT-HEST-SHARED-K32-001\main\ZEN36\VALUE_K32\attempt01\archive.cnt,5a96a8eb1d0707839228f04f844c857a44da903d3d1042be2818a7fbe51c8ddc,True,True,25,31055,0.6813519532235593,0.5567778384548732,3.929475672039685,0.5851190740378313,4.1294947605289725,78198779,495138328,105242964,"{""values"": {""shape"": [8769683], ""dtype"": ""<i8"", ""nbytes"": 70157464}, ""indices"": {""shape"": [8769683], ""dtype"": ""<i4"", ""nbytes"": 35078732}, ""indptr"": {""shape"": [1692], ""dtype"": ""<i4"", ""nbytes"": 6768}}",1,11.5,4.17200000000048,413749248,0.05788830794915609,0.009142485531841113,0.04301280416237612
ZEN37,Visium,Homo sapiens,Bowel,success,32,E:\Hestdata\st\ZEN37.h5ad,da4edd7aac200562b0092d372b0dfb6d13d2a325ee644d5ac49121e7c061bab6,D:\HEST1000BenchRun\COUNT-HEST-SHARED-K32-001\main\ZEN37\VALUE_K32\attempt01\RESULT.json,,1656,36601,60611256,4954629,2940043,2936001,2720044,D:\HEST1000BenchRun\COUNT-HEST-SHARED-K32-001\main\ZEN37\VALUE_K32\attempt01\archive.cnt,3f2b2511bc5b43c66062e2f08b6b316437141c653c9dd8cd1a5e4c0d40786dbf,True,True,27,4042,0.1374809824210054,0.3590150317954144,4.39192359306822,0.3875189123287595,4.74061892424236,47669927,484890048,59462176,"{""values"": {""shape"": [4954629], ""dtype"": ""<i8"", ""nbytes"": 39637032}, ""indices"": {""shape"": [4954629], ""dtype"": ""<i4"", ""nbytes"": 19818516}, ""indptr"": {""shape"": [1657], ""dtype"": ""<i4"", ""nbytes"": 6628}}",1,7.561999999999898,2.938000000000102,253886464,0.06159021388893673,0.006054983005136867,0.04937594278419949
ZEN38,Visium,Homo sapiens,Bowel,success,32,E:\Hestdata\st\ZEN38.h5ad,cb92db878d2173758cb357587171759c22227194e4600149920c4dd7eb00af49,D:\HEST1000BenchRun\COUNT-HEST-SHARED-K32-001\main\ZEN38\VALUE_K32\attempt01\RESULT.json,,387,36601,14164587,1577391,965110,964620,790439,D:\HEST1000BenchRun\COUNT-HEST-SHARED-K32-001\main\ZEN38\VALUE_K32\attempt01\archive.cnt,d7f90d648ce944b363f26581b0d6035e464cc9b4c44d9f9c90febcd6f731da45,True,True,25,490,0.05077141465739657,0.44643108902504536,4.008842449335644,0.5448065658391593,4.892230271378498,20383179,113316696,18930244,"{""values"": {""shape"": [1577391], ""dtype"": ""<i8"", ""nbytes"": 12619128}, ""indices"": {""shape"": [1577391], ""dtype"": ""<i4"", ""nbytes"": 6309564}, ""indptr"": {""shape"": [388], ""dtype"": ""<i4"", ""nbytes"": 1552}}",1,3.563000000000102,1.7340000000003783,204062720,0.04732431579980728,0.008512602591236864,0.05095655396729171
ZEN39,Visium,Homo sapiens,Bowel,success,32,E:\Hestdata\st\ZEN39.h5ad,c7a75fb87166f7b479748e7f99a770cfaf6ea4223c0392413d228dad288db1dd,D:\HEST1000BenchRun\COUNT-HEST-SHARED-K32-001\main\ZEN39\VALUE_K32\attempt01\RESULT.json,,1219,36601,44616619,1652236,1163452,1163161,971158,D:\HEST1000BenchRun\COUNT-HEST-SHARED-K32-001\main\ZEN39\VALUE_K32\attempt01\archive.cnt,236df7555831eda9c0b39338d159cdcaa1733de1744e28171acc65a63bc8de47,True,True,20,291,0.025011775303149592,0.17413385805858575,4.702272556704974,0.2085610296916492,5.631936357760029,21139163,356932952,19831712,"{""values"": {""shape"": [1652236], ""dtype"": ""<i8"", ""nbytes"": 13217888}, ""indices"": {""shape"": [1652236], ""dtype"": ""<i4"", ""nbytes"": 6608944}, ""indptr"": {""shape"": [1220], ""dtype"": ""<i4"", ""nbytes"": 4880}}",1,3.9689999999991414,1.4219999999986612,208166912,0.05502398557596628,0.0032587660889320186,0.058651567751689816
ZEN40,Visium,Homo sapiens,Bowel,success,32,E:\Hestdata\st\ZEN40.h5ad,88d6272559c0074b6ea508777a067ee6629b935ce8b3baa5450036b9eb26e143,D:\HEST1000BenchRun\COUNT-HEST-SHARED-K32-001\main\ZEN40\VALUE_K32\attempt01\RESULT.json,,2128,36601,77886928,6767642,3858862,3843648,3615857,D:\HEST1000BenchRun\COUNT-HEST-SHARED-K32-001\main\ZEN40\VALUE_K32\attempt01\archive.cnt,b71fd5aa3cd669720ed4ac8eb03bfc117a2dd818c526037892a89602e98ccfe4,True,True,23,15214,0.3942613133094679,0.37139551838531876,4.2742887404505145,0.39479261526401455,4.543559484972757,62251879,623095424,81220220,"{""values"": {""shape"": [6767642], ""dtype"": ""<i8"", ""nbytes"": 54141136}, ""indices"": {""shape"": [6767642], ""dtype"": ""<i4"", ""nbytes"": 27070568}, ""indptr"": {""shape"": [2129], ""dtype"": ""<i4"", ""nbytes"": 8516}}",1,9.593999999999141,3.54700000000048,364638208,0.061743485686592686,0.006168634613500227,0.047323782181333665
ZEN41,Visium,Homo sapiens,Bowel,success,32,E:\Hestdata\st\ZEN41.h5ad,eda19ca8e23d7fa17e6c8e01b19aea3c69b38dc60fef66404dfec0c7885e2acf,D:\HEST1000BenchRun\COUNT-HEST-SHARED-K32-001\main\ZEN41\VALUE_K32\attempt01\RESULT.json,,1685,36601,61672685,4484365,2733133,2732864,2516064,D:\HEST1000BenchRun\COUNT-HEST-SHARED-K32-001\main\ZEN41\VALUE_K32\attempt01\archive.cnt,7ca00006afab8108ed6c78bc89495e119615cacb94fe2c23d50fa13af7e2d2ce,True,True,26,269,0.00984218477476215,0.3263764501253675,4.488598051229104,0.3544991109110946,4.875364070498276,43919227,493381480,53819124,"{""values"": {""shape"": [4484365], ""dtype"": ""<i8"", ""nbytes"": 35874920}, ""indices"": {""shape"": [4484365], ""dtype"": ""<i4"", ""nbytes"": 17937460}, ""indptr"": {""shape"": [1686], ""dtype"": ""<i4"", ""nbytes"": 6744}}",1,7.061999999999898,2.7810000000008586,246132736,0.06222477458448893,0.005539048607985853,0.05077867859759293
ZEN42,Visium,Homo sapiens,Bowel,success,32,E:\Hestdata\st\ZEN42.h5ad,e0c2d4becd8f83c8d7606a9c8d05cd90c4d370ee8f1387c3eba664620b94dc03,D:\HEST1000BenchRun\COUNT-HEST-SHARED-K32-001\main\ZEN42\VALUE_K32\attempt01\RESULT.json,,1192,36601,43628392,5368178,2950352,2941514,2737546,D:\HEST1000BenchRun\COUNT-HEST-SHARED-K32-001\main\ZEN42\VALUE_K32\attempt01\archive.cnt,9b651a22ce5f7e36d731094096af397cf262727d1837a53bd341072a66212955,True,True,26,8838,0.29955747653161385,0.5019751358243962,4.0796650185593695,0.5393761016908439,4.383631094199932,50887439,349027136,64422908,"{""values"": {""shape"": [5368178], ""dtype"": ""<i8"", ""nbytes"": 42945424}, ""indices"": {""shape"": [5368178], ""dtype"": ""<i4"", ""nbytes"": 21472712}, ""indptr"": {""shape"": [1193], ""dtype"": ""<i4"", ""nbytes"": 4772}}",1,7.781999999999243,2.8280000000013388,287412224,0.057804323774281505,0.008427751588919436,0.04565944151418933
ZEN44,Visium,Homo sapiens,Bowel,success,32,E:\Hestdata\st\ZEN44.h5ad,0923b00c01bbecd19c5df0061bef8664efce3284cd33dcc2a51ce538a2100061,D:\HEST1000BenchRun\COUNT-HEST-SHARED-K32-001\main\ZEN44\VALUE_K32\attempt01\RESULT.json,,1048,36601,38357848,3515548,2002635,1992077,1797260,D:\HEST1000BenchRun\COUNT-HEST-SHARED-K32-001\main\ZEN44\VALUE_K32\attempt01\archive.cnt,f575660b209a4d4cdc88faddd7b9024cd74a016bdaa2b49b9c789780b48fc438,True,True,23,10558,0.5272054068764402,0.3748406323524719,4.089854554681091,0.415472108862833,4.533181171185829,36019455,306862784,42190772,"{""values"": {""shape"": [3515548], ""dtype"": ""<i8"", ""nbytes"": 28124384}, ""indices"": {""shape"": [3515548], ""dtype"": ""<i4"", ""nbytes"": 14062192}, ""indptr"": {""shape"": [1049], ""dtype"": ""<i4"", ""nbytes"": 4196}}",1,6.17200000000048,2.2340000000003783,231403520,0.05530558416278092,0.006491751700981765,0.04721594096453129
ZEN45,Visium,Homo sapiens,Bowel,success,32,E:\Hestdata\st\ZEN45.h5ad,e9e36d0d27410b6df46218a2784af5e5acd4652d5802550eaabf412cea53434a,D:\HEST1000BenchRun\COUNT-HEST-SHARED-K32-001\main\ZEN45\VALUE_K32\attempt01\RESULT.json,,328,36601,12005128,1301178,823397,825882,655059,D:\HEST1000BenchRun\COUNT-HEST-SHARED-K32-001\main\ZEN45\VALUE_K32\attempt01\archive.cnt,cd165c58946b8ab09249a5dd3958b7e085dea6e49f2e4ab9828987aaea654b34,True,True,25,-2485,-0.301798524891395,0.4365194606838011,4.0274827886730336,0.5503528158966735,5.077749546948995,18155419,96041024,15615452,"{""values"": {""shape"": [1301178], ""dtype"": ""<i8"", ""nbytes"": 10409424}, ""indices"": {""shape"": [1301178], ""dtype"": ""<i4"", ""nbytes"": 5204712}, ""indptr"": {""shape"": [329], ""dtype"": ""<i4"", ""nbytes"": 1316}}",1,3.1560000000008586,1.2810000000008586,200421376,0.04548955879233633,0.008599262748385524,0.052888766844533225
ZEN46,Visium,Homo sapiens,Bowel,success,32,E:\Hestdata\st\ZEN46.h5ad,9cb875cc8ea639229a9d1f391c6a2b67a7460cf4e2337030f5cb978134257393,D:\HEST1000BenchRun\COUNT-HEST-SHARED-K32-001\main\ZEN46\VALUE_K32\attempt01\RESULT.json,,1803,36601,65991603,8191790,4317873,4292245,4073286,D:\HEST1000BenchRun\COUNT-HEST-SHARED-K32-001\main\ZEN46\VALUE_K32\attempt01\archive.cnt,6efef2a61b6e4d2580fc69c805be5373fdb173cf51446ce025c4022f8c6bc16a,True,True,25,25628,0.5935329732949534,0.49379446048613185,3.9779203324303967,0.5203383224377804,4.191752962417249,73562963,527932824,98308696,"{""values"": {""shape"": [8191790], ""dtype"": ""<i8"", ""nbytes"": 65534320}, ""indices"": {""shape"": [8191790], ""dtype"": ""<i4"", ""nbytes"": 32767160}, ""indptr"": {""shape"": [1804], ""dtype"": ""<i4"", ""nbytes"": 7216}}",1,10.82799999999952,4.343999999999141,348786688,0.058347908036276354,0.00813028628809032,0.04366088835111799
ZEN47,Visium,Homo sapiens,Bowel,success,32,E:\Hestdata\st\ZEN47.h5ad,0af8141beead7097bb9b37035dcf06fdcd312d76ecd22a6f841e9c3c843df710,D:\HEST1000BenchRun\COUNT-HEST-SHARED-K32-001\main\ZEN47\VALUE_K32\attempt01\RESULT.json,,2317,36601,84804517,9514583,5020008,4987152,4754675,D:\HEST1000BenchRun\COUNT-HEST-SHARED-K32-001\main\ZEN47\VALUE_K32\attempt01\archive.cnt,bc83a0294f960fbf678c2dcc6bc9f133562fd4d4c2d05da31a03a69f7f61c903,True,True,25,32856,0.6545009490024717,0.44853035363670546,3.9978000086814105,0.47046097792173025,4.193270057132299,84289515,678436136,114184268,"{""values"": {""shape"": [9514583], ""dtype"": ""<i8"", ""nbytes"": 76116664}, ""indices"": {""shape"": [9514583], ""dtype"": ""<i4"", ""nbytes"": 38058332}, ""indptr"": {""shape"": [2318], ""dtype"": ""<i4"", ""nbytes"": 9272}}",1,12.42200000000048,7.984000000000378,441180160,0.05916693197249978,0.007350952780027035,0.04367634953004209
ZEN48,Visium,Homo sapiens,Bowel,success,32,E:\Hestdata\st\ZEN48.h5ad,765314244a3631749f66d3a535374314e1112f140b9cea8de0ab76f3b86b7b14,D:\HEST1000BenchRun\COUNT-HEST-SHARED-K32-001\main\ZEN48\VALUE_K32\attempt01\RESULT.json,,2385,36601,87293385,9222233,4922624,4893215,4658979,D:\HEST1000BenchRun\COUNT-HEST-SHARED-K32-001\main\ZEN48\VALUE_K32\attempt01\archive.cnt,5af02cee0cf0b878b126a747a72a99c1c6f640fc8007edf2dfecb8b439863cc0,True,True,24,29409,0.5974252756253575,0.4269720093910896,4.041519228585962,0.44843856152445,4.244711665818897,81965403,698347080,110676340,"{""values"": {""shape"": [9222233], ""dtype"": ""<i8"", ""nbytes"": 73777864}, ""indices"": {""shape"": [9222233], ""dtype"": ""<i4"", ""nbytes"": 36888932}, ""indptr"": {""shape"": [2386], ""dtype"": ""<i4"", ""nbytes"": 9544}}",1,12.078000000001339,7.390999999999622,383475712,0.059698541346767976,0.007006852523819531,0.04421193364363151
ZEN49,Visium,Homo sapiens,Bowel,success,32,E:\Hestdata\st\ZEN49.h5ad,eaf67dc33c2c3ac247ddfc144a45e8e798ac12d8380ced63866e3b42b5ae7a8a,D:\HEST1000BenchRun\COUNT-HEST-SHARED-K32-001\main\ZEN49\VALUE_K32\attempt01\RESULT.json,,2203,36601,80632003,9343162,4893892,4858966,4627708,D:\HEST1000BenchRun\COUNT-HEST-SHARED-K32-001\main\ZEN49\VALUE_K32\attempt01\archive.cnt,1d2f35a38c9046000fc5c10500d075c3f82e88790760b6bf2333ce2960bdfbc1,True,True,25,34926,0.7136651156175903,0.4591435487470155,3.962434130971934,0.48208808604196524,4.16044675239496,82887283,645056024,112126760,"{""values"": {""shape"": [9343162], ""dtype"": ""<i8"", ""nbytes"": 74745296}, ""indices"": {""shape"": [9343162], ""dtype"": ""<i4"", ""nbytes"": 37372648}, ""indptr"": {""shape"": [2204], ""dtype"": ""<i4"", ""nbytes"": 8816}}",1,12.625,4.54700000000048,405270528,0.05862136897405601,0.007532626344405707,0.04333457954193985
ZEN60,Visium,Mus musculus,Brain,success,32,E:\Hestdata\st\ZEN60.h5ad,d55bde75516d7c304dd39b32d85c17a5b19a0ff837d734df1949259bbbcd34f6,D:\HEST1000BenchRun\COUNT-HEST-SHARED-K32-001\main\ZEN60\VALUE_K32\attempt01\RESULT.json,,3541,32285,114321185,13894589,7278993,7224605,6961338,D:\HEST1000BenchRun\COUNT-HEST-SHARED-K32-001\main\ZEN60\VALUE_K32\attempt01\archive.cnt,4bb3f2c094f5ae16ed70724e080b0a4120fd3b37b575df7b0bfd4794975550e3,True,True,26,54388,0.747191266704062,0.48714246620169305,4.008085737548624,0.5055654382868757,4.159665320075319,344261022,914569480,166749236,"{""values"": {""shape"": [13894589], ""dtype"": ""<i8"", ""nbytes"": 111156712}, ""indices"": {""shape"": [13894589], ""dtype"": ""<i4"", ""nbytes"": 55578356}, ""indptr"": {""shape"": [3542], ""dtype"": ""<i4"", ""nbytes"": 14168}}",1,16.51600000000144,5.983999999998559,589291520,0.02098583498657016,0.007899459973232433,0.043326165524380574
ZEN61,Visium,Mus musculus,Brain,success,32,E:\Hestdata\st\ZEN61.h5ad,f266b5d80248714eb23e50bfe811f3e68aeda29cdf93870f5e012a02cf58c8fb,D:\HEST1000BenchRun\COUNT-HEST-SHARED-K32-001\main\ZEN61\VALUE_K32\attempt01\RESULT.json,,3476,32285,112222660,17523358,8724845,8641769,8378374,D:\HEST1000BenchRun\COUNT-HEST-SHARED-K32-001\main\ZEN61\VALUE_K32\attempt01\archive.cnt,6c5413b4871ae72b1c747b94fa760344593d3cb40a0107027b1a762b9fd78f27,True,True,29,83076,0.9521773739246944,0.5972678958064263,3.825008425896452,0.6160444958264222,3.945257067737816,431348169,897781280,210294204,"{""values"": {""shape"": [17523358], ""dtype"": ""<i8"", ""nbytes"": 140186864}, ""indices"": {""shape"": [17523358], ""dtype"": ""<i4"", ""nbytes"": 70093432}, ""indptr"": {""shape"": [3477], ""dtype"": ""<i4"", ""nbytes"": 13908}}",1,19.67199999999866,7.235000000000582,703696896,0.020034324058994673,0.009625695247287847,0.041093709839002505
ZEN65,Visium,Mus musculus,Skin,success,32,E:\Hestdata\st\ZEN65.h5ad,d9f44f6c058a9a3bc4810c2caadfe2dda16c84bf6a9f157b6f93c90402d72ac5,D:\HEST1000BenchRun\COUNT-HEST-SHARED-K32-001\main\ZEN65\VALUE_K32\attempt01\RESULT.json,,932,68886,64201752,402751,560664,564973,279466,D:\HEST1000BenchRun\COUNT-HEST-SHARED-K32-001\main\ZEN65\VALUE_K32\attempt01\archive.cnt,747743cea9c9a18877c4a125a9ba965741f409d0e6e11d4878de62d1036f2766,True,True,27,-4309,-0.7685530014411484,0.03482347335318824,5.551142020752276,0.07039969874965406,11.222278777706325,15192724,513614016,4836744,"{""values"": {""shape"": [402751], ""dtype"": ""<i8"", ""nbytes"": 3222008}, ""indices"": {""shape"": [402751], ""dtype"": ""<i4"", ""nbytes"": 1611004}, ""indptr"": {""shape"": [933], ""dtype"": ""<i4"", ""nbytes"": 3732}}",1,3.4539999999997235,1.0930000000007567,209899520,0.03718707718247235,0.0010999952929633447,0.11680853896753685
