sample_id,arm,kind,width,platform,species,organ,n_obs,n_vars,n_nonzero,total_archive_bytes,support_stream_bytes,support_model_bytes,support_graph_increment_bytes,fixed_value_stream_bytes,fixed_value_model_bytes,fixed_value_graph_bytes,identity_coordinates_bytes,manifest_bytes,zip_framing_bytes,support_nll_bits,archive_sha256,record_path
NCBI180,SPATIAL_M00,spatial,0,Spatial Transcriptomics,Mus musculus,Spinal cord,330,14594,283994,257400,150803,12187,0,28520,6296,2259,54010,2061,1264,1206397.1343855045,3ef093a650a8d45d17c12556871b1908f0363d7d0852a82f8bdc8ea7ff2ffea1,D:\HEST1000BenchRun\COUNT-SUPPORT-PREDECESSOR-50-001\main\NCBI180\SPATIAL_M00\attempt01\RESULT.json
NCBI180,SPATIAL_M02,spatial,2,Spatial Transcriptomics,Mus musculus,Spinal cord,330,14594,283994,257234,150539,12283,0,28520,6296,2259,54010,2063,1264,1204283.7052943227,76173d31e53431bd7136a7da9c68b36208b36fbd72497df133b19d90ad87fd6a,D:\HEST1000BenchRun\COUNT-SUPPORT-PREDECESSOR-50-001\main\NCBI180\SPATIAL_M02\attempt01\RESULT.json
NCBI180,SPATIAL_M04,spatial,4,Spatial Transcriptomics,Mus musculus,Spinal cord,330,14594,283994,257264,150504,12347,0,28520,6296,2259,54010,2064,1264,1204007.270188436,e73c9cef3584ab492d9936e958ef78eb99c2f884eb378105b783d30e331aa9ec,D:\HEST1000BenchRun\COUNT-SUPPORT-PREDECESSOR-50-001\main\NCBI180\SPATIAL_M04\attempt01\RESULT.json
NCBI180,SPATIAL_M06,spatial,6,Spatial Transcriptomics,Mus musculus,Spinal cord,330,14594,283994,257323,150499,12411,0,28520,6296,2259,54010,2064,1264,1203966.4928525914,2d3dc4d0a9f454d87dda07c9adb9028ad5d7fed5d5aadc28d3ada41ac725c67d,D:\HEST1000BenchRun\COUNT-SUPPORT-PREDECESSOR-50-001\main\NCBI180\SPATIAL_M06\attempt01\RESULT.json
NCBI180,SPATIAL_M08,spatial,8,Spatial Transcriptomics,Mus musculus,Spinal cord,330,14594,283994,258582,150539,12475,929,28520,6296,2259,54010,2180,1374,1204285.9024678047,87fa1a99f112d131c2058c77fd6663f22143bb7294d443c56a9857ba59d1e93d,D:\HEST1000BenchRun\COUNT-SUPPORT-PREDECESSOR-50-001\main\NCBI180\SPATIAL_M08\attempt01\RESULT.json
NCBI180,SPATIAL_M12,spatial,12,Spatial Transcriptomics,Mus musculus,Spinal cord,330,14594,283994,260108,150582,12603,2280,28520,6296,2259,54010,2184,1374,1204628.8898908792,a253973b85c9c9250c5e9ca66e8b9d164738ce6fd375d3c3e154712d3e6ec12a,D:\HEST1000BenchRun\COUNT-SUPPORT-PREDECESSOR-50-001\main\NCBI180\SPATIAL_M12\attempt01\RESULT.json
NCBI180,SPATIAL_M16,spatial,16,Spatial Transcriptomics,Mus musculus,Spinal cord,330,14594,283994,261477,150617,12731,3486,28520,6296,2259,54010,2184,1374,1204906.0338705198,efb739ee906c2efe2048aa336c7eb1ada3388401ffc8757f5a93223b1e1ed51e,D:\HEST1000BenchRun\COUNT-SUPPORT-PREDECESSOR-50-001\main\NCBI180\SPATIAL_M16\attempt01\RESULT.json
NCBI180,ROW_M06,row,6,Spatial Transcriptomics,Mus musculus,Spinal cord,330,14594,283994,257488,150680,12411,0,28520,6296,2259,54010,2048,1264,1205415.1993144655,aa9630d482b240909bcda2c6fd81e0ddaa1de37e5fbb5439af1288171f28cfe1,D:\HEST1000BenchRun\COUNT-SUPPORT-PREDECESSOR-50-001\main\NCBI180\ROW_M06\attempt01\RESULT.json
SPA58,SPATIAL_M00,spatial,0,Spatial Transcriptomics,Homo sapiens,Breast,480,17641,851740,589969,350884,17550,0,145392,9702,3375,59738,2064,1264,2807047.4273161693,e0101d1e5585fc3f34da40e79f913e3bc7ecf1b1b52803aedc65a444b9decf82,D:\HEST1000BenchRun\COUNT-SUPPORT-PREDECESSOR-50-001\main\SPA58\SPATIAL_M00\attempt01\RESULT.json
SPA58,SPATIAL_M02,spatial,2,Spatial Transcriptomics,Homo sapiens,Breast,480,17641,851740,589412,350229,17646,0,145392,9702,3375,59738,2066,1264,2801803.001296954,53b25445c3e4a01e058f9b7cc4189ddbac9e27a06ff08d184cdc4b3b6922e1c8,D:\HEST1000BenchRun\COUNT-SUPPORT-PREDECESSOR-50-001\main\SPA58\SPATIAL_M02\attempt01\RESULT.json
SPA58,SPATIAL_M04,spatial,4,Spatial Transcriptomics,Homo sapiens,Breast,480,17641,851740,589161,349913,17710,0,145392,9702,3375,59738,2067,1264,2799277.3909393717,7446f6d74e808056ee896eea2ccc1310e02361123f61d6a30c4f1626d4ff2c01,D:\HEST1000BenchRun\COUNT-SUPPORT-PREDECESSOR-50-001\main\SPA58\SPATIAL_M04\attempt01\RESULT.json
SPA58,SPATIAL_M06,spatial,6,Spatial Transcriptomics,Homo sapiens,Breast,480,17641,851740,589023,349711,17774,0,145392,9702,3375,59738,2067,1264,2797659.3126491075,f4531fa9abdbf73ab1123f0634d8cfcf5a89ecda3ae095c82d2ac8c379b2f6a8,D:\HEST1000BenchRun\COUNT-SUPPORT-PREDECESSOR-50-001\main\SPA58\SPATIAL_M06\attempt01\RESULT.json
SPA58,SPATIAL_M08,spatial,8,Spatial Transcriptomics,Homo sapiens,Breast,480,17641,851740,590684,349631,17838,1450,145392,9702,3375,59738,2184,1374,2797023.1628737,92566cb9ca73e635e6aa36e38ec2c648d2bb96d8018aed13e986edb7a0a6c754,D:\HEST1000BenchRun\COUNT-SUPPORT-PREDECESSOR-50-001\main\SPA58\SPATIAL_M08\attempt01\RESULT.json
SPA58,SPATIAL_M12,spatial,12,Spatial Transcriptomics,Homo sapiens,Breast,480,17641,851740,592750,349602,17966,3414,145392,9702,3375,59738,2187,1374,2796790.999147042,0cbbd34a8150f353e91d6b144c05e1105a3e70724a314233055447df7cd993c8,D:\HEST1000BenchRun\COUNT-SUPPORT-PREDECESSOR-50-001\main\SPA58\SPATIAL_M12\attempt01\RESULT.json
SPA58,SPATIAL_M16,spatial,16,Spatial Transcriptomics,Homo sapiens,Breast,480,17641,851740,594789,349607,18094,5320,145392,9702,3375,59738,2187,1374,2796827.4792216155,311274e49779e8b5175bb97155053cac1185d915e10fe402cb87498633e0968d,D:\HEST1000BenchRun\COUNT-SUPPORT-PREDECESSOR-50-001\main\SPA58\SPATIAL_M16\attempt01\RESULT.json
SPA58,ROW_M06,row,6,Spatial Transcriptomics,Homo sapiens,Breast,480,17641,851740,589757,350461,17774,0,145392,9702,3375,59738,2051,1264,2803657.4177874867,28f9dd8c38fcbe2fd74dbe24ee30459e1461503a2e72ca60801e6ab9c25726e9,D:\HEST1000BenchRun\COUNT-SUPPORT-PREDECESSOR-50-001\main\SPA58\ROW_M06\attempt01\RESULT.json
SPA37,SPATIAL_M00,spatial,0,Spatial Transcriptomics,Homo sapiens,Heart,182,39739,423607,415763,173050,22970,0,76875,11751,1104,126685,2064,1264,1384376.3286101758,32e5e87b99b927fd50d27ca07f145d3d2ae0b043f81c2e422a0ba3643976e9e9,D:\HEST1000BenchRun\COUNT-SUPPORT-PREDECESSOR-50-001\main\SPA37\SPATIAL_M00\attempt01\RESULT.json
SPA37,SPATIAL_M02,spatial,2,Spatial Transcriptomics,Homo sapiens,Heart,182,39739,423607,414128,171317,23066,0,76875,11751,1104,126685,2066,1264,1370506.0956110999,62e3d469cc877acd1afcde3fbbe5242aba577739805fb4839ff28daf26d394cc,D:\HEST1000BenchRun\COUNT-SUPPORT-PREDECESSOR-50-001\main\SPA37\SPATIAL_M02\attempt01\RESULT.json
SPA37,SPATIAL_M04,spatial,4,Spatial Transcriptomics,Homo sapiens,Heart,182,39739,423607,414178,171302,23130,0,76875,11751,1104,126685,2067,1264,1370391.0988091477,d3afc8140da190318d94445f84a727c310cc081aa24b109f6274a773812ed40b,D:\HEST1000BenchRun\COUNT-SUPPORT-PREDECESSOR-50-001\main\SPA37\SPATIAL_M04\attempt01\RESULT.json
SPA37,SPATIAL_M06,spatial,6,Spatial Transcriptomics,Homo sapiens,Heart,182,39739,423607,414261,171321,23194,0,76875,11751,1104,126685,2067,1264,1370542.494083086,3f1317206123af84541611344eecd2b7e27689dbe5f6783fe45b9a2c516c6dcf,D:\HEST1000BenchRun\COUNT-SUPPORT-PREDECESSOR-50-001\main\SPA37\SPATIAL_M06\attempt01\RESULT.json
SPA37,SPATIAL_M08,spatial,8,Spatial Transcriptomics,Homo sapiens,Heart,182,39739,423607,415065,171352,23258,483,76875,11751,1104,126685,2183,1374,1370784.7433300372,5ad8f4ee9dc2b5d683291fe578e2a926dbab27e3b00caf58a4f10e9091b1ede7,D:\HEST1000BenchRun\COUNT-SUPPORT-PREDECESSOR-50-001\main\SPA37\SPATIAL_M08\attempt01\RESULT.json
SPA37,SPATIAL_M12,spatial,12,Spatial Transcriptomics,Homo sapiens,Heart,182,39739,423607,415848,171393,23386,1093,76875,11751,1104,126685,2187,1374,1371113.8037849322,a26e6b7ed2bacbd54fdbaa9af7c9a8ae0ec1dad9512461a1b3748c04bbecaee5,D:\HEST1000BenchRun\COUNT-SUPPORT-PREDECESSOR-50-001\main\SPA37\SPATIAL_M12\attempt01\RESULT.json
SPA37,SPATIAL_M16,spatial,16,Spatial Transcriptomics,Homo sapiens,Heart,182,39739,423607,416647,171454,23514,1703,76875,11751,1104,126685,2187,1374,1371608.633879597,7be078fd0052ac1447c149e66ccbb66daef6f16b789d582c9fefd9954ef6236f,D:\HEST1000BenchRun\COUNT-SUPPORT-PREDECESSOR-50-001\main\SPA37\SPATIAL_M16\attempt01\RESULT.json
SPA37,ROW_M06,row,6,Spatial Transcriptomics,Homo sapiens,Heart,182,39739,423607,414387,171463,23194,0,76875,11751,1104,126685,2051,1264,1371674.129697954,7791910e26e39a064c22f3aa7baf76a88d6431356d19e09501c0e0bc9f990f30,D:\HEST1000BenchRun\COUNT-SUPPORT-PREDECESSOR-50-001\main\SPA37\ROW_M06\attempt01\RESULT.json
NCBI383,SPATIAL_M00,spatial,0,Spatial Transcriptomics,Mus musculus,Brain,556,23371,1870818,1041012,555655,19576,0,367209,9304,3810,82129,2065,1264,4445216.418161702,15d9c2ac8f55ea368bf4d2302b577afe56794ebbbf728c3851b93922097e55c9,D:\HEST1000BenchRun\COUNT-SUPPORT-PREDECESSOR-50-001\main\NCBI383\SPATIAL_M00\attempt01\RESULT.json
NCBI383,SPATIAL_M02,spatial,2,Spatial Transcriptomics,Mus musculus,Brain,556,23371,1870818,1039407,553952,19672,0,367209,9304,3810,82129,2067,1264,4431588.136656076,de2094d2213878ec17db55066a939a382a6c74f0b4b922f4dcb4bfd0cc74fecc,D:\HEST1000BenchRun\COUNT-SUPPORT-PREDECESSOR-50-001\main\NCBI383\SPATIAL_M02\attempt01\RESULT.json
NCBI383,SPATIAL_M04,spatial,4,Spatial Transcriptomics,Mus musculus,Brain,556,23371,1870818,1038746,553226,19736,0,367209,9304,3810,82129,2068,1264,4425778.395693723,0a95275cc310ac0bb6da2e39d73e8f7a8ae97e2af39db6593c1c3467b0527826,D:\HEST1000BenchRun\COUNT-SUPPORT-PREDECESSOR-50-001\main\NCBI383\SPATIAL_M04\attempt01\RESULT.json
NCBI383,SPATIAL_M06,spatial,6,Spatial Transcriptomics,Mus musculus,Brain,556,23371,1870818,1038413,552829,19800,0,367209,9304,3810,82129,2068,1264,4422601.739305936,eb81474930a82a63e636684ffacfae13828f00011ccf17301223cee85e60b087,D:\HEST1000BenchRun\COUNT-SUPPORT-PREDECESSOR-50-001\main\NCBI383\SPATIAL_M06\attempt01\RESULT.json
NCBI383,SPATIAL_M08,spatial,8,Spatial Transcriptomics,Mus musculus,Brain,556,23371,1870818,1040047,552507,19864,1665,367209,9304,3810,82129,2185,1374,4420027.863870797,7007da72fc34e1811f517056625215cfe832d4cf7f5b69ba49f5ff99066d2550,D:\HEST1000BenchRun\COUNT-SUPPORT-PREDECESSOR-50-001\main\NCBI383\SPATIAL_M08\attempt01\RESULT.json
NCBI383,SPATIAL_M12,spatial,12,Spatial Transcriptomics,Mus musculus,Brain,556,23371,1870818,1042089,552133,19992,3950,367209,9304,3810,82129,2188,1374,4417034.123038765,0d9b51e6914a1c70019d07e1848ac34f9a6a03a347a2c2b5e05b6fb025bbdf65,D:\HEST1000BenchRun\COUNT-SUPPORT-PREDECESSOR-50-001\main\NCBI383\SPATIAL_M12\attempt01\RESULT.json
NCBI383,SPATIAL_M16,spatial,16,Spatial Transcriptomics,Mus musculus,Brain,556,23371,1870818,1044256,551979,20120,6143,367209,9304,3810,82129,2188,1374,4415803.718029196,00d5e635a71cbb76b6ab896caf411cc4c5e892c28903d0ce640b6fba7e5fb8af,D:\HEST1000BenchRun\COUNT-SUPPORT-PREDECESSOR-50-001\main\NCBI383\SPATIAL_M16\attempt01\RESULT.json
NCBI383,ROW_M06,row,6,Spatial Transcriptomics,Mus musculus,Brain,556,23371,1870818,1040526,554958,19800,0,367209,9304,3810,82129,2052,1264,4439637.164806948,7c18e17f7f38f52ce00dec14950ff07542f410550aed9f651b35aeaf6557bf2d,D:\HEST1000BenchRun\COUNT-SUPPORT-PREDECESSOR-50-001\main\NCBI383\ROW_M06\attempt01\RESULT.json
MEND24,SPATIAL_M00,spatial,0,Spatial Transcriptomics,Homo sapiens,Prostate,136,26437,510916,413762,172628,20988,0,111055,12355,710,92699,2063,1264,1380997.1762456817,d0a5b762ebbc94cc2ddeb04d84e787f179062ff46d2abd844c41331356647e9b,D:\HEST1000BenchRun\COUNT-SUPPORT-PREDECESSOR-50-001\main\MEND24\SPATIAL_M00\attempt01\RESULT.json
MEND24,SPATIAL_M02,spatial,2,Spatial Transcriptomics,Homo sapiens,Prostate,136,26437,510916,411411,170179,21084,0,111055,12355,710,92699,2065,1264,1361407.4143467157,eccfb06b2fe8730ad51254ced13dd52aade5a924efa56be0bd8ef0fa268f263c,D:\HEST1000BenchRun\COUNT-SUPPORT-PREDECESSOR-50-001\main\MEND24\SPATIAL_M02\attempt01\RESULT.json
MEND24,SPATIAL_M04,spatial,4,Spatial Transcriptomics,Homo sapiens,Prostate,136,26437,510916,410653,169356,21148,0,111055,12355,710,92699,2066,1264,1354816.0924675982,6db6e99bfa8b619e990a3adaf4d61093a6d0aa9649dbf8de0686192fa65d203d,D:\HEST1000BenchRun\COUNT-SUPPORT-PREDECESSOR-50-001\main\MEND24\SPATIAL_M04\attempt01\RESULT.json
MEND24,SPATIAL_M06,spatial,6,Spatial Transcriptomics,Homo sapiens,Prostate,136,26437,510916,410132,168771,21212,0,111055,12355,710,92699,2066,1264,1350140.3561027178,e87f151319353ceeb55f8e23963c72fb1a38b0b81845032235d296d2ded4ae52,D:\HEST1000BenchRun\COUNT-SUPPORT-PREDECESSOR-50-001\main\MEND24\SPATIAL_M06\attempt01\RESULT.json
MEND24,SPATIAL_M08,spatial,8,Spatial Transcriptomics,Homo sapiens,Prostate,136,26437,510916,410309,168328,21276,330,111055,12355,710,92699,2182,1374,1346592.0928251252,38424ed080c6b1a0a9d1486dd31a530cfc1c37ffc68aa14c62c0a2dae7c3c911,D:\HEST1000BenchRun\COUNT-SUPPORT-PREDECESSOR-50-001\main\MEND24\SPATIAL_M08\attempt01\RESULT.json
MEND24,SPATIAL_M12,spatial,12,Spatial Transcriptomics,Homo sapiens,Prostate,136,26437,510916,410619,168169,21404,668,111055,12355,710,92699,2185,1374,1345326.3436669183,6de4631cd3189fe707356a5ed524f9d62c346b0ff9a1ba0ef47d5f3cabc62f5a,D:\HEST1000BenchRun\COUNT-SUPPORT-PREDECESSOR-50-001\main\MEND24\SPATIAL_M12\attempt01\RESULT.json
MEND24,SPATIAL_M16,spatial,16,Spatial Transcriptomics,Homo sapiens,Prostate,136,26437,510916,410906,168065,21532,931,111055,12355,710,92699,2185,1374,1344494.8876799713,50305bd9486f3b1ea68bf62a55b91d8e662b0023c51ecd5d8b39e014e3f96587,D:\HEST1000BenchRun\COUNT-SUPPORT-PREDECESSOR-50-001\main\MEND24\SPATIAL_M16\attempt01\RESULT.json
MEND24,ROW_M06,row,6,Spatial Transcriptomics,Homo sapiens,Prostate,136,26437,510916,410240,168895,21212,0,111055,12355,710,92699,2050,1264,1351129.8471426193,d4c5ae76e53f76718dddc02868389a13fc27c1a0b37eeb502e3d7c49ac932916,D:\HEST1000BenchRun\COUNT-SUPPORT-PREDECESSOR-50-001\main\MEND24\ROW_M06\attempt01\RESULT.json
SPA8,SPATIAL_M00,spatial,0,Spatial Transcriptomics,Mus musculus,Brain,234,15288,1026919,582400,250735,14588,0,250236,8734,1482,53296,2065,1264,2005851.2152008137,c824486bc2db81d1569796e3ac13cd45e5eedc79abf9f168b87d4fec16466dfa,D:\HEST1000BenchRun\COUNT-SUPPORT-PREDECESSOR-50-001\main\SPA8\SPATIAL_M00\attempt01\RESULT.json
SPA8,SPATIAL_M02,spatial,2,Spatial Transcriptomics,Mus musculus,Brain,234,15288,1026919,582314,250551,14684,0,250236,8734,1482,53296,2067,1264,2004376.2402999224,48749c9d7e594e27413ce5048a7d13c7621f11829bdd8926f30b52dc17585add,D:\HEST1000BenchRun\COUNT-SUPPORT-PREDECESSOR-50-001\main\SPA8\SPATIAL_M02\attempt01\RESULT.json
SPA8,SPATIAL_M04,spatial,4,Spatial Transcriptomics,Mus musculus,Brain,234,15288,1026919,582370,250542,14748,0,250236,8734,1482,53296,2068,1264,2004307.9355091297,92015296c140d78cdb6a5ef3157431ed18bcdebb9cdbc02b563daf7de8d90d71,D:\HEST1000BenchRun\COUNT-SUPPORT-PREDECESSOR-50-001\main\SPA8\SPATIAL_M04\attempt01\RESULT.json
SPA8,SPATIAL_M06,spatial,6,Spatial Transcriptomics,Mus musculus,Brain,234,15288,1026919,582441,250549,14812,0,250236,8734,1482,53296,2068,1264,2004363.8314159326,323d54f355d757c86d4bf220bacdfe4536c46f667a5bbaea99d314f5e514fe77,D:\HEST1000BenchRun\COUNT-SUPPORT-PREDECESSOR-50-001\main\SPA8\SPATIAL_M06\attempt01\RESULT.json
SPA8,SPATIAL_M08,spatial,8,Spatial Transcriptomics,Mus musculus,Brain,234,15288,1026919,583357,250590,14876,585,250236,8734,1482,53296,2184,1374,2004693.2747652372,a00ff04e56533f17f00958c48724d4c8209474e8426a3c5c73a3f5772fee6e32,D:\HEST1000BenchRun\COUNT-SUPPORT-PREDECESSOR-50-001\main\SPA8\SPATIAL_M08\attempt01\RESULT.json
SPA8,SPATIAL_M12,spatial,12,Spatial Transcriptomics,Mus musculus,Brain,234,15288,1026919,584494,250659,15004,1521,250236,8734,1482,53296,2188,1374,2005243.463735159,0dd6b15a8e748de120ee335ce6dca77a52e895ef914e1a7fc01efa22141525f2,D:\HEST1000BenchRun\COUNT-SUPPORT-PREDECESSOR-50-001\main\SPA8\SPATIAL_M12\attempt01\RESULT.json
SPA8,SPATIAL_M16,spatial,16,Spatial Transcriptomics,Mus musculus,Brain,234,15288,1026919,585443,250673,15132,2328,250236,8734,1482,53296,2188,1374,2005357.5199396343,68083f5caf3e2fb22fc549a3933946b6356e23dc963a75c5d571cca4f9a5f7a8,D:\HEST1000BenchRun\COUNT-SUPPORT-PREDECESSOR-50-001\main\SPA8\SPATIAL_M16\attempt01\RESULT.json
SPA8,ROW_M06,row,6,Spatial Transcriptomics,Mus musculus,Brain,234,15288,1026919,582517,250641,14812,0,250236,8734,1482,53296,2052,1264,2005096.0851734502,37a5dc54cc007ff6a000884753d29a8b6098464d52af61fbd32e504dd24b426f,D:\HEST1000BenchRun\COUNT-SUPPORT-PREDECESSOR-50-001\main\SPA8\ROW_M06\attempt01\RESULT.json
NCBI761,SPATIAL_M00,spatial,0,Spatial Transcriptomics,Homo sapiens,Skin,608,15383,477083,424333,264220,14116,0,76910,8527,3911,53322,2063,1264,2113736.02732061,183d975db3535b561bc0de648fe2906e19d617ceba21bb973ed8e9b450f76325,D:\HEST1000BenchRun\COUNT-SUPPORT-PREDECESSOR-50-001\main\NCBI761\SPATIAL_M00\attempt01\RESULT.json
NCBI761,SPATIAL_M02,spatial,2,Spatial Transcriptomics,Homo sapiens,Skin,608,15383,477083,413732,253521,14212,0,76910,8527,3911,53322,2065,1264,2028136.744203653,e23ee6b17527c230cd4ea2e51a2e459947aa16b70446684754b94d2ccc7fd200,D:\HEST1000BenchRun\COUNT-SUPPORT-PREDECESSOR-50-001\main\NCBI761\SPATIAL_M02\attempt01\RESULT.json
NCBI761,SPATIAL_M04,spatial,4,Spatial Transcriptomics,Homo sapiens,Skin,608,15383,477083,409870,249594,14276,0,76910,8527,3911,53322,2066,1264,1996727.280997351,bc92ea8a889b6682e44f6e459ee4f8de554bc8f064172b266ac484e7a8aa3782,D:\HEST1000BenchRun\COUNT-SUPPORT-PREDECESSOR-50-001\main\NCBI761\SPATIAL_M04\attempt01\RESULT.json
NCBI761,SPATIAL_M06,spatial,6,Spatial Transcriptomics,Homo sapiens,Skin,608,15383,477083,408498,248158,14340,0,76910,8527,3911,53322,2066,1264,1985235.279262,fa4c329523b9372d1555257e129d49027f2c489fd9fd2557c88927422e3acf10,D:\HEST1000BenchRun\COUNT-SUPPORT-PREDECESSOR-50-001\main\NCBI761\SPATIAL_M06\attempt01\RESULT.json
NCBI761,SPATIAL_M08,spatial,8,Spatial Transcriptomics,Homo sapiens,Skin,608,15383,477083,410105,247931,14404,1543,76910,8527,3911,53322,2183,1374,1983422.6358941493,248f316fd1aca130f4bf6a3387f32aad0e31d690f2070907b54f4a97ed7397d5,D:\HEST1000BenchRun\COUNT-SUPPORT-PREDECESSOR-50-001\main\NCBI761\SPATIAL_M08\attempt01\RESULT.json
NCBI761,SPATIAL_M12,spatial,12,Spatial Transcriptomics,Homo sapiens,Skin,608,15383,477083,412276,247263,14532,4251,76910,8527,3911,53322,2186,1374,1978077.3044703905,8d63dd1639d39e663e3142743427652dfa9ff499bfb9d1f5bf285ed7e0f57878,D:\HEST1000BenchRun\COUNT-SUPPORT-PREDECESSOR-50-001\main\NCBI761\SPATIAL_M12\attempt01\RESULT.json
NCBI761,SPATIAL_M16,spatial,16,Spatial Transcriptomics,Homo sapiens,Skin,608,15383,477083,414769,247397,14660,6482,76910,8527,3911,53322,2186,1374,1979144.529374972,d6af16796c4013ecd99473bdba27541e55e028833e36a10b9d10cb32f2429f19,D:\HEST1000BenchRun\COUNT-SUPPORT-PREDECESSOR-50-001\main\NCBI761\SPATIAL_M16\attempt01\RESULT.json
NCBI761,ROW_M06,row,6,Spatial Transcriptomics,Homo sapiens,Skin,608,15383,477083,422533,262209,14340,0,76910,8527,3911,53322,2050,1264,2097645.9786250023,909bdc5f6c7fdb328b8613933f71993a4d6612301455f66000dcd7909cc552af,D:\HEST1000BenchRun\COUNT-SUPPORT-PREDECESSOR-50-001\main\NCBI761\ROW_M06\attempt01\RESULT.json
NCBI289,SPATIAL_M00,spatial,0,Spatial Transcriptomics,Mus musculus,Spinal cord,161,13208,130306,156681,70853,9349,0,20341,7245,959,44612,2058,1264,566794.3865191594,e749b268253ded4c07e69020a3e70fc761befea573fbb84d19a1c9d2a4adca2a,D:\HEST1000BenchRun\COUNT-SUPPORT-PREDECESSOR-50-001\main\NCBI289\SPATIAL_M00\attempt01\RESULT.json
NCBI289,SPATIAL_M02,spatial,2,Spatial Transcriptomics,Mus musculus,Spinal cord,161,13208,130306,156108,70182,9445,0,20341,7245,959,44612,2060,1264,561426.9557021826,483dceb438034ec1503e4cbb7f7e64e1556a9814cbe9eb6db9876e8b98ce1765,D:\HEST1000BenchRun\COUNT-SUPPORT-PREDECESSOR-50-001\main\NCBI289\SPATIAL_M02\attempt01\RESULT.json
NCBI289,SPATIAL_M04,spatial,4,Spatial Transcriptomics,Mus musculus,Spinal cord,161,13208,130306,156086,70095,9509,0,20341,7245,959,44612,2061,1264,560728.1681090597,2a59efd80b13a24e438de9c7233900df9742c7aacd5144799f2a113cb726b3f4,D:\HEST1000BenchRun\COUNT-SUPPORT-PREDECESSOR-50-001\main\NCBI289\SPATIAL_M04\attempt01\RESULT.json
NCBI289,SPATIAL_M06,spatial,6,Spatial Transcriptomics,Mus musculus,Spinal cord,161,13208,130306,156232,70177,9573,0,20341,7245,959,44612,2061,1264,561389.8992038812,e4e5e81e1628bc6e31e237ff01b05c89fe17da2ac1ea60dc8647cea702508b86,D:\HEST1000BenchRun\COUNT-SUPPORT-PREDECESSOR-50-001\main\NCBI289\SPATIAL_M06\attempt01\RESULT.json
NCBI289,SPATIAL_M08,spatial,8,Spatial Transcriptomics,Mus musculus,Spinal cord,161,13208,130306,156934,70174,9637,415,20341,7245,959,44612,2177,1374,561366.5654725818,348676d341b3674c94f18e38062a5fc64d8508d9e28f9332a73e06f2d1493cb4,D:\HEST1000BenchRun\COUNT-SUPPORT-PREDECESSOR-50-001\main\NCBI289\SPATIAL_M08\attempt01\RESULT.json
NCBI289,SPATIAL_M12,spatial,12,Spatial Transcriptomics,Mus musculus,Spinal cord,161,13208,130306,157751,70343,9765,932,20341,7245,959,44612,2180,1374,562715.308470313,1d8f90b0cfdff904abb23cbf93923aca90be20870119fabb4c72a383d202c88f,D:\HEST1000BenchRun\COUNT-SUPPORT-PREDECESSOR-50-001\main\NCBI289\SPATIAL_M12\attempt01\RESULT.json
NCBI289,SPATIAL_M16,spatial,16,Spatial Transcriptomics,Mus musculus,Spinal cord,161,13208,130306,158403,70380,9893,1418,20341,7245,959,44612,2181,1374,563008.1480851237,70561fc9d935025ef4f5a25211b9905b530ac35c270cf065b3080a3faa6ef302,D:\HEST1000BenchRun\COUNT-SUPPORT-PREDECESSOR-50-001\main\NCBI289\SPATIAL_M16\attempt01\RESULT.json
NCBI289,ROW_M06,row,6,Spatial Transcriptomics,Mus musculus,Spinal cord,161,13208,130306,156701,70662,9573,0,20341,7245,959,44612,2045,1264,565266.8421292008,70090e952cfebef7a40e3273a18811d7b175db63200bf11a4fdcfb1dc60ed857,D:\HEST1000BenchRun\COUNT-SUPPORT-PREDECESSOR-50-001\main\NCBI289\ROW_M06\attempt01\RESULT.json
SPA149,SPATIAL_M00,spatial,0,Spatial Transcriptomics,Homo sapiens,Breast,360,15645,1091286,652148,342399,16843,0,227846,9401,2400,49930,2065,1264,2739160.9614777355,47fa42b4416d70f82a62c0d86bced331be4dfa850bab49d2cfc7fb9e40ca6e5c,D:\HEST1000BenchRun\COUNT-SUPPORT-PREDECESSOR-50-001\main\SPA149\SPATIAL_M00\attempt01\RESULT.json
SPA149,SPATIAL_M02,spatial,2,Spatial Transcriptomics,Homo sapiens,Breast,360,15645,1091286,648256,338409,16939,0,227846,9401,2400,49930,2067,1264,2707243.4824296245,ab97b5246515efbb58cd1117f5f29320f0bbc1199871bcc184746d82b9e871b1,D:\HEST1000BenchRun\COUNT-SUPPORT-PREDECESSOR-50-001\main\SPA149\SPATIAL_M02\attempt01\RESULT.json
SPA149,SPATIAL_M04,spatial,4,Spatial Transcriptomics,Homo sapiens,Breast,360,15645,1091286,646264,336352,17003,0,227846,9401,2400,49930,2068,1264,2690791.915795143,d16c03bd628e0c4ad2ebc53eef745e0909fcba8655da9ff8683bfe1444ecca0d,D:\HEST1000BenchRun\COUNT-SUPPORT-PREDECESSOR-50-001\main\SPA149\SPATIAL_M04\attempt01\RESULT.json
SPA149,SPATIAL_M06,spatial,6,Spatial Transcriptomics,Homo sapiens,Breast,360,15645,1091286,645308,335332,17067,0,227846,9401,2400,49930,2068,1264,2682632.1072238795,a0c6b529ab20936e7fdae7e7b9737b9b632a7f856b8d6734818e2d33f62c829d,D:\HEST1000BenchRun\COUNT-SUPPORT-PREDECESSOR-50-001\main\SPA149\SPATIAL_M06\attempt01\RESULT.json
SPA149,SPATIAL_M08,spatial,8,Spatial Transcriptomics,Homo sapiens,Breast,360,15645,1091286,645901,334597,17131,1037,227846,9401,2400,49930,2185,1374,2676750.2109497916,24475b37af8372db7361d147271c6617b5a2e47985c4778b2721133cdc7b8caa,D:\HEST1000BenchRun\COUNT-SUPPORT-PREDECESSOR-50-001\main\SPA149\SPATIAL_M08\attempt01\RESULT.json
SPA149,SPATIAL_M12,spatial,12,Spatial Transcriptomics,Homo sapiens,Breast,360,15645,1091286,646961,334160,17259,2403,227846,9401,2400,49930,2188,1374,2673252.712499866,69a3ce246528cc10eb4479d1f09ffd74c2044753ddf3459ed3602e799aa0f1a8,D:\HEST1000BenchRun\COUNT-SUPPORT-PREDECESSOR-50-001\main\SPA149\SPATIAL_M12\attempt01\RESULT.json
SPA149,SPATIAL_M16,spatial,16,Spatial Transcriptomics,Homo sapiens,Breast,360,15645,1091286,648131,333869,17387,3736,227846,9401,2400,49930,2188,1374,2670925.5351523235,54fe296f9837d5237b6284fb5c256db7aaf74f138a21ce86df51b0ddb64e1a67,D:\HEST1000BenchRun\COUNT-SUPPORT-PREDECESSOR-50-001\main\SPA149\SPATIAL_M16\attempt01\RESULT.json
SPA149,ROW_M06,row,6,Spatial Transcriptomics,Homo sapiens,Breast,360,15645,1091286,648393,338433,17067,0,227846,9401,2400,49930,2052,1264,2707438.537782361,db15cd6be4b432337c2eff1bb2e49002b7973413bba86c2e449e9a79250bd8fb,D:\HEST1000BenchRun\COUNT-SUPPORT-PREDECESSOR-50-001\main\SPA149\ROW_M06\attempt01\RESULT.json
NCBI410,SPATIAL_M00,spatial,0,Spatial Transcriptomics,Mus musculus,Brain,152,23371,647209,436148,170415,15498,0,160644,9979,905,75380,2063,1264,1363291.753401999,0a50f582337c8e57a0f059cc5a134e5accbb2e396ca9e90b2856de2c90f3c146,D:\HEST1000BenchRun\COUNT-SUPPORT-PREDECESSOR-50-001\main\NCBI410\SPATIAL_M00\attempt01\RESULT.json
NCBI410,SPATIAL_M02,spatial,2,Spatial Transcriptomics,Mus musculus,Brain,152,23371,647209,434078,168247,15594,0,160644,9979,905,75380,2065,1264,1345948.5986889468,9d68b0c75e71388034004dcf4289c794ebed7503b860979120f29e79e09fbf22,D:\HEST1000BenchRun\COUNT-SUPPORT-PREDECESSOR-50-001\main\NCBI410\SPATIAL_M02\attempt01\RESULT.json
NCBI410,SPATIAL_M04,spatial,4,Spatial Transcriptomics,Mus musculus,Brain,152,23371,647209,433954,168058,15658,0,160644,9979,905,75380,2066,1264,1344432.8291633138,7dea2e86b5f72b99a9ffc65c8404b8c51f1ef93dac77e0cd714ce473939a48a1,D:\HEST1000BenchRun\COUNT-SUPPORT-PREDECESSOR-50-001\main\NCBI410\SPATIAL_M04\attempt01\RESULT.json
NCBI410,SPATIAL_M06,spatial,6,Spatial Transcriptomics,Mus musculus,Brain,152,23371,647209,433902,167942,15722,0,160644,9979,905,75380,2066,1264,1343508.9149782336,cf1c765b08a5d907d14bb84d950ec86ab4985b22d18062088d0a7f8da0511642,D:\HEST1000BenchRun\COUNT-SUPPORT-PREDECESSOR-50-001\main\NCBI410\SPATIAL_M06\attempt01\RESULT.json
NCBI410,SPATIAL_M08,spatial,8,Spatial Transcriptomics,Mus musculus,Brain,152,23371,647209,434713,168044,15786,419,160644,9979,905,75380,2182,1374,1344321.9898659792,e9e413695165e9dcfaae5a542f176fe0f36e6d16719ffdc0175c77456ee858f9,D:\HEST1000BenchRun\COUNT-SUPPORT-PREDECESSOR-50-001\main\NCBI410\SPATIAL_M08\attempt01\RESULT.json
NCBI410,SPATIAL_M12,spatial,12,Spatial Transcriptomics,Mus musculus,Brain,152,23371,647209,435385,168096,15914,908,160644,9979,905,75380,2185,1374,1344736.9775629197,28516eaf1b0df61a25d11aafc5328e005339e5af7c5f00f188b1d5b0ca763bb1,D:\HEST1000BenchRun\COUNT-SUPPORT-PREDECESSOR-50-001\main\NCBI410\SPATIAL_M12\attempt01\RESULT.json
NCBI410,SPATIAL_M16,spatial,16,Spatial Transcriptomics,Mus musculus,Brain,152,23371,647209,436169,168249,16042,1410,160644,9979,905,75380,2186,1374,1345968.2793000943,62000b53d603fe6decc114dcebe96fe89e7a8e2b898eff0dbd0e376b6bc5fd21,D:\HEST1000BenchRun\COUNT-SUPPORT-PREDECESSOR-50-001\main\NCBI410\SPATIAL_M16\attempt01\RESULT.json
NCBI410,ROW_M06,row,6,Spatial Transcriptomics,Mus musculus,Brain,152,23371,647209,435591,169647,15722,0,160644,9979,905,75380,2050,1264,1357149.0186012243,59b94587ec7516060a6f224c9c6170eaff44d58388a61e93a5917c4de5fa5344,D:\HEST1000BenchRun\COUNT-SUPPORT-PREDECESSOR-50-001\main\NCBI410\ROW_M06\attempt01\RESULT.json
MEND23,SPATIAL_M00,spatial,0,Spatial Transcriptomics,Homo sapiens,Prostate,117,23803,331577,310018,129269,17836,0,65148,11123,593,82723,2062,1264,1034127.446040402,d799a0eaeb5144e4d86900b2774b9c33ace451bec27e55bd7985690821a79b7f,D:\HEST1000BenchRun\COUNT-SUPPORT-PREDECESSOR-50-001\main\MEND23\SPATIAL_M00\attempt01\RESULT.json
MEND23,SPATIAL_M02,spatial,2,Spatial Transcriptomics,Homo sapiens,Prostate,117,23803,331577,307990,127143,17932,0,65148,11123,593,82723,2064,1264,1017117.651840605,e45576567d4ebb744bfe718f1b1b87d526e9e02434abef502791657c3ddf08c4,D:\HEST1000BenchRun\COUNT-SUPPORT-PREDECESSOR-50-001\main\MEND23\SPATIAL_M02\attempt01\RESULT.json
MEND23,SPATIAL_M04,spatial,4,Spatial Transcriptomics,Homo sapiens,Prostate,117,23803,331577,307520,126608,17996,0,65148,11123,593,82723,2065,1264,1012832.1352095716,5d5c87d9a166a91cc705050be85ab7efb04856f9404c79cf1eea8d9ee5b49e56,D:\HEST1000BenchRun\COUNT-SUPPORT-PREDECESSOR-50-001\main\MEND23\SPATIAL_M04\attempt01\RESULT.json
MEND23,SPATIAL_M06,spatial,6,Spatial Transcriptomics,Homo sapiens,Prostate,117,23803,331577,307311,126335,18060,0,65148,11123,593,82723,2065,1264,1010648.1210143131,ec5090b419d7d2e77be1c5d41129fc7c67bf0f100bcf6a4bcbfa42ffbd348953,D:\HEST1000BenchRun\COUNT-SUPPORT-PREDECESSOR-50-001\main\MEND23\SPATIAL_M06\attempt01\RESULT.json
MEND23,SPATIAL_M08,spatial,8,Spatial Transcriptomics,Homo sapiens,Prostate,117,23803,331577,307668,126105,18124,297,65148,11123,593,82723,2181,1374,1008811.3649078612,f5180b9fa53eedff836665bc56f5c94ea4f314d7625470503be72070afdf41eb,D:\HEST1000BenchRun\COUNT-SUPPORT-PREDECESSOR-50-001\main\MEND23\SPATIAL_M08\attempt01\RESULT.json
MEND23,SPATIAL_M12,spatial,12,Spatial Transcriptomics,Homo sapiens,Prostate,117,23803,331577,307930,125943,18252,590,65148,11123,593,82723,2184,1374,1007516.9528708912,6d1acf7a125d9fbd0997febf125735d0999ef1c4700fb31c964badea6393c066,D:\HEST1000BenchRun\COUNT-SUPPORT-PREDECESSOR-50-001\main\MEND23\SPATIAL_M12\attempt01\RESULT.json
MEND23,SPATIAL_M16,spatial,16,Spatial Transcriptomics,Homo sapiens,Prostate,117,23803,331577,308323,126010,18380,788,65148,11123,593,82723,2184,1374,1008048.8681447376,5351c952166d3283d360fb603d1001aad7e4285530846e0a6f5bbabe4b860173,D:\HEST1000BenchRun\COUNT-SUPPORT-PREDECESSOR-50-001\main\MEND23\SPATIAL_M16\attempt01\RESULT.json
MEND23,ROW_M06,row,6,Spatial Transcriptomics,Homo sapiens,Prostate,117,23803,331577,307061,126101,18060,0,65148,11123,593,82723,2049,1264,1008776.9981029398,9aa8c95e9a8d7dfd80b171f51bb550333aebb8e0d979193d48a17f13c04e3362,D:\HEST1000BenchRun\COUNT-SUPPORT-PREDECESSOR-50-001\main\MEND23\ROW_M06\attempt01\RESULT.json
NCBI299,SPATIAL_M00,spatial,0,Spatial Transcriptomics,Mus musculus,Spinal cord,112,13113,195107,180872,80965,9652,0,34453,7526,645,44309,2058,1264,647692.7525931678,a8ffa1afd58143c8e940c8e3437c976c2fa9e2c4a5d7bd6bae0a5258398038bf,D:\HEST1000BenchRun\COUNT-SUPPORT-PREDECESSOR-50-001\main\NCBI299\SPATIAL_M00\attempt01\RESULT.json
NCBI299,SPATIAL_M02,spatial,2,Spatial Transcriptomics,Mus musculus,Spinal cord,112,13113,195107,180636,80631,9748,0,34453,7526,645,44309,2060,1264,645019.8402698353,1d910acdf69deec7cb7ffc706c558747303de48c76a1775508ef915e94bea3a3,D:\HEST1000BenchRun\COUNT-SUPPORT-PREDECESSOR-50-001\main\NCBI299\SPATIAL_M02\attempt01\RESULT.json
NCBI299,SPATIAL_M04,spatial,4,Spatial Transcriptomics,Mus musculus,Spinal cord,112,13113,195107,180763,80693,9812,0,34453,7526,645,44309,2061,1264,645514.3920437415,e74f6d0e353c42b8590ab7d5b16305c7c82d7fc36852c85ad379bb24b277532a,D:\HEST1000BenchRun\COUNT-SUPPORT-PREDECESSOR-50-001\main\NCBI299\SPATIAL_M04\attempt01\RESULT.json
NCBI299,SPATIAL_M06,spatial,6,Spatial Transcriptomics,Mus musculus,Spinal cord,112,13113,195107,180790,80656,9876,0,34453,7526,645,44309,2061,1264,645219.1968756808,4335f133c499d1c690015be30995d1792a9d7cee1122ea39357a70616dccb57e,D:\HEST1000BenchRun\COUNT-SUPPORT-PREDECESSOR-50-001\main\NCBI299\SPATIAL_M06\attempt01\RESULT.json
NCBI299,SPATIAL_M08,spatial,8,Spatial Transcriptomics,Mus musculus,Spinal cord,112,13113,195107,181361,80654,9940,283,34453,7526,645,44309,2177,1374,645206.8988383755,7b08aa01aed2d1b015b683633120868630ba42142f66b97fed53030482d73caf,D:\HEST1000BenchRun\COUNT-SUPPORT-PREDECESSOR-50-001\main\NCBI299\SPATIAL_M08\attempt01\RESULT.json
NCBI299,SPATIAL_M12,spatial,12,Spatial Transcriptomics,Mus musculus,Spinal cord,112,13113,195107,181895,80702,10068,638,34453,7526,645,44309,2180,1374,645589.4262915726,1ee8eeb1b037b44f21c1917964cd4849226d96f28ceb2e680fb5aa3287421696,D:\HEST1000BenchRun\COUNT-SUPPORT-PREDECESSOR-50-001\main\NCBI299\SPATIAL_M12\attempt01\RESULT.json
NCBI299,SPATIAL_M16,spatial,16,Spatial Transcriptomics,Mus musculus,Spinal cord,112,13113,195107,182280,80688,10196,909,34453,7526,645,44309,2180,1374,645478.2667226485,c8fa7f0590b6a3cfcc6e7a81704e43f0451388751be3f84045941cd5b540958c,D:\HEST1000BenchRun\COUNT-SUPPORT-PREDECESSOR-50-001\main\NCBI299\SPATIAL_M16\attempt01\RESULT.json
NCBI299,ROW_M06,row,6,Spatial Transcriptomics,Mus musculus,Spinal cord,112,13113,195107,180778,80660,9876,0,34453,7526,645,44309,2045,1264,645251.1227881385,88442ad89b68a2aa49d1c5a6e2b5d0a804287b4d086bb6eb409a950e57c0d59c,D:\HEST1000BenchRun\COUNT-SUPPORT-PREDECESSOR-50-001\main\NCBI299\ROW_M06\attempt01\RESULT.json
NCBI770,SPATIAL_M00,spatial,0,Spatial Transcriptomics,Homo sapiens,Skin,666,17138,1834138,1193018,666706,19824,0,428196,10815,4291,59857,2065,1264,5333619.96615653,5e46e3da8fa9337e3cb78aee339458831e841dd5f26bccbebc567685291ebf62,D:\HEST1000BenchRun\COUNT-SUPPORT-PREDECESSOR-50-001\main\NCBI770\SPATIAL_M00\attempt01\RESULT.json
NCBI770,SPATIAL_M02,spatial,2,Spatial Transcriptomics,Homo sapiens,Skin,666,17138,1834138,1162983,636573,19920,0,428196,10815,4291,59857,2067,1264,5092556.64891586,d217a6af8b72735d51495d09db13ad0a4e74f8c2c1654b6d61aa454896966d0f,D:\HEST1000BenchRun\COUNT-SUPPORT-PREDECESSOR-50-001\main\NCBI770\SPATIAL_M02\attempt01\RESULT.json
NCBI770,SPATIAL_M04,spatial,4,Spatial Transcriptomics,Homo sapiens,Skin,666,17138,1834138,1153157,626682,19984,0,428196,10815,4291,59857,2068,1264,5013425.069311693,dd1c564687839c5042692111e53593314c4b18ebd7712aeead4a55da60a24ca9,D:\HEST1000BenchRun\COUNT-SUPPORT-PREDECESSOR-50-001\main\NCBI770\SPATIAL_M04\attempt01\RESULT.json
NCBI770,SPATIAL_M06,spatial,6,Spatial Transcriptomics,Homo sapiens,Skin,666,17138,1834138,1148691,622152,20048,0,428196,10815,4291,59857,2068,1264,4977190.120653546,fc658bd12a873d93ec577ae59cb1da4fe2049dc0d8b8216227885d49bce5585b,D:\HEST1000BenchRun\COUNT-SUPPORT-PREDECESSOR-50-001\main\NCBI770\SPATIAL_M06\attempt01\RESULT.json
NCBI770,SPATIAL_M08,spatial,8,Spatial Transcriptomics,Homo sapiens,Skin,666,17138,1834138,1149054,620523,20112,1701,428196,10815,4291,59857,2185,1374,4964160.304393711,afb92b5c4aba56f52c5162ed89e58c8ea1aed56f3a809a625f8c25a72c6defbe,D:\HEST1000BenchRun\COUNT-SUPPORT-PREDECESSOR-50-001\main\NCBI770\SPATIAL_M08\attempt01\RESULT.json
NCBI770,SPATIAL_M12,spatial,12,Spatial Transcriptomics,Homo sapiens,Skin,666,17138,1834138,1151110,619430,20240,4719,428196,10815,4291,59857,2188,1374,4955412.565695708,116e646082025f1833720935bdf18304fd67bf7d2308f883f7dc5f09930381d7,D:\HEST1000BenchRun\COUNT-SUPPORT-PREDECESSOR-50-001\main\NCBI770\SPATIAL_M12\attempt01\RESULT.json
NCBI770,SPATIAL_M16,spatial,16,Spatial Transcriptomics,Homo sapiens,Skin,666,17138,1834138,1153911,619634,20368,7188,428196,10815,4291,59857,2188,1374,4957042.818445393,5293bcad086f8a6853a9aef62f50b0be06bb4410405a6bed6aa3e12501a52558,D:\HEST1000BenchRun\COUNT-SUPPORT-PREDECESSOR-50-001\main\NCBI770\SPATIAL_M16\attempt01\RESULT.json
NCBI770,ROW_M06,row,6,Spatial Transcriptomics,Homo sapiens,Skin,666,17138,1834138,1188111,661588,20048,0,428196,10815,4291,59857,2052,1264,5292674.347330537,fc763a359df843ae286552c360cd03bdaae7f3264ff15e1c5159726bcbb5de40,D:\HEST1000BenchRun\COUNT-SUPPORT-PREDECESSOR-50-001\main\NCBI770\ROW_M06\attempt01\RESULT.json
NCBI337,SPATIAL_M00,spatial,0,Spatial Transcriptomics,Mus musculus,Brain,188,23371,807440,493164,206265,16694,0,179969,9582,1193,76133,2064,1264,1650089.6724328385,343b033286003ed65a252888ef3476ab984aeeeaaf5d7c9af56f67a67a679883,D:\HEST1000BenchRun\COUNT-SUPPORT-PREDECESSOR-50-001\main\NCBI337\SPATIAL_M00\attempt01\RESULT.json
NCBI337,SPATIAL_M02,spatial,2,Spatial Transcriptomics,Mus musculus,Brain,188,23371,807440,492383,205386,16790,0,179969,9582,1193,76133,2066,1264,1643062.4348952044,6798229a576050f8de6bd0e98401153c2b750ea1a8f3350ff1ff0c523340e63e,D:\HEST1000BenchRun\COUNT-SUPPORT-PREDECESSOR-50-001\main\NCBI337\SPATIAL_M02\attempt01\RESULT.json
NCBI337,SPATIAL_M04,spatial,4,Spatial Transcriptomics,Mus musculus,Brain,188,23371,807440,492414,205352,16854,0,179969,9582,1193,76133,2067,1264,1642792.01226229,4b67facb3212824ea77023cd8c8f085056739b73c80769db38a2a208161e7143,D:\HEST1000BenchRun\COUNT-SUPPORT-PREDECESSOR-50-001\main\NCBI337\SPATIAL_M04\attempt01\RESULT.json
NCBI337,SPATIAL_M06,spatial,6,Spatial Transcriptomics,Mus musculus,Brain,188,23371,807440,492538,205412,16918,0,179969,9582,1193,76133,2067,1264,1643268.8162501738,8d078780fb2f4357c11d99552a9f7a78c4c70517a72a8586f268bd72bd160c85,D:\HEST1000BenchRun\COUNT-SUPPORT-PREDECESSOR-50-001\main\NCBI337\SPATIAL_M06\attempt01\RESULT.json
NCBI337,SPATIAL_M08,spatial,8,Spatial Transcriptomics,Mus musculus,Brain,188,23371,807440,493358,205441,16982,501,179969,9582,1193,76133,2183,1374,1643498.9869231766,6e96f515d0ca1dd46bb7217afe654ce58e1cb2da751775ba666f94f299def1fe,D:\HEST1000BenchRun\COUNT-SUPPORT-PREDECESSOR-50-001\main\NCBI337\SPATIAL_M08\attempt01\RESULT.json
NCBI337,SPATIAL_M12,spatial,12,Spatial Transcriptomics,Mus musculus,Brain,188,23371,807440,494168,205485,17110,1135,179969,9582,1193,76133,2187,1374,1643853.574846824,dd5d9c629d1dc9ba06f55a6ba81b1ae79389031f90c732753463198e4cf68aed,D:\HEST1000BenchRun\COUNT-SUPPORT-PREDECESSOR-50-001\main\NCBI337\SPATIAL_M12\attempt01\RESULT.json
NCBI337,SPATIAL_M16,spatial,16,Spatial Transcriptomics,Mus musculus,Brain,188,23371,807440,494941,205516,17238,1749,179969,9582,1193,76133,2187,1374,1644098.190977984,3393d5b4893ef050eedfbed81b3a8badbc9f285c9557fc2d33374271847a7d55,D:\HEST1000BenchRun\COUNT-SUPPORT-PREDECESSOR-50-001\main\NCBI337\SPATIAL_M16\attempt01\RESULT.json
NCBI337,ROW_M06,row,6,Spatial Transcriptomics,Mus musculus,Brain,188,23371,807440,492632,205522,16918,0,179969,9582,1193,76133,2051,1264,1644149.429053151,39995959808f1df758a9c41398e37787457bf2343c07454edbc2fcf3d6528f27,D:\HEST1000BenchRun\COUNT-SUPPORT-PREDECESSOR-50-001\main\NCBI337\ROW_M06\attempt01\RESULT.json
SPA33,SPATIAL_M00,spatial,0,Spatial Transcriptomics,Homo sapiens,Heart,243,39739,442474,432778,188371,22053,0,79334,11223,1533,126936,2064,1264,1506941.1920523967,4aaba3e9075cf08462033209b5111da5f809456c94a2533b71f6d9b175fa8514,D:\HEST1000BenchRun\COUNT-SUPPORT-PREDECESSOR-50-001\main\SPA33\SPATIAL_M00\attempt01\RESULT.json
SPA33,SPATIAL_M02,spatial,2,Spatial Transcriptomics,Homo sapiens,Heart,243,39739,442474,431066,186561,22149,0,79334,11223,1533,126936,2066,1264,1492458.9945392797,563c4248c695770b2155896d3fd55fb9ece55fe98eb3438f62b945a613ee78e2,D:\HEST1000BenchRun\COUNT-SUPPORT-PREDECESSOR-50-001\main\SPA33\SPATIAL_M02\attempt01\RESULT.json
SPA33,SPATIAL_M04,spatial,4,Spatial Transcriptomics,Homo sapiens,Heart,243,39739,442474,431037,186467,22213,0,79334,11223,1533,126936,2067,1264,1491707.11356011,ce990dd3a207effe48f0bd92a33b1c56db79cbdcc8754987d486c8beef3ba1da,D:\HEST1000BenchRun\COUNT-SUPPORT-PREDECESSOR-50-001\main\SPA33\SPATIAL_M04\attempt01\RESULT.json
SPA33,SPATIAL_M06,spatial,6,Spatial Transcriptomics,Homo sapiens,Heart,243,39739,442474,431079,186445,22277,0,79334,11223,1533,126936,2067,1264,1491532.9823608696,1dfc3298b3088e6035595f5b6d079f7e9ae1e02ab1082e9fcfe1ce8f3087fa96,D:\HEST1000BenchRun\COUNT-SUPPORT-PREDECESSOR-50-001\main\SPA33\SPATIAL_M06\attempt01\RESULT.json
SPA33,SPATIAL_M08,spatial,8,Spatial Transcriptomics,Homo sapiens,Heart,243,39739,442474,431977,186434,22341,619,79334,11223,1533,126936,2183,1374,1491446.0444647977,84cdcd3435d6ad7a265e1669cea505036f40b40c80e70316f3dabd259ccc32f9,D:\HEST1000BenchRun\COUNT-SUPPORT-PREDECESSOR-50-001\main\SPA33\SPATIAL_M08\attempt01\RESULT.json
SPA33,SPATIAL_M12,spatial,12,Spatial Transcriptomics,Homo sapiens,Heart,243,39739,442474,432998,186406,22469,1536,79334,11223,1533,126936,2187,1374,1491223.9043896059,7c568be5f9ae2d9b36c9022f5c8c48a3f5cb903967507a1e4567156418f0e49f,D:\HEST1000BenchRun\COUNT-SUPPORT-PREDECESSOR-50-001\main\SPA33\SPATIAL_M12\attempt01\RESULT.json
SPA33,SPATIAL_M16,spatial,16,Spatial Transcriptomics,Homo sapiens,Heart,243,39739,442474,433965,186417,22597,2364,79334,11223,1533,126936,2187,1374,1491306.8644482305,b633d3f22e8d487e4240a31ecb5fdf62e4ce3e201d09498f12e194e278f4a8ff,D:\HEST1000BenchRun\COUNT-SUPPORT-PREDECESSOR-50-001\main\SPA33\SPATIAL_M16\attempt01\RESULT.json
SPA33,ROW_M06,row,6,Spatial Transcriptomics,Homo sapiens,Heart,243,39739,442474,431344,186726,22277,0,79334,11223,1533,126936,2051,1264,1493777.5318372734,c9a0b499efb26e54eb1f6537a5bf80480f793d2c4177e677acee65e439533533,D:\HEST1000BenchRun\COUNT-SUPPORT-PREDECESSOR-50-001\main\SPA33\ROW_M06\attempt01\RESULT.json
NCBI176,SPATIAL_M00,spatial,0,Spatial Transcriptomics,Mus musculus,Spinal cord,326,14264,256887,241097,140126,11766,0,24975,6073,2224,52608,2061,1264,1120980.86274378,e71b105fecd0f46d7989bef2b679ffe1fabdc98f263079a0b158243311ddd0d2,D:\HEST1000BenchRun\COUNT-SUPPORT-PREDECESSOR-50-001\main\NCBI176\SPATIAL_M00\attempt01\RESULT.json
NCBI176,SPATIAL_M02,spatial,2,Spatial Transcriptomics,Mus musculus,Spinal cord,326,14264,256887,240895,139826,11862,0,24975,6073,2224,52608,2063,1264,1118578.0014869128,d78f4f86fc31cf84badf808f84d0c80ba1382467196dcbeaa9a5718f03153d66,D:\HEST1000BenchRun\COUNT-SUPPORT-PREDECESSOR-50-001\main\NCBI176\SPATIAL_M02\attempt01\RESULT.json
NCBI176,SPATIAL_M04,spatial,4,Spatial Transcriptomics,Mus musculus,Spinal cord,326,14264,256887,240952,139818,11926,0,24975,6073,2224,52608,2064,1264,1118513.0578048243,60034542ae769059b1e7e3838f7ecd6bda4a7fec30a6be6c9ca7e553493b125b,D:\HEST1000BenchRun\COUNT-SUPPORT-PREDECESSOR-50-001\main\NCBI176\SPATIAL_M04\attempt01\RESULT.json
NCBI176,SPATIAL_M06,spatial,6,Spatial Transcriptomics,Mus musculus,Spinal cord,326,14264,256887,241019,139821,11990,0,24975,6073,2224,52608,2064,1264,1118537.783513113,ca0b7d27cf475f1718f71d6376dd7199a5dbcaf0f484bec8d2042adca1249b0e,D:\HEST1000BenchRun\COUNT-SUPPORT-PREDECESSOR-50-001\main\NCBI176\SPATIAL_M06\attempt01\RESULT.json
NCBI176,SPATIAL_M08,spatial,8,Spatial Transcriptomics,Mus musculus,Spinal cord,326,14264,256887,242249,139846,12054,915,24975,6073,2224,52608,2180,1374,1118737.1537750144,c79d65baf0ac0c5cdd0409522f6b074cfe5e0798d78691542a9578017d441806,D:\HEST1000BenchRun\COUNT-SUPPORT-PREDECESSOR-50-001\main\NCBI176\SPATIAL_M08\attempt01\RESULT.json
NCBI176,SPATIAL_M12,spatial,12,Spatial Transcriptomics,Mus musculus,Spinal cord,326,14264,256887,243758,139878,12182,2260,24975,6073,2224,52608,2184,1374,1118996.061275752,2894ae83329c5b67b507cb7eb3459f6691e279d968ce1740a474b5bbd2dabe5b,D:\HEST1000BenchRun\COUNT-SUPPORT-PREDECESSOR-50-001\main\NCBI176\SPATIAL_M12\attempt01\RESULT.json
NCBI176,SPATIAL_M16,spatial,16,Spatial Transcriptomics,Mus musculus,Spinal cord,326,14264,256887,245044,139891,12310,3405,24975,6073,2224,52608,2184,1374,1119098.295784518,47e47035400f8283fd86ff288274a802fcc9f517b7ed3663a5c90840ed4c6f50,D:\HEST1000BenchRun\COUNT-SUPPORT-PREDECESSOR-50-001\main\NCBI176\SPATIAL_M16\attempt01\RESULT.json
NCBI176,ROW_M06,row,6,Spatial Transcriptomics,Mus musculus,Spinal cord,326,14264,256887,241193,140011,11990,0,24975,6073,2224,52608,2048,1264,1120060.5670793934,4607a4992adce76c9f774f4ef2cb24d29de10b29941a26999f8c79c8ef0fb395,D:\HEST1000BenchRun\COUNT-SUPPORT-PREDECESSOR-50-001\main\NCBI176\ROW_M06\attempt01\RESULT.json
SPA96,SPATIAL_M00,spatial,0,Spatial Transcriptomics,Homo sapiens,Breast,464,17973,638692,497005,297569,16810,0,106036,9385,3286,60591,2064,1264,2380527.39037387,3bd82469179eacd19a51ab01c8b2288dd7fc0db136ed50fdc3a4535c0f0e5aca,D:\HEST1000BenchRun\COUNT-SUPPORT-PREDECESSOR-50-001\main\SPA96\SPATIAL_M00\attempt01\RESULT.json
SPA96,SPATIAL_M02,spatial,2,Spatial Transcriptomics,Homo sapiens,Breast,464,17973,638692,494392,294858,16906,0,106036,9385,3286,60591,2066,1264,2358836.4480172456,823fd13cdae22c9e07c7bb1438fc7e6bbbed5ab0597705adbd2d6057d0ff109b,D:\HEST1000BenchRun\COUNT-SUPPORT-PREDECESSOR-50-001\main\SPA96\SPATIAL_M02\attempt01\RESULT.json
SPA96,SPATIAL_M04,spatial,4,Spatial Transcriptomics,Homo sapiens,Breast,464,17973,638692,493236,293637,16970,0,106036,9385,3286,60591,2067,1264,2349067.432422432,9931e1759f58487d74c39c9e36302938266da7564b413cd92485312bacd79677,D:\HEST1000BenchRun\COUNT-SUPPORT-PREDECESSOR-50-001\main\SPA96\SPATIAL_M04\attempt01\RESULT.json
SPA96,SPATIAL_M06,spatial,6,Spatial Transcriptomics,Homo sapiens,Breast,464,17973,638692,493202,293539,17034,0,106036,9385,3286,60591,2067,1264,2348286.050566382,4d52b19bba3ec83fb44149362957f754f01d9beeec239499143fd2edfc4acaf2,D:\HEST1000BenchRun\COUNT-SUPPORT-PREDECESSOR-50-001\main\SPA96\SPATIAL_M06\attempt01\RESULT.json
SPA96,SPATIAL_M08,spatial,8,Spatial Transcriptomics,Homo sapiens,Breast,464,17973,638692,494904,293520,17098,1430,106036,9385,3286,60591,2184,1374,2348135.4086146904,283f613cc2a7042571eb5191d5697afcd221076cc7c3fd33bc8b137ca2b4ac48,D:\HEST1000BenchRun\COUNT-SUPPORT-PREDECESSOR-50-001\main\SPA96\SPATIAL_M08\attempt01\RESULT.json
SPA96,SPATIAL_M12,spatial,12,Spatial Transcriptomics,Homo sapiens,Breast,464,17973,638692,497194,293848,17226,3261,106036,9385,3286,60591,2187,1374,2350754.145092847,edd65bd6440e01b1846da12f0b879dcf7cb8efe91f04e132bc8b779f86513b2b,D:\HEST1000BenchRun\COUNT-SUPPORT-PREDECESSOR-50-001\main\SPA96\SPATIAL_M12\attempt01\RESULT.json
SPA96,SPATIAL_M16,spatial,16,Spatial Transcriptomics,Homo sapiens,Breast,464,17973,638692,499456,294096,17354,5147,106036,9385,3286,60591,2187,1374,2352742.428904902,e432abcf32f782582c40e74096566c0875f19e5a9df06393b38410dbf77fb6f2,D:\HEST1000BenchRun\COUNT-SUPPORT-PREDECESSOR-50-001\main\SPA96\SPATIAL_M16\attempt01\RESULT.json
SPA96,ROW_M06,row,6,Spatial Transcriptomics,Homo sapiens,Breast,464,17973,638692,496721,297074,17034,0,106036,9385,3286,60591,2051,1264,2376565.216431241,7d0c0f4fadb4f8126f2606fa0299bc6931824583279ad6704b42e5292e21d607,D:\HEST1000BenchRun\COUNT-SUPPORT-PREDECESSOR-50-001\main\SPA96\ROW_M06\attempt01\RESULT.json
SPA14,SPATIAL_M00,spatial,0,Spatial Transcriptomics,Mus musculus,Brain,280,15981,1083064,674212,303738,15575,0,284377,9406,1798,55989,2065,1264,2429877.381416049,82f6fbe97cbc90eec607e9c20f319ec70e6efea51dd6aad8fd5efed406479c62,D:\HEST1000BenchRun\COUNT-SUPPORT-PREDECESSOR-50-001\main\SPA14\SPATIAL_M00\attempt01\RESULT.json
SPA14,SPATIAL_M02,spatial,2,Spatial Transcriptomics,Mus musculus,Brain,280,15981,1083064,673670,303098,15671,0,284377,9406,1798,55989,2067,1264,2424757.1476301644,88507619d466873b8fcd27642292c21fb15eb1bf605b6ac9c021e6d62f9d3a3d,D:\HEST1000BenchRun\COUNT-SUPPORT-PREDECESSOR-50-001\main\SPA14\SPATIAL_M02\attempt01\RESULT.json
SPA14,SPATIAL_M04,spatial,4,Spatial Transcriptomics,Mus musculus,Brain,280,15981,1083064,673505,302868,15735,0,284377,9406,1798,55989,2068,1264,2422919.0759901586,538f897c4d86f5d0ae2cabd2860dd47c93840dffd72d34fe2b135ac7d48af76e,D:\HEST1000BenchRun\COUNT-SUPPORT-PREDECESSOR-50-001\main\SPA14\SPATIAL_M04\attempt01\RESULT.json
SPA14,SPATIAL_M06,spatial,6,Spatial Transcriptomics,Mus musculus,Brain,280,15981,1083064,673514,302813,15799,0,284377,9406,1798,55989,2068,1264,2422473.350957185,fc19e4ca1d4fa992c6b3ee17c1779cb225903bf467e8ae544e8f09978cfb8e97,D:\HEST1000BenchRun\COUNT-SUPPORT-PREDECESSOR-50-001\main\SPA14\SPATIAL_M06\attempt01\RESULT.json
SPA14,SPATIAL_M08,spatial,8,Spatial Transcriptomics,Mus musculus,Brain,280,15981,1083064,674544,302788,15863,765,284377,9406,1798,55989,2184,1374,2422273.5651295953,b1c6bb916d0ff7b7ca0ebeb982008baf4af9d8670a3e534030d44302ce3fed1f,D:\HEST1000BenchRun\COUNT-SUPPORT-PREDECESSOR-50-001\main\SPA14\SPATIAL_M08\attempt01\RESULT.json
SPA14,SPATIAL_M12,spatial,12,Spatial Transcriptomics,Mus musculus,Brain,280,15981,1083064,675651,302740,15991,1788,284377,9406,1798,55989,2188,1374,2421894.112987231,cfbab25952fa4806caa09c4ad5759b35d2ee198445cb89cc0d2ade4d31208ffc,D:\HEST1000BenchRun\COUNT-SUPPORT-PREDECESSOR-50-001\main\SPA14\SPATIAL_M12\attempt01\RESULT.json
SPA14,SPATIAL_M16,spatial,16,Spatial Transcriptomics,Mus musculus,Brain,280,15981,1083064,676881,302849,16119,2781,284377,9406,1798,55989,2188,1374,2422768.3222616557,ef5f78fe2e34c699d0ceaff57faa8468ff2c56f0707ee5d702f435976ac02b39,D:\HEST1000BenchRun\COUNT-SUPPORT-PREDECESSOR-50-001\main\SPA14\SPATIAL_M16\attempt01\RESULT.json
SPA14,ROW_M06,row,6,Spatial Transcriptomics,Mus musculus,Brain,280,15981,1083064,673659,302974,15799,0,284377,9406,1798,55989,2052,1264,2423764.30452878,0a0076e58ad3c39ecc5c5ff54898d0781f15b0a4276c9075f38dc1cd059aa20a,D:\HEST1000BenchRun\COUNT-SUPPORT-PREDECESSOR-50-001\main\SPA14\ROW_M06\attempt01\RESULT.json
NCBI491,SPATIAL_M00,spatial,0,Visium,Homo sapiens,Skin,913,20613,2012976,1484401,831927,21802,0,523444,12931,6906,84061,2066,1264,6655385.490589583,ebd81c4de881b124ec9ebf2145ec2e6361232df19d7eae04d60e8381a1546400,D:\HEST1000BenchRun\COUNT-SUPPORT-PREDECESSOR-50-001\main\NCBI491\SPATIAL_M00\attempt01\RESULT.json
NCBI491,SPATIAL_M02,spatial,2,Visium,Homo sapiens,Skin,913,20613,2012976,1422146,769574,21898,0,523444,12931,6906,84061,2068,1264,6156559.463414245,be242fda96e836f1bd853ea28e22150cd843a4b641e30ce994c0e49c3587791e,D:\HEST1000BenchRun\COUNT-SUPPORT-PREDECESSOR-50-001\main\NCBI491\SPATIAL_M02\attempt01\RESULT.json
NCBI491,SPATIAL_M04,spatial,4,Visium,Homo sapiens,Skin,913,20613,2012976,1401734,749097,21962,0,523444,12931,6906,84061,2069,1264,5992745.185592022,752c57cc93de6eaac25cc86be7b1b7403bc6fce6b28083e1e3218800c0712b0b,D:\HEST1000BenchRun\COUNT-SUPPORT-PREDECESSOR-50-001\main\NCBI491\SPATIAL_M04\attempt01\RESULT.json
NCBI491,SPATIAL_M06,spatial,6,Visium,Homo sapiens,Skin,913,20613,2012976,1395987,743286,22026,0,523444,12931,6906,84061,2069,1264,5946257.468977247,3dbf33755dbacd80dec6c675713809740188ad10f31d6007d8b0c2afb68f469e,D:\HEST1000BenchRun\COUNT-SUPPORT-PREDECESSOR-50-001\main\NCBI491\SPATIAL_M06\attempt01\RESULT.json
NCBI491,SPATIAL_M08,spatial,8,Visium,Homo sapiens,Skin,913,20613,2012976,1396448,740737,22090,2719,523444,12931,6906,84061,2186,1374,5925869.80814161,547a772ce39eb2a63fe1abde3ff3f21abe37fcfb7b068807e3a1c4ef6ace044c,D:\HEST1000BenchRun\COUNT-SUPPORT-PREDECESSOR-50-001\main\NCBI491\SPATIAL_M08\attempt01\RESULT.json
NCBI491,SPATIAL_M12,spatial,12,Visium,Homo sapiens,Skin,913,20613,2012976,1399464,739340,22218,7001,523444,12931,6906,84061,2189,1374,5914691.08076151,ae193fe4e8108a69501f43440e5365c53e57656917919414412fc29bb271107b,D:\HEST1000BenchRun\COUNT-SUPPORT-PREDECESSOR-50-001\main\NCBI491\SPATIAL_M12\attempt01\RESULT.json
NCBI491,SPATIAL_M16,spatial,16,Visium,Homo sapiens,Skin,913,20613,2012976,1406894,742336,22346,11306,523444,12931,6906,84061,2190,1374,5938660.986621269,780fe5f09302ee31d6ba1d09d454f7c1e6139fbfdcb875070f9d22dd89633728,D:\HEST1000BenchRun\COUNT-SUPPORT-PREDECESSOR-50-001\main\NCBI491\SPATIAL_M16\attempt01\RESULT.json
NCBI491,ROW_M06,row,6,Visium,Homo sapiens,Skin,913,20613,2012976,1484336,831651,22026,0,523444,12931,6906,84061,2053,1264,6653176.451119483,53edc9c57f1035cb0662630465afaa4e3bf2f717e7de00d66f1e1bee8eb946b2,D:\HEST1000BenchRun\COUNT-SUPPORT-PREDECESSOR-50-001\main\NCBI491\ROW_M06\attempt01\RESULT.json
MEND124,SPATIAL_M00,spatial,0,Visium,Mus musculus,Brain,1448,32285,10927762,5629852,1830907,34434,0,3620551,16892,11340,112389,2075,1264,14647227.860191766,fc95258b048696a677aba01c85af9f144f691edd1218ecc37002ce303ccab90c,D:\HEST1000BenchRun\COUNT-SUPPORT-PREDECESSOR-50-001\main\MEND124\SPATIAL_M00\attempt01\RESULT.json
MEND124,SPATIAL_M02,spatial,2,Visium,Mus musculus,Brain,1448,32285,10927762,5600423,1801380,34530,0,3620551,16892,11340,112389,2077,1264,14411015.28397996,d94f6d7455cf8051902b026863d13abfd4156ea7a1f8897458f8c110bccb4cd0,D:\HEST1000BenchRun\COUNT-SUPPORT-PREDECESSOR-50-001\main\MEND124\SPATIAL_M02\attempt01\RESULT.json
MEND124,SPATIAL_M04,spatial,4,Visium,Mus musculus,Brain,1448,32285,10927762,5583799,1784691,34594,0,3620551,16892,11340,112389,2078,1264,14277500.04401451,2d487ff75974acaa2f1e6725583a06bddae82d695b346c59dc236d55da11cf65,D:\HEST1000BenchRun\COUNT-SUPPORT-PREDECESSOR-50-001\main\MEND124\SPATIAL_M04\attempt01\RESULT.json
MEND124,SPATIAL_M06,spatial,6,Visium,Mus musculus,Brain,1448,32285,10927762,5577668,1778496,34658,0,3620551,16892,11340,112389,2078,1264,14227937.389612805,4d51468c11b16ba35c1c5a9accfd894af6a94ffbe205636401fabcbc6ce20190,D:\HEST1000BenchRun\COUNT-SUPPORT-PREDECESSOR-50-001\main\MEND124\SPATIAL_M06\attempt01\RESULT.json
MEND124,SPATIAL_M08,spatial,8,Visium,Mus musculus,Brain,1448,32285,10927762,5579597,1775847,34722,4287,3620551,16892,11340,112389,2195,1374,14206748.518113792,d928c79697a1576116f2a969629d21b671ba13265cd6b65c7ccacbb43ba9ac29,D:\HEST1000BenchRun\COUNT-SUPPORT-PREDECESSOR-50-001\main\MEND124\SPATIAL_M08\attempt01\RESULT.json
MEND124,SPATIAL_M12,spatial,12,Visium,Mus musculus,Brain,1448,32285,10927762,5582973,1771835,34850,11543,3620551,16892,11340,112389,2199,1374,14174648.756816434,33ced8be37b669e2850fb55336e14c05c3aa89e5b9efca70b63e37cd49e99f1b,D:\HEST1000BenchRun\COUNT-SUPPORT-PREDECESSOR-50-001\main\MEND124\SPATIAL_M12\attempt01\RESULT.json
MEND124,SPATIAL_M16,spatial,16,Visium,Mus musculus,Brain,1448,32285,10927762,5591361,1772927,34978,18711,3620551,16892,11340,112389,2199,1374,14183390.920519248,93465524c5e2f27b422427eba7fb0b54157e5e7d3c55c1f3473a1efa133395e3,D:\HEST1000BenchRun\COUNT-SUPPORT-PREDECESSOR-50-001\main\MEND124\SPATIAL_M16\attempt01\RESULT.json
MEND124,ROW_M06,row,6,Visium,Mus musculus,Brain,1448,32285,10927762,5630005,1830849,34658,0,3620551,16892,11340,112389,2062,1264,14646766.053138575,b44689e2e54e3a645926808224707cb64741f12dfdcab2c1e4454d05ac6746c5,D:\HEST1000BenchRun\COUNT-SUPPORT-PREDECESSOR-50-001\main\MEND124\ROW_M06\attempt01\RESULT.json
NCBI709,SPATIAL_M00,spatial,0,Visium,Homo sapiens,Kidney,1034,36601,2491846,1522803,947976,30675,0,391586,13080,7932,128222,2068,1264,7583779.89423179,f0b00ab71e148e77d39e9888c68f91fdab7d5f3b01b757c4694a128c53bd9c91,D:\HEST1000BenchRun\COUNT-SUPPORT-PREDECESSOR-50-001\main\NCBI709\SPATIAL_M00\attempt01\RESULT.json
NCBI709,SPATIAL_M02,spatial,2,Visium,Homo sapiens,Kidney,1034,36601,2491846,1521648,946723,30771,0,391586,13080,7932,128222,2070,1264,7573755.013935627,1a1dff66e7b31c80c8572170d57db9b7e37370e66d929411f818dec0a17f01c0,D:\HEST1000BenchRun\COUNT-SUPPORT-PREDECESSOR-50-001\main\NCBI709\SPATIAL_M02\attempt01\RESULT.json
NCBI709,SPATIAL_M04,spatial,4,Visium,Homo sapiens,Kidney,1034,36601,2491846,1521480,946490,30835,0,391586,13080,7932,128222,2071,1264,7571890.500251778,431387604b49d277042862df33d0c128d0d1a046f968349d4f5cbc269302ccf1,D:\HEST1000BenchRun\COUNT-SUPPORT-PREDECESSOR-50-001\main\NCBI709\SPATIAL_M04\attempt01\RESULT.json
NCBI709,SPATIAL_M06,spatial,6,Visium,Homo sapiens,Kidney,1034,36601,2491846,1521425,946371,30899,0,391586,13080,7932,128222,2071,1264,7570942.593839465,eb062eca8edcf1b88ff36635e183fe06bb00a5f10b1b31dd016f70e014f3d042,D:\HEST1000BenchRun\COUNT-SUPPORT-PREDECESSOR-50-001\main\NCBI709\SPATIAL_M06\attempt01\RESULT.json
NCBI709,SPATIAL_M08,spatial,8,Visium,Homo sapiens,Kidney,1034,36601,2491846,1524766,946410,30963,3011,391586,13080,7932,128222,2188,1374,7571248.884317226,9b586f7cd9866c08efb0834728ae785a9442633f659da5bdef7b8c656961ecde,D:\HEST1000BenchRun\COUNT-SUPPORT-PREDECESSOR-50-001\main\NCBI709\SPATIAL_M08\attempt01\RESULT.json
NCBI709,SPATIAL_M12,spatial,12,Visium,Homo sapiens,Kidney,1034,36601,2491846,1529887,946426,31091,7985,391586,13080,7932,128222,2191,1374,7571377.138388646,04b8d06ad5a1335135c594e86c3cffdc06d8e44133a489ca9f001dddd5114c26,D:\HEST1000BenchRun\COUNT-SUPPORT-PREDECESSOR-50-001\main\NCBI709\SPATIAL_M12\attempt01\RESULT.json
NCBI709,SPATIAL_M16,spatial,16,Visium,Homo sapiens,Kidney,1034,36601,2491846,1534954,946481,31219,12868,391586,13080,7932,128222,2192,1374,7571821.659642169,52518b8ca2a1f2fab51dccb76447a742ba6b89bba9469bb126bb1d6133b1c88b,D:\HEST1000BenchRun\COUNT-SUPPORT-PREDECESSOR-50-001\main\NCBI709\SPATIAL_M16\attempt01\RESULT.json
NCBI709,ROW_M06,row,6,Visium,Homo sapiens,Kidney,1034,36601,2491846,1522194,947156,30899,0,391586,13080,7932,128222,2055,1264,7577221.498414688,60ecf37b6f5c6daea96d95fdf921a26c0197686016d47c5c246eba8a526e8899,D:\HEST1000BenchRun\COUNT-SUPPORT-PREDECESSOR-50-001\main\NCBI709\ROW_M06\attempt01\RESULT.json
NCBI844,SPATIAL_M00,spatial,0,Visium,Mus musculus,Liver,4992,31053,11089602,7069908,3996702,28753,0,2838930,13746,44532,143908,2073,1264,31973585.548231676,26cd263587d8406cb7906e34dba0d06343ed2a79411b1b5240a4360971eb3278,D:\HEST1000BenchRun\COUNT-SUPPORT-PREDECESSOR-50-001\main\NCBI844\SPATIAL_M00\attempt01\RESULT.json
NCBI844,SPATIAL_M02,spatial,2,Visium,Mus musculus,Liver,4992,31053,11089602,6495291,3421987,28849,0,2838930,13746,44532,143908,2075,1264,27375865.78646808,1e2ef6f4ef6e9eb543286bae279b20ae636556f292ae6e53c91b1436b9c80352,D:\HEST1000BenchRun\COUNT-SUPPORT-PREDECESSOR-50-001\main\NCBI844\SPATIAL_M02\attempt01\RESULT.json
NCBI844,SPATIAL_M04,spatial,4,Visium,Mus musculus,Liver,4992,31053,11089602,6314560,3241191,28913,0,2838930,13746,44532,143908,2076,1264,25929501.963365972,2c7e5a118b2d6aea094f240ff7b4730cb9ca4e29a6973f2d7dd75a852f38281c,D:\HEST1000BenchRun\COUNT-SUPPORT-PREDECESSOR-50-001\main\NCBI844\SPATIAL_M04\attempt01\RESULT.json
NCBI844,SPATIAL_M06,spatial,6,Visium,Mus musculus,Liver,4992,31053,11089602,6226218,3152785,28977,0,2838930,13746,44532,143908,2076,1264,25222253.885352787,de89db605d19c241e6b3a1ab5c2568ab5c064b817b3f9d5907e7e671370e01d9,D:\HEST1000BenchRun\COUNT-SUPPORT-PREDECESSOR-50-001\main\NCBI844\SPATIAL_M06\attempt01\RESULT.json
NCBI844,SPATIAL_M08,spatial,8,Visium,Mus musculus,Liver,4992,31053,11089602,6190238,3100801,29041,15712,2838930,13746,44532,143908,2194,1374,24806382.88987125,40b63753f762b4f6aa5d8d23ec7954c2eff19df2b889f245ad8704a8273b4196,D:\HEST1000BenchRun\COUNT-SUPPORT-PREDECESSOR-50-001\main\NCBI844\SPATIAL_M08\attempt01\RESULT.json
NCBI844,SPATIAL_M12,spatial,12,Visium,Mus musculus,Liver,4992,31053,11089602,6162858,3043595,29169,45407,2838930,13746,44532,143908,2197,1374,24348729.545560215,4922dfd81b6bdc7ec7b213eebc2a26fea17a34d2b167fc42dae6ee8533dbcd3d,D:\HEST1000BenchRun\COUNT-SUPPORT-PREDECESSOR-50-001\main\NCBI844\SPATIAL_M12\attempt01\RESULT.json
NCBI844,SPATIAL_M16,spatial,16,Visium,Mus musculus,Liver,4992,31053,11089602,6162527,3013704,29297,74839,2838930,13746,44532,143908,2197,1374,24109608.216095343,ea20a0c13fbd53c4361e78f821e8e7ac4e7372d5f8243f3835605630a80bca2d,D:\HEST1000BenchRun\COUNT-SUPPORT-PREDECESSOR-50-001\main\NCBI844\SPATIAL_M16\attempt01\RESULT.json
NCBI844,ROW_M06,row,6,Visium,Mus musculus,Liver,4992,31053,11089602,7070124,3996707,28977,0,2838930,13746,44532,143908,2060,1264,31973630.99994978,20ef9ba92356e835873bdccc7a1a13343b1b76076a0094eee5d10b2f5001dd43,D:\HEST1000BenchRun\COUNT-SUPPORT-PREDECESSOR-50-001\main\NCBI844\ROW_M06\attempt01\RESULT.json
NCBI435,SPATIAL_M00,spatial,0,Visium,Mus musculus,Eye,1106,32285,2426906,1456584,816732,25658,0,470014,11850,8522,120476,2068,1264,6533832.286780604,6f00c4dc7f5fe68d450e539afd77ccf37645a3198942a0d02aeef3c4e6e6d4ee,D:\HEST1000BenchRun\COUNT-SUPPORT-PREDECESSOR-50-001\main\NCBI435\SPATIAL_M00\attempt01\RESULT.json
NCBI435,SPATIAL_M02,spatial,2,Visium,Mus musculus,Eye,1106,32285,2426906,1452307,812357,25754,0,470014,11850,8522,120476,2070,1264,6498829.7847233545,7aac11c8072fd9699a9b502fa90ef8f8c9878da8673e9cd1cfa43b2fa1237491,D:\HEST1000BenchRun\COUNT-SUPPORT-PREDECESSOR-50-001\main\NCBI435\SPATIAL_M02\attempt01\RESULT.json
NCBI435,SPATIAL_M04,spatial,4,Visium,Mus musculus,Eye,1106,32285,2426906,1450136,810121,25818,0,470014,11850,8522,120476,2071,1264,6480937.950374887,5852db0f748d58b0b17ccc396473132950f7a005e999b234def21f35ee9103f6,D:\HEST1000BenchRun\COUNT-SUPPORT-PREDECESSOR-50-001\main\NCBI435\SPATIAL_M04\attempt01\RESULT.json
NCBI435,SPATIAL_M06,spatial,6,Visium,Mus musculus,Eye,1106,32285,2426906,1448858,808779,25882,0,470014,11850,8522,120476,2071,1264,6470205.063137503,d82d64f8f9a528132ed7e546431db2ac63ac39074b228f275ef197de77e44f67,D:\HEST1000BenchRun\COUNT-SUPPORT-PREDECESSOR-50-001\main\NCBI435\SPATIAL_M06\attempt01\RESULT.json
NCBI435,SPATIAL_M08,spatial,8,Visium,Mus musculus,Eye,1106,32285,2426906,1451333,807743,25946,3220,470014,11850,8522,120476,2188,1374,6461913.7550749015,48002aa541d599abeb8834a4b5eff2c204b1e3a49c62644976abb4ba4f7c49ef,D:\HEST1000BenchRun\COUNT-SUPPORT-PREDECESSOR-50-001\main\NCBI435\SPATIAL_M08\attempt01\RESULT.json
NCBI435,SPATIAL_M12,spatial,12,Visium,Mus musculus,Eye,1106,32285,2426906,1455396,806291,26074,8604,470014,11850,8522,120476,2191,1374,6450302.803032325,8ebe0407c26f447a1871b73a0db528296241f27ed4699799d686ef8503bf97bf,D:\HEST1000BenchRun\COUNT-SUPPORT-PREDECESSOR-50-001\main\NCBI435\SPATIAL_M12\attempt01\RESULT.json
NCBI435,SPATIAL_M16,spatial,16,Visium,Mus musculus,Eye,1106,32285,2426906,1460015,805515,26202,13870,470014,11850,8522,120476,2192,1374,6444091.6083139535,dd0e76266170ed45c7d6415a42fd65287c02217c4d950435d57d84082c9fb638,D:\HEST1000BenchRun\COUNT-SUPPORT-PREDECESSOR-50-001\main\NCBI435\SPATIAL_M16\attempt01\RESULT.json
NCBI435,ROW_M06,row,6,Visium,Mus musculus,Eye,1106,32285,2426906,1455950,815887,25882,0,470014,11850,8522,120476,2055,1264,6527071.622095924,e8c0c2b30517ba8463c45e3077f165de280b0975be683c50a6e9fa286e88711c,D:\HEST1000BenchRun\COUNT-SUPPORT-PREDECESSOR-50-001\main\NCBI435\ROW_M06\attempt01\RESULT.json
NCBI812,SPATIAL_M00,spatial,0,Visium,Homo sapiens,Uterus,2605,36612,5800321,3562424,2246904,34932,0,1065082,14141,21705,176323,2073,1264,17975202.549100984,5700097a0c7da8418e21d3c4c56af9d5b1c9f1a31563cbc318973e08506d198d,D:\HEST1000BenchRun\COUNT-SUPPORT-PREDECESSOR-50-001\main\NCBI812\SPATIAL_M00\attempt01\RESULT.json
NCBI812,SPATIAL_M02,spatial,2,Visium,Homo sapiens,Uterus,2605,36612,5800321,3552505,2236887,35028,0,1065082,14141,21705,176323,2075,1264,17895070.46165767,a3540036b7b47444bfcc05b8f158cd672cd827b39260173478dcf7ab5837804f,D:\HEST1000BenchRun\COUNT-SUPPORT-PREDECESSOR-50-001\main\NCBI812\SPATIAL_M02\attempt01\RESULT.json
NCBI812,SPATIAL_M04,spatial,4,Visium,Homo sapiens,Uterus,2605,36612,5800321,3547072,2231389,35092,0,1065082,14141,21705,176323,2076,1264,17851086.250299346,971182e90b5c25b63ba9f1f0a94c4f5d40546a38eaeb46cf6cf517f47052d1f9,D:\HEST1000BenchRun\COUNT-SUPPORT-PREDECESSOR-50-001\main\NCBI812\SPATIAL_M04\attempt01\RESULT.json
NCBI812,SPATIAL_M06,spatial,6,Visium,Homo sapiens,Uterus,2605,36612,5800321,3544766,2229019,35156,0,1065082,14141,21705,176323,2076,1264,17832125.472434014,f79ace73e51d4eadcbe924f7aa5a370bfd2d443b7bcfbb09787aa29e6f513e44,D:\HEST1000BenchRun\COUNT-SUPPORT-PREDECESSOR-50-001\main\NCBI812\SPATIAL_M06\attempt01\RESULT.json
NCBI812,SPATIAL_M08,spatial,8,Visium,Homo sapiens,Uterus,2605,36612,5800321,3551560,2227686,35220,7836,1065082,14141,21705,176323,2193,1374,17821462.472697206,43d86d1ea980eee28279b8a729b7766c99ce7cbcb9bcab4304adbbbc1b3c9354,D:\HEST1000BenchRun\COUNT-SUPPORT-PREDECESSOR-50-001\main\NCBI812\SPATIAL_M08\attempt01\RESULT.json
NCBI812,SPATIAL_M12,spatial,12,Visium,Homo sapiens,Uterus,2605,36612,5800321,3565064,2226880,35348,22014,1065082,14141,21705,176323,2197,1374,17815011.296782747,cece5791934c2204bf79f7cc7864d7f714703c4a67e6bdd50977274e9e670b7b,D:\HEST1000BenchRun\COUNT-SUPPORT-PREDECESSOR-50-001\main\NCBI812\SPATIAL_M12\attempt01\RESULT.json
NCBI812,SPATIAL_M16,spatial,16,Visium,Homo sapiens,Uterus,2605,36612,5800321,3579122,2226707,35476,36117,1065082,14141,21705,176323,2197,1374,17813624.37432817,dfd69c7a22a64aaeb4b90e7c33792e83b1348df521adde8520cf28e44f8a6103,D:\HEST1000BenchRun\COUNT-SUPPORT-PREDECESSOR-50-001\main\NCBI812\SPATIAL_M16\attempt01\RESULT.json
NCBI812,ROW_M06,row,6,Visium,Homo sapiens,Uterus,2605,36612,5800321,3562623,2246892,35156,0,1065082,14141,21705,176323,2060,1264,17975107.17179722,d8f87dab907f1f815e9f3c9ebbe57ee961125a53efc98d7562081b0afa36890d,D:\HEST1000BenchRun\COUNT-SUPPORT-PREDECESSOR-50-001\main\NCBI812\ROW_M06\attempt01\RESULT.json
NCBI629,SPATIAL_M00,spatial,0,Visium,Homo sapiens,Brain,3620,36601,12566538,6758850,4002626,39765,0,2468161,14857,31178,198925,2074,1264,32020979.646897484,25357e15ff90723e8f0bcbee20ec669e9e9637dc51debd436de906e55d9e5f1b,D:\HEST1000BenchRun\COUNT-SUPPORT-PREDECESSOR-50-001\main\NCBI629\SPATIAL_M00\attempt01\RESULT.json
NCBI629,SPATIAL_M02,spatial,2,Visium,Homo sapiens,Brain,3620,36601,12566538,6743270,3986948,39861,0,2468161,14857,31178,198925,2076,1264,31895556.8201126,2d40fa9bf285e07bf2ce1f5162033f3fe869e5b7574375128a1925c389e42db5,D:\HEST1000BenchRun\COUNT-SUPPORT-PREDECESSOR-50-001\main\NCBI629\SPATIAL_M02\attempt01\RESULT.json
NCBI629,SPATIAL_M04,spatial,4,Visium,Homo sapiens,Brain,3620,36601,12566538,6734673,3978286,39925,0,2468161,14857,31178,198925,2077,1264,31826261.343027506,9db8c2c9d5c19fc713b7606d1b40efd01244993f6017567aecfdf817d8648ee5,D:\HEST1000BenchRun\COUNT-SUPPORT-PREDECESSOR-50-001\main\NCBI629\SPATIAL_M04\attempt01\RESULT.json
NCBI629,SPATIAL_M06,spatial,6,Visium,Homo sapiens,Brain,3620,36601,12566538,6730088,3973637,39989,0,2468161,14857,31178,198925,2077,1264,31789069.98239427,530365e835537d794ce4ca2d2cbcf750d2ea00d8a1646f3ee3cc53bb460a2d0f,D:\HEST1000BenchRun\COUNT-SUPPORT-PREDECESSOR-50-001\main\NCBI629\SPATIAL_M06\attempt01\RESULT.json
NCBI629,SPATIAL_M08,spatial,8,Visium,Homo sapiens,Brain,3620,36601,12566538,6738393,3970528,40053,11122,2468161,14857,31178,198925,2195,1374,31764192.926167026,5cee96b588efd9b647526e4e9b9b11730ddab3319cb9e394aad4a78bb005ca24,D:\HEST1000BenchRun\COUNT-SUPPORT-PREDECESSOR-50-001\main\NCBI629\SPATIAL_M08\attempt01\RESULT.json
NCBI629,SPATIAL_M12,spatial,12,Visium,Homo sapiens,Brain,3620,36601,12566538,6755973,3967198,40181,31901,2468161,14857,31178,198925,2198,1374,31737559.14039034,22997cdef8e831222c952b14788ceab7e71b92fde723b44a36817045c03318ff,D:\HEST1000BenchRun\COUNT-SUPPORT-PREDECESSOR-50-001\main\NCBI629\SPATIAL_M12\attempt01\RESULT.json
NCBI629,SPATIAL_M16,spatial,16,Visium,Homo sapiens,Brain,3620,36601,12566538,6775475,3966112,40309,52361,2468161,14857,31178,198925,2198,1374,31728870.752047937,c737bf6584076d6c91c2e34dc1564476ec40b425ef6f837d15dc8effa6e13c02,D:\HEST1000BenchRun\COUNT-SUPPORT-PREDECESSOR-50-001\main\NCBI629\SPATIAL_M16\attempt01\RESULT.json
NCBI629,ROW_M06,row,6,Visium,Homo sapiens,Brain,3620,36601,12566538,6759055,4002620,39989,0,2468161,14857,31178,198925,2061,1264,32020934.32617534,ff6806b50baa80dec2dae8eda550ffd21bfeaa35563f645845340dd7ba102adc,D:\HEST1000BenchRun\COUNT-SUPPORT-PREDECESSOR-50-001\main\NCBI629\ROW_M06\attempt01\RESULT.json
NCBI796,SPATIAL_M00,spatial,0,Visium,Mus musculus,Muscle,982,33217,1577980,1131126,643329,23978,0,320313,12747,7539,119890,2066,1264,5146608.894215635,86c46c148a45bf7afbd1e7fb7f0538087dd280a3e0a7c89756430235de73a772,D:\HEST1000BenchRun\COUNT-SUPPORT-PREDECESSOR-50-001\main\NCBI796\SPATIAL_M00\attempt01\RESULT.json
NCBI796,SPATIAL_M02,spatial,2,Visium,Mus musculus,Muscle,982,33217,1577980,1123509,635614,24074,0,320313,12747,7539,119890,2068,1264,5084887.206163773,df30a5af79397e7294783960edd80cb08e7038d96974e63e86e2fff9a382b303,D:\HEST1000BenchRun\COUNT-SUPPORT-PREDECESSOR-50-001\main\NCBI796\SPATIAL_M02\attempt01\RESULT.json
NCBI796,SPATIAL_M04,spatial,4,Visium,Mus musculus,Muscle,982,33217,1577980,1121299,633339,24138,0,320313,12747,7539,119890,2069,1264,5066682.120325389,dbe73efa7a51d381c2a24be97c924f36f4c04ff74c184a3cc1452bdfce25bafa,D:\HEST1000BenchRun\COUNT-SUPPORT-PREDECESSOR-50-001\main\NCBI796\SPATIAL_M04\attempt01\RESULT.json
NCBI796,SPATIAL_M06,spatial,6,Visium,Mus musculus,Muscle,982,33217,1577980,1120131,632107,24202,0,320313,12747,7539,119890,2069,1264,5056826.007769515,eb7f0d19d82ef37df4cab1caf950ca9b6e516ef8f60d8421c6e96ade26d3e470,D:\HEST1000BenchRun\COUNT-SUPPORT-PREDECESSOR-50-001\main\NCBI796\SPATIAL_M06\attempt01\RESULT.json
NCBI796,SPATIAL_M08,spatial,8,Visium,Mus musculus,Muscle,982,33217,1577980,1122975,631816,24266,2844,320313,12747,7539,119890,2186,1374,5054500.536686395,46bcef80a6b17893084d30757577d08b69164a20577c23e134a285aaefc8f84e,D:\HEST1000BenchRun\COUNT-SUPPORT-PREDECESSOR-50-001\main\NCBI796\SPATIAL_M08\attempt01\RESULT.json
NCBI796,SPATIAL_M12,spatial,12,Visium,Mus musculus,Muscle,982,33217,1577980,1127022,630967,24394,7609,320313,12747,7539,119890,2189,1374,5047706.824243984,762d281649ae748be5ba3571a567d17b92aa023676e91f1604cd0a314ae85413,D:\HEST1000BenchRun\COUNT-SUPPORT-PREDECESSOR-50-001\main\NCBI796\SPATIAL_M12\attempt01\RESULT.json
NCBI796,SPATIAL_M16,spatial,16,Visium,Mus musculus,Muscle,982,33217,1577980,1131822,630962,24522,12285,320313,12747,7539,119890,2190,1374,5047665.40560745,fc5230aed2fff970af7b90ae2ace2d4b1af986ac3e2c60305b66d54eb937ae9a,D:\HEST1000BenchRun\COUNT-SUPPORT-PREDECESSOR-50-001\main\NCBI796\SPATIAL_M16\attempt01\RESULT.json
NCBI796,ROW_M06,row,6,Visium,Mus musculus,Muscle,982,33217,1577980,1130488,642480,24202,0,320313,12747,7539,119890,2053,1264,5139812.930022745,6da6485aa98d163a58aae69b728caf648c6e1072c221f918cd59af6b8aeb930a,D:\HEST1000BenchRun\COUNT-SUPPORT-PREDECESSOR-50-001\main\NCBI796\ROW_M06\attempt01\RESULT.json
NCBI452,SPATIAL_M00,spatial,0,Visium,Mus musculus,Spinal cord,483,22127,2514802,1424401,616197,24259,0,687907,13320,3229,76158,2067,1264,4929549.313300778,cec53ef7857497d0c16548d194ba48f772944f1d8ddecac8ce8bc72df927970d,D:\HEST1000BenchRun\COUNT-SUPPORT-PREDECESSOR-50-001\main\NCBI452\SPATIAL_M00\attempt01\RESULT.json
NCBI452,SPATIAL_M02,spatial,2,Visium,Mus musculus,Spinal cord,483,22127,2514802,1418176,609874,24355,0,687907,13320,3229,76158,2069,1264,4878963.168743798,e13a12f1f5074f5eab8f3a18ee0bcda9151fb4fb02409d69bb2289bf65378468,D:\HEST1000BenchRun\COUNT-SUPPORT-PREDECESSOR-50-001\main\NCBI452\SPATIAL_M02\attempt01\RESULT.json
NCBI452,SPATIAL_M04,spatial,4,Visium,Mus musculus,Spinal cord,483,22127,2514802,1416976,608609,24419,0,687907,13320,3229,76158,2070,1264,4868840.85509377,9d2b56b8a98420fb5547fde8809a010397772d6f61bc917cfa2c5724ab942f9f,D:\HEST1000BenchRun\COUNT-SUPPORT-PREDECESSOR-50-001\main\NCBI452\SPATIAL_M04\attempt01\RESULT.json
NCBI452,SPATIAL_M06,spatial,6,Visium,Mus musculus,Spinal cord,483,22127,2514802,1417093,608662,24483,0,687907,13320,3229,76158,2070,1264,4869265.795433571,97d1f65a31ce6540eb5152ca3cfa8a1c2c1e2ccc4ac8c93afb7099e0220e3c03,D:\HEST1000BenchRun\COUNT-SUPPORT-PREDECESSOR-50-001\main\NCBI452\SPATIAL_M06\attempt01\RESULT.json
NCBI452,SPATIAL_M08,spatial,8,Visium,Mus musculus,Spinal cord,483,22127,2514802,1419682,609576,24547,1384,687907,13320,3229,76158,2187,1374,4876576.58424488,683e62d28099baaec1d1430d59540279743653d11006c9ec2eff7d041d1a093c,D:\HEST1000BenchRun\COUNT-SUPPORT-PREDECESSOR-50-001\main\NCBI452\SPATIAL_M08\attempt01\RESULT.json
NCBI452,SPATIAL_M12,spatial,12,Visium,Mus musculus,Spinal cord,483,22127,2514802,1423055,610906,24675,3296,687907,13320,3229,76158,2190,1374,4887220.789631163,6095e55c9886a1cdf80d6a85ef4dc8cd32214733c9043103c83e7bf6eadd8453,D:\HEST1000BenchRun\COUNT-SUPPORT-PREDECESSOR-50-001\main\NCBI452\SPATIAL_M12\attempt01\RESULT.json
NCBI452,SPATIAL_M16,spatial,16,Visium,Mus musculus,Spinal cord,483,22127,2514802,1426391,612296,24803,5114,687907,13320,3229,76158,2190,1374,4898337.195775639,54cd668e6813afff4647c5ca0c487a5f7b66c51760b6bd19c88958ab59bf8475,D:\HEST1000BenchRun\COUNT-SUPPORT-PREDECESSOR-50-001\main\NCBI452\SPATIAL_M16\attempt01\RESULT.json
NCBI452,ROW_M06,row,6,Visium,Mus musculus,Spinal cord,483,22127,2514802,1424455,616040,24483,0,687907,13320,3229,76158,2054,1264,4928295.291913918,c3b69ed4e3ab697523ab2472a52671a3542925f24bdfd3050ea3d2b0acee6596,D:\HEST1000BenchRun\COUNT-SUPPORT-PREDECESSOR-50-001\main\NCBI452\ROW_M06\attempt01\RESULT.json
MEND140,SPATIAL_M00,spatial,0,Visium,Homo sapiens,Prostate,1935,33538,5586712,3320438,1975689,33110,0,1136796,14338,15688,141480,2073,1264,15805481.667395685,217020dc94fd009dbc6aa6365962d966ae5de14d2788cded890d53c8ee974d24,D:\HEST1000BenchRun\COUNT-SUPPORT-PREDECESSOR-50-001\main\MEND140\SPATIAL_M00\attempt01\RESULT.json
MEND140,SPATIAL_M02,spatial,2,Visium,Homo sapiens,Prostate,1935,33538,5586712,3301474,1956627,33206,0,1136796,14338,15688,141480,2075,1264,15652990.815957848,a7d899f183219f643b9bace2bdb1d24126ecc44093a19876bd60e969f0120d99,D:\HEST1000BenchRun\COUNT-SUPPORT-PREDECESSOR-50-001\main\MEND140\SPATIAL_M02\attempt01\RESULT.json
MEND140,SPATIAL_M04,spatial,4,Visium,Homo sapiens,Prostate,1935,33538,5586712,3292614,1947702,33270,0,1136796,14338,15688,141480,2076,1264,15581586.964897577,a50fc516ff6738f1d9051cd4242428dc94068523503464f3faf2fa4c0422c5f9,D:\HEST1000BenchRun\COUNT-SUPPORT-PREDECESSOR-50-001\main\MEND140\SPATIAL_M04\attempt01\RESULT.json
MEND140,SPATIAL_M06,spatial,6,Visium,Homo sapiens,Prostate,1935,33538,5586712,3288441,1943465,33334,0,1136796,14338,15688,141480,2076,1264,15547689.107733859,4dac7478ac2178564dbec88044cb39910deb9ef8b35e277ac9cd8b563f09828d,D:\HEST1000BenchRun\COUNT-SUPPORT-PREDECESSOR-50-001\main\MEND140\SPATIAL_M06\attempt01\RESULT.json
MEND140,SPATIAL_M08,spatial,8,Visium,Homo sapiens,Prostate,1935,33538,5586712,3293382,1942361,33398,5754,1136796,14338,15688,141480,2193,1374,15538858.009974647,2be7193d806ca59641205dd06f9dbf28fb63f2c86239faad662bfd9a0b196c0d,D:\HEST1000BenchRun\COUNT-SUPPORT-PREDECESSOR-50-001\main\MEND140\SPATIAL_M08\attempt01\RESULT.json
MEND140,SPATIAL_M12,spatial,12,Visium,Homo sapiens,Prostate,1935,33538,5586712,3302311,1940964,33526,15948,1136796,14338,15688,141480,2197,1374,15527680.727742555,96d77441ce8d2fe67f197e011e904a475db6749d25abfd9f493e7f211f8a016e,D:\HEST1000BenchRun\COUNT-SUPPORT-PREDECESSOR-50-001\main\MEND140\SPATIAL_M12\attempt01\RESULT.json
MEND140,SPATIAL_M16,spatial,16,Visium,Homo sapiens,Prostate,1935,33538,5586712,3313002,1941535,33654,25940,1136796,14338,15688,141480,2197,1374,15532253.211783953,14bea1b0e97e6598bb423735dbee225f29d756a59063b2be92504910ef759acc,D:\HEST1000BenchRun\COUNT-SUPPORT-PREDECESSOR-50-001\main\MEND140\SPATIAL_M16\attempt01\RESULT.json
MEND140,ROW_M06,row,6,Visium,Homo sapiens,Prostate,1935,33538,5586712,3320643,1975683,33334,0,1136796,14338,15688,141480,2060,1264,15805436.574809186,9e4d59f171320b4f2026799b4b905baab7c0963ee7a0d7ca2efc72697f383979,D:\HEST1000BenchRun\COUNT-SUPPORT-PREDECESSOR-50-001\main\MEND140\ROW_M06\attempt01\RESULT.json
TENX50,SPATIAL_M00,spatial,0,Visium,Homo sapiens,Cervix,2781,17943,17203632,8559186,3468566,26697,0,4943845,12236,23258,81247,2073,1264,27748503.986385986,3e52a13af52baff43e3dde38b47afe2feee58b30a0286dba7204efb379fa0779,D:\HEST1000BenchRun\COUNT-SUPPORT-PREDECESSOR-50-001\main\TENX50\SPATIAL_M00\attempt01\RESULT.json
TENX50,SPATIAL_M02,spatial,2,Visium,Homo sapiens,Cervix,2781,17943,17203632,8400835,3310117,26793,0,4943845,12236,23258,81247,2075,1264,26480905.821761265,247592a2746d689842899b67029ca04af856c93168baa01643a04166658b599c,D:\HEST1000BenchRun\COUNT-SUPPORT-PREDECESSOR-50-001\main\TENX50\SPATIAL_M02\attempt01\RESULT.json
TENX50,SPATIAL_M04,spatial,4,Visium,Homo sapiens,Cervix,2781,17943,17203632,8331362,3240579,26857,0,4943845,12236,23258,81247,2076,1264,25924603.61019405,2e8be04d75d6b53fb2427131d7aeb26b5e1c7d8c2e4c094a6e5d4b0e1ed06144,D:\HEST1000BenchRun\COUNT-SUPPORT-PREDECESSOR-50-001\main\TENX50\SPATIAL_M04\attempt01\RESULT.json
TENX50,SPATIAL_M06,spatial,6,Visium,Homo sapiens,Cervix,2781,17943,17203632,8295559,3204712,26921,0,4943845,12236,23258,81247,2076,1264,25637664.900077876,5ce2ff5f3f2ad33521f1f2df43f93214697d9fb7eee0d44b2ff6d8c9e58db8ac,D:\HEST1000BenchRun\COUNT-SUPPORT-PREDECESSOR-50-001\main\TENX50\SPATIAL_M06\attempt01\RESULT.json
TENX50,SPATIAL_M08,spatial,8,Visium,Homo sapiens,Cervix,2781,17943,17203632,8284222,3184688,26985,8396,4943845,12236,23258,81247,2193,1374,25477478.252162106,61acc9af75b371c214bdbc5ed5b72257dc273798d3de7f216653177757d547eb,D:\HEST1000BenchRun\COUNT-SUPPORT-PREDECESSOR-50-001\main\TENX50\SPATIAL_M08\attempt01\RESULT.json
TENX50,SPATIAL_M12,spatial,12,Visium,Homo sapiens,Cervix,2781,17943,17203632,8277033,3162064,27113,23699,4943845,12236,23258,81247,2197,1374,25296484.99896781,707b0cf421978e7c298a42d19380f44703a27d60ff7f27530ff79e5fe8c401fe,D:\HEST1000BenchRun\COUNT-SUPPORT-PREDECESSOR-50-001\main\TENX50\SPATIAL_M12\attempt01\RESULT.json
TENX50,SPATIAL_M16,spatial,16,Visium,Homo sapiens,Cervix,2781,17943,17203632,8281341,3151069,27241,38874,4943845,12236,23258,81247,2197,1374,25208522.20071637,c32170197ba0f73ad89b0bec904b41149e6d2bb7746255bcdfb8bccb314e83e5,D:\HEST1000BenchRun\COUNT-SUPPORT-PREDECESSOR-50-001\main\TENX50\SPATIAL_M16\attempt01\RESULT.json
TENX50,ROW_M06,row,6,Visium,Homo sapiens,Cervix,2781,17943,17203632,8559330,3468499,26921,0,4943845,12236,23258,81247,2060,1264,27747962.371975143,88b299431aded9dc51abbb561908aaf930fa537eb96a8bdaa6d441717a5470ce,D:\HEST1000BenchRun\COUNT-SUPPORT-PREDECESSOR-50-001\main\TENX50\ROW_M06\attempt01\RESULT.json
ZEN65,SPATIAL_M00,spatial,0,Visium,Mus musculus,Skin,932,68886,402751,714498,316572,26267,0,112301,15488,6978,233562,2066,1264,2532551.1654291297,b392901d76b27a133f8c5cc2d441672437757ba37a3ecc41b1e757be52bb964f,D:\HEST1000BenchRun\COUNT-SUPPORT-PREDECESSOR-50-001\main\ZEN65\SPATIAL_M00\attempt01\RESULT.json
ZEN65,SPATIAL_M02,spatial,2,Visium,Mus musculus,Skin,932,68886,402751,590592,192568,26363,0,112301,15488,6978,233562,2068,1264,1540518.9976064397,a882adb0c8170e7ccfa32750b95e8aa110180a6a4550b3ed6123c57a8e356607,D:\HEST1000BenchRun\COUNT-SUPPORT-PREDECESSOR-50-001\main\ZEN65\SPATIAL_M02\attempt01\RESULT.json
ZEN65,SPATIAL_M04,spatial,4,Visium,Mus musculus,Skin,932,68886,402751,565988,167899,26427,0,112301,15488,6978,233562,2069,1264,1343168.5469804204,7c902129a51e1e5dd7d6a72c2ee3a2e366b932725a9f33d08d39a51ebb87e348,D:\HEST1000BenchRun\COUNT-SUPPORT-PREDECESSOR-50-001\main\ZEN65\SPATIAL_M04\attempt01\RESULT.json
ZEN65,SPATIAL_M06,spatial,6,Visium,Mus musculus,Skin,932,68886,402751,565318,167165,26491,0,112301,15488,6978,233562,2069,1264,1337292.0594680503,a25f18871a41191ee7dc9c9f896fbaaa705899d5307ca87431b9d62738465196,D:\HEST1000BenchRun\COUNT-SUPPORT-PREDECESSOR-50-001\main\ZEN65\SPATIAL_M06\attempt01\RESULT.json
ZEN65,SPATIAL_M08,spatial,8,Visium,Mus musculus,Skin,932,68886,402751,564841,163656,26555,2741,112301,15488,6978,233562,2186,1374,1309224.602332931,f78226f2f73c4e9cb4090ee6b38497bc90905a7017fe14d6316ae58798d07d3f,D:\HEST1000BenchRun\COUNT-SUPPORT-PREDECESSOR-50-001\main\ZEN65\SPATIAL_M08\attempt01\RESULT.json
ZEN65,SPATIAL_M12,spatial,12,Visium,Mus musculus,Skin,932,68886,402751,561063,155332,26683,7156,112301,15488,6978,233562,2189,1374,1242624.2139903163,8712c9fb8d5da8cf9f42ce5fa8b3106a1b5aca8fb211f038bfc3b74063785037,D:\HEST1000BenchRun\COUNT-SUPPORT-PREDECESSOR-50-001\main\ZEN65\SPATIAL_M12\attempt01\RESULT.json
ZEN65,SPATIAL_M16,spatial,16,Visium,Mus musculus,Skin,932,68886,402751,568259,158115,26811,11440,112301,15488,6978,233562,2190,1374,1264894.4129391154,19f12f9322697958571f2291d58de6ad1e8133d54d29b07dff56ebdb77b8af4c,D:\HEST1000BenchRun\COUNT-SUPPORT-PREDECESSOR-50-001\main\ZEN65\SPATIAL_M16\attempt01\RESULT.json
ZEN65,ROW_M06,row,6,Visium,Mus musculus,Skin,932,68886,402751,711973,313836,26491,0,112301,15488,6978,233562,2053,1264,2510663.825701443,47fc9429ee1609c4e049f92742debf09d882bca7def9a2f880b48ccdc7591c7d,D:\HEST1000BenchRun\COUNT-SUPPORT-PREDECESSOR-50-001\main\ZEN65\ROW_M06\attempt01\RESULT.json
MISC14,SPATIAL_M00,spatial,0,Visium,Homo sapiens,Lung,1670,17922,3669544,2580364,1582185,22127,0,876076,12440,13301,70901,2070,1264,12657451.405802619,08307eecdc418d196fce14630bdd87543106c5d11b47d1f36a4e39b2f58f6b53,D:\HEST1000BenchRun\COUNT-SUPPORT-PREDECESSOR-50-001\main\MISC14\SPATIAL_M00\attempt01\RESULT.json
MISC14,SPATIAL_M02,spatial,2,Visium,Homo sapiens,Lung,1670,17922,3669544,2336075,1337798,22223,0,876076,12440,13301,70901,2072,1264,10702357.020533156,4450c790fcdf679ba73b9bd97078732174ed5622197f623c7d39f08ab5bedc7d,D:\HEST1000BenchRun\COUNT-SUPPORT-PREDECESSOR-50-001\main\MISC14\SPATIAL_M02\attempt01\RESULT.json
MISC14,SPATIAL_M04,spatial,4,Visium,Homo sapiens,Lung,1670,17922,3669544,2261994,1263652,22287,0,876076,12440,13301,70901,2073,1264,10109191.599265862,8d40716effbf9c0d617050adb227bda506f42e8671df769f11c94c5c374e4f14,D:\HEST1000BenchRun\COUNT-SUPPORT-PREDECESSOR-50-001\main\MISC14\SPATIAL_M04\attempt01\RESULT.json
MISC14,SPATIAL_M06,spatial,6,Visium,Homo sapiens,Lung,1670,17922,3669544,2231041,1232635,22351,0,876076,12440,13301,70901,2073,1264,9861051.181869531,9037dc0d9eceb7f8fff6a97472a99536ea55b1e129cbe977299046d5be6cddc6,D:\HEST1000BenchRun\COUNT-SUPPORT-PREDECESSOR-50-001\main\MISC14\SPATIAL_M06\attempt01\RESULT.json
MISC14,SPATIAL_M08,spatial,8,Visium,Homo sapiens,Lung,1670,17922,3669544,2221769,1218155,22415,4917,876076,12440,13301,70901,2190,1374,9745214.607159067,b8446956dd6255effb5f08060715edf8e51ba0c5a5c6de7e13ce4256d5c69639,D:\HEST1000BenchRun\COUNT-SUPPORT-PREDECESSOR-50-001\main\MISC14\SPATIAL_M08\attempt01\RESULT.json
MISC14,SPATIAL_M12,spatial,12,Visium,Homo sapiens,Lung,1670,17922,3669544,2221640,1209296,22543,13515,876076,12440,13301,70901,2194,1374,9674341.471093863,b3e57be3283368b387a8ed89ae3120613a8cb17f7efd3512d111a79b8b76dd64,D:\HEST1000BenchRun\COUNT-SUPPORT-PREDECESSOR-50-001\main\MISC14\SPATIAL_M12\attempt01\RESULT.json
MISC14,SPATIAL_M16,spatial,16,Visium,Homo sapiens,Lung,1670,17922,3669544,2228945,1207917,22671,22071,876076,12440,13301,70901,2194,1374,9663306.953351311,99bea9429449f8ad4609fee21fcfb284566cd023652a361dd252b2fbcf9b1580,D:\HEST1000BenchRun\COUNT-SUPPORT-PREDECESSOR-50-001\main\MISC14\SPATIAL_M16\attempt01\RESULT.json
MISC14,ROW_M06,row,6,Visium,Homo sapiens,Lung,1670,17922,3669544,2580105,1581715,22351,0,876076,12440,13301,70901,2057,1264,12653693.227891752,96b979d4996ac8509eb6ee40061126d65319d7aaa465eed8829ae0ceb632167f,D:\HEST1000BenchRun\COUNT-SUPPORT-PREDECESSOR-50-001\main\MISC14\ROW_M06\attempt01\RESULT.json
NCBI729,SPATIAL_M00,spatial,0,Visium,Mus musculus,Bowel,2604,31053,11471080,6058700,3037177,35418,0,2826045,14266,21686,120770,2074,1264,24297391.25233618,a1164aa60d667ad747d1e8eb16cc14f6645564d854b5d041010dd3caf83427ce,D:\HEST1000BenchRun\COUNT-SUPPORT-PREDECESSOR-50-001\main\NCBI729\SPATIAL_M00\attempt01\RESULT.json
NCBI729,SPATIAL_M02,spatial,2,Visium,Mus musculus,Bowel,2604,31053,11471080,6036455,3014834,35514,0,2826045,14266,21686,120770,2076,1264,24118641.32398772,f0a9e0796e5c53feb9d4e22d7b15fde75fb177f9eedb405eb714bc3919c44d18,D:\HEST1000BenchRun\COUNT-SUPPORT-PREDECESSOR-50-001\main\NCBI729\SPATIAL_M02\attempt01\RESULT.json
NCBI729,SPATIAL_M04,spatial,4,Visium,Mus musculus,Bowel,2604,31053,11471080,6024677,3002991,35578,0,2826045,14266,21686,120770,2077,1264,24023899.76419185,c8ae09ccbd78442ac2740d60523af178efce8654592eabd9d7c2427ea6f09563,D:\HEST1000BenchRun\COUNT-SUPPORT-PREDECESSOR-50-001\main\NCBI729\SPATIAL_M04\attempt01\RESULT.json
NCBI729,SPATIAL_M06,spatial,6,Visium,Mus musculus,Bowel,2604,31053,11471080,6019121,2997371,35642,0,2826045,14266,21686,120770,2077,1264,23978941.110513628,7758cdd144340b144c6c136a5b7a69cf91fb14a53af3d73a7eecbd70fd087782,D:\HEST1000BenchRun\COUNT-SUPPORT-PREDECESSOR-50-001\main\NCBI729\SPATIAL_M06\attempt01\RESULT.json
NCBI729,SPATIAL_M08,spatial,8,Visium,Mus musculus,Bowel,2604,31053,11471080,6023844,2993987,35706,7816,2826045,14266,21686,120770,2194,1374,23951869.845240533,66f4ee92d6e29ab8df128a4cb7b3bdeeb9890ad1a901aa120a0d713b04125303,D:\HEST1000BenchRun\COUNT-SUPPORT-PREDECESSOR-50-001\main\NCBI729\SPATIAL_M08\attempt01\RESULT.json
NCBI729,SPATIAL_M12,spatial,12,Visium,Mus musculus,Bowel,2604,31053,11471080,6035425,2991098,35834,22154,2826045,14266,21686,120770,2198,1374,23928754.45292878,202a97bb0a83ed0b2454c15696f458f1ad983c460594414c0792c2dac6c68ffd,D:\HEST1000BenchRun\COUNT-SUPPORT-PREDECESSOR-50-001\main\NCBI729\SPATIAL_M12\attempt01\RESULT.json
NCBI729,SPATIAL_M16,spatial,16,Visium,Mus musculus,Bowel,2604,31053,11471080,6048884,2990397,35962,36186,2826045,14266,21686,120770,2198,1374,23923149.059400145,5a59ee3ef021ef89741d9ecac3ec8330c53a1c77e8433b9a7ce61acc938bfe1b,D:\HEST1000BenchRun\COUNT-SUPPORT-PREDECESSOR-50-001\main\NCBI729\SPATIAL_M16\attempt01\RESULT.json
NCBI729,ROW_M06,row,6,Visium,Mus musculus,Bowel,2604,31053,11471080,6058904,3037170,35642,0,2826045,14266,21686,120770,2061,1264,24297333.67767131,ecc76142394f5ed22e5cfa1949deed5e6ef2a24e780f8cf34f4f9aed3cfdc3e3,D:\HEST1000BenchRun\COUNT-SUPPORT-PREDECESSOR-50-001\main\NCBI729\ROW_M06\attempt01\RESULT.json
ZEN47,SPATIAL_M00,spatial,0,Visium,Homo sapiens,Bowel,2317,36601,9514583,5096688,2790686,37229,0,2073407,14837,19001,158191,2073,1264,22325457.950119752,07b121801491cb0cbb49cac84587b2a2596ace28daa1542aaafb5c104c1a2960,D:\HEST1000BenchRun\COUNT-SUPPORT-PREDECESSOR-50-001\main\ZEN47\SPATIAL_M00\attempt01\RESULT.json
ZEN47,SPATIAL_M02,spatial,2,Visium,Homo sapiens,Bowel,2317,36601,9514583,5034178,2728078,37325,0,2073407,14837,19001,158191,2075,1264,21824595.81377754,ad79c33b5b5d35837dd5082b4b7be8ce952cefc105b513885e94026f470d7676,D:\HEST1000BenchRun\COUNT-SUPPORT-PREDECESSOR-50-001\main\ZEN47\SPATIAL_M02\attempt01\RESULT.json
ZEN47,SPATIAL_M04,spatial,4,Visium,Homo sapiens,Bowel,2317,36601,9514583,5004548,2698383,37389,0,2073407,14837,19001,158191,2076,1264,21587036.339554403,241c101c456e573bb2584ce7d42d64a3a98c799aa81e938efd7ae1155f5aab2a,D:\HEST1000BenchRun\COUNT-SUPPORT-PREDECESSOR-50-001\main\ZEN47\SPATIAL_M04\attempt01\RESULT.json
ZEN47,SPATIAL_M06,spatial,6,Visium,Homo sapiens,Bowel,2317,36601,9514583,4987497,2681268,37453,0,2073407,14837,19001,158191,2076,1264,21450117.21706963,adf5eba34e525b0bef121e09f8ebea6aee52ef81faaf4b26efdf66fa864b6317,D:\HEST1000BenchRun\COUNT-SUPPORT-PREDECESSOR-50-001\main\ZEN47\SPATIAL_M06\attempt01\RESULT.json
ZEN47,SPATIAL_M08,spatial,8,Visium,Homo sapiens,Bowel,2317,36601,9514583,4984401,2670955,37517,6926,2073407,14837,19001,158191,2193,1374,21367615.068694707,a31b3630c1dbd86041e0b5c0d6b335a0ee57e494a0107e9085411427fa6b339a,D:\HEST1000BenchRun\COUNT-SUPPORT-PREDECESSOR-50-001\main\ZEN47\SPATIAL_M08\attempt01\RESULT.json
ZEN47,SPATIAL_M12,spatial,12,Visium,Homo sapiens,Bowel,2317,36601,9514583,4985417,2659417,37645,19348,2073407,14837,19001,158191,2197,1374,21275310.1869398,fd89cafb1ccd5b74110544fb7de04441addff1b0cc33e05b0b2cc2751596dd84,D:\HEST1000BenchRun\COUNT-SUPPORT-PREDECESSOR-50-001\main\ZEN47\SPATIAL_M12\attempt01\RESULT.json
ZEN47,SPATIAL_M16,spatial,16,Visium,Homo sapiens,Bowel,2317,36601,9514583,4992951,2654608,37773,31563,2073407,14837,19001,158191,2197,1374,21236836.57793237,eed4edb612161aa078732f570d82792e2f3e218b9ace870b7a9f92f8f0920cf5,D:\HEST1000BenchRun\COUNT-SUPPORT-PREDECESSOR-50-001\main\ZEN47\SPATIAL_M16\attempt01\RESULT.json
ZEN47,ROW_M06,row,6,Visium,Homo sapiens,Bowel,2317,36601,9514583,5096868,2790655,37453,0,2073407,14837,19001,158191,2060,1264,22325214.980914082,c0cb2455d567049ab35724b247a07d39057f9ddc2cd3c9d70d8e8d7bd9d6897a,D:\HEST1000BenchRun\COUNT-SUPPORT-PREDECESSOR-50-001\main\ZEN47\ROW_M06\attempt01\RESULT.json
MEND84,SPATIAL_M00,spatial,0,Visium,Mus musculus,Bone,1298,32285,1165722,953690,592306,22881,0,200913,11168,10027,113063,2068,1264,4738417.8812362375,95544a6aa94378794b1a67278569dc27a80cbacbaa07b4855631e9f89d066d0e,D:\HEST1000BenchRun\COUNT-SUPPORT-PREDECESSOR-50-001\main\MEND84\SPATIAL_M00\attempt01\RESULT.json
MEND84,SPATIAL_M02,spatial,2,Visium,Mus musculus,Bone,1298,32285,1165722,926413,564931,22977,0,200913,11168,10027,113063,2070,1264,4519423.830008751,c5a3c85f6e8da23102dfa614f5cefbca7940eb1be38189b394c3f29f0f0df82a,D:\HEST1000BenchRun\COUNT-SUPPORT-PREDECESSOR-50-001\main\MEND84\SPATIAL_M02\attempt01\RESULT.json
MEND84,SPATIAL_M04,spatial,4,Visium,Mus musculus,Bone,1298,32285,1165722,915645,554098,23041,0,200913,11168,10027,113063,2071,1264,4432756.532460595,b8fc204b917606a2e2f2c31cba5410f1a53f3844e62b94d2bc85af774c55d75b,D:\HEST1000BenchRun\COUNT-SUPPORT-PREDECESSOR-50-001\main\MEND84\SPATIAL_M04\attempt01\RESULT.json
MEND84,SPATIAL_M06,spatial,6,Visium,Mus musculus,Bone,1298,32285,1165722,910238,548627,23105,0,200913,11168,10027,113063,2071,1264,4388989.675131909,694232af3dc5b315458822391b54bb222fa26dfd11135d460404339f8b4ac604,D:\HEST1000BenchRun\COUNT-SUPPORT-PREDECESSOR-50-001\main\MEND84\SPATIAL_M06\attempt01\RESULT.json
MEND84,SPATIAL_M08,spatial,8,Visium,Mus musculus,Bone,1298,32285,1165722,910405,544735,23169,3768,200913,11168,10027,113063,2188,1374,4357850.689578784,9b7f84207998186738aabbe43faa37c5549948b7dd895d727c9800649510a0b5,D:\HEST1000BenchRun\COUNT-SUPPORT-PREDECESSOR-50-001\main\MEND84\SPATIAL_M08\attempt01\RESULT.json
MEND84,SPATIAL_M12,spatial,12,Visium,Mus musculus,Bone,1298,32285,1165722,912709,540437,23297,10238,200913,11168,10027,113063,2192,1374,4323467.866054753,326bae84e0afc3382cb2db8d09fb6ccc718c9361e2537ff697d37752c4708699,D:\HEST1000BenchRun\COUNT-SUPPORT-PREDECESSOR-50-001\main\MEND84\SPATIAL_M12\attempt01\RESULT.json
MEND84,SPATIAL_M16,spatial,16,Visium,Mus musculus,Bone,1298,32285,1165722,917013,538175,23425,16676,200913,11168,10027,113063,2192,1374,4305373.468856449,86d6c9a97acae5266c8f80314d7d00bc932c8129b990396cc39f0e1b849a5e18,D:\HEST1000BenchRun\COUNT-SUPPORT-PREDECESSOR-50-001\main\MEND84\SPATIAL_M16\attempt01\RESULT.json
MEND84,ROW_M06,row,6,Visium,Mus musculus,Bone,1298,32285,1165722,952815,591220,23105,0,200913,11168,10027,113063,2055,1264,4729733.567399101,21fa4dee448b324db3c0f5bc31284f8ae31f322975dfdc92aa1d16635edf88d0,D:\HEST1000BenchRun\COUNT-SUPPORT-PREDECESSOR-50-001\main\MEND84\ROW_M06\attempt01\RESULT.json
NCBI542,SPATIAL_M00,spatial,0,Visium,Mus musculus,Heart,2237,32285,4777571,2805579,1631802,28439,0,959574,12573,18420,151436,2071,1264,13054389.630404936,1b9647baa93a753cee2980cfe422af45f3afb1d10c7306eaba471be386edba92,D:\HEST1000BenchRun\COUNT-SUPPORT-PREDECESSOR-50-001\main\NCBI542\SPATIAL_M00\attempt01\RESULT.json
NCBI542,SPATIAL_M02,spatial,2,Visium,Mus musculus,Heart,2237,32285,4777571,2804352,1630477,28535,0,959574,12573,18420,151436,2073,1264,13043787.987992086,266609176ebc6c13ca5fba5aac421622615d5d69b02bf23623f240043a304eff,D:\HEST1000BenchRun\COUNT-SUPPORT-PREDECESSOR-50-001\main\NCBI542\SPATIAL_M02\attempt01\RESULT.json
NCBI542,SPATIAL_M04,spatial,4,Visium,Mus musculus,Heart,2237,32285,4777571,2803646,1629706,28599,0,959574,12573,18420,151436,2074,1264,13037622.126705812,6ad74e0b5555c4d81861428c8a62442eec37acc20e05bea5adface4e80ae0eee,D:\HEST1000BenchRun\COUNT-SUPPORT-PREDECESSOR-50-001\main\NCBI542\SPATIAL_M04\attempt01\RESULT.json
NCBI542,SPATIAL_M06,spatial,6,Visium,Mus musculus,Heart,2237,32285,4777571,2803340,1629336,28663,0,959574,12573,18420,151436,2074,1264,13034663.948646938,f912cd96af380948ee4941b0b73993cfc3b444215ae60421f1368498b8fd07b0,D:\HEST1000BenchRun\COUNT-SUPPORT-PREDECESSOR-50-001\main\NCBI542\SPATIAL_M06\attempt01\RESULT.json
NCBI542,SPATIAL_M08,spatial,8,Visium,Mus musculus,Heart,2237,32285,4777571,2810032,1629055,28727,6682,959574,12573,18420,151436,2191,1374,13032413.024924712,1e603edf77a5f3277130709fba1056d30636306587317e445cf04c3687c9127b,D:\HEST1000BenchRun\COUNT-SUPPORT-PREDECESSOR-50-001\main\NCBI542\SPATIAL_M08\attempt01\RESULT.json
NCBI542,SPATIAL_M12,spatial,12,Visium,Mus musculus,Heart,2237,32285,4777571,2821831,1628750,28855,18654,959574,12573,18420,151436,2195,1374,13029975.700566676,d878a78614a488a5a7721d2c97db609a1ca4b5f321e07720be3c87ec46ffdb2e,D:\HEST1000BenchRun\COUNT-SUPPORT-PREDECESSOR-50-001\main\NCBI542\SPATIAL_M12\attempt01\RESULT.json
NCBI542,SPATIAL_M16,spatial,16,Visium,Mus musculus,Heart,2237,32285,4777571,2833769,1628591,28983,30623,959574,12573,18420,151436,2195,1374,13028697.454317488,589a514e38fb5d395d438737033709a4f7417809d0638ee32caee192df5c3004,D:\HEST1000BenchRun\COUNT-SUPPORT-PREDECESSOR-50-001\main\NCBI542\SPATIAL_M16\attempt01\RESULT.json
NCBI542,ROW_M06,row,6,Visium,Mus musculus,Heart,2237,32285,4777571,2805769,1631781,28663,0,959574,12573,18420,151436,2058,1264,13054219.225072838,f017a866ed4338c4f9eb309e666a1b90a8b5007d93de2115d572233f86dd1073,D:\HEST1000BenchRun\COUNT-SUPPORT-PREDECESSOR-50-001\main\NCBI542\ROW_M06\attempt01\RESULT.json
INT17,SPATIAL_M00,spatial,0,Visium,Homo sapiens,Lymph node,3585,17943,8979129,5083778,3405209,25436,0,1494302,10357,30765,114373,2072,1264,27241648.32973838,54fa255376cb82ff3dce926ac2aa67fe22704329cadc1561fc7e0c71fbfdac63,D:\HEST1000BenchRun\COUNT-SUPPORT-PREDECESSOR-50-001\main\INT17\SPATIAL_M00\attempt01\RESULT.json
INT17,SPATIAL_M02,spatial,2,Visium,Homo sapiens,Lymph node,3585,17943,8979129,5020317,3341650,25532,0,1494302,10357,30765,114373,2074,1264,26733174.595095254,ba096fa0585a339f95d4d9acc12cab4cecd7d6c3bd7511260a67a5e385d93eb5,D:\HEST1000BenchRun\COUNT-SUPPORT-PREDECESSOR-50-001\main\INT17\SPATIAL_M02\attempt01\RESULT.json
INT17,SPATIAL_M04,spatial,4,Visium,Homo sapiens,Lymph node,3585,17943,8979129,4986423,3307691,25596,0,1494302,10357,30765,114373,2075,1264,26461496.749478605,7a2a6c6c92b22910bd4de6143b6d9071f39d64484b0c2b0e9a4511bbc51eba3b,D:\HEST1000BenchRun\COUNT-SUPPORT-PREDECESSOR-50-001\main\INT17\SPATIAL_M04\attempt01\RESULT.json
INT17,SPATIAL_M06,spatial,6,Visium,Homo sapiens,Lymph node,3585,17943,8979129,4967322,3288526,25660,0,1494302,10357,30765,114373,2075,1264,26308178.573715463,f9bf8d03baefd940fb1c3006b587a811911011b42a6fc481f7878c369809386b,D:\HEST1000BenchRun\COUNT-SUPPORT-PREDECESSOR-50-001\main\INT17\SPATIAL_M06\attempt01\RESULT.json
INT17,SPATIAL_M08,spatial,8,Visium,Homo sapiens,Lymph node,3585,17943,8979129,4967633,3277583,25724,10962,1494302,10357,30765,114373,2193,1374,26220634.70228778,6b0aa1e6fcf8d797f92cdcb686dd08febf4957d62f1ce54c3da696e099996d47,D:\HEST1000BenchRun\COUNT-SUPPORT-PREDECESSOR-50-001\main\INT17\SPATIAL_M08\attempt01\RESULT.json
INT17,SPATIAL_M12,spatial,12,Visium,Homo sapiens,Lymph node,3585,17943,8979129,4975133,3264591,25852,31323,1494302,10357,30765,114373,2196,1374,26116698.65576777,28bbfbae5d7dfae116688ee64a452cbe957b07141d127c265338d144216896e0,D:\HEST1000BenchRun\COUNT-SUPPORT-PREDECESSOR-50-001\main\INT17\SPATIAL_M12\attempt01\RESULT.json
INT17,SPATIAL_M16,spatial,16,Visium,Homo sapiens,Lymph node,3585,17943,8979129,4990128,3259296,25980,51485,1494302,10357,30765,114373,2196,1374,26074337.541183148,5d52ea712cc5c7e0d97156f76a3dd035186c45888a8d3f6c8f18e0c28eb4bd61,D:\HEST1000BenchRun\COUNT-SUPPORT-PREDECESSOR-50-001\main\INT17\SPATIAL_M16\attempt01\RESULT.json
INT17,ROW_M06,row,6,Visium,Homo sapiens,Lymph node,3585,17943,8979129,5083980,3405200,25660,0,1494302,10357,30765,114373,2059,1264,27241574.00256893,ae916482000aa4e1ccb8e6db689b860eb28a47af84f9bf6e6fc91b5d1c18a6d5,D:\HEST1000BenchRun\COUNT-SUPPORT-PREDECESSOR-50-001\main\INT17\ROW_M06\attempt01\RESULT.json
TENX118,SPATIAL_M00,spatial,0,Xenium,Homo sapiens,Lung,3115,541,623829,521586,151243,1094,0,323607,4275,19211,18829,2063,1264,1209919.5570833553,a037860bf40b24af66d484fe8b48794abfac407b530792aafb6a305878042173,D:\HEST1000BenchRun\COUNT-SUPPORT-PREDECESSOR-50-001\main\TENX118\SPATIAL_M00\attempt01\RESULT.json
TENX118,SPATIAL_M02,spatial,2,Xenium,Homo sapiens,Lung,3115,541,623829,468833,98393,1190,0,323607,4275,19211,18829,2064,1264,787115.3982801293,6b174138bf2476f8580711135b0f44a1d693163c633662b4e60cf84f8e5dbb0a,D:\HEST1000BenchRun\COUNT-SUPPORT-PREDECESSOR-50-001\main\TENX118\SPATIAL_M02\attempt01\RESULT.json
TENX118,SPATIAL_M04,spatial,4,Xenium,Homo sapiens,Lung,3115,541,623829,462005,91500,1254,0,323607,4275,19211,18829,2065,1264,731969.1288606585,ebe43020d8fa8fdf1e0b55bda8f68728ac412bd9326f0021a190f61e4602d7fc,D:\HEST1000BenchRun\COUNT-SUPPORT-PREDECESSOR-50-001\main\TENX118\SPATIAL_M04\attempt01\RESULT.json
TENX118,SPATIAL_M06,spatial,6,Xenium,Homo sapiens,Lung,3115,541,623829,460104,89535,1318,0,323607,4275,19211,18829,2065,1264,716254.7095051112,9d267eff70b52d5f4459c01116e7dd9f27a32c46b8746bbda2388f88b6ccf88d,D:\HEST1000BenchRun\COUNT-SUPPORT-PREDECESSOR-50-001\main\TENX118\SPATIAL_M06\attempt01\RESULT.json
TENX118,SPATIAL_M08,spatial,8,Xenium,Homo sapiens,Lung,3115,541,623829,467094,89263,1382,6971,323607,4275,19211,18829,2182,1374,714077.4370725456,0540687dcbf94a02f86dc50fad68fa11e852d137ece9c882747a53570e747ea0,D:\HEST1000BenchRun\COUNT-SUPPORT-PREDECESSOR-50-001\main\TENX118\SPATIAL_M08\attempt01\RESULT.json
TENX118,SPATIAL_M12,spatial,12,Xenium,Homo sapiens,Lung,3115,541,623829,479233,89739,1510,18502,323607,4275,19211,18829,2186,1374,717884.6770889539,72a87555ccefd53b1d678b94838417c8a44dd8e5654400e3d4add7a3c69386c1,D:\HEST1000BenchRun\COUNT-SUPPORT-PREDECESSOR-50-001\main\TENX118\SPATIAL_M12\attempt01\RESULT.json
TENX118,SPATIAL_M16,spatial,16,Xenium,Homo sapiens,Lung,3115,541,623829,493992,90031,1638,32841,323607,4275,19211,18829,2186,1374,720220.1131629618,d0f24e0b35842019da009053612d269fc798d2d6f1de90bcf595175dbad855a1,D:\HEST1000BenchRun\COUNT-SUPPORT-PREDECESSOR-50-001\main\TENX118\SPATIAL_M16\attempt01\RESULT.json
TENX118,ROW_M06,row,6,Xenium,Homo sapiens,Lung,3115,541,623829,500770,130216,1318,0,323607,4275,19211,18829,2050,1264,1041698.5172207819,1e1f4b486d02bb7d58746e15b98ab0d02c6c07b8aae72ab5fa9906eee5c8f945,D:\HEST1000BenchRun\COUNT-SUPPORT-PREDECESSOR-50-001\main\TENX118\ROW_M06\attempt01\RESULT.json
TENX96,SPATIAL_M00,spatial,0,Xenium,Homo sapiens,Breast,7233,541,1883166,1431646,343071,1097,0,998417,4543,48098,33091,2065,1264,2744537.024821882,6cefb3f9b37d2e1f74e91c9f9c2785b1951b6ebb5e5d4873f5b1cfb766846e75,D:\HEST1000BenchRun\COUNT-SUPPORT-PREDECESSOR-50-001\main\TENX96\SPATIAL_M00\attempt01\RESULT.json
TENX96,SPATIAL_M02,spatial,2,Xenium,Homo sapiens,Breast,7233,541,1883166,1350094,261421,1193,0,998417,4543,48098,33091,2067,1264,2091338.8369373167,53a6a123de27db0c528447234fbedf076a5e6cf6fd9d0ccc60e93ecaf9572dde,D:\HEST1000BenchRun\COUNT-SUPPORT-PREDECESSOR-50-001\main\TENX96\SPATIAL_M02\attempt01\RESULT.json
TENX96,SPATIAL_M04,spatial,4,Xenium,Homo sapiens,Breast,7233,541,1883166,1334830,246092,1257,0,998417,4543,48098,33091,2068,1264,1968708.1044769033,8b73ba60163830889e8781f0cb802b0bf78720a209adc8f21ea1bc5f7b82bc28,D:\HEST1000BenchRun\COUNT-SUPPORT-PREDECESSOR-50-001\main\TENX96\SPATIAL_M04\attempt01\RESULT.json
TENX96,SPATIAL_M06,spatial,6,Xenium,Homo sapiens,Breast,7233,541,1883166,1330149,241347,1321,0,998417,4543,48098,33091,2068,1264,1930748.032831617,e6f613f74fa7e44fbf83fb8fc24c74992c4f536e728d6ffbee2b951982c69a09,D:\HEST1000BenchRun\COUNT-SUPPORT-PREDECESSOR-50-001\main\TENX96\SPATIAL_M06\attempt01\RESULT.json
TENX96,SPATIAL_M08,spatial,8,Xenium,Homo sapiens,Breast,7233,541,1883166,1346881,239489,1385,18298,998417,4543,48098,33091,2186,1374,1915884.5415021456,1b4b6bd6d7aaf05b38df06b65df8be8dcb2c54424012a6bcfe3cf656ce89540f,D:\HEST1000BenchRun\COUNT-SUPPORT-PREDECESSOR-50-001\main\TENX96\SPATIAL_M08\attempt01\RESULT.json
TENX96,SPATIAL_M12,spatial,12,Xenium,Homo sapiens,Breast,7233,541,1883166,1371732,237378,1513,45129,998417,4543,48098,33091,2189,1374,1898999.195699854,53741409ddf7e2a298965a302651075a8115e752b0d6b3256191436456eb9863,D:\HEST1000BenchRun\COUNT-SUPPORT-PREDECESSOR-50-001\main\TENX96\SPATIAL_M12\attempt01\RESULT.json
TENX96,SPATIAL_M16,spatial,16,Xenium,Homo sapiens,Breast,7233,541,1883166,1410517,238157,1641,83007,998417,4543,48098,33091,2189,1374,1905229.6766758326,7bd66ab141a3f3431d055627e9901c37ba45a6e8e9b3f0dafb18c513e625549a,D:\HEST1000BenchRun\COUNT-SUPPORT-PREDECESSOR-50-001\main\TENX96\SPATIAL_M16\attempt01\RESULT.json
TENX96,ROW_M06,row,6,Xenium,Homo sapiens,Breast,7233,541,1883166,1358519,269733,1321,0,998417,4543,48098,33091,2052,1264,2157838.7559545906,e38e947fbcd1f9abb7bd9777e529e37659a06c50db4f28aea5f073aee3cd09bb,D:\HEST1000BenchRun\COUNT-SUPPORT-PREDECESSOR-50-001\main\TENX96\ROW_M06\attempt01\RESULT.json
TENX135,SPATIAL_M00,spatial,0,Xenium,Mus musculus,Bone,7590,541,986465,921616,367839,1066,0,465541,4410,44848,34585,2063,1264,2942682.5729076625,f68f7aa589c5bb9fee04d412c859a7318211ded651fa6c4b02e83acded147b5d,D:\HEST1000BenchRun\COUNT-SUPPORT-PREDECESSOR-50-001\main\TENX135\SPATIAL_M00\attempt01\RESULT.json
TENX135,SPATIAL_M02,spatial,2,Xenium,Mus musculus,Bone,7590,541,986465,814207,260332,1162,0,465541,4410,44848,34585,2065,1264,2082625.151848537,e174f6250b2a7a696cf24fe14e5f327649968562f0972bcf502763af9d318766,D:\HEST1000BenchRun\COUNT-SUPPORT-PREDECESSOR-50-001\main\TENX135\SPATIAL_M02\attempt01\RESULT.json
TENX135,SPATIAL_M04,spatial,4,Xenium,Mus musculus,Bone,7590,541,986465,794444,240504,1226,0,465541,4410,44848,34585,2066,1264,1924003.589602219,1aee3dbbc139ad1e975bed29add4c311a70d101f1729395e73fd2c79ae28ce27,D:\HEST1000BenchRun\COUNT-SUPPORT-PREDECESSOR-50-001\main\TENX135\SPATIAL_M04\attempt01\RESULT.json
TENX135,SPATIAL_M06,spatial,6,Xenium,Mus musculus,Bone,7590,541,986465,786340,232336,1290,0,465541,4410,44848,34585,2066,1264,1858663.5707301453,e5d77e99c5ec592be172f4047e7ed0624f002ec988b68d9ff80d5fd49a42ea3b,D:\HEST1000BenchRun\COUNT-SUPPORT-PREDECESSOR-50-001\main\TENX135\SPATIAL_M06\attempt01\RESULT.json
TENX135,SPATIAL_M08,spatial,8,Xenium,Mus musculus,Bone,7590,541,986465,800053,228464,1354,17293,465541,4410,44848,34585,2184,1374,1827684.064563747,49663248609dd5748b6d6cf28f7ef7e7ec8ec67ee9f66c1c55a1f2567ded9d1e,D:\HEST1000BenchRun\COUNT-SUPPORT-PREDECESSOR-50-001\main\TENX135\SPATIAL_M08\attempt01\RESULT.json
TENX135,SPATIAL_M12,spatial,12,Xenium,Mus musculus,Bone,7590,541,986465,823872,224596,1482,44849,465541,4410,44848,34585,2187,1374,1796736.691267782,8945808254c8f8e2b5b8287bf39f7076d084517ea9057a05a694366d128d43de,D:\HEST1000BenchRun\COUNT-SUPPORT-PREDECESSOR-50-001\main\TENX135\SPATIAL_M12\attempt01\RESULT.json
TENX135,SPATIAL_M16,spatial,16,Xenium,Mus musculus,Bone,7590,541,986465,854483,222766,1610,77162,465541,4410,44848,34585,2187,1374,1782103.8756362726,88cd99cfbc294350db260586a9c55f5f6efe816ba80f12cb1c249bb39c0fbcc4,D:\HEST1000BenchRun\COUNT-SUPPORT-PREDECESSOR-50-001\main\TENX135\SPATIAL_M16\attempt01\RESULT.json
TENX135,ROW_M06,row,6,Xenium,Mus musculus,Bone,7590,541,986465,829089,275101,1290,0,465541,4410,44848,34585,2050,1264,2200776.0152244433,359efae4e5b534a6c7f2bf7c8db50ad3d55109e4df803cf96335c029282cc982,D:\HEST1000BenchRun\COUNT-SUPPORT-PREDECESSOR-50-001\main\TENX135\ROW_M06\attempt01\RESULT.json
TENX110,SPATIAL_M00,spatial,0,Xenium,Mus musculus,Whole organism,26565,541,5275881,4661127,1502598,1100,0,2854195,4506,178845,116548,2071,1264,12020757.611894116,c2769c99eb1e76f341597f69c3c57810dd95638a3c3c78294cd4b1b26960d34a,D:\HEST1000BenchRun\COUNT-SUPPORT-PREDECESSOR-50-001\main\TENX110\SPATIAL_M00\attempt01\RESULT.json
TENX110,SPATIAL_M02,spatial,2,Xenium,Mus musculus,Whole organism,26565,541,5275881,4136846,978220,1196,0,2854195,4506,178845,116548,2072,1264,7825730.1678727055,8cf12f8f5620d24b5d3a30a6d4036c680f4ee4e7dc58a4d555e9c39d77a5c0cd,D:\HEST1000BenchRun\COUNT-SUPPORT-PREDECESSOR-50-001\main\TENX110\SPATIAL_M02\attempt01\RESULT.json
TENX110,SPATIAL_M04,spatial,4,Xenium,Mus musculus,Whole organism,26565,541,5275881,4059037,900346,1260,0,2854195,4506,178845,116548,2073,1264,7202738.459694906,8076fa1d81138631db9bc8bed7c83c803d3665bde527394876ae9e2bbda498f5,D:\HEST1000BenchRun\COUNT-SUPPORT-PREDECESSOR-50-001\main\TENX110\SPATIAL_M04\attempt01\RESULT.json
TENX110,SPATIAL_M06,spatial,6,Xenium,Mus musculus,Whole organism,26565,541,5275881,4031577,872822,1324,0,2854195,4506,178845,116548,2073,1264,6982549.073416722,03fe6880435884d5da67d71abbc43400e5a50a24f1e3914d9d3d2664f8474187,D:\HEST1000BenchRun\COUNT-SUPPORT-PREDECESSOR-50-001\main\TENX110\SPATIAL_M06\attempt01\RESULT.json
TENX110,SPATIAL_M08,spatial,8,Xenium,Mus musculus,Whole organism,26565,541,5275881,4087509,861253,1388,67209,2854195,4506,178845,116548,2191,1374,6889998.828923222,597fb175f21bfd05b74c3bcd6646986ae1156e038b57ed71c1454a5db48a3d72,D:\HEST1000BenchRun\COUNT-SUPPORT-PREDECESSOR-50-001\main\TENX110\SPATIAL_M08\attempt01\RESULT.json
TENX110,SPATIAL_M12,spatial,12,Xenium,Mus musculus,Whole organism,26565,541,5275881,4178415,849397,1516,169839,2854195,4506,178845,116548,2195,1374,6795146.049634215,174188a814247fceaa30a1e0759259711d4b6258867eb533b1aee3192812fc39,D:\HEST1000BenchRun\COUNT-SUPPORT-PREDECESSOR-50-001\main\TENX110\SPATIAL_M12\attempt01\RESULT.json
TENX110,SPATIAL_M16,spatial,16,Xenium,Mus musculus,Whole organism,26565,541,5275881,4351815,847573,1644,344935,2854195,4506,178845,116548,2195,1374,6780553.085041245,f30c1ec8b709cd5ff9bca1329116015933dc168ed631ea3b7fd0dc8d01b4f5a9,D:\HEST1000BenchRun\COUNT-SUPPORT-PREDECESSOR-50-001\main\TENX110\SPATIAL_M16\attempt01\RESULT.json
TENX110,ROW_M06,row,6,Xenium,Mus musculus,Whole organism,26565,541,5275881,4139718,980979,1324,0,2854195,4506,178845,116548,2057,1264,7847802.598475892,81fc5b261d1d43abc9fb384a09968633239b573e1bc98a0fd2258fbd55727fc9,D:\HEST1000BenchRun\COUNT-SUPPORT-PREDECESSOR-50-001\main\TENX110\ROW_M06\attempt01\RESULT.json
TENX124,SPATIAL_M00,spatial,0,Xenium,Homo sapiens,Lymphoid,12707,541,2114477,1925667,650265,1075,0,1142556,4220,68957,55263,2067,1264,5202088.691648787,106580ab80757fa21a3e7e72b13b0b4ab7cbe909f90794258eec724e6a5244b3,D:\HEST1000BenchRun\COUNT-SUPPORT-PREDECESSOR-50-001\main\TENX124\SPATIAL_M00\attempt01\RESULT.json
TENX124,SPATIAL_M02,spatial,2,Xenium,Homo sapiens,Lymphoid,12707,541,2114477,1625678,350178,1171,0,1142556,4220,68957,55263,2069,1264,2801395.0409554117,3c74ffeea6b599467e08c445fd890ae68f5a5f09e72920186305c6e1ceb8a018,D:\HEST1000BenchRun\COUNT-SUPPORT-PREDECESSOR-50-001\main\TENX124\SPATIAL_M02\attempt01\RESULT.json
TENX124,SPATIAL_M04,spatial,4,Xenium,Homo sapiens,Lymphoid,12707,541,2114477,1593041,317476,1235,0,1142556,4220,68957,55263,2070,1264,2539780.437698567,5e08c7ba412dbc87bdce29304561ef9cb1ef502a04d93bb6b1f06f1880916202,D:\HEST1000BenchRun\COUNT-SUPPORT-PREDECESSOR-50-001\main\TENX124\SPATIAL_M04\attempt01\RESULT.json
TENX124,SPATIAL_M06,spatial,6,Xenium,Homo sapiens,Lymphoid,12707,541,2114477,1582955,307326,1299,0,1142556,4220,68957,55263,2070,1264,2458581.103394875,4348a4dd81936976f20346e9d926ffa1c4525d48d2281dd5e2004192b2800189,D:\HEST1000BenchRun\COUNT-SUPPORT-PREDECESSOR-50-001\main\TENX124\SPATIAL_M06\attempt01\RESULT.json
TENX124,SPATIAL_M08,spatial,8,Xenium,Homo sapiens,Lymphoid,12707,541,2114477,1609680,304426,1363,29333,1142556,4220,68957,55263,2188,1374,2435382.362978909,1857ad3823b8ea366c0c0df3af6e40b0df61cb20a13d50cb34d053449eb135dd,D:\HEST1000BenchRun\COUNT-SUPPORT-PREDECESSOR-50-001\main\TENX124\SPATIAL_M08\attempt01\RESULT.json
TENX124,SPATIAL_M12,spatial,12,Xenium,Homo sapiens,Lymphoid,12707,541,2114477,1649175,301788,1491,71335,1142556,4220,68957,55263,2191,1374,2414277.2241146495,67335de177a52f30578ef74e0683ef4ec5ac4036f32771f5436f86918f43afbf,D:\HEST1000BenchRun\COUNT-SUPPORT-PREDECESSOR-50-001\main\TENX124\SPATIAL_M12\attempt01\RESULT.json
TENX124,SPATIAL_M16,spatial,16,Xenium,Homo sapiens,Lymphoid,12707,541,2114477,1706040,302291,1619,127568,1142556,4220,68957,55263,2192,1374,2418298.754113175,96b049dfcde0a4845de9091392c63f39a5e249a2169f6e034183531481f603de,D:\HEST1000BenchRun\COUNT-SUPPORT-PREDECESSOR-50-001\main\TENX124\SPATIAL_M16\attempt01\RESULT.json
TENX124,ROW_M06,row,6,Xenium,Homo sapiens,Lymphoid,12707,541,2114477,1653651,378038,1299,0,1142556,4220,68957,55263,2054,1264,3024274.5882399334,32e54da0fb5b686d5b531e4e38188ea84117cdcf9a000f5fc66a1e1bf1ecd20b,D:\HEST1000BenchRun\COUNT-SUPPORT-PREDECESSOR-50-001\main\TENX124\ROW_M06\attempt01\RESULT.json
TENX127,SPATIAL_M00,spatial,0,Xenium,Mus musculus,Bowel,4453,541,965538,874164,238422,1087,0,575439,4925,25686,25278,2063,1264,1907346.0842793174,6d5620960baaf61d6bfac72f45e0d089f446048ff6f0bbe992e8c9f0b44093f7,D:\HEST1000BenchRun\COUNT-SUPPORT-PREDECESSOR-50-001\main\TENX127\SPATIAL_M00\attempt01\RESULT.json
TENX127,SPATIAL_M02,spatial,2,Xenium,Mus musculus,Bowel,4453,541,965538,791414,155574,1183,0,575439,4925,25686,25278,2065,1264,1244560.3285274883,20e55d34e8bab7401c40b11b9162dab77b5ba1c81cd5545636470ad81f4557fc,D:\HEST1000BenchRun\COUNT-SUPPORT-PREDECESSOR-50-001\main\TENX127\SPATIAL_M02\attempt01\RESULT.json
TENX127,SPATIAL_M04,spatial,4,Xenium,Mus musculus,Bowel,4453,541,965538,782750,146845,1247,0,575439,4925,25686,25278,2066,1264,1174733.0401003766,753473c4b31127ee6ead9d9b671dd96de0e4fc437953f82bd5b5f001f42a6f36,D:\HEST1000BenchRun\COUNT-SUPPORT-PREDECESSOR-50-001\main\TENX127\SPATIAL_M04\attempt01\RESULT.json
TENX127,SPATIAL_M06,spatial,6,Xenium,Mus musculus,Bowel,4453,541,965538,781011,145042,1311,0,575439,4925,25686,25278,2066,1264,1160309.0920212907,76c348bb4081d761f596938b42d5f6f8338d7a36720664add22074fb4c4dc839,D:\HEST1000BenchRun\COUNT-SUPPORT-PREDECESSOR-50-001\main\TENX127\SPATIAL_M06\attempt01\RESULT.json
TENX127,SPATIAL_M08,spatial,8,Xenium,Mus musculus,Bowel,4453,541,965538,791574,145892,1375,9422,575439,4925,25686,25278,2183,1374,1167111.8905781088,fb7a91b93846789ae94e1d90406032fbffb70327642c6b6088a5608a0fd4545b,D:\HEST1000BenchRun\COUNT-SUPPORT-PREDECESSOR-50-001\main\TENX127\SPATIAL_M08\attempt01\RESULT.json
TENX127,SPATIAL_M12,spatial,12,Xenium,Mus musculus,Bowel,4453,541,965538,809165,146395,1503,26378,575439,4925,25686,25278,2187,1374,1171134.2574222176,70caff56c6ef1be28c2abac826a1331e1098816cf00255e6ef30e650cdd5f0d8,D:\HEST1000BenchRun\COUNT-SUPPORT-PREDECESSOR-50-001\main\TENX127\SPATIAL_M12\attempt01\RESULT.json
TENX127,SPATIAL_M16,spatial,16,Xenium,Mus musculus,Bowel,4453,541,965538,831284,148277,1631,46487,575439,4925,25686,25278,2187,1374,1186187.6176278128,58b809210c2613bc2a68fa89dfea53b6195d9acfd2e46bff7873944d1c999a5f,D:\HEST1000BenchRun\COUNT-SUPPORT-PREDECESSOR-50-001\main\TENX127\SPATIAL_M16\attempt01\RESULT.json
TENX127,ROW_M06,row,6,Xenium,Mus musculus,Bowel,4453,541,965538,810464,174511,1311,0,575439,4925,25686,25278,2050,1264,1396063.9603701765,3bab51e710ddb454c110e15821051b5a26f0cf97d5a90086480669697f5452ce,D:\HEST1000BenchRun\COUNT-SUPPORT-PREDECESSOR-50-001\main\TENX127\ROW_M06\attempt01\RESULT.json
TENX126,SPATIAL_M00,spatial,0,Xenium,Homo sapiens,Pancreas,2190,541,514236,373550,99850,1119,0,239820,4424,13314,11698,2061,1264,798768.50894773,9258ccca3d8de1e37b219fe0107a814a9990dcea1c202d7418a9af13eeff79d2,D:\HEST1000BenchRun\COUNT-SUPPORT-PREDECESSOR-50-001\main\TENX126\SPATIAL_M00\attempt01\RESULT.json
TENX126,SPATIAL_M02,spatial,2,Xenium,Homo sapiens,Pancreas,2190,541,514236,356893,83095,1215,0,239820,4424,13314,11698,2063,1264,664734.2087848226,b5924c76551b19a9691fcbdbbc1d2361574f28251b3a27c927d6de5a66562274,D:\HEST1000BenchRun\COUNT-SUPPORT-PREDECESSOR-50-001\main\TENX126\SPATIAL_M02\attempt01\RESULT.json
TENX126,SPATIAL_M04,spatial,4,Xenium,Homo sapiens,Pancreas,2190,541,514236,354466,80603,1279,0,239820,4424,13314,11698,2064,1264,644797.5150925852,1d1e30887aa5ea4310a91aa6d75e86b6675234d4817343c60ff9670785ead8ea,D:\HEST1000BenchRun\COUNT-SUPPORT-PREDECESSOR-50-001\main\TENX126\SPATIAL_M04\attempt01\RESULT.json
TENX126,SPATIAL_M06,spatial,6,Xenium,Homo sapiens,Pancreas,2190,541,514236,353871,79944,1343,0,239820,4424,13314,11698,2064,1264,639527.3054495895,f8ccc74bf9fbbe7b24984410cb2b6aef218eab429da7ddd241af2afa4834b332,D:\HEST1000BenchRun\COUNT-SUPPORT-PREDECESSOR-50-001\main\TENX126\SPATIAL_M06\attempt01\RESULT.json
TENX126,SPATIAL_M08,spatial,8,Xenium,Homo sapiens,Pancreas,2190,541,514236,359793,80166,1407,5409,239820,4424,13314,11698,2181,1374,641302.440035948,020c31ea513d7aa08c38c431f2dad0b32e41a16cc26eb85643a605723477e279,D:\HEST1000BenchRun\COUNT-SUPPORT-PREDECESSOR-50-001\main\TENX126\SPATIAL_M08\attempt01\RESULT.json
TENX126,SPATIAL_M12,spatial,12,Xenium,Homo sapiens,Pancreas,2190,541,514236,368820,80965,1535,13505,239820,4424,13314,11698,2185,1374,647693.2593352073,edbf501cbbc67d87ad1a352c672ca446a20199db188a4adee83f3ce2bbcf182a,D:\HEST1000BenchRun\COUNT-SUPPORT-PREDECESSOR-50-001\main\TENX126\SPATIAL_M12\attempt01\RESULT.json
TENX126,SPATIAL_M16,spatial,16,Xenium,Homo sapiens,Pancreas,2190,541,514236,378985,81074,1663,23433,239820,4424,13314,11698,2185,1374,648562.900072108,05d827a3bcbc949bfb22e0427a55e5384f726eee220cc3fc9409f57bc7dcd55e,D:\HEST1000BenchRun\COUNT-SUPPORT-PREDECESSOR-50-001\main\TENX126\SPATIAL_M16\attempt01\RESULT.json
TENX126,ROW_M06,row,6,Xenium,Homo sapiens,Pancreas,2190,541,514236,363670,89759,1343,0,239820,4424,13314,11698,2048,1264,718042.6988751907,4a001fc1613e21d5e4d43f1dd4fc816b13219dde1775d133ac9da8a604a262b6,D:\HEST1000BenchRun\COUNT-SUPPORT-PREDECESSOR-50-001\main\TENX126\ROW_M06\attempt01\RESULT.json
TENX136,SPATIAL_M00,spatial,0,Xenium,Mus musculus,Bone,7688,541,1495875,1209879,411964,1096,0,699019,4429,50563,39480,2064,1264,3295680.3845980363,d20eccebf36e4526a815f4290e869871dc75930750a0b7ca2c2acff8a1b8faf5,D:\HEST1000BenchRun\COUNT-SUPPORT-PREDECESSOR-50-001\main\TENX136\SPATIAL_M00\attempt01\RESULT.json
TENX136,SPATIAL_M02,spatial,2,Xenium,Mus musculus,Bone,7688,541,1495875,1143461,345448,1192,0,699019,4429,50563,39480,2066,1264,2763557.652747792,b7a6cd63245c19b571f317d646501a4ee7e68d5c52aecc59d09ddd674726626a,D:\HEST1000BenchRun\COUNT-SUPPORT-PREDECESSOR-50-001\main\TENX136\SPATIAL_M02\attempt01\RESULT.json
TENX136,SPATIAL_M04,spatial,4,Xenium,Mus musculus,Bone,7688,541,1495875,1126006,327928,1256,0,699019,4429,50563,39480,2067,1264,2623398.5310522625,bb0fb3dfbf8997dff42363030a9abf219208052a90f074cffd39343b88fc7fba,D:\HEST1000BenchRun\COUNT-SUPPORT-PREDECESSOR-50-001\main\TENX136\SPATIAL_M04\attempt01\RESULT.json
TENX136,SPATIAL_M06,spatial,6,Xenium,Mus musculus,Bone,7688,541,1495875,1121173,323031,1320,0,699019,4429,50563,39480,2067,1264,2584219.8300731136,1ef4193be6953d3680434a272e67dd6abe9cbd95b77099258852fb6ca4074ed4,D:\HEST1000BenchRun\COUNT-SUPPORT-PREDECESSOR-50-001\main\TENX136\SPATIAL_M06\attempt01\RESULT.json
TENX136,SPATIAL_M08,spatial,8,Xenium,Mus musculus,Bone,7688,541,1495875,1137671,319878,1384,19359,699019,4429,50563,39480,2185,1374,2558998.348508691,7cb87abe042fb6715f5099752c73398a24cdcda47e25c160beaa6fd28d2749ba,D:\HEST1000BenchRun\COUNT-SUPPORT-PREDECESSOR-50-001\main\TENX136\SPATIAL_M08\attempt01\RESULT.json
TENX136,SPATIAL_M12,spatial,12,Xenium,Mus musculus,Bone,7688,541,1495875,1162452,315596,1512,48291,699019,4429,50563,39480,2188,1374,2524738.2688786453,549fa81fc8888865f83070ab98c3b5c90dc082a67d93b3eb61911a9164415fc9,D:\HEST1000BenchRun\COUNT-SUPPORT-PREDECESSOR-50-001\main\TENX136\SPATIAL_M12\attempt01\RESULT.json
TENX136,SPATIAL_M16,spatial,16,Xenium,Mus musculus,Bone,7688,541,1495875,1201348,315930,1640,86725,699019,4429,50563,39480,2188,1374,2527409.698748282,4e4db55d4fbd1d970c43c382f812d00483d46a599bdfc181619d368e0cbf0c70,D:\HEST1000BenchRun\COUNT-SUPPORT-PREDECESSOR-50-001\main\TENX136\SPATIAL_M16\attempt01\RESULT.json
TENX136,ROW_M06,row,6,Xenium,Mus musculus,Bone,7688,541,1495875,1153874,355748,1320,0,699019,4429,50563,39480,2051,1264,2845959.7085921075,5ec379b74cbedd0d86baa20e46287c6389e56e2197decd1a0c4a2e48b4f719ac,D:\HEST1000BenchRun\COUNT-SUPPORT-PREDECESSOR-50-001\main\TENX136\ROW_M06\attempt01\RESULT.json
TENX117,SPATIAL_M00,spatial,0,Xenium,Homo sapiens,Skin,1830,541,357698,346941,99219,1058,0,217027,4564,11084,10664,2061,1264,793727.5162555872,4b2a955627fd7b4f13d6bc203a747de4f08f7949b52048fa8c5ed1414a06dd74,D:\HEST1000BenchRun\COUNT-SUPPORT-PREDECESSOR-50-001\main\TENX117\SPATIAL_M00\attempt01\RESULT.json
TENX117,SPATIAL_M02,spatial,2,Xenium,Homo sapiens,Skin,1830,541,357698,304669,56849,1154,0,217027,4564,11084,10664,2063,1264,454764.15727244416,3a284d9eb2746b1f2f33f72cee109856d16697f40169b9d4eb8cb527336504cd,D:\HEST1000BenchRun\COUNT-SUPPORT-PREDECESSOR-50-001\main\TENX117\SPATIAL_M02\attempt01\RESULT.json
TENX117,SPATIAL_M04,spatial,4,Xenium,Homo sapiens,Skin,1830,541,357698,299528,51643,1218,0,217027,4564,11084,10664,2064,1264,413115.9928749193,2aaa628f6b47404da211b6369e6ca1caff0e77bd6da0cd8c4387d1652912dbb4,D:\HEST1000BenchRun\COUNT-SUPPORT-PREDECESSOR-50-001\main\TENX117\SPATIAL_M04\attempt01\RESULT.json
TENX117,SPATIAL_M06,spatial,6,Xenium,Homo sapiens,Skin,1830,541,357698,299509,51560,1282,0,217027,4564,11084,10664,2064,1264,412450.6607552787,658653d14d5316d7ff59a4d2d8c1df88803cb36257b54728387eed450bbf92cd,D:\HEST1000BenchRun\COUNT-SUPPORT-PREDECESSOR-50-001\main\TENX117\SPATIAL_M06\attempt01\RESULT.json
TENX117,SPATIAL_M08,spatial,8,Xenium,Homo sapiens,Skin,1830,541,357698,304381,51669,1346,4472,217027,4564,11084,10664,2181,1374,413327.1257623346,f670804985fb0e992e5feca7c2d00e048cd3ece95ed6856941efbde91bd6b477,D:\HEST1000BenchRun\COUNT-SUPPORT-PREDECESSOR-50-001\main\TENX117\SPATIAL_M08\attempt01\RESULT.json
TENX117,SPATIAL_M12,spatial,12,Xenium,Homo sapiens,Skin,1830,541,357698,310621,51228,1474,11021,217027,4564,11084,10664,2185,1374,409796.50547077303,fc6affa1d3134f9d75fa007aec043599ab4add79751702e152b9ccd3e7239d8c,D:\HEST1000BenchRun\COUNT-SUPPORT-PREDECESSOR-50-001\main\TENX117\SPATIAL_M12\attempt01\RESULT.json
TENX117,SPATIAL_M16,spatial,16,Xenium,Homo sapiens,Skin,1830,541,357698,320436,52544,1602,19392,217027,4564,11084,10664,2185,1374,420325.3532595846,961016843baa7b27cef5a8e533962bb88b821bc8a91738155ebee3da5e93910e,D:\HEST1000BenchRun\COUNT-SUPPORT-PREDECESSOR-50-001\main\TENX117\SPATIAL_M16\attempt01\RESULT.json
TENX117,ROW_M06,row,6,Xenium,Homo sapiens,Skin,1830,541,357698,322612,74679,1282,0,217027,4564,11084,10664,2048,1264,597407.9828956653,091fcbac72dfd6ccabe9e6cfe60fd501f7a032f197a2c8600e6cdccfd75a5d45,D:\HEST1000BenchRun\COUNT-SUPPORT-PREDECESSOR-50-001\main\TENX117\ROW_M06\attempt01\RESULT.json
TENX137,SPATIAL_M00,spatial,0,Xenium,Mus musculus,Bone,9200,541,1181591,1124074,460847,1033,0,552162,4170,56773,45761,2064,1264,3686745.24862241,8b51939076215b7c4ad9ec3accb761508b406925edc1a5a4c6de9d2caa80d44e,D:\HEST1000BenchRun\COUNT-SUPPORT-PREDECESSOR-50-001\main\TENX137\SPATIAL_M00\attempt01\RESULT.json
TENX137,SPATIAL_M02,spatial,2,Xenium,Mus musculus,Bone,9200,541,1181591,938652,275327,1129,0,552162,4170,56773,45761,2066,1264,2202588.36694572,bc4e56eee5bca7eb9b11d639894bf496658968dcd22798b199798583442be3c4,D:\HEST1000BenchRun\COUNT-SUPPORT-PREDECESSOR-50-001\main\TENX137\SPATIAL_M02\attempt01\RESULT.json
TENX137,SPATIAL_M04,spatial,4,Xenium,Mus musculus,Bone,9200,541,1181591,910929,247539,1193,0,552162,4170,56773,45761,2067,1264,1980286.4689180204,d78e5c56a86ce801910f58976a6f710416f30f8b50a381b25697ec6b6c9ad62e,D:\HEST1000BenchRun\COUNT-SUPPORT-PREDECESSOR-50-001\main\TENX137\SPATIAL_M04\attempt01\RESULT.json
TENX137,SPATIAL_M06,spatial,6,Xenium,Mus musculus,Bone,9200,541,1181591,902237,238783,1257,0,552162,4170,56773,45761,2067,1264,1910237.773002614,513f754284342c22395f5eda460bcc402b6909ee758d91d575ec79889ac6425c,D:\HEST1000BenchRun\COUNT-SUPPORT-PREDECESSOR-50-001\main\TENX137\SPATIAL_M06\attempt01\RESULT.json
TENX137,SPATIAL_M08,spatial,8,Xenium,Mus musculus,Bone,9200,541,1181591,919099,233476,1321,21877,552162,4170,56773,45761,2185,1374,1867779.8227095243,4352a2254e8e6436b64a6bc889bd1638cc3892a93ca3b684fd469112c8826ea6,D:\HEST1000BenchRun\COUNT-SUPPORT-PREDECESSOR-50-001\main\TENX137\SPATIAL_M08\attempt01\RESULT.json
TENX137,SPATIAL_M12,spatial,12,Xenium,Mus musculus,Bone,9200,541,1181591,949151,230205,1449,55069,552162,4170,56773,45761,2188,1374,1841608.3290283612,a597fb2aeeed6cb7ecc201ba084da5da686ccd2d05b2fc4330c684b0ee406eac,D:\HEST1000BenchRun\COUNT-SUPPORT-PREDECESSOR-50-001\main\TENX137\SPATIAL_M12\attempt01\RESULT.json
TENX137,SPATIAL_M16,spatial,16,Xenium,Mus musculus,Bone,9200,541,1181591,995515,229553,1577,101956,552162,4170,56773,45761,2189,1374,1836393.4761316427,94e8f8da533b9c0046d3466380088381fd73afc5b869ff84ea8c09ca9d5f195b,D:\HEST1000BenchRun\COUNT-SUPPORT-PREDECESSOR-50-001\main\TENX137\SPATIAL_M16\attempt01\RESULT.json
TENX137,ROW_M06,row,6,Xenium,Mus musculus,Bone,9200,541,1181591,977511,314073,1257,0,552162,4170,56773,45761,2051,1264,2512557.827205494,b34d9deb264354654d6dc63d398a65a5dcb79241a0f7e3bb26186a246f28eb38,D:\HEST1000BenchRun\COUNT-SUPPORT-PREDECESSOR-50-001\main\TENX137\ROW_M06\attempt01\RESULT.json
TENX111,SPATIAL_M00,spatial,0,Xenium,Homo sapiens,Bowel,6643,541,1887635,1477424,334920,1114,0,1059216,4602,38929,35313,2066,1264,2679328.468641047,e1b1ba23f87f59f021fd2f7fe993b7e42d30064dd1622ec02a2dba07181f85aa,D:\HEST1000BenchRun\COUNT-SUPPORT-PREDECESSOR-50-001\main\TENX111\SPATIAL_M00\attempt01\RESULT.json
TENX111,SPATIAL_M02,spatial,2,Xenium,Homo sapiens,Bowel,6643,541,1887635,1387853,245251,1210,0,1059216,4602,38929,35313,2068,1264,1961981.9647115304,c2e31b79315a51df27c0349c699c69ecb05a66c47e510102122a55b99412a178,D:\HEST1000BenchRun\COUNT-SUPPORT-PREDECESSOR-50-001\main\TENX111\SPATIAL_M02\attempt01\RESULT.json
TENX111,SPATIAL_M04,spatial,4,Xenium,Homo sapiens,Bowel,6643,541,1887635,1373095,230428,1274,0,1059216,4602,38929,35313,2069,1264,1843398.3674796775,0b0207ffad499ba04525f17fea9847a281a7629d1dd94c7081a3824bd7f6422f,D:\HEST1000BenchRun\COUNT-SUPPORT-PREDECESSOR-50-001\main\TENX111\SPATIAL_M04\attempt01\RESULT.json
TENX111,SPATIAL_M06,spatial,6,Xenium,Homo sapiens,Bowel,6643,541,1887635,1368807,226076,1338,0,1059216,4602,38929,35313,2069,1264,1808577.4134998228,715ec90c312a4a6ede73f8942adfe034964d6f0f391e2c04e8f3f0c3b3d267a2,D:\HEST1000BenchRun\COUNT-SUPPORT-PREDECESSOR-50-001\main\TENX111\SPATIAL_M06\attempt01\RESULT.json
TENX111,SPATIAL_M08,spatial,8,Xenium,Homo sapiens,Bowel,6643,541,1887635,1382568,224179,1402,15366,1059216,4602,38929,35313,2187,1374,1793405.6246604973,bfcbb1593d9ab0ef861ced9997f8b4f7f9190e53c58b1e9744f16f728ec70ed3,D:\HEST1000BenchRun\COUNT-SUPPORT-PREDECESSOR-50-001\main\TENX111\SPATIAL_M08\attempt01\RESULT.json
TENX111,SPATIAL_M12,spatial,12,Xenium,Homo sapiens,Bowel,6643,541,1887635,1405674,222942,1530,39578,1059216,4602,38929,35313,2190,1374,1783505.0029749374,9a8c7f447e4dd0cd707bc79414072eb1f5749169a4cb4335b19d5a1490fca33f,D:\HEST1000BenchRun\COUNT-SUPPORT-PREDECESSOR-50-001\main\TENX111\SPATIAL_M12\attempt01\RESULT.json
TENX111,SPATIAL_M16,spatial,16,Xenium,Homo sapiens,Bowel,6643,541,1887635,1437162,222850,1658,71030,1059216,4602,38929,35313,2190,1374,1782774.451566753,c38df1267c2e669e3dbd4900ca11a7352c9b99ebed4d034e86d96da9bbe7b9db,D:\HEST1000BenchRun\COUNT-SUPPORT-PREDECESSOR-50-001\main\TENX111\SPATIAL_M16\attempt01\RESULT.json
TENX111,ROW_M06,row,6,Xenium,Homo sapiens,Bowel,6643,541,1887635,1408314,265599,1338,0,1059216,4602,38929,35313,2053,1264,2124767.590121072,aa994e089db0de81adaea477f3e7fb19189d65c9e69e59efa69a266c2ea7af86,D:\HEST1000BenchRun\COUNT-SUPPORT-PREDECESSOR-50-001\main\TENX111\ROW_M06\attempt01\RESULT.json
TENX131,SPATIAL_M00,spatial,0,Visium HD,Mus musculus,Brain,1635,19059,1106677,872077,654915,18284,0,111771,8146,10633,64998,2066,1264,5239289.443440307,101b81e0584d8b9b4c24d64ac43882a26c6a58637b28d2a5f7f3b813c3373d05,D:\HEST1000BenchRun\COUNT-SUPPORT-PREDECESSOR-50-001\main\TENX131\SPATIAL_M00\attempt01\RESULT.json
TENX131,SPATIAL_M02,spatial,2,Visium HD,Mus musculus,Brain,1635,19059,1106677,869642,652382,18380,0,111771,8146,10633,64998,2068,1264,5219027.3374360725,5719a0dd0d860fe79ac6689eb91c296c8a7308dc7bac17e80087357ca7909e5a,D:\HEST1000BenchRun\COUNT-SUPPORT-PREDECESSOR-50-001\main\TENX131\SPATIAL_M02\attempt01\RESULT.json
TENX131,SPATIAL_M04,spatial,4,Visium HD,Mus musculus,Brain,1635,19059,1106677,868546,651221,18444,0,111771,8146,10633,64998,2069,1264,5209739.134251752,2ee53103f9555d18e347c5dc1dcdcc94d8541200a4d3c1fd6e8cc28d440dcf1a,D:\HEST1000BenchRun\COUNT-SUPPORT-PREDECESSOR-50-001\main\TENX131\SPATIAL_M04\attempt01\RESULT.json
TENX131,SPATIAL_M06,spatial,6,Visium HD,Mus musculus,Brain,1635,19059,1106677,868413,651024,18508,0,111771,8146,10633,64998,2069,1264,5208166.903764047,df56363ac5dd7d2f7a73358ed0b1ffde7bd2710cef7781713c630d458fc1fd56,D:\HEST1000BenchRun\COUNT-SUPPORT-PREDECESSOR-50-001\main\TENX131\SPATIAL_M06\attempt01\RESULT.json
TENX131,SPATIAL_M08,spatial,8,Visium HD,Mus musculus,Brain,1635,19059,1106677,872785,650908,18572,4197,111771,8146,10633,64998,2186,1374,5207236.946605222,bd6943f3dc0542815e9f3b95cadb2d50cd5070fd51be2a12c0d0c12eff135ce0,D:\HEST1000BenchRun\COUNT-SUPPORT-PREDECESSOR-50-001\main\TENX131\SPATIAL_M08\attempt01\RESULT.json
TENX131,SPATIAL_M12,spatial,12,Visium HD,Mus musculus,Brain,1635,19059,1106677,878829,650607,18700,10410,111771,8146,10633,64998,2190,1374,5204827.856773413,923fd033812cf3a5c988b4ece0e6cb2de00ed9d4c3653e8dfae9f7f9261588a8,D:\HEST1000BenchRun\COUNT-SUPPORT-PREDECESSOR-50-001\main\TENX131\SPATIAL_M12\attempt01\RESULT.json
TENX131,SPATIAL_M16,spatial,16,Visium HD,Mus musculus,Brain,1635,19059,1106677,886634,650764,18828,17930,111771,8146,10633,64998,2190,1374,5206086.835691245,f15a7b8fe76f4f3047408ff9a1a5efb2dc6bc31a49dee7b5462d0293d64a7030,D:\HEST1000BenchRun\COUNT-SUPPORT-PREDECESSOR-50-001\main\TENX131\SPATIAL_M16\attempt01\RESULT.json
TENX131,ROW_M06,row,6,Visium HD,Mus musculus,Brain,1635,19059,1106677,870944,653571,18508,0,111771,8146,10633,64998,2053,1264,5228537.414985484,5049242a2e8815f82ccd0f3f8aa63ab5f9e11b791d869d1a2e9c101063aa8f81,D:\HEST1000BenchRun\COUNT-SUPPORT-PREDECESSOR-50-001\main\TENX131\ROW_M06\attempt01\RESULT.json
TENX129,SPATIAL_M00,spatial,0,Visium HD,Mus musculus,Bowel,1748,19059,1507377,1134793,840806,19700,0,184393,8692,11282,66589,2067,1264,6726422.905021453,5359540779e08eeac7a570aaf475e11f415e1487f17ab63652f17aedab6fae57,D:\HEST1000BenchRun\COUNT-SUPPORT-PREDECESSOR-50-001\main\TENX129\SPATIAL_M00\attempt01\RESULT.json
TENX129,SPATIAL_M02,spatial,2,Visium HD,Mus musculus,Bowel,1748,19059,1507377,1134117,840032,19796,0,184393,8692,11282,66589,2069,1264,6720229.783756912,c0300da169e729683057a4591271eaaed938f263a3c9374950e2f92750bbc2c4,D:\HEST1000BenchRun\COUNT-SUPPORT-PREDECESSOR-50-001\main\TENX129\SPATIAL_M02\attempt01\RESULT.json
TENX129,SPATIAL_M04,spatial,4,Visium HD,Mus musculus,Bowel,1748,19059,1507377,1134133,839983,19860,0,184393,8692,11282,66589,2070,1264,6719838.133640976,e409e6548b5971240623792a710b83f51517dff18609855eb6f72ae75485a843,D:\HEST1000BenchRun\COUNT-SUPPORT-PREDECESSOR-50-001\main\TENX129\SPATIAL_M04\attempt01\RESULT.json
TENX129,SPATIAL_M06,spatial,6,Visium HD,Mus musculus,Bowel,1748,19059,1507377,1133943,839729,19924,0,184393,8692,11282,66589,2070,1264,6717803.509255853,443a0995b9d04a5a3b1800fa6e106ae63d26f6ece5eb888e639a6a635bb676ee,D:\HEST1000BenchRun\COUNT-SUPPORT-PREDECESSOR-50-001\main\TENX129\SPATIAL_M06\attempt01\RESULT.json
TENX129,SPATIAL_M08,spatial,8,Visium HD,Mus musculus,Bowel,1748,19059,1507377,1138663,839574,19988,4584,184393,8692,11282,66589,2187,1374,6716563.155419176,157b766f6d6690a0a18f9430c46fdaba85667cc6337081ae05f46b592cbb1850,D:\HEST1000BenchRun\COUNT-SUPPORT-PREDECESSOR-50-001\main\TENX129\SPATIAL_M08\attempt01\RESULT.json
TENX129,SPATIAL_M12,spatial,12,Visium HD,Mus musculus,Bowel,1748,19059,1507377,1145460,839617,20116,11206,184393,8692,11282,66589,2191,1374,6716906.649489247,8d797ea0f2de6ba4288d0fb9ca90b022e4adadb4df51b0a9d54b8b6864a50884,D:\HEST1000BenchRun\COUNT-SUPPORT-PREDECESSOR-50-001\main\TENX129\SPATIAL_M12\attempt01\RESULT.json
TENX129,SPATIAL_M16,spatial,16,Visium HD,Mus musculus,Bowel,1748,19059,1507377,1153183,839680,20244,18738,184393,8692,11282,66589,2191,1374,6717415.622007189,8587213a76c122bd6686aede1afc6f05f17ea909ab9c2783f1bb8a23953b4476,D:\HEST1000BenchRun\COUNT-SUPPORT-PREDECESSOR-50-001\main\TENX129\SPATIAL_M16\attempt01\RESULT.json
TENX129,ROW_M06,row,6,Visium HD,Mus musculus,Bowel,1748,19059,1507377,1134590,840392,19924,0,184393,8692,11282,66589,2054,1264,6723107.639902103,c3676a01e938bf96b5c3f63e34d97a562aed3a62ccae7f53702b2fc652576b90,D:\HEST1000BenchRun\COUNT-SUPPORT-PREDECESSOR-50-001\main\TENX129\ROW_M06\attempt01\RESULT.json
TENX128,SPATIAL_M00,spatial,0,Visium HD,Homo sapiens,Bowel,2279,18085,2832756,1945394,1465668,21497,0,364280,9453,13554,67610,2068,1264,11725318.308373427,f03e729d99dc8142c7f9bc0b24678a351194de77edad885fb8c4370b6c6cf075,D:\HEST1000BenchRun\COUNT-SUPPORT-PREDECESSOR-50-001\main\TENX128\SPATIAL_M00\attempt01\RESULT.json
TENX128,SPATIAL_M02,spatial,2,Visium HD,Homo sapiens,Bowel,2279,18085,2832756,1925804,1445980,21593,0,364280,9453,13554,67610,2070,1264,11567810.322207777,6e4e4076fec86fe67d70945b3fe5175e33dbd29a21fe30f0aebfa891ea7194bd,D:\HEST1000BenchRun\COUNT-SUPPORT-PREDECESSOR-50-001\main\TENX128\SPATIAL_M02\attempt01\RESULT.json
TENX128,SPATIAL_M04,spatial,4,Visium HD,Homo sapiens,Bowel,2279,18085,2832756,1915181,1435292,21657,0,364280,9453,13554,67610,2071,1264,11482310.03032682,5400e2d881727cfa5ed93dd480e67260af7c0f1215db6a657c0ad8dff5db9304,D:\HEST1000BenchRun\COUNT-SUPPORT-PREDECESSOR-50-001\main\TENX128\SPATIAL_M04\attempt01\RESULT.json
TENX128,SPATIAL_M06,spatial,6,Visium HD,Homo sapiens,Bowel,2279,18085,2832756,1910181,1430228,21721,0,364280,9453,13554,67610,2071,1264,11441799.695010956,59a33a26d08f7082f02698a15703fa4295d65b774a6acbb0a1fb9288f8856157,D:\HEST1000BenchRun\COUNT-SUPPORT-PREDECESSOR-50-001\main\TENX128\SPATIAL_M06\attempt01\RESULT.json
TENX128,SPATIAL_M08,spatial,8,Visium HD,Homo sapiens,Bowel,2279,18085,2832756,1913542,1427338,21785,5960,364280,9453,13554,67610,2188,1374,11418672.55568995,2ccd71ab0e96ef812c061b08bcad347fb9c219b10ebf515d541a2178aecd2580,D:\HEST1000BenchRun\COUNT-SUPPORT-PREDECESSOR-50-001\main\TENX128\SPATIAL_M08\attempt01\RESULT.json
TENX128,SPATIAL_M12,spatial,12,Visium HD,Homo sapiens,Bowel,2279,18085,2832756,1916493,1422534,21913,13583,364280,9453,13554,67610,2192,1374,11380246.731714908,abd4931aa38f38bb9694ae25099fd29a3c926fd79e0bc4f1da32939a35320283,D:\HEST1000BenchRun\COUNT-SUPPORT-PREDECESSOR-50-001\main\TENX128\SPATIAL_M12\attempt01\RESULT.json
TENX128,SPATIAL_M16,spatial,16,Visium HD,Homo sapiens,Bowel,2279,18085,2832756,1924308,1420382,22041,23422,364280,9453,13554,67610,2192,1374,11363026.551161496,bc20f221e768a275ea92c06ac8b127ac71dd9908c72e297f70ed28777bb8d050,D:\HEST1000BenchRun\COUNT-SUPPORT-PREDECESSOR-50-001\main\TENX128\SPATIAL_M16\attempt01\RESULT.json
TENX128,ROW_M06,row,6,Visium HD,Homo sapiens,Bowel,2279,18085,2832756,1926783,1446846,21721,0,364280,9453,13554,67610,2055,1264,11574740.609205704,59a157b13485e9df85190e05a53c598510fa77311ab201302ddf5abe5754e6fe,D:\HEST1000BenchRun\COUNT-SUPPORT-PREDECESSOR-50-001\main\TENX128\ROW_M06\attempt01\RESULT.json
