dataset_id,platform,organ,species,arm,archive_size_bytes,bits_per_count,bits_per_nonzero,n_spots,n_genes,n_counts,n_nonzero,exact_recovery,definition,archive_sha256,canonical_sha256,metadata_sha256
NCBI180,HEST_exposed_development,Spinal cord,Mus musculus,full,257323,0.4274450687497145,7.248688352570829,330,14594,4816020,283994,True,"Production Shared K32 anchor, support M6, value context M6",2d3dc4d0a9f454d87dda07c9adb9028ad5d7fed5d5aadc28d3ada41ac725c67d,46b182f39719b9f6fd7a67cab21e0341338e2101d37bcb6a9c9cfca93a9ca9cd,ae71f7e49cb1a9ef0f817e2f2556229ee5c98b32da8949d85f8827c811ccb69a
NCBI180,HEST_exposed_development,Spinal cord,Mus musculus,no_support,257241,0.4273088566907945,7.2463784446150274,330,14594,4816020,283994,True,Gene-only support probabilities; value spatial context retained,838495eed821087506350ec2c34103b1b800234a9ae7614d01dbab2b7fd6d2fb,46b182f39719b9f6fd7a67cab21e0341338e2101d37bcb6a9c9cfca93a9ca9cd,ae71f7e49cb1a9ef0f817e2f2556229ee5c98b32da8949d85f8827c811ccb69a
NCBI180,HEST_exposed_development,Spinal cord,Mus musculus,no_value,1357156,2.2544025979958553,38.230554166637326,330,14594,4816020,283994,True,Fixed-width lossless positive uint32 stream; no positive-value model,0155a54ce56833da884283db8ab793fe616c0dfe6c73f8021cddb19ffdff4c95,46b182f39719b9f6fd7a67cab21e0341338e2101d37bcb6a9c9cfca93a9ca9cd,ae71f7e49cb1a9ef0f817e2f2556229ee5c98b32da8949d85f8827c811ccb69a
NCBI180,HEST_exposed_development,Spinal cord,Mus musculus,no_spatial,254296,0.422416850428362,7.163418945470679,330,14594,4816020,283994,True,No support or value spatial predecessors; active model families retained,5acaa1649e03e1a8c296b1d9bb19b8c3110b24674441172bed0cb1b7c79e5e79,46b182f39719b9f6fd7a67cab21e0341338e2101d37bcb6a9c9cfca93a9ca9cd,ae71f7e49cb1a9ef0f817e2f2556229ee5c98b32da8949d85f8827c811ccb69a
NCBI180,HEST_exposed_development,Spinal cord,Mus musculus,no_sharing,272476,0.4526160605645325,7.675542441037487,330,14594,4816020,283994,True,Independent per-gene q1 exceptions; fixed eight tail classes retained,bdf71568622a78046ffae6071869c023bb1c20da955cbb29a03aa8d0266d8ab9,46b182f39719b9f6fd7a67cab21e0341338e2101d37bcb6a9c9cfca93a9ca9cd,ae71f7e49cb1a9ef0f817e2f2556229ee5c98b32da8949d85f8827c811ccb69a
SPA58,HEST_exposed_development,Breast,Homo sapiens,full,589023,0.5564905617595375,5.532420691760397,480,17641,8467680,851740,True,"Production Shared K32 anchor, support M6, value context M6",f4531fa9abdbf73ab1123f0634d8cfcf5a89ecda3ae095c82d2ac8c379b2f6a8,931db1a0dfc5522a8d75ca59b3f07935228816b0ec3258972852f9c3c144bfc6,81c64a6ad46f1cb8434d15c58dd3c8615d76097595f8046db8c17542c4360de4
SPA58,HEST_exposed_development,Breast,Homo sapiens,no_support,589810,0.5572340948169983,5.539812618874304,480,17641,8467680,851740,True,Gene-only support probabilities; value spatial context retained,0c5783829f64e22fa92c7e94bcd115d4d0a33f66c465955ddff16b2eaaaf7a73,931db1a0dfc5522a8d75ca59b3f07935228816b0ec3258972852f9c3c144bfc6,81c64a6ad46f1cb8434d15c58dd3c8615d76097595f8046db8c17542c4360de4
SPA58,HEST_exposed_development,Breast,Homo sapiens,no_value,3839559,3.62749560682501,36.06320238570456,480,17641,8467680,851740,True,Fixed-width lossless positive uint32 stream; no positive-value model,3787d9ef468b3c55def8d383f00bda414127f0eb8c420d6ebb773c91b491f3ae,931db1a0dfc5522a8d75ca59b3f07935228816b0ec3258972852f9c3c144bfc6,81c64a6ad46f1cb8434d15c58dd3c8615d76097595f8046db8c17542c4360de4
SPA58,HEST_exposed_development,Breast,Homo sapiens,no_spatial,587482,0.5550346730155131,5.5179467912743325,480,17641,8467680,851740,True,No support or value spatial predecessors; active model families retained,158b8ca076ba577f5e5d2123f446b5dc35531e333fc8d91ac103c538837ce52b,931db1a0dfc5522a8d75ca59b3f07935228816b0ec3258972852f9c3c144bfc6,81c64a6ad46f1cb8434d15c58dd3c8615d76097595f8046db8c17542c4360de4
SPA58,HEST_exposed_development,Breast,Homo sapiens,no_sharing,606963,0.5734397143019103,5.700922816822035,480,17641,8467680,851740,True,Independent per-gene q1 exceptions; fixed eight tail classes retained,8ba78dd0687643815d4fe209d2472e1f6aac06d07ca08afaa475f4eeaa3086ea,931db1a0dfc5522a8d75ca59b3f07935228816b0ec3258972852f9c3c144bfc6,81c64a6ad46f1cb8434d15c58dd3c8615d76097595f8046db8c17542c4360de4
SPA37,HEST_exposed_development,Heart,Homo sapiens,full,414261,0.45822176514946844,7.823496778853985,182,39739,7232498,423607,True,"Production Shared K32 anchor, support M6, value context M6",3f1317206123af84541611344eecd2b7e27689dbe5f6783fe45b9a2c516c6dcf,09231c88ecf51439224293a33ef1ef0ea87429ff86e577fd69f80708da2b56ff,8ebf4eb8610cccae5bd2fe2b0056246aea29c53009770ddff6a8d8168b969885
SPA37,HEST_exposed_development,Heart,Homo sapiens,no_support,415604,0.459707282324862,7.848859910246998,182,39739,7232498,423607,True,Gene-only support probabilities; value spatial context retained,fd95b0db1db1660cbf2f6c104ac75d8fe1d7a582c0233b467999024b8c2ffd84,09231c88ecf51439224293a33ef1ef0ea87429ff86e577fd69f80708da2b56ff,8ebf4eb8610cccae5bd2fe2b0056246aea29c53009770ddff6a8d8168b969885
SPA37,HEST_exposed_development,Heart,Homo sapiens,no_value,2018734,2.2329590689136727,38.12465799668089,182,39739,7232498,423607,True,Fixed-width lossless positive uint32 stream; no positive-value model,9763d9fe5f0db969435a02e6aeb5ab268eeaf7f7be54ef7c49d0fb199ac0378d,09231c88ecf51439224293a33ef1ef0ea87429ff86e577fd69f80708da2b56ff,8ebf4eb8610cccae5bd2fe2b0056246aea29c53009770ddff6a8d8168b969885
SPA37,HEST_exposed_development,Heart,Homo sapiens,no_spatial,413595,0.45748509021364403,7.810919083017986,182,39739,7232498,423607,True,No support or value spatial predecessors; active model families retained,eb5054522c438661cf8705aa667a60544b12adb02645fbd0405dc6bd23fe2416,09231c88ecf51439224293a33ef1ef0ea87429ff86e577fd69f80708da2b56ff,8ebf4eb8610cccae5bd2fe2b0056246aea29c53009770ddff6a8d8168b969885
SPA37,HEST_exposed_development,Heart,Homo sapiens,no_sharing,442859,0.48985454264902667,8.363582282634612,182,39739,7232498,423607,True,Independent per-gene q1 exceptions; fixed eight tail classes retained,21ab09f960929daf1f4010e02e12796865a95a943f946cb56bfb93958e56c9b7,09231c88ecf51439224293a33ef1ef0ea87429ff86e577fd69f80708da2b56ff,8ebf4eb8610cccae5bd2fe2b0056246aea29c53009770ddff6a8d8168b969885
NCBI383,HEST_exposed_development,Brain,Mus musculus,full,1038413,0.6393048754697838,4.440466149032135,556,23371,12994276,1870818,True,"Production Shared K32 anchor, support M6, value context M6",eb81474930a82a63e636684ffacfae13828f00011ccf17301223cee85e60b087,8a41c72b8ef2b18c79f975dfbe9edff0d22dc1ae429e60e710751a28e2718aca,4b53661c9ac0ed7f1bb1a72e6b00974be705f2b1dcd1552254fe64d72a61ffe7
NCBI383,HEST_exposed_development,Brain,Mus musculus,no_support,1040853,0.64080707536149,4.450900087555283,556,23371,12994276,1870818,True,Gene-only support probabilities; value spatial context retained,33333b3b4b653be46bd57d345be8943e868d1872f3e3a7cf164e0c78a0a710b9,8a41c72b8ef2b18c79f975dfbe9edff0d22dc1ae429e60e710751a28e2718aca,4b53661c9ac0ed7f1bb1a72e6b00974be705f2b1dcd1552254fe64d72a61ffe7
NCBI383,HEST_exposed_development,Brain,Mus musculus,no_value,8143843,5.013803308472131,34.82473655908806,556,23371,12994276,1870818,True,Fixed-width lossless positive uint32 stream; no positive-value model,04b4906cedbaf44c32711191811bb7152b54942c1f1824e16ce91e1c52a5ae0e,8a41c72b8ef2b18c79f975dfbe9edff0d22dc1ae429e60e710751a28e2718aca,4b53661c9ac0ed7f1bb1a72e6b00974be705f2b1dcd1552254fe64d72a61ffe7
NCBI383,HEST_exposed_development,Brain,Mus musculus,no_spatial,1040332,0.6404863187452691,4.448672185108332,556,23371,12994276,1870818,True,No support or value spatial predecessors; active model families retained,ebc539279b3509873545eca52100932a389e28a980661ffe3711d294c64e26e9,8a41c72b8ef2b18c79f975dfbe9edff0d22dc1ae429e60e710751a28e2718aca,4b53661c9ac0ed7f1bb1a72e6b00974be705f2b1dcd1552254fe64d72a61ffe7
NCBI383,HEST_exposed_development,Brain,Mus musculus,no_sharing,1057565,0.6510959133082905,4.522364014030226,556,23371,12994276,1870818,True,Independent per-gene q1 exceptions; fixed eight tail classes retained,d3e7214268edb2054c8b11a8a17eb2d6ba115fb0e7f128c71a21df38d97cf1fc,8a41c72b8ef2b18c79f975dfbe9edff0d22dc1ae429e60e710751a28e2718aca,4b53661c9ac0ed7f1bb1a72e6b00974be705f2b1dcd1552254fe64d72a61ffe7
MEND24,HEST_exposed_development,Prostate,Homo sapiens,full,410132,0.9125623847148271,6.421908885217922,136,26437,3595432,510916,True,"Production Shared K32 anchor, support M6, value context M6",e87f151319353ceeb55f8e23963c72fb1a38b0b81845032235d296d2ded4ae52,0e791727637426f6f69ed9ecedece0e15950bb88d27a884535e844c108a18c7c,a4521274f87c1f18801fc6d169eb8627bb80e708270096cd96eb4453c6928318
MEND24,HEST_exposed_development,Prostate,Homo sapiens,no_support,413603,0.9202855178459779,6.476258328179192,136,26437,3595432,510916,True,Gene-only support probabilities; value spatial context retained,e05ad9fa877b5aaf921f929a62a6480a558e48f01a40e52869703a6a1184f957,0e791727637426f6f69ed9ecedece0e15950bb88d27a884535e844c108a18c7c,a4521274f87c1f18801fc6d169eb8627bb80e708270096cd96eb4453c6928318
MEND24,HEST_exposed_development,Prostate,Homo sapiens,no_value,2329056,5.182255706685594,36.468711099280505,136,26437,3595432,510916,True,Fixed-width lossless positive uint32 stream; no positive-value model,5f9bdc19aacf757315bf374cebd4eb702a4377f171c7963eb21d654e7c487412,0e791727637426f6f69ed9ecedece0e15950bb88d27a884535e844c108a18c7c,a4521274f87c1f18801fc6d169eb8627bb80e708270096cd96eb4453c6928318
MEND24,HEST_exposed_development,Prostate,Homo sapiens,no_spatial,414770,0.9228821460119396,6.494531390678703,136,26437,3595432,510916,True,No support or value spatial predecessors; active model families retained,9de8c6f60e33d51af285c7f639fd3ef40499218d1dab12cfdfd2100ccb124da8,0e791727637426f6f69ed9ecedece0e15950bb88d27a884535e844c108a18c7c,a4521274f87c1f18801fc6d169eb8627bb80e708270096cd96eb4453c6928318
MEND24,HEST_exposed_development,Prostate,Homo sapiens,no_sharing,438042,0.9746634062332427,6.858927886384454,136,26437,3595432,510916,True,Independent per-gene q1 exceptions; fixed eight tail classes retained,732f99c3006308425f6eefaea573ccd5d06e45f7c28e114aabc68d87044ad5be,0e791727637426f6f69ed9ecedece0e15950bb88d27a884535e844c108a18c7c,a4521274f87c1f18801fc6d169eb8627bb80e708270096cd96eb4453c6928318
SPA8,HEST_exposed_development,Brain,Mus musculus,full,582441,1.302492989306176,4.537386103480411,234,15288,3577392,1026919,True,"Production Shared K32 anchor, support M6, value context M6",323d54f355d757c86d4bf220bacdfe4536c46f667a5bbaea99d314f5e514fe77,bd4e75e38392b978152b9e8955ad9a1b257bd16065bdd36b187dde4373477611,b0a583f390157fd93ad7478b5ae6d456c70a46d4762c20eb36a0c06c5349edb9
SPA8,HEST_exposed_development,Brain,Mus musculus,no_support,582241,1.3020457361116702,4.535828044860403,234,15288,3577392,1026919,True,Gene-only support probabilities; value spatial context retained,d5f75faed84ed883862120391eaff6ac3eabe96b59511daf246848ec13b78d4c,bd4e75e38392b978152b9e8955ad9a1b257bd16065bdd36b187dde4373477611,b0a583f390157fd93ad7478b5ae6d456c70a46d4762c20eb36a0c06c5349edb9
SPA8,HEST_exposed_development,Brain,Mus musculus,no_value,4429818,9.90625125789961,34.50958059983309,234,15288,3577392,1026919,True,Fixed-width lossless positive uint32 stream; no positive-value model,6bca51b02680e79271e71189990787415eff44aa923234c2a9aa0860342ffc6b,bd4e75e38392b978152b9e8955ad9a1b257bd16065bdd36b187dde4373477611,b0a583f390157fd93ad7478b5ae6d456c70a46d4762c20eb36a0c06c5349edb9
SPA8,HEST_exposed_development,Brain,Mus musculus,no_spatial,580222,1.2975307151131328,4.520099443091422,234,15288,3577392,1026919,True,No support or value spatial predecessors; active model families retained,9a2520d2e53d04af14ee3d4aaa8e958787582a0ef86a04c00059867274d576b8,bd4e75e38392b978152b9e8955ad9a1b257bd16065bdd36b187dde4373477611,b0a583f390157fd93ad7478b5ae6d456c70a46d4762c20eb36a0c06c5349edb9
SPA8,HEST_exposed_development,Brain,Mus musculus,no_sharing,599888,1.341509121728902,4.673303347196809,234,15288,3577392,1026919,True,Independent per-gene q1 exceptions; fixed eight tail classes retained,dcd325ca1abcab55d92d27acd898d21d52f9b2058b6720c50055d29b103f636b,bd4e75e38392b978152b9e8955ad9a1b257bd16065bdd36b187dde4373477611,b0a583f390157fd93ad7478b5ae6d456c70a46d4762c20eb36a0c06c5349edb9
NCBI761,HEST_exposed_development,Skin,Homo sapiens,full,408498,0.34940997752132397,6.849927580735428,608,15383,9352864,477083,True,"Production Shared K32 anchor, support M6, value context M6",fa4c329523b9372d1555257e129d49027f2c489fd9fd2557c88927422e3acf10,f7909cd905e1022d351d5921f9d0a6a4725cbdfbbb33581c089f4efad7a8a0cf,ff0180f3b5f2aa74971321a803ccd855f34fafed6007a8e8ae16a0cdce49f4a2
NCBI761,HEST_exposed_development,Skin,Homo sapiens,no_support,424174,0.36281849067836336,7.1127916945269485,608,15383,9352864,477083,True,Gene-only support probabilities; value spatial context retained,8d0a990b45b61a7689b939aff68ab608af58deac45891a55fe9a16ded50f5e70,f7909cd905e1022d351d5921f9d0a6a4725cbdfbbb33581c089f4efad7a8a0cf,ff0180f3b5f2aa74971321a803ccd855f34fafed6007a8e8ae16a0cdce49f4a2
NCBI761,HEST_exposed_development,Skin,Homo sapiens,no_value,2230064,1.9074918655932558,37.394985778156006,608,15383,9352864,477083,True,Fixed-width lossless positive uint32 stream; no positive-value model,e4587f737b49086ecdf3d1b65ce8806e10ec9ff5aaffc5b0cfe884d63f4d3b85,f7909cd905e1022d351d5921f9d0a6a4725cbdfbbb33581c089f4efad7a8a0cf,ff0180f3b5f2aa74971321a803ccd855f34fafed6007a8e8ae16a0cdce49f4a2
NCBI761,HEST_exposed_development,Skin,Homo sapiens,no_spatial,423730,0.3624387139597026,7.105346449150358,608,15383,9352864,477083,True,No support or value spatial predecessors; active model families retained,4ceae6641fbd5849cfeda53bfaaa9367c7b92a9cd1e0af69923231038dbdc5e9,f7909cd905e1022d351d5921f9d0a6a4725cbdfbbb33581c089f4efad7a8a0cf,ff0180f3b5f2aa74971321a803ccd855f34fafed6007a8e8ae16a0cdce49f4a2
NCBI761,HEST_exposed_development,Skin,Homo sapiens,no_sharing,426333,0.3646651977404996,7.148995038599153,608,15383,9352864,477083,True,Independent per-gene q1 exceptions; fixed eight tail classes retained,6df308201fa9bc6d33aea946378b543c08a1497ab7e7cb3ecc4ba26a5df141a7,f7909cd905e1022d351d5921f9d0a6a4725cbdfbbb33581c089f4efad7a8a0cf,ff0180f3b5f2aa74971321a803ccd855f34fafed6007a8e8ae16a0cdce49f4a2
NCBI289,HEST_exposed_development,Spinal cord,Mus musculus,full,156232,0.5877559619428843,9.591699538010529,161,13208,2126488,130306,True,"Production Shared K32 anchor, support M6, value context M6",e4e5e81e1628bc6e31e237ff01b05c89fe17da2ac1ea60dc8647cea702508b86,57045c11e49008c81fc97a2597f885b1afb1cd6bf02707e98a93832f3dbe813b,4c9af8b2f237ad55bd8da6be8c50d6ca5fdaf43028d74c1f161d10eae93fab2a
NCBI289,HEST_exposed_development,Spinal cord,Mus musculus,no_support,156522,0.5888469626915365,9.609503783402145,161,13208,2126488,130306,True,Gene-only support probabilities; value spatial context retained,81dff2847d76107088f6a6c0efd08a604ee13b78cd4fc01227e4041d5876341a,57045c11e49008c81fc97a2597f885b1afb1cd6bf02707e98a93832f3dbe813b,4c9af8b2f237ad55bd8da6be8c50d6ca5fdaf43028d74c1f161d10eae93fab2a
NCBI289,HEST_exposed_development,Spinal cord,Mus musculus,no_value,648542,2.439861405284206,39.81655487851672,161,13208,2126488,130306,True,Fixed-width lossless positive uint32 stream; no positive-value model,c37cee0fb549b9054de0d7e51b8047e6c8faa9517cebb03dc917f087568a4a17,57045c11e49008c81fc97a2597f885b1afb1cd6bf02707e98a93832f3dbe813b,4c9af8b2f237ad55bd8da6be8c50d6ca5fdaf43028d74c1f161d10eae93fab2a
NCBI289,HEST_exposed_development,Spinal cord,Mus musculus,no_spatial,154694,0.5819698959034802,9.497275643485334,161,13208,2126488,130306,True,No support or value spatial predecessors; active model families retained,5a7db00f4d7b8e991316bc74e43989dc01c62846f85a60c0b322ebe37cf1cea6,57045c11e49008c81fc97a2597f885b1afb1cd6bf02707e98a93832f3dbe813b,4c9af8b2f237ad55bd8da6be8c50d6ca5fdaf43028d74c1f161d10eae93fab2a
NCBI289,HEST_exposed_development,Spinal cord,Mus musculus,no_sharing,169897,0.6391646696336871,10.430647859653432,161,13208,2126488,130306,True,Independent per-gene q1 exceptions; fixed eight tail classes retained,ed29171d6141faa3923b019e078cfeff996dfe586147ed146dd33a08f5ba819b,57045c11e49008c81fc97a2597f885b1afb1cd6bf02707e98a93832f3dbe813b,4c9af8b2f237ad55bd8da6be8c50d6ca5fdaf43028d74c1f161d10eae93fab2a
SPA149,HEST_exposed_development,Breast,Homo sapiens,full,645308,0.916598132168602,4.730624235993131,360,15645,5632200,1091286,True,"Production Shared K32 anchor, support M6, value context M6",a0c6b529ab20936e7fdae7e7b9737b9b632a7f856b8d6734818e2d33f62c829d,91345ce823e65c2824a008ce9b6d033f36d445ae866bc14b2fc5bb5c221faff2,be9e28b87a9382652a107d15b69d742c4c533d6be91925ef406dc5e7800ce032
SPA149,HEST_exposed_development,Breast,Homo sapiens,no_support,651989,0.9260878519938922,4.779601314412537,360,15645,5632200,1091286,True,Gene-only support probabilities; value spatial context retained,0649da75a319781373aaefbbf9b9c30199ff1774875a1ef55dfec9f639ab0ec7,91345ce823e65c2824a008ce9b6d033f36d445ae866bc14b2fc5bb5c221faff2,be9e28b87a9382652a107d15b69d742c4c533d6be91925ef406dc5e7800ce032
SPA149,HEST_exposed_development,Breast,Homo sapiens,no_value,4771876,6.777992258797628,34.9816711659455,360,15645,5632200,1091286,True,Fixed-width lossless positive uint32 stream; no positive-value model,61554ac4de502faa9b86454a1099994cf3b09389a975d02b537eb05e56ead6bd,91345ce823e65c2824a008ce9b6d033f36d445ae866bc14b2fc5bb5c221faff2,be9e28b87a9382652a107d15b69d742c4c533d6be91925ef406dc5e7800ce032
SPA149,HEST_exposed_development,Breast,Homo sapiens,no_spatial,655396,0.9309271687795178,4.804577351858266,360,15645,5632200,1091286,True,No support or value spatial predecessors; active model families retained,a5125576571b7b2e62005ebc3ca9c3d40c110876f8907b40b99f04115fffc91c,91345ce823e65c2824a008ce9b6d033f36d445ae866bc14b2fc5bb5c221faff2,be9e28b87a9382652a107d15b69d742c4c533d6be91925ef406dc5e7800ce032
SPA149,HEST_exposed_development,Breast,Homo sapiens,no_sharing,664431,0.9437605198679024,4.870811134752943,360,15645,5632200,1091286,True,Independent per-gene q1 exceptions; fixed eight tail classes retained,7206e1f23ed8a3037497725ab7ca431a946c92da77c5897ee154f634fde22a0f,91345ce823e65c2824a008ce9b6d033f36d445ae866bc14b2fc5bb5c221faff2,be9e28b87a9382652a107d15b69d742c4c533d6be91925ef406dc5e7800ce032
NCBI410,HEST_exposed_development,Brain,Mus musculus,full,433902,0.9771489182500129,5.3633617579483595,152,23371,3552392,647209,True,"Production Shared K32 anchor, support M6, value context M6",cf1c765b08a5d907d14bb84d950ec86ab4985b22d18062088d0a7f8da0511642,66b0a0c3931021d2de87e8771951e6e9878d141e7152301ecae52364c2ff6a40,3b7419f60f4071e0c28ce2d0178a448de26b7d7462461ce1af80c9442ab796f6
NCBI410,HEST_exposed_development,Brain,Mus musculus,no_support,435989,0.9818488500143002,5.389158679808222,152,23371,3552392,647209,True,Gene-only support probabilities; value spatial context retained,a20cc04a8dcbd90be9e1b5c1adaab2a57cb0e22429f6646926b5cce20a84e652,66b0a0c3931021d2de87e8771951e6e9878d141e7152301ecae52364c2ff6a40,3b7419f60f4071e0c28ce2d0178a448de26b7d7462461ce1af80c9442ab796f6
NCBI410,HEST_exposed_development,Brain,Mus musculus,no_value,2850785,6.419978425804359,35.23789069682282,152,23371,3552392,647209,True,Fixed-width lossless positive uint32 stream; no positive-value model,5e77a9ea48e1e4cb3b5d9eed4faaf87cb13b21a9a61512085d38273868761e7b,66b0a0c3931021d2de87e8771951e6e9878d141e7152301ecae52364c2ff6a40,3b7419f60f4071e0c28ce2d0178a448de26b7d7462461ce1af80c9442ab796f6
NCBI410,HEST_exposed_development,Brain,Mus musculus,no_spatial,436601,0.98322707629113,5.396723469543842,152,23371,3552392,647209,True,No support or value spatial predecessors; active model families retained,b686b83f23d15c9c1b7e475914ddbc4a4af3d8918f3a6ded4e0d2c41cf8cdc22,66b0a0c3931021d2de87e8771951e6e9878d141e7152301ecae52364c2ff6a40,3b7419f60f4071e0c28ce2d0178a448de26b7d7462461ce1af80c9442ab796f6
NCBI410,HEST_exposed_development,Brain,Mus musculus,no_sharing,453974,1.0223511369240783,5.611467084048584,152,23371,3552392,647209,True,Independent per-gene q1 exceptions; fixed eight tail classes retained,10cb9cbbd3e64f12c40b4be761862cedf6f6c3074c6c6889a67e4dca183f1399,66b0a0c3931021d2de87e8771951e6e9878d141e7152301ecae52364c2ff6a40,3b7419f60f4071e0c28ce2d0178a448de26b7d7462461ce1af80c9442ab796f6
MEND23,HEST_exposed_development,Prostate,Homo sapiens,full,307311,0.8827760344796013,7.41453116470684,117,23803,2784951,331577,True,"Production Shared K32 anchor, support M6, value context M6",ec5090b419d7d2e77be1c5d41129fc7c67bf0f100bcf6a4bcbfa42ffbd348953,117a4523121fefedc54a713097590ed9839ca20113565d7c4b116f06425f3cd3,cf04348d17a98f4f81e5ab09466f615263320de137b7179f29c9708748ebc810
MEND23,HEST_exposed_development,Prostate,Homo sapiens,no_support,309859,0.8900953733117746,7.47600708131143,117,23803,2784951,331577,True,Gene-only support probabilities; value spatial context retained,82a837adcca59aa0ae74a5a18c3de0ee02989393afcf1235358b41740abc3e61,117a4523121fefedc54a713097590ed9839ca20113565d7c4b116f06425f3cd3,cf04348d17a98f4f81e5ab09466f615263320de137b7179f29c9708748ebc810
MEND23,HEST_exposed_development,Prostate,Homo sapiens,no_value,1556019,4.469792107652881,37.54226620061102,117,23803,2784951,331577,True,Fixed-width lossless positive uint32 stream; no positive-value model,a5c052040e91a9a7e00245b81f57df96508176666c800ee43e4d7f7779bedeb2,117a4523121fefedc54a713097590ed9839ca20113565d7c4b116f06425f3cd3,cf04348d17a98f4f81e5ab09466f615263320de137b7179f29c9708748ebc810
MEND23,HEST_exposed_development,Prostate,Homo sapiens,no_spatial,309346,0.8886217387666785,7.463629865762703,117,23803,2784951,331577,True,No support or value spatial predecessors; active model families retained,139c262e8ee2280fa8a0498c1899851356d148cb8a4830cd8dcbbd4cbf036bf9,117a4523121fefedc54a713097590ed9839ca20113565d7c4b116f06425f3cd3,cf04348d17a98f4f81e5ab09466f615263320de137b7179f29c9708748ebc810
MEND23,HEST_exposed_development,Prostate,Homo sapiens,no_sharing,332031,0.9537862605123034,8.010953715124993,117,23803,2784951,331577,True,Independent per-gene q1 exceptions; fixed eight tail classes retained,b68c155c5b5b4d8bff12db7922baa2fbe83d92a394202679a74de291a607b63a,117a4523121fefedc54a713097590ed9839ca20113565d7c4b116f06425f3cd3,cf04348d17a98f4f81e5ab09466f615263320de137b7179f29c9708748ebc810
NCBI299,HEST_exposed_development,Spinal cord,Mus musculus,full,180790,0.9847915372966849,7.412958017908122,112,13113,1468656,195107,True,"Production Shared K32 anchor, support M6, value context M6",4335f133c499d1c690015be30995d1792a9d7cee1122ea39357a70616dccb57e,05d3f29ddba952c0ba76c7fb09271ea9f1610b7514aa7427d00ed14586711877,dffd3cf3ac82966cb06796c56bbc509a17ad3059f1f0e09680e41bdf3a443635
NCBI299,HEST_exposed_development,Spinal cord,Mus musculus,no_support,180713,0.9843721061977754,7.4098007759844595,112,13113,1468656,195107,True,Gene-only support probabilities; value spatial context retained,2ac7ad933f94018f4dc7eae52ab155bffe25ee8fe87c1b23313f4fa742816455,05d3f29ddba952c0ba76c7fb09271ea9f1610b7514aa7427d00ed14586711877,dffd3cf3ac82966cb06796c56bbc509a17ad3059f1f0e09680e41bdf3a443635
NCBI299,HEST_exposed_development,Spinal cord,Mus musculus,no_value,917911,5.000005447157129,37.637234953128285,112,13113,1468656,195107,True,Fixed-width lossless positive uint32 stream; no positive-value model,9078ef56293535f97ff7f24292a3921df3c3e2086ccf922e27025f1b2979de95,05d3f29ddba952c0ba76c7fb09271ea9f1610b7514aa7427d00ed14586711877,dffd3cf3ac82966cb06796c56bbc509a17ad3059f1f0e09680e41bdf3a443635
NCBI299,HEST_exposed_development,Spinal cord,Mus musculus,no_spatial,179041,0.9752644594785981,7.341243522784933,112,13113,1468656,195107,True,No support or value spatial predecessors; active model families retained,f37ed02d98599dded2bc944ca89e172f0aa6af42c21506763ef9134e32a7255c,05d3f29ddba952c0ba76c7fb09271ea9f1610b7514aa7427d00ed14586711877,dffd3cf3ac82966cb06796c56bbc509a17ad3059f1f0e09680e41bdf3a443635
NCBI299,HEST_exposed_development,Spinal cord,Mus musculus,no_sharing,195121,1.0628547461080062,8.00057404398612,112,13113,1468656,195107,True,Independent per-gene q1 exceptions; fixed eight tail classes retained,5de39f2bbbc5b75d9680a1d4467b103a642ca7a0f736cd29dc948746ebe57c21,05d3f29ddba952c0ba76c7fb09271ea9f1610b7514aa7427d00ed14586711877,dffd3cf3ac82966cb06796c56bbc509a17ad3059f1f0e09680e41bdf3a443635
NCBI770,HEST_exposed_development,Skin,Homo sapiens,full,1148691,0.8051167049883353,5.010270764795234,666,17138,11413908,1834138,True,"Production Shared K32 anchor, support M6, value context M6",fc658bd12a873d93ec577ae59cb1da4fe2049dc0d8b8216227885d49bce5585b,042120cf5bd7c3817be2838ca8ca92c54e7ea8178e2d62686dbbaaef3d67e52c,9acc90511a45ac8f735ea32a78e102994a770c5b1f6b4e216d0961daf914fe74
NCBI770,HEST_exposed_development,Skin,Homo sapiens,no_support,1192859,0.8360740247774907,5.202919300510649,666,17138,11413908,1834138,True,Gene-only support probabilities; value spatial context retained,6faf242d4efbe76941ddb85af39c7278132ffcec1e005bdd9441fbe46f80e83e,042120cf5bd7c3817be2838ca8ca92c54e7ea8178e2d62686dbbaaef3d67e52c,9acc90511a45ac8f735ea32a78e102994a770c5b1f6b4e216d0961daf914fe74
NCBI770,HEST_exposed_development,Skin,Homo sapiens,no_value,8044903,5.63866679142674,35.08963011507313,666,17138,11413908,1834138,True,Fixed-width lossless positive uint32 stream; no positive-value model,05f94ca923250acbb3607a060120d1091f428a81cd56336b0a63339fab8febb5,042120cf5bd7c3817be2838ca8ca92c54e7ea8178e2d62686dbbaaef3d67e52c,9acc90511a45ac8f735ea32a78e102994a770c5b1f6b4e216d0961daf914fe74
NCBI770,HEST_exposed_development,Skin,Homo sapiens,no_spatial,1207011,0.8459931515130488,5.264646389748209,666,17138,11413908,1834138,True,No support or value spatial predecessors; active model families retained,c9e97c5f7848adc31018a476f53a4c0434eac59cda55c37eb379073a3e28d260,042120cf5bd7c3817be2838ca8ca92c54e7ea8178e2d62686dbbaaef3d67e52c,9acc90511a45ac8f735ea32a78e102994a770c5b1f6b4e216d0961daf914fe74
NCBI770,HEST_exposed_development,Skin,Homo sapiens,no_sharing,1170197,0.8201902450939678,5.104073957357625,666,17138,11413908,1834138,True,Independent per-gene q1 exceptions; fixed eight tail classes retained,3ad26d506bba8106ae50aa63d99bc8cd7c1c11262f4433b3bdf70fb9e610b14a,042120cf5bd7c3817be2838ca8ca92c54e7ea8178e2d62686dbbaaef3d67e52c,9acc90511a45ac8f735ea32a78e102994a770c5b1f6b4e216d0961daf914fe74
NCBI337,HEST_exposed_development,Brain,Mus musculus,full,492538,0.8967979046590747,4.879996036857228,188,23371,4393748,807440,True,"Production Shared K32 anchor, support M6, value context M6",8d078780fb2f4357c11d99552a9f7a78c4c70517a72a8586f268bd72bd160c85,d090e25f8fb02b8e8b1b2ccd6c446ecbbc35b217f1e5c5a3f7c1af72584e6db2,30564e198330f120eaed0bf7ad424633e4c60848fa395366dfb51ffec05844d3
NCBI337,HEST_exposed_development,Brain,Mus musculus,no_support,493005,0.8976482037658965,4.8846230060437925,188,23371,4393748,807440,True,Gene-only support probabilities; value spatial context retained,3173e2b7b43429890c5f23138adcbc0480a182a761ca7fac27e06ed081df9932,d090e25f8fb02b8e8b1b2ccd6c446ecbbc35b217f1e5c5a3f7c1af72584e6db2,30564e198330f120eaed0bf7ad424633e4c60848fa395366dfb51ffec05844d3
NCBI337,HEST_exposed_development,Brain,Mus musculus,no_value,3531417,6.429894477334613,34.98877439809769,188,23371,4393748,807440,True,Fixed-width lossless positive uint32 stream; no positive-value model,b767b5c01f6e337174e74993250af9daa4d51eba297c4b351d52ca3d989e68c2,d090e25f8fb02b8e8b1b2ccd6c446ecbbc35b217f1e5c5a3f7c1af72584e6db2,30564e198330f120eaed0bf7ad424633e4c60848fa395366dfb51ffec05844d3
NCBI337,HEST_exposed_development,Brain,Mus musculus,no_spatial,491126,0.8942269788799904,4.866006142871297,188,23371,4393748,807440,True,No support or value spatial predecessors; active model families retained,add5001247bb62d3cc4fa6b2679453cc5851cfa408a09404d84fc38533604b16,d090e25f8fb02b8e8b1b2ccd6c446ecbbc35b217f1e5c5a3f7c1af72584e6db2,30564e198330f120eaed0bf7ad424633e4c60848fa395366dfb51ffec05844d3
NCBI337,HEST_exposed_development,Brain,Mus musculus,no_sharing,512801,0.9336921462041063,5.080758941840879,188,23371,4393748,807440,True,Independent per-gene q1 exceptions; fixed eight tail classes retained,3fc52915a62df8fbf1c9cfb74b2aeb1d192dcd76842dd9bc1612f46a66a01ffa,d090e25f8fb02b8e8b1b2ccd6c446ecbbc35b217f1e5c5a3f7c1af72584e6db2,30564e198330f120eaed0bf7ad424633e4c60848fa395366dfb51ffec05844d3
SPA33,HEST_exposed_development,Heart,Homo sapiens,full,431079,0.3571277896919374,7.793976595234974,243,39739,9656577,442474,True,"Production Shared K32 anchor, support M6, value context M6",1dfc3298b3088e6035595f5b6d079f7e9ae1e02ab1082e9fcfe1ce8f3087fa96,247d325eaa048dfeb56861ceca6ae326ff5f3990f241876a3dbdb091bfce531e,69cd20e7c6f909e97b2d9fa25268bab1a180d769e506e32babc5c0e9ce88165b
SPA33,HEST_exposed_development,Heart,Homo sapiens,no_support,432619,0.35840360409283745,7.821820039143543,243,39739,9656577,442474,True,Gene-only support probabilities; value spatial context retained,c7efd2e98eecf4d9e51bd6760341b02404b436dae6285eccd182e19b7d6706f9,247d325eaa048dfeb56861ceca6ae326ff5f3990f241876a3dbdb091bfce531e,69cd20e7c6f909e97b2d9fa25268bab1a180d769e506e32babc5c0e9ce88165b
SPA33,HEST_exposed_development,Heart,Homo sapiens,no_value,2109089,1.7472767006362606,38.1326631621293,243,39739,9656577,442474,True,Fixed-width lossless positive uint32 stream; no positive-value model,580a920604dad42c2116f9c4092a40e19bf80e6433863f0603cd78175cf5b73a,247d325eaa048dfeb56861ceca6ae326ff5f3990f241876a3dbdb091bfce531e,69cd20e7c6f909e97b2d9fa25268bab1a180d769e506e32babc5c0e9ce88165b
SPA33,HEST_exposed_development,Heart,Homo sapiens,no_spatial,430327,0.35650479460786155,7.780380316131569,243,39739,9656577,442474,True,No support or value spatial predecessors; active model families retained,d59c4c460b9ba292188028dd99da2e88c111fd7e253158c81ceb3d1dbb3db2fd,247d325eaa048dfeb56861ceca6ae326ff5f3990f241876a3dbdb091bfce531e,69cd20e7c6f909e97b2d9fa25268bab1a180d769e506e32babc5c0e9ce88165b
SPA33,HEST_exposed_development,Heart,Homo sapiens,no_sharing,458054,0.37947525298042983,8.28168886759448,243,39739,9656577,442474,True,Independent per-gene q1 exceptions; fixed eight tail classes retained,77675d9660e8a68abd40d997623e93ac4fda80452b0ef28c73f84d8c99bfd2df,247d325eaa048dfeb56861ceca6ae326ff5f3990f241876a3dbdb091bfce531e,69cd20e7c6f909e97b2d9fa25268bab1a180d769e506e32babc5c0e9ce88165b
NCBI176,HEST_exposed_development,Spinal cord,Mus musculus,full,241019,0.41465063706650057,7.5058371968998046,326,14264,4650064,256887,True,"Production Shared K32 anchor, support M6, value context M6",ca0b7d27cf475f1718f71d6376dd7199a5dbcaf0f484bec8d2042adca1249b0e,5e94eba67046919e1afa59276b4b02351cedee0439683b9aeb61a36772de89e9,329ec6690b8e56e663c257acb65c298a98e118fe5e9099babf35d4c2ca34b9cf
NCBI176,HEST_exposed_development,Spinal cord,Mus musculus,no_support,240938,0.4145112841457666,7.503314687002456,326,14264,4650064,256887,True,Gene-only support probabilities; value spatial context retained,a3914b1c2a9ce7e46d9b3c625e08c66789164ba4b12e3f33d22cfbd36b860961,5e94eba67046919e1afa59276b4b02351cedee0439683b9aeb61a36772de89e9,329ec6690b8e56e663c257acb65c298a98e118fe5e9099babf35d4c2ca34b9cf
NCBI176,HEST_exposed_development,Spinal cord,Mus musculus,no_value,1236192,2.126752664049355,38.49761179039811,326,14264,4650064,256887,True,Fixed-width lossless positive uint32 stream; no positive-value model,e3d9da5df6b922825a9ec1242d46844fefe38cc540428c8416ee24c63e2313a9,5e94eba67046919e1afa59276b4b02351cedee0439683b9aeb61a36772de89e9,329ec6690b8e56e663c257acb65c298a98e118fe5e9099babf35d4c2ca34b9cf
NCBI176,HEST_exposed_development,Spinal cord,Mus musculus,no_spatial,238010,0.409473934122197,7.412130625527956,326,14264,4650064,256887,True,No support or value spatial predecessors; active model families retained,937d4ffa3958f461358e781b0157af9828f2c269bd242e3048eeb7fb73e49bd0,5e94eba67046919e1afa59276b4b02351cedee0439683b9aeb61a36772de89e9,329ec6690b8e56e663c257acb65c298a98e118fe5e9099babf35d4c2ca34b9cf
NCBI176,HEST_exposed_development,Spinal cord,Mus musculus,no_sharing,255654,0.43982878515220436,7.961601793784816,326,14264,4650064,256887,True,Independent per-gene q1 exceptions; fixed eight tail classes retained,2e9e0235fb68186e856f9e495e462ecaa3bcb4c12227311e2ea0da0dce44cc75,5e94eba67046919e1afa59276b4b02351cedee0439683b9aeb61a36772de89e9,329ec6690b8e56e663c257acb65c298a98e118fe5e9099babf35d4c2ca34b9cf
SPA96,HEST_exposed_development,Breast,Homo sapiens,full,493202,0.47312539690762195,6.177650573359303,464,17973,8339472,638692,True,"Production Shared K32 anchor, support M6, value context M6",4d52b19bba3ec83fb44149362957f754f01d9beeec239499143fd2edfc4acaf2,dcbd54fd407fac4d950c88ab941e6e33fa05ed7db5a572d9c980ff72a262221c,7fece1c81ab172d0c0cd263ca5479b68139e8a40a8adfac435355c137b8b2852
SPA96,HEST_exposed_development,Breast,Homo sapiens,no_support,496846,0.47662106186099074,6.2232938568198755,464,17973,8339472,638692,True,Gene-only support probabilities; value spatial context retained,7c88d17b5f56f2d2247f69270d76bd1ea7cf7e612e24e8a298f72c03bb2572c3,dcbd54fd407fac4d950c88ab941e6e33fa05ed7db5a572d9c980ff72a262221c,7fece1c81ab172d0c0cd263ca5479b68139e8a40a8adfac435355c137b8b2852
SPA96,HEST_exposed_development,Breast,Homo sapiens,no_value,2931219,2.811898882806969,36.71527434193633,464,17973,8339472,638692,True,Fixed-width lossless positive uint32 stream; no positive-value model,28e5961e676499e31aeb4425605ee8204f572733435cb52a684ecf5e727c2016,dcbd54fd407fac4d950c88ab941e6e33fa05ed7db5a572d9c980ff72a262221c,7fece1c81ab172d0c0cd263ca5479b68139e8a40a8adfac435355c137b8b2852
SPA96,HEST_exposed_development,Breast,Homo sapiens,no_spatial,494507,0.47437727472434704,6.193996480306627,464,17973,8339472,638692,True,No support or value spatial predecessors; active model families retained,6e690a9090e2d9f0270dde82ec6af4d079958f807a174274491c0bb677932f78,dcbd54fd407fac4d950c88ab941e6e33fa05ed7db5a572d9c980ff72a262221c,7fece1c81ab172d0c0cd263ca5479b68139e8a40a8adfac435355c137b8b2852
SPA96,HEST_exposed_development,Breast,Homo sapiens,no_sharing,513286,0.4923918444716884,6.429214707558573,464,17973,8339472,638692,True,Independent per-gene q1 exceptions; fixed eight tail classes retained,917453efca2328b9f7d925c5d60913aea7626f6e488feccdc23fb3bc2c5d68a0,dcbd54fd407fac4d950c88ab941e6e33fa05ed7db5a572d9c980ff72a262221c,7fece1c81ab172d0c0cd263ca5479b68139e8a40a8adfac435355c137b8b2852
SPA14,HEST_exposed_development,Brain,Mus musculus,full,673514,1.2041334799359955,4.974878677529675,280,15981,4474680,1083064,True,"Production Shared K32 anchor, support M6, value context M6",fc19e4ca1d4fa992c6b3ee17c1779cb225903bf467e8ae544e8f09978cfb8e97,0523a1c4938777571b4613544f5385f172161d1a3f9abe1f34d0456069aece3d,954971cb789578af65d697b1692502c2fb6f138d078584adc32355f06da00d63
SPA14,HEST_exposed_development,Brain,Mus musculus,no_support,674053,1.2050971242636346,4.978859975033793,280,15981,4474680,1083064,True,Gene-only support probabilities; value spatial context retained,b007fb167870338e9c1a098832c807c04046850bd38f87eeec4733c031e14bfe,0523a1c4938777571b4613544f5385f172161d1a3f9abe1f34d0456069aece3d,954971cb789578af65d697b1692502c2fb6f138d078584adc32355f06da00d63
SPA14,HEST_exposed_development,Brain,Mus musculus,no_value,4710658,8.421890280422287,34.795048122733284,280,15981,4474680,1083064,True,Fixed-width lossless positive uint32 stream; no positive-value model,9ccad69849caf3597611c6ed154ed33ee0fca7477ea5624198bc158b55699a90,0523a1c4938777571b4613544f5385f172161d1a3f9abe1f34d0456069aece3d,954971cb789578af65d697b1692502c2fb6f138d078584adc32355f06da00d63
SPA14,HEST_exposed_development,Brain,Mus musculus,no_spatial,672658,1.2026030911707652,4.968555874814415,280,15981,4474680,1083064,True,No support or value spatial predecessors; active model families retained,c8881f3206cd4213acf9426ff764e4d98396c94208a70eda1f56bf9bdceb697e,0523a1c4938777571b4613544f5385f172161d1a3f9abe1f34d0456069aece3d,954971cb789578af65d697b1692502c2fb6f138d078584adc32355f06da00d63
SPA14,HEST_exposed_development,Brain,Mus musculus,no_sharing,692395,1.2378896368008439,5.1143422734021255,280,15981,4474680,1083064,True,Independent per-gene q1 exceptions; fixed eight tail classes retained,e6f3a06c4910ea26fa261ff78f7328191315af8c1ceff3009921050cae239ee6,0523a1c4938777571b4613544f5385f172161d1a3f9abe1f34d0456069aece3d,954971cb789578af65d697b1692502c2fb6f138d078584adc32355f06da00d63
NCBI491,HEST_exposed_development,Skin,Homo sapiens,full,1395987,0.5934161753854438,5.547952881703508,913,20613,18819669,2012976,True,"Production Shared K32 anchor, support M6, value context M6",3dbf33755dbacd80dec6c675713809740188ad10f31d6007d8b0c2afb68f469e,8ea4674e482727f8c48f94068053f21545f4dba08835c077c7b1ead2de064541,2e1d614c461a99f8d667194eb4afd12968b4d364f3ce491d6c86a4c7b84207ae
NCBI491,HEST_exposed_development,Skin,Homo sapiens,no_support,1484242,0.6309322443449988,5.898697252227548,913,20613,18819669,2012976,True,Gene-only support probabilities; value spatial context retained,dba17fdb522028ec0a2dbee0237ff0bd57ff97a9b496ed24f15ea7ca9ac941c1,8ea4674e482727f8c48f94068053f21545f4dba08835c077c7b1ead2de064541,2e1d614c461a99f8d667194eb4afd12968b4d364f3ce491d6c86a4c7b84207ae
NCBI491,HEST_exposed_development,Skin,Homo sapiens,no_value,8910186,3.7876058287741405,35.410997448553786,913,20613,18819669,2012976,True,Fixed-width lossless positive uint32 stream; no positive-value model,92d6e1b0120e73020bb39242d69c1dbbe24ab736271971e2358a3c94492347b3,8ea4674e482727f8c48f94068053f21545f4dba08835c077c7b1ead2de064541,2e1d614c461a99f8d667194eb4afd12968b4d364f3ce491d6c86a4c7b84207ae
NCBI491,HEST_exposed_development,Skin,Homo sapiens,no_spatial,1514662,0.6438633963222201,6.01959288138557,913,20613,18819669,2012976,True,No support or value spatial predecessors; active model families retained,6a64f35bd554130cd6c3fd5bac60b5cec3816370ca5981187b8c781f504e5a39,8ea4674e482727f8c48f94068053f21545f4dba08835c077c7b1ead2de064541,2e1d614c461a99f8d667194eb4afd12968b4d364f3ce491d6c86a4c7b84207ae
NCBI491,HEST_exposed_development,Skin,Homo sapiens,no_sharing,1419915,0.6035876613982956,5.64304790519112,913,20613,18819669,2012976,True,Independent per-gene q1 exceptions; fixed eight tail classes retained,63f0fe8840b0e8850a6a1a5e11d4e60f011c3726b880fd1c33be39fb083dd170,8ea4674e482727f8c48f94068053f21545f4dba08835c077c7b1ead2de064541,2e1d614c461a99f8d667194eb4afd12968b4d364f3ce491d6c86a4c7b84207ae
MEND124,HEST_exposed_development,Brain,Mus musculus,full,5577668,0.9544942017614187,4.083301228558968,1448,32285,46748680,10927762,True,"Production Shared K32 anchor, support M6, value context M6",4d51468c11b16ba35c1c5a9accfd894af6a94ffbe205636401fabcbc6ce20190,2de0cb72956b16eda493bcb8dc53c156fe6b22c125224781990774a773c3d749,93dad50de0f194d55abd84cd53baad49cad6e38670befa337c00bb22d6ed4e3c
MEND124,HEST_exposed_development,Brain,Mus musculus,no_support,5629693,0.963397126934921,4.1213877095785945,1448,32285,46748680,10927762,True,Gene-only support probabilities; value spatial context retained,7b05b2ddac0e48dcd2e48f964f7075be9c65487ece7b410ece748e1b4e8b21bb,2de0cb72956b16eda493bcb8dc53c156fe6b22c125224781990774a773c3d749,93dad50de0f194d55abd84cd53baad49cad6e38670befa337c00bb22d6ed4e3c
MEND124,HEST_exposed_development,Brain,Mus musculus,no_value,45649941,7.811975183042602,33.4194254962727,1448,32285,46748680,10927762,True,Fixed-width lossless positive uint32 stream; no positive-value model,9193b4efaae9a6005e634872fa9cb030373008611225457eda63437b82d31c15,2de0cb72956b16eda493bcb8dc53c156fe6b22c125224781990774a773c3d749,93dad50de0f194d55abd84cd53baad49cad6e38670befa337c00bb22d6ed4e3c
MEND124,HEST_exposed_development,Brain,Mus musculus,no_spatial,5735856,0.9815645703793134,4.199107557430332,1448,32285,46748680,10927762,True,No support or value spatial predecessors; active model families retained,fb95fd0a1b9d3143fcd4c7003da59ea7fe8221e1fc02d666e93b94a5fd91c70d,2de0cb72956b16eda493bcb8dc53c156fe6b22c125224781990774a773c3d749,93dad50de0f194d55abd84cd53baad49cad6e38670befa337c00bb22d6ed4e3c
MEND124,HEST_exposed_development,Brain,Mus musculus,no_sharing,5605214,0.9592080888701029,4.1034671143094075,1448,32285,46748680,10927762,True,Independent per-gene q1 exceptions; fixed eight tail classes retained,4d07e79f667d9f1b09acbd29973cc179f740051867d3a2a4f1b305a1411cb1f6,2de0cb72956b16eda493bcb8dc53c156fe6b22c125224781990774a773c3d749,93dad50de0f194d55abd84cd53baad49cad6e38670befa337c00bb22d6ed4e3c
NCBI709,HEST_exposed_development,Kidney,Homo sapiens,full,1521425,0.32160814961191886,4.8844912566827965,1034,36601,37845434,2491846,True,"Production Shared K32 anchor, support M6, value context M6",eb062eca8edcf1b88ff36635e183fe06bb00a5f10b1b31dd016f70e014f3d042,9a0d527b525ce606165080e090c5e0be18f216fbbd822be68405f4fd7f9318ec,15f028c9d2e49396d8abca9ec9f0c25d3eedbad0ffcc64b3f66d2b59639dffe8
NCBI709,HEST_exposed_development,Kidney,Homo sapiens,no_support,1522644,0.32186582930981844,4.888404821164711,1034,36601,37845434,2491846,True,Gene-only support probabilities; value spatial context retained,f5819637ae842958f418b13401a3f08b505f96c35617f99a965458c0bc7d6820,9a0d527b525ce606165080e090c5e0be18f216fbbd822be68405f4fd7f9318ec,15f028c9d2e49396d8abca9ec9f0c25d3eedbad0ffcc64b3f66d2b59639dffe8
NCBI709,HEST_exposed_development,Kidney,Homo sapiens,no_value,11082813,2.342752998948301,35.58105276168752,1034,36601,37845434,2491846,True,Fixed-width lossless positive uint32 stream; no positive-value model,218b37f45e0de58755648944ece81379211dfd3e8cbce643152a21f8dc3c14bb,9a0d527b525ce606165080e090c5e0be18f216fbbd822be68405f4fd7f9318ec,15f028c9d2e49396d8abca9ec9f0c25d3eedbad0ffcc64b3f66d2b59639dffe8
NCBI709,HEST_exposed_development,Kidney,Homo sapiens,no_spatial,1516947,0.32066156250183314,4.870114766321835,1034,36601,37845434,2491846,True,No support or value spatial predecessors; active model families retained,dd74778766bd256c3d82d549f8e0a5016abc692a20e96828abc78fcc8ddcc0ec,9a0d527b525ce606165080e090c5e0be18f216fbbd822be68405f4fd7f9318ec,15f028c9d2e49396d8abca9ec9f0c25d3eedbad0ffcc64b3f66d2b59639dffe8
NCBI709,HEST_exposed_development,Kidney,Homo sapiens,no_sharing,1547577,0.327136319800164,4.968451501417022,1034,36601,37845434,2491846,True,Independent per-gene q1 exceptions; fixed eight tail classes retained,fb1010115578ddee87646a251b5d328d879cbaefaacd7e7ef282f12c918c7c7c,9a0d527b525ce606165080e090c5e0be18f216fbbd822be68405f4fd7f9318ec,15f028c9d2e49396d8abca9ec9f0c25d3eedbad0ffcc64b3f66d2b59639dffe8
NCBI844,HEST_exposed_development,Liver,Mus musculus,full,6226218,0.3213188246397598,4.491571834588834,4992,31053,155016576,11089602,True,"Production Shared K32 anchor, support M6, value context M6",de89db605d19c241e6b3a1ab5c2568ab5c064b817b3f9d5907e7e671370e01d9,b141a046774ce0135cde4ec11b2b0a1445d9cf159dfce4faee9c9ce9d4a3dd7f,78e9714e5370b123e9ad20c6913f856c2a5e7aa02236320e1efd9a8d8c894259
NCBI844,HEST_exposed_development,Liver,Mus musculus,no_support,7069749,0.3648512530685751,5.100092140367166,4992,31053,155016576,11089602,True,Gene-only support probabilities; value spatial context retained,4e3cfacc8621cb8f05ccfb843a5da8b1d12d69096f4c336676601aca8e728396,b141a046774ce0135cde4ec11b2b0a1445d9cf159dfce4faee9c9ce9d4a3dd7f,78e9714e5370b123e9ad20c6913f856c2a5e7aa02236320e1efd9a8d8c894259
NCBI844,HEST_exposed_development,Liver,Mus musculus,no_value,47730620,2.463252445983583,34.432701913017254,4992,31053,155016576,11089602,True,Fixed-width lossless positive uint32 stream; no positive-value model,c00bd08c70f60a6dbe11b59e7f41f71e6bad61858ab6742fcd6a30b47e5dd05b,b141a046774ce0135cde4ec11b2b0a1445d9cf159dfce4faee9c9ce9d4a3dd7f,78e9714e5370b123e9ad20c6913f856c2a5e7aa02236320e1efd9a8d8c894259
NCBI844,HEST_exposed_development,Liver,Mus musculus,no_spatial,7429561,0.3834202092039499,5.359659255580137,4992,31053,155016576,11089602,True,No support or value spatial predecessors; active model families retained,6bd97cdb71453fa4b24f0eef63a97a0492f3d9b17df488cbde754c6c90908b4f,b141a046774ce0135cde4ec11b2b0a1445d9cf159dfce4faee9c9ce9d4a3dd7f,78e9714e5370b123e9ad20c6913f856c2a5e7aa02236320e1efd9a8d8c894259
NCBI844,HEST_exposed_development,Liver,Mus musculus,no_sharing,6250573,0.3225757224827363,4.509141446194372,4992,31053,155016576,11089602,True,Independent per-gene q1 exceptions; fixed eight tail classes retained,a7d5faf9844ff745b80ef290f6598fdf7eebb97f53b49a2beb8e368f65c42e9f,b141a046774ce0135cde4ec11b2b0a1445d9cf159dfce4faee9c9ce9d4a3dd7f,78e9714e5370b123e9ad20c6913f856c2a5e7aa02236320e1efd9a8d8c894259
NCBI435,HEST_exposed_development,Eye,Mus musculus,full,1448858,0.3246085034367009,4.775983907081692,1106,32285,35707210,2426906,True,"Production Shared K32 anchor, support M6, value context M6",d82d64f8f9a528132ed7e546431db2ac63ac39074b228f275ef197de77e44f67,f61b73eaf916bc46b88a350f250c32f9437edb7ce0eb07360cdf9ea207fb04f1,61983753c875e104752b2cdcf08e3b87ef26f1b2b892b3e66456ace1be0c2acd
NCBI435,HEST_exposed_development,Eye,Mus musculus,no_support,1456425,0.3263038473182307,4.800927600821787,1106,32285,35707210,2426906,True,Gene-only support probabilities; value spatial context retained,82d58a1cad662e67e7f0a1193bd8c1e49fc4c6af14c0e0b81e3b0002be50dc9a,f61b73eaf916bc46b88a350f250c32f9437edb7ce0eb07360cdf9ea207fb04f1,61983753c875e104752b2cdcf08e3b87ef26f1b2b892b3e66456ace1be0c2acd
NCBI435,HEST_exposed_development,Eye,Mus musculus,no_value,10673288,2.3912902744291697,35.18319374545203,1106,32285,35707210,2426906,True,Fixed-width lossless positive uint32 stream; no positive-value model,f5465d33f608cd7e72c7996e4238cb5ea116a416caee3f984e05be8743cc6596,f61b73eaf916bc46b88a350f250c32f9437edb7ce0eb07360cdf9ea207fb04f1,61983753c875e104752b2cdcf08e3b87ef26f1b2b892b3e66456ace1be0c2acd
NCBI435,HEST_exposed_development,Eye,Mus musculus,no_spatial,1457742,0.32659891377679745,4.805268930893903,1106,32285,35707210,2426906,True,No support or value spatial predecessors; active model families retained,907e3078412bffe0b004ab3e64881f38560fa22a45af38cd659861d24720cb31,f61b73eaf916bc46b88a350f250c32f9437edb7ce0eb07360cdf9ea207fb04f1,61983753c875e104752b2cdcf08e3b87ef26f1b2b892b3e66456ace1be0c2acd
NCBI435,HEST_exposed_development,Eye,Mus musculus,no_sharing,1471155,0.32960402114867,4.84948325151448,1106,32285,35707210,2426906,True,Independent per-gene q1 exceptions; fixed eight tail classes retained,0ba6f51c17c1666a0eace2348e5c20a1db2104e32b02c75115ffc1220122d7b3,f61b73eaf916bc46b88a350f250c32f9437edb7ce0eb07360cdf9ea207fb04f1,61983753c875e104752b2cdcf08e3b87ef26f1b2b892b3e66456ace1be0c2acd
NCBI812,HEST_exposed_development,Uterus,Homo sapiens,full,3544766,0.2973352348946141,4.889061829509091,2605,36612,95374260,5800321,True,"Production Shared K32 anchor, support M6, value context M6",f79ace73e51d4eadcbe924f7aa5a370bfd2d443b7bcfbb09787aa29e6f513e44,66e65ac8ae01b96ff19eab6dee2b163b50095df3090622152e4315de36740227,57768da7b837c0c794991295e5116cbe6157a2cb2d7a994275fd9c1e4f024519
NCBI812,HEST_exposed_development,Uterus,Homo sapiens,no_support,3562265,0.2988030523120179,4.913197045473862,2605,36612,95374260,5800321,True,Gene-only support probabilities; value spatial context retained,350ef911af068c6f7408c6b0edcb3744bddeb21a04f3482dbd2150453a499e13,66e65ac8ae01b96ff19eab6dee2b163b50095df3090622152e4315de36740227,57768da7b837c0c794991295e5116cbe6157a2cb2d7a994275fd9c1e4f024519
NCBI812,HEST_exposed_development,Uterus,Homo sapiens,no_value,25665495,2.152823623480801,35.39872362236504,2605,36612,95374260,5800321,True,Fixed-width lossless positive uint32 stream; no positive-value model,901cc439ecf1af1eace89cdc4b44c23cb8c30d529d54ed08c6ee600a4d80a6d5,66e65ac8ae01b96ff19eab6dee2b163b50095df3090622152e4315de36740227,57768da7b837c0c794991295e5116cbe6157a2cb2d7a994275fd9c1e4f024519
NCBI812,HEST_exposed_development,Uterus,Homo sapiens,no_spatial,3556300,0.2983027076697633,4.904969914596106,2605,36612,95374260,5800321,True,No support or value spatial predecessors; active model families retained,0ac95ade12672f859f99fac1c814e91e7c8c891446f26e0ecdd22f41a02c07b0,66e65ac8ae01b96ff19eab6dee2b163b50095df3090622152e4315de36740227,57768da7b837c0c794991295e5116cbe6157a2cb2d7a994275fd9c1e4f024519
NCBI812,HEST_exposed_development,Uterus,Homo sapiens,no_sharing,3571850,0.29960704282266515,4.926417003472739,2605,36612,95374260,5800321,True,Independent per-gene q1 exceptions; fixed eight tail classes retained,0907c2226843b0d1729260370c817e955a6b436c8daec49a410847b32337d36f,66e65ac8ae01b96ff19eab6dee2b163b50095df3090622152e4315de36740227,57768da7b837c0c794991295e5116cbe6157a2cb2d7a994275fd9c1e4f024519
NCBI629,HEST_exposed_development,Brain,Homo sapiens,full,6730088,0.40635836867664005,4.284450021159368,3620,36601,132495620,12566538,True,"Production Shared K32 anchor, support M6, value context M6",530365e835537d794ce4ca2d2cbcf750d2ea00d8a1646f3ee3cc53bb460a2d0f,71a173f465a365e3555fdc69896328ab9a8055f713160b4030a492856c54f9ac,785207ec166286e05a1b01fc67852b0a98a2cd48448c7660821e485b7846368b
NCBI629,HEST_exposed_development,Brain,Homo sapiens,no_support,6758691,0.4080853993513144,4.302659013962318,3620,36601,132495620,12566538,True,Gene-only support probabilities; value spatial context retained,591db48e99f5e38735686547c92a0f3837f8e4f4a994ae22cb4c3345e5026945,71a173f465a365e3555fdc69896328ab9a8055f713160b4030a492856c54f9ac,785207ec166286e05a1b01fc67852b0a98a2cd48448c7660821e485b7846368b
NCBI629,HEST_exposed_development,Brain,Homo sapiens,no_value,54511891,3.291392787172889,34.70288539293797,3620,36601,132495620,12566538,True,Fixed-width lossless positive uint32 stream; no positive-value model,e70ee40c48fd4e4b77e7f8fad8d1523f1d36868e243e8cedf5a85d77b0fe7a9d,71a173f465a365e3555fdc69896328ab9a8055f713160b4030a492856c54f9ac,785207ec166286e05a1b01fc67852b0a98a2cd48448c7660821e485b7846368b
NCBI629,HEST_exposed_development,Brain,Homo sapiens,no_spatial,6768456,0.4086750037472937,4.3088755232348,3620,36601,132495620,12566538,True,No support or value spatial predecessors; active model families retained,c06248553378f44adac3582ff3dc5a5e5e2b2b93befef7ef6b09f87e42bfb786,71a173f465a365e3555fdc69896328ab9a8055f713160b4030a492856c54f9ac,785207ec166286e05a1b01fc67852b0a98a2cd48448c7660821e485b7846368b
NCBI629,HEST_exposed_development,Brain,Homo sapiens,no_sharing,6753188,0.4077531317639028,4.299155742019003,3620,36601,132495620,12566538,True,Independent per-gene q1 exceptions; fixed eight tail classes retained,fe739fdc3f4c1f4aa21aae0a98e2488e890f39678d07c5b94f6d3bff27c3c0d5,71a173f465a365e3555fdc69896328ab9a8055f713160b4030a492856c54f9ac,785207ec166286e05a1b01fc67852b0a98a2cd48448c7660821e485b7846368b
NCBI796,HEST_exposed_development,Muscle,Mus musculus,full,1120131,0.2747178692332779,5.678809617358902,982,33217,32619094,1577980,True,"Production Shared K32 anchor, support M6, value context M6",eb7f0d19d82ef37df4cab1caf950ca9b6e516ef8f60d8421c6e96ade26d3e470,bd98f32dc4f50445d4d9f56354783a6a4c4a49bdbd721ebd2ffd99ed9e5fe8f7,e14b67808b1081ba4d870708da47a5481e5ff282ac8b287558de7de552db49b0
NCBI796,HEST_exposed_development,Muscle,Mus musculus,no_support,1130967,0.27737545377563216,5.733745674850125,982,33217,32619094,1577980,True,Gene-only support probabilities; value spatial context retained,8a52b3479de2ed0845c3a93e3fc99e2137aa4edbe6ce74e872b0b0b77804048e,bd98f32dc4f50445d4d9f56354783a6a4c4a49bdbd721ebd2ffd99ed9e5fe8f7,e14b67808b1081ba4d870708da47a5481e5ff282ac8b287558de7de552db49b0
NCBI796,HEST_exposed_development,Muscle,Mus musculus,no_value,7097662,1.740737986162338,35.98353337811633,982,33217,32619094,1577980,True,Fixed-width lossless positive uint32 stream; no positive-value model,6bf02d930a3e846be45a20c8a4f76021f60900c0e8d9ad2c8faebcf1cdcd35db,bd98f32dc4f50445d4d9f56354783a6a4c4a49bdbd721ebd2ffd99ed9e5fe8f7,e14b67808b1081ba4d870708da47a5481e5ff282ac8b287558de7de552db49b0
NCBI796,HEST_exposed_development,Muscle,Mus musculus,no_spatial,1129857,0.2771032205860776,5.72811822710047,982,33217,32619094,1577980,True,No support or value spatial predecessors; active model families retained,f5fab062414a0d4f7ecb31ff9a20dd5b152c09500fbbdb7f55f724868bd109ef,bd98f32dc4f50445d4d9f56354783a6a4c4a49bdbd721ebd2ffd99ed9e5fe8f7,e14b67808b1081ba4d870708da47a5481e5ff282ac8b287558de7de552db49b0
NCBI796,HEST_exposed_development,Muscle,Mus musculus,no_sharing,1143691,0.28049607999535486,5.798253463288508,982,33217,32619094,1577980,True,Independent per-gene q1 exceptions; fixed eight tail classes retained,263cdbed24d91b5fe19c30040be6980044838db7b48bcf951b2304befc35bfd6,bd98f32dc4f50445d4d9f56354783a6a4c4a49bdbd721ebd2ffd99ed9e5fe8f7,e14b67808b1081ba4d870708da47a5481e5ff282ac8b287558de7de552db49b0
NCBI452,HEST_exposed_development,Spinal cord,Mus musculus,full,1417093,1.0607637577953206,4.508006594554959,483,22127,10687341,2514802,True,"Production Shared K32 anchor, support M6, value context M6",97d1f65a31ce6540eb5152ca3cfa8a1c2c1e2ccc4ac8c93afb7099e0220e3c03,ec74c44c1634376c1c3b7b99b38bd1f80824a7cff0bd76ab8cec139272fb02a9,7bacf38cac9b0456551e1c3a1e96fb636fabd03584ed442642b1dc3c1d240d05
NCBI452,HEST_exposed_development,Spinal cord,Mus musculus,no_support,1424242,1.0661151356544158,4.530748742843373,483,22127,10687341,2514802,True,Gene-only support probabilities; value spatial context retained,645964cf294eb83483f7a26d6c47dc4e05b579e108c7b7469de1bf4875a71850,ec74c44c1634376c1c3b7b99b38bd1f80824a7cff0bd76ab8cec139272fb02a9,7bacf38cac9b0456551e1c3a1e96fb636fabd03584ed442642b1dc3c1d240d05
NCBI452,HEST_exposed_development,Spinal cord,Mus musculus,no_value,10773744,8.064676892035166,34.273056884796496,483,22127,10687341,2514802,True,Fixed-width lossless positive uint32 stream; no positive-value model,2206698c03526a1c514012e2fd05b56f9a0ab7c2d18f9df25211a0ffa99bfb3e,ec74c44c1634376c1c3b7b99b38bd1f80824a7cff0bd76ab8cec139272fb02a9,7bacf38cac9b0456551e1c3a1e96fb636fabd03584ed442642b1dc3c1d240d05
NCBI452,HEST_exposed_development,Spinal cord,Mus musculus,no_spatial,1427524,1.0685718739581715,4.541189326237214,483,22127,10687341,2514802,True,No support or value spatial predecessors; active model families retained,67805974dee7a7083add6f043f6b9fa0cf2800e105f64f666334032d58c18339,ec74c44c1634376c1c3b7b99b38bd1f80824a7cff0bd76ab8cec139272fb02a9,7bacf38cac9b0456551e1c3a1e96fb636fabd03584ed442642b1dc3c1d240d05
NCBI452,HEST_exposed_development,Spinal cord,Mus musculus,no_sharing,1442029,1.0794295793499993,4.587332123960455,483,22127,10687341,2514802,True,Independent per-gene q1 exceptions; fixed eight tail classes retained,323e51d7815680e42e7ba67bc737bd5f5e127bbae39a89b2dc85ff845fa49ee9,ec74c44c1634376c1c3b7b99b38bd1f80824a7cff0bd76ab8cec139272fb02a9,7bacf38cac9b0456551e1c3a1e96fb636fabd03584ed442642b1dc3c1d240d05
MEND140,HEST_exposed_development,Prostate,Homo sapiens,full,3288441,0.4053796202941844,4.708946514515157,1935,33538,64896030,5586712,True,"Production Shared K32 anchor, support M6, value context M6",4dac7478ac2178564dbec88044cb39910deb9ef8b35e277ac9cd8b563f09828d,23950180739f0457ef3210aa659e0ed11c50ebe095dde495c4c07498a57d7e84,876a7881b41c1115ae5f5d53063b267d9bb53234d7fc53bb5365957af8babb7c
MEND140,HEST_exposed_development,Prostate,Homo sapiens,no_support,3320279,0.40930442124117605,4.7545375526785705,1935,33538,64896030,5586712,True,Gene-only support probabilities; value spatial context retained,45a43ba0ac2bf1c44dd924e5a68278b17a64f6bef1e294b2073bd09a9e371b43,23950180739f0457ef3210aa659e0ed11c50ebe095dde495c4c07498a57d7e84,876a7881b41c1115ae5f5d53063b267d9bb53234d7fc53bb5365957af8babb7c
MEND140,HEST_exposed_development,Prostate,Homo sapiens,no_value,24482823,3.0180980870478518,35.05865059806197,1935,33538,64896030,5586712,True,Fixed-width lossless positive uint32 stream; no positive-value model,5dbf9edf9c1127ae0d3348202f9c2ae84692f1fe1208061b6b9ed806a3534861,23950180739f0457ef3210aa659e0ed11c50ebe095dde495c4c07498a57d7e84,876a7881b41c1115ae5f5d53063b267d9bb53234d7fc53bb5365957af8babb7c
MEND140,HEST_exposed_development,Prostate,Homo sapiens,no_spatial,3333035,0.41087690572135155,4.772803752905108,1935,33538,64896030,5586712,True,No support or value spatial predecessors; active model families retained,b9d73d06c69d952f388328efac2f1860d582c2783419582894b3cc626ff3ccda,23950180739f0457ef3210aa659e0ed11c50ebe095dde495c4c07498a57d7e84,876a7881b41c1115ae5f5d53063b267d9bb53234d7fc53bb5365957af8babb7c
MEND140,HEST_exposed_development,Prostate,Homo sapiens,no_sharing,3315994,0.40877619170232754,4.748401564283249,1935,33538,64896030,5586712,True,Independent per-gene q1 exceptions; fixed eight tail classes retained,b3324cc5249ecb1c2cf5771a9abe1c6bd9f121b82f533186ddb0efbd368ee65c,23950180739f0457ef3210aa659e0ed11c50ebe095dde495c4c07498a57d7e84,876a7881b41c1115ae5f5d53063b267d9bb53234d7fc53bb5365957af8babb7c
TENX50,HEST_exposed_development,Cervix,Homo sapiens,full,8295559,1.3299631180547502,3.8575849564789575,2781,17943,49899483,17203632,True,"Production Shared K32 anchor, support M6, value context M6",5ce2ff5f3f2ad33521f1f2df43f93214697d9fb7eee0d44b2ff6d8c9e58db8ac,86349658ab5b687c788aff896765c63a0eb0589a9312e41b139ad5b99d511af3,caa1abec32f5d3ef9e45d2cfcdb8ce714f44b79699c360891dd3555d649e3fb3
TENX50,HEST_exposed_development,Cervix,Homo sapiens,no_support,8559027,1.372202914406949,3.9801023411800487,2781,17943,49899483,17203632,True,Gene-only support probabilities; value spatial context retained,82085c231012ff510fea8ea530c2e332acc26f5ee804961baee32137040a48cb,86349658ab5b687c788aff896765c63a0eb0589a9312e41b139ad5b99d511af3,caa1abec32f5d3ef9e45d2cfcdb8ce714f44b79699c360891dd3555d649e3fb3
TENX50,HEST_exposed_development,Cervix,Homo sapiens,no_value,72152675,11.567682975793558,33.55229872389737,2781,17943,49899483,17203632,True,Fixed-width lossless positive uint32 stream; no positive-value model,8ce6fa858eda400277ee5f6f424ff8d954e0f46bd17ed83d4b80564479eb619b,86349658ab5b687c788aff896765c63a0eb0589a9312e41b139ad5b99d511af3,caa1abec32f5d3ef9e45d2cfcdb8ce714f44b79699c360891dd3555d649e3fb3
TENX50,HEST_exposed_development,Cervix,Homo sapiens,no_spatial,8758489,1.4041811214757476,4.0728557783612205,2781,17943,49899483,17203632,True,No support or value spatial predecessors; active model families retained,6d98d44a653b8db340147747e4684a2f42d6440da363bca87ee738093161e587,86349658ab5b687c788aff896765c63a0eb0589a9312e41b139ad5b99d511af3,caa1abec32f5d3ef9e45d2cfcdb8ce714f44b79699c360891dd3555d649e3fb3
TENX50,HEST_exposed_development,Cervix,Homo sapiens,no_sharing,8314105,1.3329364554738974,3.866209181875083,2781,17943,49899483,17203632,True,Independent per-gene q1 exceptions; fixed eight tail classes retained,039d31178abe45bc12e3e64c41e3315f43ddf73e627b855f4ea5418216f863a4,86349658ab5b687c788aff896765c63a0eb0589a9312e41b139ad5b99d511af3,caa1abec32f5d3ef9e45d2cfcdb8ce714f44b79699c360891dd3555d649e3fb3
ZEN65,HEST_exposed_development,Skin,Mus musculus,full,565318,0.07044268823068878,11.22913164709709,932,68886,64201752,402751,True,"Production Shared K32 anchor, support M6, value context M6",a25f18871a41191ee7dc9c9f896fbaaa705899d5307ca87431b9d62738465196,49b094e45b5250f8a96e2605d9e6e0903f454412111f91eace517d88a0c86aa5,64de82459f36e740f5118931157d5a4be2b30e5c64aa4a3ee53033980cb8d070
ZEN65,HEST_exposed_development,Skin,Mus musculus,no_support,714339,0.08901177650105249,14.189193819506345,932,68886,64201752,402751,True,Gene-only support probabilities; value spatial context retained,355d38beb14eb2d253db8190c638e348432837a756be8ef6c52419b39cb4bf68,49b094e45b5250f8a96e2605d9e6e0903f454412111f91eace517d88a0c86aa5,64de82459f36e740f5118931157d5a4be2b30e5c64aa4a3ee53033980cb8d070
ZEN65,HEST_exposed_development,Skin,Mus musculus,no_value,2047202,0.25509609145868795,40.664370789892516,932,68886,64201752,402751,True,Fixed-width lossless positive uint32 stream; no positive-value model,fd6ee3498f96caa74d1f62cf9c696e9f8673494b355b638ed5a78d9fa22df5f8,49b094e45b5250f8a96e2605d9e6e0903f454412111f91eace517d88a0c86aa5,64de82459f36e740f5118931157d5a4be2b30e5c64aa4a3ee53033980cb8d070
ZEN65,HEST_exposed_development,Skin,Mus musculus,no_spatial,707512,0.0881610832053306,14.053586459127352,932,68886,64201752,402751,True,No support or value spatial predecessors; active model families retained,3f76544107cf8f3b7d1fdf84aa09195cd4db6e3d92037d4e0b36ebe000d4cae2,49b094e45b5250f8a96e2605d9e6e0903f454412111f91eace517d88a0c86aa5,64de82459f36e740f5118931157d5a4be2b30e5c64aa4a3ee53033980cb8d070
ZEN65,HEST_exposed_development,Skin,Mus musculus,no_sharing,599124,0.07465515894332603,11.900633393833907,932,68886,64201752,402751,True,Independent per-gene q1 exceptions; fixed eight tail classes retained,181aba2dd52285fc7126fd7727bfc5bf9c3a207fa0010edd3c606f4cb741c87d,49b094e45b5250f8a96e2605d9e6e0903f454412111f91eace517d88a0c86aa5,64de82459f36e740f5118931157d5a4be2b30e5c64aa4a3ee53033980cb8d070
MISC14,HEST_exposed_development,Lung,Homo sapiens,full,2231041,0.596340897047552,4.863908976156165,1670,17922,29929740,3669544,True,"Production Shared K32 anchor, support M6, value context M6",9037dc0d9eceb7f8fff6a97472a99536ea55b1e129cbe977299046d5be6cddc6,581a6a461845e112790d4a7b5bd65f526d3ed2e8c80a84f41054490f424ae9b6,a2bce06857aa31c97effe6e18f3f3c93ec99f3049075c316fca58c44c57297c9
MISC14,HEST_exposed_development,Lung,Homo sapiens,no_support,2580205,0.6896698735104281,5.625123993607925,1670,17922,29929740,3669544,True,Gene-only support probabilities; value spatial context retained,5ba28ceb9527f6557bc00bef80643c8e4705326130c341d15c8a9199b8bbcdfd,581a6a461845e112790d4a7b5bd65f526d3ed2e8c80a84f41054490f424ae9b6,a2bce06857aa31c97effe6e18f3f3c93ec99f3049075c316fca58c44c57297c9
MISC14,HEST_exposed_development,Lung,Homo sapiens,no_value,16019371,4.281860383685258,34.923949133734325,1670,17922,29929740,3669544,True,Fixed-width lossless positive uint32 stream; no positive-value model,75bbb047e2a11b2152c4f1ba2fde80c20dcabf600156be321458633fc1cc808e,581a6a461845e112790d4a7b5bd65f526d3ed2e8c80a84f41054490f424ae9b6,a2bce06857aa31c97effe6e18f3f3c93ec99f3049075c316fca58c44c57297c9
MISC14,HEST_exposed_development,Lung,Homo sapiens,no_spatial,2660786,0.7112085838366788,5.80079922736994,1670,17922,29929740,3669544,True,No support or value spatial predecessors; active model families retained,84deb5889cdf24b0725ed5bb2e7bbf791ebc60b78447fbef8807225c0e912084,581a6a461845e112790d4a7b5bd65f526d3ed2e8c80a84f41054490f424ae9b6,a2bce06857aa31c97effe6e18f3f3c93ec99f3049075c316fca58c44c57297c9
MISC14,HEST_exposed_development,Lung,Homo sapiens,no_sharing,2253842,0.6024354371270849,4.913617604803212,1670,17922,29929740,3669544,True,Independent per-gene q1 exceptions; fixed eight tail classes retained,97d49cd7e837160810a32a3cb4fafb58c5679ab7f8e8da65387a6ab8a42189ee,581a6a461845e112790d4a7b5bd65f526d3ed2e8c80a84f41054490f424ae9b6,a2bce06857aa31c97effe6e18f3f3c93ec99f3049075c316fca58c44c57297c9
NCBI729,HEST_exposed_development,Bowel,Mus musculus,full,6019121,0.5954955461657323,4.197771090429149,2604,31053,80862012,11471080,True,"Production Shared K32 anchor, support M6, value context M6",7758cdd144340b144c6c136a5b7a69cf91fb14a53af3d73a7eecbd70fd087782,08b2683953fee52fb5d838a01bba5dc09b7400dddb086e4d3ac547e5a62cf86f,57c9dd80dfa0e651d9621e851e2eb9afdff7c0f498f0077389c5a1973ddc41df
NCBI729,HEST_exposed_development,Bowel,Mus musculus,no_support,6058541,0.599395523326825,4.225262834885643,2604,31053,80862012,11471080,True,Gene-only support probabilities; value spatial context retained,e0b6352cb1ce8a47d6fde9f1feaa5d02c04cf3525d9305ae63ce60989c7ffec7,08b2683953fee52fb5d838a01bba5dc09b7400dddb086e4d3ac547e5a62cf86f,57c9dd80dfa0e651d9621e851e2eb9afdff7c0f498f0077389c5a1973ddc41df
NCBI729,HEST_exposed_development,Bowel,Mus musculus,no_value,49061799,4.853878629683368,34.215992914355056,2604,31053,80862012,11471080,True,Fixed-width lossless positive uint32 stream; no positive-value model,ed131296ec8ad9446b2918df50bdc699fe7c98892e9c00b0492015b2dea8bf84,08b2683953fee52fb5d838a01bba5dc09b7400dddb086e4d3ac547e5a62cf86f,57c9dd80dfa0e651d9621e851e2eb9afdff7c0f498f0077389c5a1973ddc41df
NCBI729,HEST_exposed_development,Bowel,Mus musculus,no_spatial,6092346,0.6027399862372952,4.248838644661182,2604,31053,80862012,11471080,True,No support or value spatial predecessors; active model families retained,326039768bb319497b88bfafa66391e216d5f894819c0ce907ac37fe84af13c9,08b2683953fee52fb5d838a01bba5dc09b7400dddb086e4d3ac547e5a62cf86f,57c9dd80dfa0e651d9621e851e2eb9afdff7c0f498f0077389c5a1973ddc41df
NCBI729,HEST_exposed_development,Bowel,Mus musculus,no_sharing,6042926,0.5978506693600452,4.214372840220799,2604,31053,80862012,11471080,True,Independent per-gene q1 exceptions; fixed eight tail classes retained,24c7ee762a4f423bd1c76d3b3247ae742915eb5bed2e388eebce7bd907a6e858,08b2683953fee52fb5d838a01bba5dc09b7400dddb086e4d3ac547e5a62cf86f,57c9dd80dfa0e651d9621e851e2eb9afdff7c0f498f0077389c5a1973ddc41df
ZEN47,HEST_exposed_development,Bowel,Homo sapiens,full,4987497,0.4704935233579598,4.193560138158446,2317,36601,84804517,9514583,True,"Production Shared K32 anchor, support M6, value context M6",adf5eba34e525b0bef121e09f8ebea6aee52ef81faaf4b26efdf66fa864b6317,7e2caa0f00c8ed396d672e182d569604ceddc36523ca42a4b5e86dbdd55151a8,a8e1e2b3eca2c4b6b3aec2519c0c1e57f36f4fa7040b715c03e5da0b1efd701d
ZEN47,HEST_exposed_development,Bowel,Homo sapiens,no_support,5096529,0.480779013221666,4.285235832195694,2317,36601,84804517,9514583,True,Gene-only support probabilities; value spatial context retained,396b5286d32f9f1cdf88c8b9128411c024eaaa6cfc838e3957c475ef9ee1fcf8,7e2caa0f00c8ed396d672e182d569604ceddc36523ca42a4b5e86dbdd55151a8,a8e1e2b3eca2c4b6b3aec2519c0c1e57f36f4fa7040b715c03e5da0b1efd701d
ZEN47,HEST_exposed_development,Bowel,Homo sapiens,no_value,40956253,3.8635916527889664,34.43661419528318,2317,36601,84804517,9514583,True,Fixed-width lossless positive uint32 stream; no positive-value model,cd0bb50e34ae84fbe8d2bd6db8ed526632240adfe91afef4389ba4a450c07d68,7e2caa0f00c8ed396d672e182d569604ceddc36523ca42a4b5e86dbdd55151a8,a8e1e2b3eca2c4b6b3aec2519c0c1e57f36f4fa7040b715c03e5da0b1efd701d
ZEN47,HEST_exposed_development,Bowel,Homo sapiens,no_spatial,5169372,0.4876506283267907,4.346483287811983,2317,36601,84804517,9514583,True,No support or value spatial predecessors; active model families retained,ae5bb8c2dc5c4c6666dc96e6228fa3c8b8eb83c6d5cf93353cd34bee8d010655,7e2caa0f00c8ed396d672e182d569604ceddc36523ca42a4b5e86dbdd55151a8,a8e1e2b3eca2c4b6b3aec2519c0c1e57f36f4fa7040b715c03e5da0b1efd701d
ZEN47,HEST_exposed_development,Bowel,Homo sapiens,no_sharing,5016919,0.47326903589345365,4.218298584394082,2317,36601,84804517,9514583,True,Independent per-gene q1 exceptions; fixed eight tail classes retained,031b68d8e55fb9aeecde6f6b33cfe543df3c3ca195e50f948836e3108d945849,7e2caa0f00c8ed396d672e182d569604ceddc36523ca42a4b5e86dbdd55151a8,a8e1e2b3eca2c4b6b3aec2519c0c1e57f36f4fa7040b715c03e5da0b1efd701d
MEND84,HEST_exposed_development,Bone,Mus musculus,full,910238,0.17376786531166352,6.246690034159088,1298,32285,41905930,1165722,True,"Production Shared K32 anchor, support M6, value context M6",694232af3dc5b315458822391b54bb222fa26dfd11135d460404339f8b4ac604,8fb308ee20acaed4ea9dab60567aa44859d69a71410491f9cbbff0ac7d3838bf,3f6e9ea813e2c8e2adbe4943ed80c05e8d5aee736da00a83e7eb761fbbdf6f3f
MEND84,HEST_exposed_development,Bone,Mus musculus,no_support,953531,0.18203266220317746,6.543796891540179,1298,32285,41905930,1165722,True,Gene-only support probabilities; value spatial context retained,dd8e4543620c1b87511c88c3172b717333638b6cb149be98f11275b647346bc9,8fb308ee20acaed4ea9dab60567aa44859d69a71410491f9cbbff0ac7d3838bf,3f6e9ea813e2c8e2adbe4943ed80c05e8d5aee736da00a83e7eb761fbbdf6f3f
MEND84,HEST_exposed_development,Bone,Mus musculus,no_value,5359716,1.0231899876700028,36.78212129478555,1298,32285,41905930,1165722,True,Fixed-width lossless positive uint32 stream; no positive-value model,e6691718d2e2ce4d09abccc7ebdc4e724c2137fdf7379f8437b67b6fc91e9bf3,8fb308ee20acaed4ea9dab60567aa44859d69a71410491f9cbbff0ac7d3838bf,3f6e9ea813e2c8e2adbe4943ed80c05e8d5aee736da00a83e7eb761fbbdf6f3f
MEND84,HEST_exposed_development,Bone,Mus musculus,no_spatial,950985,0.1815466212061157,6.526324458146968,1298,32285,41905930,1165722,True,No support or value spatial predecessors; active model families retained,f290b1a08bbf6fe0e16d3ae8fa5930692851f8deae4bbf2b1ed2940ca7202a43,8fb308ee20acaed4ea9dab60567aa44859d69a71410491f9cbbff0ac7d3838bf,3f6e9ea813e2c8e2adbe4943ed80c05e8d5aee736da00a83e7eb761fbbdf6f3f
MEND84,HEST_exposed_development,Bone,Mus musculus,no_sharing,933733,0.17825314937527934,6.407929163213871,1298,32285,41905930,1165722,True,Independent per-gene q1 exceptions; fixed eight tail classes retained,bdb06caa02a184950299904d42beac4d3ad794e880b17c880f63fddbde6af5b8,8fb308ee20acaed4ea9dab60567aa44859d69a71410491f9cbbff0ac7d3838bf,3f6e9ea813e2c8e2adbe4943ed80c05e8d5aee736da00a83e7eb761fbbdf6f3f
NCBI542,HEST_exposed_development,Heart,Mus musculus,full,2803340,0.31052672716984936,4.694167810378956,2237,32285,72221545,4777571,True,"Production Shared K32 anchor, support M6, value context M6",f912cd96af380948ee4941b0b73993cfc3b444215ae60421f1368498b8fd07b0,d92b3e7552721649ecbec95c3c3bafd3286f0d0856969e8a296842e00d92dd08,bdb96092a89cb1fd18b893d5997121dcaaeb386da1fc22e080b34394c61ee9a2
NCBI542,HEST_exposed_development,Heart,Mus musculus,no_support,2805420,0.31075712933031274,4.697650751815096,2237,32285,72221545,4777571,True,Gene-only support probabilities; value spatial context retained,b98a0ddee87a962f829ca2901f37b543f5148714152f676b804222e741fe520e,d92b3e7552721649ecbec95c3c3bafd3286f0d0856969e8a296842e00d92dd08,bdb96092a89cb1fd18b893d5997121dcaaeb386da1fc22e080b34394c61ee9a2
NCBI542,HEST_exposed_development,Heart,Mus musculus,no_value,20940147,2.3195457255864578,35.06408926209574,2237,32285,72221545,4777571,True,Fixed-width lossless positive uint32 stream; no positive-value model,c51e8c1fde11d92f142b1478bf24aeabe13df16676f39782706fab3e695ecd57,d92b3e7552721649ecbec95c3c3bafd3286f0d0856969e8a296842e00d92dd08,bdb96092a89cb1fd18b893d5997121dcaaeb386da1fc22e080b34394c61ee9a2
NCBI542,HEST_exposed_development,Heart,Mus musculus,no_spatial,2796927,0.30981635743184394,4.68342929911455,2237,32285,72221545,4777571,True,No support or value spatial predecessors; active model families retained,fc7e9892d2559dcdf12aaf324ab59dc15d135a5a57eb8f49a6bdbc80326a5e8c,d92b3e7552721649ecbec95c3c3bafd3286f0d0856969e8a296842e00d92dd08,bdb96092a89cb1fd18b893d5997121dcaaeb386da1fc22e080b34394c61ee9a2
NCBI542,HEST_exposed_development,Heart,Mus musculus,no_sharing,2821136,0.3124979948850444,4.723967053550853,2237,32285,72221545,4777571,True,Independent per-gene q1 exceptions; fixed eight tail classes retained,ebbe1d46c58b0409b4cec4e4f40f9dfcc188373f7826b4e12de5ab14dab805ff,d92b3e7552721649ecbec95c3c3bafd3286f0d0856969e8a296842e00d92dd08,bdb96092a89cb1fd18b893d5997121dcaaeb386da1fc22e080b34394c61ee9a2
INT17,HEST_exposed_development,Lymph node,Homo sapiens,full,4967322,0.6177718050441927,4.425660439893446,3585,17943,64325655,8979129,True,"Production Shared K32 anchor, support M6, value context M6",f9bf8d03baefd940fb1c3006b587a811911011b42a6fc481f7878c369809386b,f57c3ef919332ec73415a7f303e248b5db54e81634c2a1da5b1d686f2157e395,7f0f0b7eeb4cb20615a74880e0146d46d6c9f628ff8f520a82a8ce89aaa7759a
INT17,HEST_exposed_development,Lymph node,Homo sapiens,no_support,5083619,0.632235334408954,4.529275835106056,3585,17943,64325655,8979129,True,Gene-only support probabilities; value spatial context retained,b152a907827758bd2590bd6c25cd48dfd2d4698f36df29fd985c11d6cf9815f0,f57c3ef919332ec73415a7f303e248b5db54e81634c2a1da5b1d686f2157e395,7f0f0b7eeb4cb20615a74880e0146d46d6c9f628ff8f520a82a8ce89aaa7759a
INT17,HEST_exposed_development,Lymph node,Homo sapiens,no_value,39377848,4.89731171800738,35.08389109901417,3585,17943,64325655,8979129,True,Fixed-width lossless positive uint32 stream; no positive-value model,8a42742eb7819802257211370a137924c628a803ba001b4e4e9c62fb64ddfc96,f57c3ef919332ec73415a7f303e248b5db54e81634c2a1da5b1d686f2157e395,7f0f0b7eeb4cb20615a74880e0146d46d6c9f628ff8f520a82a8ce89aaa7759a
INT17,HEST_exposed_development,Lymph node,Homo sapiens,no_spatial,5124324,0.6372977002721543,4.565542158933233,3585,17943,64325655,8979129,True,No support or value spatial predecessors; active model families retained,3bb10b7bc71c026b410465fbd04a933876a78f2e612537435f7d3f5475ef7cef,f57c3ef919332ec73415a7f303e248b5db54e81634c2a1da5b1d686f2157e395,7f0f0b7eeb4cb20615a74880e0146d46d6c9f628ff8f520a82a8ce89aaa7759a
INT17,HEST_exposed_development,Lymph node,Homo sapiens,no_sharing,4983064,0.6197295931149088,4.439685853716992,3585,17943,64325655,8979129,True,Independent per-gene q1 exceptions; fixed eight tail classes retained,d79b3f0dab5ee6820598d67a9dbba2d207ac09f28a3a65a3603d8f189295d4d2,f57c3ef919332ec73415a7f303e248b5db54e81634c2a1da5b1d686f2157e395,7f0f0b7eeb4cb20615a74880e0146d46d6c9f628ff8f520a82a8ce89aaa7759a
TENX118,HEST_exposed_development,Lung,Homo sapiens,full,460104,2.184191334636827,5.900386163515964,3115,541,1685215,623829,True,"Production Shared K32 anchor, support M6, value context M6",9d267eff70b52d5f4459c01116e7dd9f27a32c46b8746bbda2388f88b6ccf88d,1223fe60375475b197f54d6f93469f60c2fe9034901a68fc65b8c9fd38db56ba,04226adf108b1d8dd7784c162ea8897da1b64660fc2c3fd579b7eac222d2a368
TENX118,HEST_exposed_development,Lung,Homo sapiens,no_support,521427,2.475301964437772,6.6867939771956735,3115,541,1685215,623829,True,Gene-only support probabilities; value spatial context retained,dcb358e30760c04ec3b65c5f49c15b3db94ad9dc5c31a7df51f15f7fad3dc76c,1223fe60375475b197f54d6f93469f60c2fe9034901a68fc65b8c9fd38db56ba,04226adf108b1d8dd7784c162ea8897da1b64660fc2c3fd579b7eac222d2a368
TENX118,HEST_exposed_development,Lung,Homo sapiens,no_value,2626208,12.467052571927024,33.67856255480268,3115,541,1685215,623829,True,Fixed-width lossless positive uint32 stream; no positive-value model,31da90699daa99e933c71f8065a81e0730e73b0a632e2c7fd447d1d4f6e399d9,1223fe60375475b197f54d6f93469f60c2fe9034901a68fc65b8c9fd38db56ba,04226adf108b1d8dd7784c162ea8897da1b64660fc2c3fd579b7eac222d2a368
TENX118,HEST_exposed_development,Lung,Homo sapiens,no_spatial,524420,2.489510240533107,6.725176290297501,3115,541,1685215,623829,True,No support or value spatial predecessors; active model families retained,ca0c9de07f71b821dec45a468fa67338324e97ca745ceb7dc0650f2111e9c0bb,1223fe60375475b197f54d6f93469f60c2fe9034901a68fc65b8c9fd38db56ba,04226adf108b1d8dd7784c162ea8897da1b64660fc2c3fd579b7eac222d2a368
TENX118,HEST_exposed_development,Lung,Homo sapiens,no_sharing,460610,2.186593402028821,5.906875121227131,3115,541,1685215,623829,True,Independent per-gene q1 exceptions; fixed eight tail classes retained,18ce64cbedda81546915563d20c6b8b6a760508b3ca19a47d6967f6afbbd1eb7,1223fe60375475b197f54d6f93469f60c2fe9034901a68fc65b8c9fd38db56ba,04226adf108b1d8dd7784c162ea8897da1b64660fc2c3fd579b7eac222d2a368
TENX96,HEST_exposed_development,Breast,Homo sapiens,full,1330149,2.719409116104484,5.6506925040065505,7233,541,3913053,1883166,True,"Production Shared K32 anchor, support M6, value context M6",e6f613f74fa7e44fbf83fb8fc24c74992c4f536e728d6ffbee2b951982c69a09,4e789e7739306e29102d055bbc06f30ca4465ba77ae15d3c91eb30aa4e0b9e27,c9dcb6ddb368c9efa157704e4e23031622fab313a224439f55371a5a0a90e479
TENX96,HEST_exposed_development,Breast,Homo sapiens,no_support,1431487,2.9265885230790385,6.081193054674946,7233,541,3913053,1883166,True,Gene-only support probabilities; value spatial context retained,004ad619b962c7d4551493a6eac348777c712e41d829ba5a7de27bfd43f1017e,4e789e7739306e29102d055bbc06f30ca4465ba77ae15d3c91eb30aa4e0b9e27,c9dcb6ddb368c9efa157704e4e23031622fab313a224439f55371a5a0a90e479
TENX96,HEST_exposed_development,Breast,Homo sapiens,no_value,7858523,16.066274594287375,33.38430281770168,7233,541,3913053,1883166,True,Fixed-width lossless positive uint32 stream; no positive-value model,32612a9f0c3420667e6589bca2122b5ec6c26192ec4abd0c2cf0d3010456c748,4e789e7739306e29102d055bbc06f30ca4465ba77ae15d3c91eb30aa4e0b9e27,c9dcb6ddb368c9efa157704e4e23031622fab313a224439f55371a5a0a90e479
TENX96,HEST_exposed_development,Breast,Homo sapiens,no_spatial,1476249,3.0181017226191416,6.271349419010326,7233,541,3913053,1883166,True,No support or value spatial predecessors; active model families retained,762ec7952af682143f020aeacd96f6bd1e48acd546b44db7251fcd5706c4187c,4e789e7739306e29102d055bbc06f30ca4465ba77ae15d3c91eb30aa4e0b9e27,c9dcb6ddb368c9efa157704e4e23031622fab313a224439f55371a5a0a90e479
TENX96,HEST_exposed_development,Breast,Homo sapiens,no_sharing,1330425,2.719973381398105,5.651864997562615,7233,541,3913053,1883166,True,Independent per-gene q1 exceptions; fixed eight tail classes retained,53afc2687c9f331174a1ac743cb817ca14efc762a89b6f26b1db993568bbbae2,4e789e7739306e29102d055bbc06f30ca4465ba77ae15d3c91eb30aa4e0b9e27,c9dcb6ddb368c9efa157704e4e23031622fab313a224439f55371a5a0a90e479
TENX135,HEST_exposed_development,Bone,Mus musculus,full,786340,1.5320089913033736,6.377033143598607,7590,541,4106190,986465,True,"Production Shared K32 anchor, support M6, value context M6",e5d77e99c5ec592be172f4047e7ed0624f002ec988b68d9ff80d5fd49a42ea3b,414138ab3dd198996305c101a503a21c54b3e4ea5a52ccf336c353fdd8b139e9,bc5c7c37bd758f4d56474cc1c160903de280aee9c8702f6aac9abf1f421291d9
TENX135,HEST_exposed_development,Bone,Mus musculus,no_support,921457,1.7952544816484381,7.472800352774807,7590,541,4106190,986465,True,Gene-only support probabilities; value spatial context retained,7229c01a25c6c91ecb68453bfcfac8a1fcfd6cfb596798d10f82d1c83bf1c856,414138ab3dd198996305c101a503a21c54b3e4ea5a52ccf336c353fdd8b139e9,bc5c7c37bd758f4d56474cc1c160903de280aee9c8702f6aac9abf1f421291d9
TENX135,HEST_exposed_development,Bone,Mus musculus,no_value,4260919,8.30145512019658,34.555054664889276,7590,541,4106190,986465,True,Fixed-width lossless positive uint32 stream; no positive-value model,514ffc053306933dbaeefa7107d9753c3b5dcc1de8fc6b0d75445e7197f49107,414138ab3dd198996305c101a503a21c54b3e4ea5a52ccf336c353fdd8b139e9,bc5c7c37bd758f4d56474cc1c160903de280aee9c8702f6aac9abf1f421291d9
TENX135,HEST_exposed_development,Bone,Mus musculus,no_spatial,928868,1.809693170554699,7.532901826217858,7590,541,4106190,986465,True,No support or value spatial predecessors; active model families retained,74c94d7787bdc73aba884505080b582605058ec2cefd428c950b65d2fb69a09f,414138ab3dd198996305c101a503a21c54b3e4ea5a52ccf336c353fdd8b139e9,bc5c7c37bd758f4d56474cc1c160903de280aee9c8702f6aac9abf1f421291d9
TENX135,HEST_exposed_development,Bone,Mus musculus,no_sharing,786437,1.5321979742778586,6.377819790869418,7590,541,4106190,986465,True,Independent per-gene q1 exceptions; fixed eight tail classes retained,1f20c02dda0599aebd530e68f7b840dd300486cfbc4ebf86e012e6b0526183da,414138ab3dd198996305c101a503a21c54b3e4ea5a52ccf336c353fdd8b139e9,bc5c7c37bd758f4d56474cc1c160903de280aee9c8702f6aac9abf1f421291d9
TENX110,HEST_exposed_development,Whole organism,Mus musculus,full,4031577,2.2441808934455403,6.113219005508275,26565,541,14371665,5275881,True,"Production Shared K32 anchor, support M6, value context M6",03fe6880435884d5da67d71abbc43400e5a50a24f1e3914d9d3d2664f8474187,5b88403d4b98d2e5cf376c688b3d97b4718b1e88948c8a02074365ed07b7823e,506aea18d6df0a846beb96d75b51f1149534677a9d103fbf49916f20cf1f5506
TENX110,HEST_exposed_development,Whole organism,Mus musculus,no_support,4660968,2.594531948803427,7.067586247680719,26565,541,14371665,5275881,True,Gene-only support probabilities; value spatial context retained,d898f9fd4a640b158378c48e59314292a10b35265efa04f4545383cbd250f3d7,5b88403d4b98d2e5cf376c688b3d97b4718b1e88948c8a02074365ed07b7823e,506aea18d6df0a846beb96d75b51f1149534677a9d103fbf49916f20cf1f5506
TENX110,HEST_exposed_development,Whole organism,Mus musculus,no_value,22275069,12.39943680847,33.776454017821855,26565,541,14371665,5275881,True,Fixed-width lossless positive uint32 stream; no positive-value model,572f755341e8672c7ef7b7842edda1aa5014fc1c3adf126a32589ed930749e9b,5b88403d4b98d2e5cf376c688b3d97b4718b1e88948c8a02074365ed07b7823e,506aea18d6df0a846beb96d75b51f1149534677a9d103fbf49916f20cf1f5506
TENX110,HEST_exposed_development,Whole organism,Mus musculus,no_spatial,4869151,2.710417199398956,7.383261297970898,26565,541,14371665,5275881,True,No support or value spatial predecessors; active model families retained,13f9b0324dd442b1246f712d6fc049c1fb7609b42c481bd3cde1639d36084c85,5b88403d4b98d2e5cf376c688b3d97b4718b1e88948c8a02074365ed07b7823e,506aea18d6df0a846beb96d75b51f1149534677a9d103fbf49916f20cf1f5506
TENX110,HEST_exposed_development,Whole organism,Mus musculus,no_sharing,4028711,2.242585532017341,6.10887319103672,26565,541,14371665,5275881,True,Independent per-gene q1 exceptions; fixed eight tail classes retained,623bde57ec2893623c2874047428f56363d43964a6312508518fd46de99a3dfa,5b88403d4b98d2e5cf376c688b3d97b4718b1e88948c8a02074365ed07b7823e,506aea18d6df0a846beb96d75b51f1149534677a9d103fbf49916f20cf1f5506
TENX124,HEST_exposed_development,Lymphoid,Homo sapiens,full,1582955,1.8421214557537167,5.9890176152306225,12707,541,6874487,2114477,True,"Production Shared K32 anchor, support M6, value context M6",4348a4dd81936976f20346e9d926ffa1c4525d48d2281dd5e2004192b2800189,896c467b86b7b73f8d5bdbed21bca232a9659ea48ce6082a16dcaa46201c565e,bb6b09167947eb6b8f45a1ce8922892c97a0a01b5d338e319e91838928cf0d2e
TENX124,HEST_exposed_development,Lymphoid,Homo sapiens,no_support,1925508,2.2407583285851,7.285046846099532,12707,541,6874487,2114477,True,Gene-only support probabilities; value spatial context retained,1bc9e88361a4b980ca682968a1bdf31e686edf989a0c11f52ca37dfe37da4827,896c467b86b7b73f8d5bdbed21bca232a9659ea48ce6082a16dcaa46201c565e,bb6b09167947eb6b8f45a1ce8922892c97a0a01b5d338e319e91838928cf0d2e
TENX124,HEST_exposed_development,Lymphoid,Homo sapiens,no_value,8892756,10.348706456205386,33.645221962688645,12707,541,6874487,2114477,True,Fixed-width lossless positive uint32 stream; no positive-value model,34aa58e7cd1c180f85b43a434e8b490858579425ce0f800d4e34260577b2a47e,896c467b86b7b73f8d5bdbed21bca232a9659ea48ce6082a16dcaa46201c565e,bb6b09167947eb6b8f45a1ce8922892c97a0a01b5d338e319e91838928cf0d2e
TENX124,HEST_exposed_development,Lymphoid,Homo sapiens,no_spatial,1987100,2.3124343678299195,7.518076574018067,12707,541,6874487,2114477,True,No support or value spatial predecessors; active model families retained,fad73df1413ee76bfc9d70e505226e74467cbb17228042c9326bc6a48dd801b9,896c467b86b7b73f8d5bdbed21bca232a9659ea48ce6082a16dcaa46201c565e,bb6b09167947eb6b8f45a1ce8922892c97a0a01b5d338e319e91838928cf0d2e
TENX124,HEST_exposed_development,Lymphoid,Homo sapiens,no_sharing,1583763,1.8430617440981414,5.992074635950166,12707,541,6874487,2114477,True,Independent per-gene q1 exceptions; fixed eight tail classes retained,ea216f8a87f5dae7742d2daa6f6e0f4b938ec687ebadd0cc9de491120d3d7570,896c467b86b7b73f8d5bdbed21bca232a9659ea48ce6082a16dcaa46201c565e,bb6b09167947eb6b8f45a1ce8922892c97a0a01b5d338e319e91838928cf0d2e
TENX127,HEST_exposed_development,Bowel,Mus musculus,full,781011,2.593565242730295,6.471094871460264,4453,541,2409073,965538,True,"Production Shared K32 anchor, support M6, value context M6",76c348bb4081d761f596938b42d5f6f8338d7a36720664add22074fb4c4dc839,5dd6cf46cc445c2306a28d61784ccf408a027581fb96751dc9a0dad0db76414b,97f64c1a639f4d9f6429c0d6ea13e630080adca183706df7205d586a4f112f4c
TENX127,HEST_exposed_development,Bowel,Mus musculus,no_support,874005,2.902377802582155,7.241600019885286,4453,541,2409073,965538,True,Gene-only support probabilities; value spatial context retained,db8d6296c7076ee2e6582de4796db374b89abe5ebbaa0e5151b9e3aa28cdb734,5dd6cf46cc445c2306a28d61784ccf408a027581fb96751dc9a0dad0db76414b,97f64c1a639f4d9f6429c0d6ea13e630080adca183706df7205d586a4f112f4c
TENX127,HEST_exposed_development,Bowel,Mus musculus,no_value,4061469,13.487242603275202,33.65144820814924,4453,541,2409073,965538,True,Fixed-width lossless positive uint32 stream; no positive-value model,16c69088baf9ad918f00c8c192f98e29157ccf5cc944c4eeb1bf229698dd0cb7,5dd6cf46cc445c2306a28d61784ccf408a027581fb96751dc9a0dad0db76414b,97f64c1a639f4d9f6429c0d6ea13e630080adca183706df7205d586a4f112f4c
TENX127,HEST_exposed_development,Bowel,Mus musculus,no_spatial,879887,2.921910627033718,7.290335543500101,4453,541,2409073,965538,True,No support or value spatial predecessors; active model families retained,d7d6afffc7941910d1e26aeb607386315796b36fbf1781abbeb68d98767e8fc9,5dd6cf46cc445c2306a28d61784ccf408a027581fb96751dc9a0dad0db76414b,97f64c1a639f4d9f6429c0d6ea13e630080adca183706df7205d586a4f112f4c
TENX127,HEST_exposed_development,Bowel,Mus musculus,no_sharing,781094,2.593840867420788,6.471782570960439,4453,541,2409073,965538,True,Independent per-gene q1 exceptions; fixed eight tail classes retained,08b2b116065a6b8507ba7c1e9936dab45ac1f1a63af02bf511c388fb3ae260bf,5dd6cf46cc445c2306a28d61784ccf408a027581fb96751dc9a0dad0db76414b,97f64c1a639f4d9f6429c0d6ea13e630080adca183706df7205d586a4f112f4c
TENX126,HEST_exposed_development,Pancreas,Homo sapiens,full,353871,2.38942597422328,5.505192168576296,2190,541,1184790,514236,True,"Production Shared K32 anchor, support M6, value context M6",f8ccc74bf9fbbe7b24984410cb2b6aef218eab429da7ddd241af2afa4834b332,67d8a11c3889bafbe48660f19a2d9e2c070ef0f49410d5c2e702b9685fa4f956,e5dd75dea1d6411ea8cc004efd3bc8a9ef944484f3c934e2aa1ceffd50dd9ecf
TENX126,HEST_exposed_development,Pancreas,Homo sapiens,no_support,373391,2.5212299226023176,5.8088659681546995,2190,541,1184790,514236,True,Gene-only support probabilities; value spatial context retained,b0fac827b357cf057827e52418d2d603b8a33a91d96d907751357def5ac5ab3f,67d8a11c3889bafbe48660f19a2d9e2c070ef0f49410d5c2e702b9685fa4f956,e5dd75dea1d6411ea8cc004efd3bc8a9ef944484f3c934e2aa1ceffd50dd9ecf
TENX126,HEST_exposed_development,Pancreas,Homo sapiens,no_value,2165242,14.620258442424396,33.68479841940277,2190,541,1184790,514236,True,Fixed-width lossless positive uint32 stream; no positive-value model,4883f7548cf991cf93f140212242830b4196c30d725bcb18e54ac5a47f2534d7,67d8a11c3889bafbe48660f19a2d9e2c070ef0f49410d5c2e702b9685fa4f956,e5dd75dea1d6411ea8cc004efd3bc8a9ef944484f3c934e2aa1ceffd50dd9ecf
TENX126,HEST_exposed_development,Pancreas,Homo sapiens,no_spatial,372685,2.5164628330759036,5.79788268421503,2190,541,1184790,514236,True,No support or value spatial predecessors; active model families retained,1a7b07191393f4d7155ed7015d4e48a99590c03de62bc363dc5562a94423022e,67d8a11c3889bafbe48660f19a2d9e2c070ef0f49410d5c2e702b9685fa4f956,e5dd75dea1d6411ea8cc004efd3bc8a9ef944484f3c934e2aa1ceffd50dd9ecf
TENX126,HEST_exposed_development,Pancreas,Homo sapiens,no_sharing,353809,2.3890073346331415,5.504227630893209,2190,541,1184790,514236,True,Independent per-gene q1 exceptions; fixed eight tail classes retained,5c64648f391d7a6de0dc2329465f1636329ce84574ddad31eb80decacbb574e6,67d8a11c3889bafbe48660f19a2d9e2c070ef0f49410d5c2e702b9685fa4f956,e5dd75dea1d6411ea8cc004efd3bc8a9ef944484f3c934e2aa1ceffd50dd9ecf
TENX136,HEST_exposed_development,Bone,Mus musculus,full,1121173,2.1565124898778807,5.99607854934403,7688,541,4159208,1495875,True,"Production Shared K32 anchor, support M6, value context M6",1ef4193be6953d3680434a272e67dd6abe9cbd95b77099258852fb6ca4074ed4,974815f13f2d7f0c5cb45faae02b15c73d5f6cf35c47d7307ed802b80b52e0ee,2f06d7b399055565a42e3c57128991196fc2e6f5261c3de9e141e329a94a54bc
TENX136,HEST_exposed_development,Bone,Mus musculus,no_support,1209720,2.3268276075637475,6.469631486588117,7688,541,4159208,1495875,True,Gene-only support probabilities; value spatial context retained,5b739027cf2ead96fe8cdcfbeaf912aa33fda4b7efb69bd4c224824678154d82,974815f13f2d7f0c5cb45faae02b15c73d5f6cf35c47d7307ed802b80b52e0ee,2f06d7b399055565a42e3c57128991196fc2e6f5261c3de9e141e329a94a54bc
TENX136,HEST_exposed_development,Bone,Mus musculus,no_value,6399896,12.309835911067683,34.22690264895128,7688,541,4159208,1495875,True,Fixed-width lossless positive uint32 stream; no positive-value model,d5047f2a92c156fff42be82a8d64ed37214690c08ae653ec4a911a8aa187cb38,974815f13f2d7f0c5cb45faae02b15c73d5f6cf35c47d7307ed802b80b52e0ee,2f06d7b399055565a42e3c57128991196fc2e6f5261c3de9e141e329a94a54bc
TENX136,HEST_exposed_development,Bone,Mus musculus,no_spatial,1238466,2.38211890340661,6.62336625720732,7688,541,4159208,1495875,True,No support or value spatial predecessors; active model families retained,8503161dfc4107ba41b219b7e52383c9c20c227e21bc1dba674985660e6afb6d,974815f13f2d7f0c5cb45faae02b15c73d5f6cf35c47d7307ed802b80b52e0ee,2f06d7b399055565a42e3c57128991196fc2e6f5261c3de9e141e329a94a54bc
TENX136,HEST_exposed_development,Bone,Mus musculus,no_sharing,1121174,2.1565144133209975,5.996083897384474,7688,541,4159208,1495875,True,Independent per-gene q1 exceptions; fixed eight tail classes retained,75f1555870733520735fb89bc9a99aab120368d983c742eb230f210df076df9d,974815f13f2d7f0c5cb45faae02b15c73d5f6cf35c47d7307ed802b80b52e0ee,2f06d7b399055565a42e3c57128991196fc2e6f5261c3de9e141e329a94a54bc
TENX117,HEST_exposed_development,Skin,Homo sapiens,full,299509,2.42020140803814,6.698589312772227,1830,541,990030,357698,True,"Production Shared K32 anchor, support M6, value context M6",658653d14d5316d7ff59a4d2d8c1df88803cb36257b54728387eed450bbf92cd,cfdd976068615b3dd40ad3475f430d90bf6f6dc940871d9cb46f6f293a1583f5,18d5a3979b47b8672faaf60ef448823cd511f69091e2c768cc0d7912f34bb123
TENX117,HEST_exposed_development,Skin,Homo sapiens,no_support,346782,2.802193872912942,7.755861089522447,1830,541,990030,357698,True,Gene-only support probabilities; value spatial context retained,0769824df5f7f808a4d96ead6cdb1719e03dec78f53d570dd12dac6c26cfd0d5,cfdd976068615b3dd40ad3475f430d90bf6f6dc940871d9cb46f6f293a1583f5,18d5a3979b47b8672faaf60ef448823cd511f69091e2c768cc0d7912f34bb123
TENX117,HEST_exposed_development,Skin,Homo sapiens,no_value,1507381,12.18048745997596,33.712931020022474,1830,541,990030,357698,True,Fixed-width lossless positive uint32 stream; no positive-value model,6c49d841220ae5d26c47842de14cdd412b81d5be8ef22fd613cd56aae2b89325,cfdd976068615b3dd40ad3475f430d90bf6f6dc940871d9cb46f6f293a1583f5,18d5a3979b47b8672faaf60ef448823cd511f69091e2c768cc0d7912f34bb123
TENX117,HEST_exposed_development,Skin,Homo sapiens,no_spatial,354527,2.8647778350151007,7.929079838299348,1830,541,990030,357698,True,No support or value spatial predecessors; active model families retained,a0d159dee4ab0fcfeee97366d82acbdc64faed12c76b231293ef6e19917ce837,cfdd976068615b3dd40ad3475f430d90bf6f6dc940871d9cb46f6f293a1583f5,18d5a3979b47b8672faaf60ef448823cd511f69091e2c768cc0d7912f34bb123
TENX117,HEST_exposed_development,Skin,Homo sapiens,no_sharing,300180,2.425623465955577,6.713596385777946,1830,541,990030,357698,True,Independent per-gene q1 exceptions; fixed eight tail classes retained,25fd4b8d422b79d834c2cc311bcb1d92f9748c01fc3f23327303578e65383327,cfdd976068615b3dd40ad3475f430d90bf6f6dc940871d9cb46f6f293a1583f5,18d5a3979b47b8672faaf60ef448823cd511f69091e2c768cc0d7912f34bb123
TENX137,HEST_exposed_development,Bone,Mus musculus,full,902237,1.4501920758659488,6.108624727168707,9200,541,4977200,1181591,True,"Production Shared K32 anchor, support M6, value context M6",513f754284342c22395f5eda460bcc402b6909ee758d91d575ec79889ac6425c,d14747ab034d5975f2d7afad8581aaf65bfdefa6e6fb31ceade56a298c021ac2,b094f8e8b1b371911612aabd4b8f0ef352d83d2de6ab9fca2752cbb97637d091
TENX137,HEST_exposed_development,Bone,Mus musculus,no_support,1123915,1.8065016475126576,7.609502780572973,9200,541,4977200,1181591,True,Gene-only support probabilities; value spatial context retained,0499942e0db83206f7493acf22b07a2cfde477da426233be8d94210632e76358,d14747ab034d5975f2d7afad8581aaf65bfdefa6e6fb31ceade56a298c021ac2,b094f8e8b1b371911612aabd4b8f0ef352d83d2de6ab9fca2752cbb97637d091
TENX137,HEST_exposed_development,Bone,Mus musculus,no_value,5070940,8.150671060033753,34.33296292879685,9200,541,4977200,1181591,True,Fixed-width lossless positive uint32 stream; no positive-value model,60529d9f4af8ffc04fc8a4b481ffc84929552af09a77b99be38e7754230bf498,d14747ab034d5975f2d7afad8581aaf65bfdefa6e6fb31ceade56a298c021ac2,b094f8e8b1b371911612aabd4b8f0ef352d83d2de6ab9fca2752cbb97637d091
TENX137,HEST_exposed_development,Bone,Mus musculus,no_spatial,1135758,1.8255372498593587,7.689686194292272,9200,541,4977200,1181591,True,No support or value spatial predecessors; active model families retained,3696c6019fec7c393ee0f16a975828417029f9584479b26f05d9c91075d33681,d14747ab034d5975f2d7afad8581aaf65bfdefa6e6fb31ceade56a298c021ac2,b094f8e8b1b371911612aabd4b8f0ef352d83d2de6ab9fca2752cbb97637d091
TENX137,HEST_exposed_development,Bone,Mus musculus,no_sharing,902765,1.4510407458008518,6.112199568209304,9200,541,4977200,1181591,True,Independent per-gene q1 exceptions; fixed eight tail classes retained,562f568c5e38fea623af902c1871acfd542018c07dd66c4b337d27624946c993,d14747ab034d5975f2d7afad8581aaf65bfdefa6e6fb31ceade56a298c021ac2,b094f8e8b1b371911612aabd4b8f0ef352d83d2de6ab9fca2752cbb97637d091
TENX111,HEST_exposed_development,Bowel,Homo sapiens,full,1368807,3.046987600807265,5.801151175942383,6643,541,3593863,1887635,True,"Production Shared K32 anchor, support M6, value context M6",715ec90c312a4a6ede73f8942adfe034964d6f0f391e2c04e8f3f0c3b3d267a2,5d7a4ca011a4d1ead58ffa6e7137ba32c6a79de8b20cbb8577b3e6720b0c88d9,db70d65b2b04b143cf643b42863c4e753a7f21a5292f3d2527d64d0bb726e7d9
TENX111,HEST_exposed_development,Bowel,Homo sapiens,no_support,1477265,3.2884169485592523,6.260807836260717,6643,541,3593863,1887635,True,Gene-only support probabilities; value spatial context retained,bd64892e7efaac2cc3cc7dfb7dde39e3e1c52b91850123fec32fef0b4c487ccc,5d7a4ca011a4d1ead58ffa6e7137ba32c6a79de8b20cbb8577b3e6720b0c88d9,db70d65b2b04b143cf643b42863c4e753a7f21a5292f3d2527d64d0bb726e7d9
TENX111,HEST_exposed_development,Bowel,Homo sapiens,no_value,7854198,17.483577977235083,33.286935239068995,6643,541,3593863,1887635,True,Fixed-width lossless positive uint32 stream; no positive-value model,e175109b2ab56663bc86d166fe92ae274c51cccb773cd8fe76176c1d2a48ae47,5d7a4ca011a4d1ead58ffa6e7137ba32c6a79de8b20cbb8577b3e6720b0c88d9,db70d65b2b04b143cf643b42863c4e753a7f21a5292f3d2527d64d0bb726e7d9
TENX111,HEST_exposed_development,Bowel,Homo sapiens,no_spatial,1519591,3.382635342526969,6.440189973167482,6643,541,3593863,1887635,True,No support or value spatial predecessors; active model families retained,bbffb1e9bf028dcb17424a40bae4fba7115aa2bb5eaec85ddc4d54b441f03e96,5d7a4ca011a4d1ead58ffa6e7137ba32c6a79de8b20cbb8577b3e6720b0c88d9,db70d65b2b04b143cf643b42863c4e753a7f21a5292f3d2527d64d0bb726e7d9
TENX111,HEST_exposed_development,Bowel,Homo sapiens,no_sharing,1368848,3.0470788675027403,5.80132493834878,6643,541,3593863,1887635,True,Independent per-gene q1 exceptions; fixed eight tail classes retained,37f97c8718f01e658de69b2bdda56c1ae23e2ccb91c9265d26621c7d58b25613,5d7a4ca011a4d1ead58ffa6e7137ba32c6a79de8b20cbb8577b3e6720b0c88d9,db70d65b2b04b143cf643b42863c4e753a7f21a5292f3d2527d64d0bb726e7d9
TENX131,HEST_exposed_development,Brain,Mus musculus,full,868413,0.22294535895536363,6.277625720964654,1635,19059,31161465,1106677,True,"Production Shared K32 anchor, support M6, value context M6",df56363ac5dd7d2f7a73358ed0b1ffde7bd2710cef7781713c630d458fc1fd56,04e9f8886cb556621c52b054bbd1b3aa384c750a5b1244ae13ac18520fe242ef,7aa9c391d061bf9ddc54ac0720c89c47e53b599969ac15f39fb3419858f0d354
TENX131,HEST_exposed_development,Brain,Mus musculus,no_support,871918,0.22384518827981933,6.302962833780769,1635,19059,31161465,1106677,True,Gene-only support probabilities; value spatial context retained,039c17a23844c710059910898048a381cc0db51bcf034aeee4fc4259434170c2,04e9f8886cb556621c52b054bbd1b3aa384c750a5b1244ae13ac18520fe242ef,7aa9c391d061bf9ddc54ac0720c89c47e53b599969ac15f39fb3419858f0d354
TENX131,HEST_exposed_development,Brain,Mus musculus,no_value,5173876,1.3282754196569384,37.40116402527567,1635,19059,31161465,1106677,True,Fixed-width lossless positive uint32 stream; no positive-value model,b0244e9f13bf1983e51153413f3e07b870735e5a9d5ed1ad05b932c1bbbcccbf,04e9f8886cb556621c52b054bbd1b3aa384c750a5b1244ae13ac18520fe242ef,7aa9c391d061bf9ddc54ac0720c89c47e53b599969ac15f39fb3419858f0d354
TENX131,HEST_exposed_development,Brain,Mus musculus,no_spatial,861565,0.22118729013542848,6.228122568735051,1635,19059,31161465,1106677,True,No support or value spatial predecessors; active model families retained,d76c94406edabef8afdd3dec28994ca297f125da83544ea3ff04aebc83748568,04e9f8886cb556621c52b054bbd1b3aa384c750a5b1244ae13ac18520fe242ef,7aa9c391d061bf9ddc54ac0720c89c47e53b599969ac15f39fb3419858f0d354
TENX131,HEST_exposed_development,Brain,Mus musculus,no_sharing,887206,0.22777003584395022,6.41347746451765,1635,19059,31161465,1106677,True,Independent per-gene q1 exceptions; fixed eight tail classes retained,cf9af838cf77c7d143dc68bef1790b0db0786a0317b13e81d7d324d5402f2f63,04e9f8886cb556621c52b054bbd1b3aa384c750a5b1244ae13ac18520fe242ef,7aa9c391d061bf9ddc54ac0720c89c47e53b599969ac15f39fb3419858f0d354
TENX129,HEST_exposed_development,Bowel,Mus musculus,full,1133943,0.2722950039639645,6.018098989171256,1748,19059,33315132,1507377,True,"Production Shared K32 anchor, support M6, value context M6",443a0995b9d04a5a3b1800fa6e106ae63d26f6ece5eb888e639a6a635bb676ee,27023d7cd56d98f69b2c473b8d0a24981f102c1214d712252d6fa89dfe6ba27b,0b930a6fd8d41e166ab9f1ca1b1247b41d6fb1b25c0dc30c5454112361144372
TENX129,HEST_exposed_development,Bowel,Mus musculus,no_support,1134634,0.2724609345687119,6.021766286735169,1748,19059,33315132,1507377,True,Gene-only support probabilities; value spatial context retained,baaaeb5add80d07b8edfb90abf694fc9a92b54a97149830cae79ad0238686b78,27023d7cd56d98f69b2c473b8d0a24981f102c1214d712252d6fa89dfe6ba27b,0b930a6fd8d41e166ab9f1ca1b1247b41d6fb1b25c0dc30c5454112361144372
TENX129,HEST_exposed_development,Bowel,Mus musculus,no_value,6969037,1.673482668476295,36.98629871624683,1748,19059,33315132,1507377,True,Fixed-width lossless positive uint32 stream; no positive-value model,21327ff344a0b9c87f3ebfdf0a4eeeb537ca181ea4955a0d683d495a27efe6e1,27023d7cd56d98f69b2c473b8d0a24981f102c1214d712252d6fa89dfe6ba27b,0b930a6fd8d41e166ab9f1ca1b1247b41d6fb1b25c0dc30c5454112361144372
TENX129,HEST_exposed_development,Bowel,Mus musculus,no_spatial,1122320,0.2695039599422869,5.956413027397923,1748,19059,33315132,1507377,True,No support or value spatial predecessors; active model families retained,346809143423fa666c43132971da59f2227a6d324b66aa9850b79ae7297f5ada,27023d7cd56d98f69b2c473b8d0a24981f102c1214d712252d6fa89dfe6ba27b,0b930a6fd8d41e166ab9f1ca1b1247b41d6fb1b25c0dc30c5454112361144372
TENX129,HEST_exposed_development,Bowel,Mus musculus,no_sharing,1153128,0.27690191952413695,6.119918242085424,1748,19059,33315132,1507377,True,Independent per-gene q1 exceptions; fixed eight tail classes retained,793caa7f80425011517f8389f11740ca3bc3f0ef071e38cdf905765b792ec053,27023d7cd56d98f69b2c473b8d0a24981f102c1214d712252d6fa89dfe6ba27b,0b930a6fd8d41e166ab9f1ca1b1247b41d6fb1b25c0dc30c5454112361144372
TENX128,HEST_exposed_development,Bowel,Homo sapiens,full,1910181,0.3707675094317786,5.394551454484608,2279,18085,41215715,2832756,True,"Production Shared K32 anchor, support M6, value context M6",59a33a26d08f7082f02698a15703fa4295d65b774a6acbb0a1fb9288f8856157,c18a16faf022cb92cc5539f7064d6789e2220a360b504cdc5355c6e429551f0f,769ff93e53d6614165d62773f9e4669b0b98b3fdad431e4842645ec35f995971
TENX128,HEST_exposed_development,Bowel,Homo sapiens,no_support,1945235,0.3775715161073877,5.4935476264104635,2279,18085,41215715,2832756,True,Gene-only support probabilities; value spatial context retained,c7421684f0d5814447096a114e37a9419bc98dc1bbf51f2613bf2a523fa8d99e,c18a16faf022cb92cc5539f7064d6789e2220a360b504cdc5355c6e429551f0f,769ff93e53d6614165d62773f9e4669b0b98b3fdad431e4842645ec35f995971
TENX128,HEST_exposed_development,Bowel,Homo sapiens,no_value,12866144,2.49732782750463,36.33533985983968,2279,18085,41215715,2832756,True,Fixed-width lossless positive uint32 stream; no positive-value model,2a6236686ed84afd24d68dcb565a7c8b28fa47df8441992fb394f6d7b969a115,c18a16faf022cb92cc5539f7064d6789e2220a360b504cdc5355c6e429551f0f,769ff93e53d6614165d62773f9e4669b0b98b3fdad431e4842645ec35f995971
TENX128,HEST_exposed_development,Bowel,Homo sapiens,no_spatial,1933673,0.3753273235706332,5.460895325965244,2279,18085,41215715,2832756,True,No support or value spatial predecessors; active model families retained,46fb21f5c3326e413c06c51aaf06043cca3642a145338bf1c0e0ee5a8f474c80,c18a16faf022cb92cc5539f7064d6789e2220a360b504cdc5355c6e429551f0f,769ff93e53d6614165d62773f9e4669b0b98b3fdad431e4842645ec35f995971
TENX128,HEST_exposed_development,Bowel,Homo sapiens,no_sharing,1929138,0.3744470768006815,5.448088010404002,2279,18085,41215715,2832756,True,Independent per-gene q1 exceptions; fixed eight tail classes retained,31e12c1b8b46fdfa4721b073c967d5fe6281e322ac23a09d19d09d0be21ab399,c18a16faf022cb92cc5539f7064d6789e2220a360b504cdc5355c6e429551f0f,769ff93e53d6614165d62773f9e4669b0b98b3fdad431e4842645ec35f995971
