id,species,st_technology,organ,disease_state,study_link,patient,license,source_path,file_exists,source_file_bytes,historical_role,prior_candidate_flag,selected,run_id,result_path,source_h5ad_bytes,source_sha256,archive_sha256,archive_bytes,n_spots,n_genes,n_counts,n_nonzero,dense_int64_bytes,estimated_csr_payload_bytes,count_stream_bytes,model_bytes,graph_index_bytes,identity_coordinates_bytes,manifest_bytes,zip_framing_bytes,full_archive_bits_per_count,full_archive_bits_per_nonzero,count_stream_bits_per_count,count_stream_bits_per_nonzero,exact_recovery
INT1,Homo sapiens,Visium,Lymph node,Cancer,https://pubmed.ncbi.nlm.nih.gov/35231421/,Patient 24,Internal,E:\Hestdata\st\INT1.h5ad,True,26506119,exposure_unresolved,False,True,INT1/INT1,D:\HEST1000BenchRun\COUNT-HEST-1000-001\main_v1\INT1\Shared\RESULT.json,26506119,e4ccb5192ac791475e2d064c6e0c4c895659b4bc099c1d19437f7a02ec7cd80e,b23285942574904036633fd319984f905da5b4b1b7c1e692bf23b9a40c2b41b7,1485643,1084,36601,39675484,2339915,317403872,28083320,1311578,35979,8237,126924,1661,1264,0.29955889132946684,5.0793058722218545,0.2644611468381835,4.484190237679574,True
INT10,Homo sapiens,Visium,Lymph node,Cancer,https://pubmed.ncbi.nlm.nih.gov/35231421/,Patient 15,Internal,E:\Hestdata\st\INT10.h5ad,True,83533555,exposure_unresolved,False,True,INT10/INT10,D:\HEST1000BenchRun\COUNT-HEST-1000-001\main_v1\INT10\Shared\RESULT.json,83533555,a9408788be95841357781985f645e98845fecbacfdc0fe75249d0e2422dc6ba9,420ffefbf35959ce7a8d2635b1f725c59a079f31a27d43f2fd49ded4def46a7b,5076141,1983,36601,72579783,9459231,580638264,113518708,4871708,47466,15948,138089,1666,1264,0.559510187568348,4.2930686437407015,0.5369768603469095,4.120172559481844,True
INT11,Homo sapiens,Visium,Lymph node,Cancer,https://pubmed.ncbi.nlm.nih.gov/35231421/,Patient 14,Internal,E:\Hestdata\st\INT11.h5ad,True,49982411,exposure_unresolved,False,True,INT11/INT11,D:\HEST1000BenchRun\COUNT-HEST-1000-001\main_v1\INT11\Shared\RESULT.json,49982411,f5f0fb8e2bb3819a4a47f30a335fcaff8ac8053d5dafa8697ac09f50ebeb89da,5ffd23ee08e03053e15a613ea815cac8e6203767180c7c492139d516ed401a68,2992152,1439,36601,52668839,5259364,421350712,63118128,2802886,42625,11357,132354,1666,1264,0.4544853551831663,4.551351836457792,0.4257372751277088,4.263459992500994,True
INT12,Homo sapiens,Visium,Lymph node,Cancer,https://pubmed.ncbi.nlm.nih.gov/35231421/,Patient 13,Internal,E:\Hestdata\st\INT12.h5ad,True,60283571,exposure_unresolved,False,True,INT12/INT12,D:\HEST1000BenchRun\COUNT-HEST-1000-001\main_v1\INT12\Shared\RESULT.json,60283571,b396170293d1ea8a7eca05f59950748e9da90fb53d95c28ec76c33691efa1862,5377c2be3bf7cd6b6a2cfe3dd5778352af38d58b2e13556104a677abec981e53,3419718,1451,36601,53108051,6542027,424864408,78510132,3228813,44028,11486,132461,1666,1264,0.5151336470622881,4.181845168171883,0.4863764252994334,3.948394587793661,True
INT13,Homo sapiens,Visium,Lymph node,Cancer,https://pubmed.ncbi.nlm.nih.gov/35231421/,Patient 12,Internal,E:\Hestdata\st\INT13.h5ad,True,139003469,exposure_unresolved,False,True,preflight_v3/INT13,E:\count压缩\baseline\evidence\COUNT-HEST-SHARED-RESUME-001\preflight_v3\INT13\RESULT.json,139003469,462f0d35acbbe082084abe29c8550e73b1741bea1917200a8ec746c2ace48c28,9ede4fbc62e4aab7d7330c64d7216025b74d57fcd552559b520d0dd43e482956,8292210,4359,17943,78213537,16603712,625708296,199261984,8093295,31307,38361,126316,1667,1264,0.8481611054106912,3.9953523645796793,0.8278152668124446,3.8995111454595213,True
INT14,Homo sapiens,Visium,Lymph node,Cancer,https://pubmed.ncbi.nlm.nih.gov/35231421/,Patient 11,Internal,E:\Hestdata\st\INT14.h5ad,True,134840837,exposure_unresolved,False,True,INT14/INT14,D:\HEST1000BenchRun\COUNT-HEST-1000-001\main_v1\INT14\Shared\RESULT.json,134840837,bc3aa69121037ccf86fc6a325c3179494fc8a1aa76065481b3afbf177e8f811e,d72194a6a03224e203d0c9043a4c3f99e53f4ab7810f7dd168fb39148446e42d,8044518,4562,17943,81855966,16077605,654847728,192949512,7842637,31325,40197,127428,1667,1264,0.786212015383216,4.0028439559250275,0.7664816514412646,3.9023906856773753,True
INT16,Homo sapiens,Visium,Lymph node,Cancer,https://pubmed.ncbi.nlm.nih.gov/35231421/,Patient 9,Internal,E:\Hestdata\st\INT16.h5ad,True,106996069,known_exposed,False,True,INT16/INT16,D:\HEST1000BenchRun\COUNT-HEST-1000-001\main_v1\INT16\Shared\RESULT.json,106996069,b15ec999e4c7565ccd2a082731b0872bb24e432084b61f8db53e9029b495b3be,8441aac0b72df8cecaf22c7213e6c59113727af41cc84f4d60fcd952e04f6e93,6253426,3206,17943,57525258,12633890,460202064,151619508,6083856,31314,27281,108044,1667,1264,0.8696598631508963,3.959778658829545,0.8460778741748538,3.852403970590214,True
INT17,Homo sapiens,Visium,Lymph node,Cancer,https://pubmed.ncbi.nlm.nih.gov/35231421/,Patient 8,Internal,E:\Hestdata\st\INT17.h5ad,True,77742597,known_exposed,False,True,INT17/INT17,D:\HEST1000BenchRun\COUNT-HEST-1000-001\main_v1\INT17\Shared\RESULT.json,77742597,4b84c7e021f517bf24c32f24ee6db2e2fdcca5c31823183911d421b883fab1e0,b92d7b9e4a2c5375d2ef29e59d02a6393e9d01b82306de2e79ffa08e3427aecd,4992479,3585,17943,64325655,8979129,514605240,107763892,4813800,30611,30765,114373,1666,1264,0.6209005100686499,4.44807419516971,0.5986787075856437,4.288879244300867,True
INT18,Homo sapiens,Visium,Lymph node,Cancer,https://pubmed.ncbi.nlm.nih.gov/35231421/,Patient 7,Internal,E:\Hestdata\st\INT18.h5ad,True,183946021,exposure_unresolved,False,True,INT18/INT18,D:\HEST1000BenchRun\COUNT-HEST-1000-001\main_v1\INT18\Shared\RESULT.json,183946021,d990f47c26bb2962d3465f801bf12e96a0a6ac92e6772b88d483bd00d21cdd57,4687fe6d66d5e66f68600500934bf95cf6760630c48e757fbc55fc529ed1c622,10835254,4915,17943,88189845,22206365,705518760,266496044,10619289,32584,43733,136715,1669,1264,0.98290264599059,3.903476863502874,0.9633117282380982,3.8256739452855073,True
INT19,Homo sapiens,Visium,Lymph node,Cancer,https://pubmed.ncbi.nlm.nih.gov/35231421/,Patient 6,Internal,E:\Hestdata\st\INT19.h5ad,True,101596765,exposure_unresolved,False,True,INT19/INT19,D:\HEST1000BenchRun\COUNT-HEST-1000-001\main_v1\INT19\Shared\RESULT.json,101596765,ce6db5dc9bc3f71cecec5bb6ff31102acc89a1d5f90a8d396fba96f0ecb7d2ef,e97749c9d3666c4f6712243bf028b0a04cdfa9fe49b26b10cfefc9c325f6c8e2,6548160,4948,17943,88781964,11916225,710255712,143014496,6334543,29854,44016,136816,1667,1264,0.5900441670787999,4.396130485955074,0.5707954827401656,4.252717953882207,True
INT2,Homo sapiens,Visium,Lymph node,Cancer,https://pubmed.ncbi.nlm.nih.gov/35231421/,Patient 23,Internal,E:\Hestdata\st\INT2.h5ad,True,48491639,exposure_unresolved,False,True,INT2/INT2,D:\HEST1000BenchRun\COUNT-HEST-1000-001\main_v1\INT2\Shared\RESULT.json,48491639,31c5c4ec953018c5d2a2a175c7f315f1149f38e987a9ff1763f445967cac7ee2,0dc9808adc6c9605e9f6d4dca6de7c8cdc3b180aefed74d783296d2fc22500c1,3074747,2580,36601,94430580,5037329,755444640,60458272,2870180,40677,21343,139618,1665,1264,0.26048739719696734,4.883138663367035,0.24315682483365028,4.558256965149586,True
INT20,Homo sapiens,Visium,Lymph node,Cancer,https://pubmed.ncbi.nlm.nih.gov/35231421/,Patient 5,Internal,E:\Hestdata\st\INT20.h5ad,True,106244053,exposure_unresolved,False,True,INT20/INT20,D:\HEST1000BenchRun\COUNT-HEST-1000-001\main_v1\INT20\Shared\RESULT.json,106244053,04d700adbcf384a7663995adbed000075acebba9560da98b5bee4560fe7b54b2,fdb8115d630f9a96c7baf80a1007b68c6cf7fda1d784d419bd4a5ad86a0729f3,6848656,4860,17943,87202980,12502436,697623840,150048676,6637506,30293,43187,134739,1667,1264,0.6282955926506182,4.382285820139371,0.608924695004689,4.2471761503118275,True
INT21,Homo sapiens,Visium,Lymph node,Cancer,https://pubmed.ncbi.nlm.nih.gov/35231421/,Patient 4,Internal,E:\Hestdata\st\INT21.h5ad,True,190886677,exposure_unresolved,False,True,INT21/INT21,D:\HEST1000BenchRun\COUNT-HEST-1000-001\main_v1\INT21\Shared\RESULT.json,190886677,23a3f0821cf19a15273db727f9b5c788951ae271fd7578f615248c6d97844b35,bc5cef121455408388f562354d527e7cda16301be65cfc0c7b537a388b18d778,11288579,4975,17943,89266425,23076232,714131400,276934688,11071578,32525,44376,137168,1668,1264,1.0116752407190048,3.9134912493512806,0.9922277496830415,3.8382619831521887,True
INT22,Homo sapiens,Visium,Lymph node,Cancer,https://pubmed.ncbi.nlm.nih.gov/35231421/,Patient 3,Internal,E:\Hestdata\st\INT22.h5ad,True,147139557,exposure_unresolved,False,True,INT22/INT22,D:\HEST1000BenchRun\COUNT-HEST-1000-001\main_v1\INT22\Shared\RESULT.json,147139557,54341ac67af5ad486aa95fe99387c2317f0ca4415347ecb6e7847345fa44fd2a,ada60ba91e23f695e69f1c4a8f00b2f66aadfe2958be352638e58b58e69248d6,8491108,3829,17943,68703747,17634125,549629976,211624820,8303434,32244,33175,119324,1667,1264,0.9887213866224792,3.852125580373282,0.9668682553805981,3.7669842989090756,True
INT23,Homo sapiens,Visium,Lymph node,Cancer,https://pubmed.ncbi.nlm.nih.gov/35231421/,Patient 2,Internal,E:\Hestdata\st\INT23.h5ad,True,213319261,exposure_unresolved,False,True,INT23/INT23,D:\HEST1000BenchRun\COUNT-HEST-1000-001\main_v1\INT23\Shared\RESULT.json,213319261,b0d1f3bb4f219ca6cbd9af0b9b40bd421360a7adf0ab7ced6fc506ce4ae01438,7e1bfc5ee40eb18266796e5b0c61b1ce022260649e4861331a2fa5154f78e248,12115672,4755,17943,85318965,25873625,682551720,310502524,11904708,32694,42126,133211,1669,1264,1.136035534420747,3.7461073197126415,1.1162543286829605,3.680878268893516,True
INT24,Homo sapiens,Visium,Lymph node,Cancer,https://pubmed.ncbi.nlm.nih.gov/35231421/,Patient 1,Internal,E:\Hestdata\st\INT24.h5ad,True,118568605,exposure_unresolved,False,True,INT24/INT24,D:\HEST1000BenchRun\COUNT-HEST-1000-001\main_v1\INT24\Shared\RESULT.json,118568605,718f442b00a702b5d03ff633a26afd0391554dcdb1f2bcec40cd7c5f1f1582be,6ed8a6abb9098651ddac30aaff8eecca3f5bf23f49550f6c44c48a42f3c30fcb,7604645,4510,17943,80922930,14044757,647383440,168555128,7404294,31437,39718,126265,1667,1264,0.7517913649443984,4.3316634100540155,0.731984766246106,4.217541962456168,True
INT26,Homo sapiens,Visium,Prostate,Cancer,None (internal),,Internal,E:\Hestdata\st\INT26.h5ad,True,128853245,known_exposed,False,True,INT26/INT26,D:\HEST1000BenchRun\COUNT-HEST-1000-001\main_v1\INT26\Shared\RESULT.json,128853245,6d4bca3f141da4ccebbfd2989cfcb680c559da109e7a3d466c5b5bc78889f107,5e8088fe9ad6b6db2526eecbc451ba6cc7d2db2867035966f4378d45e5fb8cab,7699313,3894,17943,69870042,15352270,558960336,184242820,7537514,32233,33923,92713,1666,1264,0.8815581361751579,4.0120779532929,0.8630324281184775,3.9277652099656923,True
INT27,Homo sapiens,Visium,Prostate,Cancer,None (internal),,Internal,E:\Hestdata\st\INT27.h5ad,True,207779885,exposure_unresolved,False,True,INT27/INT27,D:\HEST1000BenchRun\COUNT-HEST-1000-001\main_v1\INT27\Shared\RESULT.json,207779885,3d53794d8d143ef6a0713484a565788ba21ec8f05bcb34a404f15745ad7289da,23af08145edc3371f23537f1ec420612ee819b869e86414be5fe0d5d4066f2ce,12200727,4176,17943,74929968,25231538,599439744,302795164,12031922,33776,36546,95551,1668,1264,1.3026272211940622,3.8684053266986735,1.2846045256552092,3.8148834208996694,True
INT35,Homo sapiens,Visium,Prostate,Cancer,None (internal),,Internal,E:\Hestdata\st\INT35.h5ad,True,96434293,exposure_unresolved,False,True,INT35/INT35,D:\HEST1000BenchRun\COUNT-HEST-1000-001\main_v1\INT35\Shared\RESULT.json,96434293,16e3e31f6616f4ca109289d0611955970266936e2d7d306374ebff5c6d5eac6c,d8f166921fa2e3c4bfcf4c793ce0b1414e6eee677033237c0241a922297d6e4f,5961788,3998,17943,71736114,11296103,573888912,135569232,5800024,30537,34757,93540,1666,1264,0.6648576475720444,4.222190962670932,0.6468177520739414,4.107628267907968,True
INT5,Homo sapiens,Visium,Lymph node,Cancer,https://pubmed.ncbi.nlm.nih.gov/35231421/,Patient 20,Internal,E:\Hestdata\st\INT5.h5ad,True,81168311,known_exposed,False,True,INT5/INT5,D:\HEST1000BenchRun\COUNT-HEST-1000-001\main_v1\INT5\Shared\RESULT.json,81168311,d7a98944c791fe955dcd904a93e0b7ffd6dedc6f686bb3801975dc64cc021a61,95ed0bd8b9337da69a3b45feb291951b5ac30a56153814cbb9e515268e237ace,4757970,1186,36601,43408786,9178891,347270288,110151440,4568137,49224,9051,128629,1665,1264,0.8768676461027959,4.146880053374639,0.8418824705210599,3.98142825750954,True
INT6,Homo sapiens,Visium,Lymph node,Cancer,https://pubmed.ncbi.nlm.nih.gov/35231421/,Patient 19,Internal,E:\Hestdata\st\INT6.h5ad,True,54471271,exposure_unresolved,False,True,INT6/INT6,D:\HEST1000BenchRun\COUNT-HEST-1000-001\main_v1\INT6\Shared\RESULT.json,54471271,7279cbce2f3a35b6f9f34fff0b70262c564201042a1171ee9a3e7dc8bf3a66ff,1b2f1dae7d606668b1aabacee1675f895811272f42b2527c07beacff0e0d0f9a,3374988,1678,36601,61416478,5846311,491331824,70162448,3181317,44146,13253,133342,1666,1264,0.4396198687915644,4.618280484907491,0.4143926325439892,4.353264135281205,True
INT7,Homo sapiens,Visium,Lymph node,Cancer,https://pubmed.ncbi.nlm.nih.gov/35231421/,Patient 18,Internal,E:\Hestdata\st\INT7.h5ad,True,93131975,known_exposed,False,True,INT7/INT7,D:\HEST1000BenchRun\COUNT-HEST-1000-001\main_v1\INT7\Shared\RESULT.json,93131975,78cb918ad199314c08b26f8046f470c289a95866303446ff2e43de214a070ad6,e8db88a534ee339eae7f81b72f03ef6429b3817069788a73f21a850c0701f908,5462046,2374,36601,86890774,10649786,695126192,127806932,5253341,46372,19396,140006,1667,1264,0.5028884654658503,4.103027797929461,0.4836730767296422,3.9462509387512577,True
INT8,Homo sapiens,Visium,Lymph node,Cancer,https://pubmed.ncbi.nlm.nih.gov/35231421/,Patient 17,Internal,E:\Hestdata\st\INT8.h5ad,True,87508499,exposure_unresolved,False,True,INT8/INT8,D:\HEST1000BenchRun\COUNT-HEST-1000-001\main_v1\INT8\Shared\RESULT.json,87508499,a9fd585258d7661484cf547305323d9506960f285f20a7d13765f81fc1842701,1d91459ac7517a0ca1269614f9d8bd51fa00994f6df613019ba74816e763d018,5160046,1949,36601,71335349,9932583,570682792,119198796,4959400,47903,15584,134229,1666,1264,0.5786803958861966,4.156055680581778,0.5561786765773025,3.9944493793809728,True
INT9,Homo sapiens,Visium,Lymph node,Cancer,https://pubmed.ncbi.nlm.nih.gov/35231421/,Patient 16,Internal,E:\Hestdata\st\INT9.h5ad,True,60022959,exposure_unresolved,False,True,INT9/INT9,D:\HEST1000BenchRun\COUNT-HEST-1000-001\main_v1\INT9\Shared\RESULT.json,60022959,8079438467f4872fb390a0dedf1989d558903713c780e1d1dc5018f6db2be4f5,4521d50d08772a00c04b553875eaa087814a0517aa079f8a957aa71690b503b4,3540741,1696,36601,62075296,6502723,496602368,78039464,3345562,43717,13522,135010,1666,1264,0.45631563319488644,4.356010243708674,0.4311617942184279,4.115890527706624,True
MEND10,Homo sapiens,Spatial Transcriptomics,Prostate,Cancer,https://www.ncbi.nlm.nih.gov/pmc/articles/PMC9482614/,,CC BY 4.0,E:\Hestdata\st\MEND10.h5ad,True,27600905,exposure_unresolved,False,True,MEND10/MEND10,D:\HEST1000BenchRun\COUNT-HEST-1000-001\main_v1\MEND10\Shared\RESULT.json,27600905,295a4ebb4c716d99651cbd7c3e7150ffe34c3567d125be6ec81d8dd65f860c61,55b2666fd1c9a02a458d62eb1a51cedfbed744e727424fa5171d608835f23de2,116289,129,22185,2861865,33288,22894920,399976,26538,9628,663,76549,1647,1264,0.32507193735553563,27.94736842105263,0.07418379273655466,6.377793799567412,True
MEND11,Homo sapiens,Spatial Transcriptomics,Prostate,Cancer,https://www.ncbi.nlm.nih.gov/pmc/articles/PMC9482614/,,CC BY 4.0,E:\Hestdata\st\MEND11.h5ad,True,43191968,exposure_unresolved,False,True,MEND11/MEND11,D:\HEST1000BenchRun\COUNT-HEST-1000-001\main_v1\MEND11\Shared\RESULT.json,43191968,4dd6b2a900cc8ea94fae532b6332d02907f5816482911c19605b3c11f871c4e4,1e5db80479deb4b55c867a30ed3f8515c7bb0c44e7e45977617187c503635c83,123762,216,22232,4802112,36260,38416896,435988,31803,9848,1184,78016,1647,1264,0.20617928111630882,27.305460562603418,0.05298168805725481,7.016657473800331,True
MEND12,Homo sapiens,Spatial Transcriptomics,Prostate,Cancer,https://www.ncbi.nlm.nih.gov/pmc/articles/PMC9482614/,,CC BY 4.0,E:\Hestdata\st\MEND12.h5ad,True,41370438,exposure_unresolved,False,True,MEND12/MEND12,D:\HEST1000BenchRun\COUNT-HEST-1000-001\main_v1\MEND12\Shared\RESULT.json,41370438,2646c3ce54865073308db71568b8a9d558051361adc8fcc18e7259bc3deaa136,b6e87577c3bd8f312e222fa36138748ad0217d7aad75eeaa8fcc4af322d22581,180922,190,23966,4553540,88958,36428320,1068260,75789,17675,1008,83533,1653,1264,0.3178573154073534,16.270329818566065,0.13315178959666546,6.815710784864768,True
MEND123,Mus musculus,Visium,Brain,Healthy,https://www.biorxiv.org/content/10.1101/2022.10.25.513696v1.full,,CC BY 4.0,E:\Hestdata\st\MEND123.h5ad,True,92625243,exposure_unresolved,True,True,MEND123/MEND123,D:\HEST1000BenchRun\COUNT-HEST-1000-001\main_v1\MEND123\Shared\RESULT.json,92625243,5d089d5663caec7a5ee4af016c0d1819782edc8e0806b5e30be6b7be0badc6e0,0672b92d3f4a0c4c28cf0c564db15bbd1399d6a6ebacd556f8daad3401bc974c,5435878,1490,32285,48104650,10639649,384837200,127681752,5265790,43389,11611,112157,1667,1264,0.9040087392798825,4.0872611493104705,0.8757224093720669,3.959371216099328,True
MEND124,Mus musculus,Visium,Brain,Healthy,https://www.biorxiv.org/content/10.1101/2022.10.25.513696v1.full,,CC BY 4.0,E:\Hestdata\st\MEND124.h5ad,True,94921315,exposure_unresolved,True,True,MEND124/MEND124,D:\HEST1000BenchRun\COUNT-HEST-1000-001\main_v1\MEND124\Shared\RESULT.json,94921315,d288ce60d2ff3c78ceb48ab4be62f66b6fd9c14878418b67bbdc7fd396effd3c,704142be2349a2c52986b30076c3eff835636ebf5484fa7f83bcb027f747a510,5611813,1448,32285,46748680,10927762,373989440,131138940,5441265,43887,11340,112389,1668,1264,0.960337361397156,4.108298112641911,0.9311518528437595,3.9834432704519003,True
MEND13,Homo sapiens,Spatial Transcriptomics,Prostate,Cancer,https://www.ncbi.nlm.nih.gov/pmc/articles/PMC9482614/,,CC BY 4.0,E:\Hestdata\st\MEND13.h5ad,True,37128785,exposure_unresolved,False,True,MEND13/MEND13,D:\HEST1000BenchRun\COUNT-HEST-1000-001\main_v1\MEND13\Shared\RESULT.json,37128785,c851cce642310808b80eeae75104d7dbecc0de397747c99a490aac0b15515ff1,426bd9c95e93b7cf37b2c30e2f8b320c1c1b640cd639f59414af793430a774f1,139105,183,22113,4046679,56856,32373432,683008,45928,12149,964,77152,1648,1264,0.2750008093056059,19.572956240326437,0.0907964283799135,6.462361052483467,True
MEND130,Mus musculus,Visium,Brain,Healthy,https://www.biorxiv.org/content/10.1101/2022.10.25.513696v1.full,,CC BY 4.0,E:\Hestdata\st\MEND130.h5ad,True,169141479,exposure_unresolved,True,True,MEND130/MEND130,D:\HEST1000BenchRun\COUNT-HEST-1000-001\main_v1\MEND130\Shared\RESULT.json,169141479,24d777b37b9d0e916c8da641c29dcabc726f0270727a54b570e47d0bd728b2fa,916766609922428ae5afb4163b01206beba1604c8f39c492401a90aee6d094a4,10702952,4557,32285,147122745,20125747,1176981960,241527196,10414703,43850,40433,201033,1669,1264,0.5819876185697868,4.254431698858184,0.5663136858954065,4.139852498394221,True
MEND131,Mus musculus,Visium,Brain,Healthy,https://www.biorxiv.org/content/10.1101/2022.10.25.513696v1.full,,CC BY 4.0,E:\Hestdata\st\MEND131.h5ad,True,22406727,exposure_unresolved,True,True,MEND131/MEND131,D:\HEST1000BenchRun\COUNT-HEST-1000-001\main_v1\MEND131\Shared\RESULT.json,22406727,18027e965861f3d8754581bef0b1efd6eb43d832d3d023fac0ff43f513235588,982719fa295b1801543b59a3b35be161a2f75046ed1fcecc1f39cb4271d93eb1,1292843,1301,31053,40399953,1873723,323199624,22489884,1122911,30352,10134,126520,1662,1264,0.2560088126835197,5.519889546106868,0.22235887254621312,4.794352206809651,True
MEND139,Homo sapiens,Visium,Prostate,Cancer,https://www.nature.com/articles/s41586-022-05023-2,patient 2,CC BY NC 3.0,E:\Hestdata\st\MEND139.h5ad,True,95598782,exposure_unresolved,False,True,MEND139/MEND139,D:\HEST1000BenchRun\COUNT-HEST-1000-001\main_v1\MEND139\Shared\RESULT.json,95598782,37530683bc84fff8f78f7b4a965950a3a3b44056cc389aaaa4a7f6abaced69f2,9f35bca6e8f412785f36195c5e0a728ec5de3d708ff39731c5b63fa1474d0013,5982467,3749,33538,125733962,10942345,1005871696,131323140,5733541,42876,32477,170642,1667,1264,0.38064286878989784,4.373809818644906,0.36480460227603423,4.19181884687423,True
MEND14,Homo sapiens,Spatial Transcriptomics,Prostate,Cancer,https://www.ncbi.nlm.nih.gov/pmc/articles/PMC9482614/,,CC BY 4.0,E:\Hestdata\st\MEND14.h5ad,True,43649901,exposure_unresolved,False,True,MEND14/MEND14,D:\HEST1000BenchRun\COUNT-HEST-1000-001\main_v1\MEND14\Shared\RESULT.json,43649901,8fcba8b0491a0a470d4373801a957dd5330e810336ccb03bb15222d574bcb67e,ded0e802b7441b3e282977a1f90400ee1c1594e06050fb04459aaed3895ab405,203760,161,29677,4777997,108834,38223976,1306656,79010,18056,851,102925,1654,1264,0.34116388101541295,14.977672418545675,0.1322897440077924,5.807743903559549,True
MEND140,Homo sapiens,Visium,Prostate,Cancer,https://www.nature.com/articles/s41586-022-05023-2,patient 2,CC BY NC 3.0,E:\Hestdata\st\MEND140.h5ad,True,52360086,exposure_unresolved,False,True,MEND140/MEND140,D:\HEST1000BenchRun\COUNT-HEST-1000-001\main_v1\MEND140\Shared\RESULT.json,52360086,25b80ca3e83454ad7f6cb5f791aaf5e2f9d07a09506698ce82274e108e799d8e,a8888d310056789b532df2003a1a984db30e2ba5629acd49ce6a33b8e3393e19,3304427,1935,33538,64896030,5586712,519168240,67048288,3103754,40575,15688,141480,1666,1264,0.4073502801326984,4.731837975539101,0.38261249571044637,4.444480402784321,True
MEND141,Homo sapiens,Visium,Prostate,Cancer,https://www.nature.com/articles/s41586-022-05023-2,patient 2,CC BY NC 3.0,E:\Hestdata\st\MEND141.h5ad,True,37485994,exposure_unresolved,False,True,MEND141/MEND141,D:\HEST1000BenchRun\COUNT-HEST-1000-001\main_v1\MEND141\Shared\RESULT.json,37485994,8bdc8d780237211a2043ba24cdfa3019be9f918695db0f35c3dc0f1fe53b6196,7b2580627efbdb2cfc37888c3c759ab0f364ab4e3b5d83fde3152a0ae93ca5fd,2408090,1794,33538,60167172,3730926,481337376,44778292,2213041,39061,14404,138655,1665,1264,0.32018656286521163,5.163522407037824,0.2942522876095955,4.745290579336069,True
MEND142,Homo sapiens,Visium,Prostate,Cancer,https://www.nature.com/articles/s41586-022-05023-2,patient 2,CC BY NC 3.0,E:\Hestdata\st\MEND142.h5ad,True,63978174,exposure_unresolved,False,True,MEND142/MEND142,D:\HEST1000BenchRun\COUNT-HEST-1000-001\main_v1\MEND142\Shared\RESULT.json,63978174,44db6ed52175d1a4b582b1f4f071eda97b7962d300d1a7bc32aa969d44626c42,20a2735a3b60051aee13a306c70dfab653132b454729bd406f18c44fd9b17cda,4157218,2997,33538,100513386,7012911,804107088,84166924,3928884,41912,25385,158107,1666,1264,0.3308787547959035,4.7423593426467265,0.3127053345909569,4.481886623115565,True
MEND143,Homo sapiens,Visium,Prostate,Cancer,https://www.nature.com/articles/s41586-022-05023-2,patient 2,CC BY NC 3.0,E:\Hestdata\st\MEND143.h5ad,True,63339990,exposure_unresolved,False,True,MEND143/MEND143,D:\HEST1000BenchRun\COUNT-HEST-1000-001\main_v1\MEND143\Shared\RESULT.json,63339990,fd2f5cc6611afb88e71e09bfcc79e244bbfee6108750e630d69cdfa916be4fbe,461ae9c6fd7c0d0ae62b45d92324ae0a15853afb48ef89a22110ceae73884be0,4212167,3816,33538,127981008,6913166,1023848064,82973260,3964253,40442,33018,171524,1666,1264,0.2632995045639897,4.874371019009235,0.24780258020783832,4.587481914943168,True
MEND144,Homo sapiens,Visium,Prostate,Cancer,https://www.nature.com/articles/s41586-022-05023-2,patient 2,CC BY NC 3.0,E:\Hestdata\st\MEND144.h5ad,True,58645262,exposure_unresolved,False,True,MEND144/MEND144,D:\HEST1000BenchRun\COUNT-HEST-1000-001\main_v1\MEND144\Shared\RESULT.json,58645262,696ead4174c92736b12f5d07103ccaba32f90d39d7de7df61d6a988f3c46ab71,c008e1993b3de88b18efeb196f59602b34a81c91910e1086c472a67aff31f5bc,3960369,4074,33538,136633812,6319669,1093070496,75852328,3705785,39337,35503,176814,1666,1264,0.23188222253507793,5.013387884713582,0.21697616106912102,4.6911127782167075,True
MEND145,Homo sapiens,Visium,Prostate,Cancer,https://www.nature.com/articles/s41586-022-05023-2,patient 2,CC BY NC 3.0,E:\Hestdata\st\MEND145.h5ad,True,28583818,exposure_unresolved,False,True,MEND145/MEND145,D:\HEST1000BenchRun\COUNT-HEST-1000-001\main_v1\MEND145\Shared\RESULT.json,28583818,7762618f15fe7612e7f272c85543c72c0947cb58d786cb2b8e8218f3cb3b5f16,db6132b8a8d644ba7f681dc0612cfef8928cd84733483e87c154eaf1962cb16d,1753838,1418,33538,47556884,2629446,380455072,31559028,1570284,36876,11109,132642,1663,1264,0.29502992668737504,5.3359924485994386,0.26415254624335777,4.777535648193574,True
MEND146,Homo sapiens,Visium,Prostate,Cancer,https://www.nature.com/articles/s41586-022-05023-2,patient 2,CC BY NC 3.0,E:\Hestdata\st\MEND146.h5ad,True,28183490,exposure_unresolved,False,True,main_v1/MEND146,E:\count压缩\baseline\evidence\COUNT-HEST-SHARED-RESUME-001\main_v1\MEND146\RESULT.json,28183490,ea61d6666908505113155f38ec78a659d0e2aa9020ec9f02b2400c6e786c3a9d,c101f05af875364c293e5b73810f2aad065634684e344decd9e0a72d977808ed,1800489,1964,33538,65868632,2566360,526949056,30804180,1603805,35604,15859,142294,1663,1264,0.21867634961661264,5.612584360728814,0.19478831744979916,4.999470066553406,True
MEND147,Homo sapiens,Visium,Prostate,Cancer,https://www.nature.com/articles/s41586-022-05023-2,patient 2,CC BY NC 3.0,E:\Hestdata\st\MEND147.h5ad,True,40997182,exposure_unresolved,False,True,MEND147/MEND147,D:\HEST1000BenchRun\COUNT-HEST-1000-001\main_v1\MEND147\Shared\RESULT.json,40997182,2f6d85f6097986c4ce60c68bcc0c2ea31127316362df992873edf382c8407ac5,0b1edde8d1fb7f3dd137e3fe17c18f1de58e51c320329fa3e417dfb4267f067e,2664764,2335,33538,78311230,4164512,626489840,49983488,2457308,37546,19255,147726,1665,1264,0.27222292383863717,5.118994014184615,0.25102994806747386,4.720472410693017,True
MEND148,Homo sapiens,Visium,Prostate,Cancer,https://www.nature.com/articles/s41586-022-05023-2,patient 2,CC BY NC 3.0,E:\Hestdata\st\MEND148.h5ad,True,18895862,exposure_unresolved,False,True,preflight_v3/MEND148,E:\count压缩\baseline\evidence\COUNT-HEST-SHARED-RESUME-001\preflight_v3\MEND148\RESULT.json,18895862,b851df771e6ba664c08679f2731d128a3a13aef44cd25319957dda6be2f043e7,efcb0a6c6bdff60fd035955a1a5ade84f7aedd032ac54aa794a993704df5bd2f,1153928,1633,33538,54767554,1419702,438140432,17042960,969463,32152,13012,136375,1662,1264,0.16855644128273467,6.5023673982286425,0.1416112905097058,5.462909821920375,True
MEND149,Homo sapiens,Visium,Prostate,Cancer,https://www.nature.com/articles/s41586-022-05023-2,patient 2,CC BY NC 3.0,E:\Hestdata\st\MEND149.h5ad,True,38828622,exposure_unresolved,False,True,main_v1/MEND149,E:\count压缩\baseline\evidence\COUNT-HEST-SHARED-RESUME-001\main_v1\MEND149\RESULT.json,38828622,4d5efa9949b3cbcf1d1cdfe3d7547f873c5e6adeea9d64ab6f3dd49ebe795bff,494a59d0867e093a4d4b7c49bb4566928afcd845efa9b052f6794ea0574d65a3,2440841,1851,33538,62078838,3903860,496630704,46853728,2243200,38964,14901,140847,1665,1264,0.3145472536067766,5.0019027321676495,0.2890775758399344,4.596886158827417,True
MEND15,Homo sapiens,Spatial Transcriptomics,Prostate,Cancer,https://www.ncbi.nlm.nih.gov/pmc/articles/PMC9482614/,,CC BY 4.0,E:\Hestdata\st\MEND15.h5ad,True,40168405,exposure_unresolved,False,True,MEND15/MEND15,D:\HEST1000BenchRun\COUNT-HEST-1000-001\main_v1\MEND15\Shared\RESULT.json,40168405,04bbdf8eff68bb1a8f4590a74f47d92422942ae9479be2bc4ada51ec34242e83,d3095b91d9847efbcae8440080e9c8b7996e9aac922a80c270cbf1303bf65d1e,141225,202,21949,4433698,61379,35469584,737360,48677,12185,1141,76308,1650,1264,0.2548211447870378,18.40694700141742,0.08783097089607818,6.344450056208149,True
MEND151,Homo sapiens,Visium,Prostate,Cancer,https://www.nature.com/articles/s41586-022-05023-2,patient 2,CC BY NC 3.0,E:\Hestdata\st\MEND151.h5ad,True,50516666,exposure_unresolved,False,True,MEND151/MEND151,D:\HEST1000BenchRun\COUNT-HEST-1000-001\main_v1\MEND151\Shared\RESULT.json,50516666,884ada77ce5c9a4372a6d397363677c30bc7d63d059281a4ed7127594e70eaf3,2e6cfd319dc85b178ad7c3fa2e34207a99220d554f11696c20feced25ecacd36,3297169,2600,33538,87198800,5347089,697590400,64175472,3081190,39585,21658,151807,1665,1264,0.30249673160639823,4.933030289939068,0.28268187176887755,4.609895215882885,True
MEND152,Homo sapiens,Visium,Prostate,Cancer,https://www.nature.com/articles/s41586-022-05023-2,patient 2,CC BY NC 3.0,E:\Hestdata\st\MEND152.h5ad,True,52689014,exposure_unresolved,False,True,MEND152/MEND152,D:\HEST1000BenchRun\COUNT-HEST-1000-001\main_v1\MEND152\Shared\RESULT.json,52689014,262bda798159e1b9f25523633efd704d91328176226d40d93d6efb9a7ce30a56,d5d137d204dbf20842eb6349d81bab7719aefd90b49736a2265d59d46100680f,3448667,3082,33538,103364116,5607175,826912928,67298432,3221051,38409,26118,160159,1666,1264,0.26691406135568363,4.920362927855828,0.24929742542373215,4.595613299032044,True
MEND153,Homo sapiens,Visium,Prostate,Cancer,https://www.nature.com/articles/s41586-022-05023-2,patient 2,CC BY NC 3.0,E:\Hestdata\st\MEND153.h5ad,True,45285130,exposure_unresolved,False,True,MEND153/MEND153,D:\HEST1000BenchRun\COUNT-HEST-1000-001\main_v1\MEND153\Shared\RESULT.json,45285130,db88b810cfc03d2219983842194f1680e3fe294fb520c07b1d76247b3342e22c,6b6657cd7a2ecc97752133afb03cbbc23173210fc5d7f13cca772ca58cdecb73,2795144,1820,33538,61039160,4744208,488313280,56937780,2598450,38624,14637,140503,1666,1264,0.36634108333076665,4.7133582675970365,0.3405616984244213,4.381679723991866,True
MEND154,Homo sapiens,Visium,Prostate,Cancer,https://www.nature.com/articles/s41586-022-05023-2,patient 1,CC BY NC 3.0,E:\Hestdata\st\MEND154.h5ad,True,70159514,exposure_unresolved,False,True,MEND154/MEND154,D:\HEST1000BenchRun\COUNT-HEST-1000-001\main_v1\MEND154\Shared\RESULT.json,70159514,0a565960a9b97f3574eeee540656ed572f8ac8b4c35394c7378c3db4965214f8,c6a183692fdcd763f7b87a58017698dae8063ac194e40011e3fc61542ef73a40,4794346,2736,33538,91759968,7787904,734079744,93465796,4570263,43768,23005,154380,1666,1264,0.4179902067969335,4.924915355916046,0.39845375708936603,4.694729673093042,True
MEND156,Homo sapiens,Visium,Prostate,Cancer,https://www.nature.com/articles/s41586-022-05023-2,patient 1,CC BY NC 3.0,E:\Hestdata\st\MEND156.h5ad,True,86458998,exposure_unresolved,False,True,MEND156/MEND156,D:\HEST1000BenchRun\COUNT-HEST-1000-001\main_v1\MEND156\Shared\RESULT.json,86458998,d9ced2f4ed3382d2ffa47cac35f40eec8b8c225877acdce3232781fd466f0ef9,e7b6ba17c62a29bf3f1ec2ff3018588db60ecfe5d1a3273edbe241c4598a5b8f,5859963,3554,33538,119194052,9800087,953552416,117615264,5636464,44891,30156,145522,1666,1264,0.3933057330746672,4.783600798645971,0.37830505166482636,4.601154255059164,True
MEND157,Homo sapiens,Visium,Prostate,Cancer,https://www.nature.com/articles/s41586-022-05023-2,patient 1,CC BY NC 3.0,E:\Hestdata\st\MEND157.h5ad,True,68463638,exposure_unresolved,False,True,main_v1/MEND157,E:\count压缩\baseline\evidence\COUNT-HEST-SHARED-RESUME-001\main_v1\MEND157\RESULT.json,68463638,91cb78a63711536977d9a1454bdc82e60218133188cf8fbc528e0caf7afaae9d,048df4226aff9725a4758a130330289e9b088ec2cb8b1ce7c999d29a1b006b59,4802064,3190,33538,106986220,7568663,855889760,90836720,4564434,43703,27282,163715,1666,1264,0.35907906644425797,5.075732926674103,0.3413100490885649,4.824560427647525,True
MEND158,Homo sapiens,Visium,Prostate,Cancer,https://www.nature.com/articles/s41586-022-05023-2,patient 1,CC BY NC 3.0,E:\Hestdata\st\MEND158.h5ad,True,47633806,exposure_unresolved,False,True,MEND158/MEND158,D:\HEST1000BenchRun\COUNT-HEST-1000-001\main_v1\MEND158\Shared\RESULT.json,47633806,739c8e017a8c2597698c810726beb60616e321cbc20b3d335e297257eb1d6672,07de952af374a33cb37030d874411de6e3e8ef7eb096e4ea1f388ce4f8de12cf,3275581,3092,33538,103699496,4962966,829595968,59567964,3064351,40339,25881,142080,1666,1264,0.2526979301808757,5.280037783857476,0.23640238328641444,4.93954784296326,True
MEND159,Homo sapiens,Visium,Prostate,Cancer,https://www.nature.com/articles/s41586-022-05023-2,patient 1,CC BY NC 3.0,E:\Hestdata\st\MEND159.h5ad,True,37201718,exposure_unresolved,False,True,main_v1/MEND159,E:\count压缩\baseline\evidence\COUNT-HEST-SHARED-RESUME-001\main_v1\MEND159\RESULT.json,37201718,c6559485dffb84f81dc534ec81d026caed363b88fba36b4926a3d102f52f1f9a,4e285bdaf131ab8c8b3e98df8f02cc8e35b9bde7f31039c8ff336b66ddd53f2f,2742750,3856,33538,129322528,3640741,1034580224,43704320,2475823,36264,33553,194181,1665,1264,0.16966881439249315,6.026795094734836,0.15315648639346116,5.440261748913202,True
MEND16,Homo sapiens,Spatial Transcriptomics,Prostate,Cancer,https://www.ncbi.nlm.nih.gov/pmc/articles/PMC9482614/,,CC BY 4.0,E:\Hestdata\st\MEND16.h5ad,True,34640625,exposure_unresolved,False,True,MEND16/MEND16,D:\HEST1000BenchRun\COUNT-HEST-1000-001\main_v1\MEND16\Shared\RESULT.json,34640625,2d3255ad1965913f2e0911df2ca11305b52b20e0b8f3c6a2b0d4b7a4f599dc46,a6ec5ce943acdfcefc1c235abb645247abe72f75d98094bf8b02a547ac8939f0,106799,193,19537,3770641,29399,30165128,353564,25943,8638,1021,68286,1647,1264,0.22659065129775016,29.061940882342938,0.05504210026889327,7.059559848974455,True
MEND160,Homo sapiens,Visium,Prostate,Cancer,https://www.nature.com/articles/s41586-022-05023-2,patient 1,CC BY NC 3.0,E:\Hestdata\st\MEND160.h5ad,True,46514046,exposure_unresolved,False,True,MEND160/MEND160,D:\HEST1000BenchRun\COUNT-HEST-1000-001\main_v1\MEND160\Shared\RESULT.json,46514046,0e46bd801b934d807335861993de85a27ab6a97d5aca7656e446b44fac7226a7,04f265170aecf268b68f4e47038636620e75e5eebc2db20b4eb32b09748ea028,3411973,4079,33538,136801502,4799228,1094412016,57607056,3135979,38621,35703,198741,1665,1264,0.1995283940669014,5.68753641210628,0.18338857127460487,5.227472418480639,True
MEND161,Homo sapiens,Visium,Prostate,Cancer,https://www.nature.com/articles/s41586-022-05023-2,patient 1,CC BY NC 3.0,E:\Hestdata\st\MEND161.h5ad,True,65586270,exposure_unresolved,False,True,MEND161/MEND161,D:\HEST1000BenchRun\COUNT-HEST-1000-001\main_v1\MEND161\Shared\RESULT.json,65586270,e4f0a84e74c4f166350c79ea799acafe1dad10aed03b2608676c896ac8185b56,25350f7f5ee05faab6e63cf47eee4cc247fc85beb46eaaed86662e5304c245b2,4506686,2775,33538,93067950,7215514,744543600,86597272,4266816,43640,23392,169908,1666,1264,0.38738887017496354,4.996662469229497,0.366769956789636,4.730713293605972,True
MEND162,Homo sapiens,Visium,Prostate,Cancer,https://www.nature.com/articles/s41586-022-05023-2,patient 1,CC BY NC 3.0,E:\Hestdata\st\MEND162.h5ad,True,26314422,exposure_unresolved,False,True,main_v1/MEND162,E:\count压缩\baseline\evidence\COUNT-HEST-SHARED-RESUME-001\main_v1\MEND162\RESULT.json,26314422,abe8af629e354558568f1822926c64225f8d6d225f218b5995b1c73fc4cf5a07,6a525c873207e7ccc7403f03c801628b2266c2360c63020b4c3a5fefbd6db3ab,1787121,2609,33538,87500642,2323794,700005136,27895968,1571945,35724,21848,154677,1663,1264,0.163392721164263,6.1524248707071285,0.14371963122282005,5.411650086023116,True
MEND17,Homo sapiens,Spatial Transcriptomics,Prostate,Cancer,https://www.ncbi.nlm.nih.gov/pmc/articles/PMC9482614/,,CC BY 4.0,E:\Hestdata\st\MEND17.h5ad,True,55868689,exposure_unresolved,False,True,MEND17/MEND17,D:\HEST1000BenchRun\COUNT-HEST-1000-001\main_v1\MEND17\Shared\RESULT.json,55868689,8b4322351668477b2d45af70a78a753c53d08f5285a69aaa7884184371b6dfd2,637401b5d76ae331be8daaa2c994091a00cab1212ebd0b29bc576ff7eca88a91,408715,261,24393,6366573,479688,50932584,5757304,293786,24573,1457,85978,1657,1264,0.5135761421411488,6.816347292406731,0.36916061435249387,4.899618085088641,True
MEND18,Homo sapiens,Spatial Transcriptomics,Prostate,Cancer,https://www.ncbi.nlm.nih.gov/pmc/articles/PMC9482614/,,CC BY 4.0,E:\Hestdata\st\MEND18.h5ad,True,45548657,exposure_unresolved,False,True,MEND18/MEND18,D:\HEST1000BenchRun\COUNT-HEST-1000-001\main_v1\MEND18\Shared\RESULT.json,45548657,62fbeababeb4f34e096d1eb3c007a0705d13048298e71cd2cd6ff2f739a674d5,c8f9e8ec16eb14c4956ac93c2b0b8d91049fb94a21b1b676f36acaea79e5c298,410142,209,24273,5073057,506508,40584456,6078936,295256,25258,1165,85542,1657,1264,0.6467768842337076,6.477954938520221,0.4656064380904847,4.663397221761552,True
MEND19,Homo sapiens,Spatial Transcriptomics,Prostate,Cancer,https://www.ncbi.nlm.nih.gov/pmc/articles/PMC9482614/,,CC BY 4.0,E:\Hestdata\st\MEND19.h5ad,True,35551811,exposure_unresolved,False,True,MEND19/MEND19,D:\HEST1000BenchRun\COUNT-HEST-1000-001\main_v1\MEND19\Shared\RESULT.json,35551811,17e272863009a6f1e811ada9f99c4c66cc5edfb82ce478ec347f291e7a2a309b,a1413768467949bbe20f53be44eb7787862141bb2d709b96b7a5bc10c56f93db,308470,155,24643,3819665,318565,30557320,3823404,195584,23045,775,86147,1655,1264,0.6460671289236098,7.746488157832782,0.4096359235692135,4.911625570919592,True
MEND2,Homo sapiens,Spatial Transcriptomics,Prostate,Cancer,https://www.ncbi.nlm.nih.gov/pmc/articles/PMC9482614/,,CC BY 4.0,E:\Hestdata\st\MEND2.h5ad,True,42547144,exposure_unresolved,False,True,main_v1/MEND2,E:\count压缩\baseline\evidence\COUNT-HEST-SHARED-RESUME-001\main_v1\MEND2\RESULT.json,42547144,ac5a5d5f2617689e5ed35df46998770ac17a169097b4f4c0c30ed63930c2510e,a40a81f0e39ec0a2a07453204ed258641dc52c62390ef5336102edfc250b4c8a,167205,201,23408,4705008,87081,37640064,1045780,66725,14451,1094,82020,1651,1264,0.28430132318584794,15.360870913287629,0.11345357967510364,6.129925012344828,True
MEND20,Homo sapiens,Spatial Transcriptomics,Prostate,Cancer,https://www.ncbi.nlm.nih.gov/pmc/articles/PMC9482614/,,CC BY 4.0,E:\Hestdata\st\MEND20.h5ad,True,38914117,known_exposed,False,True,MEND20/MEND20,D:\HEST1000BenchRun\COUNT-HEST-1000-001\main_v1\MEND20\Shared\RESULT.json,38914117,f941d8492bd31b2b1dca9a86a01dac7e2c95e50f72af364aa01412ffb4742e99,9a4d674bbbb2ebda4e5b1b8dcf68c6ba0bafdb688612f5aba30aa20d7c5050e9,299204,173,24549,4246977,291406,33975816,3497568,186555,22749,900,86082,1654,1264,0.563608420766112,8.214079325751701,0.35141231045046867,5.121514313363486,True
MEND21,Homo sapiens,Spatial Transcriptomics,Prostate,Cancer,https://www.ncbi.nlm.nih.gov/pmc/articles/PMC9482614/,,CC BY 4.0,E:\Hestdata\st\MEND21.h5ad,True,35308117,exposure_unresolved,False,True,MEND21/MEND21,D:\HEST1000BenchRun\COUNT-HEST-1000-001\main_v1\MEND21\Shared\RESULT.json,35308117,aed92223236f5d5985bd06a4cf2ae6f5ba51643403e8ec6b4ef725ecf64da299,62ebef4f1ac75df09fc48b124364251560db9a2686c0dcaf98ee6ce2134251c4,362212,151,25093,3789043,406750,30312344,4881608,245102,25397,791,88002,1656,1264,0.7647566945004319,7.124022126613399,0.5174963704555477,4.820690842040565,True
MEND22,Homo sapiens,Spatial Transcriptomics,Prostate,Cancer,https://www.ncbi.nlm.nih.gov/pmc/articles/PMC9482614/,,CC BY 4.0,E:\Hestdata\st\MEND22.h5ad,True,35282229,exposure_unresolved,False,True,MEND22/MEND22,D:\HEST1000BenchRun\COUNT-HEST-1000-001\main_v1\MEND22\Shared\RESULT.json,35282229,212acbfa020d7c3f949a7d9ae5c50dd8195d6e4a697af05ef761d6201dd37f77,1f7bba588712543d67d45175d51c5b5fca23e5829411564cd5f785d6a98a5a66,338716,146,25821,3769866,370046,30158928,4441140,219800,25181,743,90072,1656,1264,0.71878629107772,7.322678802094875,0.46643567702406397,4.751841662928393,True
MEND23,Homo sapiens,Spatial Transcriptomics,Prostate,Cancer,https://www.ncbi.nlm.nih.gov/pmc/articles/PMC9482614/,,CC BY 4.0,E:\Hestdata\st\MEND23.h5ad,True,27154019,exposure_unresolved,False,True,MEND23/MEND23,D:\HEST1000BenchRun\COUNT-HEST-1000-001\main_v1\MEND23\Shared\RESULT.json,27154019,dde89358570ca2a66419580968de94833ed4af2268d830130f3a5e3bc93a0d53,bc89cbe6eb6e629bd538e19cb56a61f5d5f7e1725b7ab9041322a3ae44c806a0,302917,117,23803,2784951,331577,22279608,3979396,193255,23426,593,82723,1656,1264,0.8701539093506493,7.308516573827497,0.5551408265351886,4.662687701499199,True
MEND24,Homo sapiens,Spatial Transcriptomics,Prostate,Cancer,https://www.ncbi.nlm.nih.gov/pmc/articles/PMC9482614/,,CC BY 4.0,E:\Hestdata\st\MEND24.h5ad,True,33877677,exposure_unresolved,False,True,MEND24/MEND24,D:\HEST1000BenchRun\COUNT-HEST-1000-001\main_v1\MEND24\Shared\RESULT.json,33877677,82371e92def732905b40a5e19e9cacf3883367c1e413c558cac324354efc2068,0dc13a9f2d6fed18b3657405365e79065c8c2f707c537c2fa9d406941aa02eb4,405730,136,26437,3595432,510916,28763456,6131540,281995,27405,710,92699,1657,1264,0.9027677341693571,6.352981703450274,0.6274517220740095,4.415520359511152,True
MEND25,Mus musculus,Visium,Heart,Diseased,https://www.nature.com/articles/s44161-022-00138-1,,CC BY 4.0,E:\Hestdata\st\MEND25.h5ad,True,33970706,known_exposed,False,True,main_v1/MEND25,E:\count压缩\baseline\evidence\COUNT-HEST-SHARED-RESUME-001\main_v1\MEND25\RESULT.json,33970706,d125ccfb1b4844a3128b8e33627b65940bca472c587b064414ce31a9eb0036f3,24fa927c181cd6143eb3b3c852e4f5acb373c4f3bd4089e8c918a32093f55169,1914975,2278,54848,124943744,2820207,999549952,33851600,1653336,36413,18666,203633,1663,1264,0.12261358199735074,5.43215444823731,0.10586114659730382,4.689970629815471,True
MEND26,Mus musculus,Visium,Heart,Diseased,https://www.nature.com/articles/s44161-022-00138-1,,CC BY 4.0,E:\Hestdata\st\MEND26.h5ad,True,29731192,exposure_unresolved,False,True,MEND26/MEND26,D:\HEST1000BenchRun\COUNT-HEST-1000-001\main_v1\MEND26\Shared\RESULT.json,29731192,4ee19425e5ac684848b1d67db82d40399c781c2a5520ec7afb43fd83b0e95c4c,681d659e0fdc2f2263d86ba7563c86b51ac93f5e31dded15bc35f1b3ba9d661a,1516931,1372,54848,75251456,2301493,602011648,27623408,1279493,35823,10808,187881,1662,1264,0.16126529166425696,5.272858965897354,0.13602320199625106,4.447523411976486,True
MEND28,Mus musculus,Visium,Heart,Healthy,https://www.nature.com/articles/s44161-022-00138-1,,CC BY 4.0,E:\Hestdata\st\MEND28.h5ad,True,43123475,exposure_unresolved,False,True,main_v1/MEND28,E:\count压缩\baseline\evidence\COUNT-HEST-SHARED-RESUME-001\main_v1\MEND28\RESULT.json,43123475,e29d463f998fb7dda845dd8dfc61e84cf55647bb355aed58a64a001db2f715fc,5d2946c31c2ec274fd1d08934f592921a4a05e39c444a8a99986ae58a9ea6f31,2393269,1835,54848,100646080,3952192,805168640,47433648,2139229,39988,14790,196333,1665,1264,0.1902324660831301,4.844438731721536,0.1700397273296685,4.330212702216897,True
MEND29,Mus musculus,Visium,Bowel,Diseased,https://www.nature.com/articles/s44161-022-00138-1,,CC BY 4.0,E:\Hestdata\st\MEND29.h5ad,True,65457377,exposure_unresolved,False,True,MEND29/MEND29,D:\HEST1000BenchRun\COUNT-HEST-1000-001\main_v1\MEND29\Shared\RESULT.json,65457377,be6ded1bd6db31dbe549a0b029804722f754230a993e19877f26e4d84d372879,4272366ed7394526e6d4532102df9f645abd3d95349fb05330825cc481b078f3,3879833,2161,54848,118526528,6748043,948212224,80985164,3600394,45572,17672,213265,1666,1264,0.2618710302557753,4.599654151581428,0.24301017237255107,4.268371141084904,True
MEND3,Homo sapiens,Spatial Transcriptomics,Prostate,Cancer,https://www.ncbi.nlm.nih.gov/pmc/articles/PMC9482614/,,CC BY 4.0,E:\Hestdata\st\MEND3.h5ad,True,43438833,exposure_unresolved,False,True,main_v1/MEND3,E:\count压缩\baseline\evidence\COUNT-HEST-SHARED-RESUME-001\main_v1\MEND3\RESULT.json,43438833,4968c11b4eb2675637872e80e03c196ec023d1c527c31324acbe0d19785d3add,9a2c915ecaa9c85367211b54fab16213b1a2a40fac4674ebc8f0181b16ee0f13,350144,161,29521,4752881,360771,38023048,4329900,216475,26462,834,103452,1657,1264,0.5893587489356455,7.764349130057571,0.36436847461571203,4.800274966668607,True
MEND30,Mus musculus,Visium,Bowel,Diseased,https://www.nature.com/articles/s44161-022-00138-1,,CC BY 4.0,E:\Hestdata\st\MEND30.h5ad,True,56628284,exposure_unresolved,False,True,MEND30/MEND30,D:\HEST1000BenchRun\COUNT-HEST-1000-001\main_v1\MEND30\Shared\RESULT.json,56628284,ed3937a42d5ed253c5bb98b68c26c386f1cd720172fe1986e667e5857455a719,9a1b4367e4c6d76a437cdd00904cd674a1ec3c65f8e5c5aba078a69b02da9891,3298010,1744,54848,95654912,5653936,765239296,67854212,3031274,45691,13957,204158,1666,1264,0.2758256680012418,4.666497816742178,0.2535174774924261,4.289081446977822,True
MEND31,Mus musculus,Visium,Bowel,Healthy,https://www.nature.com/articles/s44161-022-00138-1,,CC BY 4.0,E:\Hestdata\st\MEND31.h5ad,True,55392020,exposure_unresolved,False,True,MEND31/MEND31,D:\HEST1000BenchRun\COUNT-HEST-1000-001\main_v1\MEND31\Shared\RESULT.json,55392020,f322fb3dc055ad30bf739ff873028e592904a3a0d200408e5ef96e488a8e2575,b1c9c613e9fcf4019aa4d19b8aa1294d2aafccba205c8745ebeb288672ebbc1a,3279084,2152,54848,118032896,5488579,944263168,65871560,3012386,44229,17549,201990,1666,1264,0.2222488212099786,4.779501579552741,0.204172640142626,4.390769997115829,True
MEND33,Homo sapiens,Visium,Bowel,Healthy,https://pubmed.ncbi.nlm.nih.gov/34845373/,Patient 1,CC BY 4.0,E:\Hestdata\st\MEND33.h5ad,True,50900670,exposure_unresolved,False,True,main_v1/MEND33,E:\count压缩\baseline\evidence\COUNT-HEST-SHARED-RESUME-001\main_v1\MEND33\RESULT.json,50900670,7a6f64f6be84c766ac3193d4eedc429cd19ede6f49cbe19743141710eb33ca45,72f8ec1a8eecf3605c4c634887712bbab99cc7ef1329e8b6cbc42fd6b48e41d6,3546185,3291,33538,110373558,5376179,882988464,64527316,3331953,41309,27966,142027,1666,1264,0.25703148937175696,5.276885312040392,0.24150371232936063,4.958098307366626,True
MEND34,Homo sapiens,Visium,Bowel,Healthy,https://pubmed.ncbi.nlm.nih.gov/34845373/,Patient 1,CC BY 4.0,E:\Hestdata\st\MEND34.h5ad,True,55189606,exposure_unresolved,False,True,main_v1/MEND34,E:\count压缩\baseline\evidence\COUNT-HEST-SHARED-RESUME-001\main_v1\MEND34\RESULT.json,55189606,0a9ac8cc67778383194ec711900d48e98ea4af9a2d38d7b01bb995720195598d,e0d10b7470f60e88d1bb7fa6246123b2b7db9d4660c2f96bbe685012b976aad0,3836603,3294,33538,110474172,5912332,883793376,70961164,3621332,42091,27945,142305,1666,1264,0.2778280519721841,5.191322814753975,0.262239177497524,4.900038766429219,True
MEND35,Homo sapiens,Visium,Bowel,Healthy,https://pubmed.ncbi.nlm.nih.gov/34845373/,Patient 1,CC BY 4.0,E:\Hestdata\st\MEND35.h5ad,True,58736286,exposure_unresolved,False,True,MEND35/MEND35,D:\HEST1000BenchRun\COUNT-HEST-1000-001\main_v1\MEND35\Shared\RESULT.json,58736286,c63028890e25d9d1a233a711de1646c8b9d3afff8e0b882d7d0b2ef292e5a41c,5c325d7bd86926a11240b290668a0ccf67f37b5a38572f13cecd03963ad36cc0,4049066,3320,33538,111346160,6355083,890769280,76274280,3833178,42424,28196,142338,1666,1264,0.29091733383531143,5.097105419394207,0.2754062106856671,4.8253380797701615,True
MEND37,Homo sapiens,Visium,Skin,Cancer,https://www.ncbi.nlm.nih.gov/pmc/articles/PMC7391009/,Patient 1,CC BY 4.0,E:\Hestdata\st\MEND37.h5ad,True,27214758,exposure_unresolved,False,True,MEND37/MEND37,D:\HEST1000BenchRun\COUNT-HEST-1000-001\main_v1\MEND37\Shared\RESULT.json,27214758,b7586f99906c044d11e7682c87ffb177c6ba1b49c413141488195f60ebc59d98,9d3017f371ee8a782e3211cdb32b8ec3f4ef83bef73efa68761f148dbcd9f6ee,1772496,2363,33538,79250294,2448021,634002352,29385708,1582302,35002,19433,132832,1663,1264,0.17892637723211474,5.792420898350136,0.15972705413559726,5.170877210612164,True
MEND38,Homo sapiens,Visium,Skin,Cancer,https://www.ncbi.nlm.nih.gov/pmc/articles/PMC7391009/,Patient 1,CC BY 4.0,E:\Hestdata\st\MEND38.h5ad,True,40186338,exposure_unresolved,False,True,MEND38/MEND38,D:\HEST1000BenchRun\COUNT-HEST-1000-001\main_v1\MEND38\Shared\RESULT.json,40186338,4a87a04903b499c050c458f6089e6f2d3e1fcfc8a2a88a7b8e6c8e67b6379286,8f17957880812334cfcff736bced30815e919001a7de96626f1bde8032830cb6,2666188,2752,33538,92296576,4058366,738372608,48711404,2465592,38316,22987,136364,1665,1264,0.23109745696308387,5.255687633890092,0.21371037642826535,4.860265436877798,True
MEND39,Homo sapiens,Visium,Skin,Cancer,https://www.ncbi.nlm.nih.gov/pmc/articles/PMC7391009/,Patient 1,CC BY 4.0,E:\Hestdata\st\MEND39.h5ad,True,34190434,exposure_unresolved,False,True,main_v1/MEND39,E:\count压缩\baseline\evidence\COUNT-HEST-SHARED-RESUME-001\main_v1\MEND39\RESULT.json,34190434,2eb626e4a6287c756846a26140c387fb78b6829fa51c63f9e7cabf6bd4e712a9,76ca231935e21afafa2ef246eaaeca08808b3ed1d691f6955f0b78f888ff962e,2274471,2496,33538,83710848,3315606,669686784,39797260,2079081,37731,20632,134100,1663,1264,0.2173645164841718,5.487916236126971,0.1986916677752446,5.0164730067444685,True
MEND4,Homo sapiens,Spatial Transcriptomics,Prostate,Cancer,https://www.ncbi.nlm.nih.gov/pmc/articles/PMC9482614/,,CC BY 4.0,E:\Hestdata\st\MEND4.h5ad,True,30211047,exposure_unresolved,False,True,MEND4/MEND4,D:\HEST1000BenchRun\COUNT-HEST-1000-001\main_v1\MEND4\Shared\RESULT.json,30211047,1341e8a52f68bec4be8166726bf5d6f5f83cbcfa3dd015340fda26220698ff99,ee090afe3596b93ac9d8273fd3453d8d34dda9bfbd2face60bf5d72b9bf7991d,280004,112,27839,3117968,223443,24943744,2681768,154727,24628,571,97160,1654,1264,0.718426872886444,10.02507127097291,0.396994452797463,5.539739441378786,True
MEND40,Homo sapiens,Visium,Skin,Cancer,https://www.ncbi.nlm.nih.gov/pmc/articles/PMC7391009/,Patient 1,CC BY 4.0,E:\Hestdata\st\MEND40.h5ad,True,52185166,exposure_unresolved,False,True,MEND40/MEND40,D:\HEST1000BenchRun\COUNT-HEST-1000-001\main_v1\MEND40\Shared\RESULT.json,52185166,1e19e21efbf6045a28f05349b73f25da34eeac7cb0a8c52951860195ac12fb66,4f93b6662f3bb21b0a3ae850c8cbf6a1fd0a07cd317714f74da0e1b525db9ab3,3431873,2793,33538,93671634,5557469,749373072,66700804,3227491,41627,23250,136575,1666,1264,0.29309816459484417,4.940195617825308,0.2756429763998779,4.64598686920251,True
MEND41,Homo sapiens,Visium,Lung,Healthy,https://pubmed.ncbi.nlm.nih.gov/36776149/,,CC BY 4.0,E:\Hestdata\st\MEND41.h5ad,True,13847478,exposure_unresolved,False,True,MEND41/MEND41,D:\HEST1000BenchRun\COUNT-HEST-1000-001\main_v1\MEND41\Shared\RESULT.json,13847478,044bb67f0b8fc15595a3162af19aa512d766fda9aa019e5d72fd8b187efbade6,a4407c9c55056e2d016b2f8cb5ea6e068ecf28faa4cd106507e1c77bd1de13cc,602734,439,33538,14723182,812404,117785456,9750608,457578,27380,3190,111663,1659,1264,0.3275020304714022,5.935312972363504,0.2486299496942984,4.505915775894752,True
MEND42,Mus musculus,Visium,Brain,Healthy,https://pubmed.ncbi.nlm.nih.gov/36776149/,,CC BY 4.0,E:\Hestdata\st\MEND42.h5ad,True,59178663,known_exposed,False,True,MEND42/MEND42,D:\HEST1000BenchRun\COUNT-HEST-1000-001\main_v1\MEND42\Shared\RESULT.json,59178663,3fadd6d3e2a5b0a4a6e9fc534e4fb73d8ce006fa4ebc8bcdfd915186f92d1cc6,3a13879d0b32f2f61ffc63bd48185c64c1a878518252ad2f7025d13ab2782b28,3736583,3105,31053,96419565,6430804,771356520,77182072,3541455,36818,26301,129079,1666,1264,0.31002695355449905,4.648355633292509,0.29383704437994507,4.405613979216285,True
MEND44,Mus musculus,Visium,Brain,Healthy,https://pubmed.ncbi.nlm.nih.gov/36776149/,,CC BY 4.0,E:\Hestdata\st\MEND44.h5ad,True,28516795,exposure_unresolved,False,True,MEND44/MEND44,D:\HEST1000BenchRun\COUNT-HEST-1000-001\main_v1\MEND44\Shared\RESULT.json,28516795,bd0bc9c35ea09ec1f4c64b77d427b5e7a7cdb2c80b941cab2f55be525e4dd6a1,eff3fa239c7efe3896f406a24379fcc99197774580937bcc3439bedebfa38efa,1852669,2554,31053,79309362,2622068,634474896,31475036,1674110,32194,21146,122292,1663,1264,0.1868802323740796,5.65254295464496,0.16886884047812664,5.107754642518806,True
MEND45,Homo sapiens,Visium,Lung,Healthy,https://pubmed.ncbi.nlm.nih.gov/36776149/,,CC BY 4.0,E:\Hestdata\st\MEND45.h5ad,True,13904438,exposure_unresolved,False,True,MEND45/MEND45,D:\HEST1000BenchRun\COUNT-HEST-1000-001\main_v1\MEND45\Shared\RESULT.json,13904438,05b1b334608d07cef644153b87cb9c21ee05c7ded74c1dc548ed360123630eb2,535e6c7349e3ab00033c2a7ec820e1d21f5ba863d1eb406edc0692ebfcd76fb8,606080,444,33538,14890872,819340,119126976,9833860,459826,27817,3227,112287,1659,1264,0.3256115558578436,5.917738667708155,0.24703778260937304,4.489720994947152,True
MEND46,Mus musculus,Visium,Brain,Healthy,https://pubmed.ncbi.nlm.nih.gov/36776149/,,CC BY 4.0,E:\Hestdata\st\MEND46.h5ad,True,27889891,known_exposed,False,True,MEND46/MEND46,D:\HEST1000BenchRun\COUNT-HEST-1000-001\main_v1\MEND46\Shared\RESULT.json,27889891,32975f09f106c834217f1e02c09200250e28fcb19fc00558ad374fe31d40fefb,a978924cef9319d608e8121643781a427fbc38ce5c39094ade53fba462639244,1766586,2216,31053,68813448,2549624,550507584,30604356,1595970,32476,18018,117195,1663,1264,0.20537683273769394,5.543047916084881,0.18554164005849555,5.0077030966134615,True
MEND47,Homo sapiens,Visium,Lung,Healthy,https://pubmed.ncbi.nlm.nih.gov/36776149/,,CC BY 4.0,E:\Hestdata\st\MEND47.h5ad,True,15836214,exposure_unresolved,False,True,MEND47/MEND47,D:\HEST1000BenchRun\COUNT-HEST-1000-001\main_v1\MEND47\Shared\RESULT.json,15836214,d7216781de0ef75679792ec29bef498dc863769795d6e064c31b424e5da78ae4,f07ebad5cafd2fc9084fa97bf192821c901b58bcbb3dd06d5c2f4dc38cde06fa,743123,533,33538,17875754,1060108,143006032,12723432,593369,29420,3894,113516,1660,1264,0.3325724889702555,5.607904100336947,0.265552546762503,4.477800375056126,True
MEND49,Homo sapiens,Visium,Kidney,Healthy,https://pubmed.ncbi.nlm.nih.gov/36776149/,,CC BY 4.0,E:\Hestdata\st\MEND49.h5ad,True,12247198,exposure_unresolved,False,True,MEND49/MEND49,D:\HEST1000BenchRun\COUNT-HEST-1000-001\main_v1\MEND49\Shared\RESULT.json,12247198,aebbbc0942165dce5b8ac3709681cc4da0e4afe9bed42b657b6c35ec3d33f535,ce6a4d748ee7f689fbb940a106d874a60aff32c224fc5defdf483b5e34c28b56,516715,413,33538,13851194,620667,110809552,7449660,371687,27183,2963,111960,1658,1264,0.29843780976571405,6.660125316796285,0.2146743450420231,4.790807308911219,True
MEND5,Homo sapiens,Spatial Transcriptomics,Prostate,Cancer,https://www.ncbi.nlm.nih.gov/pmc/articles/PMC9482614/,,CC BY 4.0,E:\Hestdata\st\MEND5.h5ad,True,43417885,exposure_unresolved,False,True,MEND5/MEND5,D:\HEST1000BenchRun\COUNT-HEST-1000-001\main_v1\MEND5\Shared\RESULT.json,43417885,0c29d07e9bd2e9fbc80e30b0d63a8d7c2f054139e8d88ef1408c9bf7e6a1cda1,73a7d21733bb5437ea67876e16109711764bdd26eae925ba79bd2920e88368e8,240208,170,28037,4766290,175106,38130320,2101956,117074,21040,890,98287,1653,1264,0.4031781532386825,10.974289858714151,0.1965033600557247,5.3487144929357076,True
MEND50,Mus musculus,Visium,Brain,Healthy,https://pubmed.ncbi.nlm.nih.gov/36776149/,,CC BY 4.0,E:\Hestdata\st\MEND50.h5ad,True,26363127,exposure_unresolved,False,True,main_v1/MEND50,E:\count压缩\baseline\evidence\COUNT-HEST-SHARED-RESUME-001\main_v1\MEND50\RESULT.json,26363127,542bb865d7a80116bbf33a559fa0ba1819ba137486d6a328336b2000a5acb96f,ac06a7a25581c1c771e1bf69ccb43e21705bf865049ee67b68d07b94f7f85f54,1689376,2399,31053,74496147,2355546,595969176,28276152,1513802,31122,19834,121691,1663,1264,0.1814188859995672,5.7375266710987605,0.1625643269845889,5.141235195576737,True
MEND51,Homo sapiens,Visium,Lung,Healthy,https://pubmed.ncbi.nlm.nih.gov/36776149/,,CC BY 4.0,E:\Hestdata\st\MEND51.h5ad,True,13012022,exposure_unresolved,False,True,MEND51/MEND51,D:\HEST1000BenchRun\COUNT-HEST-1000-001\main_v1\MEND51\Shared\RESULT.json,13012022,0ded7b062fbd0370a7c80495404ef8eb88ca680c990d1b2fe4aa74c17d4ce664,ff5055d55ae91cf7429fcb6959d829a573df960ad3fbf745a7412eeb0024ef7c,548135,416,33538,13951808,708233,111614464,8500464,403548,26731,3042,111891,1659,1264,0.3143019169988578,6.19157819531143,0.2313953861750391,4.558364267126779,True
MEND52,Homo sapiens,Visium,Lung,Diseased,https://pubmed.ncbi.nlm.nih.gov/36776149/,,CC BY 4.0,E:\Hestdata\st\MEND52.h5ad,True,19267582,exposure_unresolved,False,True,main_v1/MEND52,E:\count压缩\baseline\evidence\COUNT-HEST-SHARED-RESUME-001\main_v1\MEND52\RESULT.json,19267582,7b0fc37536640ea81acfa0643beec557df7bb89dad264db9fe182d3999e6c7ec,bfb42820ccb92404bc450ec2a4283c22e8e9501738cca1964748ad25b3df7cb6,994725,758,33550,25430900,1413759,203447200,16968144,831133,32998,5656,122014,1660,1264,0.31291853611158077,5.628823583085944,0.2614561026153223,4.703109935993334,True
MEND54,Homo sapiens,Visium,Kidney,Healthy,https://pubmed.ncbi.nlm.nih.gov/36776149/,,CC BY 4.0,E:\Hestdata\st\MEND54.h5ad,True,13510838,exposure_unresolved,False,True,MEND54/MEND54,D:\HEST1000BenchRun\COUNT-HEST-1000-001\main_v1\MEND54\Shared\RESULT.json,13510838,87817668ac4a2868aa0ccefe9b71733f2e645419ebe7702615ceb34c45110b76,bd6b3d7805b57f1de5ffdfdabfb936000a3315513bca977c0c1dd7904e4ffb32,604622,469,33538,15729322,778672,125834576,9345944,457149,28536,3412,112602,1659,1264,0.30751331812013255,6.2118273162512585,0.2325079237363187,4.696704132163478,True
MEND55,Mus musculus,Visium,Brain,Healthy,https://pubmed.ncbi.nlm.nih.gov/36776149/,,CC BY 4.0,E:\Hestdata\st\MEND55.h5ad,True,35784571,exposure_unresolved,False,True,MEND55/MEND55,D:\HEST1000BenchRun\COUNT-HEST-1000-001\main_v1\MEND55\Shared\RESULT.json,35784571,017943f1ce79aa2235d51884554ea2a639156bea1a1f237b4198b5c426990a28,9c400cfc00e7c7c77ad877e5996d0054ae1fbf7d8bcaffdfd7acb5b98c669632,2281044,2536,31053,78750408,3520020,630003264,42250388,2101942,34351,20969,120855,1663,1264,0.23172390421139152,5.184161453628104,0.21352950958679479,4.777113766399054,True
MEND59,Homo sapiens,Visium,Prostate,Cancer,https://www.nature.com/articles/s41467-023-36071-5,,CC BY 4.0,E:\Hestdata\st\MEND59.h5ad,True,144544357,exposure_unresolved,False,True,MEND59/MEND59,D:\HEST1000BenchRun\COUNT-HEST-1000-001\main_v1\MEND59\Shared\RESULT.json,144544357,cd11fdf0fecdbfbb070a475f8ea09ccd96271f38832491fb57637049f51d8a95,122dff0341e6673cbbc21be6b69311bdc5fc9ddaa949c484455fdc104c7a78ee,8525544,3832,17943,68757576,17324298,550060608,207906908,8362548,32168,33079,94819,1666,1264,0.9919539920953583,3.9369186560979266,0.9729892746655292,3.8616504980461546,True
MEND6,Homo sapiens,Spatial Transcriptomics,Prostate,Cancer,https://www.ncbi.nlm.nih.gov/pmc/articles/PMC9482614/,,CC BY 4.0,E:\Hestdata\st\MEND6.h5ad,True,45056213,known_exposed,False,True,MEND6/MEND6,D:\HEST1000BenchRun\COUNT-HEST-1000-001\main_v1\MEND6\Shared\RESULT.json,45056213,5d99e78c2cfdb64e2095efabc1dc6c9ff25fa54a752afc4d201905b879fa84dd,026a31745f03b127853948a44b1ebf1a9081da24821030fafbfb478096df620e,260497,164,30157,4945748,167835,39565984,2014680,127903,23648,861,105167,1654,1264,0.42136720269613415,12.416814132928174,0.2068896352988466,6.096606786427146,True
MEND60,Homo sapiens,Visium,Prostate,Cancer,https://www.nature.com/articles/s41467-023-36071-5,,CC BY 4.0,E:\Hestdata\st\MEND60.h5ad,True,164541725,exposure_unresolved,False,True,MEND60/MEND60,D:\HEST1000BenchRun\COUNT-HEST-1000-001\main_v1\MEND60\Shared\RESULT.json,164541725,e04ce1061d1f0719a54bfdb28ee155cdaa696579f8b7b72ba07f60e2749477ab,590e059d43210e013861610796d5f0c4e6bf733d378f84e3f9d21d041cbe912c,9926611,3954,17943,70946622,19822395,567572976,237884560,9760143,32850,34375,96311,1668,1264,1.1193328979073873,4.006220640845871,1.1005618280176892,3.9390368318258213,True
MEND61,Homo sapiens,Visium,Prostate,Cancer,https://www.nature.com/articles/s41467-023-36071-5,,CC BY 4.0,E:\Hestdata\st\MEND61.h5ad,True,103178019,exposure_unresolved,False,True,MEND61/MEND61,D:\HEST1000BenchRun\COUNT-HEST-1000-001\main_v1\MEND61\Shared\RESULT.json,103178019,3583b16dbe59fd11f8167b793c464a6b71dc42ec3ba60709ff3ffb893f5be2cb,7b0c41caedc1c444873528d93b870d385e0b9c828a9d84d2ac6369db76cfb167,6649547,4248,36601,155481048,11834500,1243848384,142030996,6402255,45143,37102,162116,1667,1264,0.34214058037478623,4.495025222865351,0.3294166115988619,4.327858380159703,True
MEND62,Homo sapiens,Visium,Prostate,Cancer,https://www.nature.com/articles/s41467-023-36071-5,,CC BY 4.0,E:\Hestdata\st\MEND62.h5ad,True,88373275,exposure_unresolved,False,True,MEND62/MEND62,D:\HEST1000BenchRun\COUNT-HEST-1000-001\main_v1\MEND62\Shared\RESULT.json,88373275,d62b564d634b62fc5003304c8b1e788d4de43f63afa8ba1d50c523bbd4329cb8,d1ed22968706cf7839f4b89d418d925396b566788419ac4291ff74582af3273c,5699021,3650,36601,133593650,9996495,1068749200,119972544,5462329,45804,31452,156506,1666,1264,0.3412749632935398,4.560815365785708,0.3271011159587301,4.371395374078615,True
MEND63,Homo sapiens,Visium,Brain,Cancer,https://www.nature.com/articles/s41467-023-36071-5,,CC BY 4.0,E:\Hestdata\st\MEND63.h5ad,True,80736877,known_exposed,False,True,MEND63/MEND63,D:\HEST1000BenchRun\COUNT-HEST-1000-001\main_v1\MEND63\Shared\RESULT.json,80736877,74e0884ee77e71b55660e07fdf1041f3cc7866facf363ce99850919e6c78a186,d8681ff726cabb10e74bd0b7f65fc7525ff1fe1de4fb28edaab2416e983617c6,4340035,1433,17943,25712319,9402568,205698552,112836552,4227572,29872,11179,68483,1665,1264,1.350336389339289,3.692638011232676,1.3153452242094539,3.596950960631181,True
MEND64,Homo sapiens,Visium,Brain,Cancer,https://www.nature.com/articles/s41467-023-36071-5,,CC BY 4.0,E:\Hestdata\st\MEND64.h5ad,True,93948245,exposure_unresolved,False,True,MEND64/MEND64,D:\HEST1000BenchRun\COUNT-HEST-1000-001\main_v1\MEND64\Shared\RESULT.json,93948245,3e8f6cc93a400f42f4af238d1e1c4501128dbc9f67d7125eebcaf3d06c15dd26,26ec303776d1502cfe681ffa68b9f76a59513d3e8cc3bfd347a3de99827750f4,4949045,1943,17943,34863249,11043389,278905992,132528444,4827227,29671,15673,73544,1666,1264,1.1356474550034048,3.5851639383526197,1.1076941222546413,3.496917114845814,True
MEND65,Homo sapiens,Visium,Brain,Cancer,https://www.nature.com/articles/s41467-023-36071-5,,CC BY 4.0,E:\Hestdata\st\MEND65.h5ad,True,44012261,exposure_unresolved,False,True,main_v1/MEND65,E:\count压缩\baseline\evidence\COUNT-HEST-SHARED-RESUME-001\main_v1\MEND65\RESULT.json,44012261,c86faf75025ec8fdba05e05a95c90d4bc49480944d10722ce9cf039d6555c463,f9b5075a7e915dcd82ecd2950df503fbe110501be4ad50fda600e629eff22de4,2662083,1323,17943,23738589,4818966,189908712,57832888,2552388,29166,10200,67400,1665,1264,0.8971326813063741,4.419343070691928,0.86016502497263,4.237237614874228,True
MEND66,Homo sapiens,Visium,Brain,Cancer,https://www.nature.com/articles/s41467-023-36071-5,,CC BY 4.0,E:\Hestdata\st\MEND66.h5ad,True,26811113,exposure_unresolved,False,True,main_v1/MEND66,E:\count压缩\baseline\evidence\COUNT-HEST-SHARED-RESUME-001\main_v1\MEND66\RESULT.json,26811113,62e009a2168b8731cfc2f5eb913ea8e1da7337f58a7a83abf4126487b9e485e3,83773f4622818ff2736ab0d8172536531baf8442085c1ec27ba5d7ff593c50db,1650023,1238,17943,22213434,2672710,177707472,32077476,1543769,27321,9459,66550,1660,1264,0.594243285392074,4.938876271649375,0.5559767121103383,4.620835032607354,True
MEND67,Homo sapiens,Visium,Brain,Cancer,https://www.nature.com/articles/s41467-023-36071-5,,CC BY 4.0,E:\Hestdata\st\MEND67.h5ad,True,15949095,exposure_unresolved,False,True,main_v1/MEND67,E:\count压缩\baseline\evidence\COUNT-HEST-SHARED-RESUME-001\main_v1\MEND67\RESULT.json,15949095,e0d41e687ece4bac13e9ea2f56bdcbd8c6172a25c1bef3d68775a2d4b919cce4,11503cd4c3d98b480ace03a5c0549b66dca2069245d5527c753b7463bddc0e14,876392,1702,36601,62294902,995903,498359216,11957648,695059,28789,13528,136091,1661,1264,0.11254750830172267,7.039978793115393,0.08926046628984183,5.583346972546523,True
MEND68,Homo sapiens,Visium,Brain,Cancer,https://www.nature.com/articles/s41467-023-36071-5,,CC BY 4.0,E:\Hestdata\st\MEND68.h5ad,True,12980535,exposure_unresolved,False,True,MEND68/MEND68,D:\HEST1000BenchRun\COUNT-HEST-1000-001\main_v1\MEND68\Shared\RESULT.json,12980535,1b51a7d9aa1cf7653f8f56ca2667116336be8c6e30096d16a2c90935e7064474,5deddfceb0436481d6302b30590ec5af955db0061ee926c489f20bfc6069f9a9,624243,1490,36601,54535490,631085,436283920,7578984,451225,24833,11782,133481,1658,1264,0.09157236874556367,7.9132668341031716,0.06619175879780305,5.7199901756498726,True
MEND71,Mus musculus,Visium,Brain,Healthy,https://www.nature.com/articles/s41467-023-36071-5,,CC BY 4.0,E:\Hestdata\st\MEND71.h5ad,True,76916735,exposure_unresolved,False,True,main_v1/MEND71,E:\count压缩\baseline\evidence\COUNT-HEST-SHARED-RESUME-001\main_v1\MEND71\RESULT.json,76916735,851c3667f2cb58e56e762c101d472b9bb1f0b5d701788d156b08ab33d2a3262f,76a2f0e5caf941f2468a9d9873f046dd45b0689aa1ec0dc030a8ea0ec2b287c2,4968739,4114,32285,132820490,8609912,1062563920,103335404,4748394,37604,36000,143811,1666,1264,0.29927545064771255,4.616761704416955,0.28600370319368645,4.412025581678419,True
MEND72,Mus musculus,Visium,Brain,Healthy,https://www.nature.com/articles/s41467-023-36071-5,,CC BY 4.0,E:\Hestdata\st\MEND72.h5ad,True,108187471,exposure_unresolved,False,True,main_v1/MEND72,E:\count压缩\baseline\evidence\COUNT-HEST-SHARED-RESUME-001\main_v1\MEND72\RESULT.json,108187471,653aa96b068c4e8e9ed7c0c00cfbe50def2ee73d78d1ec46e38088c449554834,1fb8771c32f2d83f1d2432bb2aa687bebab8df4734974f91ab4d29fc35632a8b,6807308,4394,32285,141860290,12510813,1134882320,150147336,6583642,39881,38325,142529,1667,1264,0.38388800699617914,4.352911677282683,0.37127469568827187,4.209889157483211,True
MEND73,Mus musculus,Visium,Brain,Healthy,https://www.nature.com/articles/s41467-023-36071-5,,CC BY 4.0,E:\Hestdata\st\MEND73.h5ad,True,94749215,exposure_unresolved,False,True,MEND73/MEND73,D:\HEST1000BenchRun\COUNT-HEST-1000-001\main_v1\MEND73\Shared\RESULT.json,94749215,6ee165ddb420bc7ca03f0af4eb35372709eb6c85e319f60cfdb033aa47a01bc4,29152f6d1bd861e9d46bb8e8b39d060756901e19877d11ae195e9dfd7e5e9084,6057037,4332,32285,139858620,10843450,1118868960,130138732,5832143,38985,37972,145006,1667,1264,0.3464662814490805,4.468715768505411,0.3336022048551602,4.302795143612042,True
MEND75,Mus musculus,Visium,Brain,Healthy,https://www.nature.com/articles/s41467-023-36071-5,,CC BY 4.0,E:\Hestdata\st\MEND75.h5ad,True,174062971,exposure_unresolved,False,True,main_v1/MEND75,E:\count压缩\baseline\evidence\COUNT-HEST-SHARED-RESUME-001\main_v1\MEND75\RESULT.json,174062971,d99d7199f603072418b0867ce266ce1c7fc0895fd72d6fda7dbb713b8cec789b,5db0b6d9f08cab61be42a710b752f5f3dec5932936be063efdfc6427903c3129,9828859,4166,19465,81091190,20956662,648729520,251496612,9653561,32681,36444,103241,1668,1264,0.9696598607074332,3.7520704394621625,0.9523659475215495,3.6851521487534606,True
MEND76,Mus musculus,Visium,Brain,Healthy,https://www.nature.com/articles/s41467-023-36071-5,,CC BY 4.0,E:\Hestdata\st\MEND76.h5ad,True,202316195,known_exposed,False,True,MEND76/MEND76,D:\HEST1000BenchRun\COUNT-HEST-1000-001\main_v1\MEND76\Shared\RESULT.json,202316195,1cd2e5acde9ee1a559c73087e6508bc87e21d8a1c46fcd845578db6f7fb99234,abe3715a647710346ce809c3de3db85fd975c12f710b469520cd38b28f160cf4,11363357,4159,19465,80954935,24488300,647639480,293876240,11187664,33353,36211,103196,1669,1264,1.1229316162133909,3.7122567103473902,1.1055695616332717,3.6548601577079665,True
MEND77,Mus musculus,Visium,Brain,Healthy,https://www.nature.com/articles/s41467-023-36071-5,,CC BY 4.0,E:\Hestdata\st\MEND77.h5ad,True,173801411,exposure_unresolved,False,True,MEND77/MEND77,D:\HEST1000BenchRun\COUNT-HEST-1000-001\main_v1\MEND77\Shared\RESULT.json,173801411,b85db4f5dfa8806d899249d75f7826e88aa6f1672de659e261fd8e2c68db1238,953fb811710e71a9fca59804c24c527a4458654ed09dc80f944b82813850e061,9977598,4492,19465,87436780,20916635,699494240,251017592,9800934,32462,39057,102214,1667,1264,0.9128971126338367,3.816138877023001,0.8967332969032025,3.7485700735323824,True
MEND79,Mus musculus,Visium,Bone,Healthy,https://www.nature.com/articles/s41467-023-36071-5,,CC BY 4.0,E:\Hestdata\st\MEND79.h5ad,True,36431263,exposure_unresolved,False,True,main_v1/MEND79,E:\count压缩\baseline\evidence\COUNT-HEST-SHARED-RESUME-001\main_v1\MEND79\RESULT.json,36431263,9ab6b4b9b2b8a391685bd5e4811ef89ef72e9a04ea92b94e3ba9251a9624b5a5,5e67210afa51f169fb2055045d551f22822ebb35cbb5157bf6eff912c51a9c16,2117678,1788,19465,34803420,3811543,278427360,45745672,1997811,27228,14169,75542,1664,1264,0.48677469053328665,4.444767906330848,0.45922176613677623,4.193180557060487,True
MEND8,Homo sapiens,Spatial Transcriptomics,Prostate,Cancer,https://www.ncbi.nlm.nih.gov/pmc/articles/PMC9482614/,,CC BY 4.0,E:\Hestdata\st\MEND8.h5ad,True,30142703,exposure_unresolved,False,True,main_v1/MEND8,E:\count压缩\baseline\evidence\COUNT-HEST-SHARED-RESUME-001\main_v1\MEND8\RESULT.json,30142703,09ef9ca9917dcd5559297b189694ebf714614f81950361519e278f1c0be45a6b,6a873958897c9832b9a517bda0937ef7b86af4428a6cae44abc3c30527db96dd,162398,121,25895,3133295,75889,25066360,911156,54690,14771,637,89386,1650,1264,0.41463826419153,17.119529839634204,0.1396357508629095,5.765262422749015,True
MEND80,Mus musculus,Visium,Bone,Healthy,https://www.nature.com/articles/s41467-023-36071-5,,CC BY 4.0,E:\Hestdata\st\MEND80.h5ad,True,43567331,exposure_unresolved,False,True,main_v1/MEND80,E:\count压缩\baseline\evidence\COUNT-HEST-SHARED-RESUME-001\main_v1\MEND80\RESULT.json,43567331,434dd5ac847f08f7d9124c59012c9508714c0019aa6275948ed890dc22402d93,4d760b3ab2c99c94b272f45d5014f1528adfd8bea97ee9a9662db86fe08463a6,2728751,2935,19465,57129775,4677878,457038200,56146280,2583218,27501,24707,90397,1664,1264,0.38211261990792017,4.666647569688649,0.3617333343252271,4.417760360573747,True
MEND82,Mus musculus,Visium,Bone,Healthy,https://www.nature.com/articles/s41467-023-36071-5,,CC BY 4.0,E:\Hestdata\st\MEND82.h5ad,True,34266491,exposure_unresolved,False,True,main_v1/MEND82,E:\count压缩\baseline\evidence\COUNT-HEST-SHARED-RESUME-001\main_v1\MEND82\RESULT.json,34266491,4694e10179059da8819eecca40fc9ed9e3e42ceae0f6d068f50e6d4eb5bb04eb,a682772a77288f6b9971238c96d1d0f1b041e0e50a117d06e0b95cd97cd8bbf8,1934775,1305,19465,25401825,3551863,203214600,42627580,1822833,27753,10082,71179,1664,1264,0.6093341718557623,4.3577694297330725,0.574079382091641,4.105638083450854,True
MEND83,Mus musculus,Visium,Bone,Healthy,https://www.nature.com/articles/s41467-023-36071-5,,CC BY 4.0,E:\Hestdata\st\MEND83.h5ad,True,9484747,exposure_unresolved,False,True,main_v1/MEND83,E:\count压缩\baseline\evidence\COUNT-HEST-SHARED-RESUME-001\main_v1\MEND83\RESULT.json,9484747,859d9906d14a824a396ecc17f1b27451243a153c50601aba34b3885aec2b613d,f5717287d453a1ae0844ec1b0e0b063441922fb742bd4e3468ffa18e2f79c2d0,340447,1240,32285,40033400,246516,320267200,2963156,196433,19112,9549,112432,1657,1264,0.0680325927850245,11.048272728747829,0.03925382305774678,6.37469373184702,True
MEND84,Mus musculus,Visium,Bone,Healthy,https://www.nature.com/articles/s41467-023-36071-5,,CC BY 4.0,E:\Hestdata\st\MEND84.h5ad,True,16859811,exposure_unresolved,False,True,MEND84/MEND84,D:\HEST1000BenchRun\COUNT-HEST-1000-001\main_v1\MEND84\Shared\RESULT.json,16859811,c39ebc4540d9fe9214c0ce6e73aac7d417036213bf165f510edb3591bad644bf,218659e50c30752ba522549cf8fd3aae64bf252b2dbc07315a410ddc787c00be,907674,1298,32285,41905930,1165722,335247440,13993860,753693,27965,10027,113063,1662,1264,0.17327838804675139,6.2290940721715815,0.14388283472052762,5.172368712265874,True
MEND85,Homo sapiens,Visium,Lung,Healthy,https://www.nature.com/articles/s41467-023-36071-5,,CC BY 4.0,E:\Hestdata\st\MEND85.h5ad,True,11947207,exposure_unresolved,False,True,main_v1/MEND85,E:\count压缩\baseline\evidence\COUNT-HEST-SHARED-RESUME-001\main_v1\MEND85\RESULT.json,11947207,d615b38e84f3d3eb82ab77a2bc6b5f57907c77a306fa22a62a0d97874c2451e4,83a5e9e3d81a7a10284e05c47237990a202d6d64857b1d21797824b18b41c5ec,612831,2462,36601,90111662,478790,720893296,5755332,422807,25510,20131,141461,1658,1264,0.05440636529376187,10.239662482507988,0.037536273606850135,7.064591992313958,True
MEND86,Homo sapiens,Visium,Lung,Healthy,https://www.nature.com/articles/s41467-023-36071-5,,CC BY 4.0,E:\Hestdata\st\MEND86.h5ad,True,14805499,exposure_unresolved,False,True,main_v1/MEND86,E:\count压缩\baseline\evidence\COUNT-HEST-SHARED-RESUME-001\main_v1\MEND86\RESULT.json,14805499,1d8c3fd0173ed4ea92965965994f60dd24015dce0a91e0328f804bf2338dcdcc,16c4aa096be2c107b020c1bbb755f979d650610b713605f97fb3d574629fae30,903742,3236,36601,118440836,826313,947526688,9928704,697429,29239,27250,146901,1659,1264,0.06104259514007483,8.749633613412835,0.04710733382530329,6.752201647559702,True
MEND87,Homo sapiens,Visium,Lung,Healthy,https://www.nature.com/articles/s41467-023-36071-5,,CC BY 4.0,E:\Hestdata\st\MEND87.h5ad,True,24788103,exposure_unresolved,False,True,main_v1/MEND87,E:\count压缩\baseline\evidence\COUNT-HEST-SHARED-RESUME-001\main_v1\MEND87\RESULT.json,24788103,a0d200a528afe241a94b7006dad9b68d9536c84174ef836dac2d876e3e79e9e3,f4e16a38c33705b6727216b5fd2e95106de111a036ab86123e422b6d52b6b4c9,1521212,1508,36601,55194308,2115185,441554464,25388256,1334916,37466,11818,134086,1662,1264,0.22048824309927031,5.753490120249529,0.19348603845164614,5.048886031245494,True
MEND88,Homo sapiens,Visium,Lung,Healthy,https://www.nature.com/articles/s41467-023-36071-5,,CC BY 4.0,E:\Hestdata\st\MEND88.h5ad,True,18931471,exposure_unresolved,False,True,main_v1/MEND88,E:\count压缩\baseline\evidence\COUNT-HEST-SHARED-RESUME-001\main_v1\MEND88\RESULT.json,18931471,8f13d8a3bcde5a062a2f6394e62b554b94c3a45a79cf7b8f9348b00e38cff8bf,08fc1c052918e64d086461c5b30d87090f0a9018071632b708df072e2324f461,1063517,986,36601,36088586,1396288,288708688,16759404,889192,35697,7377,128327,1660,1264,0.23575697867464246,6.093396204794426,0.19711318143636883,5.09460512444424,True
MEND89,Homo sapiens,Visium,Lung,Healthy,https://www.nature.com/articles/s41467-023-36071-5,,CC BY 4.0,E:\Hestdata\st\MEND89.h5ad,True,69931901,exposure_unresolved,False,True,main_v1/MEND89,E:\count压缩\baseline\evidence\COUNT-HEST-SHARED-RESUME-001\main_v1\MEND89\RESULT.json,69931901,5b5e5cf5206d081acf8e01e80d1d98e9629c019bf62ad5cbc66e6dad245290dc,3497225373ccc65f7750a5ddbd44b70ea9cfad3fff7c2eb19cdb03ac3c6f6adf,4422075,3712,17943,66604416,7999118,532835328,96004268,4268072,29244,31740,90090,1665,1264,0.5311449619196421,4.422562587525275,0.5126473295704597,4.268542606822402,True
MEND9,Homo sapiens,Spatial Transcriptomics,Prostate,Cancer,https://www.ncbi.nlm.nih.gov/pmc/articles/PMC9482614/,,CC BY 4.0,E:\Hestdata\st\MEND9.h5ad,True,39427450,exposure_unresolved,False,True,main_v1/MEND9,E:\count压缩\baseline\evidence\COUNT-HEST-SHARED-RESUME-001\main_v1\MEND9\RESULT.json,39427450,87d94a421b1a0cf83bd11e2dc1e670713a1baa335f0a30ecfa245ad2dc2204f7,ba217bd2aca5655e9f2bbb24dbf3d26ce9bfd45ba132d8d42e64c82d040f9c83,123433,177,24338,4307826,28481,34462608,342484,25665,9629,947,84282,1646,1264,0.22922560010548243,34.67097363154384,0.0476620922014956,7.209016537340683,True
MEND90,Homo sapiens,Visium,Lung,Healthy,https://www.nature.com/articles/s41467-023-36071-5,,CC BY 4.0,E:\Hestdata\st\MEND90.h5ad,True,81095585,exposure_unresolved,False,True,main_v1/MEND90,E:\count压缩\baseline\evidence\COUNT-HEST-SHARED-RESUME-001\main_v1\MEND90\RESULT.json,81095585,24302a3fbd53f004bca3680aeb0a4faae21a19ebc3962bc23818a7a76ecb3f31,b9d9e2b66cd1d2baa3f61068ec393e261f19faa801eae500e054877a4fa5749c,4854983,2726,17943,48912618,9410791,391300944,112940400,4716830,30649,22717,81858,1665,1264,0.7940663490962598,4.127162530758572,0.7714704618755022,4.009720330628956,True
MEND91,Homo sapiens,Visium,Bowel,Healthy,https://www.nature.com/articles/s41467-023-36071-5,,CC BY 4.0,E:\Hestdata\st\MEND91.h5ad,True,20720889,exposure_unresolved,False,True,main_v1/MEND91,E:\count压缩\baseline\evidence\COUNT-HEST-SHARED-RESUME-001\main_v1\MEND91\RESULT.json,20720889,6feac06cd009999cd689c4fb861d98e0808dfd9faabe9114471a7885758d8892,e3281777c614460ff2e5ca74c857122ced321d2c3f202ff6d38256ef88b40484,1185974,1154,17943,20706222,1912866,165649776,22959012,1083091,24577,8848,66534,1660,1264,0.45820971107138714,4.959987787957965,0.41846011310030384,4.529709869902021,True
MEND93,Homo sapiens,Visium,Bowel,Healthy,https://www.nature.com/articles/s41467-023-36071-5,,CC BY 4.0,E:\Hestdata\st\MEND93.h5ad,True,15486373,exposure_unresolved,False,True,main_v1/MEND93,E:\count压缩\baseline\evidence\COUNT-HEST-SHARED-RESUME-001\main_v1\MEND93\RESULT.json,15486373,b7d8dc15e3f153b19ac10a0dbe73d4542c3b0a7d55c992267b62ec39e7dc0fc7,6e8279da2f50c8e33f0f1d18459728c30dd532345352f762e50282771df13872,1083334,3742,17943,67142706,1195786,537141648,14364404,932631,21659,32403,93716,1661,1264,0.1290783841807031,7.2476780962479905,0.11112224163262052,6.239450871644258,True
MEND95,Homo sapiens,Visium,Bowel,Healthy,https://www.nature.com/articles/s41467-023-36071-5,,CC BY 4.0,E:\Hestdata\st\MEND95.h5ad,True,14228695,exposure_unresolved,False,True,main_v1/MEND95,E:\count压缩\baseline\evidence\COUNT-HEST-SHARED-RESUME-001\main_v1\MEND95\RESULT.json,14228695,3d12ee3a571c2835c50dabb886aa7e9894c8fe3cb0ef14eeacdb792d68b2c6c4,b3fc333a39ae62ecbf8b643f9b81655458f2752f18d9b0211f066fdb2dbc2be2,765900,1738,36601,63612538,780167,508900304,9368960,587004,29497,13681,132793,1661,1264,0.0963206341491987,7.853703117409478,0.07382242789935531,6.019265106060626,True
MEND96,Homo sapiens,Visium,Bowel,Healthy,https://www.nature.com/articles/s41467-023-36071-5,,CC BY 4.0,E:\Hestdata\st\MEND96.h5ad,True,25944445,exposure_unresolved,False,True,main_v1/MEND96,E:\count压缩\baseline\evidence\COUNT-HEST-SHARED-RESUME-001\main_v1\MEND96\RESULT.json,25944445,65c3bb9726c9cab5501de288a098121d78b81438bcb987de5d02da84a3ea50d6,b99de5b6ee3cea1d3c6e9119b8b04193d7df5b8ddad0191698ee3ed309066bf0,1751971,3360,17943,60288480,2510717,482307840,30142048,1606635,23936,28627,89847,1662,1264,0.23247837729529755,5.5823766677009,0.21319296820885184,5.119286642022976,True
MISC10,Homo sapiens,Visium,Brain,Healthy,https://www.nature.com/articles/s41593-020-00787-0#data-availability,   ,,E:\Hestdata\st\MISC10.h5ad,True,63090667,exposure_unresolved,True,True,main_v1/MISC10,E:\count压缩\baseline\evidence\COUNT-HEST-SHARED-RESUME-001\main_v1\MISC10\RESULT.json,63090667,83775c3d9f3df49b93ee707a36c080b5b149bdfb1bfb1350868c9af4b5ca3e23,dbfacc4f88539535da891c292ccbaf52c0e15dc310d4feb3d54c06566ac26d42,4318387,4789,33538,160613482,6867490,1284907856,82429040,4020628,38194,42551,214085,1665,1264,0.21509462076166183,5.030527310560336,0.2002635370298491,4.683665211015961,True
MISC11,Homo sapiens,Visium,Brain,Healthy,https://www.nature.com/articles/s41593-020-00787-0#data-availability,   ,,E:\Hestdata\st\MISC11.h5ad,True,49864070,exposure_unresolved,True,True,main_v1/MISC11,E:\count压缩\baseline\evidence\COUNT-HEST-SHARED-RESUME-001\main_v1\MISC11\RESULT.json,49864070,2008ba261a010ed9c766e02dc8ae0a2cc815509822e78656cf6a6517f6d4f3ae,fc86d7e98a2f101f90e317d520daa8761c156ec5321e8bbc939bedc66a4d9e97,3423734,4384,33538,147030592,5222930,1176244736,62692700,3139865,36428,38786,205727,1664,1264,0.18628689191430312,5.244158355559044,0.17084145318547042,4.809354136471291,True
MISC12,Homo sapiens,Visium,Brain,Healthy,https://www.nature.com/articles/s41593-020-00787-0#data-availability,   ,,E:\Hestdata\st\MISC12.h5ad,True,55733104,exposure_unresolved,True,True,main_v1/MISC12,E:\count压缩\baseline\evidence\COUNT-HEST-SHARED-RESUME-001\main_v1\MISC12\RESULT.json,55733104,aeb381345bd84d777d62c0284e071404c8b3b34bc01f84c77ca8190db5392b28,041dcfad2a0a369205e6bd5612d688efdf9af6541909c6cb09e9f81c87fd1ba7,3772609,4226,33538,141731588,5959380,1133852704,71529468,3492612,37772,37090,202206,1665,1264,0.21294386400299134,5.0644315348240925,0.19713951134167776,4.6885575345086234,True
MISC13,Homo sapiens,Visium,Lung,Treated,https://www.nature.com/articles/s41588-022-01243-4,   ,Creative Commons Attribution 4.0 International License,E:\Hestdata\st\MISC13.h5ad,True,36141810,exposure_unresolved,True,True,main_v1/MISC13,E:\count压缩\baseline\evidence\COUNT-HEST-SHARED-RESUME-001\main_v1\MISC13\RESULT.json,36141810,f60bdedadabe94ae71fff632f29e441a79f7e09c0c54b207efcd4a0b6088e1ff,ed6fbd8aa598d17ef0f0bf21e533f6e8f00e243c58e4f7690ae95f3e9f01c0e2,2423655,1768,17922,31686096,3979606,253488768,47762348,2305569,28834,14129,72195,1664,1264,0.6119163433702909,4.872150660140727,0.5821023833292684,4.634768366516686,True
MISC14,Homo sapiens,Visium,Lung,Treated,https://www.nature.com/articles/s41588-022-01243-4,   ,Creative Commons Attribution 4.0 International License,E:\Hestdata\st\MISC14.h5ad,True,33645914,exposure_unresolved,True,True,main_v1/MISC14,E:\count压缩\baseline\evidence\COUNT-HEST-SHARED-RESUME-001\main_v1\MISC14\RESULT.json,33645914,e09884666b90518a6322e16c45a309438f3c2f3718d58cdf81777c97b5b87da0,0f44cb133e0b6fb235463dae97846100c7468ea42a5ade54cb78e55584cde9b5,2230115,1670,17922,29929740,3669544,239437920,44041212,2114547,28438,13301,70901,1664,1264,0.5960933840387521,4.86189019671109,0.5652029052039877,4.609939545622018,True
MISC15,Homo sapiens,Visium,Lung,Treated,https://www.nature.com/articles/s41588-022-01243-4,   ,Creative Commons Attribution 4.0 International License,E:\Hestdata\st\MISC15.h5ad,True,80060206,exposure_unresolved,True,True,main_v1/MISC15,E:\count压缩\baseline\evidence\COUNT-HEST-SHARED-RESUME-001\main_v1\MISC15\RESULT.json,80060206,79c0751c2daf7da4ba014b7e731b530f5a26577d410f33983472a146b6a6b142,ed5be3cd9901b82717555d57b7d464ba738be3a6e9c7cb3adb660d2e429859a6,5118291,2501,17922,44822922,9447900,358583376,113384808,4984966,31366,20498,78532,1665,1264,0.9135131350874448,4.333907852538659,0.8897172745676866,4.221015040379344,True
MISC18,Homo sapiens,Visium,Lung,Treated,https://www.nature.com/articles/s41588-022-01243-4,   ,Creative Commons Attribution 4.0 International License,E:\Hestdata\st\MISC18.h5ad,True,17460126,exposure_unresolved,True,True,main_v1/MISC18,E:\count压缩\baseline\evidence\COUNT-HEST-SHARED-RESUME-001\main_v1\MISC18\RESULT.json,17460126,2bbeef9bbe759876de6700fba8372a2ae4de5e54958b4f6cd081dddc21d380bf,f1f2f54ee7e13b25495d0cc8c94ecd39602dcde7ff919539eb297ee9942da091,1161185,2081,33538,69792578,1385831,558340624,16638300,979624,31494,16908,130233,1662,1264,0.133101258990605,6.703183865853773,0.11228976238705497,5.65508492738292,True
MISC2,Homo sapiens,Visium,Brain,Healthy,https://www.nature.com/articles/s41593-020-00787-0#data-availability,   ,,E:\Hestdata\st\MISC2.h5ad,True,59879950,exposure_unresolved,True,True,main_v1/MISC2,E:\count压缩\baseline\evidence\COUNT-HEST-SHARED-RESUME-001\main_v1\MISC2\RESULT.json,59879950,bf3abe54027f59a9cb3207bf49e44ef696eff8d6c3a0485502a17e57fc71f1fb,153f1c7de0a76d4566ef11c2436ad9b1709b7ab54dd9db8aaeef1938d32de66f,3934699,3592,33538,120468496,6492502,963747968,77924396,3672221,40195,30904,188449,1666,1264,0.2612931433957638,4.848299161093828,0.24386266098980766,4.524876234154414,True
MISC20,Homo sapiens,Visium,Lung,Treated,https://www.nature.com/articles/s41588-022-01243-4,   ,Creative Commons Attribution 4.0 International License,E:\Hestdata\st\MISC20.h5ad,True,23009030,exposure_unresolved,True,True,main_v1/MISC20,E:\count压缩\baseline\evidence\COUNT-HEST-SHARED-RESUME-001\main_v1\MISC20\RESULT.json,23009030,32022467288d470c7ca7b7b408d3923025a85ad648b9207634d7a861be5c7fd8,fca6eb89906a31d3d23aa1043ae4cecff1948d555aa3784d2ad6d27555fab2e0,1639422,3316,33538,111212008,2051783,889696064,24634664,1433395,32063,28255,142782,1663,1264,0.117931293894091,6.392184748582087,0.10311080796239197,5.588875626711012,True
MISC21,Homo sapiens,Visium,Lung,Treated,https://www.nature.com/articles/s41588-022-01243-4,   ,Creative Commons Attribution 4.0 International License,E:\Hestdata\st\MISC21.h5ad,True,12325534,exposure_unresolved,True,True,main_v1/MISC21,E:\count压缩\baseline\evidence\COUNT-HEST-SHARED-RESUME-001\main_v1\MISC21\RESULT.json,12325534,f7e35db55fc1ebc6aea4a6cee92f1476149952e0a2387b3fdd31d8618e9c54fb,6f3ec5e451fb6174c248bd55b4b6751d6c26aa396c60c1aaaf9f186f79f73fff,797854,2987,33538,100178006,726567,801424048,8730756,606996,25866,25033,137036,1659,1264,0.06371490364861125,8.784918665449986,0.048473394449476265,6.683441444491699,True
MISC22,Homo sapiens,Visium,Lung,Treated,https://www.nature.com/articles/s41588-022-01243-4,   ,Creative Commons Attribution 4.0 International License,E:\Hestdata\st\MISC22.h5ad,True,34928154,exposure_unresolved,True,True,main_v1/MISC22,E:\count压缩\baseline\evidence\COUNT-HEST-SHARED-RESUME-001\main_v1\MISC22\RESULT.json,34928154,ffb5f11b01e5f99ba1eb536090815e77ff97b6fa4149f2bdd8b2d6666909fb35,bb098d088025b7877a2c59613e9a2bb42452518d8a5c1a01a18273eabd276d5f,2463380,2704,33538,90686752,3554390,725494016,42663500,2266733,38891,22337,132490,1665,1264,0.2173089185066414,5.544422531010947,0.1999615555753943,5.101821690923056,True
MISC23,Homo sapiens,Visium,Lung,Treated,https://www.nature.com/articles/s41588-022-01243-4,   ,Creative Commons Attribution 4.0 International License,E:\Hestdata\st\MISC23.h5ad,True,17147734,exposure_unresolved,True,True,main_v1/MISC23,E:\count压缩\baseline\evidence\COUNT-HEST-SHARED-RESUME-001\main_v1\MISC23\RESULT.json,17147734,790763d3a1deeff4a0bba02a0ec117049e16e6420178e35429d4a5abb98e2c78,bbd371145c1486a6c540d4e5bf4202c94a66a06df0b273b3ba6216634e29be8b,974094,436,33538,14622568,1384266,116980544,16612940,821112,36142,3127,110789,1660,1264,0.5329263642336969,5.629519182006926,0.4492299847742202,4.745400089289197,True
MISC24,Homo sapiens,Visium,Lung,Treated,https://www.nature.com/articles/s41588-022-01243-4,   ,Creative Commons Attribution 4.0 International License,E:\Hestdata\st\MISC24.h5ad,True,10845086,exposure_unresolved,True,True,main_v1/MISC24,E:\count压缩\baseline\evidence\COUNT-HEST-SHARED-RESUME-001\main_v1\MISC24\RESULT.json,10845086,1b0a16aca3482f508137322ea94d463a78ff042b031f4700aec296ee0b94d534,124c74e204c825a87ead556e4d4dde8bb43a89069a7e3d560d689ea1ff4c0427,564041,875,33538,29345750,589297,234766000,7075068,413037,26510,6615,114957,1658,1264,0.15376427591729638,7.657137233008144,0.11259879198861845,5.607182795771911,True
MISC25,Homo sapiens,Visium,Lung,Treated,https://www.nature.com/articles/s41588-022-01243-4,   ,Creative Commons Attribution 4.0 International License,E:\Hestdata\st\MISC25.h5ad,True,9719270,exposure_unresolved,True,True,main_v1/MISC25,E:\count压缩\baseline\evidence\COUNT-HEST-SHARED-RESUME-001\main_v1\MISC25\RESULT.json,9719270,d6e926dbed2c97de5fa7d6315a283036c00bab6e339ac9c243345fb5b7a722bd,24790163520840f61b905d947ae0f81625abac93214017aebac03ed426d23667,535273,2249,33538,75426962,418394,603415696,5029728,360208,22829,18336,130978,1658,1264,0.056772590151516374,10.234812162698319,0.038204693966064816,6.887441024488879,True
MISC26,Homo sapiens,Visium,Lung,Treated,https://www.nature.com/articles/s41588-022-01243-4,   ,Creative Commons Attribution 4.0 International License,E:\Hestdata\st\MISC26.h5ad,True,39703466,exposure_unresolved,True,True,main_v1/MISC26,E:\count压缩\baseline\evidence\COUNT-HEST-SHARED-RESUME-001\main_v1\MISC26\RESULT.json,39703466,3540b28171eb03bb91f05d39697309551e667e17dad39f20bf422c20d0fe08e5,f46ae561eba5970ca6ff85582ccc790b9d2030402a038d6aff9deb1f62f506a0,2730027,2524,33538,84649912,4155405,677199296,49874960,2534158,39185,20860,132895,1665,1264,0.25800636390502096,5.255857371303158,0.239495393686883,4.878769698741759,True
MISC27,Homo sapiens,Visium,Lung,Treated,https://www.nature.com/articles/s41588-022-01243-4,   ,Creative Commons Attribution 4.0 International License,E:\Hestdata\st\MISC27.h5ad,True,15304854,exposure_unresolved,True,True,main_v1/MISC27,E:\count压缩\baseline\evidence\COUNT-HEST-SHARED-RESUME-001\main_v1\MISC27\RESULT.json,15304854,87872755c6b504b7494d024d335e503da7784f2786a3776ac6edccf7d6221c44,91c57c2447cecee961696da1cac436be43e275bb834e8a73f68983e8fae555cc,858263,408,33538,13683504,1155491,109468032,13867528,706451,35323,2927,110638,1660,1264,0.5017796611160417,5.942152729878467,0.4130234477952431,4.891087857888984,True
MISC28,Homo sapiens,Visium,Lung,Treated,https://www.nature.com/articles/s41588-022-01243-4,   ,Creative Commons Attribution 4.0 International License,E:\Hestdata\st\MISC28.h5ad,True,14878990,exposure_unresolved,True,True,main_v1/MISC28,E:\count压缩\baseline\evidence\COUNT-HEST-SHARED-RESUME-001\main_v1\MISC28\RESULT.json,14878990,23f10e4f6cd25bf699beaa11dd42ee4b99a70937aea7288215ac797c576de86f,9a2f26ea57a0b0f1b09416e525df731feba97436647426cfa66fd9d591fbf9c3,852583,863,33538,28943294,1092213,231546352,13110012,698437,29714,6474,115034,1660,1264,0.23565610742163626,6.244811222719378,0.19304976137132146,5.115756725107649,True
MISC29,Homo sapiens,Visium,Lung,Treated,https://www.nature.com/articles/s41588-022-01243-4,   ,Creative Commons Attribution 4.0 International License,E:\Hestdata\st\MISC29.h5ad,True,20087942,exposure_unresolved,True,True,main_v1/MISC29,E:\count压缩\baseline\evidence\COUNT-HEST-SHARED-RESUME-001\main_v1\MISC29\RESULT.json,20087942,bbd6f690d8bd0be1f123985f1a0dea21f6928880cea3f01c990c25d2a916a088,9df01660973c3b0a1383c710bd50c8329f9f52a76ed2ef55b1d5142e0cc7ea36,1287232,2283,33538,76567254,1554141,612538032,18658828,1102303,32756,18651,130596,1662,1264,0.13449425781940672,6.626075755031236,0.11517226411175722,5.674146682958625,True
MISC3,Homo sapiens,Visium,Brain,Healthy,https://www.nature.com/articles/s41593-020-00787-0#data-availability,   ,,E:\Hestdata\st\MISC3.h5ad,True,87232383,exposure_unresolved,True,True,main_v1/MISC3,E:\count压缩\baseline\evidence\COUNT-HEST-SHARED-RESUME-001\main_v1\MISC3\RESULT.json,87232383,87bbfa81ea7af66e9fa70c0a5d97627dbaafdfc7ca2c3664c50e33c756a0eb95,87a8776740e2f1cf60739f91a54fd0079336e39f7d221626d1072447f8212542,5515913,3673,33538,123185074,9904553,985480592,118869332,5247235,43602,31775,190371,1666,1264,0.35821956806228,4.455254467314173,0.34077083072580694,4.2382407363563,True
MISC30,Homo sapiens,Visium,Lung,Treated,https://www.nature.com/articles/s41588-022-01243-4,   ,Creative Commons Attribution 4.0 International License,E:\Hestdata\st\MISC30.h5ad,True,22356334,exposure_unresolved,True,True,main_v1/MISC30,E:\count压缩\baseline\evidence\COUNT-HEST-SHARED-RESUME-001\main_v1\MISC30\RESULT.json,22356334,9048795742727e81f4fba11b0b6f0de0b2c776e624b2652b7c39bbd28c5787aa,c6f05855c8b7ac5b6a99e35e6f905df3ff04819883ea0d49cbb82c3fe24b2383,1484839,2729,33538,91525202,1839831,732201616,22088892,1291657,32845,22729,134681,1663,1264,0.12978624182659548,6.456414746789243,0.11290066314193986,5.616415855586736,True
MISC31,Homo sapiens,Visium,Lung,Treated,https://www.nature.com/articles/s41588-022-01243-4,   ,Creative Commons Attribution 4.0 International License,E:\Hestdata\st\MISC31.h5ad,True,24298218,exposure_unresolved,True,True,main_v1/MISC31,E:\count压缩\baseline\evidence\COUNT-HEST-SHARED-RESUME-001\main_v1\MISC31\RESULT.json,24298218,f0615126a70e0478e293650c024571e4e703b975fd9aade19dc0c962d0af4bb7,cb089672c1047d3c7c1d67117d12742823473492db325de1c4ae1f51350ebf04,1623848,2524,33538,84649912,2073150,677199296,24887900,1432903,34355,20838,132825,1663,1264,0.1534648258110416,6.2662055326435615,0.13541920752380698,5.529375105515761,True
MISC32,Homo sapiens,Visium,Lung,Treated,https://www.nature.com/articles/s41588-022-01243-4,   ,Creative Commons Attribution 4.0 International License,E:\Hestdata\st\MISC32.h5ad,True,18326226,exposure_unresolved,True,True,main_v1/MISC32,E:\count压缩\baseline\evidence\COUNT-HEST-SHARED-RESUME-001\main_v1\MISC32\RESULT.json,18326226,089ac2ea75c3864723402893b8321fbaf30ab5e692771b0576e0f89a528dfc57,7c787d46758cf1297131afd5eae6890bcb94c0b1d0ae40ab96fb33a788065c7b,1131972,1928,33538,64661264,1353291,517290112,16247208,955901,32957,15425,124763,1662,1264,0.14004947382408114,6.691669419215823,0.11826567448480438,5.650823067618125,True
MISC4,Homo sapiens,Visium,Brain,Healthy,https://www.nature.com/articles/s41593-020-00787-0#data-availability,   ,,E:\Hestdata\st\MISC4.h5ad,True,72120949,exposure_unresolved,True,True,main_v1/MISC4,E:\count压缩\baseline\evidence\COUNT-HEST-SHARED-RESUME-001\main_v1\MISC4\RESULT.json,72120949,f3e06363f4a175e40a0db0169f0ab81d582e9a245ea600103c417fe5494726e8,0bf1f9459f5accd17b1652316365d3b09c47aec78f7c567799b19ad82228abad,4648795,3639,33538,122044782,8021506,976358256,96272632,4383060,41708,31470,189627,1666,1264,0.30472716154304735,4.636331382161903,0.2873083095023268,4.371308829040332,True
MISC5,Homo sapiens,Visium,Brain,Healthy,https://www.nature.com/articles/s41593-020-00787-0#data-availability,   ,,E:\Hestdata\st\MISC5.h5ad,True,64490957,exposure_unresolved,True,True,main_v1/MISC5,E:\count压缩\baseline\evidence\COUNT-HEST-SHARED-RESUME-001\main_v1\MISC5\RESULT.json,64490957,f376ba00de14e12fa755d3e4f7ed0232c2b503a812a6e20b9b04d2d0bf7337f5,e9947e1ab22a57dd1819dcb78366ce4ea7e13778cd62ff3b00c7cdbbd53ba5ba,4262852,4015,33538,134655070,7059657,1077240560,84731948,3987403,40193,35000,197326,1666,1264,0.2532605419164685,4.830661886264446,0.23689582575687643,4.518523208705465,True
MISC6,Homo sapiens,Visium,Brain,Healthy,https://www.nature.com/articles/s41593-020-00787-0#data-availability,   ,,E:\Hestdata\st\MISC6.h5ad,True,69148460,exposure_unresolved,True,True,main_v1/MISC6,E:\count压缩\baseline\evidence\COUNT-HEST-SHARED-RESUME-001\main_v1\MISC6\RESULT.json,69148460,0f8b19d006a46c751bedae5f32e4a2ed5246bcdda03d27494c905f4e89516c63,a8763583f248cef851496c9578bd64525aa428edf48d308a8e23f81f3496fa42,4556631,4110,33538,137841180,7638281,1102729440,91675816,4278048,39983,35909,199761,1666,1264,0.26445687711030913,4.772415154666344,0.24828853032163536,4.480639557513006,True
MISC7,Homo sapiens,Visium,Brain,Healthy,https://www.nature.com/articles/s41593-020-00787-0#data-availability,   ,,E:\Hestdata\st\MISC7.h5ad,True,54808888,exposure_unresolved,True,True,main_v2/MISC7,E:\count压缩\baseline\evidence\COUNT-HEST-SHARED-RESUME-001\main_v2\MISC7\RESULT.json,54808888,24c2966d244151d51aea9d0903734c518b87caf420e06b3b10955f6851ece500,326e63539ff70ef4ad04a2daee801cfa8f0cf82648bb91a61dcff2dda0a223f7,3592411,3498,33538,117315924,5859140,938527392,70323676,3334015,39222,30124,186121,1665,1264,0.24497346157372463,4.905035209945487,0.22735293803763587,4.55222438787945,True
MISC8,Homo sapiens,Visium,Brain,Healthy,https://www.nature.com/articles/s41593-020-00787-0#data-availability,   ,,E:\Hestdata\st\MISC8.h5ad,True,60683747,exposure_unresolved,True,True,main_v2/MISC8,E:\count压缩\baseline\evidence\COUNT-HEST-SHARED-RESUME-001\main_v2\MISC8\RESULT.json,60683747,eb4e33049a55a8473bf06a5dba1174c95597c6ad52ac2c825fae002d99c2240d,54e471ca9a53da09bf6f4c9ff9de0777ed59aece85254cc2142b90f6aa86acd9,3971313,3661,33538,122782618,6591121,982260944,79108100,3706842,40130,31653,189758,1666,1264,0.2587540852077287,4.820197353378886,0.24152226498379437,4.499194598308846,True
MISC9,Homo sapiens,Visium,Brain,Healthy,https://www.nature.com/articles/s41593-020-00787-0#data-availability,   ,,E:\Hestdata\st\MISC9.h5ad,True,58855272,exposure_unresolved,True,True,main_v2/MISC9,E:\count压缩\baseline\evidence\COUNT-HEST-SHARED-RESUME-001\main_v2\MISC9\RESULT.json,58855272,2a973b228c2c0188237e810e9b8dc64fc5cf0cfceca938d42cdbb375457cf278,ffb705e20bd0ba4654ebbb153b0d4f3be00fe294652fbd7f7a1cdaca7f479a27,4024878,4634,33538,155415092,6341887,1243320736,76121184,3732448,37608,41075,210818,1665,1264,0.20718080583834161,5.077199262616947,0.1921279562733843,4.708312210545536,True
NCBI10,Mus musculus,Spatial Transcriptomics,Spinal cord,Diseased,https://www.science.org/doi/10.1126/science.aav9776?url_ver=Z39.88-2003&rfr_id=ori:rid:crossref.org&rfr_dat=cr_pub%20%200pubmed,,,E:\Hestdata\st\NCBI10.h5ad,True,21964949,known_exposed,False,True,main_v2/NCBI10,E:\count压缩\baseline\evidence\COUNT-HEST-SHARED-RESUME-001\main_v2\NCBI10\RESULT.json,21964949,55d9981fdef96945f056a6652319c3de47c3b3307065c61159f018a93cadc37a,fff6517e16cc25535dd7c045213a90ec68395ebc4819ba96ab30346ebab53f1b,291327,138,15997,2207586,419089,17660688,5029624,215075,18483,795,54054,1656,1264,1.05573055817531,5.561148109351474,0.7794033845114074,4.105571847507331,True
NCBI100,Mus musculus,Spatial Transcriptomics,Spinal cord,Diseased,https://www.science.org/doi/10.1126/science.aav9776?url_ver=Z39.88-2003&rfr_id=ori:rid:crossref.org&rfr_dat=cr_pub%20%200pubmed,,,E:\Hestdata\st\NCBI100.h5ad,True,45103802,exposure_unresolved,False,True,main_v2/NCBI100,E:\count压缩\baseline\evidence\COUNT-HEST-SHARED-RESUME-001\main_v2\NCBI100\RESULT.json,45103802,8a880915c70e4c04fca480e40cb60ee4980d51a0316c322f2333aa189f0edc87,da72f1a9f9e54a401b9fc5c5929a7f5e976422aad303e0c3cbb5ac5ae46c61fa,462296,317,16074,5095458,708117,40763664,8498676,378745,19780,2189,58660,1658,1264,0.7258165998031972,5.222820522597255,0.5946393827600973,4.278897413845452,True
NCBI101,Mus musculus,Spatial Transcriptomics,Spinal cord,Diseased,https://www.science.org/doi/10.1126/science.aav9776?url_ver=Z39.88-2003&rfr_id=ori:rid:crossref.org&rfr_dat=cr_pub%20%200pubmed,,,E:\Hestdata\st\NCBI101.h5ad,True,35771867,known_exposed,False,True,main_v2/NCBI101,E:\count压缩\baseline\evidence\COUNT-HEST-SHARED-RESUME-001\main_v2\NCBI101\RESULT.json,35771867,45c6ba5392520bd215b25060501a1081208876b8398961bc00cedcc4fcf8df5b,4292c0c8df099cf29b195514fa1909753eb7104235a246d77fd59323c1b46611,365147,248,15859,3933032,537422,31464256,6450060,285483,18748,1681,56315,1656,1264,0.7427287649833513,5.435534831101071,0.5806878764271433,4.249665998042507,True
NCBI102,Mus musculus,Spatial Transcriptomics,Spinal cord,Diseased,https://www.science.org/doi/10.1126/science.aav9776?url_ver=Z39.88-2003&rfr_id=ori:rid:crossref.org&rfr_dat=cr_pub%20%200pubmed,,,E:\Hestdata\st\NCBI102.h5ad,True,39054385,exposure_unresolved,False,True,main_v2/NCBI102,E:\count压缩\baseline\evidence\COUNT-HEST-SHARED-RESUME-001\main_v2\NCBI102\RESULT.json,39054385,6a0460fbc935e7cb19b000946d6516ffc7be662db334f14d70252e98f1472cae,6eb36b698631ca08046acb55f6b764d5887727ca499f1030a1aba7b5cadd9a5a,430286,264,16425,4336200,672440,34689600,8070340,347190,20159,1742,58273,1658,1264,0.7938489922051566,5.119100588900125,0.6405424104054241,4.130509785259651,True
NCBI103,Mus musculus,Spatial Transcriptomics,Spinal cord,Diseased,https://www.science.org/doi/10.1126/science.aav9776?url_ver=Z39.88-2003&rfr_id=ori:rid:crossref.org&rfr_dat=cr_pub%20%200pubmed,,,E:\Hestdata\st\NCBI103.h5ad,True,60194544,exposure_unresolved,False,True,main_v2/NCBI103,E:\count压缩\baseline\evidence\COUNT-HEST-SHARED-RESUME-001\main_v2\NCBI103\RESULT.json,60194544,a196e9c3ea9d7394c325828af76edee2f0d0bfdf3224eb4e8b6eeb94078d2cba,1ec544adeb781d7ed2e6153476d1a9f5f691f541b8d19e5ac4b0bee5fa3be7d8,541358,426,16376,6976176,815133,55809408,9783304,452762,20624,2993,62057,1658,1264,0.6208077319150205,5.313076516347639,0.5192093777450569,4.443564424455887,True
NCBI105,Mus musculus,Spatial Transcriptomics,Spinal cord,Diseased,https://www.science.org/doi/10.1126/science.aav9776?url_ver=Z39.88-2003&rfr_id=ori:rid:crossref.org&rfr_dat=cr_pub%20%200pubmed,,,E:\Hestdata\st\NCBI105.h5ad,True,52753505,exposure_unresolved,False,True,main_v2/NCBI105,E:\count压缩\baseline\evidence\COUNT-HEST-SHARED-RESUME-001\main_v2\NCBI105\RESULT.json,52753505,b0bcc87c6123c63fdebcc69192eb2b582da04e065a5c9b1b6207688396ab7b2c,6ee6178e0134e7f6b7b0b070cf5a60d173f7eb1300c34afc399f4a267ba8ba34,521949,370,16345,6047650,792705,48381200,9513944,434833,20911,2548,60735,1658,1264,0.6904486866799501,5.267523227430129,0.5752092134961514,4.388346232204919,True
NCBI107,Mus musculus,Spatial Transcriptomics,Spinal cord,Diseased,https://www.science.org/doi/10.1126/science.aav9776?url_ver=Z39.88-2003&rfr_id=ori:rid:crossref.org&rfr_dat=cr_pub%20%200pubmed,,,E:\Hestdata\st\NCBI107.h5ad,True,46385560,exposure_unresolved,False,True,main_v2/NCBI107,E:\count压缩\baseline\evidence\COUNT-HEST-SHARED-RESUME-001\main_v2\NCBI107\RESULT.json,46385560,5f4cdc9ce2a1239f55a3dcfa4ad66b94bc3301627e7faf5968bdc1fb4af77a3b,270082a7ad84547510810e6261d3b1c4bbddf1e2da5432d8d1597932279cc593,435394,327,16072,5255544,641057,42044352,7693996,352914,19119,2232,58208,1657,1264,0.6627576517292977,5.433451315561642,0.5372064243016518,4.404151268919924,True
NCBI108,Mus musculus,Spatial Transcriptomics,Spinal cord,Diseased,https://www.science.org/doi/10.1126/science.aav9776?url_ver=Z39.88-2003&rfr_id=ori:rid:crossref.org&rfr_dat=cr_pub%20%200pubmed,,,E:\Hestdata\st\NCBI108.h5ad,True,55546231,exposure_unresolved,False,True,main_v2/NCBI108,E:\count压缩\baseline\evidence\COUNT-HEST-SHARED-RESUME-001\main_v2\NCBI108\RESULT.json,55546231,7d4d9e82d73542a80fe7b1a9164187c13cbee4790713ebad757bf550c0c8fd9c,a1992ce329e6ace4041a1c6786cdd6f5a614421a572a4d4b3d6797dc05af1a0c,613674,380,16815,6389700,988776,51117600,11866836,524014,22255,2614,61869,1658,1264,0.7683290295319029,4.965120512633802,0.6560733680767485,4.239698374556017,True
NCBI109,Mus musculus,Spatial Transcriptomics,Spinal cord,Diseased,https://www.science.org/doi/10.1126/science.aav9776?url_ver=Z39.88-2003&rfr_id=ori:rid:crossref.org&rfr_dat=cr_pub%20%200pubmed,,,E:\Hestdata\st\NCBI109.h5ad,True,40686390,exposure_unresolved,False,True,main_v2/NCBI109,E:\count压缩\baseline\evidence\COUNT-HEST-SHARED-RESUME-001\main_v2\NCBI109\RESULT.json,40686390,317d9eb5ac1c0cfa11ecba8bd17481f533905679a00e6679fdcbb41f159062b5,119bfbd232c6b75111cdd89b441b389c7bd2b89d93a9362a1816f2fcc90b0d18,350104,293,15526,4549118,482370,36392944,5789616,271349,17795,2014,56026,1656,1264,0.6156868210497067,5.806397578622219,0.4771896442343329,4.500263283371686,True
NCBI110,Mus musculus,Spatial Transcriptomics,Spinal cord,Diseased,https://www.science.org/doi/10.1126/science.aav9776?url_ver=Z39.88-2003&rfr_id=ori:rid:crossref.org&rfr_dat=cr_pub%20%200pubmed,,,E:\Hestdata\st\NCBI110.h5ad,True,45157717,exposure_unresolved,False,True,main_v2/NCBI110,E:\count压缩\baseline\evidence\COUNT-HEST-SHARED-RESUME-001\main_v2\NCBI110\RESULT.json,45157717,9cbdb53e21b3df3b64df18e731385005096949b88ee73b08bfe25bbd5603a46b,dc09ca74e1dd86e048d8c3bb0e09f54723448af04a1f9decc215eaf950a514d5,391408,320,15949,5103680,550047,40829440,6601848,309159,18791,2211,58327,1656,1264,0.6135306288795536,5.692720803858579,0.4846056179070788,4.496473937681689,True
NCBI111,Mus musculus,Spatial Transcriptomics,Spinal cord,Diseased,https://www.science.org/doi/10.1126/science.aav9776?url_ver=Z39.88-2003&rfr_id=ori:rid:crossref.org&rfr_dat=cr_pub%20%200pubmed,,,E:\Hestdata\st\NCBI111.h5ad,True,47847614,exposure_unresolved,False,True,main_v2/NCBI111,E:\count压缩\baseline\evidence\COUNT-HEST-SHARED-RESUME-001\main_v2\NCBI111\RESULT.json,47847614,52e68c8870947062eb77661bc9b58a5cc438dacaeccb1ee625c27f6b5654d80a,1b8e9ddc2a8b15cf1a69adf343194358525ec234691c7807031030480465db49,385846,348,15638,5442024,535623,43536192,6428872,304421,18274,2395,57836,1656,1264,0.5672095529163415,5.762948939832681,0.44751144059636633,4.546795040541575,True
NCBI112,Mus musculus,Spatial Transcriptomics,Spinal cord,Diseased,https://www.science.org/doi/10.1126/science.aav9776?url_ver=Z39.88-2003&rfr_id=ori:rid:crossref.org&rfr_dat=cr_pub%20%200pubmed,,,E:\Hestdata\st\NCBI112.h5ad,True,45424364,exposure_unresolved,False,True,main_v2/NCBI112,E:\count压缩\baseline\evidence\COUNT-HEST-SHARED-RESUME-001\main_v2\NCBI112\RESULT.json,45424364,72fdbc62eaf55b8ac2be0e4d2505b9f99aa1e20f9b83d01afa59f388e0307d2b,a8aa1fc75d4b540a210989049d37dcd8701276e70e12eedcb1f13fc9ba72d231,469830,313,16396,5131948,732802,41055584,8794880,385362,20214,2146,59186,1658,1264,0.7324002503532772,5.129134472886264,0.6007262739217155,4.206997251645055,True
NCBI113,Mus musculus,Spatial Transcriptomics,Spinal cord,Diseased,https://www.science.org/doi/10.1126/science.aav9776?url_ver=Z39.88-2003&rfr_id=ori:rid:crossref.org&rfr_dat=cr_pub%20%200pubmed,,,E:\Hestdata\st\NCBI113.h5ad,True,41862264,exposure_unresolved,False,True,main_v2/NCBI113,E:\count压缩\baseline\evidence\COUNT-HEST-SHARED-RESUME-001\main_v2\NCBI113\RESULT.json,41862264,04d0ed973278a4696fb3bd29565bf8af1b1dc19541fdfc4513c6c00a0b535355,47d6e3d6c9bb3c10b88065798d1fd5f0b3003ae709f72f318e56038d4ad61fe0,395068,296,15856,4693376,580344,37547008,6965316,314055,18887,1921,57285,1656,1264,0.6734052417705294,5.445983761355334,0.5353161562167617,4.329225424920392,True
NCBI114,Mus musculus,Spatial Transcriptomics,Spinal cord,Diseased,https://www.science.org/doi/10.1126/science.aav9776?url_ver=Z39.88-2003&rfr_id=ori:rid:crossref.org&rfr_dat=cr_pub%20%200pubmed,,,E:\Hestdata\st\NCBI114.h5ad,True,48477215,exposure_unresolved,False,True,main_v2/NCBI114,E:\count压缩\baseline\evidence\COUNT-HEST-SHARED-RESUME-001\main_v2\NCBI114\RESULT.json,48477215,88dc956009b7ccb5c0a9e6455a6629a3477fd46842a56adf26774f62ee644458,8e39de3184d47f6f19cb8171823e21ed5bd1b12720e13c97be3c24ab6df8f721,508562,337,16359,5512983,810996,44103864,9733304,422541,20597,2299,60203,1658,1264,0.7379844994987287,5.016665926835644,0.6131577042773395,4.168119201574361,True
NCBI115,Mus musculus,Spatial Transcriptomics,Spinal cord,Diseased,https://www.science.org/doi/10.1126/science.aav9776?url_ver=Z39.88-2003&rfr_id=ori:rid:crossref.org&rfr_dat=cr_pub%20%200pubmed,,,E:\Hestdata\st\NCBI115.h5ad,True,39379881,exposure_unresolved,False,True,main_v2/NCBI115,E:\count压缩\baseline\evidence\COUNT-HEST-SHARED-RESUME-001\main_v2\NCBI115\RESULT.json,39379881,2ac678dc940ca539b5a71194245977c8b0f7565e1f144a97359e1341b2ec21dd,385ffb178b3bffcc987fc9aa2a77d8227dad7c899f4a38e02cd8998abc20ac2c,286827,285,15393,4387005,354148,35096040,4250920,209963,16348,1899,55698,1655,1264,0.5230484122995073,6.4792572596767455,0.38288171543000293,4.742943628087692,True
NCBI116,Mus musculus,Spatial Transcriptomics,Spinal cord,Diseased,https://www.science.org/doi/10.1126/science.aav9776?url_ver=Z39.88-2003&rfr_id=ori:rid:crossref.org&rfr_dat=cr_pub%20%200pubmed,,,E:\Hestdata\st\NCBI116.h5ad,True,37025846,exposure_unresolved,False,True,main_v2/NCBI116,E:\count压缩\baseline\evidence\COUNT-HEST-SHARED-RESUME-001\main_v2\NCBI116\RESULT.json,37025846,ceeb67da56b0bb330369ba79bd2a78f786dc3d8cdcf9f5edd84ee13467423567,8e9169161a37ed693639f445a28e9fd3d56b861fdbbf4f9ac0b30ae294435530,276086,270,15166,4094820,326504,32758560,3919132,200456,16380,1762,54569,1655,1264,0.5393858582306427,6.764658319653051,0.3916284476484925,4.911572293141891,True
NCBI117,Mus musculus,Spatial Transcriptomics,Spinal cord,Diseased,https://www.science.org/doi/10.1126/science.aav9776?url_ver=Z39.88-2003&rfr_id=ori:rid:crossref.org&rfr_dat=cr_pub%20%200pubmed,,,E:\Hestdata\st\NCBI117.h5ad,True,51603623,exposure_unresolved,False,True,main_v2/NCBI117,E:\count压缩\baseline\evidence\COUNT-HEST-SHARED-RESUME-001\main_v2\NCBI117\RESULT.json,51603623,9a716ee501296013146baa2a4de03685f56baec2e1eda10014394208ab2e86be,e9bd0d0816d472e65e4a89fba89d7f941f71858f261029cefd8ad2e124bb2cce,415092,375,15759,5909625,562290,47277000,6748984,332111,18656,2619,58786,1656,1264,0.5619199187765721,5.905735474577176,0.44958656429130445,4.725120489427164,True
NCBI118,Mus musculus,Spatial Transcriptomics,Spinal cord,Diseased,https://www.science.org/doi/10.1126/science.aav9776?url_ver=Z39.88-2003&rfr_id=ori:rid:crossref.org&rfr_dat=cr_pub%20%200pubmed,,,E:\Hestdata\st\NCBI118.h5ad,True,47625496,known_exposed,False,True,main_v2/NCBI118,E:\count压缩\baseline\evidence\COUNT-HEST-SHARED-RESUME-001\main_v2\NCBI118\RESULT.json,47625496,5878d85b6eea5c0c0c08f0518ea83bfea1da9dfc055d7477ae3bf10f6fcf1f52,7a5c2e4170458b5808d278bf23a420e756f6ecfaa50855077281ff677d2fbd4a,400790,346,15648,5414208,542907,43313664,6516272,319327,18630,2394,57519,1656,1264,0.5922048063170089,5.905836542906981,0.4718355851862359,4.705439421484711,True
NCBI119,Mus musculus,Spatial Transcriptomics,Spinal cord,Diseased,https://www.science.org/doi/10.1126/science.aav9776?url_ver=Z39.88-2003&rfr_id=ori:rid:crossref.org&rfr_dat=cr_pub%20%200pubmed,,,E:\Hestdata\st\NCBI119.h5ad,True,48835460,exposure_unresolved,False,True,main_v2/NCBI119,E:\count压缩\baseline\evidence\COUNT-HEST-SHARED-RESUME-001\main_v2\NCBI119\RESULT.json,48835460,6aadde3e1be176353708db3afd859c50b4f3c0ea6f0ac9f9c8401755e245f1f3,39dab6b061f3280b8b50dbfeff170a6de0c19a13b4c3fff3a9df9473327e0c71,444363,340,16348,5558320,661675,44466560,7941464,359438,19804,2342,59858,1657,1264,0.6395644727183754,5.37258321683606,0.5173332949524316,4.34579514111913,True
NCBI12,Mus musculus,Spatial Transcriptomics,Spinal cord,Diseased,https://www.science.org/doi/10.1126/science.aav9776?url_ver=Z39.88-2003&rfr_id=ori:rid:crossref.org&rfr_dat=cr_pub%20%200pubmed,,,E:\Hestdata\st\NCBI12.h5ad,True,20594704,exposure_unresolved,False,True,main_v2/NCBI12,E:\count压缩\baseline\evidence\COUNT-HEST-SHARED-RESUME-001\main_v2\NCBI12\RESULT.json,20594704,2eff20f4f58e2a4ca891ec753b9d475165b6a78d508a364d2d33172df90ff88c,589f2ef638c7c6bcba61213a5bcc8eba2d091fc70c78fb01a23793307092a1cc,263245,130,15688,2039440,359019,16315520,4308752,188865,17734,756,52971,1655,1264,1.0326167967677402,5.865873393887232,0.7408504295296748,4.2084680755057535,True
NCBI120,Mus musculus,Spatial Transcriptomics,Spinal cord,Diseased,https://www.science.org/doi/10.1126/science.aav9776?url_ver=Z39.88-2003&rfr_id=ori:rid:crossref.org&rfr_dat=cr_pub%20%200pubmed,,,E:\Hestdata\st\NCBI120.h5ad,True,54102657,known_exposed,False,True,main_v2/NCBI120,E:\count压缩\baseline\evidence\COUNT-HEST-SHARED-RESUME-001\main_v2\NCBI120\RESULT.json,54102657,8012eed7c17abbe22fd30eec3dcc97b7b616996ef067d7a1efc79bc1967d065d,107c8041ba71ec02b3cdd4117a8baf68c586880ebcd149f371a9c5d8cebf6221,558541,375,16569,6213375,895325,49707000,10745404,470645,20697,2593,61684,1658,1264,0.7191466795421168,4.990732974059699,0.6059766230108435,4.205355597129534,True
NCBI121,Mus musculus,Spatial Transcriptomics,Spinal cord,Diseased,https://www.science.org/doi/10.1126/science.aav9776?url_ver=Z39.88-2003&rfr_id=ori:rid:crossref.org&rfr_dat=cr_pub%20%200pubmed,,,E:\Hestdata\st\NCBI121.h5ad,True,35640788,exposure_unresolved,False,True,main_v2/NCBI121,E:\count压缩\baseline\evidence\COUNT-HEST-SHARED-RESUME-001\main_v2\NCBI121\RESULT.json,35640788,0ee252faa9fe0cb5fc237389cc65a9ab5493aa5f8fd32a6f22de4de8bc748b8b,e49a2cd5d49be14fe21eb00461a62131393c2f49cfc5a073a20b1af94f99a5ec,299388,251,15612,3918612,386036,31348896,4633440,222211,17051,1671,55536,1655,1264,0.6112123374296817,6.204353998072719,0.45365246674077453,4.604979846439192,True
NCBI122,Mus musculus,Spatial Transcriptomics,Spinal cord,Diseased,https://www.science.org/doi/10.1126/science.aav9776?url_ver=Z39.88-2003&rfr_id=ori:rid:crossref.org&rfr_dat=cr_pub%20%200pubmed,,,E:\Hestdata\st\NCBI122.h5ad,True,37743219,exposure_unresolved,False,True,main_v2/NCBI122,E:\count压缩\baseline\evidence\COUNT-HEST-SHARED-RESUME-001\main_v2\NCBI122\RESULT.json,37743219,d4f4d35bd7b548db151d18aa86edbbb320bbac784f7a0ff50aec9a3066cacdc0,8261727cf4e3d7ecb7bda9e111ae889d481a71edcf808b9dbb269493a73786ce,333915,259,16123,4175857,447646,33406856,5372792,253829,18053,1710,57403,1656,1264,0.6397058136808803,5.9674832345201345,0.4862791039060964,4.5362451580043155,True
NCBI123,Mus musculus,Spatial Transcriptomics,Spinal cord,Diseased,https://www.science.org/doi/10.1126/science.aav9776?url_ver=Z39.88-2003&rfr_id=ori:rid:crossref.org&rfr_dat=cr_pub%20%200pubmed,,,E:\Hestdata\st\NCBI123.h5ad,True,50047764,exposure_unresolved,False,True,main_v2/NCBI123,E:\count压缩\baseline\evidence\COUNT-HEST-SHARED-RESUME-001\main_v2\NCBI123\RESULT.json,50047764,d8052e82eee8049c3ee3e268c05a85f50d4d69761095ecbd2dc286f8a8238f60,bb9b71faf19e9a6007a9ba230a6364fa70d87ca21125065debe06c83bc0b9ec1,465782,353,16180,5711540,694685,45692320,8337636,380980,19861,2436,59583,1658,1264,0.6524082821795872,5.36395056752341,0.5336284084502604,4.387369815096051,True
NCBI124,Mus musculus,Spatial Transcriptomics,Spinal cord,Diseased,https://www.science.org/doi/10.1126/science.aav9776?url_ver=Z39.88-2003&rfr_id=ori:rid:crossref.org&rfr_dat=cr_pub%20%200pubmed,,,E:\Hestdata\st\NCBI124.h5ad,True,48176947,exposure_unresolved,False,True,main_v2/NCBI124,E:\count压缩\baseline\evidence\COUNT-HEST-SHARED-RESUME-001\main_v2\NCBI124\RESULT.json,48176947,05851da77fc14aa4946058d3ef0f311044ba4decfa5d9399f23b1f70835958d6,e095317faac7490319a0b8dbd9f7be3a68acb91c842f638606410defa09f7a47,449662,336,16299,5476464,675131,43811712,8102920,365142,19762,2308,59528,1658,1264,0.6568647214699119,5.328293323814193,0.5333981927024445,4.326769175167486,True
NCBI125,Mus musculus,Spatial Transcriptomics,Spinal cord,Diseased,https://www.science.org/doi/10.1126/science.aav9776?url_ver=Z39.88-2003&rfr_id=ori:rid:crossref.org&rfr_dat=cr_pub%20%200pubmed,,,E:\Hestdata\st\NCBI125.h5ad,True,49369859,exposure_unresolved,False,True,main_v2/NCBI125,E:\count压缩\baseline\evidence\COUNT-HEST-SHARED-RESUME-001\main_v2\NCBI125\RESULT.json,49369859,b481da83d0051ab3b6911b49ed943d1bcef2b2f1f55cec01ada43621d05786f4,df9c82012e5d3af259029285e98d72aafc28771b22ec2d8f0479a926d32239a8,478460,341,16491,5623431,736468,44987448,8838984,392441,20228,2336,60533,1658,1264,0.6806663049657762,5.197347338920361,0.5582940379280905,4.262952361813412,True
NCBI126,Mus musculus,Spatial Transcriptomics,Spinal cord,Diseased,https://www.science.org/doi/10.1126/science.aav9776?url_ver=Z39.88-2003&rfr_id=ori:rid:crossref.org&rfr_dat=cr_pub%20%200pubmed,,,E:\Hestdata\st\NCBI126.h5ad,True,52759187,exposure_unresolved,False,True,main_v2/NCBI126,E:\count压缩\baseline\evidence\COUNT-HEST-SHARED-RESUME-001\main_v2\NCBI126\RESULT.json,52759187,4dbb85abbaa07cd2484dad6a428d698f50a5f7c4162bbc920fff26934e4cca04,e51fc7ec77dc8f093c62760864e6bbb6cd89c2193ee48234067d8210d662ecc3,530997,367,16475,6046325,840367,48370600,10085876,444377,20074,2545,61079,1658,1264,0.7025715620645598,5.054905773310947,0.5879631015534229,4.230313660579247,True
NCBI127,Mus musculus,Spatial Transcriptomics,Spinal cord,Diseased,https://www.science.org/doi/10.1126/science.aav9776?url_ver=Z39.88-2003&rfr_id=ori:rid:crossref.org&rfr_dat=cr_pub%20%200pubmed,,,E:\Hestdata\st\NCBI127.h5ad,True,44041792,exposure_unresolved,False,True,main_v2/NCBI127,E:\count压缩\baseline\evidence\COUNT-HEST-SHARED-RESUME-001\main_v2\NCBI127\RESULT.json,44041792,3ae7d2d25c01be5f6984e2cd67a962f1558597f13887d305b888cadce66557de,3edab039c00f6909b0a3082531323c7f4bf9b8e8690d8fa55597ad934965aaa0,416953,303,16368,4959504,618973,39676032,7428892,333887,18763,2045,59338,1656,1264,0.6725720959192694,5.388965269890609,0.538581277482587,4.3153675523811215,True
NCBI128,Mus musculus,Spatial Transcriptomics,Spinal cord,Diseased,https://www.science.org/doi/10.1126/science.aav9776?url_ver=Z39.88-2003&rfr_id=ori:rid:crossref.org&rfr_dat=cr_pub%20%200pubmed,,,E:\Hestdata\st\NCBI128.h5ad,True,48779264,exposure_unresolved,False,True,main_v2/NCBI128,E:\count压缩\baseline\evidence\COUNT-HEST-SHARED-RESUME-001\main_v2\NCBI128\RESULT.json,48779264,2a2e7391a2495fafe92c18b9a3e8aa5aa1f1147b291c99c1bd25fe5d750f9deb,8f77e4948b0e8b839791bf56eef27177e9d8fe02484e3f3ff1dfb92ef0aee7c7,520048,335,16560,5547600,823440,44380800,9882624,434087,20100,2328,60611,1658,1264,0.7499430384310333,5.052443408141455,0.6259816857740285,4.217303021470903,True
NCBI13,Mus musculus,Spatial Transcriptomics,Spinal cord,Diseased,https://www.science.org/doi/10.1126/science.aav9776?url_ver=Z39.88-2003&rfr_id=ori:rid:crossref.org&rfr_dat=cr_pub%20%200pubmed,,,E:\Hestdata\st\NCBI13.h5ad,True,28037266,exposure_unresolved,False,True,main_v2/NCBI13,E:\count压缩\baseline\evidence\COUNT-HEST-SHARED-RESUME-001\main_v2\NCBI13\RESULT.json,28037266,ad1749fc34222d7938ceeef97a063ef35aa698790eb0ebd65780527a7338434f,0ffc45ddef1a3b2dfcb4bc1fbde32e34c3f5a8a33138a692a09020e1889c1b9d,390235,181,16362,2961522,620658,23692176,7448624,309905,20026,1074,56308,1658,1264,1.054147158116671,5.0299520831117945,0.8371506272788114,3.9945348323875627,True
NCBI130,Mus musculus,Spatial Transcriptomics,Spinal cord,Diseased,https://www.science.org/doi/10.1126/science.aav9776?url_ver=Z39.88-2003&rfr_id=ori:rid:crossref.org&rfr_dat=cr_pub%20%200pubmed,,,E:\Hestdata\st\NCBI130.h5ad,True,48673898,exposure_unresolved,False,True,main_v2/NCBI130,E:\count压缩\baseline\evidence\COUNT-HEST-SHARED-RESUME-001\main_v2\NCBI130\RESULT.json,48673898,397ee93f9a063e4a33c07062908f7dfb04e348337bcaf5a4c713b73f2a5b3bda,02276cb77d872ddff061a03fd27695910ea4a31fbaa8e734179cc71f70cbdd61,559996,328,16866,5532048,906688,44256384,10881572,471700,21627,2216,61531,1658,1264,0.8098208836944293,4.941024917060775,0.6821343560287257,4.161960895037764,True
NCBI131,Mus musculus,Spatial Transcriptomics,Spinal cord,Diseased,https://www.science.org/doi/10.1126/science.aav9776?url_ver=Z39.88-2003&rfr_id=ori:rid:crossref.org&rfr_dat=cr_pub%20%200pubmed,,,E:\Hestdata\st\NCBI131.h5ad,True,41994746,exposure_unresolved,False,True,main_v2/NCBI131,E:\count压缩\baseline\evidence\COUNT-HEST-SHARED-RESUME-001\main_v2\NCBI131\RESULT.json,41994746,ac93f99e21aad701841949b1a609261f7f7a4fef51faf3df47566c922d9516ee,4123d0832acec78c963d1efc63e1e1f25018e9546a62d9803c3192e5c97e9566,504154,278,16898,4697644,813897,37581152,9767880,417587,21349,1883,60413,1658,1264,0.8585648465486103,4.955457508751107,0.7111428622518011,4.104568514197743,True
NCBI135,Mus musculus,Spatial Transcriptomics,Spinal cord,Diseased,https://www.science.org/doi/10.1126/science.aav9776?url_ver=Z39.88-2003&rfr_id=ori:rid:crossref.org&rfr_dat=cr_pub%20%200pubmed,,,E:\Hestdata\st\NCBI135.h5ad,True,45112320,exposure_unresolved,False,True,main_v2/NCBI135,E:\count压缩\baseline\evidence\COUNT-HEST-SHARED-RESUME-001\main_v2\NCBI135\RESULT.json,45112320,a3e65f8d4793ecfdef364ca1991466ca1348d102e4eccf5cfab6cc27d2da3be2,4cc31620d6acde39c2f9423539e5d62f9c1e23a4bd530369c39c5c239aa4fbec,515767,309,16480,5092320,816962,40738560,9804784,430354,20854,2093,59544,1658,1264,0.8102664404436485,5.050584972128447,0.6760831997989128,4.21418866483386,True
NCBI136,Mus musculus,Spatial Transcriptomics,Spinal cord,Diseased,https://www.science.org/doi/10.1126/science.aav9776?url_ver=Z39.88-2003&rfr_id=ori:rid:crossref.org&rfr_dat=cr_pub%20%200pubmed,,,E:\Hestdata\st\NCBI136.h5ad,True,34496120,exposure_unresolved,False,True,main_v2/NCBI136,E:\count压缩\baseline\evidence\COUNT-HEST-SHARED-RESUME-001\main_v2\NCBI136\RESULT.json,34496120,bd30a5db3cd3bb5c93e63571a3d8393e3ffc2e1b0700bb55dd9f046297886a97,bb20d5fe35b546d1dce4ef064a638c3a2b5381dbade626ebffbc03ba79a2571f,350171,238,15856,3773728,502152,30189824,6026780,271193,18543,1586,55929,1656,1264,0.7423343706806638,5.578725166881741,0.5749073595129273,4.320492599850245,True
NCBI137,Mus musculus,Spatial Transcriptomics,Spinal cord,Diseased,https://www.science.org/doi/10.1126/science.aav9776?url_ver=Z39.88-2003&rfr_id=ori:rid:crossref.org&rfr_dat=cr_pub%20%200pubmed,,,E:\Hestdata\st\NCBI137.h5ad,True,38730837,exposure_unresolved,False,True,main_v2/NCBI137,E:\count压缩\baseline\evidence\COUNT-HEST-SHARED-RESUME-001\main_v2\NCBI137\RESULT.json,38730837,520011906c1f15ee8bcd35d1bf8614ff86014d2fefb9479e3ae834702812a7e9,e7025e1a32cbb781b8ac0e34bfd219bd877b036daecd3425424c677e6d289e7c,495135,262,16397,4296014,797081,34368112,9566024,411564,20972,1703,57974,1658,1264,0.9220361013721091,4.969482398902997,0.766410910206531,4.130711935173464,True
NCBI138,Mus musculus,Spatial Transcriptomics,Spinal cord,Diseased,https://www.science.org/doi/10.1126/science.aav9776?url_ver=Z39.88-2003&rfr_id=ori:rid:crossref.org&rfr_dat=cr_pub%20%200pubmed,,,E:\Hestdata\st\NCBI138.h5ad,True,40783328,exposure_unresolved,False,True,main_v2/NCBI138,E:\count压缩\baseline\evidence\COUNT-HEST-SHARED-RESUME-001\main_v2\NCBI138\RESULT.json,40783328,1dbb910d70c3ff14ebd661bf533c2e6b17fc7fa32881785935a7145dddc1ea85,0edb36a9f596c593a65396b70ca78c023b7df448e1dd1d9e6888500f6c63d3eb,390595,289,15776,4559264,567768,36474112,6814376,310091,18737,1938,56909,1656,1264,0.6853650062817156,5.503585971734934,0.5441071190437755,4.369263501993772,True
NCBI139,Mus musculus,Spatial Transcriptomics,Spinal cord,Diseased,https://www.science.org/doi/10.1126/science.aav9776?url_ver=Z39.88-2003&rfr_id=ori:rid:crossref.org&rfr_dat=cr_pub%20%200pubmed,,,E:\Hestdata\st\NCBI139.h5ad,True,39864217,exposure_unresolved,False,True,main_v2/NCBI139,E:\count压缩\baseline\evidence\COUNT-HEST-SHARED-RESUME-001\main_v2\NCBI139\RESULT.json,39864217,0da0b72e5cf15ac0f4aa921a49b4389ececc7495a982bde2f6c681e58039382d,b4dcd9591128fb57af783e6b5e94b5c87e681a4cb92a06622762e8f689d1e79c,367829,282,15761,4444602,530282,35556816,6364516,287879,18497,1897,56636,1656,1264,0.6620687296635335,5.549183264753471,0.5181638310921878,4.343032575120407,True
NCBI14,Mus musculus,Spatial Transcriptomics,Spinal cord,Diseased,https://www.science.org/doi/10.1126/science.aav9776?url_ver=Z39.88-2003&rfr_id=ori:rid:crossref.org&rfr_dat=cr_pub%20%200pubmed,,,E:\Hestdata\st\NCBI14.h5ad,True,22399332,exposure_unresolved,False,True,main_v2/NCBI14,E:\count压缩\baseline\evidence\COUNT-HEST-SHARED-RESUME-001\main_v2\NCBI14\RESULT.json,22399332,edeab7a70b4f795bdcbcf3e191f604c08706ff7b888511c489135624d7571216,5ef1770be5731886cbda9dec4b461ada1382fb329859b5c8b3c114a01545ca06,275504,142,15932,2262344,368573,18098752,4423448,199648,18176,808,53953,1655,1264,0.9742249631355797,5.979906287221256,0.7059863575123854,4.333426485390953,True
NCBI140,Mus musculus,Spatial Transcriptomics,Spinal cord,Diseased,https://www.science.org/doi/10.1126/science.aav9776?url_ver=Z39.88-2003&rfr_id=ori:rid:crossref.org&rfr_dat=cr_pub%20%200pubmed,,,E:\Hestdata\st\NCBI140.h5ad,True,34666899,exposure_unresolved,False,True,main_v2/NCBI140,E:\count压缩\baseline\evidence\COUNT-HEST-SHARED-RESUME-001\main_v2\NCBI140\RESULT.json,34666899,be35c4478da48a0b1a7005371e3346e3ff665f13b318bb9b527e5cef78bb40c7,587c782f16b8bed31b7735dab9c70d65e104dacb7a1b04c8a9ad97d772609106,329387,244,15563,3797372,456384,30378976,5477588,251700,17942,1609,55216,1656,1264,0.6939262205546362,5.7738571027906325,0.5302614545006389,4.412074042911232,True
NCBI141,Mus musculus,Spatial Transcriptomics,Spinal cord,Diseased,https://www.science.org/doi/10.1126/science.aav9776?url_ver=Z39.88-2003&rfr_id=ori:rid:crossref.org&rfr_dat=cr_pub%20%200pubmed,,,E:\Hestdata\st\NCBI141.h5ad,True,39600937,exposure_unresolved,False,True,main_v2/NCBI141,E:\count压缩\baseline\evidence\COUNT-HEST-SHARED-RESUME-001\main_v2\NCBI141\RESULT.json,39600937,f0e3a0a1d4ca132851b233f13f996e4805feb34afd60785b740c9823d3bbaaad,7ed3028ee4d247458532a1a59abc1cf8668b5056ce02e6405d22114b4f0d5798,399145,275,16033,4409075,594801,35272600,7138716,317914,18873,1815,57622,1657,1264,0.7242244688511763,5.368450960909615,0.5768357308505753,4.275904041856016,True
NCBI142,Mus musculus,Spatial Transcriptomics,Spinal cord,Diseased,https://www.science.org/doi/10.1126/science.aav9776?url_ver=Z39.88-2003&rfr_id=ori:rid:crossref.org&rfr_dat=cr_pub%20%200pubmed,,,E:\Hestdata\st\NCBI142.h5ad,True,31068368,exposure_unresolved,False,True,main_v2/NCBI142,E:\count压缩\baseline\evidence\COUNT-HEST-SHARED-RESUME-001\main_v2\NCBI142\RESULT.json,31068368,9163c14ad4148060fc3c82ea3b58e16cb04350e676b1aaab58727c420db1bc2f,e509531006f5661c455496c4d9c5a5e84b3cf9076009b9e78756c9274341e052,323980,212,15784,3346208,458280,26769664,5500212,246455,18381,1393,54831,1656,1264,0.7745603381499298,5.655581740420703,0.5892162113054538,4.302260626691106,True
NCBI143,Mus musculus,Spatial Transcriptomics,Spinal cord,Diseased,https://www.science.org/doi/10.1126/science.aav9776?url_ver=Z39.88-2003&rfr_id=ori:rid:crossref.org&rfr_dat=cr_pub%20%200pubmed,,,E:\Hestdata\st\NCBI143.h5ad,True,36632877,exposure_unresolved,False,True,main_v2/NCBI143,E:\count压缩\baseline\evidence\COUNT-HEST-SHARED-RESUME-001\main_v2\NCBI143\RESULT.json,36632877,6b938d3c1715426de4c86c8fdabf6c265bf17fd6b25aebe70a99c5ef1f7c44e7,b810416d93b01cdd0d1f6dbacba83ea3bc1e76753f7a6ef4597cba9b2c153c6e,416665,250,16149,4037250,644180,32298000,7731164,335478,19838,1658,56769,1658,1264,0.8256412161743761,5.174516439504487,0.6647653724688836,4.166264087677357,True
NCBI144,Mus musculus,Spatial Transcriptomics,Spinal cord,Diseased,https://www.science.org/doi/10.1126/science.aav9776?url_ver=Z39.88-2003&rfr_id=ori:rid:crossref.org&rfr_dat=cr_pub%20%200pubmed,,,E:\Hestdata\st\NCBI144.h5ad,True,40017075,known_exposed,False,True,main_v2/NCBI144,E:\count压缩\baseline\evidence\COUNT-HEST-SHARED-RESUME-001\main_v2\NCBI144\RESULT.json,40017075,48073e74bb93246340ae41b88d3aeda2b10bdac6d47fcf3f7d5c4ef5400ede52,28e423d1dfe53c6e71bf92d33f7f313f9103227badc904310a5d8080bcfc3bce,244381,309,14491,4477719,279001,35821752,3349252,171623,14467,2077,53295,1655,1264,0.4366169471554602,7.007315385966359,0.30662576191136603,4.921071967483988,True
NCBI145,Mus musculus,Spatial Transcriptomics,Spinal cord,Diseased,https://www.science.org/doi/10.1126/science.aav9776?url_ver=Z39.88-2003&rfr_id=ori:rid:crossref.org&rfr_dat=cr_pub%20%200pubmed,,,E:\Hestdata\st\NCBI145.h5ad,True,37265643,exposure_unresolved,False,True,main_v2/NCBI145,E:\count压缩\baseline\evidence\COUNT-HEST-SHARED-RESUME-001\main_v2\NCBI145\RESULT.json,37265643,403195688c80f8385e9dda09375cbc7b542b643affad4a7221055d469b2af6a5,a50a531e2079c3983f0d10364ce5511832028e6d91ac007b0d44d90a8b405d4f,288693,271,15219,4124349,371489,32994792,4458956,213276,15976,1799,54723,1655,1264,0.5599778292283218,6.216991620209481,0.41369146985378785,4.592889695253426,True
NCBI146,Mus musculus,Spatial Transcriptomics,Spinal cord,Diseased,https://www.science.org/doi/10.1126/science.aav9776?url_ver=Z39.88-2003&rfr_id=ori:rid:crossref.org&rfr_dat=cr_pub%20%200pubmed,,,E:\Hestdata\st\NCBI146.h5ad,True,42972525,exposure_unresolved,False,True,main_v2/NCBI146,E:\count压缩\baseline\evidence\COUNT-HEST-SHARED-RESUME-001\main_v2\NCBI146\RESULT.json,42972525,b5c6bfed0e746130546f259b7d823bea6bd1f5fea12a5311fb5570b88adfbc55,037c53f2b3164256f9f44342348695b299fc3de36c7266322b547dcaf04348d1,296024,323,14981,4838863,372972,38710904,4476960,220280,15835,2214,54776,1655,1264,0.4894108388685524,6.349516853812083,0.36418472686662134,4.724858702529948,True
NCBI147,Mus musculus,Spatial Transcriptomics,Spinal cord,Diseased,https://www.science.org/doi/10.1126/science.aav9776?url_ver=Z39.88-2003&rfr_id=ori:rid:crossref.org&rfr_dat=cr_pub%20%200pubmed,,,E:\Hestdata\st\NCBI147.h5ad,True,41731874,exposure_unresolved,False,True,main_v2/NCBI147,E:\count压缩\baseline\evidence\COUNT-HEST-SHARED-RESUME-001\main_v2\NCBI147\RESULT.json,41731874,53a956045a77f83b1f614303013e2912172e9493bddcb9c8aeb33cd2554e3058,5be76e8e29230f5465b478845ca784b2592b75f492a86de7e380e35bdcb5a8e3,304191,309,15154,4682586,392039,37460688,4705708,227292,16381,2093,55506,1655,1264,0.5196974492299767,6.207362022655909,0.38831876232492046,4.6381507962218045,True
NCBI148,Mus musculus,Spatial Transcriptomics,Spinal cord,Diseased,https://www.science.org/doi/10.1126/science.aav9776?url_ver=Z39.88-2003&rfr_id=ori:rid:crossref.org&rfr_dat=cr_pub%20%200pubmed,,,E:\Hestdata\st\NCBI148.h5ad,True,41959260,exposure_unresolved,False,True,main_v2/NCBI148,E:\count压缩\baseline\evidence\COUNT-HEST-SHARED-RESUME-001\main_v2\NCBI148\RESULT.json,41959260,f87eafd80404191a70d1e885a0cdc4ea62699e7caa47d8eb2224b6c7e0a31297,818223155d9257ac4f3ec4e55274c15eb497127648d0fad24ecd6e4be6c92147,314878,311,15148,4711028,416270,37688224,4996488,238219,16313,2069,55358,1655,1264,0.5347079236209167,6.0514185504600375,0.40452996670790325,4.578163211377231,True
NCBI149,Mus musculus,Spatial Transcriptomics,Spinal cord,Diseased,https://www.science.org/doi/10.1126/science.aav9776?url_ver=Z39.88-2003&rfr_id=ori:rid:crossref.org&rfr_dat=cr_pub%20%200pubmed,,,E:\Hestdata\st\NCBI149.h5ad,True,39659007,exposure_unresolved,False,True,main_v2/NCBI149,E:\count压缩\baseline\evidence\COUNT-HEST-SHARED-RESUME-001\main_v2\NCBI149\RESULT.json,39659007,ca6c24a74fc7f3d36bbd9a058f8a002c9db1bf0cb31622563f628c8afc0bbb80,0f94d637f1d3f7007fa69bcb7137962f02cc5b7ffd900c98429454b91285749b,323934,289,15303,4422567,441314,35380536,5296928,247339,16979,1919,54777,1656,1264,0.5859655715786781,5.872172648046516,0.44741255474478964,4.483682819942263,True
NCBI15,Mus musculus,Spatial Transcriptomics,Spinal cord,Diseased,https://www.science.org/doi/10.1126/science.aav9776?url_ver=Z39.88-2003&rfr_id=ori:rid:crossref.org&rfr_dat=cr_pub%20%200pubmed,,,E:\Hestdata\st\NCBI15.h5ad,True,33185627,exposure_unresolved,False,True,main_v2/NCBI15,E:\count压缩\baseline\evidence\COUNT-HEST-SHARED-RESUME-001\main_v2\NCBI15\RESULT.json,33185627,776e7b75c6a2ba3009635629089f2e7432eaa6298bd8b82b1ff10ded733732f4,6cce57c167ac6e7051a1bdb764d09ab2e92633f1f30423d63ab97aec503c4afa,321340,236,15315,3614340,442257,28914720,5308032,245515,17856,1463,53586,1656,1264,0.7112557202698141,5.812728797961366,0.5434242489638496,4.441128122336107,True
NCBI150,Mus musculus,Spatial Transcriptomics,Spinal cord,Diseased,https://www.science.org/doi/10.1126/science.aav9776?url_ver=Z39.88-2003&rfr_id=ori:rid:crossref.org&rfr_dat=cr_pub%20%200pubmed,,,E:\Hestdata\st\NCBI150.h5ad,True,38789594,exposure_unresolved,False,True,main_v2/NCBI150,E:\count压缩\baseline\evidence\COUNT-HEST-SHARED-RESUME-001\main_v2\NCBI150\RESULT.json,38789594,a78ad5b1dd071478d9e648baa6e93c8eb5a094366984bf138d93e937fd088652,ab364efe5ad19b5080aae25b9dcf8c2e22dd47b93afbd6242f085eca16e21e2f,302571,282,15298,4314036,398039,34512288,4777600,225844,16708,1890,55210,1655,1264,0.5610912843564588,6.081233245988458,0.41880781708822085,4.5391331000228625,True
NCBI151,Mus musculus,Spatial Transcriptomics,Spinal cord,Diseased,https://www.science.org/doi/10.1126/science.aav9776?url_ver=Z39.88-2003&rfr_id=ori:rid:crossref.org&rfr_dat=cr_pub%20%200pubmed,,,E:\Hestdata\st\NCBI151.h5ad,True,41874214,exposure_unresolved,False,True,main_v2/NCBI151,E:\count压缩\baseline\evidence\COUNT-HEST-SHARED-RESUME-001\main_v2\NCBI151\RESULT.json,41874214,94e9c36d66c1ccb8dd2c77f5c85a96f66e5d8006b9f2c2c591148d1a78dfeedb,04e58f3f22b1a04778a55a1685e143861b9d75c513999775a7e39215d94f9e36,341903,304,15454,4698016,471872,37584128,5663684,263641,17392,2034,55916,1656,1264,0.5822083194267538,5.796538044215381,0.4489401483519852,4.4697036484470365,True
NCBI152,Mus musculus,Spatial Transcriptomics,Spinal cord,Diseased,https://www.science.org/doi/10.1126/science.aav9776?url_ver=Z39.88-2003&rfr_id=ori:rid:crossref.org&rfr_dat=cr_pub%20%200pubmed,,,E:\Hestdata\st\NCBI152.h5ad,True,44701745,exposure_unresolved,False,True,main_v2/NCBI152,E:\count压缩\baseline\evidence\COUNT-HEST-SHARED-RESUME-001\main_v2\NCBI152\RESULT.json,44701745,ef090fe9bee6337ec94781693b72ef2e17eea5b3aa3ee56fa8aff6fa67a701c3,041e3ce1542a5b396a6ea5c0f09b69b724d4cc61c0a3e062c1e8dc95e84e3155,341982,328,15401,5051528,458863,40412224,5507672,262986,17249,2266,56561,1656,1264,0.5415897922371211,5.962250170530202,0.41648546736749753,4.585002495298161,True
NCBI153,Mus musculus,Spatial Transcriptomics,Spinal cord,Diseased,https://www.science.org/doi/10.1126/science.aav9776?url_ver=Z39.88-2003&rfr_id=ori:rid:crossref.org&rfr_dat=cr_pub%20%200pubmed,,,E:\Hestdata\st\NCBI153.h5ad,True,40667118,exposure_unresolved,False,True,main_v2/NCBI153,E:\count压缩\baseline\evidence\COUNT-HEST-SHARED-RESUME-001\main_v2\NCBI153\RESULT.json,40667118,30ed181911a39d58de15b1c4a8d2a4159ed5914bc43163dbdd2be7ee3c2f4e48,6c26a5a3c7ec36a8fe68a20dd2e6a94f0a8255472eddca6157e16c109537c76b,349032,293,15518,4546774,487959,36374192,5856684,272651,17720,1990,53751,1656,1264,0.6141180538113397,5.722316833996299,0.4797265049901315,4.470064083252896,True
NCBI154,Mus musculus,Spatial Transcriptomics,Spinal cord,Diseased,https://www.science.org/doi/10.1126/science.aav9776?url_ver=Z39.88-2003&rfr_id=ori:rid:crossref.org&rfr_dat=cr_pub%20%200pubmed,,,E:\Hestdata\st\NCBI154.h5ad,True,43212256,exposure_unresolved,False,True,main_v2/NCBI154,E:\count压缩\baseline\evidence\COUNT-HEST-SHARED-RESUME-001\main_v2\NCBI154\RESULT.json,43212256,a40bcbba608e70c50ad918cd9224f1dc08691181b4194e0767c63d55573ed574,46f89afeab63b2a7413aa9b35e736c4c9d105cbc2a1d16a44fe83262061d0184,372890,310,15688,4863280,529226,38906240,6351956,292331,18288,2133,57218,1656,1264,0.6133967199091971,5.636760098710192,0.48087874849895546,4.4189967990990615,True
NCBI155,Mus musculus,Spatial Transcriptomics,Spinal cord,Diseased,https://www.science.org/doi/10.1126/science.aav9776?url_ver=Z39.88-2003&rfr_id=ori:rid:crossref.org&rfr_dat=cr_pub%20%200pubmed,,,E:\Hestdata\st\NCBI155.h5ad,True,40792558,exposure_unresolved,False,True,main_v2/NCBI155,E:\count压缩\baseline\evidence\COUNT-HEST-SHARED-RESUME-001\main_v2\NCBI155\RESULT.json,40792558,4a5f929e660306ed0268f7d9d47e136f25f228d7fc748db4c4a94d9fca4443ac,75688978303320563ec9bf796400000a2e2cbbfb008f1832e59f4af18c5854bd,354350,292,15622,4561624,498613,36492992,5984528,275520,18063,1992,55855,1656,1264,0.6214453449034817,5.685371219763624,0.48319633534022094,4.420582696399813,True
NCBI156,Mus musculus,Spatial Transcriptomics,Spinal cord,Diseased,https://www.science.org/doi/10.1126/science.aav9776?url_ver=Z39.88-2003&rfr_id=ori:rid:crossref.org&rfr_dat=cr_pub%20%200pubmed,,,E:\Hestdata\st\NCBI156.h5ad,True,38866292,exposure_unresolved,False,True,main_v2/NCBI156,E:\count压缩\baseline\evidence\COUNT-HEST-SHARED-RESUME-001\main_v2\NCBI156\RESULT.json,38866292,9b2b75945f9b39673b4815357607bc8d8b2bc6a67be7780d61fff15537bb6ef8,cd1dbaf15bfa9c4fe4189eaa3524e5117685cfe289919ecceb651fa973bc1601,432118,267,16164,4315788,641107,34526304,7694356,349854,19645,1776,57921,1658,1264,0.8009994930242171,5.3921482685417566,0.6485100751010012,4.365623835022859,True
NCBI157,Mus musculus,Spatial Transcriptomics,Spinal cord,Diseased,https://www.science.org/doi/10.1126/science.aav9776?url_ver=Z39.88-2003&rfr_id=ori:rid:crossref.org&rfr_dat=cr_pub%20%200pubmed,,,E:\Hestdata\st\NCBI157.h5ad,True,43006426,exposure_unresolved,False,True,main_v2/NCBI157,E:\count压缩\baseline\evidence\COUNT-HEST-SHARED-RESUME-001\main_v2\NCBI157\RESULT.json,43006426,915caca26e904c1706635e0ce26066a2ac4e1a8272a09e62835ab6015bd31bc2,a2f6ac7dc98d23284ca5d7c57312adfa1d536e7df7991b890cb97f0d7eaf4fd5,442434,297,16266,4831002,658873,38648016,7907668,358722,19907,2005,58878,1658,1264,0.7326579454945371,5.372009476788395,0.5940332875043314,4.355582942387986,True
NCBI158,Mus musculus,Spatial Transcriptomics,Spinal cord,Diseased,https://www.science.org/doi/10.1126/science.aav9776?url_ver=Z39.88-2003&rfr_id=ori:rid:crossref.org&rfr_dat=cr_pub%20%200pubmed,,,E:\Hestdata\st\NCBI158.h5ad,True,35792117,exposure_unresolved,False,True,main_v2/NCBI158,E:\count压缩\baseline\evidence\COUNT-HEST-SHARED-RESUME-001\main_v2\NCBI158\RESULT.json,35792117,1eff37c7963cc0913d28d876f059e7d623d8bb5afabb2cc8d83658a24cdc3afc,9321126c32a7aaccf8b9606617218bd02be8a9137da70f41faccf2f8477d3bf3,362699,251,15685,3936935,508314,31495480,6100776,284030,18363,1654,55732,1656,1264,0.7370180102033689,5.708266937365487,0.5771596432249961,4.470150340144084,True
NCBI159,Mus musculus,Spatial Transcriptomics,Spinal cord,Diseased,https://www.science.org/doi/10.1126/science.aav9776?url_ver=Z39.88-2003&rfr_id=ori:rid:crossref.org&rfr_dat=cr_pub%20%200pubmed,,,E:\Hestdata\st\NCBI159.h5ad,True,32742821,exposure_unresolved,False,True,main_v2/NCBI159,E:\count压缩\baseline\evidence\COUNT-HEST-SHARED-RESUME-001\main_v2\NCBI159\RESULT.json,32742821,4cff7bc6e70e9d99408e8c7c590f6e9568151679522f5ccf9178ea9324871b8a,5728bfe0a919929018dd2948b0c55bd087aac4289eb91d5e84b3becf7240d64a,338998,224,15869,3554656,470387,28437248,5645544,260190,18793,1458,55637,1656,1264,0.762938523446432,5.765431442620651,0.5855756506396118,4.42512229292051,True
NCBI160,Mus musculus,Spatial Transcriptomics,Spinal cord,Diseased,https://www.science.org/doi/10.1126/science.aav9776?url_ver=Z39.88-2003&rfr_id=ori:rid:crossref.org&rfr_dat=cr_pub%20%200pubmed,,,E:\Hestdata\st\NCBI160.h5ad,True,43163198,exposure_unresolved,False,True,main_v2/NCBI160,E:\count压缩\baseline\evidence\COUNT-HEST-SHARED-RESUME-001\main_v2\NCBI160\RESULT.json,43163198,745b7ec03a85899699022490e9ae5795ae74cfade1eea850e29d78da42cf4832,81578fea70cd9d1f0bbd00211d61dca76a55893a62fe0b04304282a8f1f37afa,467595,302,16070,4853140,713608,38825120,8564508,384880,20215,2056,57522,1658,1264,0.7707916936251581,5.242037645317877,0.6344428555533119,4.314749834643109,True
NCBI161,Mus musculus,Spatial Transcriptomics,Spinal cord,Diseased,https://www.science.org/doi/10.1126/science.aav9776?url_ver=Z39.88-2003&rfr_id=ori:rid:crossref.org&rfr_dat=cr_pub%20%200pubmed,,,E:\Hestdata\st\NCBI161.h5ad,True,39137599,known_exposed,False,True,main_v2/NCBI161,E:\count压缩\baseline\evidence\COUNT-HEST-SHARED-RESUME-001\main_v2\NCBI161\RESULT.json,39137599,19c84f468b56c48a73917cf611816cf67b16752f243cd9732b934d8adb7d81eb,424bef48e286dd1c1ee84ff7ba7e7413477fe83f6f8bc7ef6a84ef18b1684a0c,462022,266,16343,4347238,706860,34777904,8483388,378314,20669,1756,58361,1658,1264,0.8502354828514105,5.2290071584189235,0.6961919269200352,4.281628611040376,True
NCBI162,Mus musculus,Spatial Transcriptomics,Spinal cord,Diseased,https://www.science.org/doi/10.1126/science.aav9776?url_ver=Z39.88-2003&rfr_id=ori:rid:crossref.org&rfr_dat=cr_pub%20%200pubmed,,,E:\Hestdata\st\NCBI162.h5ad,True,33149886,exposure_unresolved,False,True,main_v2/NCBI162,E:\count压缩\baseline\evidence\COUNT-HEST-SHARED-RESUME-001\main_v2\NCBI162\RESULT.json,33149886,247430bceb6ad9c07264249f807ccecf4356b931387388c4b99acfcd99e7b774,9f86af154c0b0e0d3c438371fdb82016f99e611a3f9458736d56468e1a9b0625,402057,224,16086,3603264,601370,28826112,7217340,321216,19882,1477,56560,1658,1264,0.8926506633985187,5.348547483246587,0.7131667288325252,4.273123035735072,True
NCBI163,Mus musculus,Spatial Transcriptomics,Spinal cord,Diseased,https://www.science.org/doi/10.1126/science.aav9776?url_ver=Z39.88-2003&rfr_id=ori:rid:crossref.org&rfr_dat=cr_pub%20%200pubmed,,,E:\Hestdata\st\NCBI163.h5ad,True,42856714,exposure_unresolved,False,True,main_v2/NCBI163,E:\count压缩\baseline\evidence\COUNT-HEST-SHARED-RESUME-001\main_v2\NCBI163\RESULT.json,42856714,41e05bdd1cf6142b7168a878e9e1c6a51e03266b1b351c6dc330c8108a3d200a,b39336fae87af05a86279a8c2453894343031a240ec35170cf217959a5dfbaf9,487278,296,16258,4812368,744936,38498944,8940420,402880,20736,2017,58723,1658,1264,0.8100427897450901,5.232964979541867,0.6697409674405614,4.326599868982034,True
NCBI164,Mus musculus,Spatial Transcriptomics,Spinal cord,Diseased,https://www.science.org/doi/10.1126/science.aav9776?url_ver=Z39.88-2003&rfr_id=ori:rid:crossref.org&rfr_dat=cr_pub%20%200pubmed,,,E:\Hestdata\st\NCBI164.h5ad,True,42815329,exposure_unresolved,False,True,main_v2/NCBI164,E:\count压缩\baseline\evidence\COUNT-HEST-SHARED-RESUME-001\main_v2\NCBI164\RESULT.json,42815329,c3c0ea8b7c33ee1bd9d09a84c08c2f054a071dacf4877ee6cc0b7f540198cfa8,989832b83dc63beaea15d3b80367e1534fab4d300f65834fcb093a52c1c9f5de,406739,303,15881,4811943,585765,38495544,7030396,325675,18442,2053,57649,1656,1264,0.6762158238366498,5.554978532346589,0.5414444851071594,4.447858782959036,True
NCBI165,Mus musculus,Spatial Transcriptomics,Spinal cord,Diseased,https://www.science.org/doi/10.1126/science.aav9776?url_ver=Z39.88-2003&rfr_id=ori:rid:crossref.org&rfr_dat=cr_pub%20%200pubmed,,,E:\Hestdata\st\NCBI165.h5ad,True,39212648,exposure_unresolved,False,True,main_v2/NCBI165,E:\count压缩\baseline\evidence\COUNT-HEST-SHARED-RESUME-001\main_v2\NCBI165\RESULT.json,39212648,cdafce8aa913afab894088e61fabb77fbf4743f617ab21b029548d2731c8030f,11b331be3b28dceffe4ee441575f637f0d59be9a3537387792e5daf6dedc3ad0,377504,277,15752,4363304,527734,34906432,6333920,297431,18604,1841,56708,1656,1264,0.6921433849211515,5.722640572712768,0.5453317027646939,4.508801782716293,True
NCBI167,Mus musculus,Spatial Transcriptomics,Spinal cord,Diseased,https://www.science.org/doi/10.1126/science.aav9776?url_ver=Z39.88-2003&rfr_id=ori:rid:crossref.org&rfr_dat=cr_pub%20%200pubmed,,,E:\Hestdata\st\NCBI167.h5ad,True,41235933,exposure_unresolved,False,True,main_v2/NCBI167,E:\count压缩\baseline\evidence\COUNT-HEST-SHARED-RESUME-001\main_v2\NCBI167\RESULT.json,41235933,fd945987474398aaee03bd7e0047d3daa1752c6afef9907c7ddceeea66839769,d6df9c1deae6066478fb62fddfa2007f38e4dfc69fcd9b475ca6f6cbbb3feb98,436206,285,16181,4611585,655953,36892680,7872580,353196,19989,1915,58184,1658,1264,0.7567133642771412,5.319966521991667,0.6127108141777718,4.307576914809445,True
NCBI168,Mus musculus,Spatial Transcriptomics,Spinal cord,Diseased,https://www.science.org/doi/10.1126/science.aav9776?url_ver=Z39.88-2003&rfr_id=ori:rid:crossref.org&rfr_dat=cr_pub%20%200pubmed,,,E:\Hestdata\st\NCBI168.h5ad,True,31862166,exposure_unresolved,False,True,main_v2/NCBI168,E:\count压缩\baseline\evidence\COUNT-HEST-SHARED-RESUME-001\main_v2\NCBI168\RESULT.json,31862166,06498ae55f49f7f1dcad5fb4665062d03ed7124db46a42b881f4eba3cc9551d8,701ab2fe43c02d5f63271887ef72148b968175fd52c93f7e89f14ab1ffec7756,337598,215,16014,3443010,484268,27544080,5812080,259273,18401,1414,55590,1656,1264,0.7844252558081446,5.577044116067962,0.6024333359473252,4.283132480362114,True
NCBI169,Mus musculus,Spatial Transcriptomics,Spinal cord,Diseased,https://www.science.org/doi/10.1126/science.aav9776?url_ver=Z39.88-2003&rfr_id=ori:rid:crossref.org&rfr_dat=cr_pub%20%200pubmed,,,E:\Hestdata\st\NCBI169.h5ad,True,44304308,exposure_unresolved,False,True,main_v2/NCBI169,E:\count压缩\baseline\evidence\COUNT-HEST-SHARED-RESUME-001\main_v2\NCBI169\RESULT.json,44304308,87fc7bfe1aad0f7d7d55c3781999540c96d302497da89ff932d966ffd72d626f,256f636314f2e7f6d16081dfedab1bcb1d55c5b6ad784dd3fe2d134dc32840e8,445776,306,16316,4992696,672951,39941568,8076640,361383,20052,2110,59309,1658,1264,0.7142850275682717,5.2993576055314575,0.579058688932793,4.296098824431496,True
NCBI17,Mus musculus,Spatial Transcriptomics,Spinal cord,Diseased,https://www.science.org/doi/10.1126/science.aav9776?url_ver=Z39.88-2003&rfr_id=ori:rid:crossref.org&rfr_dat=cr_pub%20%200pubmed,,,E:\Hestdata\st\NCBI17.h5ad,True,34719053,exposure_unresolved,False,True,main_v2/NCBI17,E:\count压缩\baseline\evidence\COUNT-HEST-SHARED-RESUME-001\main_v2\NCBI17\RESULT.json,34719053,4899069f38380d62ec6ffbb2208f289ee4041b2a27f9ab95e373364635255b90,392c6e8d858282933eefa36d113fc28503fcfecefc2d3baaa7598dd0fae3767a,286484,252,15109,3807468,366556,30459744,4399684,211273,16748,1628,53916,1655,1264,0.6019412375888649,6.252447102216305,0.4439128575735896,4.6109844062026,True
NCBI170,Mus musculus,Spatial Transcriptomics,Spinal cord,Diseased,https://www.science.org/doi/10.1126/science.aav9776?url_ver=Z39.88-2003&rfr_id=ori:rid:crossref.org&rfr_dat=cr_pub%20%200pubmed,,,E:\Hestdata\st\NCBI170.h5ad,True,40588923,known_exposed,False,True,main_v2/NCBI170,E:\count压缩\baseline\evidence\COUNT-HEST-SHARED-RESUME-001\main_v2\NCBI170\RESULT.json,40588923,6471e59e76cb4b0fa887360a4cb600efb0a2ea694982822c0db5f838c6d2d93b,165114e30076a77ff2d7ffb43c9a40bb36a42228f9d9f9b6adb25312e9541aa2,206427,326,13971,4554546,203558,36436368,2444004,137695,13268,2233,50312,1655,1264,0.3625863038818798,8.112754104481278,0.2418594520727203,5.411528900853811,True
NCBI171,Mus musculus,Spatial Transcriptomics,Spinal cord,Diseased,https://www.science.org/doi/10.1126/science.aav9776?url_ver=Z39.88-2003&rfr_id=ori:rid:crossref.org&rfr_dat=cr_pub%20%200pubmed,,,E:\Hestdata\st\NCBI171.h5ad,True,36059454,known_exposed,False,True,main_v2/NCBI171,E:\count压缩\baseline\evidence\COUNT-HEST-SHARED-RESUME-001\main_v2\NCBI171\RESULT.json,36059454,6090104d2c22ba949f3fa4eb91f6841342f10e83b046e928817b6099e94a7a9e,1c8de20f86c25a832bade2b39ae9b10402653eb4c386d749c8b8fae94493dcfb,208094,285,13998,3989430,213577,31915440,2564068,141197,13651,1934,48393,1655,1264,0.41729069065004276,7.794622080092894,0.2831422032721466,5.288846645472125,True
NCBI172,Mus musculus,Spatial Transcriptomics,Spinal cord,Diseased,https://www.science.org/doi/10.1126/science.aav9776?url_ver=Z39.88-2003&rfr_id=ori:rid:crossref.org&rfr_dat=cr_pub%20%200pubmed,,,E:\Hestdata\st\NCBI172.h5ad,True,28754189,exposure_unresolved,False,True,main_v2/NCBI172,E:\count压缩\baseline\evidence\COUNT-HEST-SHARED-RESUME-001\main_v2\NCBI172\RESULT.json,28754189,2c7f7979f74ff331b18256866fe5485f0d30eb9bbb810b4e055a9c4eab627771,ad73fb300d21bd9597f1742345022ae636d6b4b18b82e8a0d71969630c500afd,186080,211,14557,3071527,187871,24572216,2255300,118758,13308,1409,49687,1654,1264,0.48465795677524565,7.923734903204859,0.3093132503800227,5.057001878948853,True
NCBI173,Mus musculus,Spatial Transcriptomics,Spinal cord,Diseased,https://www.science.org/doi/10.1126/science.aav9776?url_ver=Z39.88-2003&rfr_id=ori:rid:crossref.org&rfr_dat=cr_pub%20%200pubmed,,,E:\Hestdata\st\NCBI173.h5ad,True,37795853,exposure_unresolved,False,True,main_v2/NCBI173,E:\count压缩\baseline\evidence\COUNT-HEST-SHARED-RESUME-001\main_v2\NCBI173\RESULT.json,37795853,06cbd5f6fd3bdc6fc307ed947d0d3cb7ef4dda815c2dce78f2e73e786fb429ca,4873ec6a7f1d9f8d00612450faa68ea1e82e509ca5117e80b50effa73cb460dc,215709,295,14245,4202275,223244,33618200,2680112,146696,13601,1989,50504,1655,1264,0.4106518492959171,7.729981544856749,0.2792696813035796,5.256884843489635,True
NCBI174,Mus musculus,Spatial Transcriptomics,Spinal cord,Diseased,https://www.science.org/doi/10.1126/science.aav9776?url_ver=Z39.88-2003&rfr_id=ori:rid:crossref.org&rfr_dat=cr_pub%20%200pubmed,,,E:\Hestdata\st\NCBI174.h5ad,True,32006263,exposure_unresolved,False,True,main_v2/NCBI174,E:\count压缩\baseline\evidence\COUNT-HEST-SHARED-RESUME-001\main_v2\NCBI174\RESULT.json,32006263,e172b5403dd6ef4482319249b1a964508632065daa8213c950c6a6da31dcf911,6b557f39c7e2a74aacdc119063b5123f065fdf6e30ae0e02d26a4095c46f3231,169034,259,13471,3488989,154337,27911912,1853084,105057,11828,1669,47563,1653,1264,0.38758276394680524,8.761813434238064,0.24088811973898455,5.44558984559762,True
NCBI175,Mus musculus,Spatial Transcriptomics,Spinal cord,Diseased,https://www.science.org/doi/10.1126/science.aav9776?url_ver=Z39.88-2003&rfr_id=ori:rid:crossref.org&rfr_dat=cr_pub%20%200pubmed,,,E:\Hestdata\st\NCBI175.h5ad,True,30261442,exposure_unresolved,False,True,main_v2/NCBI175,E:\count压缩\baseline\evidence\COUNT-HEST-SHARED-RESUME-001\main_v2\NCBI175\RESULT.json,30261442,94948ca1551d2598582e4fb6fad3ed7b53b02167bf2d3183dac4d795cc3f5f39,1ea7c33f80e68bede11ecf3111f09179d556db2a2f276aa91def82ba26c85530,204844,226,14426,3260276,211031,26082208,2533280,135125,14265,1477,51058,1655,1264,0.5026421076007062,7.765456259980761,0.3315670207062224,5.122470158412745,True
NCBI176,Mus musculus,Spatial Transcriptomics,Spinal cord,Diseased,https://www.science.org/doi/10.1126/science.aav9776?url_ver=Z39.88-2003&rfr_id=ori:rid:crossref.org&rfr_dat=cr_pub%20%200pubmed,,,E:\Hestdata\st\NCBI176.h5ad,True,41383120,exposure_unresolved,False,True,main_v2/NCBI176,E:\count压缩\baseline\evidence\COUNT-HEST-SHARED-RESUME-001\main_v2\NCBI176\RESULT.json,41383120,6f44c00de1ae813d4ef5c4f504f1d22f536bc0326c707024eda341260e79cade,962a5acff4bda750ca145fc33df91cc4ce8fe850aba12b593a98092e6cb40976,238068,326,14264,4650064,256887,37200512,3083952,166097,14220,2224,52608,1655,1264,0.4095737176950683,7.413936867182847,0.2857543466068424,5.172608968145527,True
NCBI177,Mus musculus,Spatial Transcriptomics,Spinal cord,Diseased,https://www.science.org/doi/10.1126/science.aav9776?url_ver=Z39.88-2003&rfr_id=ori:rid:crossref.org&rfr_dat=cr_pub%20%200pubmed,,,E:\Hestdata\st\NCBI177.h5ad,True,42884097,exposure_unresolved,False,True,main_v2/NCBI177,E:\count压缩\baseline\evidence\COUNT-HEST-SHARED-RESUME-001\main_v2\NCBI177\RESULT.json,42884097,93967818495f91db2468542f5c9240d80e66c792900b8c4c68d56acb1d584e26,2b7f3500c424873554aa6e19e30f198909e564d5d0db05613afea059f338878f,252975,333,14521,4835493,280475,38683944,3367036,179293,14702,2277,53784,1655,1264,0.4185302305266495,7.215616365094928,0.2966282858852241,5.1139816382921826,True
NCBI178,Mus musculus,Spatial Transcriptomics,Spinal cord,Diseased,https://www.science.org/doi/10.1126/science.aav9776?url_ver=Z39.88-2003&rfr_id=ori:rid:crossref.org&rfr_dat=cr_pub%20%200pubmed,,,E:\Hestdata\st\NCBI178.h5ad,True,48999373,exposure_unresolved,False,True,main_v2/NCBI178,E:\count压缩\baseline\evidence\COUNT-HEST-SHARED-RESUME-001\main_v2\NCBI178\RESULT.json,48999373,20d4b085face033c8f3c92f7d4c6b64a47ba6eaf6a9f52ef61ab3d14f61a3d7f,7a1835ecc1416368216728608526ae431a07001e411ce70b17586d7bd8e8ca2e,248099,396,14149,5603004,265019,44824032,3181816,174976,14068,2765,53371,1655,1264,0.35423711994494383,7.489244167399319,0.24983169742516692,5.281915636237402,True
NCBI179,Mus musculus,Spatial Transcriptomics,Spinal cord,Diseased,https://www.science.org/doi/10.1126/science.aav9776?url_ver=Z39.88-2003&rfr_id=ori:rid:crossref.org&rfr_dat=cr_pub%20%200pubmed,,,E:\Hestdata\st\NCBI179.h5ad,True,35569078,exposure_unresolved,False,True,main_v2/NCBI179,E:\count压缩\baseline\evidence\COUNT-HEST-SHARED-RESUME-001\main_v2\NCBI179\RESULT.json,35569078,24e7765ffe153f800cbc0b3ed7dcd960bcbe4edafcdbad2ac161b029ced4b3ff,54b5e1bf25fecd812117dc0c54b636b2b4e37377b61dd2ade2de6577f978bad6,234858,270,14526,3922020,259919,31376160,3120112,162820,14789,1777,52553,1655,1264,0.47905518074869585,7.22865200312405,0.3321145736125772,5.011407399997692,True
NCBI18,Mus musculus,Spatial Transcriptomics,Spinal cord,Diseased,https://www.science.org/doi/10.1126/science.aav9776?url_ver=Z39.88-2003&rfr_id=ori:rid:crossref.org&rfr_dat=cr_pub%20%200pubmed,,,E:\Hestdata\st\NCBI18.h5ad,True,32119062,exposure_unresolved,False,True,main_v2/NCBI18,E:\count压缩\baseline\evidence\COUNT-HEST-SHARED-RESUME-001\main_v2\NCBI18\RESULT.json,32119062,c6b002a20c0844db11ff9cf92e3ab10f5ca0a6ed91ce582cfdf24abd72f43770,67425987966ca6efb299aa5a810b1e987dcb28824093d881d4495b078d0b0a90,226882,239,14606,3490834,254625,27926672,3056460,155874,14485,1456,52148,1655,1264,0.5199491009884744,7.128349533627884,0.35721893392811,4.897366715758468,True
NCBI180,Mus musculus,Spatial Transcriptomics,Spinal cord,Diseased,https://www.science.org/doi/10.1126/science.aav9776?url_ver=Z39.88-2003&rfr_id=ori:rid:crossref.org&rfr_dat=cr_pub%20%200pubmed,,,E:\Hestdata\st\NCBI180.h5ad,True,42738074,exposure_unresolved,False,True,main_v2/NCBI180,E:\count压缩\baseline\evidence\COUNT-HEST-SHARED-RESUME-001\main_v2\NCBI180\RESULT.json,42738074,f7565f113f5f59b6c78146811aac9ee1e9ad46affbafd337fea0d66624e66f34,c018d7c3c469505a09f08b0a16cadc532dcb93fd526f9d27779e1bcb50f64d50,254423,330,14594,4816020,283994,38528160,3409252,180364,14871,2259,54010,1655,1264,0.4226278130074211,7.16699648584125,0.2996067292079352,5.080783396832327,True
NCBI181,Mus musculus,Spatial Transcriptomics,Spinal cord,Diseased,https://www.science.org/doi/10.1126/science.aav9776?url_ver=Z39.88-2003&rfr_id=ori:rid:crossref.org&rfr_dat=cr_pub%20%200pubmed,,,E:\Hestdata\st\NCBI181.h5ad,True,44513852,exposure_unresolved,False,True,main_v2/NCBI181,E:\count压缩\baseline\evidence\COUNT-HEST-SHARED-RESUME-001\main_v2\NCBI181\RESULT.json,44513852,09bbf6590c2aee4a27dd7863785513e326bcf6286e1e296f0de00c80269dadbe,999ad3dd7a7d8af0bad198951a5ae9da35ca373cef8096ac7215f06ee2ff2060,291555,344,14644,5037536,349701,40300288,4197792,216430,15788,2365,54053,1655,1264,0.4630120757449674,6.669812211003114,0.3437077174237564,4.951201168998659,True
NCBI182,Mus musculus,Spatial Transcriptomics,Spinal cord,Diseased,https://www.science.org/doi/10.1126/science.aav9776?url_ver=Z39.88-2003&rfr_id=ori:rid:crossref.org&rfr_dat=cr_pub%20%200pubmed,,,E:\Hestdata\st\NCBI182.h5ad,True,42738337,exposure_unresolved,False,True,main_v2/NCBI182,E:\count压缩\baseline\evidence\COUNT-HEST-SHARED-RESUME-001\main_v2\NCBI182\RESULT.json,42738337,414a85ecd4b97edc50d12143fb841a91f637a557c20801bc669da29ce44b9d3d,69c82429922df60b835d7c1f87bf80a51d96e354a6fff0182b15ed2a842fb12e,284682,331,14553,4817043,339496,38536344,4075280,210240,15415,2276,53832,1655,1264,0.4727912954067464,6.708344133656951,0.3491602628417475,4.9541673539599875,True
NCBI183,Mus musculus,Spatial Transcriptomics,Spinal cord,Diseased,https://www.science.org/doi/10.1126/science.aav9776?url_ver=Z39.88-2003&rfr_id=ori:rid:crossref.org&rfr_dat=cr_pub%20%200pubmed,,,E:\Hestdata\st\NCBI183.h5ad,True,32508213,exposure_unresolved,False,True,main_v2/NCBI183,E:\count压缩\baseline\evidence\COUNT-HEST-SHARED-RESUME-001\main_v2\NCBI183\RESULT.json,32508213,ab1162572ba1af003c30d72963c889dcb85170f11b1c7d089c19ab3964e61a59,c507a18c2a04fa99821ccebacb8dc1c9f8afaadf22383f8f27fcaa12a491847e,231009,244,14509,3540196,262040,28321568,3145460,159682,14824,1595,51989,1655,1264,0.5220253341905363,7.052633185773164,0.3608432979416959,4.87504197832392,True
NCBI184,Mus musculus,Spatial Transcriptomics,Spinal cord,Diseased,https://www.science.org/doi/10.1126/science.aav9776?url_ver=Z39.88-2003&rfr_id=ori:rid:crossref.org&rfr_dat=cr_pub%20%200pubmed,,,E:\Hestdata\st\NCBI184.h5ad,True,49230572,known_exposed,False,True,main_v2/NCBI184,E:\count压缩\baseline\evidence\COUNT-HEST-SHARED-RESUME-001\main_v2\NCBI184\RESULT.json,49230572,6fe6626b1f8acffbd4ec33ac3989ccfe208a36c29180650ceb11e3da62e1ca5c,3e1e61a718a8d4dd40b99d36309408d418096e394750b582177d63aa60f786de,316255,381,14764,5625084,381060,45000672,4574248,238709,16213,2638,55776,1655,1264,0.44977817220151733,6.639479347084449,0.33949217469463566,5.011473258804387,True
NCBI185,Mus musculus,Spatial Transcriptomics,Spinal cord,Diseased,https://www.science.org/doi/10.1126/science.aav9776?url_ver=Z39.88-2003&rfr_id=ori:rid:crossref.org&rfr_dat=cr_pub%20%200pubmed,,,E:\Hestdata\st\NCBI185.h5ad,True,28555282,known_exposed,False,True,main_v2/NCBI185,E:\count压缩\baseline\evidence\COUNT-HEST-SHARED-RESUME-001\main_v2\NCBI185\RESULT.json,28555282,ec5930a5a8db6adf2a36d28b3676a071a7c4258f359e96317db695d26ec29e57,4f286764bc38f5d181a31e7e4e2ca737cad031341b9ae4e4dae1a6201b11de33,194985,206,14762,3040972,199395,24327776,2393568,125057,14081,1351,51577,1655,1264,0.512954410629233,7.82306477093207,0.32899217750114107,5.017457809874871,True
NCBI186,Mus musculus,Spatial Transcriptomics,Spinal cord,Diseased,https://www.science.org/doi/10.1126/science.aav9776?url_ver=Z39.88-2003&rfr_id=ori:rid:crossref.org&rfr_dat=cr_pub%20%200pubmed,,,E:\Hestdata\st\NCBI186.h5ad,True,29995452,exposure_unresolved,False,True,main_v2/NCBI186,E:\count压缩\baseline\evidence\COUNT-HEST-SHARED-RESUME-001\main_v2\NCBI186\RESULT.json,29995452,b1711a39176d68d7e0bffde4f473d9ed47089ce5d22e13345cd4a0b776877054,2969398e054c59af13e004e850f92d24bad106ae2e7713366c998989b2d3d931,189056,221,14596,3225716,187515,25805728,2251068,119652,13516,1444,51525,1655,1264,0.4688720271716419,8.065744073807428,0.29674528073767187,5.10474362051036,True
NCBI188,Mus musculus,Spatial Transcriptomics,Spinal cord,Diseased,https://www.science.org/doi/10.1126/science.aav9776?url_ver=Z39.88-2003&rfr_id=ori:rid:crossref.org&rfr_dat=cr_pub%20%200pubmed,,,E:\Hestdata\st\NCBI188.h5ad,True,25674803,exposure_unresolved,False,True,main_v2/NCBI188,E:\count压缩\baseline\evidence\COUNT-HEST-SHARED-RESUME-001\main_v2\NCBI188\RESULT.json,25674803,3e93bd30f2e5adc49239a12aee70f1d42841de8f451fcf5323c0065fcbad35f4,28997750a939d8a80b8d08df259b2181adca9b45e7c3d7a049279951dc5e9cfd,175914,183,14675,2685525,174078,21484200,2089672,108835,13286,1162,49713,1654,1264,0.5240360823302707,8.084375969393031,0.32421221176492493,5.001665919874998,True
NCBI189,Mus musculus,Spatial Transcriptomics,Spinal cord,Diseased,https://www.science.org/doi/10.1126/science.aav9776?url_ver=Z39.88-2003&rfr_id=ori:rid:crossref.org&rfr_dat=cr_pub%20%200pubmed,,,E:\Hestdata\st\NCBI189.h5ad,True,37008958,known_exposed,False,True,main_v2/NCBI189,E:\count压缩\baseline\evidence\COUNT-HEST-SHARED-RESUME-001\main_v2\NCBI189\RESULT.json,37008958,2c8ce461e021b8d9846cd2b9fec4cf02a328ab70e408aaf1d9e8510a682d7e76,37d04510072734b6a1804eeb2a08391df37311599ea616bd9c90576cad3dc00b,222242,280,14646,4100880,232737,32807040,2793968,150310,14294,1859,52860,1655,1264,0.43354987222254737,7.639249453245509,0.29322486880864596,5.16669029849143,True
NCBI19,Mus musculus,Spatial Transcriptomics,Spinal cord,Diseased,https://www.science.org/doi/10.1126/science.aav9776?url_ver=Z39.88-2003&rfr_id=ori:rid:crossref.org&rfr_dat=cr_pub%20%200pubmed,,,E:\Hestdata\st\NCBI19.h5ad,True,21404839,known_exposed,False,True,main_v2/NCBI19,E:\count压缩\baseline\evidence\COUNT-HEST-SHARED-RESUME-001\main_v2\NCBI19\RESULT.json,21404839,6ee1879b632993b634c78d117ec5b96db2688df7ddff016017abadcf31c45a9e,8f6586fbd9ab2e08d355a7fcbba85093027f72fdfe92624e2931651561b41254,240394,135,15847,2139345,317855,17114760,3814804,166894,16886,801,52895,1654,1264,0.8989443030460258,6.050406631954822,0.6240938231094096,4.200506520268676,True
NCBI190,Mus musculus,Spatial Transcriptomics,Spinal cord,Diseased,https://www.science.org/doi/10.1126/science.aav9776?url_ver=Z39.88-2003&rfr_id=ori:rid:crossref.org&rfr_dat=cr_pub%20%200pubmed,,,E:\Hestdata\st\NCBI190.h5ad,True,37760294,exposure_unresolved,False,True,main_v2/NCBI190,E:\count压缩\baseline\evidence\COUNT-HEST-SHARED-RESUME-001\main_v2\NCBI190\RESULT.json,37760294,0cd506511ad0bb496242bec3e87912c0493a67ec341bb9e80bd99c8ba09a40e3,7aaf5062fdf70c026cda2045e2bd9f1b9fcdf8b67ee7cc04e0916d30255858f2,213127,289,14518,4195702,216369,33565616,2597588,142103,13752,1949,52404,1655,1264,0.40637204453509806,7.880130702642245,0.27094965276370914,5.254098322772671,True
NCBI191,Mus musculus,Spatial Transcriptomics,Spinal cord,Diseased,https://www.science.org/doi/10.1126/science.aav9776?url_ver=Z39.88-2003&rfr_id=ori:rid:crossref.org&rfr_dat=cr_pub%20%200pubmed,,,E:\Hestdata\st\NCBI191.h5ad,True,35564628,exposure_unresolved,False,True,main_v2/NCBI191,E:\count压缩\baseline\evidence\COUNT-HEST-SHARED-RESUME-001\main_v2\NCBI191\RESULT.json,35564628,33a34bd76bc5396892fc3e4ff68301df15ee04c122b1972f120499df6e9ec65c,b9afe8723f15dbc00402bf4e8965265cd068630a90d2d442399fc6ea9b4b8ed9,218088,270,14524,3921480,229089,31371840,2750152,146620,14194,1805,52550,1655,1264,0.444909574956394,7.6158348938622105,0.2991115599212542,5.1201061596148225,True
NCBI192,Mus musculus,Spatial Transcriptomics,Spinal cord,Diseased,https://www.science.org/doi/10.1126/science.aav9776?url_ver=Z39.88-2003&rfr_id=ori:rid:crossref.org&rfr_dat=cr_pub%20%200pubmed,,,E:\Hestdata\st\NCBI192.h5ad,True,34386966,exposure_unresolved,False,True,main_v2/NCBI192,E:\count压缩\baseline\evidence\COUNT-HEST-SHARED-RESUME-001\main_v2\NCBI192\RESULT.json,34386966,02551b9869b40cfb072fda207926e0072078415767d865e03b987d35ab821e27,3ca2c33b673525c823defaa4b35ac7fa19a6704ff9180711cd5a4c0ef1eaca06,167344,272,13902,3781344,145181,30250752,1743264,100749,11908,1760,50012,1651,1264,0.35404131441096076,9.221261735351044,0.21314961029729113,5.551635544596056,True
NCBI193,Mus musculus,Spatial Transcriptomics,Spinal cord,Diseased,https://www.science.org/doi/10.1126/science.aav9776?url_ver=Z39.88-2003&rfr_id=ori:rid:crossref.org&rfr_dat=cr_pub%20%200pubmed,,,E:\Hestdata\st\NCBI193.h5ad,True,36356002,exposure_unresolved,False,True,main_v2/NCBI193,E:\count压缩\baseline\evidence\COUNT-HEST-SHARED-RESUME-001\main_v2\NCBI193\RESULT.json,36356002,dd9bd7c8283ead622dea8a7871e93f2c9a953edf21be6358e2a2ea8663c25b5b,580913979c63527061cc759e814d454af40c2087b7e385c55cdd4315e95f12bc,230679,277,14514,4020378,253627,32163024,3044636,159224,14433,1835,52268,1655,1264,0.45901952502973603,7.276165392485816,0.3168338897486754,5.022304407653759,True
NCBI194,Mus musculus,Spatial Transcriptomics,Spinal cord,Diseased,https://www.science.org/doi/10.1126/science.aav9776?url_ver=Z39.88-2003&rfr_id=ori:rid:crossref.org&rfr_dat=cr_pub%20%200pubmed,,,E:\Hestdata\st\NCBI194.h5ad,True,39837765,known_exposed,False,True,main_v2/NCBI194,E:\count压缩\baseline\evidence\COUNT-HEST-SHARED-RESUME-001\main_v2\NCBI194\RESULT.json,39837765,957f8d93cbdfae21a08e9243f620c58bf090f8161159232fca11d74935325414,479e71fd07eed29067e8c4a5b0afcfd1573738cf1c222ded527a7c381f50a2a7,259499,299,14877,4448223,296097,35585784,3554364,185652,15201,2004,53723,1655,1264,0.46670142211845045,7.011188900934491,0.33388973529429616,5.015977872116232,True
NCBI195,Mus musculus,Spatial Transcriptomics,Spinal cord,Diseased,https://www.science.org/doi/10.1126/science.aav9776?url_ver=Z39.88-2003&rfr_id=ori:rid:crossref.org&rfr_dat=cr_pub%20%200pubmed,,,E:\Hestdata\st\NCBI195.h5ad,True,41678487,exposure_unresolved,False,True,main_v2/NCBI195,E:\count压缩\baseline\evidence\COUNT-HEST-SHARED-RESUME-001\main_v2\NCBI195\RESULT.json,41678487,441d8510c8fa5afc2f7163a20142793b4065d587102c04b3c401cbcd79569465,c543e9e20c1821c1d4de7cce8d4edb9b07bf372eb7885bdf9355399bb2e5030a,260049,312,14991,4677192,291227,37417536,3495976,184986,15382,2097,54665,1655,1264,0.4447950821775116,7.1435409491565,0.31640522775203583,5.081561805739166,True
NCBI197,Mus musculus,Spatial Transcriptomics,Spinal cord,Diseased,https://www.science.org/doi/10.1126/science.aav9776?url_ver=Z39.88-2003&rfr_id=ori:rid:crossref.org&rfr_dat=cr_pub%20%200pubmed,,,E:\Hestdata\st\NCBI197.h5ad,True,38490768,exposure_unresolved,False,True,main_v2/NCBI197,E:\count压缩\baseline\evidence\COUNT-HEST-SHARED-RESUME-001\main_v2\NCBI197\RESULT.json,38490768,b23b0d6f01c6e93e51b08f7399776edf2891f8df5ebd207503991c83ee591ab3,3463383c96b13992b347250ea372cd70889293faef30c15533f4049f0b3671a9,236759,287,14912,4279744,257861,34237952,3095484,163373,14315,1957,54195,1655,1264,0.4425666581926396,7.345321704329076,0.3053883596775882,5.068560193282427,True
NCBI199,Mus musculus,Spatial Transcriptomics,Spinal cord,Diseased,https://www.science.org/doi/10.1126/science.aav9776?url_ver=Z39.88-2003&rfr_id=ori:rid:crossref.org&rfr_dat=cr_pub%20%200pubmed,,,E:\Hestdata\st\NCBI199.h5ad,True,34919046,exposure_unresolved,False,True,main_v2/NCBI199,E:\count压缩\baseline\evidence\COUNT-HEST-SHARED-RESUME-001\main_v2\NCBI199\RESULT.json,34919046,809bbf2309bfffcfc89ef1caeaf2b43a8d872a9efd3f7d50c2b923a50e22c41c,251900fc0820caa737d228b9489da38981f8696e94ce35b9147f515626c95915,209120,260,14750,3835000,215220,30680000,2583684,137887,14059,1749,52506,1655,1264,0.4362346805736636,7.773255273673451,0.28763911342894394,5.125434439178515,True
NCBI2,Homo sapiens,Visium,Cervix,Cancer,https://www.ncbi.nlm.nih.gov/pmc/articles/PMC10040725/,,CC BY 4.0,E:\Hestdata\st\NCBI2.h5ad,True,63908915,exposure_unresolved,True,True,main_v2/NCBI2,E:\count压缩\baseline\evidence\COUNT-HEST-SHARED-RESUME-001\main_v2\NCBI2\RESULT.json,63908915,6d8ce00f7dc29dec4f2ebe3aa0521f50ab62b4256b148a24cf369125ad2be4b2,9acd52caed0b4a608de548a14ac4d00d10d518b0ed86fe0a4d3032d7c074d1a1,3894088,1757,20615,36220555,7271662,289764440,87266976,3742233,31914,14098,102913,1666,1264,0.8600835630486612,4.284124317109349,0.826543491672063,4.1170593462677445,True
NCBI20,Mus musculus,Spatial Transcriptomics,Spinal cord,Diseased,https://www.science.org/doi/10.1126/science.aav9776?url_ver=Z39.88-2003&rfr_id=ori:rid:crossref.org&rfr_dat=cr_pub%20%200pubmed,,,E:\Hestdata\st\NCBI20.h5ad,True,32222843,exposure_unresolved,False,True,main_v2/NCBI20,E:\count压缩\baseline\evidence\COUNT-HEST-SHARED-RESUME-001\main_v2\NCBI20\RESULT.json,32222843,f1f07f8221265572c6a44937972edde5eebd950c0c2252457326278e70068ff6,db5ec8b59ee115a7e450e396d8a75fd198d6f31c52e35d66ddcf786992ed0e99,386195,218,16003,3488654,591552,27909232,7099500,306310,19663,1364,55936,1658,1264,0.885602298192942,5.222803743373364,0.7024141689029637,4.142459158281943,True
NCBI200,Mus musculus,Spatial Transcriptomics,Spinal cord,Diseased,https://www.science.org/doi/10.1126/science.aav9776?url_ver=Z39.88-2003&rfr_id=ori:rid:crossref.org&rfr_dat=cr_pub%20%200pubmed,,,E:\Hestdata\st\NCBI200.h5ad,True,32479180,known_exposed,False,True,main_v2/NCBI200,E:\count压缩\baseline\evidence\COUNT-HEST-SHARED-RESUME-001\main_v2\NCBI200\RESULT.json,32479180,83427a06d5acba8de44f748410026c192f31c9dd6f987e41ea002b1ab8c5a9cd,f0fe8dd5b68851baa56a6da32019d58af85df21e7f1cdc9e2d1040956420ab49,215846,247,14324,3538028,230558,28304224,2767688,146253,13949,1653,51072,1655,1264,0.48805945006653423,7.489516737653866,0.3306994743964717,5.074749086997632,True
NCBI201,Mus musculus,Spatial Transcriptomics,Spinal cord,Diseased,https://www.science.org/doi/10.1126/science.aav9776?url_ver=Z39.88-2003&rfr_id=ori:rid:crossref.org&rfr_dat=cr_pub%20%200pubmed,,,E:\Hestdata\st\NCBI201.h5ad,True,39271693,exposure_unresolved,False,True,main_v2/NCBI201,E:\count压缩\baseline\evidence\COUNT-HEST-SHARED-RESUME-001\main_v2\NCBI201\RESULT.json,39271693,4bdc83ff8439fb3d98b27200920ab7bcab5719daf2096ad154df266f5e1cbe63,fe2858c67cec9aa7e64f159d742f71ba881d6e31f30ee48b23804279f7dd6359,245232,301,14565,4384065,262273,35072520,3148484,172340,14995,2003,52975,1655,1264,0.4474970147568524,7.480205739820721,0.3144843883473443,5.256812557907219,True
NCBI202,Mus musculus,Spatial Transcriptomics,Spinal cord,Diseased,https://www.science.org/doi/10.1126/science.aav9776?url_ver=Z39.88-2003&rfr_id=ori:rid:crossref.org&rfr_dat=cr_pub%20%200pubmed,,,E:\Hestdata\st\NCBI202.h5ad,True,28842567,exposure_unresolved,False,True,main_v2/NCBI202,E:\count压缩\baseline\evidence\COUNT-HEST-SHARED-RESUME-001\main_v2\NCBI202\RESULT.json,28842567,9472a24fc8b8bbd5dcdc91094028ed3acc8f69b406487ce4c436ac8a6b3a51a0,be71e7c81c6e0f28edba75c2c145f8e378992a730b2826f26ce075bb5f83ac29,187718,215,14343,3083745,185420,24669960,2225904,119487,13319,1399,50595,1654,1264,0.4869870887508533,8.099147880487541,0.3099789379472038,5.155301477726243,True
NCBI203,Mus musculus,Spatial Transcriptomics,Spinal cord,Diseased,https://www.science.org/doi/10.1126/science.aav9776?url_ver=Z39.88-2003&rfr_id=ori:rid:crossref.org&rfr_dat=cr_pub%20%200pubmed,,,E:\Hestdata\st\NCBI203.h5ad,True,36210221,exposure_unresolved,False,True,main_v2/NCBI203,E:\count压缩\baseline\evidence\COUNT-HEST-SHARED-RESUME-001\main_v2\NCBI203\RESULT.json,36210221,7419945fc8bfc9bd5065d0fdb63681f60c488399eb70cf30386b977784b5b8ae,8054966d42c3d0c2cc2ec881206c8eddbca20c8914ef92fc33976d38af49c3a6,236208,276,14501,4002276,259976,32018208,3120820,164282,14699,1821,52487,1655,1264,0.4721473481588976,7.268609410099394,0.32837715339971557,5.055297412068806,True
NCBI204,Mus musculus,Spatial Transcriptomics,Spinal cord,Diseased,https://www.science.org/doi/10.1126/science.aav9776?url_ver=Z39.88-2003&rfr_id=ori:rid:crossref.org&rfr_dat=cr_pub%20%200pubmed,,,E:\Hestdata\st\NCBI204.h5ad,True,36012520,exposure_unresolved,False,True,main_v2/NCBI204,E:\count压缩\baseline\evidence\COUNT-HEST-SHARED-RESUME-001\main_v2\NCBI204\RESULT.json,36012520,d78e278d18308db5debb1087b7cd4c5f0a24ff7f75b255cc7826f7fc4d4ff068,43ed5284f2d3c31a4909ad29cdce41c5945691e6531d52a6e53c53d4723f68e8,220184,273,14568,3977064,228461,31816512,2742628,149218,14411,1826,51810,1655,1264,0.442907632363975,7.710164973452799,0.3001571008160794,5.225154402720815,True
NCBI205,Mus musculus,Spatial Transcriptomics,Spinal cord,Diseased,https://www.science.org/doi/10.1126/science.aav9776?url_ver=Z39.88-2003&rfr_id=ori:rid:crossref.org&rfr_dat=cr_pub%20%200pubmed,,,E:\Hestdata\st\NCBI205.h5ad,True,45420946,exposure_unresolved,False,True,main_v2/NCBI205,E:\count压缩\baseline\evidence\COUNT-HEST-SHARED-RESUME-001\main_v2\NCBI205\RESULT.json,45420946,681eed58b9e50b71bb10458254a9e961c6525dd03785fe0ad3878e0b78cd8962,1d797e30ef915235662416951410101103a7975592853f79dbda050a32b707bc,256587,351,14674,5150574,279233,41204592,3352204,182311,14366,2395,54596,1655,1264,0.3985373280725605,7.351194164013566,0.2831699923154196,5.223193533715571,True
NCBI206,Mus musculus,Spatial Transcriptomics,Spinal cord,Diseased,https://www.science.org/doi/10.1126/science.aav9776?url_ver=Z39.88-2003&rfr_id=ori:rid:crossref.org&rfr_dat=cr_pub%20%200pubmed,,,E:\Hestdata\st\NCBI206.h5ad,True,37806364,exposure_unresolved,False,True,main_v2/NCBI206,E:\count压缩\baseline\evidence\COUNT-HEST-SHARED-RESUME-001\main_v2\NCBI206\RESULT.json,37806364,55db4cfb966d44dfbe0ba438370f20de774e0688283900cd5e33dcf4047e04eb,ab37a903185a317384b32ed6dbe795c5a97a949a880025867212922cc727b790,233488,287,14636,4200532,250788,33604256,3010608,161165,14218,1903,53283,1655,1264,0.4446827211410364,7.448139464408185,0.3069420730516992,5.141075330558081,True
NCBI207,Mus musculus,Spatial Transcriptomics,Spinal cord,Diseased,https://www.science.org/doi/10.1126/science.aav9776?url_ver=Z39.88-2003&rfr_id=ori:rid:crossref.org&rfr_dat=cr_pub%20%200pubmed,,,E:\Hestdata\st\NCBI207.h5ad,True,41309703,exposure_unresolved,False,True,main_v2/NCBI207,E:\count压缩\baseline\evidence\COUNT-HEST-SHARED-RESUME-001\main_v2\NCBI207\RESULT.json,41309703,acb6d2ce6702988251fa0775bad014aa5d1a9b49759b9cad5bbbb87c135e3023,1ae0063dfecee2531b404c75e72b0efe3ce566e3c42deac971f35a110ce42085,247157,312,14847,4632264,267253,37058112,3208288,172645,14969,2128,54496,1655,1264,0.42684441128571254,7.398442674170169,0.298160899292441,5.167986888828189,True
NCBI208,Mus musculus,Spatial Transcriptomics,Spinal cord,Diseased,https://www.science.org/doi/10.1126/science.aav9776?url_ver=Z39.88-2003&rfr_id=ori:rid:crossref.org&rfr_dat=cr_pub%20%200pubmed,,,E:\Hestdata\st\NCBI208.h5ad,True,32225820,exposure_unresolved,False,True,main_v2/NCBI208,E:\count压缩\baseline\evidence\COUNT-HEST-SHARED-RESUME-001\main_v2\NCBI208\RESULT.json,32225820,a45dcf508f0aa60e6f7e3abbf8f5f156ddd5262236cbe0428f3b57714620e3fe,71452aa0f2649d040154646a9caa8880e6631024df8cc76eca0b47ff454881e3,196462,239,14660,3503740,196050,28029920,2353560,126551,13352,1593,52047,1655,1264,0.4485766637935463,8.016812037745472,0.28895066414745385,5.164029584289722,True
NCBI209,Mus musculus,Spatial Transcriptomics,Spinal cord,Diseased,https://www.science.org/doi/10.1126/science.aav9776?url_ver=Z39.88-2003&rfr_id=ori:rid:crossref.org&rfr_dat=cr_pub%20%200pubmed,,,E:\Hestdata\st\NCBI209.h5ad,True,40613229,exposure_unresolved,False,True,main_v2/NCBI209,E:\count压缩\baseline\evidence\COUNT-HEST-SHARED-RESUME-001\main_v2\NCBI209\RESULT.json,40613229,f81d107c2e9c111e54e8f4bd40a80e53254db02aba810681ea1050b20e1d6173,a2faeb8a52ed465414cf82e5f0739b022f08506cfa5514cfeaf2df7b699c8f35,236691,304,14949,4544496,252073,36355968,3026096,163135,14694,2063,53880,1655,1264,0.41666402610982606,7.511823955758848,0.2871781601304083,5.177389089668469,True
NCBI21,Mus musculus,Spatial Transcriptomics,Spinal cord,Diseased,https://www.science.org/doi/10.1126/science.aav9776?url_ver=Z39.88-2003&rfr_id=ori:rid:crossref.org&rfr_dat=cr_pub%20%200pubmed,,,E:\Hestdata\st\NCBI21.h5ad,True,29089795,exposure_unresolved,False,True,main_v2/NCBI21,E:\count压缩\baseline\evidence\COUNT-HEST-SHARED-RESUME-001\main_v2\NCBI21\RESULT.json,29089795,d0e8e6f73d316af033d0b266d95265eb3c78fc2eb0742afaabf0055cd4b289cc,1075833754874b9d61be2da55168e618f5eaff9260d36b1033e18c0a92dc35d4,226106,210,14795,3106950,260513,24855600,3127000,154525,15359,1290,52013,1655,1264,0.5821941131978307,6.94340781458123,0.39788216739889604,4.745252636144837,True
NCBI210,Mus musculus,Spatial Transcriptomics,Spinal cord,Diseased,https://www.science.org/doi/10.1126/science.aav9776?url_ver=Z39.88-2003&rfr_id=ori:rid:crossref.org&rfr_dat=cr_pub%20%200pubmed,,,E:\Hestdata\st\NCBI210.h5ad,True,41711619,exposure_unresolved,False,True,main_v2/NCBI210,E:\count压缩\baseline\evidence\COUNT-HEST-SHARED-RESUME-001\main_v2\NCBI210\RESULT.json,41711619,ca43576797e01a9dfaf57214e874c58bed71a3e48f926a50132cbcb7d7c46859,8a6641b3f15abafcdc8ab10ab512e90cada3e5262ec23a64c57c93eb538659ac,275008,311,15051,4680861,314403,37446888,3774084,199402,15489,2077,55121,1655,1264,0.47001267501854893,6.997592262160349,0.3407954220388087,5.073793825122534,True
NCBI211,Mus musculus,Spatial Transcriptomics,Spinal cord,Diseased,https://www.science.org/doi/10.1126/science.aav9776?url_ver=Z39.88-2003&rfr_id=ori:rid:crossref.org&rfr_dat=cr_pub%20%200pubmed,,,E:\Hestdata\st\NCBI211.h5ad,True,46573665,exposure_unresolved,False,True,main_v2/NCBI211,E:\count压缩\baseline\evidence\COUNT-HEST-SHARED-RESUME-001\main_v2\NCBI211\RESULT.json,46573665,2b668400a77ea8558b3fef356ac6e30bb3de458ab7347e07fddfd67584a97f5a,5bff741ec32bc910c57559501483df0901c301d9b3141c50c790a8e0542913e8,278541,359,14745,5293455,313618,42347640,3764856,203814,15128,2458,54222,1655,1264,0.4209590900461041,7.105229929404563,0.30802415435665365,5.199038320504563,True
NCBI212,Mus musculus,Spatial Transcriptomics,Spinal cord,Diseased,https://www.science.org/doi/10.1126/science.aav9776?url_ver=Z39.88-2003&rfr_id=ori:rid:crossref.org&rfr_dat=cr_pub%20%200pubmed,,,E:\Hestdata\st\NCBI212.h5ad,True,39942248,exposure_unresolved,False,True,main_v2/NCBI212,E:\count压缩\baseline\evidence\COUNT-HEST-SHARED-RESUME-001\main_v2\NCBI212\RESULT.json,39942248,a2f0beca0a031cc595766802e7e033af560b7fa13e71de02d31fe706a4692642,532387f46d6c15e93b32cd111ae213d1301a5f39e7feabaf8104a4dba24b4d4d,170598,310,14416,4468960,139850,35751680,1679444,100372,12163,2106,53040,1653,1264,0.3053918585084673,9.758913121201287,0.1796784934302388,5.741694672863782,True
NCBI213,Mus musculus,Spatial Transcriptomics,Spinal cord,Diseased,https://www.science.org/doi/10.1126/science.aav9776?url_ver=Z39.88-2003&rfr_id=ori:rid:crossref.org&rfr_dat=cr_pub%20%200pubmed,,,E:\Hestdata\st\NCBI213.h5ad,True,35904820,exposure_unresolved,False,True,main_v2/NCBI213,E:\count压缩\baseline\evidence\COUNT-HEST-SHARED-RESUME-001\main_v2\NCBI213\RESULT.json,35904820,090b9f8862473365598d851e2586e4b9c583047881e410d486ba542d72ed5874,bf351e02096d801e271d847d3a3a4db1509d5add55cfa34537b777a20bc0183b,215042,272,14572,3963584,220283,31708672,2644488,143711,14153,1760,52499,1655,1264,0.4340354588170706,7.809663024382272,0.2900627311039706,5.219140832474589,True
NCBI215,Mus musculus,Spatial Transcriptomics,Spinal cord,Diseased,https://www.science.org/doi/10.1126/science.aav9776?url_ver=Z39.88-2003&rfr_id=ori:rid:crossref.org&rfr_dat=cr_pub%20%200pubmed,,,E:\Hestdata\st\NCBI215.h5ad,True,38314851,exposure_unresolved,False,True,main_v2/NCBI215,E:\count压缩\baseline\evidence\COUNT-HEST-SHARED-RESUME-001\main_v2\NCBI215\RESULT.json,38314851,4a820222ec5854d438f6ffb54578c23e75add98dd2584d81d4b25478f2b39615,6e1027b18aa3012b4732d7a51bbca5f9d69826c0b72b2ce1ff505e8b46e6bbed,322838,275,15467,4253425,409068,34027400,4909920,245073,17482,1799,55564,1656,1264,0.6072057224472043,6.3136300077248775,0.4609424169933642,4.792807063862243,True
NCBI216,Mus musculus,Spatial Transcriptomics,Spinal cord,Diseased,https://www.science.org/doi/10.1126/science.aav9776?url_ver=Z39.88-2003&rfr_id=ori:rid:crossref.org&rfr_dat=cr_pub%20%200pubmed,,,E:\Hestdata\st\NCBI216.h5ad,True,39905571,exposure_unresolved,False,True,main_v2/NCBI216,E:\count压缩\baseline\evidence\COUNT-HEST-SHARED-RESUME-001\main_v2\NCBI216\RESULT.json,39905571,a5aea6ca195e84e94e980075aa9470d1f66ae95dae137006ad454c2c59a3655a,22e155b54ba6add2075ce2643aba94686bbfcd586517c927b56156a2cc166187,349832,290,15355,4452950,463394,35623600,5561892,271382,17953,1938,55639,1656,1264,0.6284948180419722,6.039473968156687,0.4875545424943015,4.685118926874323,True
NCBI217,Mus musculus,Spatial Transcriptomics,Spinal cord,Diseased,https://www.science.org/doi/10.1126/science.aav9776?url_ver=Z39.88-2003&rfr_id=ori:rid:crossref.org&rfr_dat=cr_pub%20%200pubmed,,,E:\Hestdata\st\NCBI217.h5ad,True,44732226,exposure_unresolved,False,True,main_v2/NCBI217,E:\count压缩\baseline\evidence\COUNT-HEST-SHARED-RESUME-001\main_v2\NCBI217\RESULT.json,44732226,9948f877f2d49aec630c41e30fc0cde4bcf4d26ba2b99895792c03e78db39af5,dea7e4808e0979659a4662be3fd2e4b19c9eae1662525ba06f31057fe4965f0b,298915,342,14794,5059548,361277,40476384,4336696,223378,16179,2303,54136,1655,1264,0.4726351049540394,6.619076221292803,0.3531983489434234,4.946409541708993,True
NCBI219,Mus musculus,Spatial Transcriptomics,Spinal cord,Diseased,https://www.science.org/doi/10.1126/science.aav9776?url_ver=Z39.88-2003&rfr_id=ori:rid:crossref.org&rfr_dat=cr_pub%20%200pubmed,,,E:\Hestdata\st\NCBI219.h5ad,True,32402032,exposure_unresolved,False,True,main_v2/NCBI219,E:\count压缩\baseline\evidence\COUNT-HEST-SHARED-RESUME-001\main_v2\NCBI219\RESULT.json,32402032,109eef8d804040c5c27614d2cb4567f1b78ebea31a2368aa0032e0db18cf16b8,df66030c15c85af2f2524e93d9576f0187482e0e6b2d374c6e7c4469f1623715,208264,250,14120,3530000,211770,28240000,2542244,138843,14013,1660,50829,1655,1264,0.47198640226628896,7.867554422250555,0.3146583569405099,5.245048873778155,True
NCBI22,Mus musculus,Spatial Transcriptomics,Spinal cord,Diseased,https://www.science.org/doi/10.1126/science.aav9776?url_ver=Z39.88-2003&rfr_id=ori:rid:crossref.org&rfr_dat=cr_pub%20%200pubmed,,,E:\Hestdata\st\NCBI22.h5ad,True,41269039,exposure_unresolved,False,True,main_v2/NCBI22,E:\count压缩\baseline\evidence\COUNT-HEST-SHARED-RESUME-001\main_v2\NCBI22\RESULT.json,41269039,6e78d7d20eaf8022bbacc18bc55c4a0555e988b7464291bff5c48f9591f41f08,6b7686ff783a2ef9b09ffba1d01049d79b50af9a2aa0bda21d05ac1b2739838e,468452,287,16087,4616969,740370,36935752,8885592,386451,19638,1846,57595,1658,1264,0.8117048219297119,5.061815038426732,0.6696185311185758,4.175760768264516,True
NCBI220,Mus musculus,Spatial Transcriptomics,Spinal cord,Diseased,https://www.science.org/doi/10.1126/science.aav9776?url_ver=Z39.88-2003&rfr_id=ori:rid:crossref.org&rfr_dat=cr_pub%20%200pubmed,,,E:\Hestdata\st\NCBI220.h5ad,True,28476687,exposure_unresolved,False,True,main_v2/NCBI220,E:\count压缩\baseline\evidence\COUNT-HEST-SHARED-RESUME-001\main_v2\NCBI220\RESULT.json,28476687,9b1980a46a549f0484a00ffb34db967ac622204530f753e05d47b59b254939bc,b85fb6e30d392058fc1d612358cc319d7972223f6c2a5fec8998b5a0650383a2,260174,204,14855,3030420,313939,24243360,3768088,187357,16622,1334,51942,1655,1264,0.6868328482520575,6.629924921720462,0.49460338830921124,4.77435425353333,True
NCBI221,Mus musculus,Spatial Transcriptomics,Spinal cord,Diseased,https://www.science.org/doi/10.1126/science.aav9776?url_ver=Z39.88-2003&rfr_id=ori:rid:crossref.org&rfr_dat=cr_pub%20%200pubmed,,,E:\Hestdata\st\NCBI221.h5ad,True,44158949,exposure_unresolved,False,True,main_v2/NCBI221,E:\count压缩\baseline\evidence\COUNT-HEST-SHARED-RESUME-001\main_v2\NCBI221\RESULT.json,44158949,b071ba517a97d361c6fb153ba0f428d69dd05bffa4cb83af0035dee10e790236,e1e1fdbd9d6bd04fc050839ae7698ee686c9e1c0a114bf4ebd87cacbf3aa0b8d,303826,340,14685,4992900,378371,39943200,4541816,227880,16015,2354,54658,1655,1264,0.4868128742814797,6.423874979847821,0.36512647960103345,4.818128239214951,True
NCBI222,Mus musculus,Spatial Transcriptomics,Spinal cord,Diseased,https://www.science.org/doi/10.1126/science.aav9776?url_ver=Z39.88-2003&rfr_id=ori:rid:crossref.org&rfr_dat=cr_pub%20%200pubmed,,,E:\Hestdata\st\NCBI222.h5ad,True,39896590,exposure_unresolved,False,True,main_v2/NCBI222,E:\count压缩\baseline\evidence\COUNT-HEST-SHARED-RESUME-001\main_v2\NCBI222\RESULT.json,39896590,e40c861cd8e18c0fb17f56298137d541bb1589d658c390025e0930f3cf9902f6,8c00d938b767054af8a2ff4c4efa876bb1aed250869f5f53501953455f9d85d4,300790,304,14662,4457248,383777,35657984,4606544,228079,16339,2056,51397,1655,1264,0.5398667518612381,6.270099563027487,0.4093629073365449,4.7544068560648505,True
NCBI223,Mus musculus,Spatial Transcriptomics,Spinal cord,Diseased,https://www.science.org/doi/10.1126/science.aav9776?url_ver=Z39.88-2003&rfr_id=ori:rid:crossref.org&rfr_dat=cr_pub%20%200pubmed,,,E:\Hestdata\st\NCBI223.h5ad,True,30372949,exposure_unresolved,False,True,main_v2/NCBI223,E:\count压缩\baseline\evidence\COUNT-HEST-SHARED-RESUME-001\main_v2\NCBI223\RESULT.json,30372949,1fee8a373773f4f836b0a861b25d5c75e4b5e1427632d46a73cbdf5f98206e7e,754d53db3acfa92568d18106601312eb022577b934dd31dc1b7a62df1d73aacc,210082,238,13789,3281782,221125,26254256,2654456,142344,13879,1517,49423,1655,1264,0.5121168925906717,7.60047936687394,0.3469919696067563,5.149811192764274,True
NCBI225,Mus musculus,Spatial Transcriptomics,Spinal cord,Diseased,https://www.science.org/doi/10.1126/science.aav9776?url_ver=Z39.88-2003&rfr_id=ori:rid:crossref.org&rfr_dat=cr_pub%20%200pubmed,,,E:\Hestdata\st\NCBI225.h5ad,True,41318873,exposure_unresolved,False,True,main_v2/NCBI225,E:\count压缩\baseline\evidence\COUNT-HEST-SHARED-RESUME-001\main_v2\NCBI225\RESULT.json,41318873,875a058facc62d7668f5c262cacb0fcbe8c6a1045155090de08fd8aed432553f,d7ff8772bbfeceac4d5f6de3cd816c6711a5a3de55f48e9fbf68bfc2a4ccaed9,286412,319,14545,4639855,334069,37118840,4010108,212398,15404,2112,53579,1655,1264,0.49382922526673784,6.858750737123169,0.36621489249125244,5.086326477464237,True
NCBI226,Mus musculus,Spatial Transcriptomics,Spinal cord,Diseased,https://www.science.org/doi/10.1126/science.aav9776?url_ver=Z39.88-2003&rfr_id=ori:rid:crossref.org&rfr_dat=cr_pub%20%200pubmed,,,E:\Hestdata\st\NCBI226.h5ad,True,30754708,exposure_unresolved,False,True,main_v2/NCBI226,E:\count压缩\baseline\evidence\COUNT-HEST-SHARED-RESUME-001\main_v2\NCBI226\RESULT.json,30754708,295a7423cddd024f720062c2105fa59f23ee10bd7ed5525ec6db9d4ca3825ca5,30ce325a9ab12cf6e060be997e302bd80bcf58efe58de5eb374d278be15071d2,207071,240,13868,3328320,212237,26626560,2547808,138960,14038,1563,49591,1655,1264,0.49771896932987214,7.805274292418382,0.33400634554369774,5.237917987909743,True
NCBI227,Mus musculus,Spatial Transcriptomics,Spinal cord,Diseased,https://www.science.org/doi/10.1126/science.aav9776?url_ver=Z39.88-2003&rfr_id=ori:rid:crossref.org&rfr_dat=cr_pub%20%200pubmed,,,E:\Hestdata\st\NCBI227.h5ad,True,39049509,exposure_unresolved,False,True,main_v2/NCBI227,E:\count压缩\baseline\evidence\COUNT-HEST-SHARED-RESUME-001\main_v2\NCBI227\RESULT.json,39049509,1201c9b3168610592e25c0bcfe00049eafd5da2633dcec7befc2551e48ff724f,95340a052ef977a3556e5d6b560761eaf025fc7c10122cae679ff5cde509ef8c,377106,283,15357,4346031,502570,34768248,6031976,298296,18455,1899,55535,1657,1264,0.694161638515694,6.002841395228526,0.549091343342926,4.748329585928328,True
NCBI228,Mus musculus,Spatial Transcriptomics,Spinal cord,Diseased,https://www.science.org/doi/10.1126/science.aav9776?url_ver=Z39.88-2003&rfr_id=ori:rid:crossref.org&rfr_dat=cr_pub%20%200pubmed,,,E:\Hestdata\st\NCBI228.h5ad,True,36652236,exposure_unresolved,False,True,main_v2/NCBI228,E:\count压缩\baseline\evidence\COUNT-HEST-SHARED-RESUME-001\main_v2\NCBI228\RESULT.json,36652236,a1a0f9bdba5f98426b6c376e476093c54daa411d46f41dfe2c7d7e0662d34109,be8668392091c6f2d80da2697bc265c2f994bbb9ab5df837f2ab17f16a1b58d5,459177,252,16036,4041072,664859,32328576,7979320,377522,20690,1623,56420,1658,1264,0.9090201807837128,5.525105323083541,0.747370004790808,4.542581208948063,True
NCBI229,Mus musculus,Spatial Transcriptomics,Spinal cord,Diseased,https://www.science.org/doi/10.1126/science.aav9776?url_ver=Z39.88-2003&rfr_id=ori:rid:crossref.org&rfr_dat=cr_pub%20%200pubmed,,,E:\Hestdata\st\NCBI229.h5ad,True,35192148,exposure_unresolved,False,True,main_v2/NCBI229,E:\count压缩\baseline\evidence\COUNT-HEST-SHARED-RESUME-001\main_v2\NCBI229\RESULT.json,35192148,b569ece88b516981645b88540d1ba0a575b13aeab34be35c4a122167a07e4a42,250b560ccc5e39c691ccbfc3f852e75e403e4164fe0c87acbe2ea7b88a8d1c79,356908,242,15948,3859416,494507,30875328,5935056,276718,18991,1590,56689,1656,1264,0.739817630439424,5.773960732608436,0.5735955906282194,4.476668682142012,True
NCBI230,Mus musculus,Spatial Transcriptomics,Spinal cord,Diseased,https://www.science.org/doi/10.1126/science.aav9776?url_ver=Z39.88-2003&rfr_id=ori:rid:crossref.org&rfr_dat=cr_pub%20%200pubmed,,,E:\Hestdata\st\NCBI230.h5ad,True,44102192,exposure_unresolved,False,True,main_v2/NCBI230,E:\count压缩\baseline\evidence\COUNT-HEST-SHARED-RESUME-001\main_v2\NCBI230\RESULT.json,44102192,1b736cab75877e40924c4896fb3c5fdd4bef0b57c0c18da6516accb55d2b40d8,433d75ca4b32aba43c5deca1c0123318ba67122b843c260739c4391d716f4047,480590,308,16136,4969888,711680,39759104,8541396,396474,20554,2041,58599,1658,1264,0.7736029463843048,5.402315647482014,0.6382019071657148,4.456767086330935,True
NCBI231,Mus musculus,Spatial Transcriptomics,Spinal cord,Diseased,https://www.science.org/doi/10.1126/science.aav9776?url_ver=Z39.88-2003&rfr_id=ori:rid:crossref.org&rfr_dat=cr_pub%20%200pubmed,,,E:\Hestdata\st\NCBI231.h5ad,True,36354562,exposure_unresolved,False,True,main_v2/NCBI231,E:\count压缩\baseline\evidence\COUNT-HEST-SHARED-RESUME-001\main_v2\NCBI231\RESULT.json,36354562,a73ebd81009b70b9b7c23dd1f19f1a9271bc947a141044e15444401efc556a27,e193e96da04ab56d0d3df745e0cb40bce4803e67edf714b75dd700614afe01f2,411991,253,15834,4006002,595532,32048016,7147400,331448,19486,1653,56482,1658,1264,0.8227474674251286,5.534426361639677,0.661902814826353,4.452462672031058,True
NCBI232,Mus musculus,Spatial Transcriptomics,Spinal cord,Diseased,https://www.science.org/doi/10.1126/science.aav9776?url_ver=Z39.88-2003&rfr_id=ori:rid:crossref.org&rfr_dat=cr_pub%20%200pubmed,,,E:\Hestdata\st\NCBI232.h5ad,True,34428211,exposure_unresolved,False,True,main_v2/NCBI232,E:\count压缩\baseline\evidence\COUNT-HEST-SHARED-RESUME-001\main_v2\NCBI232\RESULT.json,34428211,9298098a843c0eb9ae4fbd3a7a04b7ee323cba4d2139795895f159dc81f6184f,924239c6770ca3f9771e4831dc7ea4400bc1a718d0d8c5ffae175af406d3fcf8,358101,246,15323,3769458,498913,30155664,5987944,280723,18455,1651,54352,1656,1264,0.7600052845793746,5.7420993239302245,0.5957843276142087,4.50135394347311,True
NCBI233,Mus musculus,Spatial Transcriptomics,Spinal cord,Diseased,https://www.science.org/doi/10.1126/science.aav9776?url_ver=Z39.88-2003&rfr_id=ori:rid:crossref.org&rfr_dat=cr_pub%20%200pubmed,,,E:\Hestdata\st\NCBI233.h5ad,True,34841624,exposure_unresolved,False,True,main_v2/NCBI233,E:\count压缩\baseline\evidence\COUNT-HEST-SHARED-RESUME-001\main_v2\NCBI233\RESULT.json,34841624,2d05d96bb3b6d6fcf63618880aedfd8ef03ffb293c0d90946a44f5ca1ea0dec2,0396cefae20bcba367ac58fca717afc5282fd80bc3dadfca260e432259830069,373911,243,15712,3818016,534523,30544128,6415252,294912,18675,1585,55818,1657,1264,0.7834665962636091,5.596182016489468,0.6179376932941087,4.413834390662329,True
NCBI234,Mus musculus,Spatial Transcriptomics,Spinal cord,Diseased,https://www.science.org/doi/10.1126/science.aav9776?url_ver=Z39.88-2003&rfr_id=ori:rid:crossref.org&rfr_dat=cr_pub%20%200pubmed,,,E:\Hestdata\st\NCBI234.h5ad,True,38917261,exposure_unresolved,False,True,main_v2/NCBI234,E:\count压缩\baseline\evidence\COUNT-HEST-SHARED-RESUME-001\main_v2\NCBI234\RESULT.json,38917261,465b1bc6794d7723af4eefa05ef0747f76b79ded3ae5fd2bec68d76d7e53c89a,ddd6a1a53a421930bf2342f3326a2d7789e5f8ccc5eb4a572fd0b42775dc0a0f,413232,273,15845,4325685,597572,34605480,7171960,332253,19374,1794,56889,1658,1264,0.7642387275078976,5.5321467538639695,0.6144747016946449,4.448039734124089,True
NCBI235,Mus musculus,Spatial Transcriptomics,Spinal cord,Diseased,https://www.science.org/doi/10.1126/science.aav9776?url_ver=Z39.88-2003&rfr_id=ori:rid:crossref.org&rfr_dat=cr_pub%20%200pubmed,,,E:\Hestdata\st\NCBI235.h5ad,True,28340494,exposure_unresolved,False,True,main_v2/NCBI235,E:\count压缩\baseline\evidence\COUNT-HEST-SHARED-RESUME-001\main_v2\NCBI235\RESULT.json,28340494,793fcbee5c053265e1e67d332c1ab5de0f3b9aea1d2062901f94bdcb25a8f242,4c9fc265d2c0f298c268554e740e02dc1db3ee9de3a3d88ebb03aab0d5a5e299,314150,195,15430,3008850,430715,24070800,5169364,238600,17939,1254,53437,1656,1264,0.835269288930987,5.834948864098069,0.6343952008242352,4.431700776615627,True
NCBI236,Mus musculus,Spatial Transcriptomics,Spinal cord,Diseased,https://www.science.org/doi/10.1126/science.aav9776?url_ver=Z39.88-2003&rfr_id=ori:rid:crossref.org&rfr_dat=cr_pub%20%200pubmed,,,E:\Hestdata\st\NCBI236.h5ad,True,37751142,exposure_unresolved,False,True,main_v2/NCBI236,E:\count压缩\baseline\evidence\COUNT-HEST-SHARED-RESUME-001\main_v2\NCBI236\RESULT.json,37751142,9e62ea50a52cab4254b502acf7b611fa3de77102c627a3fa9b0913ee5041af9f,b3aeaa13a4d1b83a1aed706d1e02f8d50e4ad2abf85374bb1ffe155c44ad4f2c,336456,281,14902,4187462,441405,33499696,5297988,260384,17460,1807,53885,1656,1264,0.6427874449965157,6.097910082577225,0.4974545440651163,4.719185328666417,True
NCBI237,Mus musculus,Spatial Transcriptomics,Spinal cord,Diseased,https://www.science.org/doi/10.1126/science.aav9776?url_ver=Z39.88-2003&rfr_id=ori:rid:crossref.org&rfr_dat=cr_pub%20%200pubmed,,,E:\Hestdata\st\NCBI237.h5ad,True,36212694,exposure_unresolved,False,True,main_v2/NCBI237,E:\count压缩\baseline\evidence\COUNT-HEST-SHARED-RESUME-001\main_v2\NCBI237\RESULT.json,36212694,257aa55b23a9cc71e9c99daa7fec3125f18818b856905737800704681af36cea,3f3498473c40520354270c5f3f3f317e081780a663e5b3f5128f02420f3c1fe8,272444,269,14854,3995726,332539,31965808,3991548,198791,16047,1771,52916,1655,1264,0.5454708355878256,6.554274836936419,0.3980072707688165,4.782380412523042,True
NCBI238,Mus musculus,Spatial Transcriptomics,Spinal cord,Diseased,https://www.science.org/doi/10.1126/science.aav9776?url_ver=Z39.88-2003&rfr_id=ori:rid:crossref.org&rfr_dat=cr_pub%20%200pubmed,,,E:\Hestdata\st\NCBI238.h5ad,True,33461217,exposure_unresolved,False,True,main_v2/NCBI238,E:\count压缩\baseline\evidence\COUNT-HEST-SHARED-RESUME-001\main_v2\NCBI238\RESULT.json,33461217,a3cb749ef12625fd2742b24daaac8cd5ef9c0d9d683498773ea799247b0069b5,93b4aa4669424b51c748b77f9ec5550458e1b6dba99e5eee6439fc0bb4a9205a,324351,237,15393,3648141,440916,29185128,5291944,248204,17754,1548,53925,1656,1264,0.7112685611658102,5.88503932721879,0.5442859801745601,4.503424688602818,True
NCBI239,Mus musculus,Spatial Transcriptomics,Spinal cord,Diseased,https://www.science.org/doi/10.1126/science.aav9776?url_ver=Z39.88-2003&rfr_id=ori:rid:crossref.org&rfr_dat=cr_pub%20%200pubmed,,,E:\Hestdata\st\NCBI239.h5ad,True,29669660,exposure_unresolved,False,True,main_v2/NCBI239,E:\count压缩\baseline\evidence\COUNT-HEST-SHARED-RESUME-001\main_v2\NCBI239\RESULT.json,29669660,f9c6da64840849592bd408b7631fc70dd7a77ed42b96d4d7426197041710c929,6c20ceeca68cf30695ee497250f200469f6e2865c5d0e5d3f4863ce063e30c9d,251219,215,14788,3179420,314452,25435360,3774288,179286,15513,1383,52118,1655,1264,0.6321127752860585,6.391283884344828,0.4511162413270345,4.561230330861308,True
NCBI24,Mus musculus,Spatial Transcriptomics,Spinal cord,Diseased,https://www.science.org/doi/10.1126/science.aav9776?url_ver=Z39.88-2003&rfr_id=ori:rid:crossref.org&rfr_dat=cr_pub%20%200pubmed,,,E:\Hestdata\st\NCBI24.h5ad,True,34982849,exposure_unresolved,False,True,main_v2/NCBI24,E:\count压缩\baseline\evidence\COUNT-HEST-SHARED-RESUME-001\main_v2\NCBI24\RESULT.json,34982849,47f0453ec79177ee39e88921489abaa918abc464fbe4237684aac84744612edc,d0e3c15777e20065af50417e0c05bb64edb33efcf5f2e514e1f22b13fed7c069,371183,234,16361,3828474,541351,30627792,6497152,289828,19534,1506,57394,1657,1264,0.7756260066021083,5.485284039375562,0.6056261580985008,4.283032635018685,True
NCBI240,Mus musculus,Spatial Transcriptomics,Spinal cord,Diseased,https://www.science.org/doi/10.1126/science.aav9776?url_ver=Z39.88-2003&rfr_id=ori:rid:crossref.org&rfr_dat=cr_pub%20%200pubmed,,,E:\Hestdata\st\NCBI240.h5ad,True,33583447,exposure_unresolved,False,True,main_v2/NCBI240,E:\count压缩\baseline\evidence\COUNT-HEST-SHARED-RESUME-001\main_v2\NCBI240\RESULT.json,33583447,7be226c88f915dcfeee1d5570a984575dc4f2bac9d3a4e2653bcd91186fd8e1e,588033107eca5319a9d2aba8aae68c9481a00a5afdd0db0d77f9be494fbb036e,318906,234,15647,3661398,426606,29291184,5120212,240890,18047,1529,55520,1656,1264,0.6967961418015741,5.9803378292851015,0.5263344766124852,4.517329807832051,True
NCBI241,Mus musculus,Spatial Transcriptomics,Spinal cord,Diseased,https://www.science.org/doi/10.1126/science.aav9776?url_ver=Z39.88-2003&rfr_id=ori:rid:crossref.org&rfr_dat=cr_pub%20%200pubmed,,,E:\Hestdata\st\NCBI241.h5ad,True,30724760,exposure_unresolved,False,True,main_v2/NCBI241,E:\count压缩\baseline\evidence\COUNT-HEST-SHARED-RESUME-001\main_v2\NCBI241\RESULT.json,30724760,2cd313d0696ad9d9aa274ba8ddad95a644d50fcfc10daafdd550ea91044edc23,7604c9bf97be1173d6a3e7bbbb566b86d1c21509d4b9e5ab1375d516b3969b6a,260388,221,14976,3309696,325328,26477568,3904824,187114,16070,1462,52823,1655,1264,0.6293943612948137,6.403088575222545,0.4522808137061531,4.601239364579747,True
NCBI242,Mus musculus,Spatial Transcriptomics,Spinal cord,Diseased,https://www.science.org/doi/10.1126/science.aav9776?url_ver=Z39.88-2003&rfr_id=ori:rid:crossref.org&rfr_dat=cr_pub%20%200pubmed,,,E:\Hestdata\st\NCBI242.h5ad,True,30019906,exposure_unresolved,False,True,main_v2/NCBI242,E:\count压缩\baseline\evidence\COUNT-HEST-SHARED-RESUME-001\main_v2\NCBI242\RESULT.json,30019906,1565f941a969bc7f8a2e2834313d20fa3a832b2ed3b12d5b002f3472aec2788d,28890825f59e65364dc304692cb2a3c485c24f2fa52934da1463424a71a853ce,249583,211,15258,3219438,305645,25755504,3668588,175803,15944,1379,53538,1655,1264,0.6201902319597395,6.5326244499337465,0.43685388567818356,4.601495198678205,True
NCBI243,Mus musculus,Spatial Transcriptomics,Spinal cord,Diseased,https://www.science.org/doi/10.1126/science.aav9776?url_ver=Z39.88-2003&rfr_id=ori:rid:crossref.org&rfr_dat=cr_pub%20%200pubmed,,,E:\Hestdata\st\NCBI243.h5ad,True,44703915,exposure_unresolved,False,True,main_v2/NCBI243,E:\count压缩\baseline\evidence\COUNT-HEST-SHARED-RESUME-001\main_v2\NCBI243\RESULT.json,44703915,7dd5fd95016c79e154fe6b4f15d8d9a505889667d046691bc9c6fed5e6e10137,86ef97e51024908f7e4df94b18e8d4c65f96c9d26cd30aa638d6b6f816b6cbb8,464646,316,15971,5046836,688365,40374688,8261648,381127,20186,2159,58252,1658,1264,0.7365343355718316,5.399995641846985,0.6041440617448239,4.4293594241427146,True
NCBI244,Mus musculus,Spatial Transcriptomics,Spinal cord,Diseased,https://www.science.org/doi/10.1126/science.aav9776?url_ver=Z39.88-2003&rfr_id=ori:rid:crossref.org&rfr_dat=cr_pub%20%200pubmed,,,E:\Hestdata\st\NCBI244.h5ad,True,34505797,exposure_unresolved,False,True,main_v2/NCBI244,E:\count压缩\baseline\evidence\COUNT-HEST-SHARED-RESUME-001\main_v2\NCBI244\RESULT.json,34505797,d395552b810ef274fcb68156f044e9ac918f8afdb69b99e2f16af55748fa187f,189294602617ae97dd212a536b7c7ce787c235a6dcf2c8c4d8be043ab352308f,304782,253,14949,3782097,393087,30256776,4718060,229690,16957,1640,53576,1655,1264,0.6446836239260918,6.202840592540583,0.4858468727798362,4.674588577083445,True
NCBI245,Mus musculus,Spatial Transcriptomics,Spinal cord,Diseased,https://www.science.org/doi/10.1126/science.aav9776?url_ver=Z39.88-2003&rfr_id=ori:rid:crossref.org&rfr_dat=cr_pub%20%200pubmed,,,E:\Hestdata\st\NCBI245.h5ad,True,34885117,exposure_unresolved,False,True,main_v2/NCBI245,E:\count压缩\baseline\evidence\COUNT-HEST-SHARED-RESUME-001\main_v2\NCBI245\RESULT.json,34885117,44b1810396660a771d43c1193ff0f18473cf2fa2a7cddcd2bd2a58ee7130ac3e,8e693d9eaf31598aa908198057ee24d558142ff6223a9bb7b7c83ff20f97e0ad,480060,236,16181,3818716,737704,30549728,8853396,398836,21120,1452,55730,1658,1264,1.0056992978791823,5.205990478565929,0.83553948499967,4.3251602268660605,True
NCBI246,Mus musculus,Spatial Transcriptomics,Spinal cord,Diseased,https://www.science.org/doi/10.1126/science.aav9776?url_ver=Z39.88-2003&rfr_id=ori:rid:crossref.org&rfr_dat=cr_pub%20%200pubmed,,,E:\Hestdata\st\NCBI246.h5ad,True,29574304,exposure_unresolved,False,True,main_v2/NCBI246,E:\count压缩\baseline\evidence\COUNT-HEST-SHARED-RESUME-001\main_v2\NCBI246\RESULT.json,29574304,7865f49cb1714268398ffa7af13508f97da84bffc11dbd69f1386815f8cdb102,677ea3ac919d8c4f74fa808575386df5dd3bc57d44095f22b81c4bc794bc5a7b,400178,200,15800,3160000,616675,25280000,7400904,322386,19777,1266,53827,1658,1264,1.0131088607594936,5.1914282239429195,0.8161670886075949,4.182248347995297,True
NCBI247,Mus musculus,Spatial Transcriptomics,Spinal cord,Diseased,https://www.science.org/doi/10.1126/science.aav9776?url_ver=Z39.88-2003&rfr_id=ori:rid:crossref.org&rfr_dat=cr_pub%20%200pubmed,,,E:\Hestdata\st\NCBI247.h5ad,True,38563321,exposure_unresolved,False,True,main_v2/NCBI247,E:\count压缩\baseline\evidence\COUNT-HEST-SHARED-RESUME-001\main_v2\NCBI247\RESULT.json,38563321,78b6a45ed31432af111276dd52e8a49caefdc401fa475782859252521ba7b1cf,905a4de713c9cab54cf368c35115324ddef536f174bc392d2ee1677831069352,440877,270,15857,4281390,666867,34251120,8003488,359163,19957,1777,57058,1658,1264,0.8238016158303728,5.288934675130124,0.6711147547875806,4.308661247295188,True
NCBI248,Mus musculus,Spatial Transcriptomics,Spinal cord,Diseased,https://www.science.org/doi/10.1126/science.aav9776?url_ver=Z39.88-2003&rfr_id=ori:rid:crossref.org&rfr_dat=cr_pub%20%200pubmed,,,E:\Hestdata\st\NCBI248.h5ad,True,22087338,exposure_unresolved,False,True,main_v2/NCBI248,E:\count压缩\baseline\evidence\COUNT-HEST-SHARED-RESUME-001\main_v2\NCBI248\RESULT.json,22087338,b4d2f16f2e9e98a8ed9c40e0dc53852e923314e35eb2df1ba43e8c83c6cfe66c,fca29eddab291efe797d0dc197a011e1fbf804ed8bbd42a3e72d300fc2b84989,256811,147,15170,2229990,334036,17839920,4009024,185170,17013,890,50819,1655,1264,0.921299198651115,6.1504987486378715,0.664289974394504,4.434731585817097,True
NCBI249,Mus musculus,Spatial Transcriptomics,Spinal cord,Diseased,https://www.science.org/doi/10.1126/science.aav9776?url_ver=Z39.88-2003&rfr_id=ori:rid:crossref.org&rfr_dat=cr_pub%20%200pubmed,,,E:\Hestdata\st\NCBI249.h5ad,True,19199474,exposure_unresolved,False,True,main_v2/NCBI249,E:\count压缩\baseline\evidence\COUNT-HEST-SHARED-RESUME-001\main_v2\NCBI249\RESULT.json,19199474,024423efdce81ba284515510395df2ac2874b7784b52fc059d8577a19052a359,ab1f78d55b9c1563e2ffa04f5de67b016754539c0b27d6edd5cde213cf6ad2c0,230563,124,15082,1870168,299933,14961344,3599696,160387,16585,708,49965,1654,1264,0.9862771686821719,6.149720104156595,0.6860859559141211,4.2779420737297995,True
NCBI25,Mus musculus,Spatial Transcriptomics,Spinal cord,Diseased,https://www.science.org/doi/10.1126/science.aav9776?url_ver=Z39.88-2003&rfr_id=ori:rid:crossref.org&rfr_dat=cr_pub%20%200pubmed,,,E:\Hestdata\st\NCBI25.h5ad,True,34846057,exposure_unresolved,False,True,main_v2/NCBI25,E:\count压缩\baseline\evidence\COUNT-HEST-SHARED-RESUME-001\main_v2\NCBI25\RESULT.json,34846057,53c87715bdab13654732cd404392ea61d7051b57f646cdc0bb1b3089141419b8,7c6dad2fae18fe93bb6f95a902d875276dc89a58648b10527fafb291e198ed9a,366235,236,16161,3813996,531422,30511968,6378012,285846,19177,1473,56819,1656,1264,0.7681916813756491,5.513283228771108,0.5995727315917478,4.303111275031895,True
NCBI250,Mus musculus,Spatial Transcriptomics,Spinal cord,Diseased,https://www.science.org/doi/10.1126/science.aav9776?url_ver=Z39.88-2003&rfr_id=ori:rid:crossref.org&rfr_dat=cr_pub%20%200pubmed,,,E:\Hestdata\st\NCBI250.h5ad,True,17664926,exposure_unresolved,False,True,main_v2/NCBI250,E:\count压缩\baseline\evidence\COUNT-HEST-SHARED-RESUME-001\main_v2\NCBI250\RESULT.json,17664926,59d7cb5334067bb7cb7a8d7bdedbde65abfc1b2288ed8fb4c01ae88dfd850c67,c01b7536800369929e3cb60b5bf55e979f3dfeb6c46c8fad870c5a6adbd87a68,236200,108,15510,1675080,300292,13400640,3603940,164085,17497,619,51080,1655,1264,1.1280655252286458,6.29254192585883,0.7836521240776559,4.371345223981991,True
NCBI251,Mus musculus,Spatial Transcriptomics,Spinal cord,Diseased,https://www.science.org/doi/10.1126/science.aav9776?url_ver=Z39.88-2003&rfr_id=ori:rid:crossref.org&rfr_dat=cr_pub%20%200pubmed,,,E:\Hestdata\st\NCBI251.h5ad,True,29953035,exposure_unresolved,False,True,main_v2/NCBI251,E:\count压缩\baseline\evidence\COUNT-HEST-SHARED-RESUME-001\main_v2\NCBI251\RESULT.json,29953035,70d4b0e598525d15ba0d043460298a23a21b541dad7e9ede634fe8030cc07cf3,616c41f29abdfa50810516f040672799b58db7b18c990cc0f196227246a8b363,286928,219,14699,3219081,377925,25752648,4535980,214021,16615,1424,51948,1656,1264,0.7130681085688741,6.073755374743666,0.5318809933642552,4.530443871138454,True
NCBI252,Mus musculus,Spatial Transcriptomics,Spinal cord,Diseased,https://www.science.org/doi/10.1126/science.aav9776?url_ver=Z39.88-2003&rfr_id=ori:rid:crossref.org&rfr_dat=cr_pub%20%200pubmed,,,E:\Hestdata\st\NCBI252.h5ad,True,28551496,exposure_unresolved,False,True,main_v2/NCBI252,E:\count压缩\baseline\evidence\COUNT-HEST-SHARED-RESUME-001\main_v2\NCBI252\RESULT.json,28551496,fca77424091cf0151b516293ac453cf505e4c7c6580faa1e59a8250c5e1588e6,f41f569d2f5c01b1fa39335939193f5f4c41e5cd7c87d57a058077905fdd981d,320038,197,15408,3035376,455389,24283008,5465460,245386,18125,1198,52409,1656,1264,0.8434882531851079,5.622235056182736,0.6467363516084993,4.310793629182962,True
NCBI253,Mus musculus,Spatial Transcriptomics,Spinal cord,Diseased,https://www.science.org/doi/10.1126/science.aav9776?url_ver=Z39.88-2003&rfr_id=ori:rid:crossref.org&rfr_dat=cr_pub%20%200pubmed,,,E:\Hestdata\st\NCBI253.h5ad,True,30366815,exposure_unresolved,False,True,main_v2/NCBI253,E:\count压缩\baseline\evidence\COUNT-HEST-SHARED-RESUME-001\main_v2\NCBI253\RESULT.json,30366815,cdb6cdd5fb69ee791b32b9e33de6ff90b8878848820af1779c9202aeab2b8bf8,4f8ea62a42b0d089ef9527934558ef026eebca755d9f4d61387f164990d02354,263070,219,14911,3265509,316538,26124072,3799336,191113,16342,1388,51308,1655,1264,0.6444814575614399,6.648680411198655,0.4681977602879061,4.8300804326810685,True
NCBI254,Mus musculus,Spatial Transcriptomics,Spinal cord,Diseased,https://www.science.org/doi/10.1126/science.aav9776?url_ver=Z39.88-2003&rfr_id=ori:rid:crossref.org&rfr_dat=cr_pub%20%200pubmed,,,E:\Hestdata\st\NCBI254.h5ad,True,33707140,known_exposed,False,True,main_v2/NCBI254,E:\count压缩\baseline\evidence\COUNT-HEST-SHARED-RESUME-001\main_v2\NCBI254\RESULT.json,33707140,a7956ef4c68479422bd61f3ebaab32c24297925fc9487629680c09df793d4018,80de4191d04e4511bf577438423403d18f2bc92eb26a511f11636c9ec98252f8,315283,241,15268,3679588,413284,29436704,4960376,240399,17437,1495,53032,1656,1264,0.6854745694354911,6.102980033100725,0.5226650374987635,4.653439281462626,True
NCBI256,Mus musculus,Spatial Transcriptomics,Spinal cord,Diseased,https://www.science.org/doi/10.1126/science.aav9776?url_ver=Z39.88-2003&rfr_id=ori:rid:crossref.org&rfr_dat=cr_pub%20%200pubmed,,,E:\Hestdata\st\NCBI256.h5ad,True,39690448,exposure_unresolved,False,True,main_v2/NCBI256,E:\count压缩\baseline\evidence\COUNT-HEST-SHARED-RESUME-001\main_v2\NCBI256\RESULT.json,39690448,fa1e40209f83cb6a6976fc60236b9315e87f1e866fb1dfa93abe28c29417de86,52ca9af8f067c02e913f555aec47715e509a30bcb4c9404e1fb4f29425488a84,355968,288,15368,4425984,474204,35407872,5691604,279787,18197,1814,53250,1656,1264,0.6434148880791255,6.005314168585672,0.5057171467407022,4.720112019299711,True
NCBI257,Mus musculus,Spatial Transcriptomics,Spinal cord,Diseased,https://www.science.org/doi/10.1126/science.aav9776?url_ver=Z39.88-2003&rfr_id=ori:rid:crossref.org&rfr_dat=cr_pub%20%200pubmed,,,E:\Hestdata\st\NCBI257.h5ad,True,42820258,exposure_unresolved,False,True,main_v2/NCBI257,E:\count压缩\baseline\evidence\COUNT-HEST-SHARED-RESUME-001\main_v2\NCBI257\RESULT.json,42820258,354a7b3f0f7fd6a0b8dfa686b891dee6285ca23bc06138577d94586367786e0c,f075dc52a54b16bc505fa1d0e8cc54b486a59360aa301a6ba1ef174161a90325,378738,307,15682,4814374,493818,38514992,5927048,300607,18704,1986,54521,1656,1264,0.6293453728355961,6.135669416667679,0.4995158249026769,4.869923737085323,True
NCBI258,Mus musculus,Spatial Transcriptomics,Spinal cord,Diseased,https://www.science.org/doi/10.1126/science.aav9776?url_ver=Z39.88-2003&rfr_id=ori:rid:crossref.org&rfr_dat=cr_pub%20%200pubmed,,,E:\Hestdata\st\NCBI258.h5ad,True,46708797,exposure_unresolved,False,True,main_v2/NCBI258,E:\count压缩\baseline\evidence\COUNT-HEST-SHARED-RESUME-001\main_v2\NCBI258\RESULT.json,46708797,6b40fd1c2fc3fdc4450f540c4540d71883c317eaea03777c535e5c14910136e3,32a88455ab5f9c0b031160f98d1a1f609b042206d60fdc216444d2a16c665d7f,388801,344,15413,5302072,524324,42416576,6293268,310482,18393,2258,54748,1656,1264,0.5866400908927679,5.932225112716565,0.46846893063692835,4.737254064280864,True
NCBI259,Mus musculus,Spatial Transcriptomics,Spinal cord,Diseased,https://www.science.org/doi/10.1126/science.aav9776?url_ver=Z39.88-2003&rfr_id=ori:rid:crossref.org&rfr_dat=cr_pub%20%200pubmed,,,E:\Hestdata\st\NCBI259.h5ad,True,31141649,exposure_unresolved,False,True,main_v2/NCBI259,E:\count压缩\baseline\evidence\COUNT-HEST-SHARED-RESUME-001\main_v2\NCBI259\RESULT.json,31141649,8243b312072bc346ef495708af42b53843cce32b0b8c8f676210fb725a4e1454,1456c188c83cf22148d877c6f41110b5ad1c466f9d6301ad3c95100001da278e,250727,238,14169,3372222,275371,26977776,3305408,181641,15778,1503,48886,1655,1264,0.594805442820787,7.284049518649386,0.43091113218524757,5.276982688808916,True
NCBI26,Mus musculus,Spatial Transcriptomics,Spinal cord,Diseased,https://www.science.org/doi/10.1126/science.aav9776?url_ver=Z39.88-2003&rfr_id=ori:rid:crossref.org&rfr_dat=cr_pub%20%200pubmed,,,E:\Hestdata\st\NCBI26.h5ad,True,28690723,exposure_unresolved,False,True,main_v2/NCBI26,E:\count压缩\baseline\evidence\COUNT-HEST-SHARED-RESUME-001\main_v2\NCBI26\RESULT.json,28690723,ffa3603f3c34801dd9d1207e2c1590d374a647f4aa2ebdc8f0bf438d492890f9,92af80a32e58e9a0a961f45616ccef9981998e4490e6b79759d0b8ff14dfca0b,274386,194,15723,3050262,352393,24402096,4229496,198349,17407,1209,54502,1655,1264,0.7196391654225113,6.229090816219391,0.5202149848111408,4.502904427726998,True
NCBI260,Mus musculus,Spatial Transcriptomics,Spinal cord,Diseased,https://www.science.org/doi/10.1126/science.aav9776?url_ver=Z39.88-2003&rfr_id=ori:rid:crossref.org&rfr_dat=cr_pub%20%200pubmed,,,E:\Hestdata\st\NCBI260.h5ad,True,40744978,known_exposed,False,True,main_v2/NCBI260,E:\count压缩\baseline\evidence\COUNT-HEST-SHARED-RESUME-001\main_v2\NCBI260\RESULT.json,40744978,a928043ef94ce2444ef90a23175bfeaaa23ba29bc5c6544cb06e0b012dbef3d1,c40d5ac6ade78c3c7922cd9c9d98c745e191eb636708822176eba2a58f8f3499,310428,320,14282,4570240,366635,36561920,4400904,237887,16356,2106,51159,1656,1264,0.543390281473183,6.773559534687086,0.4164105167343509,5.19071010678195,True
NCBI261,Mus musculus,Spatial Transcriptomics,Spinal cord,Diseased,https://www.science.org/doi/10.1126/science.aav9776?url_ver=Z39.88-2003&rfr_id=ori:rid:crossref.org&rfr_dat=cr_pub%20%200pubmed,,,E:\Hestdata\st\NCBI261.h5ad,True,41928840,known_exposed,False,True,main_v2/NCBI261,E:\count压缩\baseline\evidence\COUNT-HEST-SHARED-RESUME-001\main_v2\NCBI261\RESULT.json,41928840,c15ff5d815e7f3559685443b226bde21878c4a8d6c2dc935c048dd3938e2a35e,5b25089a36a1d5eb1c07399d172f882281824ca2ace81162e75454ace7d872a5,235762,349,13544,4726856,237972,37814848,2857064,168004,14204,2357,48278,1655,1264,0.3990170210389316,7.9257055451901905,0.2843395271613944,5.64785773116165,True
NCBI262,Mus musculus,Spatial Transcriptomics,Spinal cord,Diseased,https://www.science.org/doi/10.1126/science.aav9776?url_ver=Z39.88-2003&rfr_id=ori:rid:crossref.org&rfr_dat=cr_pub%20%200pubmed,,,E:\Hestdata\st\NCBI262.h5ad,True,34344558,exposure_unresolved,False,True,main_v2/NCBI262,E:\count压缩\baseline\evidence\COUNT-HEST-SHARED-RESUME-001\main_v2\NCBI262\RESULT.json,34344558,1683821bd2a94c7d9de6a4ebac30fe33d03e8172e65a20b313a480a3baec193d,6d326bd8d0b1231111c237d5b8455c4dd27dec38f493ac2e4cfa7079c65445f0,247466,262,14390,3770180,282665,30161440,3393032,177360,15147,1678,50362,1655,1264,0.5251017192813076,7.0037960129481895,0.37634277408505695,5.019652238515557,True
NCBI264,Mus musculus,Spatial Transcriptomics,Spinal cord,Diseased,https://www.science.org/doi/10.1126/science.aav9776?url_ver=Z39.88-2003&rfr_id=ori:rid:crossref.org&rfr_dat=cr_pub%20%200pubmed,,,E:\Hestdata\st\NCBI264.h5ad,True,31648462,exposure_unresolved,False,True,main_v2/NCBI264,E:\count压缩\baseline\evidence\COUNT-HEST-SHARED-RESUME-001\main_v2\NCBI264\RESULT.json,31648462,52b88a1d2ef1378296d2740dd98f087ed574d5f1c6dbb9aa158c74284b71fdba,1980e50c3895149679f78692495c41eb7cc62246dd5735c05fbb1ba6479dd6a4,217347,240,14310,3434400,229658,27475200,2756860,148779,14326,1471,49852,1655,1264,0.506282320055905,7.571153628438809,0.34656184486373165,5.18262808175635,True
NCBI265,Mus musculus,Spatial Transcriptomics,Spinal cord,Diseased,https://www.science.org/doi/10.1126/science.aav9776?url_ver=Z39.88-2003&rfr_id=ori:rid:crossref.org&rfr_dat=cr_pub%20%200pubmed,,,E:\Hestdata\st\NCBI265.h5ad,True,29395020,known_exposed,False,True,main_v2/NCBI265,E:\count压缩\baseline\evidence\COUNT-HEST-SHARED-RESUME-001\main_v2\NCBI265\RESULT.json,29395020,acc0073278ee04e002f1c98de090c91fffa2498b559208ddab83ea1c7e41a31a,1537d01a3515d1ee8dc1c371f275bffeafed145a81c8bdcadc62ba9e38f8be74,186448,231,13684,3161004,183641,25288032,2204620,121621,12765,1440,47703,1655,1264,0.47187032980660576,8.122282061195484,0.30780347003673514,5.298206827451386,True
NCBI266,Mus musculus,Spatial Transcriptomics,Spinal cord,Diseased,https://www.science.org/doi/10.1126/science.aav9776?url_ver=Z39.88-2003&rfr_id=ori:rid:crossref.org&rfr_dat=cr_pub%20%200pubmed,,,E:\Hestdata\st\NCBI266.h5ad,True,42456407,exposure_unresolved,False,True,main_v2/NCBI266,E:\count压缩\baseline\evidence\COUNT-HEST-SHARED-RESUME-001\main_v2\NCBI266\RESULT.json,42456407,f33b9a868d16ed0ce007ebb93fd08424c80be9ccf7513a58a9afadf87d15215d,cf55bb6fd45365b77ebb51013433d421f3499946bb5748cd37e11c385d70e244,324162,322,14831,4775582,404375,38204656,4853792,249645,16958,2124,52516,1655,1264,0.5430324513326333,6.413096754250386,0.4182024306147397,4.938880989180834,True
NCBI268,Mus musculus,Spatial Transcriptomics,Spinal cord,Diseased,https://www.science.org/doi/10.1126/science.aav9776?url_ver=Z39.88-2003&rfr_id=ori:rid:crossref.org&rfr_dat=cr_pub%20%200pubmed,,,E:\Hestdata\st\NCBI268.h5ad,True,52313501,exposure_unresolved,False,True,main_v2/NCBI268,E:\count压缩\baseline\evidence\COUNT-HEST-SHARED-RESUME-001\main_v2\NCBI268\RESULT.json,52313501,72b9a5a45ad92d531f2ee5725506e1b63fe4755c925f12a1d87b320b58c84db5,521214992a1af0ad400b1f9e33728fad6d27b511f0ef3db23c9fb440aabab691,336046,405,14837,6008985,403354,48071880,4841872,260561,16622,2741,53203,1655,1264,0.44739136476459834,6.665033692488484,0.3468951911179675,5.167887265280622,True
NCBI269,Mus musculus,Spatial Transcriptomics,Spinal cord,Diseased,https://www.science.org/doi/10.1126/science.aav9776?url_ver=Z39.88-2003&rfr_id=ori:rid:crossref.org&rfr_dat=cr_pub%20%200pubmed,,,E:\Hestdata\st\NCBI269.h5ad,True,48612828,exposure_unresolved,False,True,main_v2/NCBI269,E:\count压缩\baseline\evidence\COUNT-HEST-SHARED-RESUME-001\main_v2\NCBI269\RESULT.json,48612828,c5273bcf51319009b525940482550ed0bef97acc20ad0edf7da0ea92b3d1c662,c46104df491b9e17a8ae3cae71673f560ca4f563548784c1af75f17a1db18cea,312412,372,14900,5542800,367006,44342400,4405564,236956,16317,2461,53759,1655,1264,0.4509085660676914,6.809959510198743,0.34200187630800316,5.165168961815338,True
NCBI27,Mus musculus,Spatial Transcriptomics,Spinal cord,Diseased,https://www.science.org/doi/10.1126/science.aav9776?url_ver=Z39.88-2003&rfr_id=ori:rid:crossref.org&rfr_dat=cr_pub%20%200pubmed,,,E:\Hestdata\st\NCBI27.h5ad,True,30793051,exposure_unresolved,False,True,main_v2/NCBI27,E:\count压缩\baseline\evidence\COUNT-HEST-SHARED-RESUME-001\main_v2\NCBI27\RESULT.json,30793051,d453b99f759eb94ab37bce946f9568299429dcc9abedb91a78f3c2204b18cb40,caf53b17b174ea657886f1513e70592854de2103062b5a288da7dad15712665d,334806,205,16139,3308495,472971,26467960,5676476,255570,18777,1261,56278,1656,1264,0.809566887663424,5.6630279657738,0.6179728245017749,4.322802032259906,True
NCBI270,Mus musculus,Spatial Transcriptomics,Spinal cord,Diseased,https://www.science.org/doi/10.1126/science.aav9776?url_ver=Z39.88-2003&rfr_id=ori:rid:crossref.org&rfr_dat=cr_pub%20%200pubmed,,,E:\Hestdata\st\NCBI270.h5ad,True,40847613,exposure_unresolved,False,True,main_v2/NCBI270,E:\count压缩\baseline\evidence\COUNT-HEST-SHARED-RESUME-001\main_v2\NCBI270\RESULT.json,40847613,1c8c099ce842b69c8b6301dc112b27096d00d43ac2db444e52e0991c57c94424,18dc4575f23045d3d023d41a7f1c4ef12ce12174f14ce517fbcc4c64d5ce637c,320988,301,15189,4571889,399737,36575112,4798052,245231,17006,1964,53868,1655,1264,0.5616724290550361,6.423983769328333,0.4291110304733995,4.907846909342893,True
NCBI271,Mus musculus,Spatial Transcriptomics,Spinal cord,Diseased,https://www.science.org/doi/10.1126/science.aav9776?url_ver=Z39.88-2003&rfr_id=ori:rid:crossref.org&rfr_dat=cr_pub%20%200pubmed,,,E:\Hestdata\st\NCBI271.h5ad,True,39210403,exposure_unresolved,False,True,main_v2/NCBI271,E:\count压缩\baseline\evidence\COUNT-HEST-SHARED-RESUME-001\main_v2\NCBI271\RESULT.json,39210403,1e6f18a7ffc8e7d11cf534c828d826280165268a642b0969fe52f61d54710458,92cf831d10f258a041108794885880ffd0de352f266c3a10e3712664b5b26460,305272,299,14635,4375865,386755,35006920,4642260,232389,16404,1957,51603,1655,1264,0.558101312540492,6.314529870331347,0.4248558856363256,4.806950136391255,True
NCBI272,Mus musculus,Spatial Transcriptomics,Spinal cord,Diseased,https://www.science.org/doi/10.1126/science.aav9776?url_ver=Z39.88-2003&rfr_id=ori:rid:crossref.org&rfr_dat=cr_pub%20%200pubmed,,,E:\Hestdata\st\NCBI272.h5ad,True,48692227,exposure_unresolved,False,True,main_v2/NCBI272,E:\count压缩\baseline\evidence\COUNT-HEST-SHARED-RESUME-001\main_v2\NCBI272\RESULT.json,48692227,c4ce2a0ce4411f84cf39a656866955c2ee93c1427c4d623b1ed2aa97a6ff83b5,06f8888119b059b5d937aaaaed0e954f752cff41847d0735d75519a23a9916fc,419886,355,15627,5547585,553436,44380680,6642656,339828,18973,2374,55790,1657,1264,0.6055045573884853,6.06951481291423,0.4900554024859466,4.912264471411328,True
NCBI273,Mus musculus,Spatial Transcriptomics,Spinal cord,Diseased,https://www.science.org/doi/10.1126/science.aav9776?url_ver=Z39.88-2003&rfr_id=ori:rid:crossref.org&rfr_dat=cr_pub%20%200pubmed,,,E:\Hestdata\st\NCBI273.h5ad,True,25575982,exposure_unresolved,False,True,main_v2/NCBI273,E:\count压缩\baseline\evidence\COUNT-HEST-SHARED-RESUME-001\main_v2\NCBI273\RESULT.json,25575982,3109de4b6364cb5259427efea2e96b4fd973eaa67c412e37f6da24cbba61bbbf,d78bce16723557fe30d7a9656e3ccbe0eaf91abb233437f4b442437de0b6b681,245336,173,15398,2663854,287632,21310832,3452280,172747,16834,985,51852,1654,1264,0.7367851241096547,6.823607943483339,0.5187881918453489,4.804667074595316,True
NCBI274,Mus musculus,Spatial Transcriptomics,Spinal cord,Diseased,https://www.science.org/doi/10.1126/science.aav9776?url_ver=Z39.88-2003&rfr_id=ori:rid:crossref.org&rfr_dat=cr_pub%20%200pubmed,,,E:\Hestdata\st\NCBI274.h5ad,True,23538517,exposure_unresolved,False,True,main_v2/NCBI274,E:\count压缩\baseline\evidence\COUNT-HEST-SHARED-RESUME-001\main_v2\NCBI274\RESULT.json,23538517,ada8c7b02aab478e3c27373436c9e1841c4bdd0ad28ab36e76023bc718c4c1b5,8d14032325740211436f0b8612525215cc0f7b34d13cdf22f00c4f23cbc4112e,197372,157,15349,2409793,207547,19278344,2491196,126774,15418,989,51274,1653,1264,0.6552330428381193,7.607799679108829,0.42086270480493554,4.8865654526444615,True
NCBI275,Mus musculus,Spatial Transcriptomics,Spinal cord,Diseased,https://www.science.org/doi/10.1126/science.aav9776?url_ver=Z39.88-2003&rfr_id=ori:rid:crossref.org&rfr_dat=cr_pub%20%200pubmed,,,E:\Hestdata\st\NCBI275.h5ad,True,34770431,exposure_unresolved,False,True,main_v2/NCBI275,E:\count压缩\baseline\evidence\COUNT-HEST-SHARED-RESUME-001\main_v2\NCBI275\RESULT.json,34770431,9735df30a2ad0f5ca09836f7044712f8682110fb5a7607e04ac5e113d12d4675,9f11afa649b262602e15f7053cb300bd6ea5e4baac1627fcdb411e829e6c4ff6,203838,273,14023,3828279,174283,30626232,2092492,135740,14583,1713,48883,1655,1264,0.42596268453788244,9.356644078883196,0.2836574868237137,6.230785561414481,True
NCBI276,Mus musculus,Spatial Transcriptomics,Spinal cord,Diseased,https://www.science.org/doi/10.1126/science.aav9776?url_ver=Z39.88-2003&rfr_id=ori:rid:crossref.org&rfr_dat=cr_pub%20%200pubmed,,,E:\Hestdata\st\NCBI276.h5ad,True,36007906,exposure_unresolved,False,True,main_v2/NCBI276,E:\count压缩\baseline\evidence\COUNT-HEST-SHARED-RESUME-001\main_v2\NCBI276\RESULT.json,36007906,0ac570bba7a8c45e5d89f655aea0f8fdb2ab070cc9fa5ac46bbab5103dd779ac,2312217ae101c23f9dc4c746a49267c87c72099c80cf0191ed41646bb9238b13,257231,272,14618,3976096,276714,31808768,3321660,185962,15880,1677,50793,1655,1264,0.5175549081309908,7.436732510823449,0.37415998004072337,5.3762946580223625,True
NCBI277,Mus musculus,Spatial Transcriptomics,Spinal cord,Diseased,https://www.science.org/doi/10.1126/science.aav9776?url_ver=Z39.88-2003&rfr_id=ori:rid:crossref.org&rfr_dat=cr_pub%20%200pubmed,,,E:\Hestdata\st\NCBI277.h5ad,True,27900800,exposure_unresolved,False,True,main_v2/NCBI277,E:\count压缩\baseline\evidence\COUNT-HEST-SHARED-RESUME-001\main_v2\NCBI277\RESULT.json,27900800,1026dffe9e815fda8ec438701b7c95265f35770570900c38a627ef01870055fa,c78110cff1e944362c4a7318b1ba8faec9c461f628e586152036935631cd489f,176023,220,13528,2976160,167322,23809280,2008748,111723,13066,1369,46947,1654,1264,0.4731546691038116,8.41601223987282,0.30031449922047204,5.341700433893929,True
NCBI278,Mus musculus,Spatial Transcriptomics,Spinal cord,Diseased,https://www.science.org/doi/10.1126/science.aav9776?url_ver=Z39.88-2003&rfr_id=ori:rid:crossref.org&rfr_dat=cr_pub%20%200pubmed,,,E:\Hestdata\st\NCBI278.h5ad,True,37990679,exposure_unresolved,False,True,main_v2/NCBI278,E:\count压缩\baseline\evidence\COUNT-HEST-SHARED-RESUME-001\main_v2\NCBI278\RESULT.json,37990679,1317ced6e3c411cbdc57fa8a3a5f741e8bffcee5b8002665124bc9b8cf314fc6,6b187a12a9a1520e38ccb98d63ae347d3b0d2c6134c120941f19f52dc1157e1f,242048,301,14047,4228147,262377,33825176,3149732,172360,14863,1936,49970,1655,1264,0.4579746163035486,7.380159084066058,0.32611921960139983,5.255338692034744,True
NCBI279,Mus musculus,Spatial Transcriptomics,Spinal cord,Diseased,https://www.science.org/doi/10.1126/science.aav9776?url_ver=Z39.88-2003&rfr_id=ori:rid:crossref.org&rfr_dat=cr_pub%20%200pubmed,,,E:\Hestdata\st\NCBI279.h5ad,True,26694635,exposure_unresolved,False,True,main_v2/NCBI279,E:\count压缩\baseline\evidence\COUNT-HEST-SHARED-RESUME-001\main_v2\NCBI279\RESULT.json,26694635,f23c6fa1b97490ea2b2b57d7c6054a657bc86f50e11149a7e0af604b0d31204c,c120583802a33a524f626f1a5950c550092c289d55a4836bb3c5b55cd77ff6ba,204877,198,14227,2816946,227080,22535568,2725756,137474,14719,1229,48536,1655,1264,0.5818414694495386,7.2177910868416415,0.3904199796517221,4.843191826669015,True
NCBI28,Mus musculus,Spatial Transcriptomics,Spinal cord,Diseased,https://www.science.org/doi/10.1126/science.aav9776?url_ver=Z39.88-2003&rfr_id=ori:rid:crossref.org&rfr_dat=cr_pub%20%200pubmed,,,E:\Hestdata\st\NCBI28.h5ad,True,43079032,exposure_unresolved,False,True,main_v2/NCBI28,E:\count压缩\baseline\evidence\COUNT-HEST-SHARED-RESUME-001\main_v2\NCBI28\RESULT.json,43079032,712830f6d5c5e9fbb83245ea5edc314b7956f0a8ce4b4c483f926076762df3cd,df87ed74c3193c0f45754a9335e48d70cd0ed4ec293acb2aeb124fc09d7307fe,388518,301,16088,4842488,550222,38739904,6603872,306371,18909,1941,58377,1656,1264,0.6418485704043045,5.648890811345239,0.5061381669918439,4.454507453355191,True
NCBI280,Mus musculus,Spatial Transcriptomics,Spinal cord,Diseased,https://www.science.org/doi/10.1126/science.aav9776?url_ver=Z39.88-2003&rfr_id=ori:rid:crossref.org&rfr_dat=cr_pub%20%200pubmed,,,E:\Hestdata\st\NCBI280.h5ad,True,25956464,exposure_unresolved,False,True,main_v2/NCBI280,E:\count压缩\baseline\evidence\COUNT-HEST-SHARED-RESUME-001\main_v2\NCBI280\RESULT.json,25956464,cb980ab3b62d6dc2308e5cc6a349c6f9345b230c38c5684636c3bdd0c0b5d019,bc7f1df468fa87c6bb04ccb9c54e8d1a08171041827512645563c3916710f441,211861,186,14632,2721552,233965,21772416,2808328,142632,15292,1092,49926,1655,1264,0.6227652457127404,7.2441946444981085,0.4192666537328701,4.877037163678328,True
NCBI281,Mus musculus,Spatial Transcriptomics,Spinal cord,Diseased,https://www.science.org/doi/10.1126/science.aav9776?url_ver=Z39.88-2003&rfr_id=ori:rid:crossref.org&rfr_dat=cr_pub%20%200pubmed,,,E:\Hestdata\st\NCBI281.h5ad,True,32528641,exposure_unresolved,False,True,main_v2/NCBI281,E:\count压缩\baseline\evidence\COUNT-HEST-SHARED-RESUME-001\main_v2\NCBI281\RESULT.json,32528641,6cf276de0b3213b76f1415058300ae51a47afc8bd1115825ee91ef511292ab0b,e3d6e7ce65c9546fef25c794d1d7bc424a5d351817fd68535e45ab4bc5c6fcc6,235368,243,14577,3542211,271144,28337688,3254704,165357,15024,1535,50533,1655,1264,0.5315730768155821,6.94444280529903,0.37345488453398173,4.878795031422418,True
NCBI283,Mus musculus,Spatial Transcriptomics,Spinal cord,Diseased,https://www.science.org/doi/10.1126/science.aav9776?url_ver=Z39.88-2003&rfr_id=ori:rid:crossref.org&rfr_dat=cr_pub%20%200pubmed,,,E:\Hestdata\st\NCBI283.h5ad,True,25675042,exposure_unresolved,False,True,main_v2/NCBI283,E:\count压缩\baseline\evidence\COUNT-HEST-SHARED-RESUME-001\main_v2\NCBI283\RESULT.json,25675042,38a62fcbb6a171fb755723c7b62b23dede18b5e2b7c14f94fa117fbeb45a184a,a65250fe051572f669847f72cf8579d3d41cf0053afb8291c8d5f0b9cf0f2254,246707,179,14970,2679630,289611,21437040,3476052,176050,16628,1032,50078,1655,1264,0.7365404925306852,6.814851645828369,0.5255949515418173,4.8630749522635535,True
NCBI284,Mus musculus,Spatial Transcriptomics,Spinal cord,Diseased,https://www.science.org/doi/10.1126/science.aav9776?url_ver=Z39.88-2003&rfr_id=ori:rid:crossref.org&rfr_dat=cr_pub%20%200pubmed,,,E:\Hestdata\st\NCBI284.h5ad,True,23644528,exposure_unresolved,False,True,main_v2/NCBI284,E:\count压缩\baseline\evidence\COUNT-HEST-SHARED-RESUME-001\main_v2\NCBI284\RESULT.json,23644528,b14d5e7818c622671dc5e70c8e904f1303a9c1476be2b42140623626e1316985,6b0943814b0d503ec18b03e475881bfacbdcbc1d70d2d20bd11cb5308b1985ec,178585,161,15064,2425304,159862,19402432,1918992,109217,14839,925,50687,1653,1264,0.5890725451324865,8.936958126384006,0.3602583428716565,5.465564048992256,True
NCBI285,Mus musculus,Spatial Transcriptomics,Spinal cord,Diseased,https://www.science.org/doi/10.1126/science.aav9776?url_ver=Z39.88-2003&rfr_id=ori:rid:crossref.org&rfr_dat=cr_pub%20%200pubmed,,,E:\Hestdata\st\NCBI285.h5ad,True,21327289,exposure_unresolved,False,True,main_v2/NCBI285,E:\count压缩\baseline\evidence\COUNT-HEST-SHARED-RESUME-001\main_v2\NCBI285\RESULT.json,21327289,fdd78c2aaf122f8a327e82ae5a78143cfdd39b1c8f2c55872bd648b3c892e8fd,6b26c3985d7adcb1a89f399fca08b67c9d0a07fda4b644b46f2df78cf9ebe5a0,163328,151,14217,2146767,144810,17174136,1738328,98129,13590,895,47797,1653,1264,0.6086473287506283,9.02302327187349,0.36568104503190146,5.421117326151509,True
NCBI286,Mus musculus,Spatial Transcriptomics,Spinal cord,Diseased,https://www.science.org/doi/10.1126/science.aav9776?url_ver=Z39.88-2003&rfr_id=ori:rid:crossref.org&rfr_dat=cr_pub%20%200pubmed,,,E:\Hestdata\st\NCBI286.h5ad,True,33986294,exposure_unresolved,False,True,main_v2/NCBI286,E:\count压缩\baseline\evidence\COUNT-HEST-SHARED-RESUME-001\main_v2\NCBI286\RESULT.json,33986294,254cc38c3698c6cf92a8a0ca3fadf81bf413174972ec0f81148d4725a95261d1,b1cc9a31840e597480035e777d0fb5da76db690f838d5f27a0ef68c754060e7d,199719,270,13822,3731940,190963,29855520,2292640,132894,13812,1655,48439,1655,1264,0.42812906959918967,8.36681451380634,0.2848791781218348,5.5673193236386105,True
NCBI287,Mus musculus,Spatial Transcriptomics,Spinal cord,Diseased,https://www.science.org/doi/10.1126/science.aav9776?url_ver=Z39.88-2003&rfr_id=ori:rid:crossref.org&rfr_dat=cr_pub%20%200pubmed,,,E:\Hestdata\st\NCBI287.h5ad,True,32404915,exposure_unresolved,False,True,main_v2/NCBI287,E:\count压缩\baseline\evidence\COUNT-HEST-SHARED-RESUME-001\main_v2\NCBI287\RESULT.json,32404915,efeeb06d72525e89cd128c8f08787ffe204f4654b3db751bb9363b720913feec,d29e83da0b211b2f5cf2b1ea17723532bb69ad355e7e31346263e379e7be9fd5,187217,258,13707,3536406,170863,28291248,2051392,121509,13432,1617,47741,1654,1264,0.42351924524503126,8.765712881080164,0.2748756788671889,5.689189584637985,True
NCBI288,Mus musculus,Spatial Transcriptomics,Spinal cord,Diseased,https://www.science.org/doi/10.1126/science.aav9776?url_ver=Z39.88-2003&rfr_id=ori:rid:crossref.org&rfr_dat=cr_pub%20%200pubmed,,,E:\Hestdata\st\NCBI288.h5ad,True,14958113,exposure_unresolved,False,True,main_v2/NCBI288,E:\count压缩\baseline\evidence\COUNT-HEST-SHARED-RESUME-001\main_v2\NCBI288\RESULT.json,14958113,9dbcf6cde5fb5d1743c1a541a47efaf4bd5eecc3b46be23371afda8c29baf22a,c9ecae583044989f93935670dd4b3319252de39e83aff234f32f6a4081ab2db5,110102,107,12777,1367139,74094,10937112,889560,52991,11237,631,42328,1651,1264,0.6442768438322658,11.887818176910411,0.31008405143880763,5.7214889194806595,True
NCBI289,Mus musculus,Spatial Transcriptomics,Spinal cord,Diseased,https://www.science.org/doi/10.1126/science.aav9776?url_ver=Z39.88-2003&rfr_id=ori:rid:crossref.org&rfr_dat=cr_pub%20%200pubmed,,,E:\Hestdata\st\NCBI289.h5ad,True,21067824,exposure_unresolved,False,True,main_v2/NCBI289,E:\count压缩\baseline\evidence\COUNT-HEST-SHARED-RESUME-001\main_v2\NCBI289\RESULT.json,21067824,b7d8b06cd900498f75a05b2acb527e17b2506167590e3d065d4132852e5957dc,25f72a569c50c5c510376d92f1efbb4065e9f5277531c83b87faae162ea87445,152755,161,13208,2126488,130306,17011904,1564320,91415,12853,959,44612,1652,1264,0.5746752391736986,9.378232775160008,0.3439097704760149,5.612327905084954,True
NCBI29,Mus musculus,Spatial Transcriptomics,Spinal cord,Diseased,https://www.science.org/doi/10.1126/science.aav9776?url_ver=Z39.88-2003&rfr_id=ori:rid:crossref.org&rfr_dat=cr_pub%20%200pubmed,,,E:\Hestdata\st\NCBI29.h5ad,True,44436795,exposure_unresolved,False,True,main_v2/NCBI29,E:\count压缩\baseline\evidence\COUNT-HEST-SHARED-RESUME-001\main_v2\NCBI29\RESULT.json,44436795,d0127b461231c4f698f9500e29617ae8559c566a996b51149fb9e4e996f89f21,149884858be49514d6a2fb59f0eef38ff7660ca768f30d32cdb56cded4307a21,355512,318,15771,5015178,475379,40121424,5705824,274846,18099,2090,57557,1656,1264,0.567097718166733,5.982796884170314,0.4384227239790891,4.625294764808711,True
NCBI290,Mus musculus,Spatial Transcriptomics,Spinal cord,Diseased,https://www.science.org/doi/10.1126/science.aav9776?url_ver=Z39.88-2003&rfr_id=ori:rid:crossref.org&rfr_dat=cr_pub%20%200pubmed,,,E:\Hestdata\st\NCBI290.h5ad,True,23353002,exposure_unresolved,False,True,main_v2/NCBI290,E:\count压缩\baseline\evidence\COUNT-HEST-SHARED-RESUME-001\main_v2\NCBI290\RESULT.json,23353002,ec15f1e2f0ec5a8ac36ce192529eb41ceafce0b271ef55e3ee8fb39c5298812b,aa2c8ec37fba906f1c850dfd2ed84de0454b63ace51598d1e337948d0f31282d,157119,182,13250,2411500,130878,19292000,1571268,94522,13068,1090,45522,1653,1264,0.521232427949409,9.603997616100491,0.31357080655193864,5.77771665214933,True
NCBI291,Mus musculus,Spatial Transcriptomics,Spinal cord,Diseased,https://www.science.org/doi/10.1126/science.aav9776?url_ver=Z39.88-2003&rfr_id=ori:rid:crossref.org&rfr_dat=cr_pub%20%200pubmed,,,E:\Hestdata\st\NCBI291.h5ad,True,21857859,exposure_unresolved,False,True,main_v2/NCBI291,E:\count压缩\baseline\evidence\COUNT-HEST-SHARED-RESUME-001\main_v2\NCBI291\RESULT.json,21857859,13d74a39b89875bed5f9b0b68521b9b005186827bafb3e6ad4dfdfe200181cb8,1551c7fc493c793674fce6e419a228e6c99699d8bd6994cf1a7e3e86a2ab5af8,199822,165,13467,2222055,214634,17776440,2576272,135859,13376,968,46703,1652,1264,0.719413335853523,7.4479159872154455,0.4891292069728247,5.063838907162891,True
NCBI292,Mus musculus,Spatial Transcriptomics,Spinal cord,Diseased,https://www.science.org/doi/10.1126/science.aav9776?url_ver=Z39.88-2003&rfr_id=ori:rid:crossref.org&rfr_dat=cr_pub%20%200pubmed,,,E:\Hestdata\st\NCBI292.h5ad,True,20343822,exposure_unresolved,False,True,main_v2/NCBI292,E:\count压缩\baseline\evidence\COUNT-HEST-SHARED-RESUME-001\main_v2\NCBI292\RESULT.json,20343822,ed40e2db02aad38d743bcbfc73e82e5815e2bea253dd11487bfe825e8b53f805,4af301aae52f08747fcf3a1fbdabe7b1eb73ccb85c2e5003028f0e318094f394,173590,158,12902,2038516,174379,16308128,2093184,112736,12309,923,44706,1652,1264,0.6812406672304755,7.963802980863521,0.442423802413128,5.17199892188853,True
NCBI293,Mus musculus,Spatial Transcriptomics,Spinal cord,Diseased,https://www.science.org/doi/10.1126/science.aav9776?url_ver=Z39.88-2003&rfr_id=ori:rid:crossref.org&rfr_dat=cr_pub%20%200pubmed,,,E:\Hestdata\st\NCBI293.h5ad,True,20416917,exposure_unresolved,False,True,main_v2/NCBI293,E:\count压缩\baseline\evidence\COUNT-HEST-SHARED-RESUME-001\main_v2\NCBI293\RESULT.json,20416917,6b514b658f07a10aa30985caae1d3eacf5076d6d53dbb664a827ba0f8ca14611,c8ea0d81774e4cb4dfc43537bf7c7530f017499932758d41d968e3e1b6c5099d,184602,158,12957,2047206,191513,16377648,2298792,122917,12737,973,45059,1652,1264,0.7213812386247402,7.711309415026657,0.48033075323147745,5.1345652775529596,True
NCBI294,Mus musculus,Spatial Transcriptomics,Spinal cord,Diseased,https://www.science.org/doi/10.1126/science.aav9776?url_ver=Z39.88-2003&rfr_id=ori:rid:crossref.org&rfr_dat=cr_pub%20%200pubmed,,,E:\Hestdata\st\NCBI294.h5ad,True,20936794,exposure_unresolved,False,True,main_v2/NCBI294,E:\count压缩\baseline\evidence\COUNT-HEST-SHARED-RESUME-001\main_v2\NCBI294\RESULT.json,20936794,9a2c3ab5e1ef7217f4b20ee110987c73b15360abbdeca7486cf2f1ade4a899f5,f3f64694e5cdebf1c14ecee8ddc5295fdaeebb2c8eb31f5103c29f1664b2876f,201607,157,13426,2107882,222718,16863056,2673248,138163,13395,955,46178,1652,1264,0.7651547857043232,7.241695776722133,0.5243671135291255,4.962796002119272,True
NCBI295,Mus musculus,Spatial Transcriptomics,Spinal cord,Diseased,https://www.science.org/doi/10.1126/science.aav9776?url_ver=Z39.88-2003&rfr_id=ori:rid:crossref.org&rfr_dat=cr_pub%20%200pubmed,,,E:\Hestdata\st\NCBI295.h5ad,True,19091254,exposure_unresolved,False,True,main_v2/NCBI295,E:\count压缩\baseline\evidence\COUNT-HEST-SHARED-RESUME-001\main_v2\NCBI295\RESULT.json,19091254,6b3bbbae9309dcb9341a9b76e4129c49765e25dd039c137784d3b80ddc105d5a,3555405ce463eef6976b424dc21bdb468abde0c661ddab622bdee8cfb9de1d2a,219481,137,13678,1873886,262511,14991088,3150684,154818,14046,798,46901,1654,1264,0.9370089749323064,6.688664475012476,0.6609494921249212,4.71806514774619,True
NCBI296,Mus musculus,Spatial Transcriptomics,Spinal cord,Diseased,https://www.science.org/doi/10.1126/science.aav9776?url_ver=Z39.88-2003&rfr_id=ori:rid:crossref.org&rfr_dat=cr_pub%20%200pubmed,,,E:\Hestdata\st\NCBI296.h5ad,True,20104204,exposure_unresolved,False,True,main_v2/NCBI296,E:\count压缩\baseline\evidence\COUNT-HEST-SHARED-RESUME-001\main_v2\NCBI296\RESULT.json,20104204,11ec61351a12a8e1a18ecf48f9642ff3fa901d019b5aa529086416c017c7c312,25187d7b37d7c9e5e8d6d6b659fe9512276d4d28551d13f35508e98c3281b747,223258,146,13700,2000200,265115,16001600,3181968,157721,14521,904,47194,1654,1264,0.892942705729427,6.736940572958905,0.6308209179082092,4.759323312524754,True
NCBI297,Mus musculus,Spatial Transcriptomics,Spinal cord,Diseased,https://www.science.org/doi/10.1126/science.aav9776?url_ver=Z39.88-2003&rfr_id=ori:rid:crossref.org&rfr_dat=cr_pub%20%200pubmed,,,E:\Hestdata\st\NCBI297.h5ad,True,17239647,exposure_unresolved,False,True,main_v2/NCBI297,E:\count压缩\baseline\evidence\COUNT-HEST-SHARED-RESUME-001\main_v2\NCBI297\RESULT.json,17239647,99fb7d3e06eac68136666228d61d7719e87ddbaf7a6707c2d582637e9881b63d,268b0464212614ad5ded269547af250c970bf01295d88081376fb37f82a0313c,207108,121,13591,1644511,242926,13156088,2915600,143241,14134,734,46082,1653,1264,1.0075116554404318,6.820447379037238,0.6968199057348963,4.7171895968319575,True
NCBI298,Mus musculus,Spatial Transcriptomics,Spinal cord,Diseased,https://www.science.org/doi/10.1126/science.aav9776?url_ver=Z39.88-2003&rfr_id=ori:rid:crossref.org&rfr_dat=cr_pub%20%200pubmed,,,E:\Hestdata\st\NCBI298.h5ad,True,17077773,exposure_unresolved,False,True,main_v2/NCBI298,E:\count压缩\baseline\evidence\COUNT-HEST-SHARED-RESUME-001\main_v2\NCBI298\RESULT.json,17077773,e25fd5467d532c67da1458b8386427bb823f297efe79f176933cbd5720bde22a,a4004bb9e20ae6716459830ff47e5697873e4ea8443a8d2c2180594c49c16f2c,187644,123,13237,1628151,216525,13025208,2598796,125747,13123,746,45112,1652,1264,0.9219980210680705,6.932926913751299,0.617864067890509,4.64600392564369,True
NCBI299,Mus musculus,Spatial Transcriptomics,Spinal cord,Diseased,https://www.science.org/doi/10.1126/science.aav9776?url_ver=Z39.88-2003&rfr_id=ori:rid:crossref.org&rfr_dat=cr_pub%20%200pubmed,,,E:\Hestdata\st\NCBI299.h5ad,True,15792609,exposure_unresolved,False,True,main_v2/NCBI299,E:\count压缩\baseline\evidence\COUNT-HEST-SHARED-RESUME-001\main_v2\NCBI299\RESULT.json,15792609,1a5d6c173dfcf6a5f74b9a8d6c462f519ad46a5a8810c000c2f122f3ac0bc74f,dc0cd7ba1fedb582d2900680175b985255ea283dad7a7c551e2ad880fa6d373e,177393,112,13113,1468656,195107,11749248,2341736,116230,13293,645,44309,1652,1264,0.9662875445305096,7.273670344990185,0.6331230730681657,4.765795179055595,True
NCBI3,Homo sapiens,Visium,Cervix,Diseased,https://www.ncbi.nlm.nih.gov/pmc/articles/PMC10040725/,,CC BY 4.0,E:\Hestdata\st\NCBI3.h5ad,True,17901985,exposure_unresolved,True,True,main_v2/NCBI3,E:\count压缩\baseline\evidence\COUNT-HEST-SHARED-RESUME-001\main_v2\NCBI3\RESULT.json,17901985,6cc33bb9d70a95f16fc107930672841be586e7688710d45d22a3695399af0e55,521c1538d039a217eb1b15b81e438eb9048f9d12e2e708edba60c4ac84eb98cd,1006263,579,20615,11936085,1540376,95488680,18486832,895307,27383,4302,76348,1659,1264,0.6744342051853686,5.2260642856029955,0.6000674425492111,4.649810176216716,True
NCBI30,Mus musculus,Spatial Transcriptomics,Spinal cord,Diseased,https://www.science.org/doi/10.1126/science.aav9776?url_ver=Z39.88-2003&rfr_id=ori:rid:crossref.org&rfr_dat=cr_pub%20%200pubmed,,,E:\Hestdata\st\NCBI30.h5ad,True,27663091,exposure_unresolved,False,True,main_v2/NCBI30,E:\count压缩\baseline\evidence\COUNT-HEST-SHARED-RESUME-001\main_v2\NCBI30\RESULT.json,27663091,e8dca8b0cec65b22bccda984a8e8e765b459b63652a284da73034a3c060e403e,9196ef09f15f32fdef40f35c8b844a395f6def2560ddf0c564917cb888413af5,230309,191,15315,2925165,273603,23401320,3284004,157662,15303,1196,53229,1655,1264,0.6298694261691221,6.7341074476522556,0.4311879842675541,4.609949452308637,True
NCBI300,Mus musculus,Spatial Transcriptomics,Spinal cord,Diseased,https://www.science.org/doi/10.1126/science.aav9776?url_ver=Z39.88-2003&rfr_id=ori:rid:crossref.org&rfr_dat=cr_pub%20%200pubmed,,,E:\Hestdata\st\NCBI300.h5ad,True,19844927,exposure_unresolved,False,True,main_v2/NCBI300,E:\count压缩\baseline\evidence\COUNT-HEST-SHARED-RESUME-001\main_v2\NCBI300\RESULT.json,19844927,4341432278b356b05510befda00736a6d36a5c76fabe41a16475e8598d8e42a2,cbf5f872adadad23639df310a862361833dc95610ec8265ac9caa80ad7942d83,252475,138,14215,1961670,320056,15693360,3841228,184810,15419,797,48530,1655,1264,1.0296329148123793,6.31077061514235,0.7536843607742383,4.619441597720399,True
NCBI301,Mus musculus,Spatial Transcriptomics,Spinal cord,Diseased,https://www.science.org/doi/10.1126/science.aav9776?url_ver=Z39.88-2003&rfr_id=ori:rid:crossref.org&rfr_dat=cr_pub%20%200pubmed,,,E:\Hestdata\st\NCBI301.h5ad,True,14216735,exposure_unresolved,False,True,main_v2/NCBI301,E:\count压缩\baseline\evidence\COUNT-HEST-SHARED-RESUME-001\main_v2\NCBI301\RESULT.json,14216735,260fa439dbb78fd12f5e6a573ba717f45ff9711c5b90a34246eaca21c183c471,60a96b6db0cf3ac21c1710d079c12a3e9bb7735f5f447823e683a30e39dc426a,140830,101,12631,1275731,127203,10205848,1526844,83112,11845,592,42365,1652,1264,0.8831328861648733,8.85702381233147,0.5211882442301707,5.227046531921417,True
NCBI302,Mus musculus,Spatial Transcriptomics,Spinal cord,Diseased,https://www.science.org/doi/10.1126/science.aav9776?url_ver=Z39.88-2003&rfr_id=ori:rid:crossref.org&rfr_dat=cr_pub%20%200pubmed,,,E:\Hestdata\st\NCBI302.h5ad,True,14129269,exposure_unresolved,False,True,main_v2/NCBI302,E:\count压缩\baseline\evidence\COUNT-HEST-SHARED-RESUME-001\main_v2\NCBI302\RESULT.json,14129269,9c14ec28c81dbc98d90882e717705af82b19bc8cb1e0b30fae97b8c855a54459,918a0b9189fd3b07fbc62983dece380b5d09b388525b0352c39e26e9ab8976c7,155752,99,12765,1263735,154361,10109880,1852732,96735,12578,599,42925,1651,1264,0.9859788642397338,8.072090748310778,0.6123752210708733,5.013442514624808,True
NCBI303,Mus musculus,Spatial Transcriptomics,Spinal cord,Diseased,https://www.science.org/doi/10.1126/science.aav9776?url_ver=Z39.88-2003&rfr_id=ori:rid:crossref.org&rfr_dat=cr_pub%20%200pubmed,,,E:\Hestdata\st\NCBI303.h5ad,True,11208977,known_exposed,False,True,main_v2/NCBI303,E:\count压缩\baseline\evidence\COUNT-HEST-SHARED-RESUME-001\main_v2\NCBI303\RESULT.json,11208977,11e5b287f27ae7af6691d7721448b94d440b8981b886abb28b25ddd2481f9f06,185467bb25fddf74ce667ae1dac13a72867cc34a8ced6307ae15a7b721da9929,104305,82,11193,917826,84697,7342608,1016696,53798,9597,472,37524,1650,1264,0.9091483570960073,9.852060875827952,0.46891676635876517,5.081455069246845,True
NCBI304,Mus musculus,Spatial Transcriptomics,Spinal cord,Diseased,https://www.science.org/doi/10.1126/science.aav9776?url_ver=Z39.88-2003&rfr_id=ori:rid:crossref.org&rfr_dat=cr_pub%20%200pubmed,,,E:\Hestdata\st\NCBI304.h5ad,True,12140775,exposure_unresolved,False,True,main_v2/NCBI304,E:\count压缩\baseline\evidence\COUNT-HEST-SHARED-RESUME-001\main_v2\NCBI304\RESULT.json,12140775,7f5791392843d56a9c31e280cb82da81c85ae41de1cdd65a951993dea4f4baad,f7c3677a7c4ee27a67677aba34af13b15a04bdbe73b19806e0778811cbcab8f1,122140,87,11807,1027209,104312,8217672,1252096,68154,11090,498,39483,1651,1264,0.9512377714759119,9.367282767083365,0.530789741912308,5.226934580872767,True
NCBI305,Mus musculus,Spatial Transcriptomics,Spinal cord,Diseased,https://www.science.org/doi/10.1126/science.aav9776?url_ver=Z39.88-2003&rfr_id=ori:rid:crossref.org&rfr_dat=cr_pub%20%200pubmed,,,E:\Hestdata\st\NCBI305.h5ad,True,13007432,exposure_unresolved,False,True,main_v2/NCBI305,E:\count压缩\baseline\evidence\COUNT-HEST-SHARED-RESUME-001\main_v2\NCBI305\RESULT.json,13007432,a072028f65be23dceb6ff3a223acc36640e1c1291d19678239f0a0602527174b,4a21f688124fae89ef7803d5c13a4f1f593e08ac5fa35e67e162f9f392b175eb,147546,86,13040,1121440,139373,8971520,1672824,88021,12927,495,43188,1651,1264,1.0525467256384649,8.469129601859757,0.6279141104294479,5.052398958191328,True
NCBI306,Mus musculus,Spatial Transcriptomics,Spinal cord,Diseased,https://www.science.org/doi/10.1126/science.aav9776?url_ver=Z39.88-2003&rfr_id=ori:rid:crossref.org&rfr_dat=cr_pub%20%200pubmed,,,E:\Hestdata\st\NCBI306.h5ad,True,10899438,exposure_unresolved,False,True,main_v2/NCBI306,E:\count压缩\baseline\evidence\COUNT-HEST-SHARED-RESUME-001\main_v2\NCBI306\RESULT.json,10899438,cd0cb095a41500f2a63cc72465b9fadc9a8707db01b9731a3d369e9901d1e38c,71103a08dac7452fa84c9b9a89ef0f37cdd3147921f5d82bfc97de7f204b5f00,114619,72,12038,866736,91296,6933888,1095844,60391,11169,416,39729,1650,1264,1.0579369035092576,10.04372590255871,0.5574107917520444,5.291885734314756,True
NCBI307,Mus musculus,Spatial Transcriptomics,Spinal cord,Diseased,https://www.science.org/doi/10.1126/science.aav9776?url_ver=Z39.88-2003&rfr_id=ori:rid:crossref.org&rfr_dat=cr_pub%20%200pubmed,,,E:\Hestdata\st\NCBI307.h5ad,True,12712585,exposure_unresolved,False,True,main_v2/NCBI307,E:\count压缩\baseline\evidence\COUNT-HEST-SHARED-RESUME-001\main_v2\NCBI307\RESULT.json,12712585,15fe62d77090a6cfd1b1db873f861e4eda833e0ffd31c9163c07de8335bc332d,866fc363b418d444e64a4809bf89e0e18389aa8d8dd9007eb289ecd3a222027c,136506,88,12385,1089880,125095,8719040,1501496,79571,11976,543,41501,1651,1264,1.0019892098212648,8.729749390463247,0.5840716409145961,5.088676605779607,True
NCBI308,Mus musculus,Spatial Transcriptomics,Spinal cord,Diseased,https://www.science.org/doi/10.1126/science.aav9776?url_ver=Z39.88-2003&rfr_id=ori:rid:crossref.org&rfr_dat=cr_pub%20%200pubmed,,,E:\Hestdata\st\NCBI308.h5ad,True,12870044,exposure_unresolved,False,True,main_v2/NCBI308,E:\count压缩\baseline\evidence\COUNT-HEST-SHARED-RESUME-001\main_v2\NCBI308\RESULT.json,12870044,8e439b24c8ea4604a2c0ce708124a8e240170d82468ec9d868fd179e5d06d346,a3bf591d19e81206ca936b95c82fe394b3ff7a5bcb6a160e0806f053d3680600,136443,89,12460,1108940,126176,8871520,1514472,79318,11909,548,41753,1651,1264,0.9843129474994139,8.650963733198072,0.5722076938337511,5.029038802941923,True
NCBI309,Mus musculus,Spatial Transcriptomics,Spinal cord,Diseased,https://www.science.org/doi/10.1126/science.aav9776?url_ver=Z39.88-2003&rfr_id=ori:rid:crossref.org&rfr_dat=cr_pub%20%200pubmed,,,E:\Hestdata\st\NCBI309.h5ad,True,11515924,exposure_unresolved,False,True,main_v2/NCBI309,E:\count压缩\baseline\evidence\COUNT-HEST-SHARED-RESUME-001\main_v2\NCBI309\RESULT.json,11515924,3e9a06aa150428c6927e559d219f69630dc0b56f726a83745d7a1098e452efa1,7bfc29b177299572c7c0eed760346c9deee347430830119cf58055eb10ecccb4,111435,82,11596,950872,84754,7606976,1017380,58559,10770,484,38708,1650,1264,0.9375394374847509,10.518441607475753,0.49267619616520414,5.527432333577177,True
NCBI31,Mus musculus,Spatial Transcriptomics,Spinal cord,Diseased,https://www.science.org/doi/10.1126/science.aav9776?url_ver=Z39.88-2003&rfr_id=ori:rid:crossref.org&rfr_dat=cr_pub%20%200pubmed,,,E:\Hestdata\st\NCBI31.h5ad,True,28316306,exposure_unresolved,False,True,main_v2/NCBI31,E:\count压缩\baseline\evidence\COUNT-HEST-SHARED-RESUME-001\main_v2\NCBI31\RESULT.json,28316306,91d5fecfad2bdfee7711d3b52641a2bc3827795ff0da2d2f69045c725fcc3482,7317a1eb930e22f6f67434ac02eefc2ef55cfcfe833d249d10d756ef9b1431c3,211718,208,14506,3017248,235282,24137984,2824220,141934,14588,1275,51002,1655,1264,0.5613539225148214,7.198782737310972,0.3763270370881015,4.826004539233771,True
NCBI310,Mus musculus,Spatial Transcriptomics,Spinal cord,Diseased,https://www.science.org/doi/10.1126/science.aav9776?url_ver=Z39.88-2003&rfr_id=ori:rid:crossref.org&rfr_dat=cr_pub%20%200pubmed,,,E:\Hestdata\st\NCBI310.h5ad,True,12011453,exposure_unresolved,False,True,main_v2/NCBI310,E:\count压缩\baseline\evidence\COUNT-HEST-SHARED-RESUME-001\main_v2\NCBI310\RESULT.json,12011453,ac3ae81c43161c3885e86d7210d37cc23cc6e13aaa63353089b2a4c7818dfb84,6f6956df09517ceb2a674dc2703eebf6e1a602a0843b28a2502eb34d91ba561e,130876,81,12381,1002861,118288,8022888,1419784,74489,11859,469,41144,1651,1264,1.0440210557594722,8.851345867712702,0.5942119595836313,5.037806032733667,True
NCBI311,Mus musculus,Spatial Transcriptomics,Spinal cord,Diseased,https://www.science.org/doi/10.1126/science.aav9776?url_ver=Z39.88-2003&rfr_id=ori:rid:crossref.org&rfr_dat=cr_pub%20%200pubmed,,,E:\Hestdata\st\NCBI311.h5ad,True,12109555,exposure_unresolved,False,True,main_v2/NCBI311,E:\count压缩\baseline\evidence\COUNT-HEST-SHARED-RESUME-001\main_v2\NCBI311\RESULT.json,12109555,868017254c36b71d91828f6398cda748591fd122b1e22301384bfc95846bd22c,059faa417139734ce8c68f1d50e20d75d879ade5cf26c64c8ac310e00397c06c,142245,78,12955,1010490,143272,8083920,1719580,83610,12251,447,43022,1651,1264,1.1261467208977822,7.942654531241275,0.661936288335362,4.6686023786922775,True
NCBI312,Mus musculus,Spatial Transcriptomics,Spinal cord,Diseased,https://www.science.org/doi/10.1126/science.aav9776?url_ver=Z39.88-2003&rfr_id=ori:rid:crossref.org&rfr_dat=cr_pub%20%200pubmed,,,E:\Hestdata\st\NCBI312.h5ad,True,14370086,exposure_unresolved,False,True,main_v2/NCBI312,E:\count压缩\baseline\evidence\COUNT-HEST-SHARED-RESUME-001\main_v2\NCBI312\RESULT.json,14370086,f06a16c81b8a063798fa22aa18c2aedff091c03cd67c9cff3cb5f3dc423bdfee,ad0ce067118df01579f9a374d8ca8a4c7ade7a60e93884634d3d3d5e60b2896b,153832,99,13046,1291554,156437,10332432,1877644,94324,12398,600,43595,1651,1264,0.952849048510554,7.866783433586684,0.5842512198483377,4.823615896495075,True
NCBI313,Mus musculus,Spatial Transcriptomics,Spinal cord,Diseased,https://www.science.org/doi/10.1126/science.aav9776?url_ver=Z39.88-2003&rfr_id=ori:rid:crossref.org&rfr_dat=cr_pub%20%200pubmed,,,E:\Hestdata\st\NCBI313.h5ad,True,12918175,exposure_unresolved,False,True,main_v2/NCBI313,E:\count压缩\baseline\evidence\COUNT-HEST-SHARED-RESUME-001\main_v2\NCBI313\RESULT.json,12918175,26b97d5dd84cde2b7788332b87ec3da0e58ef0fc2316a53b18ed90ca116ca758,982b4aa7dc05151686a60aa0cc0b3ab40df84691883d4899030a5710f68a6d54,117462,97,11607,1125879,94336,9007032,1132424,64134,10814,573,39027,1650,1264,0.8346332065879193,9.96116010854817,0.45570794019606015,5.438772048846675,True
NCBI314,Mus musculus,Spatial Transcriptomics,Spinal cord,Diseased,https://www.science.org/doi/10.1126/science.aav9776?url_ver=Z39.88-2003&rfr_id=ori:rid:crossref.org&rfr_dat=cr_pub%20%200pubmed,,,E:\Hestdata\st\NCBI314.h5ad,True,13014895,exposure_unresolved,False,True,main_v2/NCBI314,E:\count压缩\baseline\evidence\COUNT-HEST-SHARED-RESUME-001\main_v2\NCBI314\RESULT.json,13014895,2f566da10946d6551a1e2bf5bd0e21de7202579853a8a235e30488260e455566,0d8a21400c965666370da0eb214fad1097d6de5c58421ef3fe8ea35c2ce874ca,129538,91,12391,1127581,113502,9020648,1362392,73186,11422,541,41474,1651,1264,0.9190506047902546,9.13027083223203,0.5192425200495574,5.158393684692781,True
NCBI315,Mus musculus,Spatial Transcriptomics,Spinal cord,Diseased,https://www.science.org/doi/10.1126/science.aav9776?url_ver=Z39.88-2003&rfr_id=ori:rid:crossref.org&rfr_dat=cr_pub%20%200pubmed,,,E:\Hestdata\st\NCBI315.h5ad,True,9685852,exposure_unresolved,False,True,main_v2/NCBI315,E:\count压缩\baseline\evidence\COUNT-HEST-SHARED-RESUME-001\main_v2\NCBI315\RESULT.json,9685852,38e68704c94452412b829fc71b90998bad52efbf3225798c453b846086ad41c3,2d8ecced3c49202b302f8d4cfba58fb1cb43a7b5586aedec426a0890290fa7d1,107008,62,11652,722424,85215,5779392,1022832,54760,10621,351,38362,1650,1264,1.1849883171101736,10.04593088071349,0.6064028880546605,5.140878953235933,True
NCBI316,Mus musculus,Spatial Transcriptomics,Spinal cord,Diseased,https://www.science.org/doi/10.1126/science.aav9776?url_ver=Z39.88-2003&rfr_id=ori:rid:crossref.org&rfr_dat=cr_pub%20%200pubmed,,,E:\Hestdata\st\NCBI316.h5ad,True,9092739,exposure_unresolved,False,True,main_v2/NCBI316,E:\count压缩\baseline\evidence\COUNT-HEST-SHARED-RESUME-001\main_v2\NCBI316\RESULT.json,9092739,36d2219f712e32fddeed14adec8f6a4e99aba49cffcfed75081bff793bf10518,fc30897eb95908cfab232d3684afc61f443d4ad4e965b8e43dc781aee207451f,97036,59,11099,654841,74247,5238728,891204,47304,9792,338,36688,1650,1264,1.1854602873063842,10.455479682680782,0.5778990625205203,5.096933209422603,True
NCBI317,Mus musculus,Spatial Transcriptomics,Spinal cord,Diseased,https://www.science.org/doi/10.1126/science.aav9776?url_ver=Z39.88-2003&rfr_id=ori:rid:crossref.org&rfr_dat=cr_pub%20%200pubmed,,,E:\Hestdata\st\NCBI317.h5ad,True,14481496,exposure_unresolved,False,True,main_v2/NCBI317,E:\count压缩\baseline\evidence\COUNT-HEST-SHARED-RESUME-001\main_v2\NCBI317\RESULT.json,14481496,867f7ef4377f5fdb3720b118ee86b0826815d6c9a0f5f5eb21457e1c7fdeee27,160a2520221c65536fb9f04fe5f7fb274af0cb2bed874c08f386ecde0a38e192,163669,99,13176,1304424,175019,10435392,2100628,103361,12772,552,44069,1651,1264,1.0037779127032314,7.4811991840885845,0.633910446296603,4.724561333340952,True
NCBI318,Mus musculus,Spatial Transcriptomics,Spinal cord,Diseased,https://www.science.org/doi/10.1126/science.aav9776?url_ver=Z39.88-2003&rfr_id=ori:rid:crossref.org&rfr_dat=cr_pub%20%200pubmed,,,E:\Hestdata\st\NCBI318.h5ad,True,8721141,exposure_unresolved,False,True,main_v2/NCBI318,E:\count压缩\baseline\evidence\COUNT-HEST-SHARED-RESUME-001\main_v2\NCBI318\RESULT.json,8721141,14ce5ec2870c25eca5eb04dbb087dfc32929120898939033780f63b0a5e06a07,db88502083daee9c6a33e916acbc01393cc924a2c5f2fc194cd806a113215f24,99014,54,11245,607230,76467,4857840,917824,48492,10257,313,37038,1650,1264,1.3044678293233207,10.358873762538089,0.6388617163183637,5.073247283141748,True
NCBI319,Mus musculus,Spatial Transcriptomics,Spinal cord,Diseased,https://www.science.org/doi/10.1126/science.aav9776?url_ver=Z39.88-2003&rfr_id=ori:rid:crossref.org&rfr_dat=cr_pub%20%200pubmed,,,E:\Hestdata\st\NCBI319.h5ad,True,8738672,exposure_unresolved,False,True,main_v2/NCBI319,E:\count压缩\baseline\evidence\COUNT-HEST-SHARED-RESUME-001\main_v2\NCBI319\RESULT.json,8738672,685aa909f890f93eab3878404ea5639a58a6a529fdba0aa20e0548081023b965,4b7d5c9ca452bd1e760167ffd2f45b28d4615246154434d1af91c496e9b29110,93779,57,10784,614688,67015,4917504,804412,45162,9804,325,35574,1650,1264,1.2205086157530325,11.194986197120048,0.5877713571763236,5.391270611057226,True
NCBI32,Mus musculus,Spatial Transcriptomics,Spinal cord,Diseased,https://www.science.org/doi/10.1126/science.aav9776?url_ver=Z39.88-2003&rfr_id=ori:rid:crossref.org&rfr_dat=cr_pub%20%200pubmed,,,E:\Hestdata\st\NCBI32.h5ad,True,23744215,exposure_unresolved,False,True,main_v2/NCBI32,E:\count压缩\baseline\evidence\COUNT-HEST-SHARED-RESUME-001\main_v2\NCBI32\RESULT.json,23744215,db9521f6b16ee848fc4a606ae75d7e41501811e71b27e20e1cc5495a04420dec,4958a9955c7d802c7b8b25b561cbe5784dd3217dab3207a349fd33d374963abb,228048,159,15319,2435721,277796,19485768,3334192,156017,15758,953,52402,1654,1264,0.7490118942194118,6.567351581736238,0.5124297897829841,4.492994859537214,True
NCBI320,Mus musculus,Spatial Transcriptomics,Spinal cord,Diseased,https://www.science.org/doi/10.1126/science.aav9776?url_ver=Z39.88-2003&rfr_id=ori:rid:crossref.org&rfr_dat=cr_pub%20%200pubmed,,,E:\Hestdata\st\NCBI320.h5ad,True,9675193,exposure_unresolved,False,True,main_v2/NCBI320,E:\count压缩\baseline\evidence\COUNT-HEST-SHARED-RESUME-001\main_v2\NCBI320\RESULT.json,9675193,ec95b7e078dbdf43b4249fde61bc3ce80abbc8cd67001f66287bdd3a33a82e2b,ff706ab41b02030f371bc443d8c37d1c3d8329b000078c4e229d3259c33e1b33,107556,62,11633,721246,86352,5769968,1036476,55201,10681,362,38398,1650,1264,1.1930021102370065,9.964424680377988,0.6122848514931105,5.114044839725773,True
NCBI321,Mus musculus,Spatial Transcriptomics,Spinal cord,Diseased,https://www.science.org/doi/10.1126/science.aav9776?url_ver=Z39.88-2003&rfr_id=ori:rid:crossref.org&rfr_dat=cr_pub%20%200pubmed,,,E:\Hestdata\st\NCBI321.h5ad,True,8609473,exposure_unresolved,False,True,main_v2/NCBI321,E:\count压缩\baseline\evidence\COUNT-HEST-SHARED-RESUME-001\main_v2\NCBI321\RESULT.json,8609473,178cc072429ec72038f9a5045dba9ab5dc6fed62d6d05c381cc2536a714b9ea4,e607586bc004f80ed0c942f87c600c3bfc953cb710029ab4b7da5038e810fc46,100172,52,11353,590356,83817,4722848,1006016,49494,10170,306,37288,1650,1264,1.3574453380672,9.561019840843743,0.6707003909505451,4.724005869930921,True
NCBI322,Mus musculus,Spatial Transcriptomics,Spinal cord,Diseased,https://www.science.org/doi/10.1126/science.aav9776?url_ver=Z39.88-2003&rfr_id=ori:rid:crossref.org&rfr_dat=cr_pub%20%200pubmed,,,E:\Hestdata\st\NCBI322.h5ad,True,12712232,exposure_unresolved,False,True,main_v2/NCBI322,E:\count压缩\baseline\evidence\COUNT-HEST-SHARED-RESUME-001\main_v2\NCBI322\RESULT.json,12712232,0c9dbb1102800b648582819c3e4f0d3c8d7c3255aab730ce30234b0715f659c9,1c1abf817d9dd5722a27e64337cd06af650a3ddc43267015a95dc52a5fd7360b,104724,80,13504,1080320,74081,8642560,889296,46539,10677,462,44134,1648,1264,0.7755035545023696,11.309134595915282,0.3446312203791469,5.025742093114294,True
NCBI325,Mus musculus,Spatial Transcriptomics,Spinal cord,Diseased,https://www.science.org/doi/10.1126/science.aav9776?url_ver=Z39.88-2003&rfr_id=ori:rid:crossref.org&rfr_dat=cr_pub%20%200pubmed,,,E:\Hestdata\st\NCBI325.h5ad,True,15690068,exposure_unresolved,False,True,main_v2/NCBI325,E:\count压缩\baseline\evidence\COUNT-HEST-SHARED-RESUME-001\main_v2\NCBI325\RESULT.json,15690068,95dd8e538c40f44c9bb20bca5c858ad00f6fe1db5804ffe8c0a2cc8edbc14a2c,376bd6f7d83ff5d1626b46652391ebeb333a0a5982de8294f0019a07af1e79d9,154813,99,14548,1440252,149576,11522016,1795312,89548,14047,589,47713,1652,1264,0.8599217359184365,8.280098411509869,0.49740184356626477,4.789431459592448,True
NCBI326,Mus musculus,Spatial Transcriptomics,Spinal cord,Diseased,https://www.science.org/doi/10.1126/science.aav9776?url_ver=Z39.88-2003&rfr_id=ori:rid:crossref.org&rfr_dat=cr_pub%20%200pubmed,,,E:\Hestdata\st\NCBI326.h5ad,True,8907531,exposure_unresolved,False,True,main_v2/NCBI326,E:\count压缩\baseline\evidence\COUNT-HEST-SHARED-RESUME-001\main_v2\NCBI326\RESULT.json,8907531,5e31cb8c70864852855a1742d1487e66912c2d138d983de2e874be9e7f01adbe,166df0401410c0aa360b3587a1cacb32d71446664199661e1cad7fb4d0c47a65,84640,42,14203,596526,43183,4772208,518368,26107,9784,251,45587,1647,1264,1.1351055947268016,15.680244540675728,0.35012053120903364,4.836532894889192,True
NCBI328,Mus musculus,Spatial Transcriptomics,Spinal cord,Diseased,https://www.science.org/doi/10.1126/science.aav9776?url_ver=Z39.88-2003&rfr_id=ori:rid:crossref.org&rfr_dat=cr_pub%20%200pubmed,,,E:\Hestdata\st\NCBI328.h5ad,True,14547043,exposure_unresolved,False,True,main_v2/NCBI328,E:\count压缩\baseline\evidence\COUNT-HEST-SHARED-RESUME-001\main_v2\NCBI328\RESULT.json,14547043,2614e81db6db7c2de113cd8e4514f02ba27c7cf0c5c6611311656ac352c18edd,6308ec063a7c307e93babe3d333165998d6bea2aba6f9fd127d07393c74d6049,184949,92,14139,1300788,202572,10406304,2431236,118700,15656,558,47119,1652,1264,1.137458217634234,7.304030171988232,0.7300190346159405,4.687715972592461,True
NCBI329,Mus musculus,Spatial Transcriptomics,Spinal cord,Diseased,https://www.science.org/doi/10.1126/science.aav9776?url_ver=Z39.88-2003&rfr_id=ori:rid:crossref.org&rfr_dat=cr_pub%20%200pubmed,,,E:\Hestdata\st\NCBI329.h5ad,True,13439477,exposure_unresolved,False,True,main_v2/NCBI329,E:\count压缩\baseline\evidence\COUNT-HEST-SHARED-RESUME-001\main_v2\NCBI329\RESULT.json,13439477,171e3f057bd6f5a205f4933c0dc8b68da8f33590144964df2206a16b2b01a844,c0f4e9c858b8c73876b629752432a66a00a01d13562fbd7f41f5f8148d5a764a,168987,82,14173,1162186,180781,9297488,2169704,104536,14231,483,46821,1652,1264,1.1632354889836911,7.478086745841654,0.7195818913667864,4.625972862192376,True
NCBI33,Mus musculus,Spatial Transcriptomics,Spinal cord,Diseased,https://www.science.org/doi/10.1126/science.aav9776?url_ver=Z39.88-2003&rfr_id=ori:rid:crossref.org&rfr_dat=cr_pub%20%200pubmed,,,E:\Hestdata\st\NCBI33.h5ad,True,28810323,exposure_unresolved,False,True,main_v2/NCBI33,E:\count压缩\baseline\evidence\COUNT-HEST-SHARED-RESUME-001\main_v2\NCBI33\RESULT.json,28810323,2892ea3e63156d2f229342382011070d07882b6f18e05719df5f6db0994fc6c9,e291f54dbfaed9adca6388dfc960099a9ad72ff1764c6c878b3d966b26ae19c2,264125,202,15195,3069390,332439,24555120,3990080,189971,16746,1264,53225,1655,1264,0.6884104007636697,6.356053290979698,0.49513681871642246,4.57156952102491,True
NCBI331,Mus musculus,Spatial Transcriptomics,Spinal cord,Diseased,https://www.science.org/doi/10.1126/science.aav9776?url_ver=Z39.88-2003&rfr_id=ori:rid:crossref.org&rfr_dat=cr_pub%20%200pubmed,,,E:\Hestdata\st\NCBI331.h5ad,True,6787109,exposure_unresolved,False,True,main_v2/NCBI331,E:\count压缩\baseline\evidence\COUNT-HEST-SHARED-RESUME-001\main_v2\NCBI331\RESULT.json,6787109,366c1f16d8da5e78af432c9a2b1f3cfd70776c52d0251bafed5467b48d046a7a,004ba58e67e60b797323aa700ba15ec86b4f5ac4d41ce24ae7c35c8ed0c5ddf1,74078,23,14365,330395,29196,2643160,350448,16563,8878,132,45594,1647,1264,1.7936833184521557,20.29812303055213,0.4010472313443,4.5384299219071105,True
NCBI334,Mus musculus,Spatial Transcriptomics,Spinal cord,Diseased,https://www.science.org/doi/10.1126/science.aav9776?url_ver=Z39.88-2003&rfr_id=ori:rid:crossref.org&rfr_dat=cr_pub%20%200pubmed,,,E:\Hestdata\st\NCBI334.h5ad,True,12283693,exposure_unresolved,False,True,main_v2/NCBI334,E:\count压缩\baseline\evidence\COUNT-HEST-SHARED-RESUME-001\main_v2\NCBI334\RESULT.json,12283693,5ccf584f0896c350839a2909092f02e1c1311af5ac516a78eb8042faf00f0182,96e53be728b7dc694d6439ec5b824a76aa6ecac6307b1457670bf41790878fa0,113006,77,13357,1028489,92869,8227912,1114740,54821,11280,450,43541,1650,1264,0.8790059981195715,9.734658497453403,0.42641972835878655,4.722436981123948,True
NCBI335,Mus musculus,Spatial Transcriptomics,Spinal cord,Diseased,https://www.science.org/doi/10.1126/science.aav9776?url_ver=Z39.88-2003&rfr_id=ori:rid:crossref.org&rfr_dat=cr_pub%20%200pubmed,,,E:\Hestdata\st\NCBI335.h5ad,True,7818428,exposure_unresolved,False,True,main_v2/NCBI335,E:\count压缩\baseline\evidence\COUNT-HEST-SHARED-RESUME-001\main_v2\NCBI335\RESULT.json,7818428,1c8d7a955b32500e53452e041fe9e014da9015c7dfb3271c924515e1e1ee8533,6c80545b52aa6a3066106cd3f912a839eca07d2446ae9a36acee47c9be39a9ce,87456,38,12572,477736,53964,3821888,647724,33418,10337,224,40563,1650,1264,1.4645075941524188,12.965087836335334,0.5596061423045364,4.954117559854718,True
NCBI336,Mus musculus,Spatial Transcriptomics,Brain,Healthy,https://www.science.org/doi/10.1126/sciadv.abb3446,,Creative Commons Attribution NonCommercial License 4.0,E:\Hestdata\st\NCBI336.h5ad,True,44999843,known_exposed,False,True,main_v2/NCBI336,E:\count压缩\baseline\evidence\COUNT-HEST-SHARED-RESUME-001\main_v2\NCBI336\RESULT.json,44999843,4a89f7574ef19f942b242602112ffe544c190af729540a24dfc7b62df1bf1d98,b3875ad2d7c7c4c58831419816cf363411bc0c95d60f088086440b698283a036,524997,214,23371,5001394,863876,40011152,10367372,422259,21919,1349,76548,1658,1264,0.839761074612398,4.861781088952581,0.6754260912057718,3.9103667656006187,True
NCBI337,Mus musculus,Spatial Transcriptomics,Brain,Healthy,https://www.science.org/doi/10.1126/sciadv.abb3446,,Creative Commons Attribution NonCommercial License 4.0,E:\Hestdata\st\NCBI337.h5ad,True,40143667,exposure_unresolved,False,True,main_v2/NCBI337,E:\count压缩\baseline\evidence\COUNT-HEST-SHARED-RESUME-001\main_v2\NCBI337\RESULT.json,40143667,2d750e8b234c974032605b339ba07ba02185b4c99b374486c4674196ddaf886b,dc1db20d20c04577d384c70b8c7c340d2538483494a4a5295984d3be9650f457,491238,188,23371,4393748,807440,35149984,9690036,389370,21620,1193,76133,1658,1264,0.8944309050041104,4.867115822847518,0.7089528120411093,3.857822253046666,True
NCBI338,Mus musculus,Spatial Transcriptomics,Brain,Healthy,https://www.science.org/doi/10.1126/sciadv.abb3446,,Creative Commons Attribution NonCommercial License 4.0,E:\Hestdata\st\NCBI338.h5ad,True,49875923,exposure_unresolved,False,True,main_v2/NCBI338,E:\count压缩\baseline\evidence\COUNT-HEST-SHARED-RESUME-001\main_v2\NCBI338\RESULT.json,49875923,b6674c829e150db5807bda67f8cdcd4abcdc3632aee4593b8687e769022d39fa,2a6268c41b6c5d24b1e4a919fab265b1bdff44fd6ca457504dae6df3003a7345,597787,240,23371,5609040,1031601,44872320,12380176,494147,22143,1504,77070,1659,1264,0.8526050803702594,4.635800081620705,0.7047865588407285,3.83207848770988,True
NCBI339,Mus musculus,Spatial Transcriptomics,Brain,Healthy,https://www.science.org/doi/10.1126/sciadv.abb3446,,Creative Commons Attribution NonCommercial License 4.0,E:\Hestdata\st\NCBI339.h5ad,True,50820323,exposure_unresolved,False,True,main_v2/NCBI339,E:\count压缩\baseline\evidence\COUNT-HEST-SHARED-RESUME-001\main_v2\NCBI339\RESULT.json,50820323,fcb94996a2bac23c9dcaf60e263769c3e48d80adf383ad35a9c3a07242715126,12dae5b9d4695d162d737d4015b320510711432dfd7d93568bd7e318e727a5bf,595604,245,23371,5725895,1022912,45807160,12275928,492034,21952,1570,77125,1659,1264,0.8321549731526687,4.6581054870800225,0.6874509574485735,3.848104235750485,True
NCBI34,Mus musculus,Spatial Transcriptomics,Spinal cord,Diseased,https://www.science.org/doi/10.1126/science.aav9776?url_ver=Z39.88-2003&rfr_id=ori:rid:crossref.org&rfr_dat=cr_pub%20%200pubmed,,,E:\Hestdata\st\NCBI34.h5ad,True,30606986,exposure_unresolved,False,True,main_v2/NCBI34,E:\count压缩\baseline\evidence\COUNT-HEST-SHARED-RESUME-001\main_v2\NCBI34\RESULT.json,30606986,c7407af4b40ebefd387a393e103d827bf768dd4a3c437687e59f409177e3c348,4dda78133b72714e26c759c1aff24ecea6f0ac6ec30dfd8e4a7977fbd7de472b,272771,212,15522,3290664,356447,26325312,4278216,197564,17024,1297,53967,1655,1264,0.6631391111338015,6.121998501881065,0.4803018478945283,4.43407294773136,True
NCBI340,Mus musculus,Spatial Transcriptomics,Brain,Healthy,https://www.science.org/doi/10.1126/sciadv.abb3446,,Creative Commons Attribution NonCommercial License 4.0,E:\Hestdata\st\NCBI340.h5ad,True,56619107,exposure_unresolved,False,True,main_v2/NCBI340,E:\count压缩\baseline\evidence\COUNT-HEST-SHARED-RESUME-001\main_v2\NCBI340\RESULT.json,56619107,21008280295a014f509f49ea1c89882d38eb08c17801a1ea1fe31048e9c9c001,4d8790e7c33132edac63954b0ec0d8fb6dcd206e2eff06fc7a6e359689def1f2,700672,276,23371,6450396,1213556,51603168,14563780,595096,23176,1827,77650,1659,1264,0.868997190250025,4.618967727900484,0.7380582525475955,3.92298995678815,True
NCBI341,Mus musculus,Spatial Transcriptomics,Brain,Healthy,https://www.science.org/doi/10.1126/sciadv.abb3446,,Creative Commons Attribution NonCommercial License 4.0,E:\Hestdata\st\NCBI341.h5ad,True,57174371,exposure_unresolved,False,True,main_v2/NCBI341,E:\count压缩\baseline\evidence\COUNT-HEST-SHARED-RESUME-001\main_v2\NCBI341\RESULT.json,57174371,00258f3687d52019a30f5a89a98dfdd1fa0ac894be503fcf9679bcee0645a867,cb54a419d61fbe546fb1306bda282431576387104e8098dcbe1a0c2b7e79fa23,651391,279,23371,6520509,1124720,52164072,13497760,546861,22071,1737,77799,1659,1264,0.7991903699542474,4.633266946440003,0.6709427132145666,3.889757450743296,True
NCBI342,Mus musculus,Spatial Transcriptomics,Brain,Healthy,https://www.science.org/doi/10.1126/sciadv.abb3446,,Creative Commons Attribution NonCommercial License 4.0,E:\Hestdata\st\NCBI342.h5ad,True,51734723,known_exposed,False,True,main_v2/NCBI342,E:\count压缩\baseline\evidence\COUNT-HEST-SHARED-RESUME-001\main_v2\NCBI342\RESULT.json,51734723,7bacc87cb6043973f0dc37e9dd8ded3748497ffb4daf90ea659349f179f17e98,f6bdd3b25652e565bbaed6defbdcf8a8f271d93a2f57c7fb9111425c74006bf2,618749,250,23371,5842750,1074577,46742000,12895928,514661,22340,1589,77236,1659,1264,0.8472024303624149,4.606456307923955,0.7046832399127123,3.831543016461361,True
NCBI343,Mus musculus,Spatial Transcriptomics,Brain,Healthy,https://www.science.org/doi/10.1126/sciadv.abb3446,,Creative Commons Attribution NonCommercial License 4.0,E:\Hestdata\st\NCBI343.h5ad,True,49317683,exposure_unresolved,False,True,main_v2/NCBI343,E:\count压缩\baseline\evidence\COUNT-HEST-SHARED-RESUME-001\main_v2\NCBI343\RESULT.json,49317683,f79f9c1f7df55730f13bcc928bccff235029e71f5dec23c6f05f475b00f2f46f,44e4159b48542859790a839cd89f042924f04838f436b599d6f2bfbda30e8241,557432,237,23371,5538927,944195,44311416,11331292,454512,21552,1511,76935,1658,1264,0.8051118926102474,4.723024375261466,0.6564621631590378,3.8510011173539365,True
NCBI344,Mus musculus,Spatial Transcriptomics,Brain,Healthy,https://www.science.org/doi/10.1126/sciadv.abb3446,,Creative Commons Attribution NonCommercial License 4.0,E:\Hestdata\st\NCBI344.h5ad,True,80945739,exposure_unresolved,False,True,main_v2/NCBI344,E:\count压缩\baseline\evidence\COUNT-HEST-SHARED-RESUME-001\main_v2\NCBI344\RESULT.json,80945739,f59164b677d804d54c80d5fdbe88b144d0aafd21b9aca5230c4c1615f264df3d,e49e625f46ec1be899df5a9d494d54154331de243d6f8b28d5bceec1725efb18,1035066,406,23371,9488626,1874358,75909008,22493924,924527,24900,2775,79941,1659,1264,0.8726793531539762,4.4177942527521425,0.7794822980692885,3.945999643611306,True
NCBI345,Mus musculus,Spatial Transcriptomics,Brain,Healthy,https://www.science.org/doi/10.1126/sciadv.abb3446,,Creative Commons Attribution NonCommercial License 4.0,E:\Hestdata\st\NCBI345.h5ad,True,77209979,exposure_unresolved,False,True,main_v2/NCBI345,E:\count压缩\baseline\evidence\COUNT-HEST-SHARED-RESUME-001\main_v2\NCBI345\RESULT.json,77209979,395a3cb8a6a5a4fcec3fe45929300f445f48892ef284617b5222ddf68fd5fb02,ff7f1dfa2dbdb91504a5deb1dbee019f976bd15548e7307532d20caed54b1429,930932,386,23371,9021206,1667418,72169648,20010564,821259,24439,2613,79698,1659,1264,0.8255499320157416,4.466460119778004,0.728291982247163,3.9402669276690068,True
NCBI346,Mus musculus,Spatial Transcriptomics,Brain,Healthy,https://www.science.org/doi/10.1126/sciadv.abb3446,,Creative Commons Attribution NonCommercial License 4.0,E:\Hestdata\st\NCBI346.h5ad,True,83353883,exposure_unresolved,False,True,main_v2/NCBI346,E:\count压缩\baseline\evidence\COUNT-HEST-SHARED-RESUME-001\main_v2\NCBI346\RESULT.json,83353883,0feaf6ae55e1261cabfe4287c276b450134cf9d01380bb8dacc59f19683250de,7048e4c8b649622c6d656a95dd17f5ce9900bbdb537b869e2d31847df6b121c5,907129,419,23371,9792449,1646112,78339592,19755024,798017,23296,2892,80001,1659,1264,0.7410844825436416,4.408589451993546,0.6519447790843741,3.8783120468109096,True
NCBI347,Mus musculus,Spatial Transcriptomics,Brain,Healthy,https://www.science.org/doi/10.1126/sciadv.abb3446,,Creative Commons Attribution NonCommercial License 4.0,E:\Hestdata\st\NCBI347.h5ad,True,85037675,exposure_unresolved,False,True,main_v2/NCBI347,E:\count压缩\baseline\evidence\COUNT-HEST-SHARED-RESUME-001\main_v2\NCBI347\RESULT.json,85037675,a2ba3c2a6d8a644b4602ec6c728a8bf5d49dec1e5a9c2051a5dcd4f27e2d75bf,30f1cce6da04dc32f793983fc255f9a7c9a3360b0349b36eae080616667b8b56,921907,428,23371,10002788,1672160,80022304,20067636,812222,23727,2963,80072,1659,1264,0.7373200351741934,4.410616208975218,0.6495964924978916,3.8858578126495074,True
NCBI348,Mus musculus,Spatial Transcriptomics,Brain,Healthy,https://www.science.org/doi/10.1126/sciadv.abb3446,,Creative Commons Attribution NonCommercial License 4.0,E:\Hestdata\st\NCBI348.h5ad,True,94585163,exposure_unresolved,False,True,main_v2/NCBI348,E:\count压缩\baseline\evidence\COUNT-HEST-SHARED-RESUME-001\main_v2\NCBI348\RESULT.json,94585163,1995919c70cbdb1a841d774dfe100c8a3b3bfe591b7d44396a05532bbbf93d60,3ef7eb1eb202393b6a20df87213f2785a869067cac5f0226379c503f96d97d73,999887,479,23371,11194709,1836522,89557672,22040184,889656,23042,3312,80954,1659,1264,0.7145425575600045,4.35556775252352,0.6357689154760521,3.875394904063224,True
NCBI349,Mus musculus,Spatial Transcriptomics,Brain,Healthy,https://www.science.org/doi/10.1126/sciadv.abb3446,,Creative Commons Attribution NonCommercial License 4.0,E:\Hestdata\st\NCBI349.h5ad,True,94392075,exposure_unresolved,False,True,main_v2/NCBI349,E:\count压缩\baseline\evidence\COUNT-HEST-SHARED-RESUME-001\main_v2\NCBI349\RESULT.json,94392075,7165b3fc5404b2a99e42b205fab4cb7cddad7cf0e17b2279d4702b7dd2ad4b08,e44a3b1c43d5b7e0875cbb0a930d05913586c4a0e0e9dc9bee00078ef76ef2cd,1158665,478,23371,11171338,2220689,89370704,26650184,1046788,24559,3326,81068,1660,1264,0.8297412539124678,4.174073902288884,0.7496240826300306,3.7710386281014587,True
NCBI35,Mus musculus,Spatial Transcriptomics,Spinal cord,Diseased,https://www.science.org/doi/10.1126/science.aav9776?url_ver=Z39.88-2003&rfr_id=ori:rid:crossref.org&rfr_dat=cr_pub%20%200pubmed,,,E:\Hestdata\st\NCBI35.h5ad,True,34528889,known_exposed,False,True,main_v2/NCBI35,E:\count压缩\baseline\evidence\COUNT-HEST-SHARED-RESUME-001\main_v2\NCBI35\RESULT.json,34528889,c9a09083ce2f4b8774efb026809aad4ef319e3087eec5a0e3074c4aa7c93b79b,fe9350576533391060d8759854436abed9d61b46dabbd3c1f9c7d290c14cf1d3,292595,249,15193,3783057,375758,30264456,4510096,217274,16777,1512,54113,1655,1264,0.618748276856521,6.229434902250917,0.4594675681598242,4.625828325677697,True
NCBI350,Mus musculus,Spatial Transcriptomics,Brain,Healthy,https://www.science.org/doi/10.1126/sciadv.abb3446,,Creative Commons Attribution NonCommercial License 4.0,E:\Hestdata\st\NCBI350.h5ad,True,96649131,exposure_unresolved,False,True,main_v2/NCBI350,E:\count压缩\baseline\evidence\COUNT-HEST-SHARED-RESUME-001\main_v2\NCBI350\RESULT.json,96649131,4252fc6fa5df3592490b7af86f1a618202cb045d4d6c2209db908c768d3da527,8f1bd7e7b74b9d00eb380e904bd9a70f6b4a3613e0dd5eaa9147d6ef5094961a,1122873,490,23371,11451790,2111182,91614320,25336148,1010914,24448,3399,81189,1659,1264,0.7844174578821302,4.254954807306997,0.7062050561527936,3.8307033690131878,True
NCBI351,Mus musculus,Spatial Transcriptomics,Brain,Healthy,https://www.science.org/doi/10.1126/sciadv.abb3446,,Creative Commons Attribution NonCommercial License 4.0,E:\Hestdata\st\NCBI351.h5ad,True,95520603,exposure_unresolved,False,True,main_v2/NCBI351,E:\count压缩\baseline\evidence\COUNT-HEST-SHARED-RESUME-001\main_v2\NCBI351\RESULT.json,95520603,772ce06134668549e51ec61d8df73dccccc95ada4b469c1ef9e3d60a402fb063,a22ebd2a99f6cdb6815eb53c58dd6375168586bc64aafb0ea2c443e1b84166c3,1223843,484,23371,11311564,2331228,90492512,27976676,1111562,24887,3383,81086,1661,1264,0.8655517486352904,4.199822582776116,0.7861420401281379,3.8145114935132898,True
NCBI352,Mus musculus,Spatial Transcriptomics,Brain,Healthy,https://www.science.org/doi/10.1126/sciadv.abb3446,,Creative Commons Attribution NonCommercial License 4.0,E:\Hestdata\st\NCBI352.h5ad,True,103007123,exposure_unresolved,False,True,main_v2/NCBI352,E:\count压缩\baseline\evidence\COUNT-HEST-SHARED-RESUME-001\main_v2\NCBI352\RESULT.json,103007123,0cbcb267eeafc31090b045459fbce649cc07fc5857732fff8376beb13a6f469f,e8fd8d8ac149859e83e550ea7bf0a3d4b7820f612de592448ea0f4db4747ab24,1396257,524,23371,12246404,2621895,97971232,31464840,1282342,25729,3646,81615,1661,1264,0.912109056666757,4.260298753382573,0.83769374258762,3.9127180913041903,True
NCBI353,Mus musculus,Spatial Transcriptomics,Brain,Healthy,https://www.science.org/doi/10.1126/sciadv.abb3446,,Creative Commons Attribution NonCommercial License 4.0,E:\Hestdata\st\NCBI353.h5ad,True,107488235,exposure_unresolved,False,True,main_v2/NCBI353,E:\count压缩\baseline\evidence\COUNT-HEST-SHARED-RESUME-001\main_v2\NCBI353\RESULT.json,107488235,a6148f06431310bb75546d8136bef7d5efb10d603633caace06bc737475408c8,3fa2c36b128a2e65255e196a6542695a4c8c02da58d0050e8962ea7e03085202,1273039,548,23371,12807308,2404571,102458464,28857048,1159435,24917,3762,82001,1660,1264,0.7951953681445,4.235396667430489,0.7242333830028918,3.857436524020293,True
NCBI354,Mus musculus,Spatial Transcriptomics,Brain,Healthy,https://www.science.org/doi/10.1126/sciadv.abb3446,,Creative Commons Attribution NonCommercial License 4.0,E:\Hestdata\st\NCBI354.h5ad,True,103565387,exposure_unresolved,False,True,main_v2/NCBI354,E:\count压缩\baseline\evidence\COUNT-HEST-SHARED-RESUME-001\main_v2\NCBI354\RESULT.json,103565387,6aa5db64a8891473f2d8cbae5435ebd2ed4d188c267862f9e68dc4bd7e712572,8e710316b9b21456974fabeec6c46e02ed279a6be934389397d38677905a2d65,1286599,527,23371,12316517,2464524,98532136,29576400,1174276,24080,3696,81622,1661,1264,0.8356901549358475,4.17638132150468,0.7627325160189362,3.811773794858561,True
NCBI355,Mus musculus,Spatial Transcriptomics,Brain,Healthy,https://www.science.org/doi/10.1126/sciadv.abb3446,,Creative Commons Attribution NonCommercial License 4.0,E:\Hestdata\st\NCBI355.h5ad,True,89162611,exposure_unresolved,False,True,main_v2/NCBI355,E:\count压缩\baseline\evidence\COUNT-HEST-SHARED-RESUME-001\main_v2\NCBI355\RESULT.json,89162611,474592764233bca26e6a0b0bb54761bda6e109379302be39fa5e9238db991bbb,05308af29333419c0a60d34d53c8b7ffdeabb49a72db9b1fb59335e92707b6e7,1547032,450,23371,10516950,3018676,84135600,36225916,1434337,26117,3110,80543,1661,1264,1.1767913701215658,4.099895450853288,1.0910668967714023,3.8012347134969104,True
NCBI357,Mus musculus,Spatial Transcriptomics,Brain,Healthy,https://www.science.org/doi/10.1126/sciadv.abb3446,,Creative Commons Attribution NonCommercial License 4.0,E:\Hestdata\st\NCBI357.h5ad,True,92723283,exposure_unresolved,False,True,main_v2/NCBI357,E:\count压缩\baseline\evidence\COUNT-HEST-SHARED-RESUME-001\main_v2\NCBI357\RESULT.json,92723283,97d1e026e2c3baff7bff36b92b6857f5220e6b95c67ff092ea725c996c6c90bd,f95366abc9e28eeb23f825c17414fdaf0565f10330713832a6d6a89b4dfc1515,1410517,469,23371,10960999,2702931,87687992,32437052,1297887,25548,3294,80863,1661,1264,1.0294806157723397,4.174777676529663,0.9472764298217708,3.8414210351651596,True
NCBI358,Mus musculus,Spatial Transcriptomics,Brain,Healthy,https://www.science.org/doi/10.1126/sciadv.abb3446,,Creative Commons Attribution NonCommercial License 4.0,E:\Hestdata\st\NCBI358.h5ad,True,91027491,known_exposed,False,True,main_v2/NCBI358,E:\count压缩\baseline\evidence\COUNT-HEST-SHARED-RESUME-001\main_v2\NCBI358\RESULT.json,91027491,096a18639451275c4219d775496e57038f9d8c0bf707cdaa18ab9827c0ab5cc0,92f45aa2b1af063f8291d6b5d508c8fc534ce4fe200bfec57cd0d135d6c062d2,1343851,460,23371,10750660,2565263,86005280,30785000,1231685,25375,3168,80698,1661,1264,1.0000137665966555,4.1909184360433995,0.9165465190044146,3.841118824853436,True
NCBI359,Mus musculus,Spatial Transcriptomics,Brain,Healthy,https://www.science.org/doi/10.1126/sciadv.abb3446,,Creative Commons Attribution NonCommercial License 4.0,E:\Hestdata\st\NCBI359.h5ad,True,97397483,exposure_unresolved,False,True,main_v2/NCBI359,E:\count压缩\baseline\evidence\COUNT-HEST-SHARED-RESUME-001\main_v2\NCBI359\RESULT.json,97397483,bffd7c469575ea101b6a4811075c7ff23ac28a00d27f806f5a4adb37e987c3b8,37577aa7948eb20289a79a559f9ef22f079fc75c933f2f3d1c4865380a18de3b,1406149,494,23371,11545274,2659964,92362192,31921548,1293032,25596,3407,81189,1661,1264,0.9743547013262743,4.229076784497836,0.8959731921477134,3.888870676445245,True
NCBI36,Mus musculus,Spatial Transcriptomics,Spinal cord,Diseased,https://www.science.org/doi/10.1126/science.aav9776?url_ver=Z39.88-2003&rfr_id=ori:rid:crossref.org&rfr_dat=cr_pub%20%200pubmed,,,E:\Hestdata\st\NCBI36.h5ad,True,35544606,exposure_unresolved,False,True,main_v2/NCBI36,E:\count压缩\baseline\evidence\COUNT-HEST-SHARED-RESUME-001\main_v2\NCBI36\RESULT.json,35544606,e7956fe623294530bfc2baab4ef4c8b7e2e5e10979c0370f2e88afb5200dd068,70ba8d9968f22edaef35c1c507381c6b074a994834d48fd4b0cbe13d5b89e737,250859,265,14766,3912990,295407,31303920,3545948,177649,15310,1673,53308,1655,1264,0.5128742981709639,6.793583090448093,0.36319847482360035,4.810962502581185,True
NCBI360,Mus musculus,Spatial Transcriptomics,Brain,Healthy,https://www.science.org/doi/10.1126/sciadv.abb3446,,Creative Commons Attribution NonCommercial License 4.0,E:\Hestdata\st\NCBI360.h5ad,True,100013715,exposure_unresolved,False,True,main_v2/NCBI360,E:\count压缩\baseline\evidence\COUNT-HEST-SHARED-RESUME-001\main_v2\NCBI360\RESULT.json,100013715,b737a3fa6da2b5cd38ed5d32a3a65be490756675402a45f81fcd67876088ef67,3e3e3502fc71d09d07ccc1a8fa452eef73207c19e46fa2f7f1af9c348949e7d0,1445023,508,23371,11872468,2799791,94979744,33599528,1331551,25741,3478,81328,1661,1264,0.9736967916022179,4.128945339134242,0.8972361938562395,3.804715423401247,True
NCBI363,Mus musculus,Spatial Transcriptomics,Brain,Healthy,https://www.science.org/doi/10.1126/sciadv.abb3446,,Creative Commons Attribution NonCommercial License 4.0,E:\Hestdata\st\NCBI363.h5ad,True,100025715,exposure_unresolved,False,True,main_v2/NCBI363,E:\count压缩\baseline\evidence\COUNT-HEST-SHARED-RESUME-001\main_v2\NCBI363\RESULT.json,100025715,b8b2000acaee6130e1a45006f6e9429f7b972a87a31f7667718bf1a994c42b6f,0001416c9d04b666c2f46c0c994ccafca8720615fb63c28bd1f9cda0f98d8f70,1214213,508,23371,11872468,2211899,94979744,26544824,1101199,25078,3579,81433,1660,1264,0.8181705775075578,4.391567607743392,0.7420185929328258,3.982818383660375,True
NCBI364,Mus musculus,Spatial Transcriptomics,Brain,Healthy,https://www.science.org/doi/10.1126/sciadv.abb3446,,Creative Commons Attribution NonCommercial License 4.0,E:\Hestdata\st\NCBI364.h5ad,True,118349435,exposure_unresolved,False,True,main_v2/NCBI364,E:\count压缩\baseline\evidence\COUNT-HEST-SHARED-RESUME-001\main_v2\NCBI364\RESULT.json,118349435,d5757a3479e76603a2f6fa6c6d2d57319a999e7c1454700ecccbef72bb7f3381,c91c4d191d31677928d243aa1fa4a789c07458a55e6ffb8e07efe0cde0dc1f32,1468837,606,23371,14162826,2804256,113302608,33653500,1353001,25779,4217,82915,1661,1264,0.8296858268258044,4.190307874887314,0.7642548175060543,3.8598501705978343,True
NCBI365,Mus musculus,Spatial Transcriptomics,Brain,Healthy,https://www.science.org/doi/10.1126/sciadv.abb3446,,Creative Commons Attribution NonCommercial License 4.0,E:\Hestdata\st\NCBI365.h5ad,True,120404403,exposure_unresolved,False,True,main_v2/NCBI365,E:\count压缩\baseline\evidence\COUNT-HEST-SHARED-RESUME-001\main_v2\NCBI365\RESULT.json,120404403,cf59b44ea3eab28c4c9063bdadbb291bd050a444463e262f25587cb93d4341a8,3657ced94fcf61cf87306f82c8ecd1517dfd993087b0b1bb65b2b0040e2a89d0,1503780,617,23371,14419907,2900277,115359256,34805796,1387739,25804,4256,83056,1661,1264,0.834279999170591,4.14796241876207,0.7699017753720603,3.827879888714078,True
NCBI366,Mus musculus,Spatial Transcriptomics,Brain,Healthy,https://www.science.org/doi/10.1126/sciadv.abb3446,,Creative Commons Attribution NonCommercial License 4.0,E:\Hestdata\st\NCBI366.h5ad,True,124529627,exposure_unresolved,False,True,main_v2/NCBI366,E:\count压缩\baseline\evidence\COUNT-HEST-SHARED-RESUME-001\main_v2\NCBI366\RESULT.json,124529627,6110e7d891367ccde35ea226d50de791c13f8cf912d0ba136d3cf455aece4ec6,8a50faffa922c2a3fb1c7307e9c2ee7064882b202f4721930004a2cf764664fc,1647516,639,23371,14934069,3222082,119472552,38667544,1531482,25302,4440,83367,1661,1264,0.882554379519741,4.090562561722513,0.8203963702056017,3.802465610744854,True
NCBI367,Mus musculus,Spatial Transcriptomics,Brain,Healthy,https://www.science.org/doi/10.1126/sciadv.abb3446,,Creative Commons Attribution NonCommercial License 4.0,E:\Hestdata\st\NCBI367.h5ad,True,112355523,known_exposed,False,True,main_v2/NCBI367,E:\count压缩\baseline\evidence\COUNT-HEST-SHARED-RESUME-001\main_v2\NCBI367\RESULT.json,112355523,08725d549b475f6ec49ab4af25c53faf13a56072d65ab67b1eb07a1e2f3b8b6c,4ea60f54b180978b9b424a6807556204afda8a0c0bb07a3140602e17ff782e75,1267472,574,23371,13414954,2404688,107319632,28858556,1153290,24811,4010,82437,1660,1264,0.755856188548988,4.21667010439608,0.6877638193914045,3.8368054400404543,True
NCBI369,Mus musculus,Spatial Transcriptomics,Brain,Healthy,https://www.science.org/doi/10.1126/sciadv.abb3446,,Creative Commons Attribution NonCommercial License 4.0,E:\Hestdata\st\NCBI369.h5ad,True,115164843,exposure_unresolved,False,True,main_v2/NCBI369,E:\count压缩\baseline\evidence\COUNT-HEST-SHARED-RESUME-001\main_v2\NCBI369\RESULT.json,115164843,7a3228f1423552eb93f97a3ba20fb9fad1073d5dd49e283bb1d77b89db2d45bd,507d40713fa405e4973c14a7cd39d6580d291e2ce26d009c655360e1e8b8545d,1699643,589,23371,13765519,3318103,110124152,39819596,1583856,26220,4073,82569,1661,1264,0.9877683507610574,4.097866763026946,0.9204773172736894,3.818702433287936,True
NCBI37,Mus musculus,Spatial Transcriptomics,Spinal cord,Diseased,https://www.science.org/doi/10.1126/science.aav9776?url_ver=Z39.88-2003&rfr_id=ori:rid:crossref.org&rfr_dat=cr_pub%20%200pubmed,,,E:\Hestdata\st\NCBI37.h5ad,True,28783062,exposure_unresolved,False,True,main_v2/NCBI37,E:\count压缩\baseline\evidence\COUNT-HEST-SHARED-RESUME-001\main_v2\NCBI37\RESULT.json,28783062,9667b651c58d60aac429554f10dd3f2e058abf48b66f926584d2637dc923841d,79cd3f19e2a4e7063de010de5786bd6f54ff0a4e7adfec616b5e4929f0a34bac,218658,210,14638,3073980,249663,24591840,2996800,147981,14936,1308,51514,1655,1264,0.5690551012043019,7.006500763028562,0.3851189662912576,4.7417839247305364,True
NCBI370,Mus musculus,Spatial Transcriptomics,Brain,Healthy,https://www.science.org/doi/10.1126/sciadv.abb3446,,Creative Commons Attribution NonCommercial License 4.0,E:\Hestdata\st\NCBI370.h5ad,True,112732699,exposure_unresolved,False,True,main_v2/NCBI370,E:\count压缩\baseline\evidence\COUNT-HEST-SHARED-RESUME-001\main_v2\NCBI370\RESULT.json,112732699,d857f9bafc7827bc70c88483d70d0a9bb76246876684e3b550d238a4ecd3aacd,da81dab0cb6ac9fd9fd0507372d4c1cb3905f11402ce37de05e8496df773840c,1341442,576,23371,13461696,2589535,107693568,31076728,1227161,24898,4048,82410,1661,1264,0.7971904877364635,4.144194227921229,0.7292757168190397,3.7911393358267023,True
NCBI371,Mus musculus,Spatial Transcriptomics,Brain,Healthy,https://www.science.org/doi/10.1126/sciadv.abb3446,,Creative Commons Attribution NonCommercial License 4.0,E:\Hestdata\st\NCBI371.h5ad,True,120962667,exposure_unresolved,False,True,main_v2/NCBI371,E:\count压缩\baseline\evidence\COUNT-HEST-SHARED-RESUME-001\main_v2\NCBI371\RESULT.json,120962667,6c8e20cc02f21990d2940e434bd30adab35e5a0c32a348cea9422c0d5a0b9e31,ed2c34d388e18923826134a3963bd51e1eaa5cd39e4d725b73b0870f1caaac17,1367957,620,23371,14490020,2597334,115920160,31170492,1252667,24891,4319,83155,1661,1264,0.7552547201453138,4.213418836391469,0.6916026340888418,3.858316258132377,True
NCBI372,Mus musculus,Spatial Transcriptomics,Brain,Healthy,https://www.science.org/doi/10.1126/sciadv.abb3446,,Creative Commons Attribution NonCommercial License 4.0,E:\Hestdata\st\NCBI372.h5ad,True,105249179,exposure_unresolved,False,True,main_v2/NCBI372,E:\count压缩\baseline\evidence\COUNT-HEST-SHARED-RESUME-001\main_v2\NCBI372\RESULT.json,105249179,9a8ea529ca411920ee86ef75d2eaaf7d6d21c04bad8a57b5abbcd58d5551c033,15c4b4afef899906f1f319d76bb8ea799ae4603f08b8cb39f57629e9c2c8b294,1227690,536,23371,12526856,2315537,100214848,27788592,1114108,25128,3718,81812,1660,1264,0.7840371119457269,4.241573336984034,0.7115004754584869,3.849156372798189,True
NCBI373,Mus musculus,Spatial Transcriptomics,Brain,Healthy,https://www.science.org/doi/10.1126/sciadv.abb3446,,Creative Commons Attribution NonCommercial License 4.0,E:\Hestdata\st\NCBI373.h5ad,True,108987939,exposure_unresolved,False,True,main_v2/NCBI373,E:\count压缩\baseline\evidence\COUNT-HEST-SHARED-RESUME-001\main_v2\NCBI373\RESULT.json,108987939,895ed3854f21eefe801910347667c6ceb590c60a1b9bdd5e5ae1b9415b5e05de,28a7d68a1b903ca94dac8af9b5f11824d6d6e4baefadb5d043af4f8429030646,1193099,556,23371,12994276,2235973,103954208,26833904,1079474,24723,3826,82153,1659,1264,0.7345381920470213,4.268742064416699,0.6645843138932865,3.8622076384643287,True
NCBI374,Mus musculus,Spatial Transcriptomics,Brain,Healthy,https://www.science.org/doi/10.1126/sciadv.abb3446,,Creative Commons Attribution NonCommercial License 4.0,E:\Hestdata\st\NCBI374.h5ad,True,117969259,exposure_unresolved,False,True,main_v2/NCBI374,E:\count压缩\baseline\evidence\COUNT-HEST-SHARED-RESUME-001\main_v2\NCBI374\RESULT.json,117969259,db5f06b7b38579411a664df916b0c9e19cacf79b44d3f49b149b60d98cc4efc9,a14d692bb10c74cdebd22cc0c58f2a128d10970a3f8d197ffd3c5fa8e8616f7d,1294739,604,23371,14116084,2441439,112928672,29299688,1180028,24961,4170,82656,1660,1264,0.7337666735335381,4.242543844019859,0.6687565758322209,3.866663881424029,True
NCBI375,Mus musculus,Spatial Transcriptomics,Brain,Healthy,https://www.science.org/doi/10.1126/sciadv.abb3446,,Creative Commons Attribution NonCommercial License 4.0,E:\Hestdata\st\NCBI375.h5ad,True,115536019,exposure_unresolved,False,True,main_v2/NCBI375,E:\count压缩\baseline\evidence\COUNT-HEST-SHARED-RESUME-001\main_v2\NCBI375\RESULT.json,115536019,78040f8b71c5680c4b896fd9d4f6ea6af3cc658988ff4fa49c2186674d2941ca,bf106959238011425baf1b1ac7717efce4ff578849d1007567599317fb27c1e0,1301001,591,23371,13812261,2454854,110498088,29460616,1187236,24285,4044,82512,1660,1264,0.7535339797010786,4.239766601190946,0.6876417988336595,3.8690235753327897,True
NCBI376,Mus musculus,Spatial Transcriptomics,Brain,Healthy,https://www.science.org/doi/10.1126/sciadv.abb3446,,Creative Commons Attribution NonCommercial License 4.0,E:\Hestdata\st\NCBI376.h5ad,True,111800259,exposure_unresolved,False,True,main_v2/NCBI376,E:\count压缩\baseline\evidence\COUNT-HEST-SHARED-RESUME-001\main_v2\NCBI376\RESULT.json,111800259,43192259357b7857298667a35ba8474ac70a4d1dc127a65491e4677a7a3d881b,4f2b99619dcfd2d712b1db3efa69d10dca0cef78fd5f00f91164fbf400869aff,1266853,571,23371,13344841,2403804,106758728,28847936,1152990,24760,3939,82240,1660,1264,0.759456332226064,4.216160718594361,0.6911974447653592,3.8372180094550137,True
NCBI377,Mus musculus,Spatial Transcriptomics,Brain,Healthy,https://www.science.org/doi/10.1126/sciadv.abb3446,,Creative Commons Attribution NonCommercial License 4.0,E:\Hestdata\st\NCBI377.h5ad,True,112922787,exposure_unresolved,False,True,main_v2/NCBI377,E:\count压缩\baseline\evidence\COUNT-HEST-SHARED-RESUME-001\main_v2\NCBI377\RESULT.json,112922787,5a724ed8a38f5feefa1d6ecb8e462d4bd541883c51c94191e46ccd2014e28a75,6cf9c8acfb1b97a01b3b2b318b1c125bf9f61a9e6c502eb1636e2ff8c58a3132,1342316,577,23371,13485067,2566462,107880536,30799856,1227605,25410,3947,82429,1661,1264,0.796327374569218,4.184175725181203,0.7282752099044076,3.826606433292213,True
NCBI378,Mus musculus,Spatial Transcriptomics,Brain,Healthy,https://www.science.org/doi/10.1126/sciadv.abb3446,,Creative Commons Attribution NonCommercial License 4.0,E:\Hestdata\st\NCBI378.h5ad,True,117791171,exposure_unresolved,False,True,main_v2/NCBI378,E:\count压缩\baseline\evidence\COUNT-HEST-SHARED-RESUME-001\main_v2\NCBI378\RESULT.json,117791171,db50f1e0b7fda974b9a769c29316a110b3aa1644b388eb6ba3b456051141b674,e0204895889ef17bfd8c4cae31b26750d9e07c13dfd3c6c03fdd7b01cbbbb026,1375766,603,23371,14092713,2633455,112741704,31603876,1259632,25220,4166,83823,1661,1264,0.7809800710480658,4.179349181968175,0.715054368878441,3.82655333013095,True
NCBI379,Mus musculus,Spatial Transcriptomics,Brain,Healthy,https://www.science.org/doi/10.1126/sciadv.abb3446,,Creative Commons Attribution NonCommercial License 4.0,E:\Hestdata\st\NCBI379.h5ad,True,113653139,exposure_unresolved,False,True,main_v2/NCBI379,E:\count压缩\baseline\evidence\COUNT-HEST-SHARED-RESUME-001\main_v2\NCBI379\RESULT.json,113653139,f0aed0b0b2ee8ef277e3c86ec71720990c4f68c998e054c1e8dc438ea809bdf3,e3d83d1d1fd3a0d07e51004ec4b4a4f63a1a14e1ce2d70fed3d0453a44ca6faf,1325829,581,23371,13578551,2516223,108628408,30197004,1210007,25355,4021,83521,1661,1264,0.7811313593033601,4.215298882491735,0.7128931503810679,3.8470580707671775,True
NCBI38,Mus musculus,Spatial Transcriptomics,Spinal cord,Diseased,https://www.science.org/doi/10.1126/science.aav9776?url_ver=Z39.88-2003&rfr_id=ori:rid:crossref.org&rfr_dat=cr_pub%20%200pubmed,,,E:\Hestdata\st\NCBI38.h5ad,True,32796561,exposure_unresolved,False,True,main_v2/NCBI38,E:\count压缩\baseline\evidence\COUNT-HEST-SHARED-RESUME-001\main_v2\NCBI38\RESULT.json,32796561,88770db06eaed20ae1bca2d093614fea962badc26f4f9f2d4e693f415ca47fc8,f08402fc52954b94a27fd87e8e48144d8905fa2d9b854fab9571f8b115a948e9,265656,235,15177,3566595,331979,28532760,3984692,191904,16117,1435,53281,1655,1264,0.59587589844095,6.40175432783399,0.4304475276839675,4.624485283707704,True
NCBI380,Mus musculus,Spatial Transcriptomics,Brain,Healthy,https://www.science.org/doi/10.1126/sciadv.abb3446,,Creative Commons Attribution NonCommercial License 4.0,E:\Hestdata\st\NCBI380.h5ad,True,102068683,exposure_unresolved,False,True,main_v2/NCBI380,E:\count压缩\baseline\evidence\COUNT-HEST-SHARED-RESUME-001\main_v2\NCBI380\RESULT.json,102068683,a2f8009447d6c7c3c9b98820c2fbfd159bddc275e600a60b8282a821d678672b,6bdcfbee705bdf0639928d113a88753805e6e809fdd670c7efbf7b0adf4bf67c,1098060,519,23371,12129549,1988786,97036392,23867512,986089,24086,3599,81363,1659,1264,0.7242214858936635,4.417006153502689,0.6503714194155117,3.9665967077402997,True
NCBI381,Mus musculus,Spatial Transcriptomics,Brain,Healthy,https://www.science.org/doi/10.1126/sciadv.abb3446,,Creative Commons Attribution NonCommercial License 4.0,E:\Hestdata\st\NCBI381.h5ad,True,109736291,exposure_unresolved,False,True,main_v2/NCBI381,E:\count压缩\baseline\evidence\COUNT-HEST-SHARED-RESUME-001\main_v2\NCBI381\RESULT.json,109736291,8cbef5c1dabec4b19e237d4542d709b420d2fcafde04ff8bc402c85e4ffe8cac,77111206490656065abb679ec016266ebd3da25e3d77a931cc84c13eda54cbe9,1153398,560,23371,13087760,2158256,104702080,25901316,1038865,24516,3841,83253,1659,1264,0.7050239307566765,4.275296350386609,0.6350147007585714,3.850757278098613,True
NCBI382,Mus musculus,Spatial Transcriptomics,Brain,Healthy,https://www.science.org/doi/10.1126/sciadv.abb3446,,Creative Commons Attribution NonCommercial License 4.0,E:\Hestdata\st\NCBI382.h5ad,True,107117059,exposure_unresolved,False,True,main_v2/NCBI382,E:\count压缩\baseline\evidence\COUNT-HEST-SHARED-RESUME-001\main_v2\NCBI382\RESULT.json,107117059,a9f845b20a29eff4f85b47e07ee72a8af3a80c05362ea9bfc8ce1e1e4b0931ee,216938c478163b43029ddcce9e4e3880c1b208e73ff8266edbcaf2d97298cba2,1107762,546,23371,12760566,2034668,102084528,24418204,993638,24474,3762,82965,1659,1264,0.6944908243098308,4.35554891510556,0.6229429008086318,3.9068309915917485,True
NCBI383,Mus musculus,Spatial Transcriptomics,Brain,Healthy,https://www.science.org/doi/10.1126/sciadv.abb3446,,Creative Commons Attribution NonCommercial License 4.0,E:\Hestdata\st\NCBI383.h5ad,True,108990939,exposure_unresolved,False,True,main_v2/NCBI383,E:\count压缩\baseline\evidence\COUNT-HEST-SHARED-RESUME-001\main_v2\NCBI383\RESULT.json,108990939,eae056d0d9ae098b6e1d3bbf05d6b6181104a706449b744fcc9ba52a0fa338bc,4fbf341f2e89efc2769084691f38eeb8bcd9a190e374a87cd84f58c693509a1b,1042613,556,23371,12994276,1870818,103954208,22452044,929600,24151,3810,82129,1659,1264,0.641890629381737,4.458426207145751,0.5723135325123154,3.975159529147143,True
NCBI384,Mus musculus,Spatial Transcriptomics,Brain,Healthy,https://www.science.org/doi/10.1126/sciadv.abb3446,,Creative Commons Attribution NonCommercial License 4.0,E:\Hestdata\st\NCBI384.h5ad,True,115173843,exposure_unresolved,False,True,main_v2/NCBI384,E:\count压缩\baseline\evidence\COUNT-HEST-SHARED-RESUME-001\main_v2\NCBI384\RESULT.json,115173843,bbc80d52e3e5afee18b0f1a45cb47282e4282c9b0c140af83ce6cb6aeea532b9,61169b9e8aefe167160b7dd0208a7dddfedd34b31369dc02f4afa5839069df3e,1419241,589,23371,13765519,2748935,110124152,32989580,1302841,25750,4022,83703,1661,1264,0.8248092934236624,4.130300643703834,0.7571620074767976,3.791551273493189,True
NCBI385,Mus musculus,Spatial Transcriptomics,Brain,Healthy,https://www.science.org/doi/10.1126/sciadv.abb3446,,Creative Commons Attribution NonCommercial License 4.0,E:\Hestdata\st\NCBI385.h5ad,True,113472051,exposure_unresolved,False,True,main_v2/NCBI385,E:\count压缩\baseline\evidence\COUNT-HEST-SHARED-RESUME-001\main_v2\NCBI385\RESULT.json,113472051,b6df305e7bc0ec0f77b9c9b98814c54ff056a4e1a09a5d81c1330c1013d774b1,e87f0d837807a99cfe832af3556d4c792bffdbde415c29c79a674be243d92f5c,1395621,580,23371,13555180,2689197,108441440,32272688,1279343,25789,3999,83565,1661,1264,0.8236679999822946,4.151785086774974,0.7550430167655464,3.8058736492715113,True
NCBI386,Mus musculus,Spatial Transcriptomics,Brain,Healthy,https://www.science.org/doi/10.1126/sciadv.abb3446,,Creative Commons Attribution NonCommercial License 4.0,E:\Hestdata\st\NCBI386.h5ad,True,100191803,exposure_unresolved,False,True,main_v2/NCBI386,E:\count压缩\baseline\evidence\COUNT-HEST-SHARED-RESUME-001\main_v2\NCBI386\RESULT.json,100191803,724a0f3f40989d9ef4ed6f2698d604c799e6bf66bd7dd302cb51422bb0391992,88f4491ed09d8e8b01b81d46f0cfec4e7ce1cdd291b25b6d791687ecce249fee,1206878,509,23371,11895839,2304038,95166712,27650496,1094081,24973,3488,81412,1660,1264,0.8116303524282734,4.1904794972999575,0.7357739122057722,3.798829706801711,True
NCBI388,Mus musculus,Spatial Transcriptomics,Brain,Healthy,https://www.science.org/doi/10.1126/sciadv.abb3446,,Creative Commons Attribution NonCommercial License 4.0,E:\Hestdata\st\NCBI388.h5ad,True,107114059,exposure_unresolved,False,True,main_v2/NCBI388,E:\count压缩\baseline\evidence\COUNT-HEST-SHARED-RESUME-001\main_v2\NCBI388\RESULT.json,107114059,565d86eaa3c9ff8ef399c2fcbf111f73574e2def088a121c1ea9f621c5e01d83,5028a3b34f9c101ecccdb1ea9ac01b583a13fe1e4b48ae567f3e18f08e9a53e5,1324085,546,23371,12760566,2539146,102084528,30471940,1209101,25375,3780,82904,1661,1264,0.8301105139066716,4.171749084140888,0.7580234293682584,3.8094729487788412,True
NCBI39,Mus musculus,Spatial Transcriptomics,Spinal cord,Diseased,https://www.science.org/doi/10.1126/science.aav9776?url_ver=Z39.88-2003&rfr_id=ori:rid:crossref.org&rfr_dat=cr_pub%20%200pubmed,,,E:\Hestdata\st\NCBI39.h5ad,True,36332004,exposure_unresolved,False,True,main_v2/NCBI39,E:\count压缩\baseline\evidence\COUNT-HEST-SHARED-RESUME-001\main_v2\NCBI39\RESULT.json,36332004,665978b1c5375733710049fbcb2ed263031c204f38cacb7eabbfb9521c3524ea,44e4e38f6b5eac9cde6d5ea79dc7ae005406d259d119fc7db34bf1401b3c145c,252978,272,14748,4011456,295220,32091648,3543732,179528,15492,1711,53328,1655,1264,0.5045110802661178,6.855307905968431,0.35803060036056733,4.864927850416638,True
NCBI390,Mus musculus,Spatial Transcriptomics,Brain,Healthy,https://www.science.org/doi/10.1126/sciadv.abb3446,,Creative Commons Attribution NonCommercial License 4.0,E:\Hestdata\st\NCBI390.h5ad,True,97382483,exposure_unresolved,False,True,main_v2/NCBI390,E:\count压缩\baseline\evidence\COUNT-HEST-SHARED-RESUME-001\main_v2\NCBI390\RESULT.json,97382483,8cdf6652b7874b59865099aaadaa7edf12aa93cf6ea7db1fda0423e84a109bd6,e7abbeaf61fd31a999e9896cf7f516d9495b3864326af528b2d6e4175fb9ce1c,1281791,494,23371,11545274,2506507,92362192,30080064,1169155,25160,3446,81105,1661,1264,0.8881840309723269,4.091082929351484,0.8101358183443719,3.7315834346363284,True
NCBI391,Mus musculus,Spatial Transcriptomics,Brain,Healthy,https://www.science.org/doi/10.1126/sciadv.abb3446,,Creative Commons Attribution NonCommercial License 4.0,E:\Hestdata\st\NCBI391.h5ad,True,102638947,exposure_unresolved,False,True,main_v2/NCBI391,E:\count压缩\baseline\evidence\COUNT-HEST-SHARED-RESUME-001\main_v2\NCBI391\RESULT.json,102638947,46729e32f1d5489453af50ad31e89736122efb130cb07634b0319e97deb9519d,306d273be06b5195bcd7d0d149b174540ed7f0d8e53f735445a7579e3ad16f10,877143,522,23371,12199662,1497831,97597296,17976064,765843,23270,3565,81542,1659,1264,0.5751916733430812,4.684870322486315,0.5022060447248456,4.09041073392125,True
NCBI392,Mus musculus,Spatial Transcriptomics,Brain,Healthy,https://www.science.org/doi/10.1126/sciadv.abb3446,,Creative Commons Attribution NonCommercial License 4.0,E:\Hestdata\st\NCBI392.h5ad,True,96084867,exposure_unresolved,False,True,main_v2/NCBI392,E:\count压缩\baseline\evidence\COUNT-HEST-SHARED-RESUME-001\main_v2\NCBI392\RESULT.json,96084867,b3bf2bc2fbb9496005e4cff6699a23b39abf6c75da55a5a8100b2f3335b25ad2,9f8f2226255bffdc9b6cc1b896361ee784e7020127f505d547f4e185d16d99a3,852348,487,23371,11381677,1470420,91053416,17646992,742394,22524,3354,81153,1659,1264,0.599101872246067,4.63730362753499,0.5218169519307216,4.0390854313733495,True
NCBI393,Mus musculus,Spatial Transcriptomics,Brain,Healthy,https://www.science.org/doi/10.1126/sciadv.abb3446,,Creative Commons Attribution NonCommercial License 4.0,E:\Hestdata\st\NCBI393.h5ad,True,100756067,exposure_unresolved,False,True,main_v2/NCBI393,E:\count压缩\baseline\evidence\COUNT-HEST-SHARED-RESUME-001\main_v2\NCBI393\RESULT.json,100756067,a84aaabd113c2db9e3cb5a258c5445a115877be4c2253ebd2e219471f6e7ee5b,e10a97fe77a603a639ce8422b39578e995a2a97f6d28ab57f3deea03c143ad2f,1291262,512,23371,11965952,2491736,95727616,29902884,1178470,25068,3515,81284,1661,1264,0.8632907770313637,4.145742566628246,0.7878821509563134,3.7836111048682524,True
NCBI395,Mus musculus,Spatial Transcriptomics,Brain,Healthy,https://www.science.org/doi/10.1126/sciadv.abb3446,,Creative Commons Attribution NonCommercial License 4.0,E:\Hestdata\st\NCBI395.h5ad,True,92901371,exposure_unresolved,False,True,main_v2/NCBI395,E:\count压缩\baseline\evidence\COUNT-HEST-SHARED-RESUME-001\main_v2\NCBI395\RESULT.json,92901371,41075a01864f8763105eb004a2810129dd11d7107f478e8d424ab2f222f0d3c6,c1bf896315992c8261de516a71943dee153b3f65aadb8c092de91da41055a817,863766,470,23371,10984370,1508208,87874960,18100380,753531,23311,3246,80755,1659,1264,0.6290873304522699,4.581681041341778,0.5488023436938122,3.996960631424843,True
NCBI396,Mus musculus,Spatial Transcriptomics,Brain,Healthy,https://www.science.org/doi/10.1126/sciadv.abb3446,,Creative Commons Attribution NonCommercial License 4.0,E:\Hestdata\st\NCBI396.h5ad,True,76244539,exposure_unresolved,False,True,main_v2/NCBI396,E:\count压缩\baseline\evidence\COUNT-HEST-SHARED-RESUME-001\main_v2\NCBI396\RESULT.json,76244539,c8d7eec38eb27962e4c227403839d02ae3cdb5dd1d9c2bf6deed6c13c1ef5fb2,c8e83384a1b9c33a7e39f7ebd24ebc56712286b731caf9ccd7b709ce75f339a1,881209,381,23371,8904351,1599425,71234808,19194628,772907,23366,2596,79417,1659,1264,0.7917109287358506,4.407628991668881,0.6944083852938862,3.8659243165512605,True
NCBI397,Mus musculus,Spatial Transcriptomics,Brain,Healthy,https://www.science.org/doi/10.1126/sciadv.abb3446,,Creative Commons Attribution NonCommercial License 4.0,E:\Hestdata\st\NCBI397.h5ad,True,91205579,exposure_unresolved,False,True,main_v2/NCBI397,E:\count压缩\baseline\evidence\COUNT-HEST-SHARED-RESUME-001\main_v2\NCBI397\RESULT.json,91205579,7097a475b467e76f9e98444698de7de8c35938b62ac4347fcea9d2f9d7dacc84,b916eeb5cb93b2a059c4ae0be6d23c153eeae2507276c5144bc79756c3b07d5d,1070644,461,23371,10774031,2029645,86192248,24357588,958996,24123,3201,81401,1659,1264,0.7949811913479736,4.220024684119637,0.7120796292492568,3.7799556080004137,True
NCBI398,Mus musculus,Spatial Transcriptomics,Brain,Healthy,https://www.science.org/doi/10.1126/sciadv.abb3446,,Creative Commons Attribution NonCommercial License 4.0,E:\Hestdata\st\NCBI398.h5ad,True,96262955,exposure_unresolved,False,True,main_v2/NCBI398,E:\count压缩\baseline\evidence\COUNT-HEST-SHARED-RESUME-001\main_v2\NCBI398\RESULT.json,96262955,392e0e8fba3a9cd0dd41b67194e35e45175c7fb190d6095204274346e425817b,bc198f53cdcc58fe4507460add9b350e37bf9d8f472c62c3454ea1407284d3cb,1041146,488,23371,11405048,1928379,91240384,23142504,928925,24045,3373,81880,1659,1264,0.7303053875792543,4.319258817898349,0.6515886649490646,3.853703032443311,True
NCBI399,Mus musculus,Spatial Transcriptomics,Brain,Healthy,https://www.science.org/doi/10.1126/sciadv.abb3446,,Creative Commons Attribution NonCommercial License 4.0,E:\Hestdata\st\NCBI399.h5ad,True,80372475,exposure_unresolved,False,True,main_v2/NCBI399,E:\count压缩\baseline\evidence\COUNT-HEST-SHARED-RESUME-001\main_v2\NCBI399\RESULT.json,80372475,9edc0d8a73cebcd4b96d7bfe4792b55d3540070b8f58de60f21c69fd8d838077,64dc0ef4f49168c1d29c8f3b7043b2f29833eaf707c813420a32dd2795ec682f,958264,403,23371,9418513,1752254,75348104,21028664,849466,23377,2748,79750,1659,1264,0.8139407993597291,4.375000428020138,0.721528759369977,3.87827792089503,True
NCBI4,Homo sapiens,Visium,Cervix,Diseased,https://www.ncbi.nlm.nih.gov/pmc/articles/PMC10040725/,,CC BY 4.0,E:\Hestdata\st\NCBI4.h5ad,True,36516792,exposure_unresolved,True,True,main_v2/NCBI4,E:\count压缩\baseline\evidence\COUNT-HEST-SHARED-RESUME-001\main_v2\NCBI4\RESULT.json,36516792,714d847dd07182d2cf1267e3d1470dc809327c16a5e48aca2dec544b3ed1f365,921d95a29145c3e8256a7c2287af83153981926dc394dcfbf7e02ff5ba18f5d9,2067756,1054,20615,21728210,3848892,173825680,46190924,1940724,28788,8055,87262,1663,1264,0.7613166478048583,4.2978727384400495,0.7145453767245438,4.033834152789946,True
NCBI40,Mus musculus,Spatial Transcriptomics,Spinal cord,Diseased,https://www.science.org/doi/10.1126/science.aav9776?url_ver=Z39.88-2003&rfr_id=ori:rid:crossref.org&rfr_dat=cr_pub%20%200pubmed,,,E:\Hestdata\st\NCBI40.h5ad,True,27172447,exposure_unresolved,False,True,main_v2/NCBI40,E:\count压缩\baseline\evidence\COUNT-HEST-SHARED-RESUME-001\main_v2\NCBI40\RESULT.json,27172447,503c7c3000091d3a83982d768d619a7346db22dc6caddaddd9dc13237189a6c6,dd69d4b68540db868bdc2115e08685809b720e0c9c80c7f36ddb6162e003924e,220894,191,15007,2866337,253249,22930696,3039756,149626,14982,1184,52183,1655,1264,0.6165192718092813,6.977922913812098,0.4176089552624133,4.726605040888612,True
NCBI400,Mus musculus,Spatial Transcriptomics,Brain,Healthy,https://www.science.org/doi/10.1126/sciadv.abb3446,,Creative Commons Attribution NonCommercial License 4.0,E:\Hestdata\st\NCBI400.h5ad,True,78495595,exposure_unresolved,False,True,main_v2/NCBI400,E:\count压缩\baseline\evidence\COUNT-HEST-SHARED-RESUME-001\main_v2\NCBI400\RESULT.json,78495595,fec3a263c14dbd0c3cf6690d4b345981e81051c16eedb7b884a13ecf552098cb,0bdc60fd1c8520e47dac9c177ab31dd6d895aae54feb855e3b11dab60ec1d6e2,818432,393,23371,9184803,1460048,73478424,17522152,710431,22917,2701,79460,1659,1264,0.7128575321648162,4.48441147140368,0.6187882309506257,3.892644625382179,True
NCBI402,Mus musculus,Spatial Transcriptomics,Brain,Healthy,https://www.science.org/doi/10.1126/sciadv.abb3446,,Creative Commons Attribution NonCommercial License 4.0,E:\Hestdata\st\NCBI402.h5ad,True,72498683,exposure_unresolved,False,True,main_v2/NCBI402,E:\count压缩\baseline\evidence\COUNT-HEST-SHARED-RESUME-001\main_v2\NCBI402\RESULT.json,72498683,b12eb925d0972aeead30d92ac2560b09c7976953155c4ddb50acb32fdbeee24c,4050eb86bb43f69d9c4a18bbb7e00354c616b81c1decc5ea5605eff282cfeaf5,823472,361,23371,8436931,1454519,67495448,17455676,715993,22948,2445,79163,1659,1264,0.7808261084510469,4.529178374431685,0.6789132209330621,3.938033122977424,True
NCBI403,Mus musculus,Spatial Transcriptomics,Brain,Healthy,https://www.science.org/doi/10.1126/sciadv.abb3446,,Creative Commons Attribution NonCommercial License 4.0,E:\Hestdata\st\NCBI403.h5ad,True,65943507,exposure_unresolved,False,True,main_v2/NCBI403,E:\count压缩\baseline\evidence\COUNT-HEST-SHARED-RESUME-001\main_v2\NCBI403\RESULT.json,65943507,26d81267f7dbf47ecee3de641fb22a32fb9e26b54ddeaaad2a29d06b4ac9b8b8,0cc296e7e4f09aad67835582f15afcb4dd464c2c78cf36512bf11c2cbe8fe5f9,849781,326,23371,7618946,1571094,60951568,18854436,742262,23253,2175,79168,1659,1264,0.892281950810519,4.327079092657728,0.7793854950540403,3.779593073361619,True
NCBI405,Mus musculus,Spatial Transcriptomics,Brain,Healthy,https://www.science.org/doi/10.1126/sciadv.abb3446,,Creative Commons Attribution NonCommercial License 4.0,E:\Hestdata\st\NCBI405.h5ad,True,56193931,exposure_unresolved,False,True,main_v2/NCBI405,E:\count压缩\baseline\evidence\COUNT-HEST-SHARED-RESUME-001\main_v2\NCBI405\RESULT.json,56193931,94fb0aebab9841cacfa8e02bf69728488da61f325585a628b5b006afda8d3766,9e4e779ef9e34e937846422012d36769396919d79bf3209dd65c50c929a78c17,705027,274,23371,6403654,1229686,51229232,14757332,600074,22045,1783,78202,1659,1264,0.8807808791668007,4.586712380233653,0.7496644884311363,3.903916934892322,True
NCBI406,Mus musculus,Spatial Transcriptomics,Brain,Healthy,https://www.science.org/doi/10.1126/sciadv.abb3446,,Creative Commons Attribution NonCommercial License 4.0,E:\Hestdata\st\NCBI406.h5ad,True,55273491,known_exposed,False,True,main_v2/NCBI406,E:\count压缩\baseline\evidence\COUNT-HEST-SHARED-RESUME-001\main_v2\NCBI406\RESULT.json,55273491,32123251bc8c53e241809cb073cb8679f75776380deaa91e6fc34d75461fb50e,2fbc20d0198e34c5efd47bcf68edf956710a84bf2e27e95be32cb6ed48ac048e,716084,269,23371,6286799,1289551,50294392,15475692,611635,21774,1741,78011,1659,1264,0.9112223883728429,4.442377230524423,0.7783102338725956,3.7944059599038735,True
NCBI407,Mus musculus,Spatial Transcriptomics,Brain,Healthy,https://www.science.org/doi/10.1126/sciadv.abb3446,,Creative Commons Attribution NonCommercial License 4.0,E:\Hestdata\st\NCBI407.h5ad,True,45733163,exposure_unresolved,False,True,main_v2/NCBI407,E:\count压缩\baseline\evidence\COUNT-HEST-SHARED-RESUME-001\main_v2\NCBI407\RESULT.json,45733163,6620042ec83ba8ff021676fc8d89d52069c2fb78596944b1737a25f8b6beeb21,867a3934525662f214fe7bc3dbf906b497cb87f658fe83579a33e44f137cd1f7,622210,218,23371,5094878,1089256,40759024,13071948,519998,21248,1416,76625,1659,1264,0.9769968976685998,4.569798100721961,0.8165031625879953,3.8191058851179154,True
NCBI408,Mus musculus,Spatial Transcriptomics,Brain,Healthy,https://www.science.org/doi/10.1126/sciadv.abb3446,,Creative Commons Attribution NonCommercial License 4.0,E:\Hestdata\st\NCBI408.h5ad,True,49845923,exposure_unresolved,False,True,main_v2/NCBI408,E:\count压缩\baseline\evidence\COUNT-HEST-SHARED-RESUME-001\main_v2\NCBI408\RESULT.json,49845923,7bbc9afa7508f3d3ba77dcfc4f47c748cca8e26d26325f604c3ad12cccf30290,44a3a5ee861ef26757dbfd57db4063b6b9785db1d458cad9be86c7d32d465afa,644514,240,23371,5609040,1132850,44872320,13595164,542132,20888,1534,77037,1659,1264,0.9192503530015832,4.551451648497153,0.7732260779028141,3.828446837621927,True
NCBI409,Mus musculus,Spatial Transcriptomics,Brain,Healthy,https://www.science.org/doi/10.1126/sciadv.abb3446,,Creative Commons Attribution NonCommercial License 4.0,E:\Hestdata\st\NCBI409.h5ad,True,41803387,exposure_unresolved,False,True,main_v2/NCBI409,E:\count压缩\baseline\evidence\COUNT-HEST-SHARED-RESUME-001\main_v2\NCBI409\RESULT.json,41803387,4b8dcf78beff263f9eb8fd6d5ca50fe5f2b321acdaef7b0d3323125b54a9127b,f8e2a2b97b82237a037322229aeddbacf4bd61e2214fd7b71c6705e3c35d2f1b,539002,197,23371,4604087,896212,36832696,10755336,437015,21295,1230,76540,1658,1264,0.9365626670390894,4.811379450397897,0.7593514197277332,3.9009966391880493,True
NCBI410,Mus musculus,Spatial Transcriptomics,Brain,Healthy,https://www.science.org/doi/10.1126/sciadv.abb3446,,Creative Commons Attribution NonCommercial License 4.0,E:\Hestdata\st\NCBI410.h5ad,True,33465787,exposure_unresolved,False,True,main_v2/NCBI410,E:\count压缩\baseline\evidence\COUNT-HEST-SHARED-RESUME-001\main_v2\NCBI410\RESULT.json,33465787,1f65fdbc5875514cf91e7e14bddc5b5e96c555756e1993902fee81fc871024c0,06a47c5b814436b4a76589f9a363050839131a4496f0b7996d92353072b208ae,430367,152,23371,3552392,647209,28419136,7767120,330569,20592,905,75380,1657,1264,0.9691880850987166,5.319666444687883,0.7444426178192046,4.086086565545288,True
NCBI42,Mus musculus,Spatial Transcriptomics,Spinal cord,Diseased,https://www.science.org/doi/10.1126/science.aav9776?url_ver=Z39.88-2003&rfr_id=ori:rid:crossref.org&rfr_dat=cr_pub%20%200pubmed,,,E:\Hestdata\st\NCBI42.h5ad,True,41995343,exposure_unresolved,False,True,main_v2/NCBI42,E:\count压缩\baseline\evidence\COUNT-HEST-SHARED-RESUME-001\main_v2\NCBI42\RESULT.json,41995343,d29a6452429edd60b91001021c1166916d8a9b5f566bedf805fa37c3ab5a7884,dca2c74167c67377f59d0a84c536367fddd1e68c59a347d53132918b5eafa183,431379,289,16279,4704631,632886,37637048,7595792,348695,19758,1879,58125,1658,1264,0.7335393572843438,5.452849328315052,0.5929391699370259,4.4076816361872435,True
NCBI43,Mus musculus,Spatial Transcriptomics,Spinal cord,Diseased,https://www.science.org/doi/10.1126/science.aav9776?url_ver=Z39.88-2003&rfr_id=ori:rid:crossref.org&rfr_dat=cr_pub%20%200pubmed,,,E:\Hestdata\st\NCBI43.h5ad,True,44122916,exposure_unresolved,False,True,main_v2/NCBI43,E:\count压缩\baseline\evidence\COUNT-HEST-SHARED-RESUME-001\main_v2\NCBI43\RESULT.json,44122916,f4f94e1b4afda3260285bb8fd271b82785bfd237b4692603c7bc275ffddede2b,e18eae463e70095560c14cc4c87162289b2eb5d96576466c6cf68e426e4252fd,462891,304,16348,4969792,692642,39758336,8312924,378057,20326,2022,59564,1658,1264,0.7451273614670393,5.34638095870594,0.6085679239694538,4.366550108136671,True
NCBI433,Mus musculus,Visium,Eye,Diseased,https://www.ncbi.nlm.nih.gov/pmc/articles/PMC9628215/,,CC BY,E:\Hestdata\st\NCBI433.h5ad,True,20174168,exposure_unresolved,False,True,main_v2/NCBI433,E:\count压缩\baseline\evidence\COUNT-HEST-SHARED-RESUME-001\main_v2\NCBI433\RESULT.json,20174168,c147def71b99a08d9172979a8a655925b8567305389d329ddc1b4139e0e96042,09a9f8fbc6ed9b50a4d786d3581a1704af1521984b35efd9d50d6a14929910ad,1150162,1505,32285,48588925,1583551,388711400,19008636,979407,28325,11832,127672,1662,1264,0.18937023200245734,5.810546044933191,0.16125600638417087,4.947902530452129,True
NCBI434,Mus musculus,Visium,Eye,Diseased,https://www.ncbi.nlm.nih.gov/pmc/articles/PMC9628215/,,CC BY,E:\Hestdata\st\NCBI434.h5ad,True,29462605,exposure_unresolved,False,True,main_v2/NCBI434,E:\count压缩\baseline\evidence\COUNT-HEST-SHARED-RESUME-001\main_v2\NCBI434\RESULT.json,29462605,ce707630ac023a54cc430336c32294df4e1247794b3a4b60537e73d5a050661a,38a72e3b8c06bb2eb0e7df26a15d2deedcb1cabcb49b76c141ea0a34225397c7,1731038,1530,32285,49396050,2746849,395168400,32968312,1555399,32442,12026,128243,1664,1264,0.2803524573321146,5.041523578471186,0.25190662006375003,4.529987633102511,True
NCBI435,Mus musculus,Visium,Eye,Healthy,https://www.ncbi.nlm.nih.gov/pmc/articles/PMC9628215/,,CC BY,E:\Hestdata\st\NCBI435.h5ad,True,26897069,exposure_unresolved,False,True,main_v2/NCBI435,E:\count压缩\baseline\evidence\COUNT-HEST-SHARED-RESUME-001\main_v2\NCBI435\RESULT.json,26897069,b2571dd0eca8b8f581fa94fa52e05f62b761647eb6fe5a9364f7fa09e005c41c,e003a366123cb8e6ad1c5260e2d9bcd01ac1658e94e2dde9c1a5531dd0809b95,1457763,1106,32285,35707210,2426906,285657680,29127300,1294515,31324,8522,120476,1662,1264,0.3266036187089386,4.805338154835828,0.2900288205099194,4.267211008584593,True
NCBI436,Mus musculus,Visium,Eye,Healthy,https://www.ncbi.nlm.nih.gov/pmc/articles/PMC9628215/,,CC BY,E:\Hestdata\st\NCBI436.h5ad,True,15590526,exposure_unresolved,False,True,main_v2/NCBI436,E:\count压缩\baseline\evidence\COUNT-HEST-SHARED-RESUME-001\main_v2\NCBI436\RESULT.json,15590526,6757281508609e7898183b82c7879a8adaaf2608cf90bb166e52cee7919de1fc,f4eeae82f03dca083dae982fe9fe4041780b0c7dbec85ca36267dfa396260191,767690,1135,32285,36643475,1008344,293147800,12104672,610662,23995,8725,121383,1661,1264,0.16760200827023092,6.090699205826583,0.13331967014591276,4.844870401370961,True
NCBI437,Mus musculus,Visium,Spinal cord,Healthy,https://www.nature.com/articles/s41586-022-05385-7,,CC BY 4.0,E:\Hestdata\st\NCBI437.h5ad,True,25850351,exposure_unresolved,False,True,main_v2/NCBI437,E:\count压缩\baseline\evidence\COUNT-HEST-SHARED-RESUME-001\main_v2\NCBI437\RESULT.json,25850351,16889bd05d8ec599eafe9bf06ac889194a9b7cb22a4274f7a8375ef4656ed3b2,1380eb5b08bccc6777e29563b6c0fd441c7f706de31f05cda03cad727bed3aa2,1494531,550,22127,12169850,2655230,97358800,31864964,1373675,31541,3838,82552,1661,1264,0.9824482635365267,4.502904833102971,0.9030020912336635,4.138775172018996,True
NCBI438,Mus musculus,Visium,Spinal cord,Healthy,https://www.nature.com/articles/s41586-022-05385-7,,CC BY 4.0,E:\Hestdata\st\NCBI438.h5ad,True,30831473,exposure_unresolved,False,True,main_v2/NCBI438,E:\count压缩\baseline\evidence\COUNT-HEST-SHARED-RESUME-001\main_v2\NCBI438\RESULT.json,30831473,bdcec28d8b41a211e2fc37de84f5a742da7b3d1a81b6910dd9ba5953a65ae69a,13221caf946e94a5339dc51cfa1fdb42045166c664553338bb015767b8f8065e,1791755,696,22127,15400392,3255260,123203136,39065908,1667866,32375,4740,83849,1661,1264,0.9307581261567888,4.403347198073273,0.8664018422388209,4.098882424138164,True
NCBI439,Mus musculus,Visium,Spinal cord,Healthy,https://www.nature.com/articles/s41586-022-05385-7,,CC BY 4.0,E:\Hestdata\st\NCBI439.h5ad,True,32222164,exposure_unresolved,False,True,main_v2/NCBI439,E:\count压缩\baseline\evidence\COUNT-HEST-SHARED-RESUME-001\main_v2\NCBI439\RESULT.json,32222164,d3f07ff4cf1eda511e1b04c4cbcf1e421f8d1610edc2e00e55a2717482459275,827e2948797d74ecdc256d2776164012cdef358d0d1a9c321169b4e8d31c0582,1871254,711,22127,15732297,3430405,125858376,41167708,1748102,32197,4887,83143,1661,1264,0.9515477619066053,4.363925542319347,0.8889239759457884,4.076724468393674,True
NCBI44,Mus musculus,Spatial Transcriptomics,Spinal cord,Diseased,https://www.science.org/doi/10.1126/science.aav9776?url_ver=Z39.88-2003&rfr_id=ori:rid:crossref.org&rfr_dat=cr_pub%20%200pubmed,,,E:\Hestdata\st\NCBI44.h5ad,True,41620758,exposure_unresolved,False,True,main_v2/NCBI44,E:\count压缩\baseline\evidence\COUNT-HEST-SHARED-RESUME-001\main_v2\NCBI44\RESULT.json,41620758,b2be42374f2a5b29f5fafec44a50c149bcef111169b72f09a75cb5faf5866bfa,59d14734a3e10b5987363a957e94779bc1c57e52ceab9af7d8b554e97a981dfd,422986,286,16286,4657796,619712,37262368,7437692,339908,19794,1856,58506,1658,1264,0.7264998295331097,5.460420324279665,0.5838091663954368,4.387947950015491,True
NCBI441,Mus musculus,Visium,Spinal cord,Healthy,https://www.nature.com/articles/s41586-022-05385-7,,CC BY 4.0,E:\Hestdata\st\NCBI441.h5ad,True,26011050,exposure_unresolved,False,True,main_v2/NCBI441,E:\count压缩\baseline\evidence\COUNT-HEST-SHARED-RESUME-001\main_v2\NCBI441\RESULT.json,26011050,2bbcf2bcb1f4b37dcf443cf09c924dcce9c581ebfe23351e05c343f6ec69c37e,ce986e531549b5bf2e48011bb1db5c1c48765acd7f1d35dcf3a6ae754cb2ef60,1469423,573,22127,12678771,2668627,101430168,32025820,1348227,31345,3840,83086,1661,1264,0.9271706224522865,4.4050307517686065,0.8506988571684116,4.0417098380553,True
NCBI442,Mus musculus,Visium,Spinal cord,Healthy,https://www.nature.com/articles/s41586-022-05385-7,,CC BY 4.0,E:\Hestdata\st\NCBI442.h5ad,True,25470910,exposure_unresolved,False,True,main_v2/NCBI442,E:\count压缩\baseline\evidence\COUNT-HEST-SHARED-RESUME-001\main_v2\NCBI442\RESULT.json,25470910,bcb52292c4751554e1b1b30875a7a0cd904620ecc0810c4f517a298557237d32,90ad95e2487887adc4e3cd1f52c4031eda369c1ac70f3702badf37128356e695,1439070,585,22127,12944295,2589977,103554360,31082068,1317713,31179,3942,83311,1661,1264,0.8893925856912254,4.445043334361657,0.8143899687082224,4.0701921291192935,True
NCBI443,Mus musculus,Visium,Spinal cord,Healthy,https://www.nature.com/articles/s41586-022-05385-7,,CC BY 4.0,E:\Hestdata\st\NCBI443.h5ad,True,31672204,exposure_unresolved,False,True,main_v2/NCBI443,E:\count压缩\baseline\evidence\COUNT-HEST-SHARED-RESUME-001\main_v2\NCBI443\RESULT.json,31672204,fd9920c4fdb9a3796b8b04a17675e1da0335319ed21ac99d88292f76379a4de9,449d52e77f524a090a1b6fb5a0b06fe1dfdc5ea35f0ffcb78c44a70925bc037e,1790523,695,22127,15378265,3355822,123026120,40272648,1664933,32028,4735,85902,1661,1264,0.9314564419328188,4.268457623795302,0.8661226737866723,3.969061529485175,True
NCBI444,Mus musculus,Visium,Spinal cord,Healthy,https://www.nature.com/articles/s41586-022-05385-7,,CC BY 4.0,E:\Hestdata\st\NCBI444.h5ad,True,30830711,exposure_unresolved,False,True,main_v2/NCBI444,E:\count压缩\baseline\evidence\COUNT-HEST-SHARED-RESUME-001\main_v2\NCBI444\RESULT.json,30830711,a3e8660c8a3d9f3605c0d4dcc2192f7249023fce08cfdd1c6cc2719c0840b95a,b6ed665f3065ddb68954d0a6768af95686771e13f7a06fafcc116c478854e27e,1761337,710,22127,15710170,3251772,125681360,39024108,1637244,32247,4848,84073,1661,1264,0.8969155648856759,4.333236155548421,0.8337243963623564,4.027942918507201,True
NCBI445,Mus musculus,Visium,Spinal cord,Healthy,https://www.nature.com/articles/s41586-022-05385-7,,CC BY 4.0,E:\Hestdata\st\NCBI445.h5ad,True,27621493,exposure_unresolved,False,True,main_v2/NCBI445,E:\count压缩\baseline\evidence\COUNT-HEST-SHARED-RESUME-001\main_v2\NCBI445\RESULT.json,27621493,8432dded68df8dc7f239aa03857a777951ad2e718236b2e61255165c836af750,1d4037fadf9d306285f7204b9ea30f88b0653068b0922384b6c0fb4e0b849963,1603163,556,22127,12302612,2854181,98420896,34252400,1483781,32058,3773,80626,1661,1264,1.0424862622669073,4.493514601912072,0.9648559184017182,4.1588981217378995,True
NCBI446,Mus musculus,Visium,Spinal cord,Healthy,https://www.nature.com/articles/s41586-022-05385-7,,CC BY 4.0,E:\Hestdata\st\NCBI446.h5ad,True,34370713,exposure_unresolved,False,True,main_v2/NCBI446,E:\count压缩\baseline\evidence\COUNT-HEST-SHARED-RESUME-001\main_v2\NCBI446\RESULT.json,34370713,52a2b494d2d39368e61d15160e05e0182a68f69fded4d7ca3da3dff8b744047a,1d2722a9a08cc3e71cf907c2f2801bbefac3b94b869272112ed5ca01f6f4b247,2035948,704,22127,15577408,3689233,124619264,44273616,1908660,33173,4817,86372,1662,1264,1.045590126418978,4.414897080233208,0.9802195589920993,4.1388765632314355,True
NCBI447,Mus musculus,Visium,Spinal cord,Healthy,https://www.nature.com/articles/s41586-022-05385-7,,CC BY 4.0,E:\Hestdata\st\NCBI447.h5ad,True,22304365,exposure_unresolved,False,True,main_v2/NCBI447,E:\count压缩\baseline\evidence\COUNT-HEST-SHARED-RESUME-001\main_v2\NCBI447\RESULT.json,22304365,09c0fb1363706de4801347e8dea6caa44ef4f27ac002a1a36c9cf6b14f720f52,1dcb3d2efb33b8b432eeffc41a2ebe745638ef69277b1e3c1b617e06131673ac,1249253,444,22127,9824388,2194763,78595104,26338936,1132538,30798,2993,79999,1661,1264,1.0172668261880538,4.5535777667110295,0.9222257915709355,4.128146865971406,True
NCBI448,Mus musculus,Visium,Spinal cord,Healthy,https://www.nature.com/articles/s41586-022-05385-7,,CC BY 4.0,E:\Hestdata\st\NCBI448.h5ad,True,28013351,exposure_unresolved,False,True,main_v2/NCBI448,E:\count压缩\baseline\evidence\COUNT-HEST-SHARED-RESUME-001\main_v2\NCBI448\RESULT.json,28013351,6e50077e184dd97c1e5ce581218d5cce7062d2c44be51e6aa85ad6af5d471027,4a2c040ccb58fd11665ff3736748714e92fae07017b9ca2ab09c2e2b8e872a4a,1613211,574,22127,12700898,2909623,101607184,34917776,1491482,31878,3816,83110,1661,1264,1.016124056739925,4.435518965859151,0.9394497932350925,4.1008254333980725,True
NCBI45,Mus musculus,Spatial Transcriptomics,Spinal cord,Diseased,https://www.science.org/doi/10.1126/science.aav9776?url_ver=Z39.88-2003&rfr_id=ori:rid:crossref.org&rfr_dat=cr_pub%20%200pubmed,,,E:\Hestdata\st\NCBI45.h5ad,True,43958230,exposure_unresolved,False,True,main_v2/NCBI45,E:\count压缩\baseline\evidence\COUNT-HEST-SHARED-RESUME-001\main_v2\NCBI45\RESULT.json,43958230,e0406120259bcc8c686b5b9a021da53108385a4273bab796ced7bbf520744bb4,25a7bce44b91588425951a3ae0f1fe48995c437072aef16397bb13eabef8607d,437400,305,16230,4950150,635620,39601200,7628664,353559,19770,2010,59139,1658,1264,0.7068876700706039,5.505176048582486,0.5713911699645465,4.449941789119285,True
NCBI450,Mus musculus,Visium,Spinal cord,Healthy,https://www.nature.com/articles/s41586-022-05385-7,,CC BY 4.0,E:\Hestdata\st\NCBI450.h5ad,True,32886061,exposure_unresolved,False,True,main_v2/NCBI450,E:\count压缩\baseline\evidence\COUNT-HEST-SHARED-RESUME-001\main_v2\NCBI450\RESULT.json,32886061,0ed058d05223d858c7da4dfaf573c63c9ec2499a3f135f464352da3b2c4fcaa7,3b83e4360e6f72064f5a0e08d207444870b65d2ad4261f6e8970fba680ce4cb4,1954244,652,22127,14426804,3514670,115414432,42178652,1828844,33134,4469,84872,1661,1264,1.0836739724196711,4.4481991196897575,1.01413674158185,4.162766916950951,True
NCBI451,Mus musculus,Visium,Spinal cord,Healthy,https://www.nature.com/articles/s41586-022-05385-7,,CC BY 4.0,E:\Hestdata\st\NCBI451.h5ad,True,31374536,exposure_unresolved,False,True,main_v2/NCBI451,E:\count压缩\baseline\evidence\COUNT-HEST-SHARED-RESUME-001\main_v2\NCBI451\RESULT.json,31374536,795d266f0abf6fc7ac24d37a123344507f59970afb0b868b5f98381314a93fb1,99c9a0be6101dc01bd32448e2dbe8347b73e5fbe9e1d7fed0d75af7f4970d4a2,1840774,619,22127,13696613,3331560,109572904,39981200,1716855,32645,4255,84094,1661,1264,1.0751703359071327,4.420209151268475,1.0027909819748868,4.1226452472715485,True
NCBI452,Mus musculus,Visium,Spinal cord,Healthy,https://www.nature.com/articles/s41586-022-05385-7,,CC BY 4.0,E:\Hestdata\st\NCBI452.h5ad,True,24873204,exposure_unresolved,False,True,main_v2/NCBI452,E:\count压缩\baseline\evidence\COUNT-HEST-SHARED-RESUME-001\main_v2\NCBI452\RESULT.json,24873204,37c7c1583cafba7d50fcb901e2293a4cdd89c162d1f2ad13dd5fca921e314cb3,34ea4dec87976a71648e8d9ff80caceb7a2b2623101e954d98fce48d279c60d0,1421197,483,22127,10687341,2514802,85498728,30179560,1307636,31249,3229,76158,1661,1264,1.0638358034987374,4.521062095544699,0.9788298137020237,4.159805821690933,True
NCBI46,Mus musculus,Spatial Transcriptomics,Spinal cord,Diseased,https://www.science.org/doi/10.1126/science.aav9776?url_ver=Z39.88-2003&rfr_id=ori:rid:crossref.org&rfr_dat=cr_pub%20%200pubmed,,,E:\Hestdata\st\NCBI46.h5ad,True,44736302,exposure_unresolved,False,True,main_v2/NCBI46,E:\count压缩\baseline\evidence\COUNT-HEST-SHARED-RESUME-001\main_v2\NCBI46\RESULT.json,44736302,18f7bac6deb11e77cc21395e1809a09041424e696858d2e1f491340c01fbe166,79884ed8ace7aa04994a1abb2d5ebe182be5857ca082db41637dcab5d8d08bdd,390269,321,15742,5053182,538869,40425456,6467716,308719,18543,2119,57968,1656,1264,0.6178586086944821,5.793897960357712,0.488751839929771,4.583214102128718,True
NCBI461,Homo sapiens,Visium,Skin,Diseased,https://www.nature.com/articles/s41467-022-35319-w,,CC BY 4.0,E:\Hestdata\st\NCBI461.h5ad,True,58381727,exposure_unresolved,False,True,main_v2/NCBI461,E:\count压缩\baseline\evidence\COUNT-HEST-SHARED-RESUME-001\main_v2\NCBI461\RESULT.json,58381727,f534a126cad1311f530a46d7c98062e75896ad674ce0068542b4280907731b9d,1433826fe5bffa6b6cf6585530053154ca8af3f88b430544750ac7c133b05c59,3964557,1987,20613,40958031,6671685,327664248,80068172,3804151,33209,16153,108114,1666,1264,0.7743647637748993,4.753889909370721,0.7430339607878123,4.561547495123046,True
NCBI462,Homo sapiens,Visium,Skin,Diseased,https://www.nature.com/articles/s41467-022-35319-w,,CC BY 4.0,E:\Hestdata\st\NCBI462.h5ad,True,30586727,exposure_unresolved,False,True,main_v2/NCBI462,E:\count压缩\baseline\evidence\COUNT-HEST-SHARED-RESUME-001\main_v2\NCBI462\RESULT.json,30586727,012369a63683cefdef83e0300db961aeeabb9f3953e39e715d677fe0bb476368,a994d4d7cf38b82eaec309e3462475a387767cd05e1da092c26ea73d9de96094,2142154,2043,20613,42112359,3206882,336898872,38490760,1983838,29500,16586,109301,1665,1264,0.4069406798132586,5.343892291640291,0.37686570823543747,4.948951660834418,True
NCBI463,Homo sapiens,Visium,Skin,Diseased,https://www.nature.com/articles/s41467-022-35319-w,,CC BY 4.0,E:\Hestdata\st\NCBI463.h5ad,True,37801625,exposure_unresolved,False,True,main_v2/NCBI463,E:\count压缩\baseline\evidence\COUNT-HEST-SHARED-RESUME-001\main_v2\NCBI463\RESULT.json,37801625,92a39f94a1473823eb14cbf22bbbe48bed57933c5b79f143a299d83bfeff7ea4,1c1c8b216959642ebb803d7842a93866df014aaaf5d0b6e73690b433d4d23e22,2574358,1253,20613,25828089,4115408,206624712,49389912,2438353,31612,9695,91770,1664,1264,0.7973824157102758,5.004331040810534,0.7552561863945877,4.739948991691711,True
NCBI464,Homo sapiens,Visium,Skin,Diseased,https://www.nature.com/articles/s41467-022-35319-w,,CC BY 4.0,E:\Hestdata\st\NCBI464.h5ad,True,46527935,exposure_unresolved,False,True,main_v2/NCBI464,E:\count压缩\baseline\evidence\COUNT-HEST-SHARED-RESUME-001\main_v2\NCBI464\RESULT.json,46527935,20c3d0258a71acd213379124d708138e969ebc5e3eff1de473252ebc8c75347c,836c44a65eb7e8f5834e5d42e0d1430f4e56c9ee5aa103adbc6337d24bc7ca28,3255188,1979,20613,40793127,5190397,326345016,62292684,3096043,32241,16018,107956,1666,1264,0.6383796956776567,5.017247042952591,0.6071695361819162,4.771955594148193,True
NCBI465,Homo sapiens,Visium,Skin,Diseased,https://www.nature.com/articles/s41467-022-35319-w,,CC BY 4.0,E:\Hestdata\st\NCBI465.h5ad,True,10746856,exposure_unresolved,False,True,main_v2/NCBI465,E:\count压缩\baseline\evidence\COUNT-HEST-SHARED-RESUME-001\main_v2\NCBI465\RESULT.json,10746856,140e732e7f7ef13d9057da52a3d5ad014d0748abf42a55a8b2ecaefdb0f7dad3,3e99e0fe299b5d4ed5eaa8534a1abf68aa4715bdbc00cae90e80919f280e23ae,610697,736,20613,15171168,756181,121369344,9077120,499144,22920,5533,80178,1658,1264,0.32203031434362867,6.460855271423112,0.2632066298389155,5.280682799488482,True
NCBI466,Homo sapiens,Visium,Skin,Diseased,https://www.nature.com/articles/s41467-022-35319-w,,CC BY 4.0,E:\Hestdata\st\NCBI466.h5ad,True,11472959,exposure_unresolved,False,True,main_v2/NCBI466,E:\count压缩\baseline\evidence\COUNT-HEST-SHARED-RESUME-001\main_v2\NCBI466\RESULT.json,11472959,9c410ab61a2608b96ff0dea641577b720349fe5a7abfe443f0981bd9f8eabf49,f87255027032b70ac6665f2d6eef1f334a1528f482a90be9f2201e9d3f6e8e08,673171,691,20613,14243583,847326,113948664,10170680,561388,24559,5175,79127,1658,1264,0.378090821670362,6.355721410649502,0.3153071807844978,5.300325966629137,True
NCBI467,Homo sapiens,Visium,Skin,Diseased,https://www.nature.com/articles/s41467-022-35319-w,,CC BY 4.0,E:\Hestdata\st\NCBI467.h5ad,True,44868170,exposure_unresolved,False,True,main_v2/NCBI467,E:\count压缩\baseline\evidence\COUNT-HEST-SHARED-RESUME-001\main_v2\NCBI467\RESULT.json,44868170,772b8f9fbc719ba8d9ca663aeec15e995cee32db6b9f03bb13d52e056e011758,be9b6eb4d382cf72475f94fa15d03a9353333f9fb7666dbc17e2cfb43b7fee03,3081740,1906,20613,39288378,4993508,314307024,59929724,2925006,31973,15465,106366,1666,1264,0.6275117796922032,4.937194453278137,0.5955972017984555,4.6860940244813865,True
NCBI469,Homo sapiens,Visium,Skin,Diseased,https://www.nature.com/articles/s41467-022-35319-w,,CC BY 4.0,E:\Hestdata\st\NCBI469.h5ad,True,12479008,known_exposed,False,True,main_v2/NCBI469,E:\count压缩\baseline\evidence\COUNT-HEST-SHARED-RESUME-001\main_v2\NCBI469\RESULT.json,12479008,d691ced747e01b65090377ef355b1b66eacfafab3782a34f53616bc0ee828335,0ea10140469476973a2368267608dac0386fc9e4c6f86291d917c82dd6a1f1e5,822054,1504,20613,31001952,949389,248015616,11398688,684409,25584,11901,97236,1660,1264,0.21212961041936973,6.927015164490004,0.17661055665140052,5.767153400766177,True
NCBI47,Mus musculus,Spatial Transcriptomics,Spinal cord,Diseased,https://www.science.org/doi/10.1126/science.aav9776?url_ver=Z39.88-2003&rfr_id=ori:rid:crossref.org&rfr_dat=cr_pub%20%200pubmed,,,E:\Hestdata\st\NCBI47.h5ad,True,43873932,exposure_unresolved,False,True,main_v2/NCBI47,E:\count压缩\baseline\evidence\COUNT-HEST-SHARED-RESUME-001\main_v2\NCBI47\RESULT.json,43873932,d2281d5fab99ee6be9d832ed1fc2f461d299bac966618493cd5ff61381f6ae47,3f5632ce88c4e23ae09d9484e98879076bca15f61489cff954a2bddb4f72bbe2,438048,306,16148,4941288,646935,39530304,7764448,354441,19808,1945,58932,1658,1264,0.7092045636684201,5.416902780031997,0.5738439046661519,4.383018386700364,True
NCBI470,Homo sapiens,Visium,Skin,Diseased,https://www.nature.com/articles/s41467-022-35319-w,,CC BY 4.0,E:\Hestdata\st\NCBI470.h5ad,True,10917502,exposure_unresolved,False,True,main_v2/NCBI470,E:\count压缩\baseline\evidence\COUNT-HEST-SHARED-RESUME-001\main_v2\NCBI470\RESULT.json,10917502,8768b8d03fbf219179bc8e03eb46d67f8ed798dc2cec356f621ba3665d8e9619,8c176418eaf731a97d6b72403ea79b1892df30867c65b465406f219318e6a7bd,654796,1350,20613,27827550,760337,222620400,9129448,522213,25083,10614,93962,1660,1264,0.1882439524859357,6.889534509040071,0.1501283440331614,5.494542551526494,True
NCBI471,Homo sapiens,Visium,Skin,Diseased,https://www.nature.com/articles/s41467-022-35319-w,,CC BY 4.0,E:\Hestdata\st\NCBI471.h5ad,True,13045209,exposure_unresolved,False,True,main_v2/NCBI471,E:\count压缩\baseline\evidence\COUNT-HEST-SHARED-RESUME-001\main_v2\NCBI471\RESULT.json,13045209,ab7740371fc22db277726aca839d49ad2242093e7105b0b92296795eb3d31974,8f0e7cf0b3e1a061f3afb9172f1ad0ddc9f502dcb4996a0533cb4c7b5109f9d6,836763,1117,20613,23024721,1037171,184197768,12450524,710188,26344,8653,88654,1660,1264,0.2907355098895661,6.454195113438382,0.24675669251323393,5.4778855174315515,True
NCBI472,Homo sapiens,Visium,Skin,Diseased,https://www.nature.com/articles/s41467-022-35319-w,,CC BY 4.0,E:\Hestdata\st\NCBI472.h5ad,True,15174754,exposure_unresolved,False,True,main_v2/NCBI472,E:\count压缩\baseline\evidence\COUNT-HEST-SHARED-RESUME-001\main_v2\NCBI472\RESULT.json,15174754,d3cd882ed2764a244f4b3b110ba63d65ee8e4b966eccc3eb7c4fdf006da8c93b,9c8f5375b65e1307a7e36e021ff44fe7b0b76dc6f5d73b44ecfcb0b348fe16a8,1011092,1122,20613,23127786,1322363,185022288,15872848,882782,27798,8711,88876,1661,1264,0.3497410430899006,6.116880160742549,0.3053580658347496,5.340633396427456,True
NCBI473,Homo sapiens,Visium,Skin,Diseased,https://www.nature.com/articles/s41467-022-35319-w,,CC BY 4.0,E:\Hestdata\st\NCBI473.h5ad,True,6192368,exposure_unresolved,False,True,main_v2/NCBI473,E:\count压缩\baseline\evidence\COUNT-HEST-SHARED-RESUME-001\main_v2\NCBI473\RESULT.json,6192368,abd9361860725b69950b4d4aafd170df132e2263ae50798a4afe181066b6ce85,6cffc49736092f2b67aae73f38bf192e175d0dac49612d6f404ef3d677a74502,265007,744,20613,15336072,188321,122688576,2262832,158390,17824,5538,80336,1655,1264,0.13823983090324563,11.257671741335272,0.0826235035933582,6.728511424641968,True
NCBI474,Homo sapiens,Visium,Skin,Diseased,https://www.nature.com/articles/s41467-022-35319-w,,CC BY 4.0,E:\Hestdata\st\NCBI474.h5ad,True,6474902,exposure_unresolved,False,True,main_v2/NCBI474,E:\count压缩\baseline\evidence\COUNT-HEST-SHARED-RESUME-001\main_v2\NCBI474\RESULT.json,6474902,e9364f9135394b99abda2ef507b28f7f9c1d66fc344a783f6dea598fe53773fe,b151622416e9d003bc2faa0bfff764b49523456dc00c9eeabacd1a1736e6c149,273418,598,20613,12326574,220065,98612592,2643176,169458,19504,4505,77032,1655,1264,0.17744946811660725,9.939536046168177,0.10997897712697786,6.160289005521096,True
NCBI475,Homo sapiens,Visium,Skin,Diseased,https://www.nature.com/articles/s41467-022-35319-w,,CC BY 4.0,E:\Hestdata\st\NCBI475.h5ad,True,15839478,exposure_unresolved,False,True,main_v2/NCBI475,E:\count压缩\baseline\evidence\COUNT-HEST-SHARED-RESUME-001\main_v2\NCBI475\RESULT.json,15839478,756368e11440ba6a221f815ac2def516502f118cb304956015af187179c3b1ec,d2b8631546b43efd7b6e8219f00e17398293b91c6744e1489276be22467e46ae,1050323,1414,20613,29146782,1370883,233174256,16456256,914088,26905,11145,95260,1661,1264,0.2882851355597335,6.129322487768833,0.25089232835377845,5.334302052035075,True
NCBI476,Homo sapiens,Visium,Skin,Diseased,https://www.nature.com/articles/s41467-022-35319-w,,CC BY 4.0,E:\Hestdata\st\NCBI476.h5ad,True,12724136,exposure_unresolved,False,True,main_v2/NCBI476,E:\count压缩\baseline\evidence\COUNT-HEST-SHARED-RESUME-001\main_v2\NCBI476\RESULT.json,12724136,c2687879e1f4551c755fe27c1479ff680a4d36be3c6f30d2116c13c35f8c7965,093668892d9f460b60dbd889f1ab54fc878234c3d3474c8354ff9e6b04730f9b,790408,1144,20613,23581272,990909,188650176,11895488,663872,25494,8858,89261,1659,1264,0.2681477063663063,6.381276181768457,0.22522008142732927,5.359701042174407,True
NCBI477,Homo sapiens,Visium,Skin,Diseased,https://www.nature.com/articles/s41467-022-35319-w,,CC BY 4.0,E:\Hestdata\st\NCBI477.h5ad,True,9019387,exposure_unresolved,False,True,main_v2/NCBI477,E:\count压缩\baseline\evidence\COUNT-HEST-SHARED-RESUME-001\main_v2\NCBI477\RESULT.json,9019387,56bba2fa7181e15bfd097669f70e98d450a78fb24819841f4c43d4bca14d35d4,af9940885fd31a71d8546a5c5c209e0bf40ebc3c3a4c0c34dddf7d972a580cf0,495149,791,20613,16304883,533338,130439064,6403224,386092,22382,5915,77838,1658,1264,0.2429451349022253,7.427170012262392,0.18943625661097968,5.791329325868398,True
NCBI478,Homo sapiens,Visium,Skin,Diseased,https://www.nature.com/articles/s41467-022-35319-w,,CC BY 4.0,E:\Hestdata\st\NCBI478.h5ad,True,10244982,exposure_unresolved,False,True,main_v2/NCBI478,E:\count压缩\baseline\evidence\COUNT-HEST-SHARED-RESUME-001\main_v2\NCBI478\RESULT.json,10244982,d33645aede890ac026f7e2a261ac951ee7f042997ac23da436ff9f80306bf973,148b10f6798fe661a74362f9b60567a6a0929a8b90776f9c7dbbd23939421899,603119,790,20613,16284270,686492,130274160,8241068,491810,24082,5895,78410,1658,1264,0.2962952591672823,7.028416937123812,0.24161230438945067,5.73128310308059,True
NCBI48,Mus musculus,Spatial Transcriptomics,Spinal cord,Diseased,https://www.science.org/doi/10.1126/science.aav9776?url_ver=Z39.88-2003&rfr_id=ori:rid:crossref.org&rfr_dat=cr_pub%20%200pubmed,,,E:\Hestdata\st\NCBI48.h5ad,True,33753470,exposure_unresolved,False,True,main_v2/NCBI48,E:\count压缩\baseline\evidence\COUNT-HEST-SHARED-RESUME-001\main_v2\NCBI48\RESULT.json,33753470,261b704432683c6ecb4f66393877c2cccf76895d890effc9deb2a031418758e0,e86a22b909f617e11e18f532f12407200cad626e234b7869d39c67d98a3e7d70,303652,235,15670,3682450,388517,29459600,4663148,226372,17504,1452,55404,1656,1264,0.6596738584366386,6.252534638123943,0.4917856318483618,4.661252918147726,True
NCBI480,Homo sapiens,Visium,Skin,Diseased,https://www.nature.com/articles/s41467-022-35319-w,,CC BY 4.0,E:\Hestdata\st\NCBI480.h5ad,True,13407843,exposure_unresolved,False,True,main_v2/NCBI480,E:\count压缩\baseline\evidence\COUNT-HEST-SHARED-RESUME-001\main_v2\NCBI480\RESULT.json,13407843,8fbff7c6bbe8708202e2fa09301d4c0bd7dbbdf93b36df1e263846e8f10baebd,8f9be0d2c62009576da1144dc5b6d9130649711fa1f045fad2851b16619404c0,817545,695,20613,14326035,1083783,114608280,13008180,703805,26326,5172,79319,1659,1264,0.4565366481374644,6.034750498946745,0.3930215164209776,5.19517283441427,True
NCBI482,Homo sapiens,Visium,Skin,Diseased,https://www.nature.com/articles/s41467-022-35319-w,,CC BY 4.0,E:\Hestdata\st\NCBI482.h5ad,True,8900029,exposure_unresolved,False,True,main_v2/NCBI482,E:\count压缩\baseline\evidence\COUNT-HEST-SHARED-RESUME-001\main_v2\NCBI482\RESULT.json,8900029,58a65d3c2514618e9ae818ed591b1f129cc6f15e62f55203718754c5dc569dbc,9b93c88542bb4dec7f7092761bc1d238c75a2ac00fbcde93b189d7477c77c488,476594,625,20613,12883125,521096,103065000,6255656,369076,22489,4622,77485,1658,1264,0.29594931353999904,7.316793834533368,0.22918414592732742,5.666149807329168,True
NCBI483,Homo sapiens,Visium,Skin,Diseased,https://www.nature.com/articles/s41467-022-35319-w,,CC BY 4.0,E:\Hestdata\st\NCBI483.h5ad,True,13638799,exposure_unresolved,False,True,main_v2/NCBI483,E:\count压缩\baseline\evidence\COUNT-HEST-SHARED-RESUME-001\main_v2\NCBI483\RESULT.json,13638799,9995539d950cfda0c21fa5a0542cfb824845dcca6ae509e440b35d817acd1a37,0033b0745753251413669eed133132a29ac85c27f082ed22b346432b6b952806,842250,923,20613,19025799,1110556,152206392,13330368,721795,25887,7057,84588,1659,1264,0.35415069821772005,6.067231188701875,0.30350157699027513,5.199521681031843,True
NCBI484,Homo sapiens,Visium,Skin,Diseased,https://www.nature.com/articles/s41467-022-35319-w,,CC BY 4.0,E:\Hestdata\st\NCBI484.h5ad,True,12203893,exposure_unresolved,False,True,main_v2/NCBI484,E:\count压缩\baseline\evidence\COUNT-HEST-SHARED-RESUME-001\main_v2\NCBI484\RESULT.json,12203893,9e72524c8beabe4590a37a7a34375c573b71834d83d50ad42c2519c029725bec,0a6f4a769885b5069148dbb9ad48154b2ff00f74157a9699795417378ccfc174,701358,713,20613,14697069,932653,117576552,11194692,588122,25436,5343,79535,1658,1264,0.38176754834586407,6.016025252693124,0.32013022460464735,5.0447229569840015,True
NCBI485,Homo sapiens,Visium,Skin,Diseased,https://www.nature.com/articles/s41467-022-35319-w,,CC BY 4.0,E:\Hestdata\st\NCBI485.h5ad,True,10099829,exposure_unresolved,False,True,main_v2/NCBI485,E:\count压缩\baseline\evidence\COUNT-HEST-SHARED-RESUME-001\main_v2\NCBI485\RESULT.json,10099829,1e00a9ae21fd00f9365e8022c4da356b58880481385c52bb8d436c08b8836d82,8f4203db1561581a392e50a9f36eb87383d9fae1b49fad531ca9e58e78578b81,543023,545,20613,11234085,676390,89872680,8118864,436586,23781,4082,75652,1658,1264,0.3866967358712347,6.422602344801076,0.3109009768040744,5.163719156108162,True
NCBI486,Homo sapiens,Visium,Skin,Diseased,https://www.nature.com/articles/s41467-022-35319-w,,CC BY 4.0,E:\Hestdata\st\NCBI486.h5ad,True,8330660,exposure_unresolved,False,True,main_v2/NCBI486,E:\count压缩\baseline\evidence\COUNT-HEST-SHARED-RESUME-001\main_v2\NCBI486\RESULT.json,8330660,1e099580a24f50bc7f58a5a4d1fe9d9e95a2b7fe264bcc702eedd679a58d641f,9ad05443df70a6cab9896c842f1a5782ebf876db5ef829172aa8016a9cb7cbc2,397357,305,20613,6286965,465318,50295720,5585040,299592,22633,2151,70059,1658,1264,0.5056264827305385,6.8315775448188125,0.38122305436725035,5.150748520366717,True
NCBI487,Homo sapiens,Visium,Skin,Diseased,https://www.nature.com/articles/s41467-022-35319-w,,CC BY 4.0,E:\Hestdata\st\NCBI487.h5ad,True,13560718,exposure_unresolved,False,True,main_v2/NCBI487,E:\count压缩\baseline\evidence\COUNT-HEST-SHARED-RESUME-001\main_v2\NCBI487\RESULT.json,13560718,d8435852ed67be83849cb8437784f1e5c88fbcc80fe2e707a974628068fb84b3,8f10c85e7ee4c5956933d43d1d4c28a47930a6305a894230b2a2e4c5d44f9258,835834,1014,20613,20901582,1096906,167212656,13166932,712716,26083,7732,86379,1660,1264,0.3199122439631603,6.095938940984916,0.2727893036995956,5.198009674484413,True
NCBI488,Homo sapiens,Visium,Skin,Diseased,https://www.nature.com/articles/s41467-022-35319-w,,CC BY 4.0,E:\Hestdata\st\NCBI488.h5ad,True,13854729,exposure_unresolved,False,True,main_v2/NCBI488,E:\count压缩\baseline\evidence\COUNT-HEST-SHARED-RESUME-001\main_v2\NCBI488\RESULT.json,13854729,e93dbb4de3128df2030df681bfb8c625a6dc65090acdcff2aa063441a99fb6d8,c0edc1bfbfeaf5b5986aae8d350319bc37349a272e0b5110d1ce37c5fb8a4235,892081,1021,20613,21045873,1134699,168366984,13620476,767926,26746,7903,86582,1660,1264,0.3390996420058222,6.289463549364193,0.29190559118170106,5.414130090887539,True
NCBI489,Homo sapiens,Visium,Skin,Diseased,https://www.nature.com/articles/s41467-022-35319-w,,CC BY 4.0,E:\Hestdata\st\NCBI489.h5ad,True,7190997,exposure_unresolved,False,True,main_v2/NCBI489,E:\count压缩\baseline\evidence\COUNT-HEST-SHARED-RESUME-001\main_v2\NCBI489\RESULT.json,7190997,dd39c0c0c2b9bb83215a2ea6a6fb66cc54a844279750e93c645dab98ccb2aba3,3136e2d743be0c2d570d5dbd2d690b08f1689f22f2962ae08fe3ce955611f598,329485,585,20613,12058605,309801,96468840,3719956,228743,19717,4363,73743,1655,1264,0.2185891319932944,8.508300489669175,0.15175420374081414,5.90683696953851,True
NCBI49,Mus musculus,Spatial Transcriptomics,Spinal cord,Diseased,https://www.science.org/doi/10.1126/science.aav9776?url_ver=Z39.88-2003&rfr_id=ori:rid:crossref.org&rfr_dat=cr_pub%20%200pubmed,,,E:\Hestdata\st\NCBI49.h5ad,True,34584752,exposure_unresolved,False,True,main_v2/NCBI49,E:\count压缩\baseline\evidence\COUNT-HEST-SHARED-RESUME-001\main_v2\NCBI49\RESULT.json,34584752,b09904467e0b82f786a738931a57494afcb937aab7e6532270e7eaf62ed484ca,5f9fab5f3055c924355d6e8628f957ec523b33f4aeb288b41486a09e0697a80d,257593,246,15400,3788400,310862,30307200,3731332,182211,16185,1542,54736,1655,1264,0.5439615668883961,6.629128037521473,0.3847766867279062,4.689180408026713,True
NCBI490,Homo sapiens,Visium,Skin,Diseased,https://www.nature.com/articles/s41467-022-35319-w,,CC BY 4.0,E:\Hestdata\st\NCBI490.h5ad,True,6368957,exposure_unresolved,False,True,main_v2/NCBI490,E:\count压缩\baseline\evidence\COUNT-HEST-SHARED-RESUME-001\main_v2\NCBI490\RESULT.json,6368957,491c0f9c20fe11ece4378d0b9ec3f20b3f3f2cf4ca56678352af5e00dfa5040d,e32ba69592bd1402062b4414c09f38988dee4349a51199f6f4eb21c27bdc8ddc,267903,617,20613,12718221,206871,101745768,2484924,165323,17770,4540,77351,1655,1264,0.16851602122655363,10.360195484142292,0.10399127362230928,6.3932789032778885,True
NCBI491,Homo sapiens,Visium,Skin,Diseased,https://www.nature.com/articles/s41467-022-35319-w,,CC BY 4.0,E:\Hestdata\st\NCBI491.h5ad,True,20863077,known_exposed,False,True,main_v2/NCBI491,E:\count压缩\baseline\evidence\COUNT-HEST-SHARED-RESUME-001\main_v2\NCBI491\RESULT.json,20863077,ec7332a8d752b04c608ff750fe543affd6bb4fe9dca963f218347e3782cafba8,95005a432339e037d1451677720898b3aba58d88e87d4bad416f2492b238a30e,1391964,913,20613,18819669,2012976,150557352,24159368,1269471,28602,6906,84061,1660,1264,0.5917060496653793,5.531964613587047,0.53963584588018,5.045151059923218,True
NCBI492,Homo sapiens,Visium,Skin,Diseased,https://www.nature.com/articles/s41467-022-35319-w,,CC BY 4.0,E:\Hestdata\st\NCBI492.h5ad,True,18509998,exposure_unresolved,False,True,main_v2/NCBI492,E:\count压缩\baseline\evidence\COUNT-HEST-SHARED-RESUME-001\main_v2\NCBI492\RESULT.json,18509998,dc89a722e9b5e101b769b27f4fbaa1b5d84f9fcd5dafb2085c570a9da3ae40e6,b8e6fc0309ef8817bab7454e1d9f382f19631ec34e914a968e6f4f4656573361,1197215,814,20613,16778982,1718052,134231856,20619884,1078277,28037,6219,81758,1660,1264,0.570816513182981,5.574755595290481,0.5141084244562631,5.0209283537401665,True
NCBI493,Homo sapiens,Visium,Skin,Diseased,https://www.nature.com/articles/s41467-022-35319-w,,CC BY 4.0,E:\Hestdata\st\NCBI493.h5ad,True,12595990,exposure_unresolved,False,True,main_v2/NCBI493,E:\count压缩\baseline\evidence\COUNT-HEST-SHARED-RESUME-001\main_v2\NCBI493\RESULT.json,12595990,17b07cea1e412febc79055b15491b3536559de8517326a3b96f2baeaa5a27d2c,6c03e87ff39dfec2f4cf7bedfc0a9689707c52e1ea5e2a9a098d2ee047801909,743485,566,20613,11666958,984144,93335664,11811996,634801,25413,4153,76196,1658,1264,0.5098055551412802,6.043709050708027,0.435281244691204,5.160228584434798,True
NCBI494,Homo sapiens,Visium,Skin,Diseased,https://www.nature.com/articles/s41467-022-35319-w,,CC BY 4.0,E:\Hestdata\st\NCBI494.h5ad,True,12710232,exposure_unresolved,False,True,main_v2/NCBI494,E:\count压缩\baseline\evidence\COUNT-HEST-SHARED-RESUME-001\main_v2\NCBI494\RESULT.json,12710232,e16ca540729a5e84c57e63e6378c4a5807b3c5ab0e3e5471f24275580574c057,1af1b29f13f8427e6c9152b5a0461604c4cea07b46b5498a1ab3a1359b4ea4a6,750813,508,20613,10471404,1003783,83771232,12047432,643513,25814,3742,74821,1659,1264,0.5736101863704237,5.983867031021645,0.4916345506295049,5.128702119880492,True
NCBI495,Homo sapiens,Visium,Skin,Diseased,https://www.nature.com/articles/s41467-022-35319-w,,CC BY 4.0,E:\Hestdata\st\NCBI495.h5ad,True,18799658,exposure_unresolved,False,True,main_v2/NCBI495,E:\count压缩\baseline\evidence\COUNT-HEST-SHARED-RESUME-001\main_v2\NCBI495\RESULT.json,18799658,946169bc3865828f58431a94844462c2b758a95dafda3cba55f4d59d47931380,9792a45ab836a5ef1aa8fe8737e3277a85a70707113d0847f4eca5fe0f49d09e,1163943,706,20613,14552778,1766209,116422224,21197336,1048225,28112,5262,79420,1660,1264,0.6398464952877039,5.2720510426569,0.5762336235734511,4.747909222521231,True
NCBI496,Homo sapiens,Visium,Skin,Diseased,https://www.nature.com/articles/s41467-022-35319-w,,CC BY 4.0,E:\Hestdata\st\NCBI496.h5ad,True,12084005,exposure_unresolved,False,True,main_v2/NCBI496,E:\count压缩\baseline\evidence\COUNT-HEST-SHARED-RESUME-001\main_v2\NCBI496\RESULT.json,12084005,3a747237f18b09cc54124c14f7a1a9e4dc1145ad98018e58e9d74dc74bd447ff,d0e2b23755d6441c3fcad37d5f0937fe593ecf72651d3d96b301771d94b6053c,683171,697,20613,14367261,917972,114938088,11018456,571733,24032,5192,79292,1658,1264,0.3804043094922546,5.953741508455596,0.3183532337861754,4.982574631905984,True
NCBI497,Homo sapiens,Visium,Skin,Diseased,https://www.nature.com/articles/s41467-022-35319-w,,CC BY 4.0,E:\Hestdata\st\NCBI497.h5ad,True,8278361,exposure_unresolved,False,True,main_v2/NCBI497,E:\count压缩\baseline\evidence\COUNT-HEST-SHARED-RESUME-001\main_v2\NCBI497\RESULT.json,8278361,dab62b35133a4f49203d9826f76f68d1d3e48a96dff2944c8f5b77cc9528ad10,3ccfaaeec0cd8013d3b21e915445d486593fef86223615aa3638caca5f9343ea,434572,765,20613,15768945,442749,126151560,5316052,323815,21331,5763,80742,1657,1264,0.22046979046473938,7.852250372106995,0.16427985512030133,5.850990064347972,True
NCBI498,Homo sapiens,Visium,Skin,Diseased,https://www.nature.com/articles/s41467-022-35319-w,,CC BY 4.0,E:\Hestdata\st\NCBI498.h5ad,True,11571114,exposure_unresolved,False,True,main_v2/NCBI498,E:\count压缩\baseline\evidence\COUNT-HEST-SHARED-RESUME-001\main_v2\NCBI498\RESULT.json,11571114,225a14003051d2e180893b9d61edb377b51b47d1dc48edf5265c9a75e7549210,1126bed7bd4160680a91cb99ddf668aa8d2f777b411d3beb4616f838d734eebf,643870,698,20613,14387874,853877,115102992,10249320,531493,25181,5203,79071,1658,1264,0.35800702730646655,6.032437927242448,0.29552274366595094,4.979574341503518,True
NCBI5,Mus musculus,Spatial Transcriptomics,Spinal cord,Diseased,https://www.science.org/doi/10.1126/science.aav9776?url_ver=Z39.88-2003&rfr_id=ori:rid:crossref.org&rfr_dat=cr_pub%20%200pubmed,,,E:\Hestdata\st\NCBI5.h5ad,True,43517064,known_exposed,False,True,main_v2/NCBI5,E:\count压缩\baseline\evidence\COUNT-HEST-SHARED-RESUME-001\main_v2\NCBI5\RESULT.json,43517064,27430f74718123f71893fb0399a93d1c1f6f50ac28008704b69477cc06b8fdbe,769f0fc3db53eda4ca417d41fd6dcfb0c097af92730c4b848745c5440f84c250,562267,295,16576,4889920,938527,39119360,11263508,476471,21202,1868,59804,1658,1264,0.9198792618284144,4.792761422953202,0.7795154112950723,4.061436698145072,True
NCBI50,Mus musculus,Spatial Transcriptomics,Spinal cord,Diseased,https://www.science.org/doi/10.1126/science.aav9776?url_ver=Z39.88-2003&rfr_id=ori:rid:crossref.org&rfr_dat=cr_pub%20%200pubmed,,,E:\Hestdata\st\NCBI50.h5ad,True,32083245,exposure_unresolved,False,True,main_v2/NCBI50,E:\count压缩\baseline\evidence\COUNT-HEST-SHARED-RESUME-001\main_v2\NCBI50\RESULT.json,32083245,9fa9d11c3fde9c8ab78390e85e34771c05886928195c2fa0b9d1e3a23b734983,05d0746fe45ba7a9266c0c41d7ed16364c81f24f0b4b5f8128d9dfffe5ee2687,251345,223,15581,3474563,299559,27796504,3595604,176733,15803,1393,54497,1655,1264,0.5787087469704824,6.712400562159708,0.4069185103277736,4.719818132655003,True
NCBI503,Homo sapiens,Visium,Skin,Diseased,https://www.nature.com/articles/s41467-022-35319-w,,CC BY 4.0,E:\Hestdata\st\NCBI503.h5ad,True,23379405,exposure_unresolved,False,True,main_v2/NCBI503,E:\count压缩\baseline\evidence\COUNT-HEST-SHARED-RESUME-001\main_v2\NCBI503\RESULT.json,23379405,badba721e39d8160fa7cc1642204e817499ad7f5e752c6303abba28003fdd8ae,ee701a6b9fae7e6a24f5a26b099f4836b5cf08faf61f8bb3914092620c60ea2f,1524975,985,20613,20303805,2324426,162430440,27897056,1404429,29500,7516,80605,1661,1264,0.6008627446924357,5.248521570486649,0.553365834630504,4.833637207637499,True
NCBI504,Homo sapiens,Visium,Skin,Diseased,https://www.nature.com/articles/s41467-022-35319-w,,CC BY 4.0,E:\Hestdata\st\NCBI504.h5ad,True,22226328,exposure_unresolved,False,True,main_v2/NCBI504,E:\count压缩\baseline\evidence\COUNT-HEST-SHARED-RESUME-001\main_v2\NCBI504\RESULT.json,22226328,984163c1f8b289f71ea91d903724ada975e2bfeb6910ac3e34edd7e38664338b,1d3c1218cf27931405c4fa675ce49c5090ff8906a34184bf3f64baa6971ee827,1447076,1000,20613,20613000,2180031,164904000,26164376,1326235,29343,7632,80940,1662,1264,0.5616168437393878,5.310295128830737,0.5147178964730995,4.86684822371792,True
NCBI505,Homo sapiens,Visium,Skin,Diseased,https://www.nature.com/articles/s41467-022-35319-w,,CC BY 4.0,E:\Hestdata\st\NCBI505.h5ad,True,7202042,exposure_unresolved,False,True,main_v2/NCBI505,E:\count压缩\baseline\evidence\COUNT-HEST-SHARED-RESUME-001\main_v2\NCBI505\RESULT.json,7202042,363a9aaaef5d998c73d058a60dad6e5a39930b7075e334219b116843839a9dc6,94570408d5bb2f61f5d4993d2bd84a6d1bfebd0ed97d552ef59b4c10e53faffb,352876,706,20613,14552778,309527,116422224,3717152,244886,20357,5274,79440,1655,1264,0.1939841314146344,9.120393374406756,0.13461952075404435,6.329295990333638,True
NCBI506,Homo sapiens,Visium,Skin,Diseased,https://www.nature.com/articles/s41467-022-35319-w,,CC BY 4.0,E:\Hestdata\st\NCBI506.h5ad,True,7356394,known_exposed,False,True,main_v2/NCBI506,E:\count压缩\baseline\evidence\COUNT-HEST-SHARED-RESUME-001\main_v2\NCBI506\RESULT.json,7356394,8f788cb47c16ef3c923e0e230198345c4cf48e298f31ec6e6ca1d7119effd0e4,39745dd22b70f0ae824e25f9e117367a31018dd79e9df1beb50a81cd437c2988,357377,666,20613,13728258,329099,109826064,3951856,249832,21213,4929,78482,1657,1264,0.2082577410768358,8.687404094208734,0.14558700747028502,6.073114777012388,True
NCBI507,Homo sapiens,Visium,Skin,Diseased,https://www.nature.com/articles/s41467-022-35319-w,,CC BY 4.0,E:\Hestdata\st\NCBI507.h5ad,True,8843709,exposure_unresolved,False,True,main_v2/NCBI507,E:\count压缩\baseline\evidence\COUNT-HEST-SHARED-RESUME-001\main_v2\NCBI507\RESULT.json,8843709,80e0334ceaf0da560d67f0ba8c1c81baf54ecad24bb7df3171cf89b24816e73e,e2f1537b7f61c17a075e7fee8ad99a8390ed526d16e748cdc69393f2b368dca6,463123,469,20613,9667497,518120,77339976,6219320,359107,23556,3422,74116,1658,1264,0.3832412877914521,7.150822203350575,0.2971664744245589,5.5447695514552615,True
NCBI508,Homo sapiens,Visium,Skin,Diseased,https://www.nature.com/articles/s41467-022-35319-w,,CC BY 4.0,E:\Hestdata\st\NCBI508.h5ad,True,9534750,exposure_unresolved,False,True,main_v2/NCBI508,E:\count压缩\baseline\evidence\COUNT-HEST-SHARED-RESUME-001\main_v2\NCBI508\RESULT.json,9534750,d2e9600b48d54f001d5d7a46a1a323b09967ee6bb3282b61168c04a3c785de83,f2eed24259849501e60698534b768d410f95310479ecf62704941845b88da022,501673,442,20613,9110946,606164,72887568,7275740,399554,24270,3248,71679,1658,1264,0.44050134859761,6.620954065236471,0.3508342602403746,5.273213189829815,True
NCBI510,Homo sapiens,Visium,Skin,Diseased,https://www.nature.com/articles/s41467-022-35319-w,,CC BY 4.0,E:\Hestdata\st\NCBI510.h5ad,True,6985329,exposure_unresolved,False,True,main_v2/NCBI510,E:\count压缩\baseline\evidence\COUNT-HEST-SHARED-RESUME-001\main_v2\NCBI510\RESULT.json,6985329,ef3f221841aaa4abfe5e4d0dfd70db9ea65cf3de9f8ca4a39373605b2014d8e3,c394b6af0fc02d41136762e7110fc475b749b365e8ed62fbc0569f392fc45969,336574,525,20613,10821825,314916,86574600,3781096,233558,20998,3865,75232,1657,1264,0.24881126797005126,8.550191162087668,0.17265701487503263,5.93321393641479,True
NCBI515,Homo sapiens,Visium,Skin,Diseased,https://www.nature.com/articles/s41467-022-35319-w,,CC BY 4.0,E:\Hestdata\st\NCBI515.h5ad,True,23508581,known_exposed,False,True,main_v2/NCBI515,E:\count压缩\baseline\evidence\COUNT-HEST-SHARED-RESUME-001\main_v2\NCBI515\RESULT.json,23508581,d54f5a6d4ffde268ab8423e0bc83549cfa290bb05a2323f7e9f372f93f69095d,305a1856cd489e1f6a16d8b7954fd1eb19889c98956110064e7b91b17f787c33,1483548,825,20613,17005725,2342832,136045800,28117288,1363058,29387,6299,81879,1661,1264,0.6979052054528696,5.065828023520252,0.6412231175089566,4.654394339841696,True
NCBI516,Homo sapiens,Visium,Skin,Diseased,https://www.nature.com/articles/s41467-022-35319-w,,CC BY 4.0,E:\Hestdata\st\NCBI516.h5ad,True,13805758,exposure_unresolved,False,True,main_v2/NCBI516,E:\count压缩\baseline\evidence\COUNT-HEST-SHARED-RESUME-001\main_v2\NCBI516\RESULT.json,13805758,dc7cac28e9659327be52602bc4322a3eee1fb14547556297280d973c407cea64,b904491c03100c633bd7cb7f9d42ce383fd39bf751c5baee4880005a1eaf93f0,798252,450,20613,9275850,1139489,74206800,13675672,691437,26936,3310,73646,1659,1264,0.6884561522663691,5.604280515213398,0.5963330584259124,4.854365421693408,True
NCBI517,Homo sapiens,Visium,Skin,Diseased,https://www.nature.com/articles/s41467-022-35319-w,,CC BY 4.0,E:\Hestdata\st\NCBI517.h5ad,True,7877041,exposure_unresolved,False,True,main_v2/NCBI517,E:\count压缩\baseline\evidence\COUNT-HEST-SHARED-RESUME-001\main_v2\NCBI517\RESULT.json,7877041,f258dc1f5d10a95669adb9988f64621e4458f8b0e94906371fc97c6ae969470a,194f94b6122404321db55b79b91c476b4e72f4eb8ffd704d89df537be44c3b20,396201,549,20613,11316537,400467,90532296,4807804,291749,21303,4090,76138,1657,1264,0.28008639038603417,7.914779494939658,0.20624613342403245,5.828175604981184,True
NCBI518,Homo sapiens,Visium,Skin,Diseased,https://www.nature.com/articles/s41467-022-35319-w,,CC BY 4.0,E:\Hestdata\st\NCBI518.h5ad,True,8376866,exposure_unresolved,False,True,main_v2/NCBI518,E:\count压缩\baseline\evidence\COUNT-HEST-SHARED-RESUME-001\main_v2\NCBI518\RESULT.json,8376866,a5b3e86b8f2341c8c345785a80543fcd8f66536b8973d2a8605ce7606fda3a6f,bff045e9f1343652aa86414509823573e9b9aa21e7548c2e61d675038a1636d9,431807,546,20613,11254698,463014,90037584,5558356,327522,21552,4088,75724,1657,1264,0.30693457967508325,7.46080248113448,0.23280731299942478,5.658956316655652,True
NCBI519,Homo sapiens,Visium,Skin,Diseased,https://www.nature.com/articles/s41467-022-35319-w,,CC BY 4.0,E:\Hestdata\st\NCBI519.h5ad,True,16741012,exposure_unresolved,False,True,main_v2/NCBI519,E:\count压缩\baseline\evidence\COUNT-HEST-SHARED-RESUME-001\main_v2\NCBI519\RESULT.json,16741012,3ce0f5bc2175e0a250c7d95ce1ec05a046a6a149d45bbb5824b45536299689f7,4986eb9cef61464d4933706b6932fc8a903799b6c750ac8a10a433fb70dc8429,1006786,524,20613,10801212,1506778,86409696,18083436,899366,27838,3891,72767,1660,1264,0.7456837251226992,5.345371381849217,0.6661222833141318,4.775041844253102,True
NCBI52,Mus musculus,Spatial Transcriptomics,Spinal cord,Diseased,https://www.science.org/doi/10.1126/science.aav9776?url_ver=Z39.88-2003&rfr_id=ori:rid:crossref.org&rfr_dat=cr_pub%20%200pubmed,,,E:\Hestdata\st\NCBI52.h5ad,True,32929054,exposure_unresolved,False,True,main_v2/NCBI52,E:\count压缩\baseline\evidence\COUNT-HEST-SHARED-RESUME-001\main_v2\NCBI52\RESULT.json,32929054,eab1abb180c6d3e45214885c2be79ed035558a1ee11ecf7578c6519dc9ee53b9,f0f3ecf5aa991c2d0fb44b4364d5bfbfa07519eddb5b98e96f4fed91e7dbdf02,417745,212,16822,3566264,622088,28530112,7465908,334023,20695,1326,58779,1658,1264,0.9371039272471136,5.372165995807667,0.7492950606012342,4.2955080310181195,True
NCBI520,Homo sapiens,Visium,Skin,Diseased,https://www.nature.com/articles/s41467-022-35319-w,,CC BY 4.0,E:\Hestdata\st\NCBI520.h5ad,True,12858067,exposure_unresolved,False,True,main_v2/NCBI520,E:\count压缩\baseline\evidence\COUNT-HEST-SHARED-RESUME-001\main_v2\NCBI520\RESULT.json,12858067,eb4dcf8455f5194ddf88b6aa5c7d8359b39a2bf817202c5c4c7f1b3096ca24e3,40239bcbf4aae5ab8763f1b95a443821440e87ea24e0aee605d73ab7eadb59c9,766906,527,20613,10863051,1021062,86904408,12254856,658802,25736,3928,75517,1659,1264,0.5647812939477133,6.008692909931033,0.4851690376856373,5.161700268935677,True
NCBI521,Homo sapiens,Visium,Skin,Diseased,https://www.nature.com/articles/s41467-022-35319-w,,CC BY 4.0,E:\Hestdata\st\NCBI521.h5ad,True,10870676,exposure_unresolved,False,True,main_v2/NCBI521,E:\count压缩\baseline\evidence\COUNT-HEST-SHARED-RESUME-001\main_v2\NCBI521\RESULT.json,10870676,71cc5f3aa96edb69b35a5cda092eaa09e27687ecd4aa6a832e1b13db5b507ca8,bee691751bf00a5761fdde739c4195bd9a8e37fe9da126b7d5061856f4380509,597057,464,20613,9564432,771845,76515456,9264000,492319,24482,3421,73913,1658,1264,0.49939776873315633,6.188361652922543,0.41179152091833576,5.1027758163880055,True
NCBI523,Homo sapiens,Visium,Skin,Diseased,https://www.nature.com/articles/s41467-022-35319-w,,CC BY 4.0,E:\Hestdata\st\NCBI523.h5ad,True,17306760,exposure_unresolved,False,True,main_v2/NCBI523,E:\count压缩\baseline\evidence\COUNT-HEST-SHARED-RESUME-001\main_v2\NCBI523\RESULT.json,17306760,49731c733a3382e396b686062acaa9f58c1cf5fbdafeead67faa2898111fdb9e,d228a5b1ed2c0cb46bf198f6ae8cd68ab9c4278193f86ec9c5c6599e8fff6dee,1049543,752,20613,15500976,1563491,124007808,18764904,936804,27323,5654,76839,1659,1264,0.5416655054494633,5.370254130020576,0.48348129820986757,4.793396316320337,True
NCBI524,Homo sapiens,Visium,Skin,Diseased,https://www.nature.com/articles/s41467-022-35319-w,,CC BY 4.0,E:\Hestdata\st\NCBI524.h5ad,True,15982105,exposure_unresolved,False,True,main_v2/NCBI524,E:\count压缩\baseline\evidence\COUNT-HEST-SHARED-RESUME-001\main_v2\NCBI524\RESULT.json,15982105,e0d0d4e8d976037542956a362c46cd434b3383874cc089c0db8cc85c8ec1b7f8,b5cd74f776d3e994fca885f19de8652cc5c8921665803e37195c4bd0a220798d,959520,909,20613,18737217,1397308,149897736,16771336,843280,26621,6934,79762,1659,1264,0.40967449968690656,5.493534711030066,0.3600449308987562,4.828026462311817,True
NCBI525,Homo sapiens,Visium,Skin,Diseased,https://www.nature.com/articles/s41467-022-35319-w,,CC BY 4.0,E:\Hestdata\st\NCBI525.h5ad,True,6028197,exposure_unresolved,False,True,main_v2/NCBI525,E:\count压缩\baseline\evidence\COUNT-HEST-SHARED-RESUME-001\main_v2\NCBI525\RESULT.json,6028197,ae3071be0f3c641e9be6d8a0406a0d50bd7438d317c4aad0a3ab50dc2a5cd847,6e0deedb9ca34d803cc80de6eebb3e1f3ec6a7d61653fed9fb7fcfe0f291a760,240406,777,20613,16016301,156020,128130408,1875352,137441,16391,5837,77818,1655,1264,0.12008066032225544,12.32693244455839,0.06865055795342508,7.0473529034739135,True
NCBI526,Homo sapiens,Visium,Skin,Diseased,https://www.nature.com/articles/s41467-022-35319-w,,CC BY 4.0,E:\Hestdata\st\NCBI526.h5ad,True,7969522,exposure_unresolved,False,True,main_v2/NCBI526,E:\count压缩\baseline\evidence\COUNT-HEST-SHARED-RESUME-001\main_v2\NCBI526\RESULT.json,7969522,30795607a7bc21afa5849890da1ef5a0b0463c16d79108f9315be6bb2c53599d,f918b6691e96897695d6d3d4d5fbafd045652ffdfcd31ad168cd09c85b305387,409233,818,20613,16861434,398002,134891472,4779300,297968,20120,6194,82032,1655,1264,0.19416284522419625,8.225747609308495,0.14137255467121004,5.989276435796805,True
NCBI527,Mus musculus,Visium,Brain,Healthy,https://pubmed.ncbi.nlm.nih.gov/36776149/,,CC BY,E:\Hestdata\st\NCBI527.h5ad,True,58355439,exposure_unresolved,False,True,main_v2/NCBI527,E:\count压缩\baseline\evidence\COUNT-HEST-SHARED-RESUME-001\main_v2\NCBI527\RESULT.json,58355439,6c9091e7825168db001a55ff796a976a45cc29250bc7195ce47a3e2e08020bb7,64ba4e0ca3cee0252b34457711192a557e0dcc6b3e6e31bcd27c35978c1e7fd9,3657223,3047,31053,94618491,6329301,756947928,75963804,3463429,36723,25877,128264,1666,1264,0.30921845921216395,4.622593237389089,0.2928331630230713,4.377644861573182,True
NCBI528,Mus musculus,Visium,Brain,Healthy,https://pubmed.ncbi.nlm.nih.gov/36776149/,,CC BY,E:\Hestdata\st\NCBI528.h5ad,True,59178663,exposure_unresolved,False,True,main_v2/NCBI528,E:\count压缩\baseline\evidence\COUNT-HEST-SHARED-RESUME-001\main_v2\NCBI528\RESULT.json,59178663,3fadd6d3e2a5b0a4a6e9fc534e4fb73d8ce006fa4ebc8bcdfd915186f92d1cc6,3a13879d0b32f2f61ffc63bd48185c64c1a878518252ad2f7025d13ab2782b28,3736583,3105,31053,96419565,6430804,771356520,77182072,3541455,36818,26301,129079,1666,1264,0.31002695355449905,4.648355633292509,0.29383704437994507,4.405613979216285,True
NCBI529,Mus musculus,Visium,Brain,Healthy,https://pubmed.ncbi.nlm.nih.gov/36776149/,,CC BY,E:\Hestdata\st\NCBI529.h5ad,True,27889891,exposure_unresolved,False,True,main_v2/NCBI529,E:\count压缩\baseline\evidence\COUNT-HEST-SHARED-RESUME-001\main_v2\NCBI529\RESULT.json,27889891,32975f09f106c834217f1e02c09200250e28fcb19fc00558ad374fe31d40fefb,a978924cef9319d608e8121643781a427fbc38ce5c39094ade53fba462639244,1766586,2216,31053,68813448,2549624,550507584,30604356,1595970,32476,18018,117195,1663,1264,0.20537683273769394,5.543047916084881,0.18554164005849555,5.0077030966134615,True
NCBI53,Mus musculus,Spatial Transcriptomics,Spinal cord,Diseased,https://www.science.org/doi/10.1126/science.aav9776?url_ver=Z39.88-2003&rfr_id=ori:rid:crossref.org&rfr_dat=cr_pub%20%200pubmed,,,E:\Hestdata\st\NCBI53.h5ad,True,38582963,exposure_unresolved,False,True,main_v2/NCBI53,E:\count压缩\baseline\evidence\COUNT-HEST-SHARED-RESUME-001\main_v2\NCBI53\RESULT.json,38582963,1e3e2d6cd9252ffa979e5aaf4fd37ba578dad3a2811a122ccf0dbb0f835a420b,8d52f9c061ef58242450bf5f0ece2c1d791a63329fad555766bef26998c5397a,384207,268,15979,4282372,536682,34258976,6441260,303131,19116,1655,57384,1657,1264,0.7177461462946236,5.727145684036357,0.5662861610341184,4.518593878684212,True
NCBI530,Mus musculus,Visium,Brain,Healthy,https://pubmed.ncbi.nlm.nih.gov/36776149/,,CC BY,E:\Hestdata\st\NCBI530.h5ad,True,25550155,exposure_unresolved,False,True,main_v2/NCBI530,E:\count压缩\baseline\evidence\COUNT-HEST-SHARED-RESUME-001\main_v2\NCBI530\RESULT.json,25550155,d136bd6e9baaceff025f43d25ea2b0076ca3d972e3c025cde7f34b19b1714582,af22601cedd45131ac5cd8ba042f13db4369c2bc4785c0409f18f74365053e7f,1659024,2502,31053,77694606,2252187,621556848,27036256,1485787,31555,20574,118181,1663,1264,0.17082514067965027,5.893023980690769,0.1529874030122503,5.277668328606817,True
NCBI531,Mus musculus,Visium,Brain,Healthy,https://pubmed.ncbi.nlm.nih.gov/36776149/,,CC BY,E:\Hestdata\st\NCBI531.h5ad,True,28516795,exposure_unresolved,False,True,main_v2/NCBI531,E:\count压缩\baseline\evidence\COUNT-HEST-SHARED-RESUME-001\main_v2\NCBI531\RESULT.json,28516795,bd0bc9c35ea09ec1f4c64b77d427b5e7a7cdb2c80b941cab2f55be525e4dd6a1,eff3fa239c7efe3896f406a24379fcc99197774580937bcc3439bedebfa38efa,1852669,2554,31053,79309362,2622068,634474896,31475036,1674110,32194,21146,122292,1663,1264,0.1868802323740796,5.65254295464496,0.16886884047812664,5.107754642518806,True
NCBI532,Mus musculus,Visium,Brain,Healthy,https://pubmed.ncbi.nlm.nih.gov/36776149/,,CC BY,E:\Hestdata\st\NCBI532.h5ad,True,26363127,known_exposed,False,True,main_v2/NCBI532,E:\count压缩\baseline\evidence\COUNT-HEST-SHARED-RESUME-001\main_v2\NCBI532\RESULT.json,26363127,542bb865d7a80116bbf33a559fa0ba1819ba137486d6a328336b2000a5acb96f,ac06a7a25581c1c771e1bf69ccb43e21705bf865049ee67b68d07b94f7f85f54,1689376,2399,31053,74496147,2355546,595969176,28276152,1513802,31122,19834,121691,1663,1264,0.1814188859995672,5.7375266710987605,0.1625643269845889,5.141235195576737,True
NCBI533,Mus musculus,Visium,Brain,Healthy,https://pubmed.ncbi.nlm.nih.gov/36776149/,,CC BY,E:\Hestdata\st\NCBI533.h5ad,True,35784571,exposure_unresolved,False,True,main_v2/NCBI533,E:\count压缩\baseline\evidence\COUNT-HEST-SHARED-RESUME-001\main_v2\NCBI533\RESULT.json,35784571,017943f1ce79aa2235d51884554ea2a639156bea1a1f237b4198b5c426990a28,9c400cfc00e7c7c77ad877e5996d0054ae1fbf7d8bcaffdfd7acb5b98c669632,2281044,2536,31053,78750408,3520020,630003264,42250388,2101942,34351,20969,120855,1663,1264,0.23172390421139152,5.184161453628104,0.21352950958679479,4.777113766399054,True
NCBI534,Homo sapiens,Visium,Lung,Healthy,https://pubmed.ncbi.nlm.nih.gov/36776149/,,CC BY,E:\Hestdata\st\NCBI534.h5ad,True,15836214,exposure_unresolved,False,True,main_v2/NCBI534,E:\count压缩\baseline\evidence\COUNT-HEST-SHARED-RESUME-001\main_v2\NCBI534\RESULT.json,15836214,d7216781de0ef75679792ec29bef498dc863769795d6e064c31b424e5da78ae4,f07ebad5cafd2fc9084fa97bf192821c901b58bcbb3dd06d5c2f4dc38cde06fa,743123,533,33538,17875754,1060108,143006032,12723432,593369,29420,3894,113516,1660,1264,0.3325724889702555,5.607904100336947,0.265552546762503,4.477800375056126,True
NCBI535,Homo sapiens,Visium,Lung,Treated,https://pubmed.ncbi.nlm.nih.gov/36776149/,,CC BY,E:\Hestdata\st\NCBI535.h5ad,True,13847478,exposure_unresolved,False,True,main_v2/NCBI535,E:\count压缩\baseline\evidence\COUNT-HEST-SHARED-RESUME-001\main_v2\NCBI535\RESULT.json,13847478,044bb67f0b8fc15595a3162af19aa512d766fda9aa019e5d72fd8b187efbade6,a4407c9c55056e2d016b2f8cb5ea6e068ecf28faa4cd106507e1c77bd1de13cc,602734,439,33538,14723182,812404,117785456,9750608,457578,27380,3190,111663,1659,1264,0.3275020304714022,5.935312972363504,0.2486299496942984,4.505915775894752,True
NCBI536,Homo sapiens,Visium,Lung,Treated,https://pubmed.ncbi.nlm.nih.gov/36776149/,,CC BY,E:\Hestdata\st\NCBI536.h5ad,True,13904438,exposure_unresolved,False,True,main_v2/NCBI536,E:\count压缩\baseline\evidence\COUNT-HEST-SHARED-RESUME-001\main_v2\NCBI536\RESULT.json,13904438,05b1b334608d07cef644153b87cb9c21ee05c7ded74c1dc548ed360123630eb2,535e6c7349e3ab00033c2a7ec820e1d21f5ba863d1eb406edc0692ebfcd76fb8,606080,444,33538,14890872,819340,119126976,9833860,459826,27817,3227,112287,1659,1264,0.3256115558578436,5.917738667708155,0.24703778260937304,4.489720994947152,True
NCBI537,Homo sapiens,Visium,Lung,Treated,https://pubmed.ncbi.nlm.nih.gov/36776149/,,CC BY,E:\Hestdata\st\NCBI537.h5ad,True,13012022,exposure_unresolved,False,True,main_v2/NCBI537,E:\count压缩\baseline\evidence\COUNT-HEST-SHARED-RESUME-001\main_v2\NCBI537\RESULT.json,13012022,0ded7b062fbd0370a7c80495404ef8eb88ca680c990d1b2fe4aa74c17d4ce664,ff5055d55ae91cf7429fcb6959d829a573df960ad3fbf745a7412eeb0024ef7c,548135,416,33538,13951808,708233,111614464,8500464,403548,26731,3042,111891,1659,1264,0.3143019169988578,6.19157819531143,0.2313953861750391,4.558364267126779,True
NCBI538,Homo sapiens,Visium,Kidney,Treated,https://pubmed.ncbi.nlm.nih.gov/36776149/,,CC BY,E:\Hestdata\st\NCBI538.h5ad,True,13510838,exposure_unresolved,False,True,main_v2/NCBI538,E:\count压缩\baseline\evidence\COUNT-HEST-SHARED-RESUME-001\main_v2\NCBI538\RESULT.json,13510838,87817668ac4a2868aa0ccefe9b71733f2e645419ebe7702615ceb34c45110b76,bd6b3d7805b57f1de5ffdfdabfb936000a3315513bca977c0c1dd7904e4ffb32,604622,469,33538,15729322,778672,125834576,9345944,457149,28536,3412,112602,1659,1264,0.30751331812013255,6.2118273162512585,0.2325079237363187,4.696704132163478,True
NCBI539,Homo sapiens,Visium,Kidney,Treated,https://pubmed.ncbi.nlm.nih.gov/36776149/,,CC BY,E:\Hestdata\st\NCBI539.h5ad,True,12878698,known_exposed,False,True,main_v2/NCBI539,E:\count压缩\baseline\evidence\COUNT-HEST-SHARED-RESUME-001\main_v2\NCBI539\RESULT.json,12878698,13b9c373785b69d50ff4c29a2d82e0f07b7b7c6e51c66895e5d5bd8392dc69c6,56a8f305dda4640ef37bc8d45485309b03a784d654190faf3dc46b29d23b2f59,564703,475,33538,15930550,699530,127444400,8396264,418195,27491,3419,112675,1659,1264,0.28358242496335656,6.458084714022272,0.21000907062216936,4.782582591168356,True
NCBI540,Homo sapiens,Visium,Kidney,Treated,https://pubmed.ncbi.nlm.nih.gov/36776149/,,CC BY,E:\Hestdata\st\NCBI540.h5ad,True,12247198,exposure_unresolved,False,True,main_v2/NCBI540,E:\count压缩\baseline\evidence\COUNT-HEST-SHARED-RESUME-001\main_v2\NCBI540\RESULT.json,12247198,aebbbc0942165dce5b8ac3709681cc4da0e4afe9bed42b657b6c35ec3d33f535,ce6a4d748ee7f689fbb940a106d874a60aff32c224fc5defdf483b5e34c28b56,516715,413,33538,13851194,620667,110809552,7449660,371687,27183,2963,111960,1658,1264,0.29843780976571405,6.660125316796285,0.2146743450420231,4.790807308911219,True
NCBI542,Mus musculus,Visium,Heart,Treated,https://www.ncbi.nlm.nih.gov/pmc/articles/PMC10203427/,,CC BY,E:\Hestdata\st\NCBI542.h5ad,True,45933639,exposure_unresolved,True,True,main_v2/NCBI542,E:\count压缩\baseline\evidence\COUNT-HEST-SHARED-RESUME-001\main_v2\NCBI542\RESULT.json,45933639,f81337f063deadbb294d73632c915f96f24d8b264a98a8b960934cf3fea23257,b3b53ca26b5a738f9a9b8b949547aac80af954846eaa44ea98cd0d3b88634649,2825683,2237,32285,72221545,4777571,577772360,57339804,2618044,34854,18420,151436,1665,1264,0.31300166730024953,4.731580964469183,0.2900014393211887,4.3838913121333,True
NCBI543,Mus musculus,Visium,Heart,Treated,https://www.ncbi.nlm.nih.gov/pmc/articles/PMC10203427/,,CC BY,E:\Hestdata\st\NCBI543.h5ad,True,41833080,exposure_unresolved,True,True,main_v2/NCBI543,E:\count压缩\baseline\evidence\COUNT-HEST-SHARED-RESUME-001\main_v2\NCBI543\RESULT.json,41833080,9503b3c90cb9931f2431a4d8c87ed312ff990c25be04b2b31fe5b21563436d1f,69003c65835870b4fedcdea86282784b7a3736906e2fd630c76b2ccdfe7933dc,2548281,1962,32285,63343170,4277080,506745360,51332812,2349614,34455,15970,145313,1665,1264,0.3218381397710282,4.766393894900259,0.29674725783379646,4.394800190784367,True
NCBI56,Mus musculus,Spatial Transcriptomics,Spinal cord,Diseased,https://www.science.org/doi/10.1126/science.aav9776?url_ver=Z39.88-2003&rfr_id=ori:rid:crossref.org&rfr_dat=cr_pub%20%200pubmed,,,E:\Hestdata\st\NCBI56.h5ad,True,45310814,exposure_unresolved,False,True,main_v2/NCBI56,E:\count压缩\baseline\evidence\COUNT-HEST-SHARED-RESUME-001\main_v2\NCBI56\RESULT.json,45310814,efbe512eb011a74bc6894137078b082faa50a2f36ada8dd9e8f8455e46f58289,a4273784d01af56c4e5a408e369fb563b7376df9c9ff7099548f12770a3508e5,509130,306,16710,5113260,764047,40906080,9169792,422182,21240,1986,60800,1658,1264,0.7965642271271166,5.3308762419065845,0.6605288993714382,4.420481986055831,True
NCBI562,Homo sapiens,Visium,Kidney,Diseased,https://www.nature.com/articles/s41467-023-38975-8,,,E:\Hestdata\st\NCBI562.h5ad,True,64845759,exposure_unresolved,False,True,main_v2/NCBI562,E:\count压缩\baseline\evidence\COUNT-HEST-SHARED-RESUME-001\main_v2\NCBI562\RESULT.json,64845759,3469951c7d08a18b1d4727413db5f3908983a448847dc9dd0093672dac8c57dc,ba019fa008e8769be32432cdc90ff46b1133d5b9c9827784c78af73cb9f5acf0,4068733,2468,36601,90331268,7111125,722650144,85343376,3859303,44227,20324,141949,1666,1264,0.3603388363816613,4.577315684930303,0.3417911060431478,4.341707395102744,True
NCBI563,Homo sapiens,Visium,Kidney,Diseased,https://www.nature.com/articles/s41467-023-38975-8,,,E:\Hestdata\st\NCBI563.h5ad,True,35840655,exposure_unresolved,False,True,main_v2/NCBI563,E:\count压缩\baseline\evidence\COUNT-HEST-SHARED-RESUME-001\main_v2\NCBI563\RESULT.json,35840655,314a2497df4d9d4b902236b13a25a789b2a3b69e483b1df8518ddbea6be96f81,c71b0f93e8fc4b624b80fa746bf5231c5e835a3fb7413a90292f2069d5ce67f0,2169710,1376,36601,50362976,3510449,402903808,42130896,1984146,39848,10885,131903,1664,1264,0.3446515948541246,4.944575465987399,0.31517533832790184,4.52169166964112,True
NCBI565,Homo sapiens,Visium,Kidney,Diseased,https://www.nature.com/articles/s41467-023-38975-8,,,E:\Hestdata\st\NCBI565.h5ad,True,29223403,known_exposed,False,True,main_v2/NCBI565,E:\count压缩\baseline\evidence\COUNT-HEST-SHARED-RESUME-001\main_v2\NCBI565\RESULT.json,29223403,46a6e5be55eba05a5f69ae532c5e40d043f7fe02e8a1865d7b2e1438bb68afdf,bfd8b99b7a4d9abe9c37cac10a203fcadb3636b32a581b9c491a74a710ebd5be,1631214,1085,36601,39712085,2692704,317696680,32316792,1453836,37318,8332,128803,1661,1264,0.32860807988298774,4.84632250704125,0.2928752796535362,4.319334022603301,True
NCBI566,Homo sapiens,Visium,Kidney,Diseased,https://www.nature.com/articles/s41467-023-38975-8,,,E:\Hestdata\st\NCBI566.h5ad,True,27248075,exposure_unresolved,False,True,main_v2/NCBI566,E:\count压缩\baseline\evidence\COUNT-HEST-SHARED-RESUME-001\main_v2\NCBI566\RESULT.json,27248075,d338d2031dde30992a46a69882d12c943e727202b65e28602d8cbf08b492473a,4ebf1e79f39d4c675c1112233f8a1f66ed14a27a1a363da8ed39927448b6204c,1501177,939,36601,34368339,2448075,274946712,29380660,1326570,37758,7103,126822,1660,1264,0.34943254022255776,4.90565689368177,0.30878885360156627,4.3350632639931375,True
NCBI567,Homo sapiens,Visium,Kidney,Diseased,https://www.nature.com/articles/s41467-023-38975-8,,,E:\Hestdata\st\NCBI567.h5ad,True,33278739,exposure_unresolved,False,True,main_v2/NCBI567,E:\count压缩\baseline\evidence\COUNT-HEST-SHARED-RESUME-001\main_v2\NCBI567\RESULT.json,33278739,c033b7025b4e4a38e6ab06aef35171b59ca202022ffb291c017bc9ec3ecb6f87,670b23ce09bfa8213a716d6f70b724df756fc3d3a613a31ad241d53f68e9457b,1852386,817,36601,29903017,3203920,239224136,38450312,1677285,40457,6113,125605,1662,1264,0.4955716675678578,4.625299008714325,0.44872662848701855,4.1880820994282,True
NCBI568,Homo sapiens,Visium,Kidney,Healthy,https://www.nature.com/articles/s41467-023-38975-8,,,E:\Hestdata\st\NCBI568.h5ad,True,46647127,exposure_unresolved,False,True,main_v2/NCBI568,E:\count压缩\baseline\evidence\COUNT-HEST-SHARED-RESUME-001\main_v2\NCBI568\RESULT.json,46647127,b7db1f8d208c19f8b1374ea986cfd2c804d8aee0f21591c05e80553e4395f89c,51734234d450c4b6a0dd6b269c27a4c6c44f6f90276f57314df9434352dd9d76,2899980,2438,36601,89233238,4836404,713865904,58046604,2694099,40432,20223,142297,1665,1264,0.2599910136624203,4.796919364056436,0.2415332277867133,4.4563671686649835,True
NCBI569,Homo sapiens,Visium,Pancreas,Cancer,https://www.nature.com/articles/s41467-023-40314-w,,,E:\Hestdata\st\NCBI569.h5ad,True,142721163,exposure_unresolved,True,True,main_v2/NCBI569,E:\count压缩\baseline\evidence\COUNT-HEST-SHARED-RESUME-001\main_v2\NCBI569\RESULT.json,142721163,f231b6840c3af3e0878e5e7cafe0303f88b86b2311b1bb61ef93741b71665a9b,bf4c57d864daf733cdbfc6cb6077b8ef6a48cb467b24d9530b8990c78796cbfb,8784569,3493,20615,72008195,17063047,576065560,204770540,8575498,35418,30088,140634,1667,1264,0.9759521398918554,4.118640240515074,0.9527246725181766,4.020617419620306,True
NCBI57,Mus musculus,Spatial Transcriptomics,Spinal cord,Diseased,https://www.science.org/doi/10.1126/science.aav9776?url_ver=Z39.88-2003&rfr_id=ori:rid:crossref.org&rfr_dat=cr_pub%20%200pubmed,,,E:\Hestdata\st\NCBI57.h5ad,True,57826036,exposure_unresolved,False,True,main_v2/NCBI57,E:\count压缩\baseline\evidence\COUNT-HEST-SHARED-RESUME-001\main_v2\NCBI57\RESULT.json,57826036,cafe2571b357d7aa9ab769a008488457507659ac3303aacf148212d07e6bd7e9,151e1c4eac0a55faca88a4adeea601f469b0ad439058e5f32d294eb63534c566,614008,393,16980,6673140,962985,53385120,11557396,522919,21922,2613,63632,1658,1264,0.7360948518988063,5.1008728069492255,0.6268940858426468,4.344150739627304,True
NCBI570,Homo sapiens,Visium,Pancreas,Cancer,https://www.nature.com/articles/s41467-023-40314-w,,,E:\Hestdata\st\NCBI570.h5ad,True,108376226,exposure_unresolved,True,True,main_v2/NCBI570,E:\count压缩\baseline\evidence\COUNT-HEST-SHARED-RESUME-001\main_v2\NCBI570\RESULT.json,108376226,ec185f612cfd9c24d9f4308e90cdc271f750b28f3084b0dce32c3c6ac5adf984,9f4340d436f7e0f59d6933c0d85442d56423e8f71cce1b11ee9deb4bc52a3c73,6898086,3216,20615,66297840,12775776,530382720,153322180,6699018,34204,27438,134495,1667,1264,0.8323753534051788,4.319478362801602,0.8083542993255889,4.194824956229665,True
NCBI571,Homo sapiens,Visium,Pancreas,Cancer,https://www.nature.com/articles/s41467-023-40314-w,,,E:\Hestdata\st\NCBI571.h5ad,True,92868236,exposure_unresolved,True,True,main_v2/NCBI571,E:\count压缩\baseline\evidence\COUNT-HEST-SHARED-RESUME-001\main_v2\NCBI571\RESULT.json,92868236,86a3a9b1df1f6f73153d4b4c22f0f7bf95dd94e7049c518362d8002f48b8ad4f,2606553bfe71ae4b79ac4543904bd491062f44aceec86603e6cb5f6412b1efe3,5720162,2498,20615,51496270,10846510,411970160,130168116,5543141,33999,20727,119364,1667,1264,0.8886332155707588,4.218988043158583,0.8611328160272579,4.088423649634767,True
NCBI572,Homo sapiens,Visium,Pancreas,Cancer,https://www.nature.com/articles/s41467-023-40314-w,,,E:\Hestdata\st\NCBI572.h5ad,True,113113252,exposure_unresolved,True,True,main_v2/NCBI572,E:\count压缩\baseline\evidence\COUNT-HEST-SHARED-RESUME-001\main_v2\NCBI572\RESULT.json,113113252,475429d340529052fad715833b6b2affa126f1e88ac7d73e9a85109869ef56b6,830b923203491c136c30e8ba81c58379fcddadeb175ca837debbcaa5ace3b73d,7363720,3794,20615,78213310,13358066,625706480,160311972,7146482,34144,32904,147259,1667,1264,0.7531935421221785,4.410051574831266,0.730973487760587,4.2799501065498555,True
NCBI573,Homo sapiens,Visium,Uterus,Diseased,https://pubmed.ncbi.nlm.nih.gov/37423216/,,,E:\Hestdata\st\NCBI573.h5ad,True,48432015,exposure_unresolved,False,True,main_v2/NCBI573,E:\count压缩\baseline\evidence\COUNT-HEST-SHARED-RESUME-001\main_v2\NCBI573\RESULT.json,48432015,ac93c2aaf9d7b3821b79c716429c93e42d97f1ce7b0aa454e79ebe6b9eed69bc,10291abc9248927f2e0400bba2943eca9f141fcb6bf48abd5d9638327d5d1034,2845906,1547,36612,56638764,4930906,453110112,59177064,2635587,41770,12293,153326,1666,1264,0.4019728961599515,4.617254516715589,0.37226617445253574,4.276028786596216,True
NCBI574,Homo sapiens,Visium,Uterus,Diseased,https://pubmed.ncbi.nlm.nih.gov/37423216/,,,E:\Hestdata\st\NCBI574.h5ad,True,52873821,exposure_unresolved,False,True,main_v2/NCBI574,E:\count压缩\baseline\evidence\COUNT-HEST-SHARED-RESUME-001\main_v2\NCBI574\RESULT.json,52873821,0f1611f9be81235e863a5a776fcc3474df724836abf1893f11512316f4cc7ba0,eaa9f8e21fe6abb65be9e6ff849a52341679d2edc5d020992e0aa62b9dfa03f8,3070803,1505,36612,55101060,5482207,440808480,65792508,2861407,42413,11894,152159,1666,1264,0.4458430382283027,4.481119374003937,0.4154413000403259,4.175554844973931,True
NCBI575,Homo sapiens,Visium,Uterus,Healthy,https://pubmed.ncbi.nlm.nih.gov/37423216/,,,E:\Hestdata\st\NCBI575.h5ad,True,35607971,exposure_unresolved,False,True,main_v2/NCBI575,E:\count压缩\baseline\evidence\COUNT-HEST-SHARED-RESUME-001\main_v2\NCBI575\RESULT.json,35607971,e5c64eed62920963d824bf9861752b8a41a434fd71db33e813ecfb2eea8ae77c,be06c06be568f23c0e425485c406b5ba379719378c2e845c217f5c13c92bc94c,1999225,967,36612,35403804,3339579,283230432,40078820,1808340,40330,7374,140254,1663,1264,0.4517537155046955,4.789166538656519,0.4086204973906194,4.331899320243659,True
NCBI576,Homo sapiens,Visium,Uterus,Healthy,https://pubmed.ncbi.nlm.nih.gov/37423216/,,,E:\Hestdata\st\NCBI576.h5ad,True,21873154,exposure_unresolved,False,True,main_v2/NCBI576,E:\count压缩\baseline\evidence\COUNT-HEST-SHARED-RESUME-001\main_v2\NCBI576\RESULT.json,21873154,3f1e4b01b6bb9a5e3368f3af0d7dbfec7fe34f30380b456b9ac74f8e0fa733d7,5317cdf0a87d904fd7c87cc1e5702782eb1f48271998cd5aac6c772ed0f0be25,1092967,470,36612,17207640,1645834,137661120,19751892,920142,37491,3463,128947,1660,1264,0.5081310394685151,5.312647569560478,0.42778300801271996,4.472587150344445,True
NCBI58,Mus musculus,Spatial Transcriptomics,Spinal cord,Diseased,https://www.science.org/doi/10.1126/science.aav9776?url_ver=Z39.88-2003&rfr_id=ori:rid:crossref.org&rfr_dat=cr_pub%20%200pubmed,,,E:\Hestdata\st\NCBI58.h5ad,True,33385151,exposure_unresolved,False,True,main_v2/NCBI58,E:\count压缩\baseline\evidence\COUNT-HEST-SHARED-RESUME-001\main_v2\NCBI58\RESULT.json,33385151,1ff7a201f47b6a33752d97b50fcd1a507bab1dacb07ce3caddda647472f84e6b,8f672a33d39b70e0174ed5e3042fdb0437faf737745930d0675970dc31d6173e,216579,242,15047,3641374,228301,29130992,2740584,143642,14817,1525,53676,1655,1264,0.4758181939015328,7.589244024336293,0.3155775814294275,5.033425171155623,True
NCBI591,Homo sapiens,Visium,Eye,Diseased,https://www.ncbi.nlm.nih.gov/pmc/articles/PMC10312719/,,CC BY-NC-ND 4.0 DEED,E:\Hestdata\st\NCBI591.h5ad,True,28338246,exposure_unresolved,False,True,main_v2/NCBI591,E:\count压缩\baseline\evidence\COUNT-HEST-SHARED-RESUME-001\main_v2\NCBI591\RESULT.json,28338246,cf207d36b99e22ed8babb22acdc2b53bfb168737ea18e9067e0bc4acb55fece4,48e4a5eb91a0f923ed998465b3d85e65d8bf516a74e1a7186b1b65473f98f492,1285720,663,36601,24266463,1807718,194131704,21695272,1106342,40733,4904,130816,1661,1264,0.42386729372138,5.689914024200677,0.3647311930049303,4.896082242916207,True
NCBI592,Homo sapiens,Visium,Eye,Diseased,https://www.ncbi.nlm.nih.gov/pmc/articles/PMC10312719/,,CC BY-NC-ND 4.0 DEED,E:\Hestdata\st\NCBI592.h5ad,True,25490872,exposure_unresolved,False,True,main_v2/NCBI592,E:\count压缩\baseline\evidence\COUNT-HEST-SHARED-RESUME-001\main_v2\NCBI592\RESULT.json,25490872,5ac7648e3a5a361acafa8bc5f5c0db13c8c7122306f9e7324acfac26bc53830e,14180fedee0125e50ce8b7f6e651eebdd08498fa22b453e9a43bb521b368cb16,1179582,721,36601,26389321,1579630,211114568,18958448,996476,39558,5349,135275,1660,1264,0.3575937402860801,5.973966055342074,0.30208461975963685,5.046629907003539,True
NCBI593,Homo sapiens,Visium,Eye,Diseased,https://www.ncbi.nlm.nih.gov/pmc/articles/PMC10312719/,,CC BY-NC-ND 4.0 DEED,E:\Hestdata\st\NCBI593.h5ad,True,23872507,exposure_unresolved,False,True,main_v2/NCBI593,E:\count压缩\baseline\evidence\COUNT-HEST-SHARED-RESUME-001\main_v2\NCBI593\RESULT.json,23872507,f1c353328b57f54e730a962d53af143abc57acf84a0991f3ddf11f9bb2e341bb,d41d917acee3d1219263104e79b12af438cd7fc04cc914f905859d3920494713,1087188,724,36601,26499124,1434375,211992992,17215400,908074,38626,5416,132148,1660,1264,0.32821854790369676,6.063619346405229,0.2741446094595429,5.064639302832244,True
NCBI595,Homo sapiens,Visium,Eye,Healthy,https://www.ncbi.nlm.nih.gov/pmc/articles/PMC10312719/,,CC BY-NC-ND 4.0 DEED,E:\Hestdata\st\NCBI595.h5ad,True,35429014,exposure_unresolved,False,True,main_v2/NCBI595,E:\count压缩\baseline\evidence\COUNT-HEST-SHARED-RESUME-001\main_v2\NCBI595\RESULT.json,35429014,65c750c9a0596725c572c1b3f8e01c645d153fcd63146082ecc2b9322414d5fd,312a1b917c20133546447c0443e0946fa14d6716b3c5fb80d119ecb33669f619,1666505,1303,36601,47691103,2398614,381528824,28788584,1469401,40941,10186,143050,1663,1264,0.2795498355322166,5.558226542494958,0.2464863939087339,4.900833564716957,True
NCBI596,Mus musculus,Visium,Kidney,Diseased,,,,E:\Hestdata\st\NCBI596.h5ad,True,92033515,exposure_unresolved,False,True,main_v2/NCBI596,E:\count压缩\baseline\evidence\COUNT-HEST-SHARED-RESUME-001\main_v2\NCBI596\RESULT.json,92033515,bdcede19ac5d18222bdceaa7903860de16b7697ec4e8d0699b2fcad05e340c62,520c4c25304fb058335e273010e6ce245ec08c133bd3ad24ade610a017cdec9c,5300518,1888,31053,58628064,10584713,469024512,127024112,5128738,39521,15192,114136,1667,1264,0.7232738232666185,4.006168518692949,0.6998338543125012,3.876335995128068,True
NCBI598,Mus musculus,Visium,Kidney,Healthy,,,,E:\Hestdata\st\NCBI598.h5ad,True,89355503,exposure_unresolved,False,True,main_v2/NCBI598,E:\count压缩\baseline\evidence\COUNT-HEST-SHARED-RESUME-001\main_v2\NCBI598\RESULT.json,89355503,138473d6e6c23a23671006b17357b4d0c2be8935e6aa7a071b28134cef27eb19,8787d7f03cd8bcb087324e7a1d9cc53edf60308d1e12954d9731e37967d89e4b,5170392,1835,31053,56982255,10250406,455858040,123012216,4999617,39660,14669,113515,1667,1264,0.7258950352175427,4.0352680664551235,0.7019191500933054,3.9019855408654056,True
NCBI6,Mus musculus,Spatial Transcriptomics,Spinal cord,Diseased,https://www.science.org/doi/10.1126/science.aav9776?url_ver=Z39.88-2003&rfr_id=ori:rid:crossref.org&rfr_dat=cr_pub%20%200pubmed,,,E:\Hestdata\st\NCBI6.h5ad,True,32525724,known_exposed,False,True,main_v2/NCBI6,E:\count压缩\baseline\evidence\COUNT-HEST-SHARED-RESUME-001\main_v2\NCBI6\RESULT.json,32525724,1810f05ad0ccb38cae4a19c293de269d8417a156b7180bf0667db6cd0dfd0e8d,e8edbb7d3e63712249c3748b3a6974529a50aa7897ad62c4667c3e67b793dee1,411377,216,16308,3522528,645643,28180224,7748584,329648,20251,1347,57209,1658,1264,0.9342767467000972,5.0972689241577775,0.7486623243307079,4.08458544427803,True
NCBI60,Mus musculus,Spatial Transcriptomics,Spinal cord,Diseased,https://www.science.org/doi/10.1126/science.aav9776?url_ver=Z39.88-2003&rfr_id=ori:rid:crossref.org&rfr_dat=cr_pub%20%200pubmed,,,E:\Hestdata\st\NCBI60.h5ad,True,36982126,exposure_unresolved,False,True,main_v2/NCBI60,E:\count压缩\baseline\evidence\COUNT-HEST-SHARED-RESUME-001\main_v2\NCBI60\RESULT.json,36982126,882393ace58dbe51050b63158d90ed7fcbb4256ecca4c18f9d347bef5570cc5a,f2d821a28d9f6fc7843f8aba7a1b22149fa35ac14f96b3ff500a5e49a43e3363,273869,258,15830,4084140,335087,32673120,4022080,196280,16655,1574,56441,1655,1264,0.5364536964942436,6.5384571767928925,0.3844726184704736,4.686066603598468,True
NCBI600,Homo sapiens,Visium,Bladder,Cancer,,Patient 4,,E:\Hestdata\st\NCBI600.h5ad,True,21114466,exposure_unresolved,False,True,main_v2/NCBI600,E:\count压缩\baseline\evidence\COUNT-HEST-SHARED-RESUME-001\main_v2\NCBI600\RESULT.json,21114466,758d0a0032bc106b1ffe24fe309f1244d07d724abf86da149a872c8283e2a908,937b1442122559fe0fa8d5bac946dc729662d25c032759dcb6ee17d32a9272da,1126364,832,33538,27903616,1728022,223228928,20739596,956718,33326,6329,127067,1660,1264,0.3229299027050831,5.214581758797053,0.2742921920943866,4.429193609803579,True
NCBI601,Homo sapiens,Visium,Bladder,Cancer,,Patient 3,,E:\Hestdata\st\NCBI601.h5ad,True,42196963,exposure_unresolved,False,True,main_v2/NCBI601,E:\count压缩\baseline\evidence\COUNT-HEST-SHARED-RESUME-001\main_v2\NCBI601\RESULT.json,42196963,c8cd08bbfefb77d130a7a31d3dd60d674e5d99a0be154f21e605dc3e1c305de5,db724402d5678893c86cf2b2d67a1374ba65b9a03cfcadc5b47635fb67a88755,2467397,1469,33538,49267322,4355142,394138576,52267584,2279863,39127,11593,133885,1665,1264,0.4006545352718786,4.5323840187070825,0.3702028699672371,4.187901106324432,True
NCBI602,Homo sapiens,Visium,Bladder,Cancer,,Patient 2,,E:\Hestdata\st\NCBI602.h5ad,True,39183631,exposure_unresolved,False,True,main_v2/NCBI602,E:\count压缩\baseline\evidence\COUNT-HEST-SHARED-RESUME-001\main_v2\NCBI602\RESULT.json,39183631,d01d9a72a7e82d9049b8b9363763bca45cf758ec42f3a633d8e023fb9b372ab1,375f609d0ea29890abff0cfb3e74f555bd7e01979ee74a00d54af99b27462e91,2146200,1017,33538,34108146,3988161,272865168,47862004,1975705,39816,7765,119986,1664,1264,0.5033870794384426,4.305142144462072,0.46339780532193103,3.9631399033288774,True
NCBI603,Homo sapiens,Visium,Bladder,Cancer,,Patient 1,,E:\Hestdata\st\NCBI603.h5ad,True,27097650,exposure_unresolved,False,True,main_v2/NCBI603,E:\count压缩\baseline\evidence\COUNT-HEST-SHARED-RESUME-001\main_v2\NCBI603\RESULT.json,27097650,34cdd7d7fb2ce1a020a32426056d9d348cc97dc4e21797822c6ee15ce2f511fd,c81077644ab03f0942241f7d88df66205d732f6e332f10dc1d59f3b8874f8ae3,1458848,768,33538,25757184,2485960,206057472,29834596,1290311,37616,5740,122257,1660,1264,0.4531079173872423,4.694678916796731,0.4007615118174409,4.152314598786787,True
NCBI61,Mus musculus,Spatial Transcriptomics,Spinal cord,Diseased,https://www.science.org/doi/10.1126/science.aav9776?url_ver=Z39.88-2003&rfr_id=ori:rid:crossref.org&rfr_dat=cr_pub%20%200pubmed,,,E:\Hestdata\st\NCBI61.h5ad,True,41518985,exposure_unresolved,False,True,main_v2/NCBI61,E:\count压缩\baseline\evidence\COUNT-HEST-SHARED-RESUME-001\main_v2\NCBI61\RESULT.json,41518985,252b1c6cc9e193c7895b78588ef52ec816c06c74a43c16197e1bf8d8aaf63c0c,6834e5a9c89d5ff30bebddaa26c558df3ceee30dc3afbe87a30815e8a91580a7,288424,303,15361,4654383,348614,37235064,4184584,211741,15916,1911,55937,1655,1264,0.495746052699144,6.618758856500313,0.36394254619785266,4.859036068545727,True
NCBI618,Mus musculus,Visium,Liver,Cancer,https://www.nature.com/articles/s41467-023-39717-6,,,E:\Hestdata\st\NCBI618.h5ad,True,141503798,known_exposed,False,True,main_v2/NCBI618,E:\count压缩\baseline\evidence\COUNT-HEST-SHARED-RESUME-001\main_v2\NCBI618\RESULT.json,141503798,6617d7af3f47fed5c8a3bdeac107db4498616bc3c904d5e5108ce50cbf585588,7dea21df1715819bc04b979d9cb2d939afdc033e3b371ce7864257150fe92a2b,8715277,4992,31053,155016576,16679225,1240132608,200170672,8486066,38167,44547,143566,1667,1264,0.44977264882950324,4.180183191964854,0.43794366868224466,4.0702447505804376,True
NCBI619,Mus musculus,Visium,Liver,Cancer,https://www.nature.com/articles/s41467-023-39717-6,,,E:\Hestdata\st\NCBI619.h5ad,True,120946122,exposure_unresolved,False,True,main_v2/NCBI619,E:\count压缩\baseline\evidence\COUNT-HEST-SHARED-RESUME-001\main_v2\NCBI619\RESULT.json,120946122,ea3c8e3b6ac4f8a8ad43e3779382c35fbd7128bb0b3d82162b9dc626ad002560,aaa039d77e4a23f8e4d9581cdbec2590bf545f9d11a7bdc03986dc2f54121d29,7672336,4991,31053,154985523,14111719,1239884184,169360596,7444192,36836,44570,143807,1667,1264,0.39602852454806375,4.349483432882982,0.38425225045051464,4.220147524196024,True
NCBI62,Mus musculus,Spatial Transcriptomics,Spinal cord,Diseased,https://www.science.org/doi/10.1126/science.aav9776?url_ver=Z39.88-2003&rfr_id=ori:rid:crossref.org&rfr_dat=cr_pub%20%200pubmed,,,E:\Hestdata\st\NCBI62.h5ad,True,32349840,exposure_unresolved,False,True,main_v2/NCBI62,E:\count压缩\baseline\evidence\COUNT-HEST-SHARED-RESUME-001\main_v2\NCBI62\RESULT.json,32349840,03d6d2c9e63e38aec780f2ae0092e7692fff901d6c423ffe0ea6edfdea9653d1,f9d0e8c7c1ea273a6451267c837e444835fa5162ce9d604a1a60bc812efd9abb,202926,243,14488,3520584,209535,28164672,2515396,133136,13611,1500,51760,1655,1264,0.46111895071953973,7.747669840360799,0.30253162543487105,5.083103061541031,True
NCBI622,Mus musculus,Visium,Liver,Cancer,https://www.nature.com/articles/s41467-023-39717-6,,,E:\Hestdata\st\NCBI622.h5ad,True,140831358,exposure_unresolved,False,True,main_v2/NCBI622,E:\count压缩\baseline\evidence\COUNT-HEST-SHARED-RESUME-001\main_v2\NCBI622\RESULT.json,140831358,c1464e647eee0cead96855d42796a9d8cbfa1e371bbb305264186d0e3c0e937c,8d1c9486e4b2149323ff027c5b1ae8c19b88c246c6f5da84364193a7a80102af,8626561,4992,31053,155016576,16607952,1240132608,199315396,8397477,38115,44477,143561,1667,1264,0.44519424812995484,4.155388214031447,0.43337182212049374,4.045039147511987,True
NCBI623,Mus musculus,Visium,Liver,Cancer,https://www.nature.com/articles/s41467-023-39717-6,,,E:\Hestdata\st\NCBI623.h5ad,True,171473134,exposure_unresolved,False,True,main_v2/NCBI623,E:\count压缩\baseline\evidence\COUNT-HEST-SHARED-RESUME-001\main_v2\NCBI623\RESULT.json,171473134,309922e82dfc04ee4ad08854b511dac04176d28049c7f1de53160d330d0c7ba1,bc77b5dab06deddab5014ee36f995f3d20ca2225801237e83891134195758325,10480084,4992,31053,155016576,20425318,1240132608,245123788,10248360,40472,44426,143893,1669,1264,0.5408497217742702,4.104742555293386,0.5288910522704359,4.01398303810986,True
NCBI624,Mus musculus,Visium,Liver,Cancer,https://www.nature.com/articles/s41467-023-39717-6,,,E:\Hestdata\st\NCBI624.h5ad,True,156159414,exposure_unresolved,False,True,main_v2/NCBI624,E:\count压缩\baseline\evidence\COUNT-HEST-SHARED-RESUME-001\main_v2\NCBI624\RESULT.json,156159414,edc1320606eba3f73e07fce7f6aef6d9c960613a0d610b658a2b3a9b9a22dfa2,dbe238129764e858d5dd4c433f189d978154739a0e2a080e5a18bd20b1c0c467,9638533,4992,31053,155016576,18527904,1240132608,222354820,9349147,39336,44563,202555,1668,1264,0.49741947596623476,4.16173702108992,0.4824850214728004,4.036785596471139,True
NCBI625,Mus musculus,Visium,Liver,Cancer,https://www.nature.com/articles/s41467-023-39717-6,,,E:\Hestdata\st\NCBI625.h5ad,True,185498662,known_exposed,False,True,main_v2/NCBI625,E:\count压缩\baseline\evidence\COUNT-HEST-SHARED-RESUME-001\main_v2\NCBI625\RESULT.json,185498662,d0730b7e03ac34eda954ebacee8b16ec742efd8532c0a23ee9dfd90c033203d1,62a7dafb2d0c10993077a8faeb21a9bd8275b2705b30bce9848001248bdb80a8,11237466,4992,31053,155016576,22182827,1240132608,266213896,10945173,40156,44586,204618,1669,1264,0.5799362256588612,4.052672276621911,0.5648517484994637,3.9472599231829197,True
NCBI626,Mus musculus,Visium,Liver,Cancer,https://www.nature.com/articles/s41467-023-39717-6,,,E:\Hestdata\st\NCBI626.h5ad,True,170454454,exposure_unresolved,False,True,main_v2/NCBI626,E:\count压缩\baseline\evidence\COUNT-HEST-SHARED-RESUME-001\main_v2\NCBI626\RESULT.json,170454454,c5f135ec6dfdf4e2a1aa72871dc90abbc874cb7ba633af7d8f184ebb64d76d82,0edfb88be76c7529f0cf5de49e1403327084bf6af28899c1d4cf241d53802481,10457249,4992,31053,155016576,20314760,1240132608,243797092,10162670,39882,44678,207087,1668,1264,0.5396712671553267,4.118089113531245,0.5244688155155743,4.0020832143722105,True
NCBI627,Mus musculus,Visium,Liver,Cancer,https://www.nature.com/articles/s41467-023-39717-6,,,E:\Hestdata\st\NCBI627.h5ad,True,158809126,exposure_unresolved,False,True,main_v2/NCBI627,E:\count压缩\baseline\evidence\COUNT-HEST-SHARED-RESUME-001\main_v2\NCBI627\RESULT.json,158809126,669465980b6a990d89c5ce1acf52c30ff5dee9e24953552a79fb6d1de3ec7486,83714b48a0a6f347fde2d1eabcb87b6e9cd71375178496db010884af2efad654,9759982,4992,31053,155016576,18846232,1240132608,226174756,9467140,39189,44576,206145,1668,1264,0.5036871411738574,4.142995586597894,0.4885743315605165,4.018687661278923,True
NCBI628,Homo sapiens,Visium,Brain,Cancer,https://academic.oup.com/neuro-oncology/article/24/Supplement_1/i45/6600572,Patient 928,,E:\Hestdata\st\NCBI628.h5ad,True,48324589,exposure_unresolved,False,True,main_v2/NCBI628,E:\count压缩\baseline\evidence\COUNT-HEST-SHARED-RESUME-001\main_v2\NCBI628\RESULT.json,48324589,91a11ed09107d9ba702966edb3e72133650133a8cc8eac5549b235fd24c0ceb5,f39ae9e802abf5518bbe476d23d12234057e3cc31612169a1e7a65581c49b1c0,2835439,1262,36601,46190462,5056809,369523696,60686760,2632246,43679,9791,146794,1665,1264,0.4910864931379123,4.485736360617931,0.4558942926355662,4.164279884804825,True
NCBI629,Homo sapiens,Visium,Brain,Cancer,https://academic.oup.com/neuro-oncology/article/24/Supplement_1/i45/6600572,Patient 1513,,E:\Hestdata\st\NCBI629.h5ad,True,108866655,exposure_unresolved,False,True,main_v2/NCBI629,E:\count压缩\baseline\evidence\COUNT-HEST-SHARED-RESUME-001\main_v2\NCBI629\RESULT.json,108866655,bb692ffc9f583ce689e6276a7ee2b879ff8263c146aa913718cf2ddced3af60e,62fd9de064f14e8f1478d7e711b8554d0e9ff397f3b3b4b44d16a39f1c4a0c6d,6801748,3620,36601,132495620,12566538,1059964960,150812940,6521177,47537,31178,198925,1667,1264,0.4106851532148761,4.330069586388869,0.3937444573639491,4.151454919405806,True
NCBI63,Mus musculus,Spatial Transcriptomics,Spinal cord,Diseased,https://www.science.org/doi/10.1126/science.aav9776?url_ver=Z39.88-2003&rfr_id=ori:rid:crossref.org&rfr_dat=cr_pub%20%200pubmed,,,E:\Hestdata\st\NCBI63.h5ad,True,41553831,exposure_unresolved,False,True,main_v2/NCBI63,E:\count压缩\baseline\evidence\COUNT-HEST-SHARED-RESUME-001\main_v2\NCBI63\RESULT.json,41553831,a00784c80521d2b125b3c4dbe0816659e46eb5463a90961a9028926ece7f67a5,f291588dc7f32cef49912a9a96974c4013cfad62cbb3bed1787aa9f710dcb24a,294139,303,15375,4658625,357306,37269000,4288888,217443,16133,1957,55687,1655,1264,0.5051086962354772,6.585705249841872,0.3734028817515898,4.868499269533677,True
NCBI630,Homo sapiens,Visium,Brain,Cancer,https://academic.oup.com/neuro-oncology/article/24/Supplement_1/i45/6600572,Patient 1239,,E:\Hestdata\st\NCBI630.h5ad,True,85202428,exposure_unresolved,False,True,main_v2/NCBI630,E:\count压缩\baseline\evidence\COUNT-HEST-SHARED-RESUME-001\main_v2\NCBI630\RESULT.json,85202428,3458976be455e2def1d495e5b1248c9822a4c1b063f875ee771640c8f6350658,67619020253b8ff9560bb29d1f435a63e1f5d0859fcedeb2e9151cc7f5e0066f,5515240,2961,36601,108375561,9623665,867004488,115495828,5269919,47420,25092,169879,1666,1264,0.40712056844623856,4.584731492627808,0.38901161489719993,4.38080003823907,True
NCBI631,Homo sapiens,Visium,Brain,Cancer,https://academic.oup.com/neuro-oncology/article/24/Supplement_1/i45/6600572,Patient 928,,E:\Hestdata\st\NCBI631.h5ad,True,62159318,exposure_unresolved,False,True,main_v2/NCBI631,E:\count压缩\baseline\evidence\COUNT-HEST-SHARED-RESUME-001\main_v2\NCBI631\RESULT.json,62159318,6217c1a79871231e50c2b3e5c36873970d9e0341419effa5a3fae708e88a4d0f,3452732eb8b97b01865a54ffc92a397f88269813be4651210b9ffbab1791140f,3827583,2051,36601,75068651,6767940,600549208,81223488,3599326,44584,16708,164035,1666,1264,0.4079021481283845,4.524369896896249,0.38357700073763146,4.254560176360902,True
NCBI632,Homo sapiens,Visium,Brain,Cancer,https://academic.oup.com/neuro-oncology/article/24/Supplement_1/i45/6600572,Patient 1269,,E:\Hestdata\st\NCBI632.h5ad,True,70803802,exposure_unresolved,False,True,main_v2/NCBI632,E:\count压缩\baseline\evidence\COUNT-HEST-SHARED-RESUME-001\main_v2\NCBI632\RESULT.json,70803802,b5bbd22a86853c27fc66dc848936c8f197523c8b600088ca23e452935230a7e4,2145e8a6f2162007ec8c61a0ee5495ef9a2cfb7f9d3128a6763f1eedcbd7cbb6,4410174,2743,36601,100396543,7834375,803172344,94023476,4172542,44936,23072,166694,1666,1264,0.35142038705456224,4.503408631830873,0.33248491434610455,4.260752899880335,True
NCBI633,Homo sapiens,Visium,Brain,Cancer,https://academic.oup.com/neuro-oncology/article/24/Supplement_1/i45/6600572,Patient 1101,,E:\Hestdata\st\NCBI633.h5ad,True,78669404,exposure_unresolved,False,True,main_v2/NCBI633,E:\count压缩\baseline\evidence\COUNT-HEST-SHARED-RESUME-001\main_v2\NCBI633\RESULT.json,78669404,2d784fffe151764ba69c2046a60dcd85fb3d9dfcc2e386c7bfe4bca1de3e2f10,5bf83d735b902be5d0adcef9cb82b23aecc5fd51aedaf302358b32ddef0afbc8,4958319,3153,36601,115402953,8806933,923223624,105695812,4694624,44699,26818,189248,1666,1264,0.3437221576123793,4.504014280567366,0.3254422094380895,4.264480267988867,True
NCBI634,Homo sapiens,Visium,Brain,Cancer,https://academic.oup.com/neuro-oncology/article/24/Supplement_1/i45/6600572,Patient 848,,E:\Hestdata\st\NCBI634.h5ad,True,75251009,exposure_unresolved,False,True,main_v2/NCBI634,E:\count压缩\baseline\evidence\COUNT-HEST-SHARED-RESUME-001\main_v2\NCBI634\RESULT.json,75251009,6eb582ed3c956a782beef34adb5d9559e0aa4a6cda551cb3331523d4cf0cd2c6,c7ddbc987ea83ec46b1cbf0fec9ee7a198c430d702f311b7a810aacce123737e,4419711,1842,36601,67419042,8408912,539352336,100914316,4204195,46478,14845,151263,1666,1264,0.5244466096091962,4.2047874921274,0.4988733005135255,3.999751692014377,True
NCBI635,Homo sapiens,Visium,Brain,Cancer,https://academic.oup.com/neuro-oncology/article/24/Supplement_1/i45/6600572,Patient 821,,E:\Hestdata\st\NCBI635.h5ad,True,90798150,exposure_unresolved,False,True,main_v2/NCBI635,E:\count压缩\baseline\evidence\COUNT-HEST-SHARED-RESUME-001\main_v2\NCBI635\RESULT.json,90798150,c0141effe4e84734c92d106981f9fd41c01c823ee94c8f38d5939875310671e4,70dfa48a00f3552797fbef9ae3f05f32e923dd888d9392d6a0416d3a28d9f5ef,5793235,3027,36601,110791227,10322276,886329816,123879424,5531084,47577,25626,186017,1667,1264,0.4183172373386568,4.48988963286779,0.3993878684997324,4.286716611724003,True
NCBI637,Homo sapiens,Visium,Brain,Cancer,https://academic.oup.com/neuro-oncology/article/24/Supplement_1/i45/6600572,Patient 459,,E:\Hestdata\st\NCBI637.h5ad,True,86928276,known_exposed,False,True,main_v2/NCBI637,E:\count压缩\baseline\evidence\COUNT-HEST-SHARED-RESUME-001\main_v2\NCBI637\RESULT.json,86928276,b3f5b2e3bbb9e80b80eb9f8f08b1ce9b1dbec0fb2450ba4b963775e72c3cd6b9,0f9197b8139d0036de04368c74d750187171381fc230b99869594c0a25c13a81,5338882,2705,36601,99005705,9844723,792045640,118147500,5102418,46879,22705,163950,1666,1264,0.4313999481141011,4.338472093120345,0.4122928471647164,4.146317169106739,True
NCBI638,Homo sapiens,Visium,Brain,Cancer,https://academic.oup.com/neuro-oncology/article/24/Supplement_1/i45/6600572,Patient 812,,E:\Hestdata\st\NCBI638.h5ad,True,85202211,known_exposed,False,True,main_v2/NCBI638,E:\count压缩\baseline\evidence\COUNT-HEST-SHARED-RESUME-001\main_v2\NCBI638\RESULT.json,85202211,3f0fe0dc0870112a1d8430ec948cf0207d4461e2b49d80cc3dc73423b3bc49fd,953cbb238e7fcfc70e6b8c34a05ece6d089c7e6ff1d95f05369d00d0856922cf,5389015,3060,36601,111999060,9622105,895992480,115477504,5142580,46875,25959,170671,1666,1264,0.3849328735437601,4.480528948707169,0.36733022580725233,4.27563823092764,True
NCBI639,Homo sapiens,Visium,Brain,Cancer,https://academic.oup.com/neuro-oncology/article/24/Supplement_1/i45/6600572,Patient 727,,E:\Hestdata\st\NCBI639.h5ad,True,55303398,exposure_unresolved,False,True,main_v2/NCBI639,E:\count压缩\baseline\evidence\COUNT-HEST-SHARED-RESUME-001\main_v2\NCBI639\RESULT.json,55303398,a85089a933f443aeafa01b1f0397175aa2f729dc46e7427fe0e219dc5d1d1a62,0c8096531ef34f51255010cee59be292e146af8035c743065dd0976b162cbf35,3080680,979,36601,35832379,5934878,286659032,71222456,2889344,44732,7449,136227,1664,1264,0.6877980387514878,4.152644755292358,0.6450800266429422,3.894730776268695,True
NCBI64,Mus musculus,Spatial Transcriptomics,Spinal cord,Diseased,https://www.science.org/doi/10.1126/science.aav9776?url_ver=Z39.88-2003&rfr_id=ori:rid:crossref.org&rfr_dat=cr_pub%20%200pubmed,,,E:\Hestdata\st\NCBI64.h5ad,True,35787771,exposure_unresolved,False,True,main_v2/NCBI64,E:\count压缩\baseline\evidence\COUNT-HEST-SHARED-RESUME-001\main_v2\NCBI64\RESULT.json,35787771,2cb8cebe917232e7176639c690176db6004c65d7034600d298bbe6dd46390ee2,517fbd3fddeb98f37606976e08c997e3e7338bf2195d6667990a2017b11d11af,223004,260,15155,3940300,238258,31522400,2860140,149641,14603,1610,54231,1655,1264,0.452765525467604,7.487815729167541,0.3038164606755831,5.024502849851841,True
NCBI640,Homo sapiens,Visium,Brain,Cancer,https://academic.oup.com/neuro-oncology/article/24/Supplement_1/i45/6600572,Patient 723,,E:\Hestdata\st\NCBI640.h5ad,True,68113858,exposure_unresolved,False,True,main_v2/NCBI640,E:\count压缩\baseline\evidence\COUNT-HEST-SHARED-RESUME-001\main_v2\NCBI640\RESULT.json,68113858,72a82a2865ff2ea693a56fb792ab3839625ef80e97093c627cc2fc0c620bce41,65e5de8f88c3a17d61cef56199123677103c4a94a6cba1440f102067778d8d6a,4074741,1959,36601,71701359,7513527,573610872,90170164,3848968,45092,15942,161809,1666,1264,0.454634730145073,4.338565363510373,0.4294443568356912,4.098174399320053,True
NCBI641,Homo sapiens,Visium,Brain,Cancer,https://academic.oup.com/neuro-oncology/article/24/Supplement_1/i45/6600572,Patient 459,,E:\Hestdata\st\NCBI641.h5ad,True,90961899,exposure_unresolved,False,True,main_v2/NCBI641,E:\count压缩\baseline\evidence\COUNT-HEST-SHARED-RESUME-001\main_v2\NCBI641\RESULT.json,90961899,44e2943879186d3334b36978cae28b95b82db8c68338681a4cf06146e0b53ad2,0f9a98269aea608fbca17f205bb8ac4b663c3918bb44fd953c9488a382f2afce,5392966,2236,36601,81839836,10358437,654718688,124310192,5168190,47332,18403,156110,1667,1264,0.5271727084106083,4.1650808900995395,0.505200425865956,3.991482498759224,True
NCBI642,Homo sapiens,Visium,Liver,Cancer,https://www.biorxiv.org/content/10.1101/2022.11.09.515839v1.full,Patient b,,E:\Hestdata\st\NCBI642.h5ad,True,86401606,exposure_unresolved,True,True,main_v2/NCBI642,E:\count压缩\baseline\evidence\COUNT-HEST-SHARED-RESUME-001\main_v2\NCBI642\RESULT.json,86401606,9fc108d3ce8c32e2a3b312574f1241340a4a4b8c3449be73de73e0daf0c35608,e9a79ad9b7a6bc5f6f31cc46f447525e9155d022235e871210d9ac709594e34b,5108630,1987,36601,72726187,9792037,581809496,117512396,4892933,46158,16104,150505,1666,1264,0.5619576893258545,4.173701549534586,0.5382306651110418,3.9974791761918382,True
NCBI643,Homo sapiens,Visium,Liver,Cancer,https://www.biorxiv.org/content/10.1101/2022.11.09.515839v1.full,Patient a,,E:\Hestdata\st\NCBI643.h5ad,True,109592560,exposure_unresolved,True,True,main_v2/NCBI643,E:\count压缩\baseline\evidence\COUNT-HEST-SHARED-RESUME-001\main_v2\NCBI643\RESULT.json,109592560,bd2c30b7d82549d7941748ccb83cd9abdd0692c7b38ad32beb648c1767a5b024,af253ca258bf7fd0e83dd805d7ee97698a92caad0464435929acf2ede5ccde50,6599942,2261,36601,82754861,12696026,662038888,152361360,6375059,49095,18511,154346,1667,1264,0.6380233784695741,4.158745106539637,0.6162837008450779,4.017042183120923,True
NCBI646,Mus musculus,Visium,Muscle,Treated,https://www.nature.com/articles/s41587-022-01517-6,,,E:\Hestdata\st\NCBI646.h5ad,True,61354180,exposure_unresolved,False,True,main_v2/NCBI646,E:\count压缩\baseline\evidence\COUNT-HEST-SHARED-RESUME-001\main_v2\NCBI646\RESULT.json,61354180,0088ca8b32f028d6dd4c5b520d0aff38e406e5a16e4571d06c8ca8959e80e539,77c9d6ade8bcccf609502b458bc5333b378092839fcd81260fac69c6bc9b1328,4284696,4992,55414,276626688,6279518,2213013504,75374188,3940911,47782,44511,248562,1666,1264,0.12391272963511026,5.458630423545246,0.11397052188977515,5.020654133008298,True
NCBI647,Mus musculus,Visium,Muscle,Treated,https://www.nature.com/articles/s41587-022-01517-6,,,E:\Hestdata\st\NCBI647.h5ad,True,52334788,exposure_unresolved,False,True,main_v2/NCBI647,E:\count压缩\baseline\evidence\COUNT-HEST-SHARED-RESUME-001\main_v2\NCBI647\RESULT.json,52334788,e2304583cb8a85fa80332ddd05879adc99d121796b9ddd864ea3083d492f4442,92782ce958afab95eb3a92bb3afebe1bde0e8c7ccb22902c29b3a4c6de164260,3606841,4992,55414,276626688,5152036,2213013504,61844404,3265648,44471,44419,249374,1665,1264,0.10430927040560888,5.6006456476624,0.09444202288970759,5.07084655464364,True
NCBI648,Mus musculus,Visium,Muscle,Treated,https://www.nature.com/articles/s41587-022-01517-6,,,E:\Hestdata\st\NCBI648.h5ad,True,74124412,exposure_unresolved,False,True,main_v2/NCBI648,E:\count压缩\baseline\evidence\COUNT-HEST-SHARED-RESUME-001\main_v2\NCBI648\RESULT.json,74124412,754ff1c502866e339d002e0563bb19af21f19431e9b10d001a1cbb979581bbca,d84cfc6b6bda8529568081708da082892ed92bd30529c3f9a0a7349b227d177a,4970641,4992,55414,276626688,7875476,2213013504,94525684,4628560,45733,44515,248903,1666,1264,0.14375015038317634,5.0492348652957615,0.133857222047932,4.701745011984038,True
NCBI649,Mus musculus,Visium,Muscle,Treated,https://www.nature.com/articles/s41587-022-01517-6,,,E:\Hestdata\st\NCBI649.h5ad,True,48304556,exposure_unresolved,False,True,main_v2/NCBI649,E:\count压缩\baseline\evidence\COUNT-HEST-SHARED-RESUME-001\main_v2\NCBI649\RESULT.json,48304556,92cd625dd1fedec12a386afc7f5c81b06db0406b38247ca987339cc3ea7f54b2,ec53fcc7311169cac95fd7ced769d364e0f3480beacb9e1629bbbb5c2320dce3,3326026,4992,55414,276626688,4644169,2213013504,55750000,2989493,41675,44365,247564,1665,1264,0.09618814508598679,5.7293797878587105,0.08645566403195341,5.1496713405562975,True
NCBI65,Mus musculus,Spatial Transcriptomics,Spinal cord,Diseased,https://www.science.org/doi/10.1126/science.aav9776?url_ver=Z39.88-2003&rfr_id=ori:rid:crossref.org&rfr_dat=cr_pub%20%200pubmed,,,E:\Hestdata\st\NCBI65.h5ad,True,36119092,exposure_unresolved,False,True,main_v2/NCBI65,E:\count压缩\baseline\evidence\COUNT-HEST-SHARED-RESUME-001\main_v2\NCBI65\RESULT.json,36119092,b77d1d71035b380cf97625f43c294283640d0dd8d7a257f2e57e1c4a00989691,8cfd1c5cbe545093a3caca76e47bf488c8ab8852314925c5effcc163812f94be,251894,262,15196,3981352,291941,31850816,3504344,177013,15709,1682,54571,1655,1264,0.506147660392751,6.9026001829136705,0.3556841997391841,4.850651330234534,True
NCBI651,Mus musculus,Visium,Muscle,Treated,https://www.nature.com/articles/s41587-022-01517-6,,,E:\Hestdata\st\NCBI651.h5ad,True,36003508,exposure_unresolved,False,True,main_v2/NCBI651,E:\count压缩\baseline\evidence\COUNT-HEST-SHARED-RESUME-001\main_v2\NCBI651\RESULT.json,36003508,a632134781f76449bd1bdf3de2e54d9807f9894f64f91fca06389b29eb5669fc,21920085958c4e8b4808f88cef3d2d250c80396d712ac61544ab4714d147a8a9,2517487,4992,55414,276626688,3112045,2213013504,37364512,2180843,40813,44353,248551,1663,1264,0.07280532527649682,6.471595365748246,0.06306963412004557,5.606199139151266,True
NCBI652,Mus musculus,Visium,Muscle,Treated,https://www.nature.com/articles/s41587-022-01517-6,,,E:\Hestdata\st\NCBI652.h5ad,True,42301492,known_exposed,False,True,main_v2/NCBI652,E:\count压缩\baseline\evidence\COUNT-HEST-SHARED-RESUME-001\main_v2\NCBI652\RESULT.json,42301492,7d73f465690ef0fffa12b4105ff30ac9dd388439f80e0dadf80989f2d3e1d7a9,abce9ec8532d6c8dac2ee36a6b9365b2829347197c2edefc17658f0884500fd8,2978234,4992,55414,276626688,3896862,2213013504,46782316,2637342,44520,44502,248941,1665,1264,0.08613005553535022,6.114117461690971,0.07627151289177131,5.414288727699364,True
NCBI653,Homo sapiens,Visium,Brain,Diseased,https://www.nature.com/articles/s41587-023-01937-y,,,E:\Hestdata\st\NCBI653.h5ad,True,23794573,exposure_unresolved,True,True,main_v2/NCBI653,E:\count压缩\baseline\evidence\COUNT-HEST-SHARED-RESUME-001\main_v2\NCBI653\RESULT.json,23794573,16eb10f5fdfb8589abc063d633b489bfd3923d96c40f45facf02cda73371ed79,3a30ef2220b068f1b1f4ce81def4d7a5b9b9e8734f245508a533866571c18c7f,1752131,4633,17943,83129919,2219934,665039352,26657744,1582446,22578,40886,103294,1663,1264,0.16861616333344437,6.314173304251388,0.15228654318789844,5.702677647173294,True
NCBI654,Homo sapiens,Visium,Brain,Diseased,https://www.nature.com/articles/s41587-023-01937-y,,,E:\Hestdata\st\NCBI654.h5ad,True,27919381,exposure_unresolved,True,True,main_v2/NCBI654,E:\count压缩\baseline\evidence\COUNT-HEST-SHARED-RESUME-001\main_v2\NCBI654\RESULT.json,27919381,52b46d966d33b4aed7bad01dd6b82a90a2ec15de013623120522e3b15d66ab01,4cc40f18ac836b60b847716e0c4b313bbdbebd770315acdda79b2a4cda983594,2040146,4868,17943,87346524,2731409,698772192,32796384,1865267,22951,43231,105771,1662,1264,0.18685538075905572,5.975365827673556,0.1708383495604244,5.463164249660157,True
NCBI656,Homo sapiens,Visium,Brain,Diseased,https://www.nature.com/articles/s41587-023-01937-y,,,E:\Hestdata\st\NCBI656.h5ad,True,24670917,exposure_unresolved,True,True,main_v2/NCBI656,E:\count压缩\baseline\evidence\COUNT-HEST-SHARED-RESUME-001\main_v2\NCBI656\RESULT.json,24670917,61372812aebc08ce98e719a22b839e1b847a4cb762e0934c08e81ad23f42a6db,0169c58c4dac8a5cf143ac29ac8ff68b349e1c4d3e78127af769a081469e9234,1798264,4968,17943,89140824,2323009,713126592,27895984,1622276,21983,44319,106759,1663,1264,0.1613863475168235,6.192878288461215,0.14559219241679883,5.5868091772352155,True
NCBI659,Mus musculus,Visium,Brain,Healthy,https://www.nature.com/articles/s41587-023-01937-y,,,E:\Hestdata\st\NCBI659.h5ad,True,83969631,exposure_unresolved,True,True,main_v2/NCBI659,E:\count压缩\baseline\evidence\COUNT-HEST-SHARED-RESUME-001\main_v2\NCBI659\RESULT.json,83969631,1ed6196fc3aeaa8f678d6ebde9046088ce38bcf1fe5dadafbbe40b3ccd43b609,053f168daa7eca67de32af5cd21dd76d39e7a31f456d14c6b5f671fe249d095d,5356110,3617,32285,116774845,9500949,934198760,114025860,5143429,39805,31162,138784,1666,1264,0.36693587561601987,4.509957899995043,0.35236554585022145,4.330875999860646,True
NCBI66,Mus musculus,Spatial Transcriptomics,Spinal cord,Diseased,https://www.science.org/doi/10.1126/science.aav9776?url_ver=Z39.88-2003&rfr_id=ori:rid:crossref.org&rfr_dat=cr_pub%20%200pubmed,,,E:\Hestdata\st\NCBI66.h5ad,True,46979264,known_exposed,False,True,main_v2/NCBI66,E:\count压缩\baseline\evidence\COUNT-HEST-SHARED-RESUME-001\main_v2\NCBI66\RESULT.json,46979264,e65e597c184bd29214199b592e5a3c7f510b9849a2ee8afb38e89839a0497965,277deb8b570a8b580046a62d610d7251ef2a620c93133f52ac8f84a597799292,419755,320,16632,5322240,590701,42577920,7089696,334755,20151,2073,59856,1656,1264,0.6309448653198653,5.68483886094657,0.5031791125541125,4.53366423960684,True
NCBI660,Mus musculus,Visium,Brain,Healthy,https://www.nature.com/articles/s41587-023-01937-y,,,E:\Hestdata\st\NCBI660.h5ad,True,84286247,exposure_unresolved,True,True,main_v2/NCBI660,E:\count压缩\baseline\evidence\COUNT-HEST-SHARED-RESUME-001\main_v2\NCBI660\RESULT.json,84286247,75e9f4c1d67f0086a4013806ac26e5eda305ab652a351472989ff342b772cebb,eff951b3fb9739fff4e9133064e5e6e46d83f4f43ac91562868ba642a747f5a6,5336283,3504,32285,113126640,9528453,905013120,114355456,5107335,39799,30060,156159,1666,1264,0.3773670286680485,4.480293285804107,0.36117646559643246,4.2880706868155825,True
NCBI661,Mus musculus,Visium,Brain,Healthy,https://www.nature.com/articles/s41587-023-01937-y,,,E:\Hestdata\st\NCBI661.h5ad,True,42955487,exposure_unresolved,True,True,main_v2/NCBI661,E:\count压缩\baseline\evidence\COUNT-HEST-SHARED-RESUME-001\main_v2\NCBI661\RESULT.json,42955487,59617f33487427b8b331c59b155aa5e4bf8012a25911f7940ace675627f72bd0,40b53cf57cd6f69058841bfdee8d74019fecb2f4ce339a712a3d65369622bc01,2902417,3601,32285,116258285,4364655,930066280,52390268,2673973,34790,30984,159742,1664,1264,0.19972198970593794,5.31985597945313,0.1840022326150777,4.901139723529122,True
NCBI662,Mus musculus,Visium,Brain,Healthy,https://www.nature.com/articles/s41587-023-01937-y,,,E:\Hestdata\st\NCBI662.h5ad,True,66313775,exposure_unresolved,True,True,main_v2/NCBI662,E:\count压缩\baseline\evidence\COUNT-HEST-SHARED-RESUME-001\main_v2\NCBI662\RESULT.json,66313775,01eb8a45df63e6e4a7f47dd5fd3293721bdc42e37a0ee4c4d47e69b658ab431b,5d7c807cfeb618a3ab0034489eb2ef53cd4dec1c3cadfea4eee68db26e7bc2d6,4332203,3357,32285,108380745,7290502,867045960,87499456,4106641,38345,28644,155643,1666,1264,0.31977658024033695,4.753804882023213,0.30312698071968414,4.50629161064629,True
NCBI663,Mus musculus,Visium,Brain,Healthy,https://www.nature.com/articles/s41587-023-01937-y,,,E:\Hestdata\st\NCBI663.h5ad,True,53890739,exposure_unresolved,True,True,main_v2/NCBI663,E:\count压缩\baseline\evidence\COUNT-HEST-SHARED-RESUME-001\main_v2\NCBI663\RESULT.json,53890739,a2d12e9ae0a0766c5e8f6c9a03cdfdfe439622f031d7695a1de952ab60201032,7d8f0f1c88170143e57dacfaeb84e7329ee99d0a93047d4c50a56ff69bfc7b39,3507600,2964,32285,95692740,5748151,765541920,68989672,3294840,37194,24981,147655,1666,1264,0.29323854662328613,4.881708918224312,0.27545161733272555,4.585599786783611,True
NCBI664,Mus musculus,Visium,Brain,Healthy,https://www.nature.com/articles/s41587-023-01937-y,,,E:\Hestdata\st\NCBI664.h5ad,True,76824319,exposure_unresolved,True,True,main_v2/NCBI664,E:\count压缩\baseline\evidence\COUNT-HEST-SHARED-RESUME-001\main_v2\NCBI664\RESULT.json,76824319,411f92faa8a8697c470610cf891b1e6c8c7d60d32de3d1b8e1a46f94b32d4862,54fb2e5500c80df3f3dbb12fb643d88639a0809f66f3cb7959e69abfcb3e3b2e,4767513,3017,32285,97403845,8613104,779230760,103369320,4549123,39465,25579,150416,1666,1264,0.3915667189524192,4.428148551323657,0.37362985003312754,4.225304141224813,True
NCBI665,Mus musculus,Visium,Brain,Healthy,https://www.nature.com/articles/s41587-023-01937-y,,,E:\Hestdata\st\NCBI665.h5ad,True,59691691,exposure_unresolved,True,True,main_v2/NCBI665,E:\count压缩\baseline\evidence\COUNT-HEST-SHARED-RESUME-001\main_v2\NCBI665\RESULT.json,59691691,e910ca0f223263925af544f81645091a62c7a39f03c673ed1045402ea30eb417,4206e9530e13e6f37c21b8bca57c0d15e61cdb34783bfb6d0c59199bcd1f4c2a,3765283,2918,32285,94207630,6474218,753661040,77702292,3552985,37836,24618,146914,1666,1264,0.3197433583670452,4.6526490149080555,0.30171526446424773,4.390318645433317,True
NCBI666,Mus musculus,Visium,Brain,Healthy,https://www.nature.com/articles/s41587-023-01937-y,,,E:\Hestdata\st\NCBI666.h5ad,True,58711495,exposure_unresolved,True,True,main_v2/NCBI666,E:\count压缩\baseline\evidence\COUNT-HEST-SHARED-RESUME-001\main_v2\NCBI666\RESULT.json,58711495,8f59c9584a1bb22b3c96706668543c0ded6bbe0dd0af91d897d5e9d89af480a3,aa93297f48344a4f4f998e48be92bb5e7af8f0af3025b1e6f6a092e858be8f2e,3747865,3120,32285,100729200,6346361,805833600,76168816,3529484,37193,26481,151777,1666,1264,0.29765867295679904,4.724427116579092,0.28031466545946954,4.449143690376264,True
NCBI667,Mus musculus,Visium,Brain,Healthy,https://www.nature.com/articles/s41587-023-01937-y,,,E:\Hestdata\st\NCBI667.h5ad,True,52444823,exposure_unresolved,True,True,main_v2/NCBI667,E:\count压缩\baseline\evidence\COUNT-HEST-SHARED-RESUME-001\main_v2\NCBI667\RESULT.json,52444823,3216f8fd0bd68867878b9937151111fe5b3b71723ef33b3bb4210cb12bc4de14,a82bcdadd79245048d86a5582b589a2fe1b3974f8dac99ab90b23ab1aad28c7d,3291306,2675,32285,86362375,5572685,690899000,66882924,3084612,36776,22392,144596,1666,1264,0.30488332448013383,4.724912317850372,0.2857366532590147,4.428187848407006,True
NCBI668,Mus musculus,Visium,Brain,Healthy,https://www.nature.com/articles/s41587-023-01937-y,,,E:\Hestdata\st\NCBI668.h5ad,True,99711863,exposure_unresolved,True,True,main_v2/NCBI668,E:\count压缩\baseline\evidence\COUNT-HEST-SHARED-RESUME-001\main_v2\NCBI668\RESULT.json,99711863,afb92814ee6a0d0d2c4b98d02e312ea83d59d4d58aca5ce6dbe17451840c24c5,8512b5446d1bd6e70d3a8d49c2d60440d90b9054049a4439393be63c6b511265,6041115,2913,32285,94046205,11477172,752369640,137737720,5840736,41694,24595,131159,1667,1264,0.5138848505370313,4.210873549686282,0.49683969704040687,4.0712022090459214,True
NCBI669,Mus musculus,Visium,Brain,Healthy,https://www.nature.com/articles/s41587-023-01937-y,,,E:\Hestdata\st\NCBI669.h5ad,True,95044655,exposure_unresolved,True,True,main_v2/NCBI669,E:\count压缩\baseline\evidence\COUNT-HEST-SHARED-RESUME-001\main_v2\NCBI669\RESULT.json,95044655,08b0cc6d8d30c41dcfba292fe46c312bb6253898a1e6e4e022503b11d400d2cc,0e0cab30d93c8f4962898bc18cfcc1e151f31f58c601dc4ad519986f0e53eda8,5751970,3163,32285,102117455,10889046,816939640,130681208,5547392,41058,26868,133721,1667,1264,0.4506160087910534,4.2258761695009825,0.434589130722069,4.075576134034148,True
NCBI67,Mus musculus,Spatial Transcriptomics,Spinal cord,Diseased,https://www.science.org/doi/10.1126/science.aav9776?url_ver=Z39.88-2003&rfr_id=ori:rid:crossref.org&rfr_dat=cr_pub%20%200pubmed,,,E:\Hestdata\st\NCBI67.h5ad,True,43407367,exposure_unresolved,False,True,main_v2/NCBI67,E:\count压缩\baseline\evidence\COUNT-HEST-SHARED-RESUME-001\main_v2\NCBI67\RESULT.json,43407367,7d0d44edb8f8012d1aae4a72c4ccbde79dab4529bcf41c77d52060c9081bf2c6,61679e3361c41def9677f3827c6e41a6ef5d3d12ed31e1c978d865f2b35f8f06,323979,305,16015,4884575,417497,39076600,5011188,244270,17578,1959,57253,1655,1264,0.5306156625704386,6.2080254468894385,0.40006755961368184,4.680656387950093,True
NCBI670,Mus musculus,Visium,Brain,Healthy,https://www.nature.com/articles/s41587-023-01937-y,,,E:\Hestdata\st\NCBI670.h5ad,True,57120963,exposure_unresolved,True,True,main_v2/NCBI670,E:\count压缩\baseline\evidence\COUNT-HEST-SHARED-RESUME-001\main_v2\NCBI670\RESULT.json,57120963,3d31d057ffa992c0870d403751ad3c7b6308b8e23f78b0dfe2e577757af11d4e,6b1d70884824c1f3643f1c35c9479e2029216c6c8bb4ab6aa24e14557cf238bb,3614900,3002,32285,96919570,6156322,775356560,73887876,3416739,37733,25485,132013,1666,1264,0.2983834946853355,4.697480086324269,0.28202675682527273,4.439974387304628,True
NCBI671,Mus musculus,Visium,Brain,Healthy,https://www.nature.com/articles/s41587-023-01937-y,,,E:\Hestdata\st\NCBI671.h5ad,True,55343339,exposure_unresolved,True,True,main_v2/NCBI671,E:\count压缩\baseline\evidence\COUNT-HEST-SHARED-RESUME-001\main_v2\NCBI671\RESULT.json,55343339,d0e4f4aedb8173520e7ed2ac8e03fb787393e441ef3a7b0dccb9ad72191c1e7c,2e537b617936b2f8d3a1bc002d82820fbcdc49a206f87174958ecc92c85850f6,3479124,2856,32285,92205960,5937614,737647680,71262796,3284002,37530,24112,130550,1666,1264,0.30185675633115255,4.68757180914758,0.2849275252922913,4.424675635701479,True
NCBI672,Homo sapiens,Visium,Liver,Diseased,https://pubmed.ncbi.nlm.nih.gov/38199298/,,,E:\Hestdata\st\NCBI672.h5ad,True,65734342,exposure_unresolved,False,True,main_v2/NCBI672,E:\count压缩\baseline\evidence\COUNT-HEST-SHARED-RESUME-001\main_v2\NCBI672\RESULT.json,65734342,e289640fdb7c4108efbc3b667aff492f46d8c15abfb7a264176e29719a66f278,d9004e7e6a6a0cc674d8eb6d1f4532d882d6f159d90f148ae761986a442265f8,4507227,4992,36601,182712192,7150507,1461697536,85826056,4257524,38616,43835,164322,1666,1264,0.19734761870734932,5.042693615991146,0.18641444573113106,4.7633254537055905,True
NCBI673,Homo sapiens,Visium,Liver,Diseased,https://pubmed.ncbi.nlm.nih.gov/38199298/,,,E:\Hestdata\st\NCBI673.h5ad,True,92005854,exposure_unresolved,False,True,main_v2/NCBI673,E:\count压缩\baseline\evidence\COUNT-HEST-SHARED-RESUME-001\main_v2\NCBI673\RESULT.json,92005854,acd38b6593fe06b49a990c0f064f13aa9d698c4ba269f179d367047412c0366f,6b1295b5d2988cc8092c3e6e1de0965e3d3d3013fb703e1619521cb2e2a81d5a,6165046,4992,36601,182712192,10428533,1461697536,125162368,5906037,41492,44468,170118,1667,1264,0.26993473976821425,4.729367783560737,0.25859410629806245,4.530675215775795,True
NCBI674,Homo sapiens,Visium,Liver,Diseased,https://pubmed.ncbi.nlm.nih.gov/38199298/,,,E:\Hestdata\st\NCBI674.h5ad,True,60763702,exposure_unresolved,False,True,main_v2/NCBI674,E:\count压缩\baseline\evidence\COUNT-HEST-SHARED-RESUME-001\main_v2\NCBI674\RESULT.json,60763702,9c86c159d2a9c3e7fbc71e31c741ca3e8cde5c323530e4ace27fcf616c35fdc1,009d2b60acbe02e24cf454b347ee1fe60bf7c43e24367aef9bf55eadfa3e35be,4149977,4992,36601,182712192,6528228,1461697536,78358708,3895030,37342,44405,170270,1666,1264,0.1817055317249984,5.085578506142862,0.17054275173930375,4.773154368995691,True
NCBI675,Homo sapiens,Visium,Liver,Diseased,https://pubmed.ncbi.nlm.nih.gov/38199298/,,,E:\Hestdata\st\NCBI675.h5ad,True,73111238,exposure_unresolved,False,True,main_v2/NCBI675,E:\count压缩\baseline\evidence\COUNT-HEST-SHARED-RESUME-001\main_v2\NCBI675\RESULT.json,73111238,b8ba879f4b8658ef0740090ae1af989f0112418f2ec74151d61eaf60bbcf96cd,986bffc7b94390f1ba53f7b54ca04f0eb77e044cd89ad607ec58aee9f0c6b452,4970438,4992,36601,182712192,8072547,1461697536,96890536,4713306,39591,44461,170150,1666,1264,0.2176291771487258,4.9257692770323915,0.20637072757574929,4.670948091104332,True
NCBI68,Mus musculus,Spatial Transcriptomics,Spinal cord,Diseased,https://www.science.org/doi/10.1126/science.aav9776?url_ver=Z39.88-2003&rfr_id=ori:rid:crossref.org&rfr_dat=cr_pub%20%200pubmed,,,E:\Hestdata\st\NCBI68.h5ad,True,42758688,exposure_unresolved,False,True,main_v2/NCBI68,E:\count压缩\baseline\evidence\COUNT-HEST-SHARED-RESUME-001\main_v2\NCBI68\RESULT.json,42758688,286596bbb11fc29d94f25d311db5f49180ac704ab6312294c651e9323960bfdd,fb838d231299f674412a85a250729bd68071149d25309a542121a2dc392a3e9b,326186,308,15608,4807264,416997,38458112,5005200,246798,17489,1951,57029,1655,1264,0.5428218629141233,6.257810008225479,0.41070846119539095,4.7347678760278855,True
NCBI680,Mus musculus,Visium,,Diseased,https://www.sciencedirect.com/science/article/pii/S0022202X22016669?via%3Dihub,,,E:\Hestdata\st\NCBI680.h5ad,True,88732620,exposure_unresolved,True,True,main_v2/NCBI680,E:\count压缩\baseline\evidence\COUNT-HEST-SHARED-RESUME-001\main_v2\NCBI680\RESULT.json,88732620,bd83ac7bec87f5b79373166948f6a00a6fa3e087e983d84bd97e2e2a5490d746,cd22f5bb64088a821c2c20a88e8ee8057d63bdf68c788e4afb1691d2adc4f2b1,3864619,2772,15524,43032528,6989220,344260224,83881732,3700877,26382,23284,111146,1666,1264,0.7184553972752891,4.423519648830628,0.688014796620826,4.236097304134081,True
NCBI681,Homo sapiens,Visium,Lymph node,Cancer,https://www.nature.com/articles/s41467-022-34581-2,Patient 8,,E:\Hestdata\st\NCBI681.h5ad,True,244709217,exposure_unresolved,False,True,main_v2/NCBI681,E:\count压缩\baseline\evidence\COUNT-HEST-SHARED-RESUME-001\main_v2\NCBI681\RESULT.json,244709217,ca4b5e870ee513a8ed6382e8fa54debfcf6354d736904134a330bfd2aa06c2b4,62b19e1bc8d14b7819b1a8dce179ae6cada598f8ea63afff0629c4a1d08a9178,14507037,4992,33931,169383552,29541926,1355068416,354523084,14253033,44469,44624,161978,1669,1264,0.6851686284155855,3.92852842431465,0.6731719972432743,3.859743741826447,True
NCBI682,Homo sapiens,Visium,Lymph node,Cancer,https://www.nature.com/articles/s41467-022-34581-2,Patient 7,,E:\Hestdata\st\NCBI682.h5ad,True,256004849,known_exposed,False,True,main_v2/NCBI682,E:\count压缩\baseline\evidence\COUNT-HEST-SHARED-RESUME-001\main_v2\NCBI682\RESULT.json,256004849,3449458e40d62547cc7ab03915af7fcc45bb6ef6735787ee314afc8888d7fc23,c3b380ba5f675072f8b7901a5336f075700a84e7b2aa6f48ac46e0317c1dd9ba,15577380,4988,33931,169247828,30949940,1353982624,371419236,15322978,44655,44484,162330,1669,1264,0.7363110148745897,4.026471133708175,0.72428595065929,3.96071281559835,True
NCBI683,Homo sapiens,Visium,Lymph node,Cancer,https://www.nature.com/articles/s41467-022-34581-2,Patient 6,,E:\Hestdata\st\NCBI683.h5ad,True,223623009,exposure_unresolved,False,True,main_v2/NCBI683,E:\count压缩\baseline\evidence\COUNT-HEST-SHARED-RESUME-001\main_v2\NCBI683\RESULT.json,223623009,8ae9dbaffbf21f63f98e5d303845310e63410278ed4623213f1f6bfcb517c392,d0449dc575dc090b03c023787a77e79b301661b236afb9200b963356c529aac5,12810783,4992,33931,169383552,26906257,1355068416,322895056,12558620,42699,44512,162019,1669,1264,0.6050544033933117,3.8090123052046962,0.5931447228122835,3.7340370308660917,True
NCBI684,Homo sapiens,Visium,Lymph node,Cancer,https://www.nature.com/articles/s41467-022-34581-2,Patient 3,,E:\Hestdata\st\NCBI684.h5ad,True,189714825,known_exposed,False,True,main_v2/NCBI684,E:\count压缩\baseline\evidence\COUNT-HEST-SHARED-RESUME-001\main_v2\NCBI684\RESULT.json,189714825,06b9a23177f0875ffe28b932ed50814424086673efcaf05ac92d576dcf076309,397a45c1857f49ad95301ebf3661beff80317b06b9ef7611807d1391f08bb731,11502715,4992,33931,169383552,22672803,1355068416,272093608,11249816,43503,44705,161758,1669,1264,0.543274237158517,4.058682995657837,0.5313297952330106,3.9694486826353144,True
NCBI685,Mus musculus,Visium,Bowel,Treated,,,,E:\Hestdata\st\NCBI685.h5ad,True,85217487,exposure_unresolved,False,True,main_v2/NCBI685,E:\count压缩\baseline\evidence\COUNT-HEST-SHARED-RESUME-001\main_v2\NCBI685\RESULT.json,85217487,39b925efa5ae8ebbb73de5333de5942cdc25606fff1969947c673e0d5bb2ae62,68138c27cb74bad0d3ef02fe0bf6d87c69980bca9d57c924f8cb801573236a03,5518375,3547,31053,110144991,9677933,881159928,116149388,5319733,39055,30263,126394,1666,1264,0.40080805853440943,4.561614551371662,0.3863803847421441,4.3974125466667315,True
NCBI686,Mus musculus,Visium,Bowel,Treated,,,,E:\Hestdata\st\NCBI686.h5ad,True,89543799,exposure_unresolved,False,True,main_v2/NCBI686,E:\count压缩\baseline\evidence\COUNT-HEST-SHARED-RESUME-001\main_v2\NCBI686\RESULT.json,89543799,d57b4856486a3774127daf4acffe2ae5c799a57bf2613c1262c4feba8122b685,b7873a50233c2362f1eec41132d39d93473c879bc5a7dc117e55b6a7b5d67bba,5756755,3934,31053,122162502,10209911,977300016,122534672,5551395,39297,33881,129251,1667,1264,0.3769899866654663,4.510719045445156,0.3635416700944779,4.349808729968361,True
NCBI687,Mus musculus,Visium,Skin,Cancer,https://www.nature.com/articles/s41586-022-05242-7,,,E:\Hestdata\st\NCBI687.h5ad,True,100198623,known_exposed,False,True,main_v2/NCBI687,E:\count压缩\baseline\evidence\COUNT-HEST-SHARED-RESUME-001\main_v2\NCBI687\RESULT.json,100198623,ce58ff028cdae4999906df1b3b6a61128c53e9178f310b032f308be844291933,dd0ed4226861d1b67ab22d845a24848fbabcf41c3bd51eb3d85ff6a70c69dc48,6529816,4992,31053,155016576,11510721,1240132608,138148624,6303721,36344,44193,142627,1667,1264,0.33698672327790286,4.538249862888693,0.325318551739912,4.381112877290658,True
NCBI688,Mus musculus,Visium,Skin,Cancer,https://www.nature.com/articles/s41586-022-05242-7,,,E:\Hestdata\st\NCBI688.h5ad,True,99625183,exposure_unresolved,False,True,main_v2/NCBI688,E:\count压缩\baseline\evidence\COUNT-HEST-SHARED-RESUME-001\main_v2\NCBI688\RESULT.json,99625183,7f71471b00727442c00fbd79c589ce79b846bc2ce21d3e62403e4bb48c3b0542,6809708f2baf826f0ba6bec715ee107ebf2cd488ca3b31e35a71ed756424c944,6401048,4992,31053,155016576,11438850,1240132608,137286172,6177571,36427,44028,140091,1667,1264,0.3303413436250843,4.476707361316915,0.3188082802190135,4.3204140276338965,True
NCBI689,Mus musculus,Visium,Skin,Cancer,https://www.nature.com/articles/s41586-022-05242-7,,,E:\Hestdata\st\NCBI689.h5ad,True,94963935,exposure_unresolved,False,True,main_v2/NCBI689,E:\count压缩\baseline\evidence\COUNT-HEST-SHARED-RESUME-001\main_v2\NCBI689\RESULT.json,94963935,4e3f7a8ccb5bb04b8ce75ce46fa61aeec9d2367de9979fc334a7f785cb2eb95d,b54af77d9b1fad6a0cc601242d88f32ae0a5f2dea44c165a469c65f7541a5f5d,6208056,4992,31053,155016576,10855913,1240132608,130290928,5984689,35933,44149,140354,1667,1264,0.32038153132733366,4.5748752776482275,0.30885414473352835,4.410270421290222,True
NCBI69,Mus musculus,Spatial Transcriptomics,Spinal cord,Diseased,https://www.science.org/doi/10.1126/science.aav9776?url_ver=Z39.88-2003&rfr_id=ori:rid:crossref.org&rfr_dat=cr_pub%20%200pubmed,,,E:\Hestdata\st\NCBI69.h5ad,True,39790131,exposure_unresolved,False,True,main_v2/NCBI69,E:\count压缩\baseline\evidence\COUNT-HEST-SHARED-RESUME-001\main_v2\NCBI69\RESULT.json,39790131,883ad331cafd9b4929dbcf4373e6fd99c04f54cfe7403d2eafeed3b5aed57e83,5af0ded6505856b05797757c279a47bad0576037d3e3a819f27222eb7a0df581,316317,283,15675,4436025,405004,35488200,4861184,237761,17152,1799,56686,1655,1264,0.5704512485840364,6.24817532666344,0.4287820740415124,4.696467195385725,True
NCBI691,Homo sapiens,Visium,Uterus,Diseased,https://www.nature.com/articles/s41588-022-01254-1,,,E:\Hestdata\st\NCBI691.h5ad,True,34936854,exposure_unresolved,True,True,main_v2/NCBI691,E:\count压缩\baseline\evidence\COUNT-HEST-SHARED-RESUME-001\main_v2\NCBI691\RESULT.json,34936854,89731948737c559fdf50f49fc08d2be97bf02898b8c36dae86be32e819cdf98a,33edaa3bcb08e4c53b6dfdd344126f03a831e70d622551736e7819bc1773faf1,2130235,1388,36601,50802188,3381884,406417504,40588164,1943859,40790,10885,131772,1665,1264,0.3354556303756051,5.039167517277352,0.306106343293718,4.598286635496664,True
NCBI692,Homo sapiens,Visium,Kidney,Diseased,https://www.ncbi.nlm.nih.gov/pmc/articles/PMC10356613/,Patient 22,Creative Commons Attribution 4.0,E:\Hestdata\st\NCBI692.h5ad,True,20208835,known_exposed,False,True,main_v2/NCBI692,E:\count压缩\baseline\evidence\COUNT-HEST-SHARED-RESUME-001\main_v2\NCBI692\RESULT.json,20208835,219f179468a8f584ea08f1499fa9ddb6e125849098a111e1de2e441e729dcf63,f54fb13634a8ea64480e8c966a04e190aebcb09c1d96fd3e06e2f54d1d007754,988490,370,36601,13542370,1580215,108338960,18964064,824978,36801,2717,121070,1660,1264,0.5839391480220966,5.0043316890423135,0.4873463064441453,4.176535471439013,True
NCBI693,Homo sapiens,Visium,Kidney,Diseased,https://www.ncbi.nlm.nih.gov/pmc/articles/PMC10356613/,Patient 21,Creative Commons Attribution 4.0,E:\Hestdata\st\NCBI693.h5ad,True,24622475,exposure_unresolved,False,True,main_v2/NCBI693,E:\count压缩\baseline\evidence\COUNT-HEST-SHARED-RESUME-001\main_v2\NCBI693\RESULT.json,24622475,dbc59756a3e9eaf0345f681870a4329a5f6d49bc0de47b89f2c541f1b17b71ad,6bddda19e56461a5876cf16db484d9b19adfe8163d03459b36b312a9f1ed8d2b,1260599,507,36601,18556707,2129938,148453656,25561288,1094118,37608,3723,122226,1660,1264,0.5434580607432127,4.734781951399524,0.4716862749409149,4.109482999035652,True
NCBI695,Homo sapiens,Visium,Kidney,Diseased,https://www.ncbi.nlm.nih.gov/pmc/articles/PMC10356613/,Patient 19,Creative Commons Attribution 4.0,E:\Hestdata\st\NCBI695.h5ad,True,29601947,exposure_unresolved,False,True,main_v2/NCBI695,E:\count压缩\baseline\evidence\COUNT-HEST-SHARED-RESUME-001\main_v2\NCBI695\RESULT.json,29601947,84a84bd47e3de0ffff14c72bf9dedbb02ff23fcdac1c29e3aeb45db50d56edc1,e5c01463014f4b4391740cf90b60c907ddcf6ad26e50da157bbc93657e5490aa,1556319,673,36601,24632473,2749315,197059784,32994476,1384647,39106,4986,124655,1661,1264,0.5054527817811878,4.528601488007013,0.4496980875610825,4.0290676041122975,True
NCBI696,Homo sapiens,Visium,Kidney,Diseased,https://www.ncbi.nlm.nih.gov/pmc/articles/PMC10356613/,Patient 18,Creative Commons Attribution 4.0,E:\Hestdata\st\NCBI696.h5ad,True,27025739,known_exposed,False,True,main_v2/NCBI696,E:\count压缩\baseline\evidence\COUNT-HEST-SHARED-RESUME-001\main_v2\NCBI696\RESULT.json,27025739,ee0f3c7dd12b7b7c24f69b96dce8bfef910ac39c17532e15cc41385ceb050c75,06410c2231fa342c1ae083b0dd470a6b3d3d065ee9d28af5c7946f11d77a96bf,1382878,645,36601,23607645,2427843,188861160,29136700,1212987,38284,4794,123889,1660,1264,0.46862039818033524,4.556729574358803,0.4110488784459441,3.9969207234569946,True
NCBI697,Homo sapiens,Visium,Kidney,Diseased,https://www.ncbi.nlm.nih.gov/pmc/articles/PMC10356613/,Patient 17,Creative Commons Attribution 4.0,E:\Hestdata\st\NCBI697.h5ad,True,16042371,exposure_unresolved,False,True,main_v2/NCBI697,E:\count压缩\baseline\evidence\COUNT-HEST-SHARED-RESUME-001\main_v2\NCBI697\RESULT.json,16042371,13f9742accc9a0da7eeb86309a78d0cc0fc65046354cb3e84142ac950e8924ef,83af0ccf4b6eb89b538e137ccb4ab63f1d9afd5738d461bb5b2d406cebcd8bd0,728513,317,36601,11602517,1061344,92820136,12737400,569304,33769,2293,120223,1660,1264,0.5023137651942247,5.491248831670034,0.39253827423825366,4.291193053336148,True
NCBI698,Homo sapiens,Visium,Kidney,Diseased,https://www.ncbi.nlm.nih.gov/pmc/articles/PMC10356613/,Patient 16,Creative Commons Attribution 4.0,E:\Hestdata\st\NCBI698.h5ad,True,19592075,exposure_unresolved,False,True,main_v2/NCBI698,E:\count压缩\baseline\evidence\COUNT-HEST-SHARED-RESUME-001\main_v2\NCBI698\RESULT.json,19592075,5894a5696220e0b21eb48e39a20f2f65b4a7bb7887e290b45edf689f7f2b5d7c,a2f3f67d97a2d351d58c218b46170c7407aee665054a108527f9086c108bad35,969451,407,36601,14896607,1502890,119172856,18036312,806193,35886,2959,121489,1660,1264,0.5206291607209614,5.160462841591866,0.432953893460437,4.291427849010906,True
NCBI699,Homo sapiens,Visium,Kidney,Diseased,https://www.ncbi.nlm.nih.gov/pmc/articles/PMC10356613/,Patient 15,Creative Commons Attribution 4.0,E:\Hestdata\st\NCBI699.h5ad,True,25290483,exposure_unresolved,False,True,main_v2/NCBI699,E:\count压缩\baseline\evidence\COUNT-HEST-SHARED-RESUME-001\main_v2\NCBI699\RESULT.json,25290483,63cfa6dcd4f114f48fae7d6f3c2778e5c287def6bb390dd489274300fc44a807,dba7eb7693d7ad474c09496428ed9073cdedce2e7368e394710ffafb9db3b8e3,1391655,787,36601,28804987,2206212,230439896,26477696,1219224,38053,5874,125580,1660,1264,0.3865039064242591,5.04631467873441,0.3386146989061304,4.421058357039124,True
NCBI7,Mus musculus,Spatial Transcriptomics,Spinal cord,Diseased,https://www.science.org/doi/10.1126/science.aav9776?url_ver=Z39.88-2003&rfr_id=ori:rid:crossref.org&rfr_dat=cr_pub%20%200pubmed,,,E:\Hestdata\st\NCBI7.h5ad,True,38316361,exposure_unresolved,False,True,main_v2/NCBI7,E:\count压缩\baseline\evidence\COUNT-HEST-SHARED-RESUME-001\main_v2\NCBI7\RESULT.json,38316361,ae32efd53bf083c07a3971d5412742a1f058b75beb30c5f7dc82f853391a1eae,4e5893d8d063f4fc6eb6fcd78d0cc4f6499e6cf6f3264d557cd0b701741c2e1f,517431,258,16449,4243842,858613,33950736,10304392,432844,21340,1646,58679,1658,1264,0.9754010634703177,4.821087032225228,0.8159474363088918,4.03296013454257,True
NCBI700,Homo sapiens,Visium,Kidney,Diseased,https://www.ncbi.nlm.nih.gov/pmc/articles/PMC10356613/,Patient 14,Creative Commons Attribution 4.0,E:\Hestdata\st\NCBI700.h5ad,True,23333179,exposure_unresolved,False,True,main_v2/NCBI700,E:\count压缩\baseline\evidence\COUNT-HEST-SHARED-RESUME-001\main_v2\NCBI700\RESULT.json,23333179,28501243b97eb94514128ab04cc4361c0e2c4691cc5309134437b8ac7a5d4dc5,49eebe91baef402753b782d3dbf5dcf95913a1d70387c6ff0c66ce737a5b8608,1216867,601,36601,21997201,1966992,175977608,23606312,1048732,37717,4451,123043,1660,1264,0.442553395770671,4.949148750986278,0.3814056161054309,4.2653228889593855,True
NCBI701,Homo sapiens,Visium,Kidney,Diseased,https://www.ncbi.nlm.nih.gov/pmc/articles/PMC10356613/,Patient 13,Creative Commons Attribution 4.0,E:\Hestdata\st\NCBI701.h5ad,True,22584119,exposure_unresolved,False,True,main_v2/NCBI701,E:\count压缩\baseline\evidence\COUNT-HEST-SHARED-RESUME-001\main_v2\NCBI701\RESULT.json,22584119,ca0b19795a4fd82c1b9d49cabe5a5ac88ecd9c6470e0bbd87c34451a44fd1e65,46d8b38e5ad45fbf6735a90c0bc8bb2684f80a0f8c3a478e9806c91a4f04782a,1239527,904,36601,33087304,1866306,264698432,22399292,1068356,35772,6793,125682,1660,1264,0.29969851880346615,5.313285174028268,0.25831200994798487,4.579553406568912,True
NCBI702,Homo sapiens,Visium,Kidney,Diseased,https://www.ncbi.nlm.nih.gov/pmc/articles/PMC10356613/,Patient 13,Creative Commons Attribution 4.0,E:\Hestdata\st\NCBI702.h5ad,True,20057739,exposure_unresolved,False,True,main_v2/NCBI702,E:\count压缩\baseline\evidence\COUNT-HEST-SHARED-RESUME-001\main_v2\NCBI702\RESULT.json,20057739,9ffeb6787307ad790f3c4635782b3406ce381c319cfdfeda2f2424d1612ea15f,212efaeccc924482f2f80df6a117336a724c0000e486fc835dddf9e272ba691e,967596,461,36601,16873061,1560263,134984488,18725004,803946,35259,3385,122082,1660,1264,0.4587648915629476,4.961194362745255,0.38117375383162544,4.122105055365666,True
NCBI703,Homo sapiens,Visium,Kidney,Diseased,https://www.ncbi.nlm.nih.gov/pmc/articles/PMC10356613/,Patient 12,Creative Commons Attribution 4.0,E:\Hestdata\st\NCBI703.h5ad,True,17389955,known_exposed,False,True,main_v2/NCBI703,E:\count压缩\baseline\evidence\COUNT-HEST-SHARED-RESUME-001\main_v2\NCBI703\RESULT.json,17389955,df12de02c039b2d530fda155b5687cee1c6c0fdb954fd722b53a05c33dee0518,aecc4218e12d3c598e0f719182088a5a0923cf830dfeaaaf2f2f90129e518dc4,848167,453,36601,16580253,1227629,132642024,14733364,685649,34575,3288,121731,1660,1264,0.4092420061382658,5.527187774156524,0.33082679739567306,4.468118625415333,True
NCBI704,Homo sapiens,Visium,Kidney,Diseased,https://www.ncbi.nlm.nih.gov/pmc/articles/PMC10356613/,Patient 11,Creative Commons Attribution 4.0,E:\Hestdata\st\NCBI704.h5ad,True,19700887,exposure_unresolved,False,True,main_v2/NCBI704,E:\count压缩\baseline\evidence\COUNT-HEST-SHARED-RESUME-001\main_v2\NCBI704\RESULT.json,19700887,958e56ff6fa3f2a945f30faaf0e5110ca08bc76df26045d5f1c3e2e0111dd11f,75f0fe3963ba694c2b32eed45eaa173a408ac78a549cd45b4e29f97d151b02f9,995438,534,36601,19544934,1514170,156359472,18172180,829914,35563,3956,123081,1660,1264,0.4074459396997708,5.259319627254535,0.3396947771734609,4.384786384619956,True
NCBI705,Homo sapiens,Visium,Kidney,Diseased,https://www.ncbi.nlm.nih.gov/pmc/articles/PMC10356613/,Patient 10,Creative Commons Attribution 4.0,E:\Hestdata\st\NCBI705.h5ad,True,17507783,exposure_unresolved,False,True,main_v2/NCBI705,E:\count压缩\baseline\evidence\COUNT-HEST-SHARED-RESUME-001\main_v2\NCBI705\RESULT.json,17507783,02aca0af077ac74cd820862faee7111fd0fa81402a72e371307b80c1dca5dad0,ee116ba15208121baf92afb6378ce6c3f630c020eb02cfb3cd590a6f551ff9e0,899487,560,36601,20496560,1240282,163972480,14885628,734400,34591,4175,123397,1660,1264,0.35107822971269326,5.8018224887565895,0.2866432220821445,4.7369872335485,True
NCBI706,Homo sapiens,Visium,Kidney,Diseased,https://www.ncbi.nlm.nih.gov/pmc/articles/PMC10356613/,Patient 9,Creative Commons Attribution 4.0,E:\Hestdata\st\NCBI706.h5ad,True,23106643,known_exposed,False,True,main_v2/NCBI706,E:\count压缩\baseline\evidence\COUNT-HEST-SHARED-RESUME-001\main_v2\NCBI706\RESULT.json,23106643,2da99410f76974b81c549f82ba98881b1b73bc52e7466d57af8083d45e8cc822,595f9c2b483a8af9ea0cd78f3c735a10870eb95c1cc00fa12e375744af0a0e8e,1242838,673,36601,24632473,1937084,197059784,23247704,1072731,37446,5031,124706,1660,1264,0.40364213532275056,5.132820259730606,0.34839571325217733,4.430292129819874,True
NCBI707,Homo sapiens,Visium,Kidney,Diseased,https://www.ncbi.nlm.nih.gov/pmc/articles/PMC10356613/,Patient 8,Creative Commons Attribution 4.0,E:\Hestdata\st\NCBI707.h5ad,True,16310235,exposure_unresolved,False,True,main_v2/NCBI707,E:\count压缩\baseline\evidence\COUNT-HEST-SHARED-RESUME-001\main_v2\NCBI707\RESULT.json,16310235,bb216bfa965add5118302c8dd69ecfc23c13f83feaeab083803f56108fd802c4,4de7ce920a527b72b45e6130a5090235eb7f270c6260888257429679d4b6dc1e,830476,673,36601,24632473,1088956,197059784,13070168,665177,32764,5027,124584,1660,1264,0.26971745792637225,6.101080300765137,0.21603255182701306,4.88671351275901,True
NCBI708,Homo sapiens,Visium,Kidney,Diseased,https://www.ncbi.nlm.nih.gov/pmc/articles/PMC10356613/,Patient 7,Creative Commons Attribution 4.0,E:\Hestdata\st\NCBI708.h5ad,True,27648903,exposure_unresolved,False,True,main_v2/NCBI708,E:\count压缩\baseline\evidence\COUNT-HEST-SHARED-RESUME-001\main_v2\NCBI708\RESULT.json,27648903,55da40a52a10cf0b32357194bbb3e2ba31440cd7a992db6bf997dc1acfc97eff,ccd5ddb2680a94abe557a2e1592bec76d5833bd995072e687d8a4e22165cf4a9,1642411,1322,36601,48386522,2489798,387092176,29882868,1461121,37464,10219,130680,1663,1264,0.2715485109675789,5.277250604265888,0.24157487492074756,4.694745517507846,True
NCBI709,Homo sapiens,Visium,Kidney,Healthy,https://www.ncbi.nlm.nih.gov/pmc/articles/PMC10356613/,Patient 6,Creative Commons Attribution 4.0,E:\Hestdata\st\NCBI709.h5ad,True,27611583,exposure_unresolved,False,True,main_v2/NCBI709,E:\count压缩\baseline\evidence\COUNT-HEST-SHARED-RESUME-001\main_v2\NCBI709\RESULT.json,27611583,6a2cecdb3f62a8e9b053ef1b32ab740590a0d48998718ab0d09b3d0221401a76,b3975cbdbadfa8a159a88db5a40dec02b24f5a787777373e07fc675f3591c891,1526407,1034,36601,37845434,2491846,302763472,29906292,1350126,37202,7932,128222,1661,1264,0.3226612753337695,4.900485824565402,0.28539791616605586,4.3345407380712935,True
NCBI710,Homo sapiens,Visium,Kidney,Healthy,https://www.ncbi.nlm.nih.gov/pmc/articles/PMC10356613/,Patient 5,Creative Commons Attribution 4.0,E:\Hestdata\st\NCBI710.h5ad,True,25442071,exposure_unresolved,False,True,main_v2/NCBI710,E:\count压缩\baseline\evidence\COUNT-HEST-SHARED-RESUME-001\main_v2\NCBI710\RESULT.json,25442071,109d920f89f4d1757e7a0e803162e52c4e4d8e1fe39ec32b6ebb280d2538500a,e18105e565d4e5846075c479e5f67092a91b90875947ca0f91af73f7aa0748bc,1360356,956,36601,34990556,2221925,279924448,26666928,1187545,35338,7264,127285,1660,1264,0.31102243702557913,4.897936699033496,0.27151211887001736,4.275733879406371,True
NCBI711,Homo sapiens,Visium,Kidney,Healthy,https://www.ncbi.nlm.nih.gov/pmc/articles/PMC10356613/,Patient 4,Creative Commons Attribution 4.0,E:\Hestdata\st\NCBI711.h5ad,True,54845107,exposure_unresolved,False,True,main_v2/NCBI711,E:\count压缩\baseline\evidence\COUNT-HEST-SHARED-RESUME-001\main_v2\NCBI711\RESULT.json,54845107,cab3b7ce24a77efd477fdd41fce232d8a22b752dc16b2cf788eec955e96df6c4,d638a8e77298214b860a956bf2643675210cc67d2509a8c3843c44d52b3ee06c,3440749,2627,36601,96150827,5857938,769206616,70305768,3232100,41617,21762,142341,1665,1264,0.2862793057411768,4.698921702483024,0.26891916384660947,4.41397638554727,True
NCBI712,Homo sapiens,Visium,Kidney,Healthy,https://www.ncbi.nlm.nih.gov/pmc/articles/PMC10356613/,Patient 3,Creative Commons Attribution 4.0,E:\Hestdata\st\NCBI712.h5ad,True,74238043,exposure_unresolved,False,True,main_v2/NCBI712,E:\count压缩\baseline\evidence\COUNT-HEST-SHARED-RESUME-001\main_v2\NCBI712\RESULT.json,74238043,b22d70f334c5143aa451de8bca65ef0f45ce82cb444963a627716416deabe796,cb7e934a6756cc4d62a9212b93b14a2aca2a417f0b30a510901792bef34ed763,5018271,4166,36601,152479766,8246474,1219838128,98974356,4777663,42385,36518,158775,1666,1264,0.26328849429110485,4.868282856406266,0.25066476033285623,4.634866247077236,True
NCBI713,Homo sapiens,Visium,Kidney,Healthy,https://www.ncbi.nlm.nih.gov/pmc/articles/PMC10356613/,Patient 2,Creative Commons Attribution 4.0,E:\Hestdata\st\NCBI713.h5ad,True,59003283,exposure_unresolved,False,True,main_v2/NCBI713,E:\count压缩\baseline\evidence\COUNT-HEST-SHARED-RESUME-001\main_v2\NCBI713\RESULT.json,59003283,8b15bdda499a9496d76dab9d2010329b40b24c24a322f03a4a00e48080326ee6,8c140bdbf9c7c7d9f3b11e419291ff54fbf246c65474ade6bef36f666906fb5e,4011541,3627,36601,132751827,6354051,1062014616,76263124,3783317,41886,30868,152540,1666,1264,0.24174678966941826,5.050687821045188,0.22799336690108227,4.76334483308365,True
NCBI714,Homo sapiens,Visium,Kidney,Healthy,https://www.ncbi.nlm.nih.gov/pmc/articles/PMC10356613/,Patient 1,Creative Commons Attribution 4.0,E:\Hestdata\st\NCBI714.h5ad,True,81764414,exposure_unresolved,False,True,main_v2/NCBI714,E:\count压缩\baseline\evidence\COUNT-HEST-SHARED-RESUME-001\main_v2\NCBI714\RESULT.json,81764414,84069922b54e71d818c805846e9ef73a458a8bcedde878e536d55d3f21743494,3cd3cf9a8424e5b8f5f0d1986d4ff8876e5703052c1ee3bd9243d435e64a9b71,5269121,3007,33538,100848766,9261014,806790128,111144200,5060576,43138,25279,137198,1666,1264,0.4179819909744855,4.551657950198542,0.4014388039215076,4.371509210546491,True
NCBI716,Mus musculus,Visium,Brain,Healthy,https://pubmed.ncbi.nlm.nih.gov/37591239/,,,E:\Hestdata\st\NCBI716.h5ad,True,143801330,exposure_unresolved,False,True,main_v2/NCBI716,E:\count压缩\baseline\evidence\COUNT-HEST-SHARED-RESUME-001\main_v2\NCBI716\RESULT.json,143801330,559a5f6c5482d190c2bb387273b330ac3fbb1133c82579e3e2ae6486f652ffd7,e785e29c98f1d7ae72fdfbfdea9d94cb705c35fc16ed1c025d1eb1906516eaec,8482806,2801,32285,90430285,17005482,723442280,204076992,8285385,45020,23549,125920,1668,1264,0.7504393909628837,3.9906218477076982,0.7329743569867108,3.8977477968575074,True
NCBI717,Mus musculus,Visium,Brain,Healthy,https://pubmed.ncbi.nlm.nih.gov/37591239/,,,E:\Hestdata\st\NCBI717.h5ad,True,143121814,exposure_unresolved,False,True,main_v2/NCBI717,E:\count压缩\baseline\evidence\COUNT-HEST-SHARED-RESUME-001\main_v2\NCBI717\RESULT.json,143121814,ef228acbcf810c85b6ef237bd76169f247d17784ca152300fc67bd10099d4f12,6651faa3b7f232b59ae4a7280eb0c2ced9f7dbce7a35c9ec7611f3faaf1b32d4,8531727,2804,32285,90527140,16919894,724217120,203049948,8333949,45302,23596,125948,1668,1264,0.7539597075528952,4.033938746897587,0.736481810869094,3.940426104324294,True
NCBI718,Mus musculus,Visium,Brain,Healthy,https://pubmed.ncbi.nlm.nih.gov/37591239/,,,E:\Hestdata\st\NCBI718.h5ad,True,141059514,known_exposed,False,True,main_v2/NCBI718,E:\count压缩\baseline\evidence\COUNT-HEST-SHARED-RESUME-001\main_v2\NCBI718\RESULT.json,141059514,575c3a05acd85465e5209b438adf3cfb6d048c52f61a74ae065b54a0ae28a333,e5d575982310c18f36d4a4dab420101290131c96d1cd2b3b7b4fa0dd1b84deba,8434168,2973,32285,95983305,16659102,767866440,199921120,8233590,44895,25162,127589,1668,1264,0.7029695841375747,4.0502389624602815,0.686251843484656,3.9539178042129763,True
NCBI719,Mus musculus,Visium,Brain,Healthy,https://pubmed.ncbi.nlm.nih.gov/37591239/,,,E:\Hestdata\st\NCBI719.h5ad,True,139991002,exposure_unresolved,False,True,main_v2/NCBI719,E:\count压缩\baseline\evidence\COUNT-HEST-SHARED-RESUME-001\main_v2\NCBI719\RESULT.json,139991002,a5e234c2fb17a22bc4621666498cd6e9c9009ba3c246774ad7a7fb2d3acaba42,3bdad2d1e210538bddecac8f9066150a2f9973c26918e683267179a05ac30f0f,8299527,2735,32285,88299475,16529854,706395800,198369192,8103954,44439,22944,125258,1668,1264,0.7519434968327955,4.016745459457779,0.7342244333842302,3.9220934437775434,True
NCBI720,Mus musculus,Visium,Brain,Healthy,https://pubmed.ncbi.nlm.nih.gov/37591239/,,,E:\Hestdata\st\NCBI720.h5ad,True,133914434,exposure_unresolved,False,True,main_v2/NCBI720,E:\count压缩\baseline\evidence\COUNT-HEST-SHARED-RESUME-001\main_v2\NCBI720\RESULT.json,133914434,36e30e843c92f9d8e1073d6953095146d064460af3f5b1049a0ce84e48c043ab,ef445e15d6e7f99c6e800b99331c80b744c7aac7b416050b8e9ef7d0738c870b,7961211,2573,32285,83069305,15776781,664554440,189331668,7767935,44837,21492,124015,1668,1264,0.7667054395122241,4.03692540322389,0.7480919697113152,3.9389201130446065,True
NCBI727,Mus musculus,Visium,Lung,Diseased,https://www.nature.com/articles/s41467-023-41387-3,,,E:\Hestdata\st\NCBI727.h5ad,True,83838637,exposure_unresolved,True,True,main_v2/NCBI727,E:\count压缩\baseline\evidence\COUNT-HEST-SHARED-RESUME-001\main_v2\NCBI727\RESULT.json,83838637,1337ca9455ae2e5310869cd1a00604ecc90ba44e131f9246f5f23e2f2efc5ea3,1e78ac596aa17fe420c1593fa55f3a1d4b33c459b47d89e13be9593c6570f24f,5014679,1899,32285,61309215,9537515,490473720,114457780,4834123,42243,15189,120194,1666,1264,0.6543458760644709,4.2062772116216856,0.6307858288513399,4.054828118225764,True
NCBI728,Mus musculus,Visium,Bowel,Treated,https://www.ncbi.nlm.nih.gov/pmc/articles/PMC9701619/,,,E:\Hestdata\st\NCBI728.h5ad,True,124111511,exposure_unresolved,True,True,main_v2/NCBI728,E:\count压缩\baseline\evidence\COUNT-HEST-SHARED-RESUME-001\main_v2\NCBI728\RESULT.json,124111511,d8cde2f1229bae268da1a5c03309bdf201fa4f1924c05ffba679f881a9513aa4,7dda1682629c6beec99cbbddb2fe140fde3977b0d66fe259e7478fe4166f7ec6,7627859,3630,31053,112722390,14554326,901779120,174666436,7419582,43694,31225,130427,1667,1264,0.5413553775784917,4.192765230076611,0.5265737889340352,4.078282704400053,True
NCBI729,Mus musculus,Visium,Bowel,Healthy,https://www.ncbi.nlm.nih.gov/pmc/articles/PMC9701619/,,,E:\Hestdata\st\NCBI729.h5ad,True,99177603,exposure_unresolved,True,True,main_v2/NCBI729,E:\count压缩\baseline\evidence\COUNT-HEST-SHARED-RESUME-001\main_v2\NCBI729\RESULT.json,99177603,42d0ab57689eda1311302440338484ed0eeb4a829cc32ca3c09218ad1649c0c3,5495f4ce1f7f9683d6caaf55e702ddcc326a2349d4f799d7a82d6675e05826f5,6063161,2604,31053,80862012,11471080,646896096,137663380,5874766,43008,21686,120770,1667,1264,0.5998525982756897,4.2284848505982,0.5812139326931415,4.0970970475317054,True
NCBI759,Homo sapiens,Spatial Transcriptomics,Skin,Cancer,https://www.ncbi.nlm.nih.gov/pmc/articles/PMC7391009/,Patient 10,,E:\Hestdata\st\NCBI759.h5ad,True,67655813,exposure_unresolved,False,True,main_v2/NCBI759,E:\count压缩\baseline\evidence\COUNT-HEST-SHARED-RESUME-001\main_v2\NCBI759\RESULT.json,67655813,1e4c968352a70e1c5990f0384a901c21f79a7b005f6b88713fd36e02a3000c55,9c1ec42673c24880a58189dcbbb6b7bb7ffb7cb31fc99060a71de6fac119503a,439074,462,17047,7875714,548032,63005712,6578236,354421,20495,3011,58225,1658,1264,0.44600299096691426,6.40946514072171,0.36001408888133823,5.17372708163027,True
NCBI760,Homo sapiens,Spatial Transcriptomics,Skin,Cancer,https://www.ncbi.nlm.nih.gov/pmc/articles/PMC7391009/,Patient 10,,E:\Hestdata\st\NCBI760.h5ad,True,87313271,exposure_unresolved,False,True,main_v2/NCBI760,E:\count压缩\baseline\evidence\COUNT-HEST-SHARED-RESUME-001\main_v2\NCBI760\RESULT.json,87313271,e752c020685310dd85b6c68c0f0ecf41c599c565c4a495eeb792fc4dece96612,7fd972b977695164b6a8c4407eb443777f89d4cfca277ad91b5520c85b9217db,619201,621,16642,10334682,847848,82677456,10176664,532457,21834,4001,57987,1658,1264,0.4793188605125924,5.842566120342325,0.41217097923283946,5.0240797878865076,True
NCBI761,Homo sapiens,Spatial Transcriptomics,Skin,Cancer,https://www.ncbi.nlm.nih.gov/pmc/articles/PMC7391009/,Patient 10,,E:\Hestdata\st\NCBI761.h5ad,True,79358519,exposure_unresolved,False,True,main_v2/NCBI761,E:\count压缩\baseline\evidence\COUNT-HEST-SHARED-RESUME-001\main_v2\NCBI761\RESULT.json,79358519,319404c208c6d8f456266d806ffb5ff6d9fc04da964e4e060a714d906d8f445d,218dd71f9a440787cb9ca0942146fddd465f7d52a040ae24ef017530e44d9942,404751,608,15383,9352864,477083,74822912,5727432,326508,18089,3911,53322,1657,1264,0.3462049699428966,6.787095746442443,0.27927958751458376,5.475072471666356,True
NCBI763,Homo sapiens,Spatial Transcriptomics,Skin,Cancer,https://www.ncbi.nlm.nih.gov/pmc/articles/PMC7391009/,Patient 9,,E:\Hestdata\st\NCBI763.h5ad,True,170459001,exposure_unresolved,False,True,main_v2/NCBI763,E:\count压缩\baseline\evidence\COUNT-HEST-SHARED-RESUME-001\main_v2\NCBI763\RESULT.json,170459001,a44bbc49feba4703a6be7532e5e0b9d9751be0499a12d7d954c508da940625a5,156e623f23cf68b1a33ef6e52c586814fd4d1059687323f2c09660badb8bfea4,753053,1071,19314,20685294,960127,165482352,11525812,648379,23029,6787,71935,1659,1264,0.291241884210106,6.274611587842025,0.25075940424148674,5.402443635060778,True
NCBI764,Homo sapiens,Spatial Transcriptomics,Skin,Cancer,https://www.ncbi.nlm.nih.gov/pmc/articles/PMC7391009/,Patient 9,,E:\Hestdata\st\NCBI764.h5ad,True,168116968,exposure_unresolved,False,True,main_v2/NCBI764,E:\count压缩\baseline\evidence\COUNT-HEST-SHARED-RESUME-001\main_v2\NCBI764\RESULT.json,168116968,83444324a2eb6eaf5cdfbd0d94442e59409afa24f85302eed7ecaa2eefbb8c72,d4da6bddeda6c777edf50f05c6e49fb2bfcf6fa1e861470cc177d395fc66ae57,827008,1145,17823,20407335,1079548,163258680,12959160,727139,23018,7300,66627,1660,1264,0.32420029366891856,6.128550096892403,0.2850500567565535,5.388469989291814,True
NCBI765,Homo sapiens,Spatial Transcriptomics,Skin,Cancer,https://www.ncbi.nlm.nih.gov/pmc/articles/PMC7391009/,Patient 5,,E:\Hestdata\st\NCBI765.h5ad,True,77205136,exposure_unresolved,False,True,main_v2/NCBI765,E:\count压缩\baseline\evidence\COUNT-HEST-SHARED-RESUME-001\main_v2\NCBI765\RESULT.json,77205136,e59db2b435eb3a8249b24776101403bf49278501450d0e9f8ca2dee91391171c,a519acd964070384f493f4c2572270e31b523c12c365cef931f0badf84538ee9,442219,521,17399,9064879,575380,72519032,6906648,356027,19726,3481,60064,1657,1264,0.3902701845220438,6.148548785150683,0.3142034217996732,4.950147728457715,True
NCBI766,Homo sapiens,Spatial Transcriptomics,Skin,Cancer,https://www.ncbi.nlm.nih.gov/pmc/articles/PMC7391009/,Patient 5,,E:\Hestdata\st\NCBI766.h5ad,True,78465474,exposure_unresolved,False,True,main_v2/NCBI766,E:\count压缩\baseline\evidence\COUNT-HEST-SHARED-RESUME-001\main_v2\NCBI766\RESULT.json,78465474,06200466534dbb4ed99fb9ad5e51c2590f33098f19f912ac8b969613ede711d2,3f230d8427143fd446523d9ae91bf159d1670d3aa0b9f84749cc531cd335c774,578303,521,17689,9215969,856127,73727752,10275612,489081,21797,3481,61022,1658,1264,0.5020008205322739,5.4038991878541385,0.4245509072350395,4.570172416008373,True
NCBI767,Homo sapiens,Spatial Transcriptomics,Skin,Cancer,https://www.ncbi.nlm.nih.gov/pmc/articles/PMC7391009/,Patient 5,,E:\Hestdata\st\NCBI767.h5ad,True,84714541,exposure_unresolved,False,True,main_v2/NCBI767,E:\count压缩\baseline\evidence\COUNT-HEST-SHARED-RESUME-001\main_v2\NCBI767\RESULT.json,84714541,ee4643cf2a2a66880a806f8dccde3e9da6f0c13306297900196f385b8c0d954a,1f14253ecfccd98d3aa8e64bfffe0ce2b306b57840c0480dfc1aeae2ce842a65,526971,590,16959,10005810,740588,80046480,8889420,440714,20275,3905,59155,1658,1264,0.4213320061044533,5.692460585372704,0.3523664750779797,4.760692854866673,True
NCBI768,Homo sapiens,Spatial Transcriptomics,Skin,Cancer,https://www.ncbi.nlm.nih.gov/pmc/articles/PMC7391009/,Patient 2,,E:\Hestdata\st\NCBI768.h5ad,True,96043065,exposure_unresolved,False,True,main_v2/NCBI768,E:\count压缩\baseline\evidence\COUNT-HEST-SHARED-RESUME-001\main_v2\NCBI768\RESULT.json,96043065,6ec7ffd4abf6baf14d84793900e20dff4b70da78347608bd27e9830730c667d3,5634baf74a6e0b5c748157acc36a420ddc7334b57fae5671e5a50e9da476fc38,1241053,638,17883,11409354,2038310,91274832,24462276,1145072,26316,4162,62580,1659,1264,0.8702003636665143,4.870909724232329,0.8029004972586529,4.494201568946823,True
NCBI769,Homo sapiens,Spatial Transcriptomics,Skin,Cancer,https://www.ncbi.nlm.nih.gov/pmc/articles/PMC7391009/,Patient 2,,E:\Hestdata\st\NCBI769.h5ad,True,94335446,exposure_unresolved,False,True,main_v2/NCBI769,E:\count压缩\baseline\evidence\COUNT-HEST-SHARED-RESUME-001\main_v2\NCBI769\RESULT.json,94335446,5907313fdd94ccc77afe82d83ae4124fa6bd47f65fe3c2a5e22245651d0cbd3b,8e6aefcfaf414938c955d4ed658367b1b1185b43317cec7964ee1b6aa613de8d,1235225,646,17344,11204224,2028262,89633792,24341732,1141794,26005,4180,60323,1659,1264,0.8819709423874424,4.8720530187914575,0.8152596734945677,4.503536525360136,True
NCBI770,Homo sapiens,Spatial Transcriptomics,Skin,Cancer,https://www.ncbi.nlm.nih.gov/pmc/articles/PMC7391009/,Patient 2,,E:\Hestdata\st\NCBI770.h5ad,True,96002588,exposure_unresolved,False,True,main_v2/NCBI770,E:\count压缩\baseline\evidence\COUNT-HEST-SHARED-RESUME-001\main_v2\NCBI770\RESULT.json,96002588,e92643106972dc8fc88feb2724c1e4c2dd5c590a1df7b00722bea31b57cf0d83,8abbcbba2c13963f3182b5a7b1d11d12c1aceded6813d2a4f2f53b35e0392598,1147372,666,17138,11413908,1834138,91311264,22012324,1054921,25380,4291,59857,1659,1264,0.8041922188263652,5.004517653524435,0.7393933786745083,4.601272096210863,True
NCBI771,Homo sapiens,Visium,Eye,Cancer,https://www.ncbi.nlm.nih.gov/pmc/articles/PMC10296284/,,,E:\Hestdata\st\NCBI771.h5ad,True,19790773,exposure_unresolved,True,True,main_v2/NCBI771,E:\count压缩\baseline\evidence\COUNT-HEST-SHARED-RESUME-001\main_v2\NCBI771\RESULT.json,19790773,4c7862f5d9d1c8abfc7d898e5925c36ce6ec76e513afd0f88760a591fbc4f0f6,968ae81fcf213e5bc79195b4ffd2a8ac3e2f44b0abcb4c3a6810f27157d6d40c,1424047,3584,17943,64307712,1783739,514461696,21419208,1278490,22829,30931,88871,1662,1264,0.17715411800065287,6.386795377574858,0.15904655416756236,5.733977896990535,True
NCBI776,Homo sapiens,Visium,Breast,Cancer,https://www.nature.com/articles/s41467-023-43458-x,,,E:\Hestdata\st\NCBI776.h5ad,True,243948207,exposure_unresolved,True,True,main_v2/NCBI776,E:\count压缩\baseline\evidence\COUNT-HEST-SHARED-RESUME-001\main_v2\NCBI776\RESULT.json,243948207,456567a13c1b644d5b0eba0e917f190fa84178060b29c0274792e9c4f0ca2b6e,dca6ad1086d1671554e4276dd754d965f9447e2999b7bb72818118126b32edce,15546138,4992,18085,90280320,29737138,722242560,356865628,15360734,34426,44583,103462,1669,1264,1.3775882052699857,4.1822822357686205,1.3611590211465798,4.132404133847716,True
NCBI783,Homo sapiens,Xenium,Breast,Cancer,https://www.nature.com/articles/s41467-023-43458-x,patient 5,,E:\Hestdata\st\NCBI783.h5ad,True,6951575,exposure_unresolved,True,True,main_v2/NCBI783,E:\count压缩\baseline\evidence\COUNT-HEST-SHARED-RESUME-001\main_v2\NCBI783\RESULT.json,6951575,99e0013536962f217205a49542fbbaa94ccd23e02cadee96f4b5ebb7b16c63dc,ed0c958a74a273d61c01a94c23d053dea07ea07015f813ac2b765c5403dc8fe1,590355,3869,541,2093129,777304,16745032,9343128,540865,2705,23484,20380,1657,1264,2.256354003981599,6.075923962825355,2.067201782594384,5.566573695748382,True
NCBI785,Homo sapiens,Xenium,Breast,Cancer,https://www.nature.com/articles/s41467-023-43458-x,patient 4,,E:\Hestdata\st\NCBI785.h5ad,True,7705756,exposure_unresolved,True,True,main_v2/NCBI785,E:\count压缩\baseline\evidence\COUNT-HEST-SHARED-RESUME-001\main_v2\NCBI785\RESULT.json,7705756,e9d7d5fa41bf485abbe20bf1f29c82990714e9403f65e26e15d19b360b9697e6,38d4cddf2193f486091974306bc5aaf803541baf8f06284ab5585ea36d398a1b,935740,4180,541,2261380,1260844,18091040,15146852,881690,2878,25992,22257,1659,1264,3.3103326287488173,5.937229347960573,3.1191219520823568,5.594284463422913,True
NCBI786,Mus musculus,Visium,Heart,Treated,,,,E:\Hestdata\st\NCBI786.h5ad,True,110698901,known_exposed,False,True,main_v2/NCBI786,E:\count压缩\baseline\evidence\COUNT-HEST-SHARED-RESUME-001\main_v2\NCBI786\RESULT.json,110698901,848d90d2ba21ebb13a297fbdb9a19643866ab548c67e5cfeb5f237990957ee62,81751491a28a07b87554272d923afe6007a10f7a1fc9b85e92d1dabc1f16faa2,4617047,2826,32285,91237410,8674457,729899280,104104792,4424880,37961,23762,127514,1666,1264,0.4048380593004558,4.258062032009612,0.3879882166755939,4.080836414313887,True
NCBI787,Mus musculus,Visium,Heart,Treated,,,,E:\Hestdata\st\NCBI787.h5ad,True,86024018,exposure_unresolved,False,True,main_v2/NCBI787,E:\count压缩\baseline\evidence\COUNT-HEST-SHARED-RESUME-001\main_v2\NCBI787\RESULT.json,86024018,9187698a7927bcd63b70707418b4f5e53f9224ab6c170948137191711a5f0957,e9ec8681ae845af7a37ee552ab77c70edfada91af8f798711f005e20584629d4,3715478,2823,32285,91140555,6628677,729124440,79555420,3525322,36077,23762,127387,1666,1264,0.3261316984519131,4.484126168766407,0.30944046807702674,4.25463120317976,True
NCBI788,Mus musculus,Visium,Uterus,Treated,https://pubmed.ncbi.nlm.nih.gov/37598997/,,,E:\Hestdata\st\NCBI788.h5ad,True,50302112,exposure_unresolved,False,True,main_v2/NCBI788,E:\count压缩\baseline\evidence\COUNT-HEST-SHARED-RESUME-001\main_v2\NCBI788\RESULT.json,50302112,3b6b6132f1544ca93d01aa447928c59169a05ce8f53ba4f1906a4d9983e6aac4,cbbac5ae470e8d2cdfceb9906a5dd1d76e2a2b811ba5fc282b8d9f5f85c891ed,2892081,1182,32298,38176236,5240253,305409888,62887768,2718626,38794,9113,122619,1665,1264,0.6060484328523116,4.415177664131865,0.5697001663547973,4.150373655623116,True
NCBI789,Mus musculus,Visium,Uterus,Treated,https://pubmed.ncbi.nlm.nih.gov/37598997/,,,E:\Hestdata\st\NCBI789.h5ad,True,106084736,known_exposed,False,True,main_v2/NCBI789,E:\count压缩\baseline\evidence\COUNT-HEST-SHARED-RESUME-001\main_v2\NCBI789\RESULT.json,106084736,bcbaa6f529ad699f434e1c9f8a7f440109f6857443021dee69cb7343622b54d9,e720a4aa07ab4c52a0b469fd9952ee5297c8b0b6ef33afeac9763c216c11130c,6092004,2302,32298,74349996,12164943,594799968,145988528,5885115,42710,18855,142393,1667,1264,0.6554947494549966,4.006268833318824,0.6332336588155297,3.87021295537513,True
NCBI790,Mus musculus,Visium,Uterus,Treated,https://pubmed.ncbi.nlm.nih.gov/37598997/,,,E:\Hestdata\st\NCBI790.h5ad,True,63771919,exposure_unresolved,False,True,main_v2/NCBI790,E:\count压缩\baseline\evidence\COUNT-HEST-SHARED-RESUME-001\main_v2\NCBI790\RESULT.json,63771919,5fb60157fbb78c13c347c0d267342b5f7d217ad4df1124ddc4b3fb570affc62f,8fa24cb7032c4c43beef92f4740863ac7b109d535b8b3dfaef4201520c0c2dad,3669786,1625,32298,52484250,6888013,419874000,82662660,3482770,40599,12932,130555,1666,1264,0.5593732977035968,4.26222888952155,0.530867069644703,4.045021401672732,True
NCBI791,Mus musculus,Visium,Placenta,Treated,https://pubmed.ncbi.nlm.nih.gov/37598997/,,,E:\Hestdata\st\NCBI791.h5ad,True,29746183,exposure_unresolved,False,True,main_v2/NCBI791,E:\count压缩\baseline\evidence\COUNT-HEST-SHARED-RESUME-001\main_v2\NCBI791\RESULT.json,29746183,19c74c0bc9a85a4c2d628ffec134c3b36792d93a0e4851486a903852ee4198f4,df051ce6646fc47a238d7a6ca2c9599d905de28ddfa425b7fb219dc71d1df8d4,1502440,429,32298,13855842,2679043,110846736,32150236,1350708,37006,3117,108683,1662,1264,0.8674694760520508,4.486497603808524,0.7798633962483117,4.033404465699132,True
NCBI792,Mus musculus,Visium,Prostate,Healthy,https://www.ncbi.nlm.nih.gov/pmc/articles/PMC10081210/,,,E:\Hestdata\st\NCBI792.h5ad,True,129926691,exposure_unresolved,False,True,main/NCBI792,E:\count压缩\baseline\evidence\COUNT-HEST-SHARED-LARGE-002\main\NCBI792\RESULT.json,129926691,724a6c95d67d764a831e60adc7f259b6246a6e0acf3c3d6b05e0e0fc7eb7d03b,4713d40f58a3754151e82ccf1dfdd12dde8db8126e9c3bdabe763459d449741b,10612925,14332,32589,467065548,15013701,3736524384,180221744,10019131,39487,142664,408710,1669,1264,0.18178048105573397,5.6550613336445155,0.1716098486459121,5.338660201105643,True
NCBI793,Mus musculus,Visium,Prostate,Cancer,https://www.ncbi.nlm.nih.gov/pmc/articles/PMC10081210/,,,E:\Hestdata\st\NCBI793.h5ad,True,256268045,exposure_unresolved,False,True,main/NCBI793,E:\count压缩\baseline\evidence\COUNT-HEST-SHARED-LARGE-002\main\NCBI793\RESULT.json,256268045,e8873776c065367d084d615e030965559c3f9e6bb2c097367c2b56ed6719bb6a,2bb60113b32902ae2f8c91a36171bbf7667e87ef582c763d7fe8e23034e5c3d8,17228889,14110,32589,459830790,30792580,3678646320,369567404,16638437,42145,140337,405035,1671,1264,0.29974311202605636,4.476114440556784,0.28947060287111265,4.322713328990296,True
NCBI794,Mus musculus,Visium,Muscle,Treated,https://www.ncbi.nlm.nih.gov/pmc/articles/PMC8589952/,,,E:\Hestdata\st\NCBI794.h5ad,True,31476869,exposure_unresolved,True,True,main_v2/NCBI794,E:\count压缩\baseline\evidence\COUNT-HEST-SHARED-RESUME-001\main_v2\NCBI794\RESULT.json,31476869,3f0e4bf0ac6295ac7f3ee7765b80f278e0c1d92073eee1ad6b5085ca049be2bf,68bc60983fd124eba0b101b808f5104845b6ce561853484b698859b3a2d52494,1823358,995,33217,33050915,2989772,264407320,35881248,1651842,34881,7707,126002,1662,1264,0.4413452396098565,4.878921870965411,0.3998296567583681,4.419981189201049,True
NCBI795,Mus musculus,Visium,Muscle,Treated,https://www.ncbi.nlm.nih.gov/pmc/articles/PMC8589952/,,,E:\Hestdata\st\NCBI795.h5ad,True,26362717,exposure_unresolved,True,True,main_v2/NCBI795,E:\count压缩\baseline\evidence\COUNT-HEST-SHARED-RESUME-001\main_v2\NCBI795\RESULT.json,26362717,a8e15d47176cbb15add2c33515cfaa0e9750386f444107ea8a3d727e5fabd127,009203d0917161cc666218748d7142619ed7b54b6e9ac33c1e829afcce523c5d,1510295,1011,33217,33582387,2353599,268659096,28247236,1346017,33048,7711,120593,1662,1264,0.35978264439630214,5.133567782787127,0.3206483207998288,4.5751786944165085,True
NCBI796,Mus musculus,Visium,Muscle,Treated,https://www.ncbi.nlm.nih.gov/pmc/articles/PMC8589952/,,,E:\Hestdata\st\NCBI796.h5ad,True,20153420,exposure_unresolved,True,True,main_v2/NCBI796,E:\count压缩\baseline\evidence\COUNT-HEST-SHARED-RESUME-001\main_v2\NCBI796\RESULT.json,20153420,255aae275b385a06e672d66db2f838d811cbffe5f83ebe708914084bfb2e7717,60ce110a7361a5d0facb843650218ddd72443e4d34a8e1cf27a97bbb3d76c139,1118289,982,33217,32619094,1577980,260952752,18939692,957547,30389,7539,119890,1660,1264,0.27426610929169276,5.669471095958124,0.23484330987243238,4.85454568498967,True
NCBI8,Mus musculus,Spatial Transcriptomics,Spinal cord,Diseased,https://www.science.org/doi/10.1126/science.aav9776?url_ver=Z39.88-2003&rfr_id=ori:rid:crossref.org&rfr_dat=cr_pub%20%200pubmed,,,E:\Hestdata\st\NCBI8.h5ad,True,31005350,exposure_unresolved,False,True,main_v2/NCBI8,E:\count压缩\baseline\evidence\COUNT-HEST-SHARED-RESUME-001\main_v2\NCBI8\RESULT.json,31005350,89ae4c0b65480d653919aaf50449e65f61fa28f91157ac0a41432561c836248a,ea5dfe9d35d4c74fe4cf4c51e131f770fea3ad28bf59be86430bd0fc8178c27b,363815,209,15966,3336894,550839,26695152,6610908,284774,19228,1349,55543,1657,1264,0.8722242900134077,5.2837943573349015,0.6827283096196642,4.135858209022963,True
NCBI800,Mus musculus,Visium,Brain,Healthy,"https://www.sciencedirect.com/science/article/abs/pii/S0889159123004166#:~:text=These%20data%20suggest%20binge%20drinking,heightened%20neuroinflammatory%20responses%20to%20ethanol.",,,E:\Hestdata\st\NCBI800.h5ad,True,107211531,exposure_unresolved,False,True,main_v2/NCBI800,E:\count压缩\baseline\evidence\COUNT-HEST-SHARED-RESUME-001\main_v2\NCBI800\RESULT.json,107211531,f5b35e5992d5cb978deb236892dc614fff910c646653136e90195d03d143ef6a,ab465e3e6e8d577e3a01cb6dbb624ab3ea44cb82dadffd54687855d15998ba4b,6591831,2784,32285,89881440,12423058,719051520,149087836,6358984,43060,23363,163493,1667,1264,0.5867134304924354,4.244900732170775,0.5659886178948624,4.094955686434049,True
NCBI801,Mus musculus,Visium,Brain,Treated,"https://www.sciencedirect.com/science/article/abs/pii/S0889159123004166#:~:text=These%20data%20suggest%20binge%20drinking,heightened%20neuroinflammatory%20responses%20to%20ethanol.",,,E:\Hestdata\st\NCBI801.h5ad,True,125591960,exposure_unresolved,False,True,main_v2/NCBI801,E:\count压缩\baseline\evidence\COUNT-HEST-SHARED-RESUME-001\main_v2\NCBI801\RESULT.json,125591960,35accbbd4c37681ff3f5729214bda66b03fe50031ae7b0006ccfade03b83a21a,8b2a8e107b76a5c39e4a80071bc160c4d6d6252590465de7f48b62332afb4674,7615565,2889,32285,93271365,14718782,746170920,176636944,7378371,43957,24451,165855,1667,1264,0.6531964017037812,4.139236521065398,0.6328519798118104,4.010316070990113,True
NCBI802,Mus musculus,Visium,Brain,Healthy,"https://www.sciencedirect.com/science/article/abs/pii/S0889159123004166#:~:text=These%20data%20suggest%20binge%20drinking,heightened%20neuroinflammatory%20responses%20to%20ethanol.",,,E:\Hestdata\st\NCBI802.h5ad,True,115479998,exposure_unresolved,False,True,main_v2/NCBI802,E:\count压缩\baseline\evidence\COUNT-HEST-SHARED-RESUME-001\main_v2\NCBI802\RESULT.json,115479998,821cd8e3734a0a75fb2e2f5d50d2281bbe1847ce1c6bfbbb0d6ca758c7a73420,c6359e0a407f241af9425d6b3794dab5166e859c7e288fd64b8e3534639eb033,7014330,2743,32285,88557755,13456927,708462040,161494100,6782571,43654,23099,162075,1667,1264,0.633650209402892,4.169944594334204,0.6127139063089393,4.03216633336868,True
NCBI806,Mus musculus,Visium,Brain,Genetically modified,,,,E:\Hestdata\st\NCBI806.h5ad,True,53561653,exposure_unresolved,False,True,main_v2/NCBI806,E:\count压缩\baseline\evidence\COUNT-HEST-SHARED-RESUME-001\main_v2\NCBI806\RESULT.json,53561653,2453e41b67168cd02b411d7c702399bcce17b7add3beaba09695fe071b5bb536,f656e7f4d68b83fb0a57187fd80a5881ff2ad068527b5d65a488833c75ca1e9b,3149043,1435,32285,46328975,5783024,370631800,69402032,2962051,39096,11309,133657,1666,1264,0.5437708043400485,4.356257902439969,0.5114813785541338,4.097580781265995,True
NCBI807,Mus musculus,Visium,Brain,Genetically modified,,,,E:\Hestdata\st\NCBI807.h5ad,True,69846270,known_exposed,False,True,main_v2/NCBI807,E:\count压缩\baseline\evidence\COUNT-HEST-SHARED-RESUME-001\main_v2\NCBI807\RESULT.json,69846270,7ed26d529dd69b77f575920bc3e8671b25ec85b42a8b16d04c62811b59aaa306,c8c216d88a1315836e07d5924ebd080bc6d870e396d7c8aabf072bbd3970c90d,4251586,2320,32285,74901200,7799074,599209600,93598172,4036650,39464,19199,153343,1666,1264,0.45410070866688385,4.361118768715363,0.4311439603103822,4.140645415083894,True
NCBI808,Mus musculus,Visium,Brain,Genetically modified,,,,E:\Hestdata\st\NCBI808.h5ad,True,95120265,known_exposed,False,True,main_v2/NCBI808,E:\count压缩\baseline\evidence\COUNT-HEST-SHARED-RESUME-001\main_v2\NCBI808\RESULT.json,95120265,a12ffaaf1c29c731f28582d6dddcc15fe119a0474d2935b2809c6cae1a020f75,f873b4a828c113e57a66c72f4fd877be9e8ab4b7b6075f97935b240a444d5cc8,5590113,2359,32285,76160315,10924608,609282520,131104736,5372035,41789,19481,153877,1667,1264,0.5871943150445216,4.0935934726445105,0.5642870568484387,3.9338967585839235,True
NCBI809,Mus musculus,Visium,Brain,Genetically modified,,,,E:\Hestdata\st\NCBI809.h5ad,True,62031624,exposure_unresolved,False,True,main_v2/NCBI809,E:\count压缩\baseline\evidence\COUNT-HEST-SHARED-RESUME-001\main_v2\NCBI809\RESULT.json,62031624,53e532879c8f64e63858ccb6b434e846c494496d69d4ed38eab2b2bce6dcf0db,6f929bc61207536569ebe0876566b6812a33b3b949ee344affaccd31f20b70a9,3633154,1554,32285,50170890,6837812,401367120,82059964,3441384,40035,12338,136467,1666,1264,0.5793246242990706,4.250662638867521,0.5487459361394625,4.02629847091438,True
NCBI811,Homo sapiens,Visium,Uterus,Healthy,https://pubmed.ncbi.nlm.nih.gov/37423216/,,,E:\Hestdata\st\NCBI811.h5ad,True,54235526,exposure_unresolved,False,True,main_v2/NCBI811,E:\count压缩\baseline\evidence\COUNT-HEST-SHARED-RESUME-001\main_v2\NCBI811\RESULT.json,54235526,06e127d74bca267b46160ca62b20a2eb44eeca5b0a2775839e51cbf9667d8978,db7e947ba1aa73e16194f7c6f4cce4896b5ae062a661c05c44299bca45484df0,3301948,1894,36612,69343128,5651497,554745024,67825544,3080278,42522,15336,160882,1666,1264,0.3809401848731139,4.6740861757513095,0.3553664899570149,4.360300288578407,True
NCBI812,Homo sapiens,Visium,Uterus,Healthy,https://pubmed.ncbi.nlm.nih.gov/37423216/,,,E:\Hestdata\st\NCBI812.h5ad,True,55527505,exposure_unresolved,False,True,main_v2/NCBI812,E:\count压缩\baseline\evidence\COUNT-HEST-SHARED-RESUME-001\main_v2\NCBI812\RESULT.json,55527505,2b3bb8e27feac84fb7001423278c5d8aaffde95ef1376bc566bcdb7b682ee393,d4314823c8ef00f0d1a915214b16cbe0061c4a85ea699aa6132a6111425084d7,3562079,2605,36612,95374260,5800321,762994080,69614276,3318799,42322,21705,176323,1666,1264,0.2987874506182276,4.9129405079477495,0.27838110618105977,4.577400457664326,True
NCBI813,Homo sapiens,Visium,Uterus,Healthy,https://pubmed.ncbi.nlm.nih.gov/37423216/,,,E:\Hestdata\st\NCBI813.h5ad,True,52458935,exposure_unresolved,False,True,main_v2/NCBI813,E:\count压缩\baseline\evidence\COUNT-HEST-SHARED-RESUME-001\main_v2\NCBI813\RESULT.json,52458935,d188883538347cad665301430c31ec26ece1915d2da9db55589fb3d294316120,786a9c7facf1916b8bb64cf1aa0e0e3c9dabf9773109a5828692ecf1e4759b4a,3340701,2027,36612,74212524,5430527,593700192,65174436,3115560,42369,16437,163405,1666,1264,0.3601226121887459,4.921365458637808,0.3358527463639426,4.589698200561382,True
NCBI814,Homo sapiens,Visium,Uterus,Diseased,https://pubmed.ncbi.nlm.nih.gov/37423216/,,,E:\Hestdata\st\NCBI814.h5ad,True,9382943,exposure_unresolved,False,True,main_v2/NCBI814,E:\count压缩\baseline\evidence\COUNT-HEST-SHARED-RESUME-001\main_v2\NCBI814\RESULT.json,9382943,b0e95a4c3c1e1f77d2efe79a20c30a37c6ffcefac46f89e8d669206eca7eb510,e91a47a78fe0508c5abcce049a65d8f19842595ecf3ac3f693ce735ee2c06f63,248009,1323,36612,48437676,72209,387501408,871804,72395,13981,10378,148336,1655,1264,0.04096133761661067,27.476796521209266,0.011956808167262195,8.02060684956169,True
NCBI815,Homo sapiens,Visium,Uterus,Diseased,https://pubmed.ncbi.nlm.nih.gov/37423216/,,,E:\Hestdata\st\NCBI815.h5ad,True,10483468,exposure_unresolved,False,True,main_v2/NCBI815,E:\count压缩\baseline\evidence\COUNT-HEST-SHARED-RESUME-001\main_v2\NCBI815\RESULT.json,10483468,e2af76a771c5e6cadb9351ca6f9f541b38474f61c50059df8c058d958d8852de,e58fcb75cb2de9fa357cb711532a3db4ae29b4f21059057f4e59bb6ee572068f,322581,369,36612,13509828,226303,108078624,2717116,167042,23634,2677,126308,1656,1264,0.1910200485157916,11.403507686597173,0.09891584111951685,5.905074170470564,True
NCBI816,Homo sapiens,Visium,Uterus,Diseased,https://pubmed.ncbi.nlm.nih.gov/37423216/,,,E:\Hestdata\st\NCBI816.h5ad,True,22663681,exposure_unresolved,False,True,main_v2/NCBI816,E:\count压缩\baseline\evidence\COUNT-HEST-SHARED-RESUME-001\main_v2\NCBI816\RESULT.json,22663681,21c6d43e319525dba5e8500468b71118325fe422414d4186a4c0e326711eedc4,f15b7b42cab2819e71aef6372bc09ca58d121810c17de34466544361492c70f4,1128628,669,36612,24493428,1746761,195947424,20963812,952388,34716,4981,133619,1660,1264,0.3686304750809074,5.169009383653516,0.311067278945193,4.361846869720586,True
NCBI818,Homo sapiens,Visium,Uterus,Diseased,https://pubmed.ncbi.nlm.nih.gov/37423216/,,,E:\Hestdata\st\NCBI818.h5ad,True,20383071,known_exposed,False,True,main_v2/NCBI818,E:\count压缩\baseline\evidence\COUNT-HEST-SHARED-RESUME-001\main_v2\NCBI818\RESULT.json,20383071,bfeec34ede507dcd5fb3ec16894b99f4d00da20d409aec30aeac99dfbbd0f556,677bd4a8ebcebbd588c2c3552545f85c03cafad68b88042887fddc7facc9fc34,1034523,515,36612,18855180,1473018,150841440,17678280,862401,35577,3839,129782,1660,1264,0.4389342345180476,5.618521973254909,0.36590517831174246,4.683722805831294,True
NCBI819,Homo sapiens,Visium,Uterus,Diseased,https://pubmed.ncbi.nlm.nih.gov/37423216/,,,E:\Hestdata\st\NCBI819.h5ad,True,28734134,exposure_unresolved,False,True,main_v2/NCBI819,E:\count压缩\baseline\evidence\COUNT-HEST-SHARED-RESUME-001\main_v2\NCBI819\RESULT.json,28734134,ba33c1eed8c1cec7add60b4cc5f7c4ec11c457e9d5c318485152c3a8adb287f9,4a0ea43402baccddeff1dcec6c8b474e4039edc1a1dbff58a03c01dca85672f5,1565155,918,36612,33609816,2484575,268878528,29818576,1378490,37721,6972,139048,1660,1264,0.37254711540223845,5.0395902719781045,0.328116048002167,4.438553877423704,True
NCBI820,Homo sapiens,Visium,Uterus,Diseased,https://pubmed.ncbi.nlm.nih.gov/37423216/,,,E:\Hestdata\st\NCBI820.h5ad,True,36361405,exposure_unresolved,False,True,main_v2/NCBI820,E:\count压缩\baseline\evidence\COUNT-HEST-SHARED-RESUME-001\main_v2\NCBI820\RESULT.json,36361405,e9c8e487df096c6f493394d45900b5b46dc49067c30fef243fd15700738c6860,4c445c643e5a80a21218b66130ab67f39891f60f1cf20ee9a18484f79e1c53d1,2183620,1561,36612,57151332,3429737,457210656,41163092,1975653,39234,12403,153402,1664,1264,0.30566146734777766,5.093381795747021,0.2765504048094627,4.608290373285182,True
NCBI821,Homo sapiens,Visium,Uterus,Diseased,https://pubmed.ncbi.nlm.nih.gov/37423216/,,,E:\Hestdata\st\NCBI821.h5ad,True,51900315,exposure_unresolved,False,True,main_v2/NCBI821,E:\count压缩\baseline\evidence\COUNT-HEST-SHARED-RESUME-001\main_v2\NCBI821\RESULT.json,51900315,ebe903057791726b7e49e4954719da9bf49afb3741eac873f102e361bf8df97a,077a0f1575571f63220b420aa8f257600d39e5340e98a1edae6d34d3d3125acc,2979592,1375,36612,50341500,5373315,402732000,64485284,2774999,41308,10828,149527,1666,1264,0.4735007101496777,4.436132257275071,0.44098789269290745,4.131526255207446,True
NCBI823,Mus musculus,Visium,Uterus,Treated,https://pubmed.ncbi.nlm.nih.gov/37598997/,,,E:\Hestdata\st\NCBI823.h5ad,True,58649721,known_exposed,False,True,main_v2/NCBI823,E:\count压缩\baseline\evidence\COUNT-HEST-SHARED-RESUME-001\main_v2\NCBI823\RESULT.json,58649721,3256cca9596e7c179e377e2da8f2aaf44cae62c11a1ef01bd900fa8bdc9be597,a9bbe61d2b2f43b9091b72917f9d55b9840aeab53c73c14e1fd525acbf268b21,3441798,875,32298,28260750,6270822,226086000,75253368,3270219,41063,6643,120946,1663,1264,0.9742977097210795,4.390873158255808,0.925727448846899,4.17198128092298,True
NCBI824,Mus musculus,Visium,Uterus,Treated,https://pubmed.ncbi.nlm.nih.gov/37598997/,,,E:\Hestdata\st\NCBI824.h5ad,True,66197995,exposure_unresolved,False,True,main_v2/NCBI824,E:\count压缩\baseline\evidence\COUNT-HEST-SHARED-RESUME-001\main_v2\NCBI824\RESULT.json,66197995,09c5c2e5b5dd2567b7006421e44f66da4f4df22ebaaf977420084d88e5b4cecd,e41b00ef520a8a708911d7378b19e26b74fa4f4f197dd96c36f73f85aa3cfc9a,3939072,1709,32298,55197282,7207140,441578256,86492520,3741716,40917,13674,139835,1666,1264,0.5709081110189448,4.3724106927297095,0.5423043837557074,4.1533434899280435,True
NCBI825,Mus musculus,Visium,Uterus,Treated,https://pubmed.ncbi.nlm.nih.gov/37598997/,,,E:\Hestdata\st\NCBI825.h5ad,True,57099165,exposure_unresolved,False,True,main_v2/NCBI825,E:\count压缩\baseline\evidence\COUNT-HEST-SHARED-RESUME-001\main_v2\NCBI825\RESULT.json,57099165,2542f05816e2625aa1b875eb3f6aa3b604f0f25618f89c24bb433628eef8d1ea,1d9f78137fa292d007c4bf1db84706672e424cfc5aed36f53918a3f994239834,3236275,1159,32298,37433382,6083187,299467056,73002884,3057047,39624,9057,127618,1665,1264,0.6916340073146476,4.25602566549409,0.6533306555095663,4.020322899822084,True
NCBI826,Homo sapiens,Visium,Liver,Diseased,https://www.nature.com/articles/s41586-024-07376-2,,Creative Commons Attribution 4.0 International,E:\Hestdata\st\NCBI826.h5ad,True,52833172,exposure_unresolved,False,True,main_v2/NCBI826,E:\count压缩\baseline\evidence\COUNT-HEST-SHARED-RESUME-001\main_v2\NCBI826\RESULT.json,52833172,609f464e3bf4b41906ede902b7fb8f3d43b952c18e73974c1c070fa92f885095,7798956e4a1242c84eb200ac2f8a828f53f88c3e78e4c721ffff8abe5365768b,3879431,4992,33538,167421696,5581753,1339373568,67001008,3638454,37169,44545,156333,1666,1264,0.18537291606459416,5.560161476152743,0.17385818382821783,5.214783241035567,True
NCBI827,Homo sapiens,Visium,Liver,Diseased,https://www.nature.com/articles/s41586-024-07376-2,,Creative Commons Attribution 4.0 International,E:\Hestdata\st\NCBI827.h5ad,True,74201196,known_exposed,False,True,main_v2/NCBI827,E:\count压缩\baseline\evidence\COUNT-HEST-SHARED-RESUME-001\main_v2\NCBI827\RESULT.json,74201196,7dd1516926ce0f1f57c7f92cf8dc42a8e7a2d6823ad0d91b5b8ea2b7b7ca84a4,8b1c2e962d0c685f425e51058d7dfb9ec316b2324c8af9926158f80b3aaf2cd9,5158087,4992,33538,167421696,8253932,1339373568,99067156,4915367,39623,44359,155808,1666,1264,0.2464716161996113,4.9993985896661135,0.23487359726662904,4.764145864056064,True
NCBI828,Homo sapiens,Visium,Liver,Healthy,https://www.nature.com/articles/s41586-024-07376-2,,Creative Commons Attribution 4.0 International,E:\Hestdata\st\NCBI828.h5ad,True,76425900,exposure_unresolved,False,True,main_v2/NCBI828,E:\count压缩\baseline\evidence\COUNT-HEST-SHARED-RESUME-001\main_v2\NCBI828\RESULT.json,76425900,efd09e3d357cf243bd69a6d363a84ed94a6a7248a0833c3ec224482a9d3e1ff0,6b0787b13caf0b792a3e60945939d03ebca4c57b29ac1fd7d8d59983a6b80459,5313553,4992,33538,167421696,8534984,1339373568,102439780,5070023,39062,44663,156875,1666,1264,0.25390033081495006,4.98049252347749,0.2422636072208945,4.752227303530973,True
NCBI829,Homo sapiens,Visium,Liver,Healthy,https://www.nature.com/articles/s41586-024-07376-2,,Creative Commons Attribution 4.0 International,E:\Hestdata\st\NCBI829.h5ad,True,98664180,exposure_unresolved,False,True,main_v2/NCBI829,E:\count压缩\baseline\evidence\COUNT-HEST-SHARED-RESUME-001\main_v2\NCBI829\RESULT.json,98664180,e0009b5afefc908cec35470b0fe9e8ebd9f882de07d7f57a00ae33e59d8cca73,84f471668405726d96279ef4aef1772bfb5447e575d317d7f834f577418d0d20,6541094,4992,33538,167421696,11305778,1339373568,135689308,6296880,39980,44482,156821,1667,1264,0.3125565757021121,4.628496331698712,0.3008871681720391,4.455689825149583,True
NCBI831,Homo sapiens,Visium,Liver,Diseased,https://www.nature.com/articles/s41586-024-07376-2,,Creative Commons Attribution 4.0 International,E:\Hestdata\st\NCBI831.h5ad,True,58759044,exposure_unresolved,False,True,main_v2/NCBI831,E:\count压缩\baseline\evidence\COUNT-HEST-SHARED-RESUME-001\main_v2\NCBI831\RESULT.json,58759044,399775ea192553530a3686699cb5b9ea2c4b9d26fad9d3a1b64d90ebc99f21ff,8736e4f1057545d52d9cabc78ce6bbc78479efe0ce365f18a2a9afc8a2aaa060,4343291,4992,33538,167421696,6327519,1339373568,75950200,4100090,39050,44536,156685,1666,1264,0.207537785305914,5.491303621530018,0.1959167824939487,5.183820072290577,True
NCBI832,Homo sapiens,Visium,Liver,Diseased,https://www.nature.com/articles/s41586-024-07376-2,,Creative Commons Attribution 4.0 International,E:\Hestdata\st\NCBI832.h5ad,True,110635460,known_exposed,False,True,main_v2/NCBI832,E:\count压缩\baseline\evidence\COUNT-HEST-SHARED-RESUME-001\main_v2\NCBI832\RESULT.json,110635460,d928e679d8ddaf83376c19b5f6d20a7a2e71bb310b7efb950514775683045508,7e740a3a7b475595d0b13c8debc2703b2d6f35944e8d4a9383becaaca199aaf2,7168949,4992,33538,167421696,12806097,1339373568,153693136,6926836,42354,43824,153004,1667,1264,0.34255770530481305,4.478459908588854,0.3309886909758697,4.327211327541873,True
NCBI833,Homo sapiens,Visium,Liver,Diseased,https://www.nature.com/articles/s41586-024-07376-2,,Creative Commons Attribution 4.0 International,E:\Hestdata\st\NCBI833.h5ad,True,91542100,exposure_unresolved,False,True,main_v2/NCBI833,E:\count压缩\baseline\evidence\COUNT-HEST-SHARED-RESUME-001\main_v2\NCBI833\RESULT.json,91542100,6c55ccc57e5c17422819c07b251c8678cf2593d0e3e70d5af89bbe1779aa134c,1e49bbedc53950611dcfc2396516a67d508d25e68a68a9428c573221c416abf7,6020592,4992,33538,167421696,10419363,1339373568,125052328,5778695,41046,44047,153873,1667,1264,0.28768515163052705,4.622618100549909,0.27612645854453655,4.436889280083629,True
NCBI834,Mus musculus,Visium,Liver,Diseased,https://www.nature.com/articles/s41586-024-07376-2,,Creative Commons Attribution 4.0 International,E:\Hestdata\st\NCBI834.h5ad,True,139354494,exposure_unresolved,False,True,main_v2/NCBI834,E:\count压缩\baseline\evidence\COUNT-HEST-SHARED-RESUME-001\main_v2\NCBI834\RESULT.json,139354494,72df87eae25822237d323b1d6cd3be1718781089c6a48c2e1fac9d4b5ca9feac,f7fde5f2bf77ed658860e83d26261803f8e37837da8400d43788e622595a5268,8719380,4992,31053,155016576,16410954,1240132608,196951420,8488999,38782,44613,144054,1668,1264,0.4499843939270082,4.2505170631762175,0.4380950331401979,4.1382110997325325,True
NCBI835,Mus musculus,Visium,Liver,Diseased,https://www.nature.com/articles/s41586-024-07376-2,,Creative Commons Attribution 4.0 International,E:\Hestdata\st\NCBI835.h5ad,True,126123030,exposure_unresolved,False,True,main_v2/NCBI835,E:\count压缩\baseline\evidence\COUNT-HEST-SHARED-RESUME-001\main_v2\NCBI835\RESULT.json,126123030,c21d8de1ba29ec7805f2707225a506c2f21c015e650316354217027818b50d6a,88e03dcfa6b225ae88d8e304d89858d4a32f25614a4442e1fbe77fb95ddab3d6,7994195,4992,31053,155016576,14755606,1240132608,177087244,7764269,38354,44611,144030,1667,1264,0.41255949299254296,4.334187291257303,0.4006936135655583,4.209529042724507,True
NCBI836,Mus musculus,Visium,Liver,Diseased,https://www.nature.com/articles/s41586-024-07376-2,,Creative Commons Attribution 4.0 International,E:\Hestdata\st\NCBI836.h5ad,True,100602526,exposure_unresolved,False,True,main_v2/NCBI836,E:\count压缩\baseline\evidence\COUNT-HEST-SHARED-RESUME-001\main_v2\NCBI836\RESULT.json,100602526,81fb893fe6ae1b4b5a136db545b9376111732b494629a420932be690e987a90e,f58b4bb99ce1d9807ea913fb427d7b714edb0dc00e07ee2453688c39841c7c65,6491479,4992,31053,155016576,11568734,1240132608,138844780,6262325,37385,44549,144289,1667,1264,0.33500825098859105,4.488981421821956,0.3231822124622337,4.3305170643563935,True
NCBI837,Mus musculus,Visium,Liver,Diseased,https://www.nature.com/articles/s41586-024-07376-2,,Creative Commons Attribution 4.0 International,E:\Hestdata\st\NCBI837.h5ad,True,148662222,exposure_unresolved,False,True,main_v2/NCBI837,E:\count压缩\baseline\evidence\COUNT-HEST-SHARED-RESUME-001\main_v2\NCBI837\RESULT.json,148662222,54bc5833eb12b6f500bea6e56c2117977babd0411bb3170db24b07a636fb6912,07847c91e93911d4c773aa5ca45fedb9dddde089c492f2f2d3f196030721ec26,9147138,4992,31053,155016576,17572787,1240132608,210893416,8916985,38455,44596,144170,1668,1264,0.4720598653914276,4.164228702026605,0.4601822710882222,4.059451696535103,True
NCBI838,Mus musculus,Visium,Liver,Diseased,https://www.nature.com/articles/s41586-024-07376-2,,Creative Commons Attribution 4.0 International,E:\Hestdata\st\NCBI838.h5ad,True,85654550,exposure_unresolved,False,True,main_v2/NCBI838,E:\count压缩\baseline\evidence\COUNT-HEST-SHARED-RESUME-001\main_v2\NCBI838\RESULT.json,85654550,d4395dc1ce86550629fe86818e62a64655d60c919c199a83d0d29a854ee4c304,9bd406841f7341be2c90489e0971ce75f830a3db709d5eec1338c66053bd0cf0,5633264,4992,31053,155016576,9696530,1240132608,116378332,5405562,35803,44602,144367,1666,1264,0.2907180197297094,4.647653542040297,0.27896691512525734,4.459790873642427,True
NCBI839,Mus musculus,Visium,Liver,Diseased,https://www.nature.com/articles/s41586-024-07376-2,,Creative Commons Attribution 4.0 International,E:\Hestdata\st\NCBI839.h5ad,True,83699662,exposure_unresolved,False,True,main_v2/NCBI839,E:\count压缩\baseline\evidence\COUNT-HEST-SHARED-RESUME-001\main_v2\NCBI839\RESULT.json,83699662,a81b436fbffcda4393832b5d30e1e1666ace7b655da60173731b184aba9c9deb,98f002b54684502b7398f743b27606142cb3347911f265c28809e48cbd8b54b8,5532870,4992,31053,155016576,9452227,1240132608,113446696,5305492,35569,44523,144356,1666,1264,0.2855369479970968,4.682807554240921,0.27380256418513593,4.490363593680093,True
NCBI840,Mus musculus,Visium,Liver,Diseased,https://www.nature.com/articles/s41586-024-07376-2,,Creative Commons Attribution 4.0 International,E:\Hestdata\st\NCBI840.h5ad,True,78453550,exposure_unresolved,False,True,main_v2/NCBI840,E:\count压缩\baseline\evidence\COUNT-HEST-SHARED-RESUME-001\main_v2\NCBI840\RESULT.json,78453550,1328aee92b7e8b4ce03920e46efb6f201cca3e61d95e606cb2c1401fa5619acc,b9431fa72d11b62cf7c33f51b2582513e114ad34130b4b1de0b8acef3a601f92,5220570,4992,31053,155016576,8810333,1240132608,105743968,4994064,35034,44591,143951,1666,1264,0.2694199619013647,4.740406520389184,0.2577305797284543,4.5347334771568795,True
NCBI841,Mus musculus,Visium,Liver,Diseased,https://www.nature.com/articles/s41586-024-07376-2,,Creative Commons Attribution 4.0 International,E:\Hestdata\st\NCBI841.h5ad,True,100611758,exposure_unresolved,False,True,main_v2/NCBI841,E:\count压缩\baseline\evidence\COUNT-HEST-SHARED-RESUME-001\main_v2\NCBI841\RESULT.json,100611758,75489570e6f79e2ed849d91dd5b8d96fd23673f74ba25ad0fac265eacd1a49c9,90e2ab05c24201f91599c53e9610388728cd5a4e1d4f9fe2888c1299da0e3500,6467010,4992,31053,155016576,11564260,1240132608,138791092,6238885,36350,44594,144250,1667,1264,0.3337454699038121,4.4737908002760225,0.32197253537582976,4.315976984260126,True
NCBI842,Mus musculus,Visium,Liver,Healthy,https://www.nature.com/articles/s41586-024-07376-2,,Creative Commons Attribution 4.0 International,E:\Hestdata\st\NCBI842.h5ad,True,95663790,exposure_unresolved,False,True,main_v2/NCBI842,E:\count压缩\baseline\evidence\COUNT-HEST-SHARED-RESUME-001\main_v2\NCBI842\RESULT.json,95663790,9cfe9728ed706ff6b7c25322e49f5265cc5debd9594750bfa872bc1aa65f42f0,70317715ed772d6258693614be16eb0a11177a533061abba4f273620ed0c0a4f,6159082,4992,31053,155016576,10946341,1240132608,131376064,5932875,35421,44480,143375,1667,1264,0.3178541112919434,4.501290065785453,0.3061801597269185,4.335969434900667,True
NCBI843,Mus musculus,Visium,Liver,Healthy,https://www.nature.com/articles/s41586-024-07376-2,,Creative Commons Attribution 4.0 International,E:\Hestdata\st\NCBI843.h5ad,True,120700502,exposure_unresolved,False,True,main_v2/NCBI843,E:\count压缩\baseline\evidence\COUNT-HEST-SHARED-RESUME-001\main_v2\NCBI843\RESULT.json,120700502,9d87dd5ccafb8f2bb9be98c7fb75aeffaf3018f2f72489750e5fe3597564748a,9301520db10293ced0690020bc9aa084ddb52e611af0bbc000f6bec39dc1b4f9,7663814,4992,31053,155016576,14080225,1240132608,168982672,7435451,37039,44523,143870,1667,1264,0.3955093937825075,4.354370189396831,0.38372417669707787,4.224620558265227,True
NCBI844,Mus musculus,Visium,Liver,Healthy,https://www.nature.com/articles/s41586-024-07376-2,,Creative Commons Attribution 4.0 International,E:\Hestdata\st\NCBI844.h5ad,True,96807670,exposure_unresolved,False,True,main_v2/NCBI844,E:\count压缩\baseline\evidence\COUNT-HEST-SHARED-RESUME-001\main_v2\NCBI844\RESULT.json,96807670,dd1c481338754003b3264eefd672f37e8db673d327ecb6031eb26a258cc550f6,c48199eb9281cf95cced579e83046fb28f30f621389531e4c37eb8bf85738fdc,6263126,4992,31053,155016576,11089602,1240132608,133095196,6035640,36115,44532,143908,1667,1264,0.32322354997700375,4.518197136380548,0.3114835925675458,4.354089533600935,True
NCBI855,Homo sapiens,Visium,Bladder,Cancer,https://www.sciencedirect.com/science/article/pii/S2211124724004698?via%3Dihub#app2,Patient 10,CC BY-NC 4.0,E:\Hestdata\st\NCBI855.h5ad,True,210334631,exposure_unresolved,False,True,main_v2/NCBI855,E:\count压缩\baseline\evidence\COUNT-HEST-SHARED-RESUME-001\main_v2\NCBI855\RESULT.json,210334631,cf865f38726dcf9436b5b7452c37ec564d133c8e0557aa10da28ae7e22b7e61d,38d505dbf4f39578d9f9b98183de0ca5cf7874acf5a6488b6369d451a2275447,730026,1432,17943,25694376,894696,205555008,10742084,616323,21213,10470,79098,1658,1264,0.22729518708685512,6.527589259368545,0.1918935100817393,5.510904262453392,True
NCBI97,Mus musculus,Spatial Transcriptomics,Spinal cord,Diseased,https://www.science.org/doi/10.1126/science.aav9776?url_ver=Z39.88-2003&rfr_id=ori:rid:crossref.org&rfr_dat=cr_pub%20%200pubmed,,,E:\Hestdata\st\NCBI97.h5ad,True,40784719,exposure_unresolved,False,True,main_v2/NCBI97,E:\count压缩\baseline\evidence\COUNT-HEST-SHARED-RESUME-001\main_v2\NCBI97\RESULT.json,40784719,70e6214ff5d2969b373366757c63994208d9ade996ada3e8c75becf3f0018738,3ad0bcd1c1576b37f06f8ba5ce5c80ef925af8a9c99efaf299b2527a70579f91,363065,291,15671,4560261,510795,36482088,6130708,283410,18054,1965,56716,1656,1264,0.6369196850794285,5.686273358196536,0.497182069184198,4.438727865386309,True
NCBI98,Mus musculus,Spatial Transcriptomics,Spinal cord,Diseased,https://www.science.org/doi/10.1126/science.aav9776?url_ver=Z39.88-2003&rfr_id=ori:rid:crossref.org&rfr_dat=cr_pub%20%200pubmed,,,E:\Hestdata\st\NCBI98.h5ad,True,40211644,exposure_unresolved,False,True,main_v2/NCBI98,E:\count压缩\baseline\evidence\COUNT-HEST-SHARED-RESUME-001\main_v2\NCBI98\RESULT.json,40211644,fcddc5b8cd32d939236c021d793304e0f0138b24129975b1efda808c167cb8bd,dc5cdd399c2bb5c77212925a73d3079ae902cc60b9f2223337ca4eaab4c1e687,414556,281,15964,4485884,620233,35887072,7443924,332962,19310,1867,57496,1657,1264,0.7393075701467091,5.347100202665772,0.5937951137390088,4.294669906309403,True
NCBI99,Mus musculus,Spatial Transcriptomics,Spinal cord,Diseased,https://www.science.org/doi/10.1126/science.aav9776?url_ver=Z39.88-2003&rfr_id=ori:rid:crossref.org&rfr_dat=cr_pub%20%200pubmed,,,E:\Hestdata\st\NCBI99.h5ad,True,42813086,exposure_unresolved,False,True,main_v2/NCBI99,E:\count压缩\baseline\evidence\COUNT-HEST-SHARED-RESUME-001\main_v2\NCBI99\RESULT.json,42813086,f33def0e33e0449aba7eef33bb2518c336ec1f1ef3e85cd726d071976c5168de,60db3c63041d0c4b33b971f4d7a21325661b6708bc803e1cb7d7979278a3427d,389984,304,15830,4812320,567639,38498560,6812888,308650,18702,2053,57659,1656,1264,0.6483093393623034,5.496225594083564,0.5130997107424278,4.349947766097819,True
SPA0,Homo sapiens,Spatial Transcriptomics,Breast,Cancer,https://pubmed.ncbi.nlm.nih.gov/27365449/,,,E:\Hestdata\st\SPA0.h5ad,True,35226856,exposure_unresolved,False,True,main_v2/SPA0,E:\count压缩\baseline\evidence\COUNT-HEST-SHARED-RESUME-001\main_v2\SPA0\RESULT.json,35226856,9887e5c4994c939cc31e9b76ab33a34f3cd4ba412762c8e90b81bc47d97efc43,6fbc1f13a17f88e93cd5634507b69326a747d493cca2b713e5a952db75360593,327274,262,14808,3879696,387867,31037568,4655456,254574,17216,1665,50898,1657,1264,0.6748446270017032,6.75023139375095,0.5249359743650018,5.250748323523269,True
SPA1,Homo sapiens,Spatial Transcriptomics,Breast,Cancer,https://pubmed.ncbi.nlm.nih.gov/27365449/,,,E:\Hestdata\st\SPA1.h5ad,True,35733441,exposure_unresolved,False,True,main_v2/SPA1,E:\count压缩\baseline\evidence\COUNT-HEST-SHARED-RESUME-001\main_v2\SPA1\RESULT.json,35733441,f5003788fb838af896afed87740402d6f14b3ac87782a76685f7b9c714e36b0e,3c6d81a3471c4c57484de94b21f13662bcfc0bf70d6eb0735d5db878bd181a1c,323512,264,14929,3941256,377577,31530048,4531984,250515,17084,1706,51286,1657,1264,0.6566678236582449,6.854485310281082,0.5084977986712865,5.307844492646533,True
SPA10,Mus musculus,Spatial Transcriptomics,Brain,Healthy,https://pubmed.ncbi.nlm.nih.gov/27365449/,,,E:\Hestdata\st\SPA10.h5ad,True,35783451,exposure_unresolved,False,True,main_v2/SPA10,E:\count压缩\baseline\evidence\COUNT-HEST-SHARED-RESUME-001\main_v2\SPA10\RESULT.json,35783451,f1defadab89a5dd10b761015e436df244a56ddb5f0ca26e2b804675412dc0be5,2debe591238b43f6df3dbc53f57a628c2c6fdae9445d72807ed604cbc64c8aee,668394,242,16251,3932742,1190677,31461936,14289096,587249,20033,1548,56641,1659,1264,1.359649832101877,4.490850163394438,1.194584338357309,3.9456477281412172,True
SPA100,Homo sapiens,Spatial Transcriptomics,Breast,Cancer,https://www.science.org/doi/10.1126/science.aaf2403,BC23810,CC BY 4.0,E:\Hestdata\st\SPA100.h5ad,True,105543765,exposure_unresolved,False,True,main_v2/SPA100,E:\count压缩\baseline\evidence\COUNT-HEST-SHARED-RESUME-001\main_v2\SPA100\RESULT.json,105543765,7818dac073cff853ae4c42a72793232ececb5ebf1fd7d7924b3949901b843859,444ed1732cbbce7ebc5c7505b74a54c394580579f1de86942cd55d1dc15f2c6e,977836,695,18126,12597570,1668786,100780560,20028216,881780,24202,4712,64219,1659,1264,0.6209680120848703,4.68765198174002,0.5599683113489348,4.2271687322400835,True
SPA102,Homo sapiens,Spatial Transcriptomics,Breast,Cancer,https://www.science.org/doi/10.1126/science.aaf2403,BC23567,CC BY 4.0,E:\Hestdata\st\SPA102.h5ad,True,86624602,exposure_unresolved,False,True,main_v2/SPA102,E:\count压缩\baseline\evidence\COUNT-HEST-SHARED-RESUME-001\main_v2\SPA102\RESULT.json,86624602,2fc6592965cd58b7dcd284e1717ea8789c66125526ab27e1306c7f2399c7fac2,57a7e941cbd1c81f887d5cbe0d1d7d046be6108c4fafeb391115ed11cc9901b5,629095,570,17960,10237200,959697,81897600,11518648,538062,22297,3945,61869,1658,1264,0.4916148946977689,5.244113506658873,0.4204759113820185,4.485265661974561,True
SPA103,Homo sapiens,Spatial Transcriptomics,Breast,Cancer,https://www.science.org/doi/10.1126/science.aaf2403,BC23567,CC BY 4.0,E:\Hestdata\st\SPA103.h5ad,True,87165337,exposure_unresolved,False,True,main_v2/SPA103,E:\count压缩\baseline\evidence\COUNT-HEST-SHARED-RESUME-001\main_v2\SPA103\RESULT.json,87165337,bf6fa542a3c72c7d838e500b31c814c0ed717ae2f06294fc3730f1f4a90b10e1,a136ccd80f068da1807cfffa02e2fa2c551cba812fc3db3f38716ac36a8631bb,635234,572,18013,10303436,970484,82427488,11648100,543914,22372,3959,62067,1658,1264,0.49322109634106526,5.236430482109958,0.42231659419246165,4.48365145638671,True
SPA104,Homo sapiens,Spatial Transcriptomics,Breast,Cancer,https://www.science.org/doi/10.1126/science.aaf2403,BC23567,CC BY 4.0,E:\Hestdata\st\SPA104.h5ad,True,86238155,exposure_unresolved,False,True,main_v2/SPA104,E:\count压缩\baseline\evidence\COUNT-HEST-SHARED-RESUME-001\main_v2\SPA104\RESULT.json,86238155,84892838be03772a40af1d76185b4d706d172659ffe2907a2dec0aedc456fadf,b3f5c6eec6c2778a831337387e3184dd974dbcd60ac09f52ef9e8cee758ced93,483763,587,17368,10195016,673204,81560128,8080800,396666,19861,4012,60302,1658,1264,0.3796074474037118,5.7487834296884746,0.3112626797250735,4.7137687833108535,True
SPA105,Homo sapiens,Spatial Transcriptomics,Breast,Cancer,https://www.science.org/doi/10.1126/science.aaf2403,BC24220,CC BY 4.0,E:\Hestdata\st\SPA105.h5ad,True,64947067,exposure_unresolved,False,True,main_v2/SPA105,E:\count压缩\baseline\evidence\COUNT-HEST-SHARED-RESUME-001\main_v2\SPA105\RESULT.json,64947067,2857eb446a593ef66dabb7cfad2d32f017a463b6d09b2469ab1111a913fd68c6,c5a6438a20d5a8b6291c59f4e3f2dab5dc116b45395156928e01946870f76aae,573455,437,17246,7536502,884800,60292016,10619352,487721,21823,3019,57970,1658,1264,0.6087227204344934,5.18494575045208,0.5177160438622587,4.409773960216998,True
SPA106,Homo sapiens,Spatial Transcriptomics,Breast,Cancer,https://www.science.org/doi/10.1126/science.aaf2403,BC24220,CC BY 4.0,E:\Hestdata\st\SPA106.h5ad,True,63788085,exposure_unresolved,False,True,main_v2/SPA106,E:\count压缩\baseline\evidence\COUNT-HEST-SHARED-RESUME-001\main_v2\SPA106\RESULT.json,63788085,48ffe678df7f7e46691c25ee3a3546f484c5dbfb86e142a544f7b0d7f9ef183b,cabbd1e8c1789eb6ad070caff330b1b7a8c17342838158ba79d4b192849723cb,509312,428,17273,7392844,751667,59142752,9021720,424366,21217,2985,57822,1658,1264,0.5511405353609518,5.420613117244737,0.4592181303974492,4.516531921715334,True
SPA107,Homo sapiens,Spatial Transcriptomics,Breast,Cancer,https://www.science.org/doi/10.1126/science.aaf2403,BC24220,CC BY 4.0,E:\Hestdata\st\SPA107.h5ad,True,63072364,exposure_unresolved,False,True,main_v2/SPA107,E:\count压缩\baseline\evidence\COUNT-HEST-SHARED-RESUME-001\main_v2\SPA107\RESULT.json,63072364,1bac7efb04e2e18eeca4fafa23bd48805fbe23bbf51d0dc511f7e887d04c424f,4d5fb87f931c10d19232a681fa84dace033032f3d386e1516655f8faaab5ad37,501495,432,16908,7304256,723461,58434048,8683264,417649,21076,2974,56874,1658,1264,0.5492633335961937,5.545509709576605,0.45743084579729953,4.618344319873497,True
SPA108,Homo sapiens,Spatial Transcriptomics,Breast,Cancer,https://www.science.org/doi/10.1126/science.aaf2403,BC23944,CC BY 4.0,E:\Hestdata\st\SPA108.h5ad,True,64660573,known_exposed,False,True,main_v2/SPA108,E:\count压缩\baseline\evidence\COUNT-HEST-SHARED-RESUME-001\main_v2\SPA108\RESULT.json,64660573,98ace06ec306d94c0631b21704213a84267056e3a1f074515f4d9c6a8187a005,77c0487dc6319183def6cebbbb1b32188f296d07a7f65f5b09b3fa40c4453b14,517656,403,18578,7486934,767975,59895472,9217316,427994,22175,2784,61781,1658,1264,0.5531300262564088,5.392425534685374,0.45732365211179904,4.45841596406133,True
SPA109,Homo sapiens,Spatial Transcriptomics,Breast,Cancer,https://www.science.org/doi/10.1126/science.aaf2403,BC23944,CC BY 4.0,E:\Hestdata\st\SPA109.h5ad,True,66961007,exposure_unresolved,False,True,main_v2/SPA109,E:\count压缩\baseline\evidence\COUNT-HEST-SHARED-RESUME-001\main_v2\SPA109\RESULT.json,66961007,5b4d4128378168ab1834fbd368628bd8a55761fabfa08b230058b8be042a50d6,a3e2d7f59ff98a623bc7b2dd02f9c864e4ce03bceca3f88a9251a5c7b9cf615a,652672,423,18384,7776432,1028038,62211456,12338152,562238,23284,2941,61286,1659,1264,0.6714359490316382,5.078971788980563,0.5784020229328823,4.375231265770331,True
SPA11,Mus musculus,Spatial Transcriptomics,Brain,Healthy,https://pubmed.ncbi.nlm.nih.gov/27365449/,,,E:\Hestdata\st\SPA11.h5ad,True,36922426,exposure_unresolved,False,True,main_v2/SPA11,E:\count压缩\baseline\evidence\COUNT-HEST-SHARED-RESUME-001\main_v2\SPA11\RESULT.json,36922426,37a5e52f3862b9a7019811695082be1c42ccf3d7ab5ececf258c06fe76243a55,7db09230463cc22e9b3f97c584b62e38dc1c9b330fc487bbda45992f02c1215b,512597,267,15290,4082430,871759,32659440,10462180,435953,17719,1662,54341,1658,1264,1.0044938921181747,4.7040248509048945,0.854300992301154,4.0006744983418585,True
SPA110,Homo sapiens,Spatial Transcriptomics,Breast,Cancer,https://www.science.org/doi/10.1126/science.aaf2403,BC23944,CC BY 4.0,E:\Hestdata\st\SPA110.h5ad,True,65020991,exposure_unresolved,False,True,main_v2/SPA110,E:\count压缩\baseline\evidence\COUNT-HEST-SHARED-RESUME-001\main_v2\SPA110\RESULT.json,65020991,993437897d03e94cd1db575d99747805a9871e3ea67e7e219f34cf6f1513f8a4,49643507e2a13e64aaaeba36c62f0e7519067896a179b19026c583514ddab830,641129,414,18201,7535214,1037132,60281712,12447244,551333,23201,2874,60798,1659,1264,0.6806750279421394,4.945399428423769,0.5853402438205471,4.252750855243113,True
SPA111,Homo sapiens,Spatial Transcriptomics,Breast,Cancer,https://www.science.org/doi/10.1126/science.aaf2403,BC23901,CC BY 4.0,E:\Hestdata\st\SPA111.h5ad,True,46558021,exposure_unresolved,False,True,main_v2/SPA111,E:\count压缩\baseline\evidence\COUNT-HEST-SHARED-RESUME-001\main_v2\SPA111\RESULT.json,46558021,fbe0b0db872be4c013072e18914dcb32cbb639096a413b31d9d765317447ffd6,1725ec494ff9139fb5def90cdb7b14a18561084b5c4b9fb1c00992c3bf44c058,367366,297,17636,5237892,447221,41903136,5367844,284610,20671,2036,57128,1657,1264,0.5610898430131817,6.571533984316479,0.4346939570346239,5.091174162215101,True
SPA112,Homo sapiens,Spatial Transcriptomics,Breast,Cancer,https://www.science.org/doi/10.1126/science.aaf2403,BC23901,CC BY 4.0,E:\Hestdata\st\SPA112.h5ad,True,46942046,exposure_unresolved,False,True,main_v2/SPA112,E:\count压缩\baseline\evidence\COUNT-HEST-SHARED-RESUME-001\main_v2\SPA112\RESULT.json,46942046,2fd1dd65b74d6183e9e2dcffdedc8413957ec7a789dbddd9e38decb7bfe34278,3de76f9f1148743f2d4687eaaf77b33faca98901a98fd40359310613554612d1,399981,292,18082,5279944,512069,42239552,6146000,315078,21498,1954,58529,1658,1264,0.6060382458601834,6.248860993342694,0.47739597238152526,4.9224303755939145,True
SPA113,Homo sapiens,Spatial Transcriptomics,Breast,Cancer,https://www.science.org/doi/10.1126/science.aaf2403,BC23450,CC BY 4.0,E:\Hestdata\st\SPA113.h5ad,True,52741681,exposure_unresolved,False,True,main_v2/SPA113,E:\count压缩\baseline\evidence\COUNT-HEST-SHARED-RESUME-001\main_v2\SPA113\RESULT.json,52741681,8144fc3b75ec08a5892b2cfb0ac0c9990a219bbe960475a4175ccaee171b4cf2,a51656853bd7989041cdc4cbd62cefb40962baa7536b05a05d160a2b24646753,499084,318,18843,5992074,692743,47936592,8314192,409281,23544,2199,61138,1658,1264,0.6663255493840697,5.7635688848534015,0.5464298338104636,4.726497416790931,True
SPA114,Homo sapiens,Spatial Transcriptomics,Breast,Cancer,https://www.science.org/doi/10.1126/science.aaf2403,BC23450,CC BY 4.0,E:\Hestdata\st\SPA114.h5ad,True,49785971,exposure_unresolved,False,True,main_v2/SPA114,E:\count压缩\baseline\evidence\COUNT-HEST-SHARED-RESUME-001\main_v2\SPA114\RESULT.json,49785971,4c343af633ee4164595192b79dcaa23310c4970dfde6d99ca8f12832abf49c2c,6626b31d75f4e851e592f86fe4b75c0d3018427881ad314055eefd1b800a788e,548117,301,18702,5629302,847584,45034416,10172216,459352,23308,2026,60509,1658,1264,0.7789484380123859,5.17345301468645,0.6528013597422914,4.335636349907502,True
SPA115,Homo sapiens,Spatial Transcriptomics,Breast,Cancer,https://www.science.org/doi/10.1126/science.aaf2403,BC23450,CC BY 4.0,E:\Hestdata\st\SPA115.h5ad,True,53860851,exposure_unresolved,False,True,main_v2/SPA115,E:\count压缩\baseline\evidence\COUNT-HEST-SHARED-RESUME-001\main_v2\SPA115\RESULT.json,53860851,bbe117de62b5d84677835fa6fb117b87e4428a1cdce4876e260d9097bd550046,1896da43f3235d7c136d17f057cdcf646b0f8fea83c0817574f2ca4ea7b8066f,542450,316,19391,6127556,807372,49020448,9689732,450509,24164,2153,62702,1658,1264,0.7082105818371958,5.374969654632561,0.5881744695601313,4.463954657828114,True
SPA116,Homo sapiens,Spatial Transcriptomics,Breast,Cancer,https://www.science.org/doi/10.1126/science.aaf2403,BC23287,CC BY 4.0,E:\Hestdata\st\SPA116.h5ad,True,52634799,exposure_unresolved,False,True,main_v2/SPA116,E:\count压缩\baseline\evidence\COUNT-HEST-SHARED-RESUME-001\main_v2\SPA116\RESULT.json,52634799,5d5acf7ef795cb3fdf6ea0d5aa56c44d3b65ce643bd324c4b0bdbaca855de85b,0a809ea8ddb0a29956b0d11d1abbed4ff505a92bc5d4c4b9649da4003b8b1f9d,336010,357,16826,6006882,378613,48055056,4544788,255554,19549,2451,55536,1656,1264,0.4475000507750943,7.099809039837512,0.34034828718126975,5.399793456643063,True
SPA118,Homo sapiens,Spatial Transcriptomics,Breast,Cancer,https://www.science.org/doi/10.1126/science.aaf2403,BC23287,CC BY 4.0,E:\Hestdata\st\SPA118.h5ad,True,38848480,exposure_unresolved,False,True,main_v2/SPA118,E:\count压缩\baseline\evidence\COUNT-HEST-SHARED-RESUME-001\main_v2\SPA118\RESULT.json,38848480,0bf49150702787188def51db7c540e00243849e6c8df91fa08c565cbbcb5e7de,89ae61f5ab4788c52db3cba9a0a1dfb11250f356b7228ef3fa9839c396ef6b87,304715,256,16744,4286464,343705,34291712,4125488,226850,19568,1645,53732,1656,1264,0.5687018484233158,7.092477560698855,0.4233792701863354,5.280109396139131,True
SPA119,Homo sapiens,Spatial Transcriptomics,Breast,Cancer,https://pubmed.ncbi.nlm.nih.gov/34650042/,Patient H,Creative Commons Attribution 4.0 International,E:\Hestdata\st\SPA119.h5ad,True,64962495,exposure_unresolved,False,True,main_v2/SPA119,E:\count压缩\baseline\evidence\COUNT-HEST-SHARED-RESUME-001\main_v2\SPA119\RESULT.json,64962495,bf998349590a3459ca7ac62f59c6b60d474f62ea21f331071619593abca3f113,ebf856660193cf50afd74e8ecd076396730405e5cbe8c2e0b7faff2cd9fbcb09,358944,510,14873,7585230,433901,60681840,5208856,285002,16946,3399,50677,1656,1264,0.37857151332260197,6.617988896084591,0.30058627095025464,5.254691738438031,True
SPA12,Mus musculus,Spatial Transcriptomics,Brain,Healthy,https://pubmed.ncbi.nlm.nih.gov/27365449/,,,E:\Hestdata\st\SPA12.h5ad,True,37978333,exposure_unresolved,False,True,main_v2/SPA12,E:\count压缩\baseline\evidence\COUNT-HEST-SHARED-RESUME-001\main_v2\SPA12\RESULT.json,37978333,fdc55c6c93eafd1fdd38c3e9f1e0c757abb4340ca282d163f85d10732c688c65,aaf6213083e2878a04b612ce0f09f37017cf0e3f6f8e46463e2857550b70b661,607102,264,15941,4208424,947996,33667392,11377012,526637,19611,1677,56255,1658,1264,1.1540700271645632,5.123245245760531,1.001110154300042,4.444212844779936,True
SPA120,Homo sapiens,Spatial Transcriptomics,Breast,Cancer,https://pubmed.ncbi.nlm.nih.gov/34650042/,Patient H,Creative Commons Attribution 4.0 International,E:\Hestdata\st\SPA120.h5ad,True,76211462,exposure_unresolved,False,True,main_v2/SPA120,E:\count压缩\baseline\evidence\COUNT-HEST-SHARED-RESUME-001\main_v2\SPA120\RESULT.json,76211462,a7c9082aa294d21f651b04fda5b99ffabbff1360d27f557ef37db43c6f13f856,5e016a0976a3c55137228b5db95c0d94eb5b9dd08373caaae095f0a59a069f24,490880,603,14907,8988921,662817,71911368,7956220,413644,18400,3995,51919,1658,1264,0.43687557160642526,5.924772599375092,0.3681367318724906,4.9925575234189825,True
SPA122,Homo sapiens,Spatial Transcriptomics,Breast,Cancer,https://pubmed.ncbi.nlm.nih.gov/34650042/,Patient G,Creative Commons Attribution 4.0 International,E:\Hestdata\st\SPA122.h5ad,True,59975538,exposure_unresolved,False,True,main_v2/SPA122,E:\count压缩\baseline\evidence\COUNT-HEST-SHARED-RESUME-001\main_v2\SPA122\RESULT.json,59975538,9a6cfe5c0f82048644eceeed01aa7c1d0ebe04bbd6427c10588bd7b8e6e81e1e,5d4efb001688402c9792bb12c66bceb88452747a5321e5fe407520496b770b41,420646,463,15035,6961205,546522,55689640,6560120,346401,17734,3110,50481,1656,1264,0.48341745430568417,6.1574245867503965,0.39809314622971165,5.070624787291271,True
SPA123,Homo sapiens,Spatial Transcriptomics,Breast,Cancer,https://pubmed.ncbi.nlm.nih.gov/34650042/,Patient G,Creative Commons Attribution 4.0 International,E:\Hestdata\st\SPA123.h5ad,True,61343661,known_exposed,False,True,main_v2/SPA123,E:\count压缩\baseline\evidence\COUNT-HEST-SHARED-RESUME-001\main_v2\SPA123\RESULT.json,61343661,4e6d02ad2054bc7b4288908017ab80d5dd39a1a591c49ff946358d604e59f8ec,5d0cc783d5c9247090244a5289ba11ca9367cca03a0c868fe9276931734328f3,470598,467,15258,7125486,642090,57003888,7706952,394416,18903,3107,51250,1658,1264,0.528354697490108,5.8633275709012755,0.4428228474520896,4.914152221651171,True
SPA124,Homo sapiens,Spatial Transcriptomics,Breast,Cancer,https://pubmed.ncbi.nlm.nih.gov/34650042/,Patient G,Creative Commons Attribution 4.0 International,E:\Hestdata\st\SPA124.h5ad,True,57156513,exposure_unresolved,False,True,main_v2/SPA124,E:\count压缩\baseline\evidence\COUNT-HEST-SHARED-RESUME-001\main_v2\SPA124\RESULT.json,57156513,4aa746ba7d7a773f50479bfc82ff6e182f895ce336170417a66b5953697df1f2,7a699804ea42c3c2d69e40d4a23f9294781c44a1bef6ee39ad2f6ed221d321b8,428098,441,14992,6611472,566264,52891776,6796936,353614,18491,2924,50148,1657,1264,0.5180062775732848,6.048034132489439,0.42787929828637256,4.995747566506082,True
SPA125,Homo sapiens,Spatial Transcriptomics,Breast,Cancer,https://pubmed.ncbi.nlm.nih.gov/34650042/,Patient F,Creative Commons Attribution 4.0 International,E:\Hestdata\st\SPA125.h5ad,True,90178571,exposure_unresolved,False,True,main_v2/SPA125,E:\count压缩\baseline\evidence\COUNT-HEST-SHARED-RESUME-001\main_v2\SPA125\RESULT.json,90178571,0c03c81ec5af3e40e930d8275b5649db51412fb121536949415962b8da56ec98,8fd28478bd735b7fe1a29a9c01a39fbcd843f252fcb3ca3e4af920116d5f73ed,846985,712,15067,10727704,1447787,85821632,17376296,764844,21022,4713,53483,1659,1264,0.6316244370650048,4.680163587599557,0.5703692048177318,4.226279141890347,True
SPA128,Homo sapiens,Spatial Transcriptomics,Breast,Cancer,https://pubmed.ncbi.nlm.nih.gov/34650042/,Patient E,Creative Commons Attribution 4.0 International,E:\Hestdata\st\SPA128.h5ad,True,73155091,exposure_unresolved,False,True,main_v2/SPA128,E:\count压缩\baseline\evidence\COUNT-HEST-SHARED-RESUME-001\main_v2\SPA128\RESULT.json,73155091,36b2046b06a994555262477608141382456a6ad42b62f019fc22eeebd2aac18b,adeab85e1cb833d70f3d66907875af4f56bf4191b877e2a5d6f9db0a3c18455c,548762,570,15097,8605290,840513,68842320,10088440,470847,19136,3767,52090,1658,1264,0.5101624698296048,5.223114931000472,0.43772795571096385,4.481520214440467,True
SPA129,Homo sapiens,Spatial Transcriptomics,Breast,Cancer,https://pubmed.ncbi.nlm.nih.gov/34650042/,Patient E,Creative Commons Attribution 4.0 International,E:\Hestdata\st\SPA129.h5ad,True,73752211,known_exposed,False,True,main_v2/SPA129,E:\count压缩\baseline\evidence\COUNT-HEST-SHARED-RESUME-001\main_v2\SPA129\RESULT.json,73752211,7ea5b352f8405d3660db8b2f2b9530070fc6d2f4b98b9d48a87a915af4031807,07ca1744af847777763ad14a71c5bde562c3bf4a6fe662d14f8e0d9fe73b836a,559285,572,15167,8675524,857087,69404192,10287336,480930,19238,3748,52447,1658,1264,0.5157359947364563,5.2203335250680505,0.4434821458623133,4.488972531376628,True
SPA13,Mus musculus,Spatial Transcriptomics,Brain,Healthy,https://pubmed.ncbi.nlm.nih.gov/27365449/,,,E:\Hestdata\st\SPA13.h5ad,True,38769414,exposure_unresolved,False,True,main_v2/SPA13,E:\count压缩\baseline\evidence\COUNT-HEST-SHARED-RESUME-001\main_v2\SPA13\RESULT.json,38769414,1ad27dc8a5124e07357c1a428cd21240181f7e895b0f53c96c50efed6a779d6c,2200ba31437d9cea4320c26c59221f3f6d8de9f9ace236bd22c1fa4ab6fa3fd2,656680,269,16014,4307766,1102963,34462128,13236636,575848,19611,1705,56593,1659,1264,1.2195277087938388,4.763024688951488,1.0694137053869686,4.176734849673108,True
SPA130,Homo sapiens,Spatial Transcriptomics,Breast,Cancer,https://pubmed.ncbi.nlm.nih.gov/34650042/,Patient E,Creative Commons Attribution 4.0 International,E:\Hestdata\st\SPA130.h5ad,True,78104920,exposure_unresolved,False,True,main_v2/SPA130,E:\count压缩\baseline\evidence\COUNT-HEST-SHARED-RESUME-001\main_v2\SPA130\RESULT.json,78104920,5bf3b731aaef98bb65ed1b1c77ade6b474baf3a0ed58bf7063bb0c7630c0ffea,f23ca25e459aec9729e96cdeecb88ae932f4c64c56564f8b5e81810d7e167bd6,447164,587,15701,9216487,623822,73731896,7488216,368387,18014,3891,53951,1657,1264,0.3881426838664233,5.734507599924338,0.31976348472037125,4.724257881254589,True
SPA131,Homo sapiens,Spatial Transcriptomics,Breast,Cancer,https://pubmed.ncbi.nlm.nih.gov/34650042/,Patient D,Creative Commons Attribution 4.0 International,E:\Hestdata\st\SPA131.h5ad,True,43131916,exposure_unresolved,False,True,main_v2/SPA131,E:\count压缩\baseline\evidence\COUNT-HEST-SHARED-RESUME-001\main_v2\SPA131\RESULT.json,43131916,46872dd897f9a05f1f4207b6de1650a71d285db4967c9bf668ca9acef4fc89b7,700058a771c3f15e7d30815d649c97a65604f88810d4225a0765a99f998be4b3,502408,315,15409,4853835,787709,38830680,9453772,427525,20001,2059,49901,1658,1264,0.828059462260254,5.102473121419204,0.7046387032109662,4.341958769037805,True
SPA133,Homo sapiens,Spatial Transcriptomics,Breast,Cancer,https://pubmed.ncbi.nlm.nih.gov/34650042/,Patient D,Creative Commons Attribution 4.0 International,E:\Hestdata\st\SPA133.h5ad,True,41769605,known_exposed,False,True,main_v2/SPA133,E:\count压缩\baseline\evidence\COUNT-HEST-SHARED-RESUME-001\main_v2\SPA133\RESULT.json,41769605,90aa7d5f0e1e3b76c88cb025cc46f39a74a1204c2cdb27b1a9cb9c156548a835,3b41693f431fc77e229139a3ac570c17c92b8f16659c07bc55fba3e3ba837822,527510,302,15503,4681906,817819,37455248,9815040,451909,20732,1912,50035,1658,1264,0.901359403627497,5.160163801525766,0.7721795354285199,4.4206260798538555,True
SPA134,Homo sapiens,Spatial Transcriptomics,Breast,Cancer,https://pubmed.ncbi.nlm.nih.gov/34650042/,Patient D,Creative Commons Attribution 4.0 International,E:\Hestdata\st\SPA134.h5ad,True,41694726,exposure_unresolved,False,True,main_v2/SPA134,E:\count压缩\baseline\evidence\COUNT-HEST-SHARED-RESUME-001\main_v2\SPA134\RESULT.json,41694726,46b54fda338846168640ccf1f7e0c3d5adf6361ad48344569f1ca9b6903b96e5,14347a975c5533d5bb182a0ca378a244a342dd5b2b939f796d480b4fd947e5f3,538978,301,15529,4674229,860101,37393832,10322420,463294,20649,1949,50164,1658,1264,0.9224674272484297,5.01316008236242,0.7929333372412862,4.309205546790435,True
SPA135,Homo sapiens,Spatial Transcriptomics,Breast,Cancer,https://pubmed.ncbi.nlm.nih.gov/34650042/,Patient D,Creative Commons Attribution 4.0 International,E:\Hestdata\st\SPA135.h5ad,True,41615459,exposure_unresolved,False,True,main_v2/SPA135,E:\count压缩\baseline\evidence\COUNT-HEST-SHARED-RESUME-001\main_v2\SPA135\RESULT.json,41615459,0b7846697bae2c3c924166fd692bed1807b6b45289c30475d45274e29edd8712,bcf192a991670b3f5b334e46f815cf4254b2280d0d41395c6417365d7c18199f,499835,303,15396,4664988,783182,37319904,9399400,425714,19401,1950,49848,1658,1264,0.8571683356956117,5.10568424708433,0.730058040878133,4.348557551118386,True
SPA136,Homo sapiens,Spatial Transcriptomics,Breast,Cancer,https://pubmed.ncbi.nlm.nih.gov/34650042/,Patient D,Creative Commons Attribution 4.0 International,E:\Hestdata\st\SPA136.h5ad,True,42651367,exposure_unresolved,False,True,main_v2/SPA136,E:\count压缩\baseline\evidence\COUNT-HEST-SHARED-RESUME-001\main_v2\SPA136\RESULT.json,42651367,65046083b9224e90c79b66b80d0f2223da342e04c84547e84eebaab0b3da2185,f59977c16b2a796fbbb41b37eb599bab2a3ba7227a406cd16ed8484b0cc17d5a,637087,306,15661,4792266,1086016,38338128,13033420,560093,21605,1956,50510,1659,1264,1.0635252717607913,4.693021097295068,0.9349948437753663,4.125854499381225,True
SPA137,Homo sapiens,Spatial Transcriptomics,Breast,Cancer,https://pubmed.ncbi.nlm.nih.gov/34650042/,Patient C,Creative Commons Attribution 4.0 International,E:\Hestdata\st\SPA137.h5ad,True,26754404,exposure_unresolved,False,True,main_v2/SPA137,E:\count压缩\baseline\evidence\COUNT-HEST-SHARED-RESUME-001\main_v2\SPA137\RESULT.json,26754404,aa6d2a721a214987b159c2bffe28e828647fed73f24d702355e9a83e48a1625f,24eb1ed632226edabae4288a03f348d424289ce7a90cff3f7e754794cd11e5fe,476764,178,15772,2807416,798911,22459328,9587648,402681,20777,1088,49296,1658,1264,1.3585845489232804,4.77413879643665,1.147477965502797,4.032298966968786,True
SPA138,Homo sapiens,Spatial Transcriptomics,Breast,Cancer,https://pubmed.ncbi.nlm.nih.gov/34650042/,Patient C,Creative Commons Attribution 4.0 International,E:\Hestdata\st\SPA138.h5ad,True,27050201,exposure_unresolved,False,True,main_v2/SPA138,E:\count压缩\baseline\evidence\COUNT-HEST-SHARED-RESUME-001\main_v2\SPA138\RESULT.json,27050201,09436629a9729e879320b6ad90f8fff0a8cd81dd9ec49ce0b89c46438d9f4281,358a18a9c4cd463c28032a50882230b817b92cc0297376b2f3865ece18ceeb01,455945,181,15721,2845501,741917,22764008,8903732,382355,20380,1103,49185,1658,1264,1.2818691682062315,4.916399004201279,1.074974143393378,4.122887061490706,True
SPA139,Homo sapiens,Spatial Transcriptomics,Breast,Cancer,https://pubmed.ncbi.nlm.nih.gov/34650042/,Patient C,Creative Commons Attribution 4.0 International,E:\Hestdata\st\SPA139.h5ad,True,27613914,known_exposed,False,True,main_v2/SPA139,E:\count压缩\baseline\evidence\COUNT-HEST-SHARED-RESUME-001\main_v2\SPA139\RESULT.json,27613914,9c4392948a0e264b031d62c62960e1d7385601988d6eb9bb7eb5bbbc08edb1ac,41b405796e8f96a25dea0bc0987ce50158247ea15bdf431b0fc3745f745b6f46,479372,184,15842,2914928,780024,23319424,9361028,404903,20884,1107,49556,1658,1264,1.3156331820202762,4.916484620986021,1.1112535198124962,4.152723505943407,True
SPA14,Mus musculus,Spatial Transcriptomics,Brain,Healthy,https://pubmed.ncbi.nlm.nih.gov/27365449/,,,E:\Hestdata\st\SPA14.h5ad,True,40115901,exposure_unresolved,False,True,main_v2/SPA14,E:\count压缩\baseline\evidence\COUNT-HEST-SHARED-RESUME-001\main_v2\SPA14\RESULT.json,40115901,77e5069d5cc678d2b0fd8b4721537aefa4882973f91a4fbba0b6960831d656c2,0e65d9aa05684f7fa74ab1be710d9769e5bb3828571ec99bb2e96fcf6e6399c8,671177,280,15981,4474680,1083064,35797440,12997892,590356,20111,1798,55989,1659,1264,1.1999553040664361,4.957616539742804,1.0554605022035095,4.360636121226446,True
SPA140,Homo sapiens,Spatial Transcriptomics,Breast,Cancer,https://pubmed.ncbi.nlm.nih.gov/34650042/,Patient C,Creative Commons Attribution 4.0 International,E:\Hestdata\st\SPA140.h5ad,True,27065789,known_exposed,False,True,main_v2/SPA140,E:\count压缩\baseline\evidence\COUNT-HEST-SHARED-RESUME-001\main_v2\SPA140\RESULT.json,27065789,05d08fcdfa22a1a7aabaecffc70ceede7fd4b2df475e1c8c80659b422d1a641e,f0bf469aabe7987a7ea184f8fc08a497a2612af62132dbe96371067202245f75,465225,180,15821,2847780,748646,22782240,8984476,391092,20744,1089,49378,1658,1264,1.306912753091882,4.971374988980106,1.0986579019446727,4.1791928361335,True
SPA141,Homo sapiens,Spatial Transcriptomics,Breast,Cancer,https://pubmed.ncbi.nlm.nih.gov/34650042/,Patient C,Creative Commons Attribution 4.0 International,E:\Hestdata\st\SPA141.h5ad,True,27782258,exposure_unresolved,False,True,main_v2/SPA141,E:\count压缩\baseline\evidence\COUNT-HEST-SHARED-RESUME-001\main_v2\SPA141\RESULT.json,27782258,e32099e190596463f8a0d0046c9b9f00e2e79b22fdd6b4914be0ca3227bd6e65,298793bd1f89b88480599d934b9566c16a449bf4d44bebbe33ee911cbbfa8c64,450386,187,15706,2937022,708716,23496176,8505344,376888,20210,1158,49208,1658,1264,1.2267827752056335,5.083965932757268,1.0265854324550514,4.254319078446091,True
SPA142,Homo sapiens,Spatial Transcriptomics,Breast,Cancer,https://pubmed.ncbi.nlm.nih.gov/34650042/,Patient C,Creative Commons Attribution 4.0 International,E:\Hestdata\st\SPA142.h5ad,True,26167069,exposure_unresolved,False,True,main_v2/SPA142,E:\count压缩\baseline\evidence\COUNT-HEST-SHARED-RESUME-001\main_v2\SPA142\RESULT.json,26167069,c88b1a43eade6a0ee8ea3b66ac1d074a312e7c6af08bcbf4e812b6abf9db6b9b,f34025a379ed6998c2e34cca48f83e1a1f0794dbb5387bcc0cb3ca5694f580a4,417093,176,15557,2738032,649403,21904256,7793544,344315,20116,1083,48657,1658,1264,1.2186650849953544,5.138171520612008,1.0060218434262274,4.241618840689064,True
SPA143,Homo sapiens,Spatial Transcriptomics,Breast,Cancer,https://pubmed.ncbi.nlm.nih.gov/34650042/,Patient B,Creative Commons Attribution 4.0 International,E:\Hestdata\st\SPA143.h5ad,True,38376584,exposure_unresolved,False,True,main_v2/SPA143,E:\count压缩\baseline\evidence\COUNT-HEST-SHARED-RESUME-001\main_v2\SPA143\RESULT.json,38376584,3691fc73a24d09d78668683dc9fa9aae4dd221d68f99960e143933d1914d1777,ae1bc2ce7b0e0a1dd0481d26349926871fcb45ae26e30369a5c21308746794a8,351441,277,15387,4262199,451698,34097592,5421488,278514,18736,1773,49497,1657,1264,0.6596425929432201,6.224353439687579,0.5227611380885783,4.932747100939123,True
SPA145,Homo sapiens,Spatial Transcriptomics,Breast,Cancer,https://pubmed.ncbi.nlm.nih.gov/34650042/,Patient B,Creative Commons Attribution 4.0 International,E:\Hestdata\st\SPA145.h5ad,True,38887836,exposure_unresolved,False,True,main_v2/SPA145,E:\count压缩\baseline\evidence\COUNT-HEST-SHARED-RESUME-001\main_v2\SPA145\RESULT.json,38887836,5ebd79582a08baa980c30952842bd5628d257fe9dd1ec8c5f222e600adeb9d2c,49d6fdbce50c8eef85bfff74bac11702d1fc063c71953755a81a250c861fb319,328625,283,15289,4326787,400805,34614296,4810796,256279,18318,1827,49280,1657,1264,0.6076102197774006,6.559299409937501,0.47384629749511586,5.115285487955489,True
SPA146,Homo sapiens,Spatial Transcriptomics,Breast,Cancer,https://pubmed.ncbi.nlm.nih.gov/34650042/,Patient B,Creative Commons Attribution 4.0 International,E:\Hestdata\st\SPA146.h5ad,True,40543585,exposure_unresolved,False,True,main_v2/SPA146,E:\count压缩\baseline\evidence\COUNT-HEST-SHARED-RESUME-001\main_v2\SPA146\RESULT.json,40543585,2aef5e56bfe5909220911ccbb83d764b21936cd7c958708007afa65112192511,2946250a32849be0fd9d80a204926388260f01235ddb00df8e08ad152da45c45,340750,298,15215,4534070,436624,36272560,5240684,268058,18517,1921,49333,1657,1264,0.6012258302143548,6.243358129649309,0.4729666723275115,4.911466158525413,True
SPA147,Homo sapiens,Spatial Transcriptomics,Breast,Cancer,https://pubmed.ncbi.nlm.nih.gov/34650042/,Patient B,Creative Commons Attribution 4.0 International,E:\Hestdata\st\SPA147.h5ad,True,37310016,exposure_unresolved,False,True,main_v2/SPA147,E:\count压缩\baseline\evidence\COUNT-HEST-SHARED-RESUME-001\main_v2\SPA147\RESULT.json,37310016,2dee1c6d88710353d5eb4e1606b346ce906a97776f98d569335352323b2798b8,167be89d5a4d3a9d1d5ecad2e811f68ed77d7aaf1184519f6137ea48b107b6d7,340092,270,15290,4128300,435231,33026400,5223856,267447,18757,1700,49267,1657,1264,0.6590451275343362,6.251245890113526,0.5182704745294673,4.915954975633629,True
SPA148,Homo sapiens,Spatial Transcriptomics,Breast,Cancer,https://pubmed.ncbi.nlm.nih.gov/34650042/,Patient B,Creative Commons Attribution 4.0 International,E:\Hestdata\st\SPA148.h5ad,True,39920916,exposure_unresolved,False,True,main_v2/SPA148,E:\count压缩\baseline\evidence\COUNT-HEST-SHARED-RESUME-001\main_v2\SPA148\RESULT.json,39920916,3d17c05959acb166e8cdd4363d4d113d6b194d303413c94f3d372a68266a5ca2,b9bbbce62a5759b20989eaa83c4da2cfdb1b9a32ae7f803ad3581dfc2bb72498,357746,295,15109,4457155,475208,35657240,5703680,285629,18302,1927,48967,1657,1264,0.6421064557997198,6.022558542785475,0.5126660392111111,4.808488072591371,True
SPA149,Homo sapiens,Spatial Transcriptomics,Breast,Cancer,https://pubmed.ncbi.nlm.nih.gov/34650042/,Patient A,Creative Commons Attribution 4.0 International,E:\Hestdata\st\SPA149.h5ad,True,49393061,exposure_unresolved,False,True,main_v2/SPA149,E:\count压缩\baseline\evidence\COUNT-HEST-SHARED-RESUME-001\main_v2\SPA149\RESULT.json,49393061,cb8f64a201011a1eb3fcbdc35cc91428972adbec6d425770d527e4b56df450d8,af70cb3df2a44d9d7dba8c2c6d969c1939e4d7b6b7dde824d6b5354ecf98fc2c,643561,360,15645,5632200,1091286,45057600,13096876,566761,21547,2400,49930,1659,1264,0.9141166861972231,4.7178173274467,0.8050296509356912,4.154811845840595,True
SPA15,Mus musculus,Spatial Transcriptomics,Brain,Healthy,https://pubmed.ncbi.nlm.nih.gov/27365449/,,,E:\Hestdata\st\SPA15.h5ad,True,39759693,exposure_unresolved,False,True,main_v2/SPA15,E:\count压缩\baseline\evidence\COUNT-HEST-SHARED-RESUME-001\main_v2\SPA15\RESULT.json,39759693,02f60ba8f640d51de888d633bad161fcf3a0bc43f3d1f269194489dfa0af56c6,502c68aa813d40457cd02c9a7603e8749c7d7335f16525df5020488505e2ab81,922353,267,16573,4424991,1229129,35399928,14750620,838220,21260,1658,58291,1660,1264,1.6675342390526895,6.003295016226938,1.5154290709291838,5.455700744185517,True
SPA150,Homo sapiens,Spatial Transcriptomics,Breast,Cancer,https://pubmed.ncbi.nlm.nih.gov/34650042/,Patient A,Creative Commons Attribution 4.0 International,E:\Hestdata\st\SPA150.h5ad,True,45853250,exposure_unresolved,False,True,main_v2/SPA150,E:\count压缩\baseline\evidence\COUNT-HEST-SHARED-RESUME-001\main_v2\SPA150\RESULT.json,45853250,c1ad47f7145d4394c1fe1cf19ba92849e82e1e08e28a000cfcb93156a64072a2,b5f4914e31e2e8d75a8f774e3681bf1482c40a4b859e255fcc8faa4f8d3b1a7d,588429,332,15638,5191816,1021506,41534528,12259404,511412,21129,2146,50819,1659,1264,0.9067023946919537,4.6083253549171515,0.7880279270297714,4.005161007375385,True
SPA151,Homo sapiens,Spatial Transcriptomics,Breast,Cancer,https://pubmed.ncbi.nlm.nih.gov/34650042/,Patient A,Creative Commons Attribution 4.0 International,E:\Hestdata\st\SPA151.h5ad,True,47079582,exposure_unresolved,False,True,main_v2/SPA151,E:\count压缩\baseline\evidence\COUNT-HEST-SHARED-RESUME-001\main_v2\SPA151\RESULT.json,47079582,87466597c07fdac06c94fb22ac5fc20b1511ca94cdf29db99caf625e85373b9d,0ea318005ef4f83158fb3fabc17cbb865d71d6becee35be1da639f111258a760,619971,343,15583,5344969,1071621,42759752,12860828,543435,20720,2260,50633,1659,1264,0.9279320422625463,4.628285559913439,0.8133779634643344,4.056919377279841,True
SPA152,Homo sapiens,Spatial Transcriptomics,Breast,Cancer,https://pubmed.ncbi.nlm.nih.gov/34650042/,Patient A,Creative Commons Attribution 4.0 International,E:\Hestdata\st\SPA152.h5ad,True,48858812,exposure_unresolved,False,True,main_v2/SPA152,E:\count压缩\baseline\evidence\COUNT-HEST-SHARED-RESUME-001\main_v2\SPA152\RESULT.json,48858812,6130135829377df4b3ac85096dd7a63147ff81d89782273b12e6ce0cb23d07e5,eaa962fa7517d5b7ae334444a25c034efb2bd4864092e9b2512f19bb0f67c9a4,648882,359,15517,5570603,1135391,44564824,13626132,572110,20776,2393,50680,1659,1264,0.9318660834383639,4.572042582687374,0.8216130282484679,4.031104703137509,True
SPA153,Homo sapiens,Spatial Transcriptomics,Breast,Cancer,https://pubmed.ncbi.nlm.nih.gov/34650042/,Patient A,Creative Commons Attribution 4.0 International,E:\Hestdata\st\SPA153.h5ad,True,44668971,exposure_unresolved,False,True,main_v2/SPA153,E:\count压缩\baseline\evidence\COUNT-HEST-SHARED-RESUME-001\main_v2\SPA153\RESULT.json,44668971,b37b0ec7e1951c065f686d0843b43a057f3eaf7f2219e1c2a11e10eaf9f4cccf,af9cc169b40286d88270eb9c67b7db904099f34c1ef52d7554f9cfce5c7164e1,650735,325,15526,5045950,1162042,40367600,13945808,574020,21268,2093,50431,1659,1264,1.031694725472904,4.479941344632982,0.9100684707537728,3.9518020863273446,True
SPA154,Homo sapiens,Spatial Transcriptomics,Breast,Cancer,https://pubmed.ncbi.nlm.nih.gov/34650042/,Patient A,Creative Commons Attribution 4.0 International,E:\Hestdata\st\SPA154.h5ad,True,45914879,exposure_unresolved,False,True,main_v2/SPA154,E:\count压缩\baseline\evidence\COUNT-HEST-SHARED-RESUME-001\main_v2\SPA154\RESULT.json,45914879,1bdfa541258dc76ac4e56158129bc3f32f4bcf70969613c1bd9883f5ca9f9e8c,5467dbe01d1a0c2c965b4adf0b97f33ede274b57904e3e4900d6f8c5d5be1155,496545,346,15045,5205570,799594,41644560,9596516,422515,19673,2227,49208,1658,1264,0.7630979892691867,4.967971245407044,0.6493275472234549,4.227295352391339,True
SPA2,Homo sapiens,Spatial Transcriptomics,Breast,Cancer,https://pubmed.ncbi.nlm.nih.gov/27365449/,,,E:\Hestdata\st\SPA2.h5ad,True,33892941,exposure_unresolved,False,True,main_v2/SPA2,E:\count压缩\baseline\evidence\COUNT-HEST-SHARED-RESUME-001\main_v2\SPA2\RESULT.json,33892941,bdac405a97093bb17df315aa72a1b619f73cc7a43e36293b479cab9b8d794022,6de6fd26ea184cc9e8975fe3db433ff65a9f16d0f466793f40d022f24e9fcc7f,324464,251,14789,3712039,398328,29696312,4780944,252774,16653,1594,50522,1657,1264,0.6992685152284229,6.516519049627442,0.5447658281607494,5.076700608543713,True
SPA3,Homo sapiens,Spatial Transcriptomics,Breast,Cancer,https://pubmed.ncbi.nlm.nih.gov/27365449/,,,E:\Hestdata\st\SPA3.h5ad,True,34418040,known_exposed,False,True,main_v2/SPA3,E:\count压缩\baseline\evidence\COUNT-HEST-SHARED-RESUME-001\main_v2\SPA3\RESULT.json,34418040,0868657362c03dbc4346fefe1e220993bcc7d70148339d4bdaaa79bed51bb4db,d6a4bfc7c263a9a7c40bb5f586856b00db229ca687b5b547fda2a7e91c7f7057,332718,254,14880,3779520,411933,30236160,4944216,260260,17100,1607,50830,1657,1264,0.704254508509017,6.461594482597898,0.5508847684362035,5.054414188715155,True
SPA30,Homo sapiens,Spatial Transcriptomics,Heart,Healthy,https://www.sciencedirect.com/science/article/pii/S0092867419312826?via%3Dihub,,CC BY 4.0,E:\Hestdata\st\SPA30.h5ad,True,73939227,exposure_unresolved,False,True,main_v2/SPA30,E:\count压缩\baseline\evidence\COUNT-HEST-SHARED-RESUME-001\main_v2\SPA30\RESULT.json,73939227,1753a1ca149280980f84907a69f00bd5e2b59af61036e2a272d74c42c562c6ba,b53476e4661e05a8c46dea5c82037a6107ef5dc0f6a9fd5b9cce79df6ce87b8d,370274,211,39739,8384929,353776,67079432,4246160,214057,25206,1323,126766,1658,1264,0.3532757403193277,8.373072226493601,0.20423023259946507,4.840509248790195,True
SPA32,Homo sapiens,Spatial Transcriptomics,Heart,Healthy,https://www.sciencedirect.com/science/article/pii/S0092867419312826?via%3Dihub,,CC BY 4.0,E:\Hestdata\st\SPA32.h5ad,True,78709491,exposure_unresolved,False,True,main_v2/SPA32,E:\count压缩\baseline\evidence\COUNT-HEST-SHARED-RESUME-001\main_v2\SPA32\RESULT.json,78709491,cc0b663ffee8b34a9e51938612d4a062ff4d2159632b053e0ac1cea23048c2de,4519ca1f4937bc6cb379df4efe94623d2643efdab0af2621ec73870a7ddb7a2a,357248,226,39739,8981014,322678,71848112,3873044,201079,25098,1413,126737,1657,1264,0.3182250912870195,8.85707733406058,0.17911474138666303,4.985254650146586,True
SPA33,Homo sapiens,Spatial Transcriptomics,Heart,Healthy,https://www.sciencedirect.com/science/article/pii/S0092867419312826?via%3Dihub,,CC BY 4.0,E:\Hestdata\st\SPA33.h5ad,True,84115899,known_exposed,False,True,main_v2/SPA33,E:\count压缩\baseline\evidence\COUNT-HEST-SHARED-RESUME-001\main_v2\SPA33\RESULT.json,84115899,a48faaf4fc56f9d088135736f2e075aae410757cb590dda99b52122185a05799,3543c76579e6885f25bec727ae0037ad4df22bd1f140895c9aca195714bd15ec,426655,243,39739,9656577,442474,77252616,5310664,267980,27284,1533,126936,1658,1264,0.3534627228675337,7.713989974552177,0.22200827477479856,4.845120843258587,True
SPA34,Homo sapiens,Spatial Transcriptomics,Heart,Healthy,https://www.sciencedirect.com/science/article/pii/S0092867419312826?via%3Dihub,,CC BY 4.0,E:\Hestdata\st\SPA34.h5ad,True,83797875,exposure_unresolved,False,True,main_v2/SPA34,E:\count压缩\baseline\evidence\COUNT-HEST-SHARED-RESUME-001\main_v2\SPA34\RESULT.json,83797875,aa08bf55b41159f3803c9180e9e41677d32756d2b511da8a514e91cc94645429,2800ef4a14d0ae83e091298f5f690072d7cdc276676c2d3bddc18857cba5640a,387761,242,39739,9616838,378181,76934704,4539144,230419,25937,1533,126950,1658,1264,0.3225683951419375,8.202654284588597,0.19167963523977424,4.874258622194135,True
SPA36,Homo sapiens,Spatial Transcriptomics,Heart,Healthy,https://www.sciencedirect.com/science/article/pii/S0092867419312826?via%3Dihub,,CC BY 4.0,E:\Hestdata\st\SPA36.h5ad,True,64076291,exposure_unresolved,False,True,main_v2/SPA36,E:\count压缩\baseline\evidence\COUNT-HEST-SHARED-RESUME-001\main_v2\SPA36\RESULT.json,64076291,e91b5878d7af441073a90b9a1d8a800cbf955f1fb42f5aff1bbbfcf06313e9e2,79af9434fe0255bd615e1fbde7ce55c94a7f9b086288a0c13363d96426068b37,324952,180,39739,7153020,262590,57224160,3151804,169759,24833,1074,126366,1656,1264,0.36342915300111,9.899904794546632,0.18985994726702848,5.171834418675502,True
SPA37,Homo sapiens,Spatial Transcriptomics,Heart,Healthy,https://www.sciencedirect.com/science/article/pii/S0092867419312826?via%3Dihub,,CC BY 4.0,E:\Hestdata\st\SPA37.h5ad,True,64712339,exposure_unresolved,False,True,main_v2/SPA37,E:\count压缩\baseline\evidence\COUNT-HEST-SHARED-RESUME-001\main_v2\SPA37\RESULT.json,64712339,7fe6e43b93d513a31f45c88bd6aba61425901dbf6eba4541f7ff312d45d9b565,704dacf73bfddf822236446e1b25cbab6fd7458925299d81c354c3e82188b8ec,409610,182,39739,7232498,423607,57859984,5084016,250379,28520,1104,126685,1658,1264,0.45307720790244255,7.735660647723007,0.27694884948464554,4.728514873455821,True
SPA38,Homo sapiens,Spatial Transcriptomics,Heart,Healthy,https://www.sciencedirect.com/science/article/pii/S0092867419312826?via%3Dihub,,CC BY 4.0,E:\Hestdata\st\SPA38.h5ad,True,63440243,known_exposed,False,True,main_v2/SPA38,E:\count压缩\baseline\evidence\COUNT-HEST-SHARED-RESUME-001\main_v2\SPA38\RESULT.json,63440243,c9f0dad9f52188c9f14dfb62e676b19417cf19e44a5c599a34a748525ade8cd4,35540eae9766334219196edd4ecebb0a4a302a2311c66c9ae22094bb227e92bd,374484,178,39739,7073542,356571,56588336,4279568,216839,27071,1077,126576,1657,1264,0.42353208618822086,8.401894713815762,0.2452395136693894,4.864983411438395,True
SPA39,Homo sapiens,Spatial Transcriptomics,Heart,Healthy,https://www.sciencedirect.com/science/article/pii/S0092867419312826?via%3Dihub,,CC BY 4.0,E:\Hestdata\st\SPA39.h5ad,True,73351179,known_exposed,False,True,main_v2/SPA39,E:\count压缩\baseline\evidence\COUNT-HEST-SHARED-RESUME-001\main_v2\SPA39\RESULT.json,73351179,a400efafad51d27421b732f98659c42364d268aea1fdd56bd2107d0e5e52d786,241b753bdae6de5b6f92c38cdbd320c5f6d16c59aecd326c4730247240cc8c68,448447,209,39739,8305451,490169,66443608,5882868,288964,28706,1329,126526,1658,1264,0.4319543875462031,7.319059344838209,0.27833672126895936,4.716153000291736,True
SPA4,Mus musculus,Spatial Transcriptomics,Brain,Healthy,https://pubmed.ncbi.nlm.nih.gov/27365449/,,,E:\Hestdata\st\SPA4.h5ad,True,40497850,exposure_unresolved,False,True,main_v2/SPA4,E:\count压缩\baseline\evidence\COUNT-HEST-SHARED-RESUME-001\main_v2\SPA4\RESULT.json,40497850,d2a0a0fc34099104aba62e22510051865e561d296d0f09c1b400ca4f851f9c7d,e923029548ce4f132ed5a289a76a230103188fa675cad7395f0ddb30b29c09ce,683852,282,16034,4521588,1263280,36172704,15160492,602483,19719,1807,56920,1659,1264,1.2099324396650026,4.330644037743018,1.0659670894384894,3.8153568488379457,True
SPA40,Homo sapiens,Spatial Transcriptomics,Heart,Healthy,https://www.sciencedirect.com/science/article/pii/S0092867419312826?via%3Dihub,,CC BY 4.0,E:\Hestdata\st\SPA40.h5ad,True,74893299,exposure_unresolved,False,True,main_v2/SPA40,E:\count压缩\baseline\evidence\COUNT-HEST-SHARED-RESUME-001\main_v2\SPA40\RESULT.json,74893299,49496010a20625909f5e0040d666dbc839ba2cdabf47e8e3623431a6a2d69e53,ccdeffab569076d3621c145733a848fb52133cdcaef4f56c04f6bd0e65b7e4bb,413073,214,39739,8504146,418508,68033168,5022956,254189,27710,1322,126930,1658,1264,0.38858505016259126,7.896107123400269,0.2391200715509823,4.858956101197587,True
SPA41,Homo sapiens,Spatial Transcriptomics,Heart,Healthy,https://www.sciencedirect.com/science/article/pii/S0092867419312826?via%3Dihub,,CC BY 4.0,E:\Hestdata\st\SPA41.h5ad,True,65984435,exposure_unresolved,False,True,main_v2/SPA41,E:\count压缩\baseline\evidence\COUNT-HEST-SHARED-RESUME-001\main_v2\SPA41\RESULT.json,65984435,29ec24f06120b1b873de341c67473a8c5c6cc248f0324a68cd5980609180ff8f,3baaa5ead415130728f520ffd97f2526993cb95e0863480d8028e7cf1d464c56,508740,186,39739,7391454,636730,59131632,7641508,347085,31119,1128,126485,1659,1264,0.5506250867555964,6.3919086583010065,0.3756608645606128,4.360843685706658,True
SPA42,Homo sapiens,Spatial Transcriptomics,Heart,Healthy,https://www.sciencedirect.com/science/article/pii/S0092867419312826?via%3Dihub,,CC BY 4.0,E:\Hestdata\st\SPA42.h5ad,True,57397787,exposure_unresolved,False,True,main_v3/SPA42,E:\count压缩\baseline\evidence\COUNT-HEST-SHARED-RESUME-001\main_v3\SPA42\RESULT.json,57397787,97c4df5c386b7238f143127ef2c2003ea82ace9925614afb42e7a41d4eea89de,fd571890e28b276329a219b2b21d88da69d7774e40b72b53c83db079d0f18a39,430330,159,39739,6318501,486051,50548008,5833252,271344,28925,960,126180,1657,1264,0.5448507486190158,7.082878134187565,0.3435549032911445,4.466099236499874,True
SPA43,Homo sapiens,Spatial Transcriptomics,Heart,Healthy,https://www.sciencedirect.com/science/article/pii/S0092867419312826?via%3Dihub,,CC BY 4.0,E:\Hestdata\st\SPA43.h5ad,True,39917923,exposure_unresolved,False,True,main_v2/SPA43,E:\count压缩\baseline\evidence\COUNT-HEST-SHARED-RESUME-001\main_v2\SPA43\RESULT.json,39917923,30447c82ae02be3dc36ba1d64f7dd9794b3ca35ea765b7b8224fc25e72c29314,94656d2419e0e7c1de14352265b1fa0003336d3ac3c54fb2f8cbc87560f45be6,329630,104,39739,4132856,308525,33062848,3702720,173701,26719,611,125679,1656,1264,0.6380672348613162,8.547249007373795,0.33623431351104416,4.504036950004052,True
SPA44,Homo sapiens,Spatial Transcriptomics,Heart,Healthy,https://www.sciencedirect.com/science/article/pii/S0092867419312826?via%3Dihub,,CC BY 4.0,E:\Hestdata\st\SPA44.h5ad,True,39599907,exposure_unresolved,False,True,main_v2/SPA44,E:\count压缩\baseline\evidence\COUNT-HEST-SHARED-RESUME-001\main_v2\SPA44\RESULT.json,39599907,1f5fb47ec47adbdad4a8f7545f5836cae3021cba3b8407cacaf0b2e0f71762f5,ecc8ba761a54b4f3e862fcb181aeada3de73471b69a1f75224481fc087a85bc5,279158,103,39739,4093117,212863,32744936,2554772,126578,23393,609,125660,1654,1264,0.5456145035678188,10.49155560149016,0.24739678831560397,4.7571630579292785,True
SPA45,Homo sapiens,Spatial Transcriptomics,Heart,Healthy,https://www.sciencedirect.com/science/article/pii/S0092867419312826?via%3Dihub,,CC BY 4.0,E:\Hestdata\st\SPA45.h5ad,True,24322259,exposure_unresolved,False,True,main_v2/SPA45,E:\count压缩\baseline\evidence\COUNT-HEST-SHARED-RESUME-001\main_v2\SPA45\RESULT.json,24322259,0ae12bc860a6105e4be92041872f677ac551c2a070b62bf0f0fd1d9c6d193404,0a212959752d533a60c0c9fa0aed4184320d9338acecd889007099aa69f92871,191670,55,39739,2185645,73789,17485160,885692,46204,16979,323,125248,1652,1264,0.7015594938793811,20.78033311198146,0.16911804066991665,5.009310330808115,True
SPA46,Homo sapiens,Spatial Transcriptomics,Heart,Healthy,https://www.sciencedirect.com/science/article/pii/S0092867419312826?via%3Dihub,,CC BY 4.0,E:\Hestdata\st\SPA46.h5ad,True,28775467,exposure_unresolved,False,True,main_v2/SPA46,E:\count压缩\baseline\evidence\COUNT-HEST-SHARED-RESUME-001\main_v2\SPA46\RESULT.json,28775467,ba274cc68da2f02cf7e15efff470d62485002645c506dcae0dd6bf037797892d,b6423bb61b8299d7cf75f7444928ff2d111e2ec112335e21392eedb379e2be9a,200129,69,39739,2741991,87112,21935928,1045624,54330,17079,404,125400,1652,1264,0.5838939660998158,18.379006336670034,0.15851255529285108,4.989438883276701,True
SPA47,Homo sapiens,Spatial Transcriptomics,Heart,Healthy,https://www.sciencedirect.com/science/article/pii/S0092867419312826?via%3Dihub,,CC BY 4.0,E:\Hestdata\st\SPA47.h5ad,True,25594131,exposure_unresolved,False,True,main_v2/SPA47,E:\count压缩\baseline\evidence\COUNT-HEST-SHARED-RESUME-001\main_v2\SPA47\RESULT.json,25594131,43b06331157f6714022dd2ae03c94de20f26f553ee78a883372c40dd97fc3c30,ca6aeaa616128a5f50bbaecad2e2146be824e80c3f0b052921746920abf4038a,194581,59,39739,2344601,78970,18756808,947880,49072,17002,351,125240,1652,1264,0.6639287452321312,19.711890591363808,0.16743829760372875,4.971204254780297,True
SPA48,Homo sapiens,Spatial Transcriptomics,Heart,Healthy,https://www.sciencedirect.com/science/article/pii/S0092867419312826?via%3Dihub,,CC BY 4.0,E:\Hestdata\st\SPA48.h5ad,True,24322259,exposure_unresolved,False,True,main_v2/SPA48,E:\count压缩\baseline\evidence\COUNT-HEST-SHARED-RESUME-001\main_v2\SPA48\RESULT.json,24322259,56c7c889ed07ea9a217b2d93c2ad316948ac08b81530530c304ebb7961d565f6,a13d0e1c7f829f60ef306cf128e5893394c0d2e9175212db4ddd9b778f02bae3,188555,55,39739,2185645,71287,17485160,855668,43884,16166,321,125268,1652,1264,0.6901578252643956,21.16009931684599,0.16062626821830628,4.924768891943833,True
SPA5,Mus musculus,Spatial Transcriptomics,Brain,Healthy,https://pubmed.ncbi.nlm.nih.gov/27365449/,,,E:\Hestdata\st\SPA5.h5ad,True,38322730,exposure_unresolved,False,True,main_v2/SPA5,E:\count压缩\baseline\evidence\COUNT-HEST-SHARED-RESUME-001\main_v2\SPA5\RESULT.json,38322730,4a878592402b4d9317f842cd072062a94e96ddc4953cbe7963f1ca0c0d9b8e9e,0774e79de13c3fd3f8e9b0b2ba98d4215ac7c1a49c9c07b627651476adfd5f96,973382,262,16218,4249116,1701556,33992928,20419724,890502,21396,1627,56932,1661,1264,1.8326296575570071,4.5764323948198005,1.676587789083659,4.186765525201639,True
SPA51,Homo sapiens,Spatial Transcriptomics,Breast,Cancer,https://www.science.org/doi/10.1126/science.aaf2403,BC23803,CC BY 4.0,E:\Hestdata\st\SPA51.h5ad,True,69219580,exposure_unresolved,False,True,main_v2/SPA51,E:\count压缩\baseline\evidence\COUNT-HEST-SHARED-RESUME-001\main_v2\SPA51\RESULT.json,69219580,19179b87d1aad844c9ee25cc8659b310b3e0525e88e3e49ccc71ab4b56a6db40,f0ef2ed6b16ed47b1681cfe57c0790bd6469bf1c1f4bd8a996573c2866c3d8c7,748543,421,19119,8049099,1198002,64392792,14377712,652894,24907,2917,64902,1659,1264,0.7439769345612471,4.9986093512364755,0.648911387473306,4.359885876651291,True
SPA52,Homo sapiens,Spatial Transcriptomics,Breast,Cancer,https://www.science.org/doi/10.1126/science.aaf2403,BC23803,CC BY 4.0,E:\Hestdata\st\SPA52.h5ad,True,56127395,exposure_unresolved,False,True,main_v2/SPA52,E:\count压缩\baseline\evidence\COUNT-HEST-SHARED-RESUME-001\main_v2\SPA52\RESULT.json,56127395,f197ff7bc53729a24f5d0e1239fe22ebcc457e97e53ff7c4c18784366d4dcd1b,68639f3ffd9334665a42875259d517d49ef056c90afd8faff24be9b2d7291802,615790,340,18871,6416140,980073,51329120,11762240,523967,23922,2285,62694,1658,1264,0.7678012013453572,5.0264827211850545,0.6533111808657541,4.276963042548871,True
SPA53,Homo sapiens,Spatial Transcriptomics,Breast,Cancer,https://www.science.org/doi/10.1126/science.aaf2403,BC23803,CC BY 4.0,E:\Hestdata\st\SPA53.h5ad,True,68317187,exposure_unresolved,False,True,main_v2/SPA53,E:\count压缩\baseline\evidence\COUNT-HEST-SHARED-RESUME-001\main_v2\SPA53\RESULT.json,68317187,4d2bd0a1ffdff5ef6b984c08b434ada290239d2cccb3dc0fa45f11f5e06e575b,43e0067c67d67d50d1b4c572a0115bc42e23b5c95ff0c010c7c1668537d10529,831888,402,19729,7931058,1436449,63448464,17239000,733719,25988,2792,66466,1659,1264,0.8391193205244496,4.633024910734735,0.7400969706689826,4.086293352565946,True
SPA55,Homo sapiens,Spatial Transcriptomics,Breast,Cancer,https://www.science.org/doi/10.1126/science.aaf2403,BC23377,CC BY 4.0,E:\Hestdata\st\SPA55.h5ad,True,105387841,exposure_unresolved,False,True,main_v2/SPA55,E:\count压缩\baseline\evidence\COUNT-HEST-SHARED-RESUME-001\main_v2\SPA55\RESULT.json,105387841,f987950c1bc6a8a936d34c8688f462d0ece75b2219a02a370ce6d238e1956652,9c40a035efdb95baabf7421170b8fc3d6f6c72552429e18bd8ff853274991a1f,827211,687,18306,12576222,1305828,100609776,15672688,731927,23297,4660,64404,1659,1264,0.5262063599068146,5.06780984938292,0.46559419832124466,4.4840637511218935,True
SPA56,Homo sapiens,Spatial Transcriptomics,Breast,Cancer,https://www.science.org/doi/10.1126/science.aaf2403,BC23377,CC BY 4.0,E:\Hestdata\st\SPA56.h5ad,True,90362386,exposure_unresolved,False,True,main_v2/SPA56,E:\count压缩\baseline\evidence\COUNT-HEST-SHARED-RESUME-001\main_v2\SPA56\RESULT.json,90362386,f772c90fc4d4fccabcb69e5de597d3671c783aa34667bf44709724c861809b30,d5b4cd34580a8ddfccd2ee5c5d4d83cc6104feb2f1cb4a0e5319566c287c1606,730679,597,17933,10706001,1125131,85648008,13503964,637948,23455,4162,62191,1659,1264,0.5459958391560024,5.195334587705787,0.47670311258143916,4.535990920168407,True
SPA57,Homo sapiens,Spatial Transcriptomics,Breast,Cancer,https://www.science.org/doi/10.1126/science.aaf2403,BC23288,CC BY 4.0,E:\Hestdata\st\SPA57.h5ad,True,71235475,exposure_unresolved,False,True,main_v2/SPA57,E:\count压缩\baseline\evidence\COUNT-HEST-SHARED-RESUME-001\main_v2\SPA57\RESULT.json,71235475,8ccc6d2f851bcbb2004fcc060a67333943f4a331393713eb5eadc64fbb19ec5b,13473ec9b1db1a5ae82e2d1601997fb382153782680db58536764f4a70f6c965,515337,478,17405,8319590,724875,66556720,8700416,428711,21436,3335,58933,1658,1264,0.4955407658310085,5.6874578375582,0.41224243021591206,4.731419899982756,True
SPA58,Homo sapiens,Spatial Transcriptomics,Breast,Cancer,https://www.science.org/doi/10.1126/science.aaf2403,BC23288,CC BY 4.0,E:\Hestdata\st\SPA58.h5ad,True,72426841,exposure_unresolved,False,True,main_v3/SPA58,E:\count压缩\baseline\evidence\COUNT-HEST-SHARED-RESUME-001\main_v3\SPA58\RESULT.json,72426841,d74cb550e659857f601ec4c7e86725e7f97eff3fdc625fb25088f446014dee8f,7c02fa8672319a5072a30c8f13c661944f959115f500551c7701dac633bb1cf5,585999,480,17641,8467680,851740,67741440,10222804,497544,22420,3375,59738,1658,1264,0.5536335808627629,5.504017657970742,0.4700640553256618,4.673200742010473,True
SPA59,Homo sapiens,Spatial Transcriptomics,Breast,Cancer,https://www.science.org/doi/10.1126/science.aaf2403,BC23288,CC BY 4.0,E:\Hestdata\st\SPA59.h5ad,True,69196891,exposure_unresolved,False,True,main_v2/SPA59,E:\count压缩\baseline\evidence\COUNT-HEST-SHARED-RESUME-001\main_v2\SPA59\RESULT.json,69196891,a87a3ddb605d15e56ffb6631c16cb60fd85922ce86c194889b58d72597bd64b6,a0b2f789b27be3a70fb8651983d5ecfbca9695a6c7cecfe36af597de0f43472f,487359,464,17387,8067568,680025,64540544,8162160,401235,20993,3283,58926,1658,1264,0.4832772404273506,5.733424506451969,0.3978745515377125,4.720238226535789,True
SPA6,Mus musculus,Spatial Transcriptomics,Brain,Healthy,https://pubmed.ncbi.nlm.nih.gov/27365449/,,,E:\Hestdata\st\SPA6.h5ad,True,41269408,exposure_unresolved,False,True,main_v2/SPA6,E:\count压缩\baseline\evidence\COUNT-HEST-SHARED-RESUME-001\main_v2\SPA6\RESULT.json,41269408,7acfb7997ddb8ed3bc2a13731622204866d62ea50b7c91bd4ea7a64567d8464a,9a6470f06c4b1555b67a546afb3039d7a770f0315b6d7a2b142d66229d665131,1143630,281,16416,4612896,1835533,36903168,22027524,1058855,21892,1798,58160,1661,1264,1.9833614284822376,4.984405074711269,1.836338820558712,4.614921115556081,True
SPA60,Homo sapiens,Spatial Transcriptomics,Breast,Cancer,https://www.science.org/doi/10.1126/science.aaf2403,BC23209,CC BY 4.0,E:\Hestdata\st\SPA60.h5ad,True,53179989,exposure_unresolved,False,True,main_v2/SPA60,E:\count压缩\baseline\evidence\COUNT-HEST-SHARED-RESUME-001\main_v2\SPA60\RESULT.json,53179989,1cdc20178eb93b32b276097af1955f2633b122ebb5844c984e4cb272a621a8f8,bc285ac64b79cd039ca198932992a4c6b4d6f154c0542b8117deacf9e72052c2,550629,331,18298,6056638,880101,48453104,10562540,463223,22343,2243,59898,1658,1264,0.7273064693646871,5.005143727822148,0.6118549597978284,4.2106349157653495,True
SPA62,Homo sapiens,Spatial Transcriptomics,Breast,Cancer,https://www.science.org/doi/10.1126/science.aaf2403,BC23209,CC BY 4.0,E:\Hestdata\st\SPA62.h5ad,True,44217521,exposure_unresolved,False,True,main_v2/SPA62,E:\count压缩\baseline\evidence\COUNT-HEST-SHARED-RESUME-001\main_v2\SPA62\RESULT.json,44217521,8046eb2f2c60dd3a8945d2dce834c2cc7e2ee9af67962316ac50421d1e87a1f0,77063ae48443e85e9b3d919b14095c9bdce2dd6f919430d7e2ac6e55b0920189,297911,294,16859,4956546,343800,39652368,4126780,219947,18538,1959,54548,1655,1264,0.48083645344964016,6.932193135543921,0.3550004378048746,5.118022105875509,True
SPA63,Homo sapiens,Spatial Transcriptomics,Breast,Cancer,https://www.science.org/doi/10.1126/science.aaf2403,BC23895,CC BY 4.0,E:\Hestdata\st\SPA63.h5ad,True,76786568,exposure_unresolved,False,True,main_v2/SPA63,E:\count压缩\baseline\evidence\COUNT-HEST-SHARED-RESUME-001\main_v2\SPA63\RESULT.json,76786568,c766aabccb08c5cb78703527631b322b76afe011828736b1d123747785ff8224,85ea13dd91ce95a5bf09ed103ee721162182d0e8399f26c7bc763a1ff42bb321,700966,518,17402,9014236,1141700,72113888,13702476,612013,22768,3566,59696,1659,1264,0.6220968698844805,4.9117351318209685,0.5431524091448238,4.288433038451432,True
SPA64,Homo sapiens,Spatial Transcriptomics,Breast,Cancer,https://www.science.org/doi/10.1126/science.aaf2403,BC23895,CC BY 4.0,E:\Hestdata\st\SPA64.h5ad,True,68717772,exposure_unresolved,False,True,main_v2/SPA64,E:\count压缩\baseline\evidence\COUNT-HEST-SHARED-RESUME-001\main_v2\SPA64\RESULT.json,68717772,0fa3791b464aa51d2a2b7da1db2af1d21a8d1ef4e75599471d43f92f3ba87038,f82d21c6280dcb1d00662e3915a6610b5c37f5986a773fab31c4bb53f67536a9,690558,454,17630,8004020,1159269,64032160,13913048,601869,22999,3084,59683,1659,1264,0.690211168887634,4.765472034532106,0.6015667127268548,4.153438071750387,True
SPA65,Homo sapiens,Spatial Transcriptomics,Breast,Cancer,https://www.science.org/doi/10.1126/science.aaf2403,BC23895,CC BY 4.0,E:\Hestdata\st\SPA65.h5ad,True,75143104,exposure_unresolved,False,True,main_v3/SPA65,E:\count压缩\baseline\evidence\COUNT-HEST-SHARED-RESUME-001\main_v3\SPA65\RESULT.json,75143104,aed1310e4f4c4748e604d873aa9a0426322ed4ca7aa30465957a216309ef580b,9c7eb248bbf2d40d63369feaa696aca3ebb5ff7f827e3607875b430d44ab5de4,708348,498,17686,8807628,1165988,70461024,13993852,618677,23051,3400,60297,1659,1264,0.643395020770632,4.86007060106965,0.5619465308934483,4.244825847264294,True
SPA66,Homo sapiens,Spatial Transcriptomics,Breast,Cancer,https://www.science.org/doi/10.1126/science.aaf2403,BC23508,CC BY 4.0,E:\Hestdata\st\SPA66.h5ad,True,79519071,exposure_unresolved,False,True,main_v2/SPA66,E:\count压缩\baseline\evidence\COUNT-HEST-SHARED-RESUME-001\main_v2\SPA66\RESULT.json,79519071,053a6a05ac469ba424c8b89cba42dfc5418fda8cf35dbbcfb321e052552bcf54,6dba58ad4a3b5f0a437e9d7eb597612cb2a225c45d6654f5e85ab477514701d8,684255,504,18535,9341640,1063770,74733120,12767260,591332,23713,3479,62808,1659,1264,0.585982761056945,5.145886798838094,0.5064052992836375,4.447066565140961,True
SPA67,Homo sapiens,Spatial Transcriptomics,Breast,Cancer,https://www.science.org/doi/10.1126/science.aaf2403,BC23508,CC BY 4.0,E:\Hestdata\st\SPA67.h5ad,True,75394224,exposure_unresolved,False,True,main_v2/SPA67,E:\count压缩\baseline\evidence\COUNT-HEST-SHARED-RESUME-001\main_v2\SPA67\RESULT.json,75394224,70356b964dad40f203f8ee06dc32771475ad110e7bc35108e0f20df8bce38cef,f567543256b48b866c0a2e8ae3c6294c426fc2d6be7a7fc6ce29928224b2fabf,677391,473,18663,8827599,1054884,70620792,12660504,584287,23832,3273,63076,1659,1264,0.6138847040967765,5.137179064238342,0.5295093263751559,4.431099533218818,True
SPA68,Homo sapiens,Spatial Transcriptomics,Breast,Cancer,https://www.science.org/doi/10.1126/science.aaf2403,BC23508,CC BY 4.0,E:\Hestdata\st\SPA68.h5ad,True,76624841,exposure_unresolved,False,True,main_v2/SPA68,E:\count压缩\baseline\evidence\COUNT-HEST-SHARED-RESUME-001\main_v2\SPA68\RESULT.json,76624841,97147579d188a7f4de8c8670a12c2803d0825beecb30f43b1bc4aa0d70d8eaf1,14157fc32319620c0dc220192cf5c35f962d1f2f7e4ddf35ba218c932bc9d995,740435,478,18787,8980186,1165859,71841488,13992224,646372,24499,3351,63290,1659,1264,0.6596166270943609,5.080785926943138,0.5758205899076032,4.435335662374267,True
SPA69,Homo sapiens,Spatial Transcriptomics,Breast,Cancer,https://www.science.org/doi/10.1126/science.aaf2403,BC23506,CC BY 4.0,E:\Hestdata\st\SPA69.h5ad,True,76513936,exposure_unresolved,False,True,main_v2/SPA69,E:\count压缩\baseline\evidence\COUNT-HEST-SHARED-RESUME-001\main_v2\SPA69\RESULT.json,76513936,0f71fd27a8a44aa7521e8e22b4ff97e5e42250f2723a5909d5cead9929eb3d35,da6319ef1f345e3d0214c1d598cdf780d7fb2889a3a174a0f97635dc4408d608,850143,482,18606,8968092,1462048,71744736,17546508,754323,24981,3282,64634,1659,1264,0.7583713458782537,4.651792554006435,0.6728949703013751,4.127486922453983,True
SPA7,Mus musculus,Spatial Transcriptomics,Brain,Healthy,https://pubmed.ncbi.nlm.nih.gov/27365449/,,,E:\Hestdata\st\SPA7.h5ad,True,33241468,exposure_unresolved,False,True,main_v2/SPA7,E:\count压缩\baseline\evidence\COUNT-HEST-SHARED-RESUME-001\main_v2\SPA7\RESULT.json,33241468,115867758b419450a64d4a9c26caeb4522a57f8bb143ac0920f3e74ac1be58aa,179c8a31ecebe04f60af6bf47a5e2e0504982e807c354280087793412c3f7454,563018,237,15284,3622308,983544,28978464,11803480,486998,18301,1513,53284,1658,1264,1.243445891404044,4.579504323141618,1.075552934758723,3.9611689970148767,True
SPA70,Homo sapiens,Spatial Transcriptomics,Breast,Cancer,https://www.science.org/doi/10.1126/science.aaf2403,BC23506,CC BY 4.0,E:\Hestdata\st\SPA70.h5ad,True,81499766,exposure_unresolved,False,True,main_v2/SPA70,E:\count压缩\baseline\evidence\COUNT-HEST-SHARED-RESUME-001\main_v2\SPA70\RESULT.json,81499766,b9ce30939e0e951d8434ab85616b10b520ae50a007914b29dae989e43fe80b3d,4466922fd57e8965abb9333152fff6b83f09ad4783e35abad4d1816d53daca06,918318,502,19088,9582176,1600084,76657408,19203020,821557,25689,3444,64705,1659,1264,0.7666884849537308,4.591348954179906,0.6859043290375798,4.107569352608988,True
SPA71,Homo sapiens,Spatial Transcriptomics,Breast,Cancer,https://www.science.org/doi/10.1126/science.aaf2403,BC23506,CC BY 4.0,E:\Hestdata\st\SPA71.h5ad,True,79230258,exposure_unresolved,False,True,main_v2/SPA71,E:\count压缩\baseline\evidence\COUNT-HEST-SHARED-RESUME-001\main_v2\SPA71\RESULT.json,79230258,c87cb7b19def9097e5e7f17d22ec715489e4768025965af1ec6c1c25febed339,df289414abfeb5fa981b320838f622fb48c993ac0efad931d9f1af6524b6c7cb,910893,489,19017,9299313,1585379,74394504,19026508,814671,25681,3369,64249,1659,1264,0.783621757865339,4.596468100056832,0.7008440300912552,4.110921110977249,True
SPA72,Homo sapiens,Spatial Transcriptomics,Breast,Cancer,https://www.science.org/doi/10.1126/science.aaf2403,BC23277,CC BY 4.0,E:\Hestdata\st\SPA72.h5ad,True,90206259,exposure_unresolved,False,True,main_v2/SPA72,E:\count压缩\baseline\evidence\COUNT-HEST-SHARED-RESUME-001\main_v2\SPA72\RESULT.json,90206259,9b6a81ce0598d5169f828cf68c7fbb4b10178fc29fc5b1c4939391f6daea2871,16b1beeb029cb2153e00e64f3a8a344fcbfd73f3e0c78ef301c8ea617c393805,685369,566,18853,10670798,1018859,85366384,12228576,589626,24191,3921,64708,1659,1264,0.5138277380941894,5.381462989481371,0.44204828917200006,4.629696552712397,True
SPA73,Homo sapiens,Spatial Transcriptomics,Breast,Cancer,https://www.science.org/doi/10.1126/science.aaf2403,BC23277,CC BY 4.0,E:\Hestdata\st\SPA73.h5ad,True,80388547,exposure_unresolved,False,True,main_v2/SPA73,E:\count压缩\baseline\evidence\COUNT-HEST-SHARED-RESUME-001\main_v2\SPA73\RESULT.json,80388547,c8cfaa8f5cc01712aeafb9fab9de0f89bedb0ddd3da9bbd8e7fa32ce40cda546,915322f2d71f3b963b552c6a4cdb882986804fff2c80bf5cf2051843d2fc5b84,771406,513,18426,9452538,1268140,75620304,15219736,677943,24039,3553,62948,1659,1264,0.6528667750396772,4.866377529294873,0.5737659028718002,4.276770703550081,True
SPA74,Homo sapiens,Spatial Transcriptomics,Breast,Cancer,https://www.science.org/doi/10.1126/science.aaf2403,BC23277,CC BY 4.0,E:\Hestdata\st\SPA74.h5ad,True,78384681,exposure_unresolved,False,True,main_v2/SPA74,E:\count压缩\baseline\evidence\COUNT-HEST-SHARED-RESUME-001\main_v2\SPA74\RESULT.json,78384681,b8ad098755407f38926f07bbe3bdf18e2bcffa2a3d76cf53fdb9c43346915f9e,9cfcc245ea0b4e30a2ea8e316587b8e8d8ac321024ae365a922cb98df2d3f85c,684892,506,18191,9204646,1086271,73637168,13037280,592964,23367,3452,62186,1659,1264,0.5952576557534097,5.043986261255249,0.5153606124559271,4.3669692001351414,True
SPA75,Homo sapiens,Spatial Transcriptomics,Breast,Cancer,https://www.science.org/doi/10.1126/science.aaf2403,BC23270,CC BY 4.0,E:\Hestdata\st\SPA75.h5ad,True,46474025,exposure_unresolved,False,True,main_v2/SPA75,E:\count压缩\baseline\evidence\COUNT-HEST-SHARED-RESUME-001\main_v2\SPA75\RESULT.json,46474025,e13cab8bac4ca99cac75a1e55d55369944aa63060406745834c4f6d9350b1ebd,0cd189fe5f04ccbb57c634e94494e082b9d08d700bd41cf7935ff75bc1b4f31c,438118,284,18373,5217932,600800,41743456,7210740,350833,22409,1895,60059,1658,1264,0.671711321650033,5.833794940079893,0.5378881901872236,4.6715446071904125,True
SPA77,Homo sapiens,Spatial Transcriptomics,Breast,Cancer,https://www.science.org/doi/10.1126/science.aaf2403,BC23270,CC BY 4.0,E:\Hestdata\st\SPA77.h5ad,True,45425552,exposure_unresolved,False,True,main_v2/SPA77,E:\count压缩\baseline\evidence\COUNT-HEST-SHARED-RESUME-001\main_v2\SPA77\RESULT.json,45425552,ab992777eb37489ac2336b85e7d0842b5c4488d020c7edd2a40b4cf6b8c56c8a,8747da91e4d49c96f19370a75aeb37853d71fab9a29816e96b5eee9f8e822627,452411,284,17940,5094960,650680,40759680,7809300,366888,22047,1912,58642,1658,1264,0.7103663227974312,5.562316345976517,0.5760798907155307,4.51082559783611,True
SPA78,Homo sapiens,Spatial Transcriptomics,Breast,Cancer,https://www.science.org/doi/10.1126/science.aaf2403,BC24223,CC BY 4.0,E:\Hestdata\st\SPA78.h5ad,True,56226426,exposure_unresolved,False,True,main_v2/SPA78,E:\count压缩\baseline\evidence\COUNT-HEST-SHARED-RESUME-001\main_v2\SPA78\RESULT.json,56226426,03fcf2b0a8ee224ce47f9dbc5698705853dfeb5161f17e991e128ef1190c2498,685b23d97869396b20878b55cac62a9404078efe2da3fa54b9609ea277f98b8f,482876,363,17751,6443613,660298,51548904,7925032,397245,21829,2518,58362,1658,1264,0.599509622939801,5.850400879602846,0.49319535484207383,4.812917803779506,True
SPA79,Homo sapiens,Spatial Transcriptomics,Breast,Cancer,https://www.science.org/doi/10.1126/science.aaf2403,BC24223,CC BY 4.0,E:\Hestdata\st\SPA79.h5ad,True,55836438,exposure_unresolved,False,True,main_v2/SPA79,E:\count压缩\baseline\evidence\COUNT-HEST-SHARED-RESUME-001\main_v2\SPA79\RESULT.json,55836438,58ce51e694fbebcf952b17e2bce438acf35ebfaac8fcda939e822317d0090117,c5c50884600feb865d6e8b273dde17ddab5ff7a87fdeeacc92dfad369688d617,469758,362,17668,6395816,634528,51166528,7615788,384322,21922,2471,58121,1658,1264,0.5875816314915876,5.922613344091986,0.48071676858746404,4.845453628523879,True
SPA8,Mus musculus,Spatial Transcriptomics,Brain,Healthy,https://pubmed.ncbi.nlm.nih.gov/27365449/,,,E:\Hestdata\st\SPA8.h5ad,True,32881032,exposure_unresolved,False,True,main_v2/SPA8,E:\count压缩\baseline\evidence\COUNT-HEST-SHARED-RESUME-001\main_v2\SPA8\RESULT.json,32881032,782befbf76200d70efbf9a63791824e087bcdb21b6a71022f8d8a55294ad6d6c,593b7de6f3e50b8bc6e77869f20ccc8041e16f00ecaf4b8c2555ab3cabc6728a,582117,234,15288,3577392,1026919,28619136,12323968,505728,18688,1482,53296,1659,1264,1.3017684391310764,4.534862048515998,1.1309423177555045,3.9397693488970407,True
SPA80,Homo sapiens,Spatial Transcriptomics,Breast,Cancer,https://www.science.org/doi/10.1126/science.aaf2403,BC24223,CC BY 4.0,E:\Hestdata\st\SPA80.h5ad,True,55963260,exposure_unresolved,False,True,main_v2/SPA80,E:\count压缩\baseline\evidence\COUNT-HEST-SHARED-RESUME-001\main_v2\SPA80\RESULT.json,55963260,eaf598c1d038e5859b2362a78ad463c55483ea9e0c401d8256ab564c46218d32,83fe48715ddb3df0477e1a523891af7b3ae9277b231928c574162b80b3ba99f3,445368,368,17428,6413504,577020,51308032,6925716,360798,21486,2549,57613,1658,1264,0.5555378152099071,6.174732244982843,0.45004789893325087,5.002225226162005,True
SPA81,Homo sapiens,Spatial Transcriptomics,Breast,Cancer,https://www.science.org/doi/10.1126/science.aaf2403,BC23272,CC BY 4.0,E:\Hestdata\st\SPA81.h5ad,True,81968663,exposure_unresolved,False,True,main_v2/SPA81,E:\count压缩\baseline\evidence\COUNT-HEST-SHARED-RESUME-001\main_v2\SPA81\RESULT.json,81968663,9cae95454e7dbfe65490df0b5fbdef0485fbbd224334df62128892cf97723d23,e610a56378ef8220154a5de088be6d8bd17141aa7200988c5be2ae0904ecc8a2,475756,548,17627,9659596,639478,77276768,7675932,388224,20495,3748,60367,1658,1264,0.39401730672794183,5.9518044404967805,0.3215240057658726,4.856761295931994,True
SPA82,Homo sapiens,Spatial Transcriptomics,Breast,Cancer,https://www.science.org/doi/10.1126/science.aaf2403,BC23272,CC BY 4.0,E:\Hestdata\st\SPA82.h5ad,True,86029307,exposure_unresolved,False,True,main_v2/SPA82,E:\count压缩\baseline\evidence\COUNT-HEST-SHARED-RESUME-001\main_v2\SPA82\RESULT.json,86029307,a4cb68ee066d718f4371d7248801931f6890784044f0634363c1852e334fa7c0,938574638593278a48a10f1f5d93e7c176fee3638674076ec131d6fcddd256c7,541336,578,17593,10168754,737439,81350032,8851584,452287,21519,3954,60654,1658,1264,0.42588187303970576,5.872605056147017,0.35582491227538793,4.906569899340827,True
SPA83,Homo sapiens,Spatial Transcriptomics,Breast,Cancer,https://www.science.org/doi/10.1126/science.aaf2403,BC23272,CC BY 4.0,E:\Hestdata\st\SPA83.h5ad,True,84822281,exposure_unresolved,False,True,main_v2/SPA83,E:\count压缩\baseline\evidence\COUNT-HEST-SHARED-RESUME-001\main_v2\SPA83\RESULT.json,84822281,dbcbf8e464a23ce68dfe6df7210da5bb2dc62d9611cd64ad91b5febfdb966ab2,5f19577b04a09e4cda5e58962d4f3b0966ac3a4ac229571cbb47dddc04ed0e4d,500826,565,17724,10014060,670954,80112480,8053712,411875,21055,3878,61096,1658,1264,0.40009826184384756,5.971509224179303,0.32903737345292516,4.910917887068264,True
SPA84,Homo sapiens,Spatial Transcriptomics,Breast,Cancer,https://www.science.org/doi/10.1126/science.aaf2403,BC23269,CC BY 4.0,E:\Hestdata\st\SPA84.h5ad,True,65559153,exposure_unresolved,False,True,main_v2/SPA84,E:\count压缩\baseline\evidence\COUNT-HEST-SHARED-RESUME-001\main_v2\SPA84\RESULT.json,65559153,a8d8f0509c4b425b5235cd2e4225e41f6310a45e45f633ce723685f09e74a5cd,8ee0eda33b62c536f39756d3b0abbb438bac68a94e8871382464a3450a8e022a,551379,433,17576,7610408,822530,60883264,9872096,464557,22059,3049,58792,1658,1264,0.5796051933089527,5.362761236672219,0.48833860155723585,4.518322735948841,True
SPA85,Homo sapiens,Spatial Transcriptomics,Breast,Cancer,https://www.science.org/doi/10.1126/science.aaf2403,BC23269,CC BY 4.0,E:\Hestdata\st\SPA85.h5ad,True,68661718,known_exposed,False,True,main_v2/SPA85,E:\count压缩\baseline\evidence\COUNT-HEST-SHARED-RESUME-001\main_v2\SPA85\RESULT.json,68661718,ce07c85e8764230043f89bad53aec2e02bd10eea945d5c665004f20a708d1ca7,097b9a3e6506c07706e4040e10a02525ccb907779ebbca0da4b2997ee9e50471,602720,435,18371,7991385,942159,63931080,11307652,512207,22675,3058,61858,1658,1264,0.6033697538036272,5.117777360296935,0.5127591775393127,4.349219186994977,True
SPA86,Homo sapiens,Spatial Transcriptomics,Breast,Cancer,https://www.science.org/doi/10.1126/science.aaf2403,BC23269,CC BY 4.0,E:\Hestdata\st\SPA86.h5ad,True,66402925,exposure_unresolved,False,True,main_v3/SPA86,E:\count压缩\baseline\evidence\COUNT-HEST-SHARED-RESUME-001\main_v3\SPA86\RESULT.json,66402925,a82faddda92b900846f0f078525c2b37871ad390fa036f210469072205e061d4,22d1b91cae5ca681c277b859efda84ac00066efbe47b4e0f272c709a0a060a24,602292,434,17779,7716086,928699,61728688,11146128,514111,22692,3049,59518,1658,1264,0.6244533821940295,5.188264443054208,0.5330277552634847,4.428655570857726,True
SPA87,Homo sapiens,Spatial Transcriptomics,Breast,Cancer,https://www.science.org/doi/10.1126/science.aaf2403,BC23268,CC BY 4.0,E:\Hestdata\st\SPA87.h5ad,True,73216989,exposure_unresolved,False,True,main_v3/SPA87,E:\count压缩\baseline\evidence\COUNT-HEST-SHARED-RESUME-001\main_v3\SPA87\RESULT.json,73216989,fa41aefcd60dfe21a68a25336649fc4bea15a043c5b9e1d6b6bade9c1f9ba82e,9ddfb0748dba8d9131b1da69727976fcfa45a3087d3eaa27c735430d4c921742,519610,492,17417,8569164,686668,68553312,8241988,432216,21994,3417,59061,1658,1264,0.4850974960918008,6.053696983112654,0.4035082068682546,5.035516435890416,True
SPA88,Homo sapiens,Spatial Transcriptomics,Breast,Cancer,https://www.science.org/doi/10.1126/science.aaf2403,BC23268,CC BY 4.0,E:\Hestdata\st\SPA88.h5ad,True,74253373,exposure_unresolved,False,True,main_v2/SPA88,E:\count压缩\baseline\evidence\COUNT-HEST-SHARED-RESUME-001\main_v2\SPA88\RESULT.json,74253373,dbef4542cd6cf1682561a13a7d4575a0e359027c1f47f51f706a52eef1f86700,ea88e55e1dd5cc89402e884316cc5a580f50f312ac54a81bc36c1d4a72099ff9,508413,498,17467,8698566,654117,69588528,7851400,420583,21919,3474,59515,1658,1264,0.467583277519536,6.218006870330537,0.3868067449278421,5.143825951626391,True
SPA89,Homo sapiens,Spatial Transcriptomics,Breast,Cancer,https://www.science.org/doi/10.1126/science.aaf2403,BC23268,CC BY 4.0,E:\Hestdata\st\SPA89.h5ad,True,65737325,exposure_unresolved,False,True,main_v3/SPA89,E:\count压缩\baseline\evidence\COUNT-HEST-SHARED-RESUME-001\main_v3\SPA89\RESULT.json,65737325,53fe4885809c3186400414154f2b758c7f419b8cb7ab0dca0710575ea9a55839,80f6edd93bb64deb15c6fbf6b3db90860c4054dbb7d80dc78307cc6a918c6ccf,490611,435,17546,7632510,637351,61060080,7649956,403927,21833,3005,58924,1658,1264,0.5142329325477464,6.158126369928031,0.42337527235470374,5.070072848399077,True
SPA9,Mus musculus,Spatial Transcriptomics,Brain,Healthy,https://pubmed.ncbi.nlm.nih.gov/27365449/,,,E:\Hestdata\st\SPA9.h5ad,True,35181531,exposure_unresolved,False,True,main_v3/SPA9,E:\count压缩\baseline\evidence\COUNT-HEST-SHARED-RESUME-001\main_v3\SPA9\RESULT.json,35181531,7a1f7fee0f85f3329047e0f9024eb00afd90ee05835c80ae2078df81fb2ede4a,c20df651a342adb5a354d1dbeee4a991683cc3a0b6bdac31d9a4223d83852791,685816,231,16675,3851925,1247572,30815400,14971792,603869,19884,1466,57674,1659,1264,1.4243600277783186,4.3977646179939915,1.254165644450502,3.8722831227376053,True
SPA90,Homo sapiens,Spatial Transcriptomics,Breast,Cancer,https://www.science.org/doi/10.1126/science.aaf2403,BC24105,CC BY 4.0,E:\Hestdata\st\SPA90.h5ad,True,52986706,exposure_unresolved,False,True,main_v3/SPA90,E:\count压缩\baseline\evidence\COUNT-HEST-SHARED-RESUME-001\main_v3\SPA90\RESULT.json,52986706,1c1acd13ae847690fda694cb528be8283d35c56f95116ecd1ca32cec2170c167,1bfbacc5d548da7eac8e22131511f6ceda58a562b1ae4b7a25c1db1eccc79e32,426874,338,17864,6038032,616732,48304256,7402140,342321,20684,2370,58578,1657,1264,0.5655803082858786,5.537238216924044,0.45355307822151325,4.440450633338306,True
SPA91,Homo sapiens,Spatial Transcriptomics,Breast,Cancer,https://www.science.org/doi/10.1126/science.aaf2403,BC24105,CC BY 4.0,E:\Hestdata\st\SPA91.h5ad,True,47559805,exposure_unresolved,False,True,main_v3/SPA91,E:\count压缩\baseline\evidence\COUNT-HEST-SHARED-RESUME-001\main_v3\SPA91\RESULT.json,47559805,f6a523c33d99d39e36cba1915899468f2f859135fe33979460fcc3368b6bdd7e,a4b501d07d33ac2088ea19a6dc584b360614778961058aeb2a823ae9d37cd9f7,368548,297,18036,5356692,507782,42853536,6094576,284455,19678,2004,59491,1656,1264,0.550411335951367,5.806397233458453,0.424821886343288,4.481529475247251,True
SPA92,Homo sapiens,Spatial Transcriptomics,Breast,Cancer,https://www.science.org/doi/10.1126/science.aaf2403,BC24105,CC BY 4.0,E:\Hestdata\st\SPA92.h5ad,True,51539188,exposure_unresolved,False,True,main_v3/SPA92,E:\count压缩\baseline\evidence\COUNT-HEST-SHARED-RESUME-001\main_v3\SPA92\RESULT.json,51539188,eb752352d7224b41dc410d6074342ff05c402f97632cf98554cb7086cb042039,b85c9b85670bab4e2d836d93d56c5a947244e2c6f91e3302c5b93d910574234c,442304,325,18015,5854875,651807,46839000,7822988,357102,20969,2233,59078,1658,1264,0.6043565404897628,5.428649891762439,0.48793800038429513,4.382917029120583,True
SPA93,Homo sapiens,Spatial Transcriptomics,Breast,Cancer,https://www.science.org/doi/10.1126/science.aaf2403,BC24044,CC BY 4.0,E:\Hestdata\st\SPA93.h5ad,True,76511689,exposure_unresolved,False,True,main_v3/SPA93,E:\count压缩\baseline\evidence\COUNT-HEST-SHARED-RESUME-001\main_v3\SPA93\RESULT.json,76511689,5e606b2802e575ef02b18bb4438d074d5dbc74406ee1a9c15a3d7fdf9054aefb,dbf9a33fc7cb4d8c69b13d2fb17bf95b9c275966c678a30a619b3072811f7b58,420481,511,17570,8978270,513142,71826160,6159752,334492,19601,3525,59942,1657,1264,0.3746654979188641,6.555394023486676,0.29804583733837364,5.214806038094719,True
SPA94,Homo sapiens,Spatial Transcriptomics,Breast,Cancer,https://www.science.org/doi/10.1126/science.aaf2403,BC24044,CC BY 4.0,E:\Hestdata\st\SPA94.h5ad,True,89162056,exposure_unresolved,False,True,main_v3/SPA94,E:\count压缩\baseline\evidence\COUNT-HEST-SHARED-RESUME-001\main_v3\SPA94\RESULT.json,89162056,feaf9c2a6cfcd1e75c5a61c8abf486cf6a68268716bb732b2be6088a78e6de0d,09b656cf575a2adb40224d9ee35765d3aca0deecd39f828b9b8efffe13d8e882,567513,603,17509,10557927,769639,84463416,9238084,478106,21430,4149,60906,1658,1264,0.4300185064738561,5.899004598259704,0.36227263173916624,4.969664998785145,True
SPA96,Homo sapiens,Spatial Transcriptomics,Breast,Cancer,https://www.science.org/doi/10.1126/science.aaf2403,BC23903,CC BY 4.0,E:\Hestdata\st\SPA96.h5ad,True,71430405,exposure_unresolved,False,True,main_v3/SPA96,E:\count压缩\baseline\evidence\COUNT-HEST-SHARED-RESUME-001\main_v3\SPA96\RESULT.json,71430405,61df21abf49db1f320588e2d6b55532fc106a69ff24fe7a2cbd57e48d71c3c40,76d883c16f66bab8314806baa79095ffa1bd6a137d260df4bd7c4fd70b3f38e1,489769,464,17973,8339472,638692,66715776,7666164,401545,21425,3286,60591,1658,1264,0.46983214285029073,6.134650191328528,0.38519944667959793,5.029591728094292,True
SPA97,Homo sapiens,Spatial Transcriptomics,Breast,Cancer,https://www.science.org/doi/10.1126/science.aaf2403,BC23903,CC BY 4.0,E:\Hestdata\st\SPA97.h5ad,True,73129075,exposure_unresolved,False,True,main_v3/SPA97,E:\count压缩\baseline\evidence\COUNT-HEST-SHARED-RESUME-001\main_v3\SPA97\RESULT.json,73129075,cb8af7afcab58814b602dba38e57825e47514c73421a217b82164974a26d60f3,1f0354a563b509703c97f91f7291332bf8b752468d4293223ca3820928b9b939,545216,468,18263,8547084,745910,68376672,8952796,455074,22414,3297,61509,1658,1264,0.5103176709156012,5.847525840919146,0.42594550375309287,4.880738963145688,True
SPA98,Homo sapiens,Spatial Transcriptomics,Breast,Cancer,https://www.science.org/doi/10.1126/science.aaf2403,BC23903,CC BY 4.0,E:\Hestdata\st\SPA98.h5ad,True,67565401,exposure_unresolved,False,True,main_v3/SPA98,E:\count压缩\baseline\evidence\COUNT-HEST-SHARED-RESUME-001\main_v3\SPA98\RESULT.json,67565401,676ff7f10ae66b7db84ee1a49f1fc6d68f3aaa35992ca500a6453269df67b9b1,f8a36b872ed0b8daa031a325347a1f5938e9c173c28845dca8f83c92308122cc,499076,441,17824,7860384,662040,62883072,7946248,411525,21813,3093,59723,1658,1264,0.5079405789844363,6.030765512657846,0.41883449968856484,4.972811310494834,True
SPA99,Homo sapiens,Spatial Transcriptomics,Breast,Cancer,https://www.science.org/doi/10.1126/science.aaf2403,BC23810,CC BY 4.0,E:\Hestdata\st\SPA99.h5ad,True,109151008,exposure_unresolved,False,True,main_v3/SPA99,E:\count压缩\baseline\evidence\COUNT-HEST-SHARED-RESUME-001\main_v3\SPA99\RESULT.json,109151008,a765f36ff2ca42373b81bba991065c3acaee6f1c732e9ffa6c531332c72c680a,2f10844688ae26c48534a31df1b1604acca8d9b5e2bb63ec9d17d12e8370c51f,972548,713,18295,13044335,1662580,104354680,19953816,875070,24712,4823,65020,1659,1264,0.5964569293873547,4.679705036750112,0.5366743494398143,4.2106605396432055,True
TENX105,Homo sapiens,Xenium,Kidney,Cancer,,,Creative Commons Attribution,E:\Hestdata\st\TENX105.h5ad,True,3188828,exposure_unresolved,True,True,main_v3/TENX105,E:\count压缩\baseline\evidence\COUNT-HEST-SHARED-RESUME-001\main_v3\TENX105\RESULT.json,3188828,78b0086b5d4c270c63c8595ab4c09b25218b062071ad899fac82eef9d115a010,e63e917bca497de448a26c87828d376d6dd47f7383bf2ca4997373435781b12d,308149,1738,541,940258,468383,7522064,5627552,279147,2689,10429,12965,1655,1264,2.6218250735436444,5.263196999037112,2.375067268770912,4.767841702196707,True
TENX106,Homo sapiens,Xenium,Kidney,Healthy,,,Creative Commons Attribution,E:\Hestdata\st\TENX106.h5ad,True,4499596,exposure_unresolved,True,True,main_v3/TENX106,E:\count压缩\baseline\evidence\COUNT-HEST-SHARED-RESUME-001\main_v3\TENX106\RESULT.json,4499596,26eea3dcdd1278cfd3c8fecea1359a97698e365e2bf8c78418a7db84b40bfda6,99c71ecdcc0d54f10d5e8b88f4b6d5f966425ed5e5b04ecc5050cae3879d6c22,391686,2730,541,1476930,582656,11815440,7002796,353451,2894,16410,16012,1655,1264,2.121622554894274,5.377938268892795,1.9145172757002702,4.852962983304042,True
TENX110,Mus musculus,Xenium,Whole organism,Healthy,,,Creative Commons Attribution,E:\Hestdata\st\TENX110.h5ad,True,34466706,exposure_unresolved,False,True,main_v3/TENX110,E:\count压缩\baseline\evidence\COUNT-HEST-SHARED-RESUME-001\main_v3\TENX110\RESULT.json,34466706,1d6fafcd9b34787e3186308c8ee2ffa0cbb487a6c5b7b150a019f2c274df3300,1d319c013491f0763ff1a7886b6e823e299e08d2f741ef9d5fcc8099ead33d34,4033961,26565,541,14371665,5275881,114973320,63416836,3732727,2913,178845,116548,1664,1264,2.2455079491485503,6.1168339467853805,2.0778257773194686,5.660062461605938,True
TENX111,Homo sapiens,Xenium,Bowel,Cancer,,,Creative Commons Attribution,E:\Hestdata\st\TENX111.h5ad,True,10098230,exposure_unresolved,True,True,main_v3/TENX111,E:\count压缩\baseline\evidence\COUNT-HEST-SHARED-RESUME-001\main_v3\TENX111\RESULT.json,10098230,7d29a58122b6580d11aa116ebeb16894a089b6df24216a70b98df73b3176fd25,77224fe1a6d01471f6dd1658ae7d26584780e1034b16c6857a6c66853f51c3b4,1372987,6643,541,3593863,1887635,28750904,22678196,1292883,2938,38929,35313,1660,1264,3.056292351711793,5.8188664651799735,2.8779794889232004,5.47937710415414,True
TENX114,Homo sapiens,Xenium,Bowel,Healthy,,,Creative Commons Attribution,E:\Hestdata\st\TENX114.h5ad,True,9524268,exposure_unresolved,True,True,main_v3/TENX114,E:\count压缩\baseline\evidence\COUNT-HEST-SHARED-RESUME-001\main_v3\TENX114\RESULT.json,9524268,88202d1a85b5f0aeb0b4bc9e2d8e339f4833e6190c348992093bbc27e7e884b6,e4a97f67c80a1dd9bd25dff85d33c55a45a07e6befc865714e5772a01bfb94fc,791301,6006,541,3249246,1053809,25993968,12669736,720745,2902,36628,28104,1658,1264,1.94826984475783,6.00716828191826,1.7745532348120148,5.471541806911879,True
TENX115,Homo sapiens,Xenium,Skin,Cancer,,patient 2,Creative Commons Attribution,E:\Hestdata\st\TENX115.h5ad,True,7672666,exposure_unresolved,True,True,main_v3/TENX115,E:\count压缩\baseline\evidence\COUNT-HEST-SHARED-RESUME-001\main_v3\TENX115\RESULT.json,7672666,762291d0285d08c731e81f15d4818440a99d50c60b50f2c2ff58b7cd104f0f22,75f37a89132bc9816fb77ae6a24cde22c614069b3f31a7537eae6d9b7f8e6a3f,410483,3886,541,2102326,492343,16818608,5923664,360039,2782,24082,20660,1656,1264,1.5620146447315972,6.669870395232592,1.3700596387049393,5.850214179951782,True
TENX116,Homo sapiens,Xenium,Pancreas,Cancer,,patient 2,Creative Commons Attribution,E:\Hestdata\st\TENX116.h5ad,True,4813298,exposure_unresolved,False,True,main_v3/TENX116,E:\count压缩\baseline\evidence\COUNT-HEST-SHARED-RESUME-001\main_v3\TENX116\RESULT.json,4813298,32c4059d761a469176aef7994dd4de4644eae7a4b4a1517c4ca63bffcc008e6c,089116f2d6477ee7b5facdbaef3bd760dbac173b5ea292c4b8d7c31f66f9131c,574847,3090,538,1662420,761491,13299360,9150256,534910,2908,18478,15631,1656,1264,2.7663141685013413,6.03917314846794,2.5741268752782087,5.619606797716585,True
TENX117,Homo sapiens,Xenium,Skin,Cancer,,patient 1,Creative Commons Attribution,E:\Hestdata\st\TENX117.h5ad,True,3932572,known_exposed,False,True,main_v3/TENX117,E:\count压缩\baseline\evidence\COUNT-HEST-SHARED-RESUME-001\main_v3\TENX117\RESULT.json,3932572,8b70c48d556be8358686f83ee7c5f65d9bba8fd3c544a64686d1da520073fff8,126b890ad742aa3f0984136911897ce91442d05c97de84fa0263aef10530d01b,297494,1830,541,990030,357698,7920240,4299700,269955,2872,11084,10664,1655,1264,2.403919073159399,6.653523363284111,2.181388442774461,6.037607143456212,True
TENX118,Homo sapiens,Xenium,Lung,Cancer,,patient 2,Creative Commons Attribution,E:\Hestdata\st\TENX118.h5ad,True,4801814,exposure_unresolved,True,True,main_v3/TENX118,E:\count压缩\baseline\evidence\COUNT-HEST-SHARED-RESUME-001\main_v3\TENX118\RESULT.json,4801814,36b7026375a66b2643471d8a91437a9be862a46b909b9a25db060c9014f34697,9374339cf1b9ebd2423e140f90874b1408f2a73d4cf4f03967ad79da462e92cf,459629,3115,541,1685215,623829,13481720,7498412,415801,2868,19211,18829,1656,1264,2.1819364294763575,5.894294750644808,1.97387751711206,5.332243291030074,True
TENX119,Homo sapiens,Xenium,Heart,Healthy,,,Creative Commons Attribution,E:\Hestdata\st\TENX119.h5ad,True,4156974,exposure_unresolved,True,True,main_v3/TENX119,E:\count压缩\baseline\evidence\COUNT-HEST-SHARED-RESUME-001\main_v3\TENX119\RESULT.json,4156974,e40322d6f056aa3d2c0e8a1530a8d352ac6d455923652f64d0784ff75b4d3d45,30e47aff6f3a1333ce3b0ba2478d1c6a2ab48a391b28458c036450f5b790bfd8,197721,2263,541,1224283,283619,9794264,3412484,161792,2823,14608,15580,1654,1264,1.2919953964892104,5.577087571707114,1.0572196134390497,4.563643479456595,True
TENX120,Homo sapiens,Xenium,Liver,Cancer,,,Creative Commons Attribution,E:\Hestdata\st\TENX120.h5ad,True,6336496,exposure_unresolved,False,True,main_v3/TENX120,E:\count压缩\baseline\evidence\COUNT-HEST-SHARED-RESUME-001\main_v3\TENX120\RESULT.json,6336496,385b7175209757645803530683e311e54d86d3508b237a92ceba1ba1a63d24aa,3348b56272758971f72ef56277c244ff85eea498588cc98d88a6d374c7340e62,746155,4004,538,2154152,1092453,17233216,13125456,692411,2903,24418,23501,1658,1264,2.7710393695523807,5.464070307830177,2.5714471402203745,5.070504634982008,True
TENX121,Homo sapiens,Xenium,Liver,Healthy,,,Creative Commons Attribution,E:\Hestdata\st\TENX121.h5ad,True,12527504,exposure_unresolved,False,True,main_v3/TENX121,E:\count压缩\baseline\evidence\COUNT-HEST-SHARED-RESUME-001\main_v3\TENX121\RESULT.json,12527504,a3a6b2b50eac3b56ca117cba55ec47e183effbb0ac70a47f017d6f4bc1ebf635,d458b0f50fe849401f09e325b54f068885ff2645d264d85bb11a3229e0ab80ad,1044841,9200,541,4977200,1510604,39817600,18164052,935979,2901,58382,44657,1658,1264,1.6794036807843769,5.533368109709759,1.5044265852286427,4.956846400512642,True
TENX122,Homo sapiens,Xenium,Skin,Healthy,,,Creative Commons Attribution,E:\Hestdata\st\TENX122.h5ad,True,7203467,exposure_unresolved,False,True,main_v3/TENX122,E:\count压缩\baseline\evidence\COUNT-HEST-SHARED-RESUME-001\main_v3\TENX122\RESULT.json,7203467,df5ff2f076703f6ecb59c9511a1f2a0348fc886cfb378855dfe2710f173bd2a0,c3f625755804386488157ce4439d0f88e438b88e087609620b851a8179714b28,269860,4266,541,2307906,308350,18463248,3717268,213395,2660,26658,24227,1656,1264,0.9354280460296043,7.001394519215178,0.7397008370358238,5.536435868331441,True
TENX123,Homo sapiens,Xenium,Skin,Healthy,,,Creative Commons Attribution,E:\Hestdata\st\TENX123.h5ad,True,15557364,exposure_unresolved,False,True,main_v3/TENX123,E:\count压缩\baseline\evidence\COUNT-HEST-SHARED-RESUME-001\main_v3\TENX123\RESULT.json,15557364,c22ac1c0324601e3ce0a8689a8b314133d8040f85002ee1f67ca633521d56142,89ac02383a198ee147f77b4198d6923579e67df5559b78d66619a4ad2a2eb7b4,458875,10810,541,5848210,446750,46785680,5404244,331774,2597,72410,49174,1656,1264,0.6277134371029768,8.21712367095691,0.4538469035824637,5.941112479015109,True
TENX124,Homo sapiens,Xenium,Lymphoid,Diseased,,patient 2,Creative Commons Attribution,E:\Hestdata\st\TENX124.h5ad,True,18239593,exposure_unresolved,True,True,main_v3/TENX124,E:\count压缩\baseline\evidence\COUNT-HEST-SHARED-RESUME-001\main_v3\TENX124\RESULT.json,18239593,9bb86d000e22b1537392271dd23f95bc17dc1e780ba6a9d2b545c9a5869dd907,b4494b1f44e0485269b6d0f9f40c890fdd35c28a3474c2fdc3caf4f7a8f4c39f,1585897,12707,541,6874487,2114477,54995896,25424556,1455914,2838,68957,55263,1661,1264,1.8455451294038376,6.00014850007827,1.6942808968872878,5.50836542558751,True
TENX125,Homo sapiens,Xenium,Lymphoid,Diseased,,patient 1,Creative Commons Attribution,E:\Hestdata\st\TENX125.h5ad,True,14915087,exposure_unresolved,True,True,main_v3/TENX125,E:\count压缩\baseline\evidence\COUNT-HEST-SHARED-RESUME-001\main_v3\TENX125\RESULT.json,14915087,c116a835339a637196b861d62d432f6ff64ee740ac88ab54feac83265f0a8fee,99cafd98e35c1e7e402338a3af998631ad537ca6dc711079ab092d5a876c08cf,1809084,10005,541,5412705,2472753,43301640,29713060,1694836,2856,66298,42169,1661,1264,2.67383350838444,5.852857927985529,2.5049744998110928,5.483235891332455,True
TENX126,Homo sapiens,Xenium,Pancreas,Cancer,,patient1,Creative Commons Attribution,E:\Hestdata\st\TENX126.h5ad,True,4468050,exposure_unresolved,True,True,main_v3/TENX126,E:\count压缩\baseline\evidence\COUNT-HEST-SHARED-RESUME-001\main_v3\TENX126\RESULT.json,4468050,cd3ee486f5dfe2eb20b6439632eba1f1f0000cf2b34d7a74ae59ba57780cdd59,398379108e68f532c716db3e581510d5f5cf60e6886293b9f84eab79a0670e9b,351898,2190,541,1184790,514236,9478320,6179596,321029,2938,13314,11698,1655,1264,2.3761037821048454,5.474498090370958,2.1676685319761306,4.994267223609393,True
TENX127,Mus musculus,Xenium,Bowel,Healthy,,,Creative Commons Attribution,E:\Hestdata\st\TENX127.h5ad,True,8188794,exposure_unresolved,True,True,main_v3/TENX127,E:\count压缩\baseline\evidence\COUNT-HEST-SHARED-RESUME-001\main_v3\TENX127\RESULT.json,8188794,cb61edaaa3355bb0dc1ab90954f7575170e9e60077947a26b1cf58db5de30d3f,6488f9f3289873e2684a3f36a768fde6dc75cabf9bec81a84848e13d04cd7238,781791,4453,541,2409073,965538,19272584,11604272,724934,2972,25686,25278,1657,1264,2.5961554506650484,6.47755758965468,2.4073458961185485,6.006466860962489,True
TENX128,Homo sapiens,Visium HD,Bowel,Cancer,,,Creative Commons Attribution,E:\Hestdata\st\TENX128.h5ad,True,168561812,exposure_unresolved,True,True,main_v3/TENX128,E:\count压缩\baseline\evidence\COUNT-HEST-SHARED-RESUME-001\main_v3\TENX128\RESULT.json,168561812,ef91c140a35bba1f899e4ae957f65771e2d0cf7e06ea50c2863d5f2d09115858,e16e053de7b62889c4aa07035bfc7f40e122c388aee5243c8a4b7cf62fa22059,1917009,2279,18085,41215715,2832756,329725720,34002192,1806736,26183,13554,67610,1662,1264,0.3720928291550929,5.413834442500519,0.3506887603429905,5.102411926759665,True
TENX129,Mus musculus,Visium HD,Bowel,Healthy,,,Creative Commons Attribution,E:\Hestdata\st\TENX129.h5ad,True,137769547,exposure_unresolved,True,True,main_v3/TENX129,E:\count压缩\baseline\evidence\COUNT-HEST-SHARED-RESUME-001\main_v3\TENX129\RESULT.json,137769547,a36bc0f99ee31ebc6541a0e46d17cd29327b2e061e61ec51af73766dd3d39f8b,8d3ec11ddbdfc8024fb191c0860e5d4cab0e4301872b9443bede06b6391009e9,1134560,1748,19059,33315132,1507377,266521056,18095520,1029906,23858,11282,66589,1661,1264,0.27244316486574327,6.021373551540192,0.24731248250794863,5.465950455659069,True
TENX13,Homo sapiens,Visium,Breast,Cancer,,,Creative Commons Attribution,E:\Hestdata\st\TENX13.h5ad,True,162517118,exposure_unresolved,False,True,main_v3/TENX13,E:\count压缩\baseline\evidence\COUNT-HEST-SHARED-RESUME-001\main_v3\TENX13\RESULT.json,162517118,23cd40978bc3418ec92e99e7dbf43f1e4bce2adcc711c431ddfee6a6b6a4b299,f3a6cb8371772563e197483d3db0be74e4c9a48e6edff68438a85ad56452486b,9899710,3813,33538,127880394,19308699,1023043152,231719644,9667054,48133,32997,148594,1668,1264,0.6193105723462191,4.101658014348869,0.6047559722094694,4.00526374148771,True
TENX131,Mus musculus,Visium HD,Brain,Healthy,,,Creative Commons Attribution,E:\Hestdata\st\TENX131.h5ad,True,128716963,exposure_unresolved,True,True,main_v3/TENX131,E:\count压缩\baseline\evidence\COUNT-HEST-SHARED-RESUME-001\main_v3\TENX131\RESULT.json,128716963,52676af58ccc9b9703d82f2db34893feca5dc50d5329d37b02a3e27206d3b222,ff455805ab12b8bd0acafffba816866b397f1eaf081ebd70ff53bf8892217fb3,866703,1635,19059,31161465,1106677,249291720,13286668,765878,22270,10633,64998,1660,1264,0.22250635520505854,6.265264390603582,0.19662182121411814,5.536415774431022,True
TENX132,Homo sapiens,Xenium,Bone,Healthy,,,Creative Commons Attribution,E:\Hestdata\st\TENX132.h5ad,True,14835836,known_exposed,False,True,main_v3/TENX132,E:\count压缩\baseline\evidence\COUNT-HEST-SHARED-RESUME-001\main_v3\TENX132\RESULT.json,14835836,9d3db457ff7ff0685252a0d1a0e97843878fee9a7dd1fb47b4716114bdf4a7a5,a461687008d384209d6f6f553b1e85341b7aa3c5dcb4277d5d70a3d29fcc1be3,517365,9682,541,5237962,648549,41903696,7821320,402387,2460,61374,48225,1655,1264,0.79017755378905,6.381815406391807,0.6145703233433156,4.963535523144743,True
TENX133,Homo sapiens,Xenium,Lymphoid,Healthy,,,Creative Commons Attribution,E:\Hestdata\st\TENX133.h5ad,True,5883534,exposure_unresolved,False,True,main_v3/TENX133,E:\count压缩\baseline\evidence\COUNT-HEST-SHARED-RESUME-001\main_v3\TENX133\RESULT.json,5883534,1ccd4d9d4953af53ce4ff1bdbf093da5cd1c7b6a3e681f88f12ad0609f1956f4,88766ac16c73f855d53194fb327e8802aef34c50ca0f20dbfa96cb90c93c84e9,278042,3811,541,2061751,392300,16494008,4722848,226823,2471,22400,23428,1656,1264,1.0788577282125726,5.669987254652052,0.8801179191861674,4.625500892174356,True
TENX134,Homo sapiens,Xenium,Lymphoid,Cancer,,,Creative Commons Attribution,E:\Hestdata\st\TENX134.h5ad,True,5640534,exposure_unresolved,False,True,main_v3/TENX134,E:\count压缩\baseline\evidence\COUNT-HEST-SHARED-RESUME-001\main_v3\TENX134\RESULT.json,5640534,c2b12bdf43aa1966fab510eb57e28a3177cae694eb6b46c5c1c8a4108c1f6ef1,ee32e0e67ec58237058d0bb0867ec523bc0d34da5ce668056b0b2c37c5d7dea1,438729,3811,541,2061751,631441,16494008,7592540,387376,2756,22205,23472,1656,1264,1.7023549400485316,5.5584480576966016,1.5030951846270475,4.907834619544819,True
TENX135,Mus musculus,Xenium,Bone,Healthy,,,Creative Commons Attribution,E:\Hestdata\st\TENX135.h5ad,True,10708004,exposure_unresolved,False,True,main_v3/TENX135,E:\count压缩\baseline\evidence\COUNT-HEST-SHARED-RESUME-001\main_v3\TENX135\RESULT.json,10708004,8bca49c20b3d4c4a8991f8777b30860ea2578e358275ece93225a944ea303607,e0ab08a4554b4b785554c65c3cb856f959275f13c60bf5b989974e80f34dd4ad,786485,7590,541,4106190,986465,32849520,11867944,701259,2872,44848,34585,1657,1264,1.5322914916260573,6.378209059621984,1.3662475433430992,5.6870461699097286,True
TENX136,Mus musculus,Xenium,Bone,Healthy,,,Creative Commons Attribution,E:\Hestdata\st\TENX136.h5ad,True,12279645,exposure_unresolved,False,True,main_v3/TENX136,E:\count压缩\baseline\evidence\COUNT-HEST-SHARED-RESUME-001\main_v3\TENX136\RESULT.json,12279645,593dd98a0d576d2e25f68198ffb9d0c3bf4b39f6214be2a23492607e83eb346f,fcd7c370a70afcabd8dae194b4137deb69b663f1917d65db3ded8043448d55ac,1123681,7688,541,4159208,1495875,33273664,17981256,1027774,2942,50563,39480,1658,1264,2.1613364852154544,6.009491434778975,1.9768648261880628,5.496576919862957,True
TENX137,Mus musculus,Xenium,Bone,Healthy,,,Creative Commons Attribution,E:\Hestdata\st\TENX137.h5ad,True,13506184,exposure_unresolved,False,True,main_v3/TENX137,E:\count压缩\baseline\evidence\COUNT-HEST-SHARED-RESUME-001\main_v3\TENX137\RESULT.json,13506184,d47ac47cb80375f3efad771b69d3b500b41e0e77c9dcb5f3f71e8426a90c332e,fc2d250ed01b0476cd4f376ac1216f9aa93942f33f305be46590ecf50ea21b14,903417,9200,541,4977200,1181591,39817600,14215896,795273,2688,56773,45761,1658,1264,1.4520887245841034,6.11661395525186,1.2782656915534838,5.384421513027774,True
TENX138,Homo sapiens,Xenium,Brain,Cancer,,,Creative Commons Attribution,E:\Hestdata\st\TENX138.h5ad,True,15560856,exposure_unresolved,True,True,main_v3/TENX138,E:\count压缩\baseline\evidence\COUNT-HEST-SHARED-RESUME-001\main_v3\TENX138\RESULT.json,15560856,6c03d5ee0e63b392afad13294d4ec74a80e9dfbf7b8b267344a046698568b683,f6a29d54075eadabc1ef6a47f47712ea7d7b89033555ffb5cd322024f60b3e45,2434484,10641,541,5756781,3358056,46054248,40339240,2307389,2873,72339,48958,1661,1264,3.383118447618556,5.799746043544241,3.206498909720554,5.496963719485321,True
TENX139,Homo sapiens,Xenium,Bowel,Cancer,,,Creative Commons Attribution,E:\Hestdata\st\TENX139.h5ad,True,6944026,exposure_unresolved,True,True,main_v3/TENX139,E:\count压缩\baseline\evidence\COUNT-HEST-SHARED-RESUME-001\main_v3\TENX139\RESULT.json,6944026,a785c38b145ebe0802e6758a5f3e0b3788da2134fe6df399f6892a44a4d33267,e77cfe9a3a19ba2ec7e1a439b40501fa50835301fa92144be33fe6cba0099b23,1052290,4167,541,2254347,1442411,18034776,17325604,997676,2880,25436,23375,1659,1264,3.7342609633743162,5.83628383310998,3.5404522906189686,5.533379875777431,True
TENX14,Homo sapiens,Visium,Breast,Cancer,,,Creative Commons Attribution,E:\Hestdata\st\TENX14.h5ad,True,168795894,exposure_unresolved,True,True,main_v3/TENX14,E:\count压缩\baseline\evidence\COUNT-HEST-SHARED-RESUME-001\main_v3\TENX14\RESULT.json,168795894,5739a6e52b6353e22b596d4b9cee46905f93846b5fca6ced5eec81aa3217944e,96fd1786962529140b7275203e05051d84c804afd8dbb819c1d9f8ad5c4495c1,10290909,4015,33538,134655070,20089131,1077240560,241085636,10055085,48311,34933,149648,1668,1264,0.6113937781919389,4.0981002115024285,0.5973832251544632,4.004189130928561,True
TENX140,Homo sapiens,Xenium,Pancreas,Cancer,,patient 3,Creative Commons Attribution,E:\Hestdata\st\TENX140.h5ad,True,7204488,exposure_unresolved,True,True,main_v3/TENX140,E:\count压缩\baseline\evidence\COUNT-HEST-SHARED-RESUME-001\main_v3\TENX140\RESULT.json,7204488,b3831a91ae9deb301f3a6955e61d683c821c53b50151aaa3cb0f8e09d39433d6,f4cad77f7afe617f44f0982b5bc7a3eba43ee2db7102fc28ea9c3c26cf8ee63d,730525,4513,541,2441533,1031300,19532264,12393656,670421,2898,28683,25601,1658,1264,2.393660048829977,5.666828274992728,2.196721486049953,5.20058954717347,True
TENX141,Homo sapiens,Xenium,Lung,Cancer,,patient 1,Creative Commons Attribution,E:\Hestdata\st\TENX141.h5ad,True,6838599,exposure_unresolved,True,True,main_v3/TENX141,E:\count压缩\baseline\evidence\COUNT-HEST-SHARED-RESUME-001\main_v3\TENX141\RESULT.json,6838599,53df93a744d9c39b7712e505b0cfa939ea5e9bf84d9a6b1ef4401299a359e2d7,aeb239291fbd659485affc0be9abf50cea6dc5ea984343f2c2423cf2f407a880,1061619,4390,541,2374990,1451488,18999920,17435420,1004057,2856,27540,24243,1659,1264,3.5759948462940896,5.851203730240966,3.3821009772672728,5.533945854185498,True
TENX142,Homo sapiens,Xenium,Ovary,Cancer,,,Creative Commons Attribution,E:\Hestdata\st\TENX142.h5ad,True,6579770,exposure_unresolved,True,True,main_v3/TENX142,E:\count压缩\baseline\evidence\COUNT-HEST-SHARED-RESUME-001\main_v3\TENX142\RESULT.json,6579770,a82ef80d0aede4d7b7a3bece86a1e737211cb0b8219d4f5d0df3680a0429fdfe,732ba2c1962c26f67f21dea97763add22759410c47133a24c979d38b5e627088,727018,3743,541,2024963,1080242,16199704,12977880,675500,2748,23757,22091,1658,1264,2.8722223566554055,5.384112078589798,2.668690736571483,5.002582754604987,True
TENX15,Homo sapiens,Visium,Heart,Healthy,,,Creative Commons Attribution,E:\Hestdata\st\TENX15.h5ad,True,74173467,known_exposed,False,True,main_v3/TENX15,E:\count压缩\baseline\evidence\COUNT-HEST-SHARED-RESUME-001\main_v3\TENX15\RESULT.json,74173467,e7c532b2a46267a47c9e710b40ee67bb87b608c2a285fbf377afe3676ab35442,94be35bfbdad7f7eccd1a1784f5c8f031b1cab270b9e507b302eee3b7cfaf018,4777174,4247,36601,155444447,8210344,1243555576,98541120,4537620,39831,37043,159750,1666,1264,0.245858843706395,4.654785719088019,0.23353011767605955,4.421368946295064,True
TENX16,Homo sapiens,Visium,Lymph node,Healthy,,,Creative Commons Attribution,E:\Hestdata\st\TENX16.h5ad,True,198121163,exposure_unresolved,True,True,main_v3/TENX16,E:\count压缩\baseline\evidence\COUNT-HEST-SHARED-RESUME-001\main_v3\TENX16\RESULT.json,198121163,aebfba1b7a00dc406138d8fb02847282a38efa185f36113d123695ad37a58c16,7c0e15ea4a9ababa8c4362168f3ee3f76e23ca8d2fadfc0b008788ddcd6b9e47,11344769,4035,36601,147685035,23717106,1181480280,284621416,11097774,51383,35084,157595,1669,1264,0.614538582057417,3.826695887769781,0.6011590273855438,3.743382181620304,True
TENX18,Mus musculus,Visium,Brain,Healthy,,,Creative Commons Attribution,E:\Hestdata\st\TENX18.h5ad,True,130267019,exposure_unresolved,True,True,main_v3/TENX18,E:\count压缩\baseline\evidence\COUNT-HEST-SHARED-RESUME-001\main_v3\TENX18\RESULT.json,130267019,9f76de3b3995cd42d5845ea756fe6a825723f153fa9a673cf20a575cfbcc1889,bc72866ef0f3ae105ad0a58275e3232140e84dc75753cdc670df1d1a14fc0669,7634108,2696,31053,83718888,15319170,669751104,183840828,7448179,43062,22377,117559,1667,1264,0.729499226028898,3.986695362738321,0.711732243744088,3.889599240689933,True
TENX19,Mus musculus,Visium,Brain,Healthy,,,Creative Commons Attribution,E:\Hestdata\st\TENX19.h5ad,True,129674967,exposure_unresolved,True,True,main_v3/TENX19,E:\count压缩\baseline\evidence\COUNT-HEST-SHARED-RESUME-001\main_v3\TENX19\RESULT.json,129674967,4940c008b669f8f198b9e414600041e54b0532b7b1df4e9007220c7d3aaf845d,5441f570c3d11c7b686608b7a9c6f99d05a6a2615e43c2b128e72aea10c16962,7924369,3353,31053,104120709,15229281,832965672,182764788,7727594,43027,28273,122544,1667,1264,0.6088601644078316,4.1627015746836635,0.593741174006028,4.059334908850917,True
TENX22,Mus musculus,Visium,Kidney,Healthy,,,Creative Commons Attribution,E:\Hestdata\st\TENX22.h5ad,True,71684075,exposure_unresolved,True,True,main_v3/TENX22,E:\count压缩\baseline\evidence\COUNT-HEST-SHARED-RESUME-001\main_v3\TENX22\RESULT.json,71684075,7ee5171706967fdeaa8c35e882d5819bfe2a371906190832f4bd8e906d4e1585,2b9b11cc526afbcec579cc462c395fd4b4f53244ff971d9837c067ebf50e3557,4274282,1438,31053,44654214,8027223,357233712,96332432,4110291,39768,11345,109948,1666,1264,0.7657565308393962,4.259786479084983,0.7363768176504014,4.0963516274557215,True
TENX23,Homo sapiens,Visium,Breast,Cancer,,,Creative Commons Attribution,E:\Hestdata\st\TENX23.h5ad,True,10773752,exposure_unresolved,False,True,main_v3/TENX23,E:\count压缩\baseline\evidence\COUNT-HEST-SHARED-RESUME-001\main_v3\TENX23\RESULT.json,10773752,774566006027a48665b41d58f350e20e37355046fd5e1357dbf32548347bdcab,26c87510a5c846a0c2a071ae457bd2d790c1e1dc0f2700125e49729897663657,547165,4325,1056,4567200,847064,36537600,10182072,455482,3614,38024,47124,1657,1264,0.9584252933963917,5.167637864435273,0.7978314941320722,4.301748155983491,True
TENX27,Homo sapiens,Visium,Brain,Healthy,,,Creative Commons Attribution,E:\Hestdata\st\TENX27.h5ad,True,15248258,known_exposed,False,True,main_v3/TENX27,E:\count压缩\baseline\evidence\COUNT-HEST-SHARED-RESUME-001\main_v3\TENX27\RESULT.json,15248258,471d7600a8506c5029d7d6e128f1046266726ecc2376e25ac68137899e344a74,93b09b7a80dde8588c442a93b0183eb36405e96f0f2381e36c2ad830810b05f8,817620,4992,1186,5920512,1391986,47364096,16723804,714000,3684,44467,52547,1658,1264,1.1047963419379945,4.69901277742736,0.964781424309249,4.103489546590267,True
TENX28,Homo sapiens,Visium,Bowel,Cancer,,,Creative Commons Attribution,E:\Hestdata\st\TENX28.h5ad,True,12556718,exposure_unresolved,True,True,main_v3/TENX28,E:\count压缩\baseline\evidence\COUNT-HEST-SHARED-RESUME-001\main_v3\TENX28\RESULT.json,12556718,ac281b3925613118077eb476a00f76ba855f6a665178cef4e402e414aa8b976e,74c5b0f399fc1613f41f7111b8720462abad77276b2eff75137251f28071e27d,619359,3138,1142,3583596,1098154,28668768,13190404,552400,3574,26361,34102,1658,1264,1.3826536250179986,4.512001049033196,1.2331747217041207,4.024207897981522,True
TENX29,Homo sapiens,Visium,Bowel,Cancer,,,Creative Commons Attribution,E:\Hestdata\st\TENX29.h5ad,True,97452291,exposure_unresolved,True,True,main_v3/TENX29,E:\count压缩\baseline\evidence\COUNT-HEST-SHARED-RESUME-001\main_v3\TENX29\RESULT.json,97452291,c5ccb25b302580ff0825a45cfdcd5f683f586f348f81a5790c61f8600a7934b3,ece6f4bc001915b5c5477a78281b30093f29db914ebc61fbf3d5c3ce9cccbf32,6031471,3138,36601,114853938,11138760,918831504,133677676,5808303,46529,26361,147347,1667,1264,0.42011418015114116,4.33187967062761,0.404569706612933,4.171597556640057,True
TENX30,Homo sapiens,Visium,Brain,Cancer,,,Creative Commons Attribution,E:\Hestdata\st\TENX30.h5ad,True,12586581,exposure_unresolved,True,True,main_v3/TENX30,E:\count压缩\baseline\evidence\COUNT-HEST-SHARED-RESUME-001\main_v3\TENX30\RESULT.json,12586581,8142c4f5f9050f4e37d92749a68df52ff8444a3f4b0b64d1c0bf205e1929cdaf,2b021bf392c3c47228671ce045faa791e434eea456b31bf265baa08f1e8d5646,622931,3468,1253,4345404,1090096,34763232,13095028,550670,3911,29366,36062,1658,1264,1.1468319171243917,4.571568008689143,1.0137975663482612,4.041258751522801,True
TENX31,Homo sapiens,Visium,Brain,Cancer,,,Creative Commons Attribution,E:\Hestdata\st\TENX31.h5ad,True,127473019,exposure_unresolved,True,True,main_v3/TENX31,E:\count压缩\baseline\evidence\COUNT-HEST-SHARED-RESUME-001\main_v3\TENX31\RESULT.json,127473019,291d2f53b644d85de632644ff03b55249113b49bd1a1a4907958f57780959c6a,c52148bc9e7332e273dc2167e9f557ad0c77f1718da39d68ed258ca9ed87e345,7847593,3468,36601,126932268,14884287,1015458144,178625320,7615869,50061,29366,149366,1667,1264,0.4946003485890601,4.217920818108385,0.47999577223342454,4.0933739049777795,True
TENX39,Homo sapiens,Visium,Breast,Cancer,,,Creative Commons Attribution,E:\Hestdata\st\TENX39.h5ad,True,101766545,exposure_unresolved,True,True,main_v3/TENX39,E:\count压缩\baseline\evidence\COUNT-HEST-SHARED-RESUME-001\main_v3\TENX39\RESULT.json,101766545,f52e7eca33134c771364569ea4265ca484c95d2e3a09c08b16b395463a8c947b,9fe2afb1544e5a70fee092c86d0775365f036c53a8c463172a57d005766f2e12,6050419,2518,17943,45180474,12026200,361443792,144324476,5915103,31796,20928,79662,1666,1264,1.0713334260282439,4.02482513179558,1.0473733409702608,3.934810995992084,True
TENX40,Homo sapiens,Visium,Prostate,Cancer,,,Creative Commons Attribution,E:\Hestdata\st\TENX40.h5ad,True,171454261,exposure_unresolved,True,True,main_v3/TENX40,E:\count压缩\baseline\evidence\COUNT-HEST-SHARED-RESUME-001\main_v3\TENX40\RESULT.json,171454261,533eaf343945baeac86e925e3da8aa3ab1371fff14baeb4f3c869dd8b7ee0d8c,cfb7f8f565b9e80186990424593b2d1b690c32219161c0f9f6865c3dbc263711,9994155,4371,17943,78428853,20695894,627430824,248368216,9822142,32079,38398,98606,1666,1264,1.0194365586348688,3.863241665230794,1.0018906689863232,3.7967500220091965,True
TENX41,Homo sapiens,Visium,Prostate,Healthy,,,Creative Commons Attribution,E:\Hestdata\st\TENX41.h5ad,True,64164901,known_exposed,False,True,main_v3/TENX41,E:\count压缩\baseline\evidence\COUNT-HEST-SHARED-RESUME-001\main_v3\TENX41\RESULT.json,64164901,97a088e850536aa56891afcc651bf65f6e7251d473f3633e9dde1568feb48edb,3e1f8dbb1263981e1d00e9bec0574b711f200d263d1e7d26037e5a315071aa2e,3903864,2543,17943,45629049,7329569,365032392,87965004,3770651,28721,21173,80390,1665,1264,0.6844523978573387,4.260947949326898,0.6610965746842543,4.11555004120979,True
TENX43,Mus musculus,Visium,Brain,Healthy,,,Creative Commons Attribution,E:\Hestdata\st\TENX43.h5ad,True,111290623,exposure_unresolved,True,True,main_v3/TENX43,E:\count压缩\baseline\evidence\COUNT-HEST-SHARED-RESUME-001\main_v3\TENX43\RESULT.json,111290623,85fb8de62fb00871aa81ff46a1ebecebd6831a8dd9036f1ec7c531cc7715fe47,11e078cbc0ac00fcff8236e12a9ab1bc0ec6b460cde807086dd6f31afaa38365,6160491,2264,19465,44068760,13179834,352550080,158167068,6024894,32345,18621,81701,1666,1264,1.118341609793423,3.7393436063003525,1.0937260771576056,3.6570378655755453,True
TENX45,Mus musculus,Visium,Kidney,Healthy,,,Creative Commons Attribution,E:\Hestdata\st\TENX45.h5ad,True,179170059,exposure_unresolved,True,True,main_v3/TENX45,E:\count压缩\baseline\evidence\COUNT-HEST-SHARED-RESUME-001\main_v3\TENX45\RESULT.json,179170059,ca5a60fda34fbd2ff1e75d373d0e5eafd454319d03ece9b0ced0032f61d05bed,5ba909324a0c53340de077167ae4f6f1985051bff0a4d40af33d570a2e22a2ec,10200124,3124,19465,60808660,21645246,486469280,259755452,10045651,34395,26490,90656,1668,1264,1.3419304421442604,3.7699267543552057,1.3216079420266784,3.712834125331724,True
TENX46,Homo sapiens,Visium,Prostate,Cancer,,,Creative Commons Attribution,E:\Hestdata\st\TENX46.h5ad,True,155323709,known_exposed,False,True,main_v3/TENX46,E:\count压缩\baseline\evidence\COUNT-HEST-SHARED-RESUME-001\main_v3\TENX46\RESULT.json,155323709,a2076784a8c690d3d0318db916b2a6374e9b50469799edf9eb892808b989c622,76f51da3b2eb3c7b9908ddadae04bffc933fcc836b4e7699c234a6f16df2970b,8709835,3043,17943,54600549,18708889,436804392,224518844,8562729,32629,25833,85714,1666,1264,1.2761534687132907,3.724362253685935,1.254599692761331,3.6614591064172757,True
TENX49,Homo sapiens,Visium,Bowel,Cancer,,,Creative Commons Attribution,E:\Hestdata\st\TENX49.h5ad,True,149637801,exposure_unresolved,True,True,main_v3/TENX49,E:\count压缩\baseline\evidence\COUNT-HEST-SHARED-RESUME-001\main_v3\TENX49\RESULT.json,149637801,4d3dcb432d5f40575f1dcfe36022062cfc0297ebcfa5c32ae7999e57288d2aed,7ffe247d24022820521cb52e9d9a6ed935a2535379509f5bcf58a8fb8b35d8bf,8635593,2660,17943,47728380,18005624,381827040,216078132,8498167,32859,22083,79552,1668,1264,1.4474562932997097,3.836842533199627,1.42442161246621,3.7757833885679273,True
TENX50,Homo sapiens,Visium,Cervix,Cancer,,,Creative Commons Attribution,E:\Hestdata\st\TENX50.h5ad,True,143262789,exposure_unresolved,True,True,main_v3/TENX50,E:\count压缩\baseline\evidence\COUNT-HEST-SHARED-RESUME-001\main_v3\TENX50\RESULT.json,143262789,bdf434ca2612f6147fac400808dc51f6adc5e8f125f113fe8bdc6e85efe39206,1a0d8bfd74b2289a13e33ee7fea6f8678e71a0e0669448bd1a2b8f6447159682,8348130,2781,17943,49899483,17203632,399195864,206454712,8207612,33082,23258,81247,1667,1264,1.3383914218109234,3.8820314222020094,1.3158632525310934,3.8166880109967476,True
TENX51,Homo sapiens,Visium,Ovary,Cancer,,,Creative Commons Attribution,E:\Hestdata\st\TENX51.h5ad,True,196803949,exposure_unresolved,True,True,main_v3/TENX51,E:\count压缩\baseline\evidence\COUNT-HEST-SHARED-RESUME-001\main_v3\TENX51\RESULT.json,196803949,26fc1b093925115522398346d337c63701a3aefecc53fe46440ab2a052fb4a11,15963ce228fe0e68b6ca8e1f6c4deffdbc3ddc1b7c4437113f4000933d5f13b3,11398708,3455,17943,61993065,23884278,495944520,286625160,11245938,33095,29467,87276,1668,1264,1.4709655668742947,3.8179786719950255,1.4512511036516746,3.7668086094124344,True
TENX52,Mus musculus,Visium,Brain,Healthy,,,Creative Commons Attribution,E:\Hestdata\st\TENX52.h5ad,True,131035035,exposure_unresolved,True,True,main_v3/TENX52,E:\count压缩\baseline\evidence\COUNT-HEST-SHARED-RESUME-001\main_v3\TENX52\RESULT.json,131035035,b5e3225a30c2d604bd022471a8fbe2084f15be6711234311b694c266a9bc78b9,18997ba0350aca09b39887da662f1e54704fe12ca4167485da0009ee1094fc13,8019839,2698,31053,83780994,15430028,670247952,185171132,7832751,43852,22378,117926,1668,1264,0.7657907711145083,4.158042487025947,0.7479262898217703,4.061043051898545,True
TENX53,Homo sapiens,Visium,Breast,Cancer,,,Creative Commons Attribution,E:\Hestdata\st\TENX53.h5ad,True,145690851,exposure_unresolved,True,True,main_v3/TENX53,E:\count压缩\baseline\evidence\COUNT-HEST-SHARED-RESUME-001\main_v3\TENX53\RESULT.json,145690851,3fcad61a42b40fa2930469c9732c1b95fb0c10a8d0166ecb29ce7d13a6ac5f72,02f0c79d650b4bc2f6e4996b8f1b5a2a96c22e5e93ee7c0c6bda2f3ad5644a4a,9297028,4898,36601,179271698,17254268,1434173584,207070812,9033845,47292,43597,169363,1667,1264,0.414879899224249,4.310598629857841,0.4031353571493477,4.188572937432061,True
TENX54,Mus musculus,Visium,Brain,Healthy,,,Creative Commons Attribution,E:\Hestdata\st\TENX54.h5ad,True,123362823,exposure_unresolved,True,True,main_v3/TENX54,E:\count压缩\baseline\evidence\COUNT-HEST-SHARED-RESUME-001\main_v3\TENX54\RESULT.json,123362823,243a54864fe9fe76e3b1e9d75955e980b3c367ff53d4ab08d86a570f39484f7f,005df9928763849ac89e3e78cd1da96ae5f0d446823d2e5582378035de895cd3,7519095,3293,31053,102257529,14442299,818060232,173320764,7323620,42520,27733,122291,1667,1264,0.5882477367510025,4.165040482820637,0.572954975276197,4.056761323110677,True
TENX55,Mus musculus,Visium,Brain,Healthy,,,Creative Commons Attribution,E:\Hestdata\st\TENX55.h5ad,True,121069079,exposure_unresolved,True,True,main_v3/TENX55,E:\count压缩\baseline\evidence\COUNT-HEST-SHARED-RESUME-001\main_v3\TENX55\RESULT.json,121069079,fd2daffc1941374850bc0122a8fad0d16345ca86c1a19daacbd6826a8a46dd5d,683f8cf12873afef53bf0d3a27a6e6f905bd59ec2033e1e3f921d74a304012d6,7125251,2825,31053,87724725,14167739,701797800,170024172,6937560,42401,23531,118828,1667,1264,0.6497826923937351,4.023366607755832,0.6326663320973648,3.917384418219449,True
TENX56,Homo sapiens,Visium,Brain,Healthy,,,Creative Commons Attribution,E:\Hestdata\st\TENX56.h5ad,True,15248258,exposure_unresolved,True,True,main_v3/TENX56,E:\count压缩\baseline\evidence\COUNT-HEST-SHARED-RESUME-001\main_v3\TENX56\RESULT.json,15248258,a88ababf0ef6f79285c51f82c8adc835ee9f94c0b3f7bac9e7fe30a85856aab9,9d499717d1c71b412ea605330e5b4de608fadf447670fa3afbe17f069ea460cc,817568,4992,1186,5920512,1391986,47364096,16723804,714000,3673,44447,52526,1658,1264,1.1047260777446275,4.6987139238469355,0.964781424309249,4.103489546590267,True
TENX58,Mus musculus,Visium,Brain,Healthy,,,Creative Commons Attribution,E:\Hestdata\st\TENX58.h5ad,True,51841023,exposure_unresolved,False,True,main_v3/TENX58,E:\count压缩\baseline\evidence\COUNT-HEST-SHARED-RESUME-001\main_v3\TENX58\RESULT.json,51841023,b66617dba453c6f5e44193d02ddc59f96df464ceefadfc2517f68a9185b31c14,424b184b7501446147519a3e75cca405701b0edf395aa1435baa91a98344fe30,2964003,1185,32285,38257725,5532712,306061800,66397288,2802643,38750,9125,110556,1665,1264,0.619797021385877,4.285786789552755,0.5860553391504592,4.0524690242326,True
TENX60,Mus musculus,Visium,Brain,Healthy,,,Creative Commons Attribution,E:\Hestdata\st\TENX60.h5ad,True,126167391,exposure_unresolved,True,True,main_v3/TENX60,E:\count压缩\baseline\evidence\COUNT-HEST-SHARED-RESUME-001\main_v3\TENX60\RESULT.json,126167391,47ad57a3beb466082eeac33c0f9bab7131a341d1cf7ddffa0a81440ea03694e9,0c741c2a4758b4d0a9de39983e8a7ee668f280a4d63bd869366a9bfc833d16d7,7554340,2310,19465,44964150,15031658,359713200,180389140,7415762,34516,18925,82206,1667,1264,1.3440645492019754,4.020495942629881,1.3194088179138268,3.946743333303618,True
TENX61,Mus musculus,Visium,Brain,Healthy,,,Creative Commons Attribution,E:\Hestdata\st\TENX61.h5ad,True,98144683,exposure_unresolved,True,True,main_v3/TENX61,E:\count压缩\baseline\evidence\COUNT-HEST-SHARED-RESUME-001\main_v3\TENX61\RESULT.json,98144683,6757539ad145cf55c310f9b9bdf4332db6f68141808b957255ea0889dc133e2d,103cb728ca5a389300efa3589fab4a30d68a4aa66c88a5ff3d511d09c35983cb,5812416,2235,19465,43504275,11564440,348034200,138782224,5675888,33454,18401,81743,1666,1264,1.0688450272990413,4.020888862755135,1.0437388969244976,3.9264420931752855,True
TENX62,Homo sapiens,Visium,Lung,Cancer,,,Creative Commons Attribution,E:\Hestdata\st\TENX62.h5ad,True,190151167,exposure_unresolved,True,True,main_v3/TENX62,E:\count压缩\baseline\evidence\COUNT-HEST-SHARED-RESUME-001\main_v3\TENX62\RESULT.json,190151167,3b55b07aea7b4c8b6c5c51fc7d72c91380efcb3ec96acaff45fd83c11f53bd4b,cdd5ff3ec142df6ef4b31fd3306993d1e54cd32b2245a61226db2bfea2f14d3a,12037226,3858,18085,69771930,23077633,558175440,276947032,11875174,34062,33201,91857,1668,1264,1.3801797943671616,4.172776644814483,1.3615990270012597,4.1166003463180125,True
TENX65,Homo sapiens,Visium,Ovary,Cancer,,,Creative Commons Attribution,E:\Hestdata\st\TENX65.h5ad,True,288881959,exposure_unresolved,True,True,main_v3/TENX65,E:\count压缩\baseline\evidence\COUNT-HEST-SHARED-RESUME-001\main_v3\TENX65\RESULT.json,288881959,85155619b13170a7c935bcacb66bd897fdda37fa38f54f6d4b5e920492038afc,576d2c5825beff2b18696417dad9bb25d7a0ad1151e85a9b741ea3aa33ed7fd4,17243970,4674,18085,84529290,35424655,676234320,425114560,17061978,34419,41426,103213,1670,1264,1.631999511648566,3.894230162580271,1.6147754701358548,3.853130651519401,True
TENX67,Mus musculus,Visium,Brain,Healthy,,,Creative Commons Attribution,E:\Hestdata\st\TENX67.h5ad,True,105970927,exposure_unresolved,True,True,main_v3/TENX67,E:\count压缩\baseline\evidence\COUNT-HEST-SHARED-RESUME-001\main_v3\TENX67\RESULT.json,105970927,2da8e4c88005f98c929b5731809f741cc950619dd507a07a42f3042ac7a8ce62,5a201eb4295e93d320c3bbaa8a5fef9df7187ef8017960dcf5e4b41e9aa48e5c,6232022,2797,32285,90301145,12257946,722409160,147106544,6036371,42323,23464,126933,1667,1264,0.552110119976884,4.067253681815861,0.5347769178342091,3.939564426209742,True
TENX68,Homo sapiens,Visium,Breast,Cancer,,,Creative Commons Attribution,E:\Hestdata\st\TENX68.h5ad,True,82339375,exposure_unresolved,True,True,main_v3/TENX68,E:\count压缩\baseline\evidence\COUNT-HEST-SHARED-RESUME-001\main_v3\TENX68\RESULT.json,82339375,2452445001f5dd2e4d8b69206bcfb65b7433b4087f1a5a5717f06290fa92cdba,298af377e2fabadc9c69200a1e708431767e161f415d775dcd370fed12f7a38c,5273265,1657,18085,29966845,9758086,239734760,117103664,5153649,31389,13269,72029,1665,1264,1.4077598092158183,4.323196167773065,1.3758269180489304,4.225131034918118,True
TENX69,Mus musculus,Visium,Brain,Healthy,,,Creative Commons Attribution,E:\Hestdata\st\TENX69.h5ad,True,209615131,exposure_unresolved,True,True,main_v3/TENX69,E:\count压缩\baseline\evidence\COUNT-HEST-SHARED-RESUME-001\main_v3\TENX69\RESULT.json,209615131,57bd5779f00ae48f54c8062416524163ebfe7a8cbcbad706aac7fcbb1bf7c3f6,8362302a0240c75c1d9e0edb6125c50d09469150ee102d39a4eeb653a0f4c544,12978052,4298,19465,83660570,25521176,669284560,306271308,12799736,34312,37836,103235,1669,1264,1.2410197061769959,4.068167391659381,1.2239683282100517,4.01227153482269,True
TENX70,Homo sapiens,Visium,Bowel,Cancer,,,Creative Commons Attribution,E:\Hestdata\st\TENX70.h5ad,True,624425639,known_exposed,False,True,main_v3/TENX70,E:\count压缩\baseline\evidence\COUNT-HEST-SHARED-RESUME-001\main_v3\TENX70\RESULT.json,624425639,f4da9cb73fdf6469d40b5c873cbf90249e69e51978d0ce8f78c95b7b294bbbcc,4ff94c5c7efa4c23e842a641bb3e6eab85e73b76ee8e6d93afbe04c70fd12141,40472011,9080,18085,164211800,77202671,1313694400,926468376,40200863,35041,86108,147064,1671,1264,1.9716980631111771,4.193845676660591,1.9584883912118374,4.165748410440359,True
TENX71,Homo sapiens,Visium,Kidney,Healthy,,,Creative Commons Attribution,E:\Hestdata\st\TENX71.h5ad,True,285137111,exposure_unresolved,True,True,main_v3/TENX71,E:\count压缩\baseline\evidence\COUNT-HEST-SHARED-RESUME-001\main_v3\TENX71\RESULT.json,285137111,a62b28bc2a676ac0d266bcb804f0d84021f8bb919aed48e7e2cf127038850959,b5fe82c7b509d5421900f1942d048aa3651928bab8649cfad79ad0883476b6b4,17125623,5936,18085,107352560,34871711,858820480,418484280,16921049,32602,53886,115153,1669,1264,1.2762153413015953,3.928828843528785,1.2609703205959877,3.8818970482979744,True
TENX73,Homo sapiens,Visium,Brain,Cancer,,,Creative Commons Attribution,E:\Hestdata\st\TENX73.h5ad,True,425114911,known_exposed,False,True,main_v3/TENX73,E:\count压缩\baseline\evidence\COUNT-HEST-SHARED-RESUME-001\main_v3\TENX73\RESULT.json,425114911,06d0383f9ca0056045bbe88043f44f52731a8a5041a7cf1a2a9bf5872bbbbbce,79f673292c90b4dce2b35d1c4af1eaddd85927409cc0bea6dfcd77e658992fa1,27059047,10878,18085,196728630,52263221,1573829040,627202168,26753797,32583,105197,164533,1673,1264,1.1003603085122893,4.141963925262088,1.087947270308343,4.095238906151613,True
TENX74,Mus musculus,Visium,Lung/Brain,Healthy,,,Creative Commons Attribution,E:\Hestdata\st\TENX74.h5ad,True,314155907,exposure_unresolved,True,True,main_v3/TENX74,E:\count压缩\baseline\evidence\COUNT-HEST-SHARED-RESUME-001\main_v3\TENX74\RESULT.json,314155907,eea92c101b9b8aaa1b63d30b4da2e7a3412fd54c6896f4fe858dc0ff7d1ca8b0,bd137254bc2cfad785af8cb01354caeba570d525545619ac39420b2ec48ca0a0,19580085,4679,19465,91076735,38456794,728613880,461500248,19391713,37392,41288,106758,1670,1264,1.7198758826828828,4.073160128740841,1.7033296593251832,4.033973918886738,True
TENX75,Mus musculus,Visium,Kidney/Brain,Healthy,,,Creative Commons Attribution,E:\Hestdata\st\TENX75.h5ad,True,199634707,exposure_unresolved,True,True,main_v3/TENX75,E:\count压缩\baseline\evidence\COUNT-HEST-SHARED-RESUME-001\main_v3\TENX75\RESULT.json,199634707,3f56c58a9e939d0ff3fa2e70f71f576c149321b934578f7ae4411c83a0d92a91,4365aecdb3a437c79d9af4bc9155389df603bd8df3e6c569eb14c2de1cf28f11,13032853,2805,19465,54599325,24191577,436794600,290310148,12881682,36777,23328,88134,1668,1264,1.9095991388171922,4.309881245030037,1.8874492679167736,4.259889960873572,True
TENX76,Mus musculus,Visium,Lung/Brain,Healthy,,,Creative Commons Attribution,E:\Hestdata\st\TENX76.h5ad,True,194577755,exposure_unresolved,True,True,main_v3/TENX76,E:\count压缩\baseline\evidence\COUNT-HEST-SHARED-RESUME-001\main_v3\TENX76\RESULT.json,194577755,fdae24855e5e96b6ca11c2cd1595af9e0a2f3590e0fc7f73fd816284de522130,acf1ad956a54304fa4eb3d1da0bd3edb61b23449cd2c2096a1560e96b9457a54,11923710,4049,19465,78813785,23533912,630510280,282423144,11748355,36382,35198,100842,1669,1264,1.2103172052960025,4.053286168487415,1.192517780994784,3.9936768693619658,True
TENX77,Mus musculus,Visium,Brain,Healthy,,,Creative Commons Attribution,E:\Hestdata\st\TENX77.h5ad,True,323114035,exposure_unresolved,True,True,main_v3/TENX77,E:\count压缩\baseline\evidence\COUNT-HEST-SHARED-RESUME-001\main_v3\TENX77\RESULT.json,323114035,1697167c37690498aa9de1bbeb76fda72e010f1ddd20b516ac7779326dcece77,1e9b9a9a3e029b661b047aa529102ee7f2493a0a13ed109bccba7c66eae4b0b5,20286500,5123,19465,99719195,39648901,797753560,475807308,20090680,35859,45841,111186,1670,1264,1.6274900735008941,4.0932282082673614,1.6117803598394471,4.053717403163331,True
TENX78,Mus musculus,Visium,Brain,Healthy,,,Creative Commons Attribution,E:\Hestdata\st\TENX78.h5ad,True,361948691,exposure_unresolved,True,True,main_v3/TENX78,E:\count压缩\baseline\evidence\COUNT-HEST-SHARED-RESUME-001\main_v3\TENX78\RESULT.json,361948691,14e75caa2a61338656d0f9675b0a5474b6086a2cc9bca48f0a802b3280b2d040,cf68ef7b6796d3e5ea967ad0ea9513c1c0fe6d2f79236b3a7f0419d800c605c1,22431707,6963,19465,135534795,44444979,1084278360,533367604,22199569,34579,64372,130253,1670,1264,1.3240412249858053,4.037658697060021,1.3103391789540095,3.9958743596211397,True
TENX79,Mus musculus,Visium,Brain,Healthy,,,Creative Commons Attribution,E:\Hestdata\st\TENX79.h5ad,True,345003427,exposure_unresolved,True,True,main_v3/TENX79,E:\count压缩\baseline\evidence\COUNT-HEST-SHARED-RESUME-001\main_v3\TENX79\RESULT.json,345003427,e16829db2bbb97eeb892611bbaf2e66ed60cabaf7851826dc5a172c18d4b9549,b1affc2423dea76956fc6c4343eb80f0ff6ebdce98b95e2f283724efec5ae4e9,20894198,8462,19465,164712830,42238343,1317702640,506893968,20631183,34858,79714,145508,1671,1264,1.014818238506375,3.957389711049981,1.0020437630754082,3.907574309910784,True
TENX80,Mus musculus,Visium,Brain,Healthy,,,Creative Commons Attribution,E:\Hestdata\st\TENX80.h5ad,True,136025147,exposure_unresolved,True,True,main_v3/TENX80,E:\count压缩\baseline\evidence\COUNT-HEST-SHARED-RESUME-001\main_v3\TENX80\RESULT.json,136025147,9a731bc74f242189bf4e8239d69445fa0868d1e987739a67a4146e344c60346f,44c21d03162b7410a54478b7442bd579da67a74f9166b541fb49f6ee4c3ecb7c,8329921,2702,32285,87234070,16031554,697872560,192389460,8137783,45342,22352,121512,1668,1264,0.7639144659878875,4.156762844076126,0.7462940110440794,4.0608829312492105,True
TENX81,Mus musculus,Visium,Embryo,Healthy,,,Creative Commons Attribution,E:\Hestdata\st\TENX81.h5ad,True,441635547,exposure_unresolved,True,True,main_v3/TENX81,E:\count压缩\baseline\evidence\COUNT-HEST-SHARED-RESUME-001\main_v3\TENX81\RESULT.json,441635547,2b4eeeaa5c26629793bd72fd69cf72f5bebb0b3f18f3a24f44a0c047c631e899,0503b61932f4c56c6e76434a3c9076ccdf3fc92550b65562d95968249a219414,28125571,6434,19465,125237810,54340124,1001902480,652107228,27902558,37586,58817,123676,1670,1264,1.7966185132109864,4.140670860449269,1.7823727834269858,4.107838693927161,True
TENX82,Mus musculus,Visium,Brain,Healthy,,,Creative Commons Attribution,E:\Hestdata\st\TENX82.h5ad,True,345233923,known_exposed,False,True,main_v3/TENX82,E:\count压缩\baseline\evidence\COUNT-HEST-SHARED-RESUME-001\main_v3\TENX82\RESULT.json,345233923,29944de265907fe9ac8d7fea57203a34020069719f33df1645ad138a59a0173d,baa764acd70df958f75e3b23983f3cd690b7bc927e4712ff50286d95b1ab2941,20909660,8470,19465,164868550,42267050,1318948400,507238484,20646372,34944,79891,145518,1671,1264,1.0146100029387048,3.957628459994251,1.0018343462109662,3.907795221100124,True
TENX83,Mus musculus,Visium,Brain,Healthy,,,Creative Commons Attribution,E:\Hestdata\st\TENX83.h5ad,True,362014515,exposure_unresolved,True,True,main_v3/TENX83,E:\count压缩\baseline\evidence\COUNT-HEST-SHARED-RESUME-001\main_v3\TENX83\RESULT.json,362014515,84d975e86b15def4cc0f7f557616d97f335458363a4b890c1cab8878579f1b03,ea6e71089201774f8551554e3dedc4b38bb64b670a9cf542654b0ea7ca815771,22435003,6965,19465,135573725,44452167,1084589800,533453868,22202655,34582,64414,130418,1670,1264,1.3238555184642158,4.037598976895772,1.3101450151937626,3.995783602630666,True
TENX84,Mus musculus,Visium,Brain,Healthy,,,Creative Commons Attribution,E:\Hestdata\st\TENX84.h5ad,True,323541563,exposure_unresolved,True,True,main_v3/TENX84,E:\count压缩\baseline\evidence\COUNT-HEST-SHARED-RESUME-001\main_v3\TENX84\RESULT.json,323541563,7ab66cc6e2b5f5689c217bfbee5239f2c792a863d516d37a286022266a81df53,6f8c1e2be0e473220f0f54e9328d502eebab26e604202fb6ad06b2d3f724e529,20315428,5134,19465,99933310,39702068,799466480,476445356,20119377,35795,46007,111315,1670,1264,1.6263188320290802,4.093575780485792,1.6106242853358905,4.054071339558433,True
TENX85,Mus musculus,Visium,Brain,Healthy,,,Creative Commons Attribution,E:\Hestdata\st\TENX85.h5ad,True,255459283,exposure_unresolved,True,True,main_v3/TENX85,E:\count压缩\baseline\evidence\COUNT-HEST-SHARED-RESUME-001\main_v3\TENX85\RESULT.json,255459283,09f1d90401c4c780bdc489c2ddcea2b85e2bc725fc7baf70757443fe1978a4ea,0575266167a5415f0e4b62eb4c4e68cd551a0e16b97f5a9adc2c105f676d072f,15680980,5324,19465,103631660,31237434,829053280,374870508,15482523,34111,48006,113407,1669,1264,1.2105165544969558,4.015945739973392,1.1951963714563676,3.965120310458279,True
TENX86,Mus musculus,Visium,Brain,Healthy,,,Creative Commons Attribution,E:\Hestdata\st\TENX86.h5ad,True,264402763,exposure_unresolved,True,True,main_v3/TENX86,E:\count压缩\baseline\evidence\COUNT-HEST-SHARED-RESUME-001\main_v3\TENX86\RESULT.json,264402763,7a666cc127d03a8c07e65f42ef40a0787908e2da9388241cfd0800d7b91592cf,0db54c1680a4cd2f5dc4fe29603589f9b527ccba4050cad04d6ae0df6caa24d1,15923261,5254,19465,102269110,32352848,818152880,388255196,15726335,34093,47075,112825,1669,1264,1.2455969158233606,3.9373995142560556,1.2301923816487697,3.888704944924787,True
TENX87,Mus musculus,Visium,Brain,Healthy,,,Creative Commons Attribution,E:\Hestdata\st\TENX87.h5ad,True,196126475,exposure_unresolved,True,True,main_v3/TENX87,E:\count压缩\baseline\evidence\COUNT-HEST-SHARED-RESUME-001\main_v3\TENX87\RESULT.json,196126475,b13fb2c21a2f14e249fafc5d8ee879bb5c6367f8185e8f8f0ff1c6ec592a5a5e,536834ea55422eab5144d24d6c8308d60cc9b60eb8922df39575294581541fcd,12135125,5221,19465,101626765,23830585,813014120,285987908,11941722,33503,46679,110288,1669,1264,0.9552700019527336,4.073798440113828,0.9400454299612903,4.008872463684798,True
TENX88,Mus musculus,Visium,Brain,Healthy,,,Creative Commons Attribution,E:\Hestdata\st\TENX88.h5ad,True,237521627,exposure_unresolved,True,True,main_v3/TENX88,E:\count压缩\baseline\evidence\COUNT-HEST-SHARED-RESUME-001\main_v3\TENX88\RESULT.json,237521627,5a2c89c1b4717bec21dfae5e161100d307d4ea480bf02db49d4915ecd4554020,e3f2f88a7b79cc2d3d395c63c522ac874a044c5c21fb14751fef8954f644a055,14588910,5303,19465,103222895,28998733,825783160,348006012,14390540,34337,47728,113372,1669,1264,1.1306724152621372,4.024702734426363,1.115298306640208,3.96997758488276,True
TENX89,Homo sapiens,Visium,Bowel,Cancer,,,Creative Commons Attribution,E:\Hestdata\st\TENX89.h5ad,True,158219823,exposure_unresolved,False,True,main_v3/TENX89,E:\count压缩\baseline\evidence\COUNT-HEST-SHARED-RESUME-001\main_v3\TENX89\RESULT.json,158219823,a640d0a9f433b9f12e18a4db795f7f2a614d0f8bf99d8e7281eb84eec9f00262,ae6d29769c8d337b3c292be5235c86c432fff041d84087d801cfd54357e5c1b4,10528676,6414,18085,115997190,19069678,927977520,228861796,10314966,31604,58613,120562,1667,1264,0.726133176157112,4.416928696960693,0.7113941984284274,4.327274325240311,True
TENX90,Homo sapiens,Visium,Bowel,Cancer,,,Creative Commons Attribution,E:\Hestdata\st\TENX90.h5ad,True,178785271,exposure_unresolved,False,True,main_v3/TENX90,E:\count压缩\baseline\evidence\COUNT-HEST-SHARED-RESUME-001\main_v3\TENX90\RESULT.json,178785271,333d2318be05bb946970ba31c0463442aefe195e2fd5eadfbd3390927bf72b0d,c85dff290b0b6b491f12d68f4aaa4539d24b388eb042a12c7ce1a1c51b8e8564,11826539,6487,18085,117317395,21625321,938539160,259529804,11611176,32152,59467,120813,1667,1264,0.806464480395256,4.375070871780355,0.7917786445905998,4.2954001931347054,True
TENX91,Homo sapiens,Visium,Bowel,Cancer,,,Creative Commons Attribution,E:\Hestdata\st\TENX91.h5ad,True,183165599,exposure_unresolved,False,True,main_v3/TENX91,E:\count压缩\baseline\evidence\COUNT-HEST-SHARED-RESUME-001\main_v3\TENX91\RESULT.json,183165599,ff007214810d47b8af01acf001647e2bdde9968fc873fdac734dd2edfddd59ff,1c6c5456a7b8c8d55f621543a07996f3e8f50c26150b8fad3f10ba608dc89dde,11943431,6352,18085,114875920,22186079,919007360,266258360,11730443,32557,57935,119563,1669,1264,0.8317447903790455,4.30663967256224,0.8169122301697345,4.229839080623485,True
TENX92,Homo sapiens,Visium,Bowel,Cancer,,,Creative Commons Attribution,E:\Hestdata\st\TENX92.h5ad,True,150809783,exposure_unresolved,False,True,main_v3/TENX92,E:\count压缩\baseline\evidence\COUNT-HEST-SHARED-RESUME-001\main_v3\TENX92\RESULT.json,150809783,4963b47963b8840c7027e5b0ee8a444962c8bd181922992db391bef22612693b,b500f3e9e6e22107f5b1f29ddb2254363e97c0642760d2ea1dd4e42d5194e037,9973279,6518,18085,117878030,18122088,943024240,217491132,9757922,31574,59667,121185,1667,1264,0.6768541347357094,4.402706354808563,0.6622385528499246,4.307636956624425,True
TENX94,Homo sapiens,Xenium,Breast,Cancer,,patient 3,Creative Commons Attribution,E:\Hestdata\st\TENX94.h5ad,True,14170056,exposure_unresolved,False,True,main_v3/TENX94,E:\count压缩\baseline\evidence\COUNT-HEST-SHARED-RESUME-001\main_v3\TENX94\RESULT.json,14170056,2e022c099b35f01ab5a640c61cfe5827eee5a1c488dc232361a223a1624919b1,4054d4161206eb9bdbcfdc76aad666bc361111a78155c205dd9e16b463cb0038,1104015,9152,541,4951232,1467108,39609856,17641908,1002362,2804,57952,37974,1659,1264,1.7838226930186265,6.020088500642079,1.6195758954538992,5.465784386698185,True
TENX95,Homo sapiens,Xenium,Breast,Cancer,,patient 2,Creative Commons Attribution,E:\Hestdata\st\TENX95.h5ad,True,17695351,exposure_unresolved,False,True,main_v3/TENX95,E:\count压缩\baseline\evidence\COUNT-HEST-SHARED-RESUME-001\main_v3\TENX95\RESULT.json,17695351,6a5f7eceaa4f7efb4180162b117679cfedc7333cd3c81c4c6b0191ae1d65c1a6,d67142d1a16ca7d59d1a4c17be75f4ef9011d9ab00d68c089094a7541e87bedd,1769121,11845,541,6408145,2292200,51265160,27553784,1643714,2805,73957,45720,1661,1264,2.2085904735301716,6.174403629700724,2.0520309699608856,5.736721054009249,True
TENX96,Homo sapiens,Xenium,Breast,Cancer,,patient 3,Creative Commons Attribution,E:\Hestdata\st\TENX96.h5ad,True,11970984,exposure_unresolved,False,True,main_v3/TENX96,E:\count压缩\baseline\evidence\COUNT-HEST-SHARED-RESUME-001\main_v3\TENX96\RESULT.json,11970984,42851a9332b875dcad2bda50de61a56ff8460c9379b8808736ae500fec50a544,4a89edfa2d8a2db220e4ff617423264f757df322d9d419e03bc20acc7fc9b34b,1334554,7233,541,3913053,1883166,31304424,22626928,1247558,2883,48098,33091,1660,1264,2.728414871968256,5.669405671087945,2.5505568158673038,5.299832303684328,True
TENX97,Homo sapiens,Xenium,Breast,Cancer,,patient 2,Creative Commons Attribution,E:\Hestdata\st\TENX97.h5ad,True,17301914,exposure_unresolved,False,True,main_v3/TENX97,E:\count压缩\baseline\evidence\COUNT-HEST-SHARED-RESUME-001\main_v3\TENX97\RESULT.json,17301914,b23d8853248c5661fe19c25919d9c80f96129a344bdf73970dd69c87adce99e7,e858f7a030806ddb5d400769402b22e78a663b49ef866f8140e22410737eeb35,2153083,11845,541,6408145,2856304,51265160,34323032,2018420,2902,73957,54879,1661,1264,2.6879329353502457,6.030402926299161,2.519818137698195,5.653235790027952,True
TENX98,Homo sapiens,Xenium,Breast,Cancer,,patient 1,Creative Commons Attribution,E:\Hestdata\st\TENX98.h5ad,True,33433428,exposure_unresolved,False,True,main_v3/TENX98,E:\count压缩\baseline\evidence\COUNT-HEST-SHARED-RESUME-001\main_v3\TENX98\RESULT.json,33433428,8d6ac88c8990f20d6d69929a44e3ae32d17bc38fcc33f386f9791de50e053420,fe7fec3a1960c41ece03b4ef51ccb61bed65af23b4e80d6ff95a211368a51330,3588199,26070,541,14103870,4773567,112830960,57387088,3288299,2704,172970,121298,1664,1264,2.035298964043202,6.0134469674354625,1.8651896252588829,5.5108458726985505,True
TENX99,Homo sapiens,Xenium,Breast,Cancer,,patient 1,Creative Commons Attribution,E:\Hestdata\st\TENX99.h5ad,True,30742777,exposure_unresolved,False,True,main_v3/TENX99,E:\count压缩\baseline\evidence\COUNT-HEST-SHARED-RESUME-001\main_v3\TENX99\RESULT.json,30742777,170af9017b038f8544a44ae669696bdd8e195b381b154be5ce655a7bf681acdf,ecbe9bd43ff53079e9b45172ef8baa9c90ab80268957624d96243888503b4fd2,3582198,23060,541,12475460,4859970,99803680,58411884,3332143,2725,155857,88546,1663,1264,2.29711641895369,5.8966586213495145,2.136766419835421,5.485042911787521,True
ZEN36,Homo sapiens,Visium,Bowel,Cancer,https://www.biorxiv.org/content/10.1101/2023.01.23.525135v2,Patient 7,Creative Commons Attribution 4.0 International,E:\Hestdata\st\ZEN36.h5ad,True,78198779,known_exposed,False,True,main_v3/ZEN36,E:\count压缩\baseline\evidence\COUNT-HEST-SHARED-RESUME-001\main_v3\ZEN36\RESULT.json,78198779,27c444b5c1c9150aec3c7f5609bbb0ce24c9d8da8e4ea54ec4e45a92b4ea616e,f7bcd71ff318a90cc0803ec2e690959c798a1227844f043eb59aa929173db90d,4557850,1691,36601,61892291,8769683,495138328,105242964,4346099,46932,13510,148379,1666,1264,0.5891331442230826,4.157824176768989,0.5617628857849195,3.9646577875163787,True
ZEN37,Homo sapiens,Visium,Bowel,Healthy,https://www.biorxiv.org/content/10.1101/2023.01.23.525135v2,Patient 6,Creative Commons Attribution 4.0 International,E:\Hestdata\st\ZEN37.h5ad,True,47669927,exposure_unresolved,False,True,main_v3/ZEN37,E:\count压缩\baseline\evidence\COUNT-HEST-SHARED-RESUME-001\main_v3\ZEN37\RESULT.json,47669927,da4edd7aac200562b0092d372b0dfb6d13d2a325ee644d5ac49121e7c061bab6,1ef4097a59feb7078e3186243c7be356d98ebe31c8ecc7264e16ee2a365ec37d,2940043,1656,36601,60611256,4954629,484890048,59462176,2731836,43971,13178,148128,1666,1264,0.38805241059515416,4.747145346301409,0.36057144237367394,4.410963565586848,True
ZEN38,Homo sapiens,Visium,Bowel,Cancer,https://www.biorxiv.org/content/10.1101/2023.01.23.525135v2,Patient 5,Creative Commons Attribution 4.0 International,E:\Hestdata\st\ZEN38.h5ad,True,20383179,exposure_unresolved,False,True,main_v3/ZEN38,E:\count压缩\baseline\evidence\COUNT-HEST-SHARED-RESUME-001\main_v3\ZEN38\RESULT.json,20383179,cb92db878d2173758cb357587171759c22227194e4600149920c4dd7eb00af49,be8d48bd82b96583fd5e3ed99c7385361288fdaed6f6d40f3dca88b9a06fbca8,965110,387,36601,14164587,1577391,113316696,18930244,798100,35860,2805,125421,1660,1264,0.5450833123478998,4.894715387624248,0.4507579359708829,4.047696481088075,True
ZEN39,Homo sapiens,Visium,Bowel,Cancer,https://www.biorxiv.org/content/10.1101/2023.01.23.525135v2,Patient 4,Creative Commons Attribution 4.0 International,E:\Hestdata\st\ZEN39.h5ad,True,21139163,exposure_unresolved,False,True,main_v3/ZEN39,E:\count压缩\baseline\evidence\COUNT-HEST-SHARED-RESUME-001\main_v3\ZEN39\RESULT.json,21139163,c7a75fb87166f7b479748e7f99a770cfaf6ea4223c0392413d228dad288db1dd,bfee13581f48023a98e2a33ec07c6d84b0b483b9327122df1225ff445d5c8431,1163452,1219,36601,44616619,1652236,356932952,19831712,977774,32337,9396,141020,1661,1264,0.2086132075583764,5.633345357442884,0.17532014247874766,4.734306721315841,True
ZEN40,Homo sapiens,Visium,Bowel,Cancer,https://www.biorxiv.org/content/10.1101/2023.01.23.525135v2,Patient 7,Creative Commons Attribution 4.0 International,E:\Hestdata\st\ZEN40.h5ad,True,62251879,known_exposed,False,True,main_v3/ZEN40,E:\count压缩\baseline\evidence\COUNT-HEST-SHARED-RESUME-001\main_v3\ZEN40\RESULT.json,62251879,88d6272559c0074b6ea508777a067ee6629b935ce8b3baa5450036b9eb26e143,cd9e92a5317979721db9a20a1408cc8e900bd8492b7177dc9b756315b987a585,3858862,2128,36601,77886928,6767642,623095424,81220220,3638255,44383,17385,155909,1666,1264,0.39635529083904814,4.561543887812032,0.37369608414906286,4.300765318260038,True
ZEN41,Homo sapiens,Visium,Bowel,Healthy,https://www.biorxiv.org/content/10.1101/2023.01.23.525135v2,Patient 6,Creative Commons Attribution 4.0 International,E:\Hestdata\st\ZEN41.h5ad,True,43919227,exposure_unresolved,False,True,main_v3/ZEN41,E:\count压缩\baseline\evidence\COUNT-HEST-SHARED-RESUME-001\main_v3\ZEN41\RESULT.json,43919227,eda19ca8e23d7fa17e6c8e01b19aea3c69b38dc60fef66404dfec0c7885e2acf,f07625d5238b8b4389c831f39a50329d86ad03f6c7a32be4ad4b7434e048b969,2733133,1685,36601,61672685,4484365,493381480,53819124,2524014,43096,13528,149566,1665,1264,0.3545340048029367,4.875843960070155,0.3274077008322242,4.502780661253042,True
ZEN42,Homo sapiens,Visium,Bowel,Cancer,https://www.biorxiv.org/content/10.1101/2023.01.23.525135v2,Patient 5,Creative Commons Attribution 4.0 International,E:\Hestdata\st\ZEN42.h5ad,True,50887439,exposure_unresolved,False,True,main_v3/ZEN42,E:\count压缩\baseline\evidence\COUNT-HEST-SHARED-RESUME-001\main_v3\ZEN42\RESULT.json,50887439,e0c2d4becd8f83c8d7606a9c8d05cd90c4d370ee8f1387c3eba664620b94dc03,8439c1ecbfe95c899e2801516251e54a8f469c74d667d5c085e357136622af72,2950352,1192,36601,43628392,5368178,349027136,64422908,2754124,44395,9189,139715,1665,1264,0.5409966977467333,4.396802043449379,0.5050149911553009,4.104370607681042,True
ZEN44,Homo sapiens,Visium,Bowel,Cancer,https://www.biorxiv.org/content/10.1101/2023.01.23.525135v2,Patient 3,Creative Commons Attribution 4.0 International,E:\Hestdata\st\ZEN44.h5ad,True,36019455,exposure_unresolved,False,True,main_v3/ZEN44,E:\count压缩\baseline\evidence\COUNT-HEST-SHARED-RESUME-001\main_v3\ZEN44\RESULT.json,36019455,0923b00c01bbecd19c5df0061bef8664efce3284cd33dcc2a51ce538a2100061,73e1ca20cb100824e056640f0e259421dd9b8740bc408bf4fd8b8de8596bc171,2002635,1048,36601,38357848,3515548,306862784,42190772,1814625,39255,7969,137858,1664,1264,0.4176741093504516,4.557207012960711,0.3784623162383875,4.129370442389067,True
ZEN45,Homo sapiens,Visium,Bowel,Cancer,https://www.biorxiv.org/content/10.1101/2023.01.23.525135v2,Patient 3,Creative Commons Attribution 4.0 International,E:\Hestdata\st\ZEN45.h5ad,True,18155419,exposure_unresolved,False,True,main_v3/ZEN45,E:\count压缩\baseline\evidence\COUNT-HEST-SHARED-RESUME-001\main_v3\ZEN45\RESULT.json,18155419,e9e36d0d27410b6df46218a2784af5e5acd4652d5802550eaabf412cea53434a,aa30644858e9773c596588ab683e007e31b6ba932da03dadd85b5346ce99d567,823397,328,36601,12005128,1301178,96041024,15615452,659456,34349,2397,124271,1660,1264,0.5486968568764948,5.0624710838947475,0.4394495418957632,4.054516753280489,True
ZEN46,Homo sapiens,Visium,Bowel,Cancer,https://www.biorxiv.org/content/10.1101/2023.01.23.525135v2,Patient 2,Creative Commons Attribution 4.0 International,E:\Hestdata\st\ZEN46.h5ad,True,73562963,exposure_unresolved,False,True,main_v3/ZEN46,E:\count压缩\baseline\evidence\COUNT-HEST-SHARED-RESUME-001\main_v3\ZEN46\RESULT.json,73562963,9cb875cc8ea639229a9d1f391c6a2b67a7460cf4e2337030f5cb978134257393,8b6fb5c1515c6457d7eb8d7c3874a9dd66ee2a4a70ce34dfa24fe30224a93238,4317873,1803,36601,65991603,8191790,527932824,98308696,4106236,44806,14505,149396,1666,1264,0.5234451419523783,4.216780947753787,0.497788908082745,4.010098891695222,True
ZEN47,Homo sapiens,Visium,Bowel,Cancer,https://www.biorxiv.org/content/10.1101/2023.01.23.525135v2,Patient 2,Creative Commons Attribution 4.0 International,E:\Hestdata\st\ZEN47.h5ad,True,84289515,exposure_unresolved,False,True,main_v3/ZEN47,E:\count压缩\baseline\evidence\COUNT-HEST-SHARED-RESUME-001\main_v3\ZEN47\RESULT.json,84289515,0af8141beead7097bb9b37035dcf06fdcd312d76ecd22a6f841e9c3c843df710,66880b7ebcd116b75db78e5286d41dd3b584dd243a9ced8c216ff074bda3a09d,5020008,2317,36601,84804517,9514583,678436136,114184268,4794667,45219,19001,158191,1666,1264,0.47356043546595517,4.220895860596308,0.452302982870594,4.0314258649065335,True
ZEN48,Homo sapiens,Visium,Bowel,Cancer,https://www.biorxiv.org/content/10.1101/2023.01.23.525135v2,Patient 1,Creative Commons Attribution 4.0 International,E:\Hestdata\st\ZEN48.h5ad,True,81965403,known_exposed,False,True,main_v3/ZEN48,E:\count压缩\baseline\evidence\COUNT-HEST-SHARED-RESUME-001\main_v3\ZEN48\RESULT.json,81965403,765314244a3631749f66d3a535374314e1112f140b9cea8de0ab76f3b86b7b14,31479c9358c2cc5dd810dbc0983a429ac18f310cdaa310fa451629f4bbf28104,4922624,2385,36601,87293385,9222233,698347080,110676340,4695558,45652,19649,158835,1666,1264,0.45113374856525496,4.270223057691125,0.4303242908955816,4.073250372225469,True
ZEN49,Homo sapiens,Visium,Bowel,Cancer,https://www.biorxiv.org/content/10.1101/2023.01.23.525135v2,Patient 1,Creative Commons Attribution 4.0 International,E:\Hestdata\st\ZEN49.h5ad,True,82887283,exposure_unresolved,False,True,main_v3/ZEN49,E:\count压缩\baseline\evidence\COUNT-HEST-SHARED-RESUME-001\main_v3\ZEN49\RESULT.json,82887283,eaf67dc33c2c3ac247ddfc144a45e8e798ac12d8380ced63866e3b42b5ae7a8a,81d4b7c90caef620eccca1161f8cd4ff09efa1961b3895dcfe2636091a66cb68,4893892,2203,36601,80632003,9343162,645056024,112126760,4669898,46101,18047,156916,1666,1264,0.4855533106377129,4.190351831639011,0.46332947973523614,3.9985589461041133,True
ZEN60,Mus musculus,Visium,Brain,Healthy,,,Creative Commons Attribution 4.0 International,E:\Hestdata\st\ZEN60.h5ad,True,344261022,exposure_unresolved,True,True,main_v3/ZEN60,E:\count压缩\baseline\evidence\COUNT-HEST-SHARED-RESUME-001\main_v3\ZEN60\RESULT.json,344261022,d55bde75516d7c304dd39b32d85c17a5b19a0ff837d734df1949259bbbcd34f6,0dabb8e85571afd6bde1c767ef45fed6b80038cb62088feb7433ab5601b1e8c8,7278993,3541,32285,114321185,13894589,914569480,166749236,7022617,42774,30509,180162,1667,1264,0.5093714170300107,4.190979956298095,0.49143066527870577,4.043367961441681,True
ZEN61,Mus musculus,Visium,Brain,Diseased,,,Creative Commons Attribution 4.0 International,E:\Hestdata\st\ZEN61.h5ad,True,431348169,exposure_unresolved,True,True,main_v3/ZEN61,E:\count压缩\baseline\evidence\COUNT-HEST-SHARED-RESUME-001\main_v3\ZEN61\RESULT.json,431348169,f266b5d80248714eb23e50bfe811f3e68aeda29cdf93870f5e012a02cf58c8fb,7c89fc81ae69130d35063c34eddeb2e96e373abeab982ccd41567cc55d2e22e0,8724845,3476,32285,112222660,17523358,897781280,210294204,8468819,44407,29880,178808,1667,1264,0.6219667222288262,3.9831840449758547,0.6037154350110753,3.8662995985130246,True
ZEN65,Mus musculus,Visium,Skin,Cancer,https://www.biorxiv.org/content/10.1101/2023.07.27.550727v1,,Creative Commons Attribution 4.0 International,E:\Hestdata\st\ZEN65.h5ad,True,15192724,exposure_unresolved,False,True,main_v3/ZEN65,E:\count压缩\baseline\evidence\COUNT-HEST-SHARED-RESUME-001\main_v3\ZEN65\RESULT.json,15192724,d9f44f6c058a9a3bc4810c2caadfe2dda16c84bf6a9f157b6f93c90402d72ac5,883425278edf16e5fb85b4fdefa03ee8fd5c17ff0065bdd34a4bb2408756d673,560664,932,68886,64201752,402751,513614016,4836744,282377,34824,6978,233562,1659,1264,0.06986276636188994,11.136687432185147,0.035186204887368185,5.608964347698702,True
