sample_id,dataset_repository,dataset_accession,dataset_revision,revision_evidence,file_path_in_repository,pinned_download_url,historical_source_sha256,hf_etag,etag_matches_historical_sha256,upstream_geo_accessions,upstream_other_accessions,upstream_accession_status,study_url,original_download_page,doi_candidates,provider_license,original_license_raw,rights_review_flag,species,platform,organ,metadata_table_match,metadata_json_sha256
INT1,MahmoodLab/hest,MahmoodLab/hest:st/INT1.h5ad,8b42ca7f80bc475644ac9a520bba7b9cccbce10d,local Hugging Face download receipt,st/INT1.h5ad,https://huggingface.co/datasets/MahmoodLab/hest/resolve/8b42ca7f80bc475644ac9a520bba7b9cccbce10d/st/INT1.h5ad,e4ccb5192ac791475e2d064c6e0c4c895659b4bc099c1d19437f7a02ec7cd80e,e4ccb5192ac791475e2d064c6e0c4c895659b4bc099c1d19437f7a02ec7cd80e,True,,,not_explicit_in_available_metadata,https://pubmed.ncbi.nlm.nih.gov/35231421/,None (internal),,CC-BY-NC-SA-4.0,Internal,original_label_requires_clarification,Homo sapiens,Visium,Lymph node,True,1e3b437ddd8d915f05cf5e49571eaeac47e96ae4fae182697e3ccf1416a30a5c
INT10,MahmoodLab/hest,MahmoodLab/hest:st/INT10.h5ad,8b42ca7f80bc475644ac9a520bba7b9cccbce10d,local Hugging Face download receipt,st/INT10.h5ad,https://huggingface.co/datasets/MahmoodLab/hest/resolve/8b42ca7f80bc475644ac9a520bba7b9cccbce10d/st/INT10.h5ad,a9408788be95841357781985f645e98845fecbacfdc0fe75249d0e2422dc6ba9,a9408788be95841357781985f645e98845fecbacfdc0fe75249d0e2422dc6ba9,True,,,not_explicit_in_available_metadata,https://pubmed.ncbi.nlm.nih.gov/35231421/,None (internal),,CC-BY-NC-SA-4.0,Internal,original_label_requires_clarification,Homo sapiens,Visium,Lymph node,True,da5acfd5c7d3d3e0fdfc28ee77f5d75a87f352bfd084eaa049f52229acb93906
INT11,MahmoodLab/hest,MahmoodLab/hest:st/INT11.h5ad,8b42ca7f80bc475644ac9a520bba7b9cccbce10d,local Hugging Face download receipt,st/INT11.h5ad,https://huggingface.co/datasets/MahmoodLab/hest/resolve/8b42ca7f80bc475644ac9a520bba7b9cccbce10d/st/INT11.h5ad,f5f0fb8e2bb3819a4a47f30a335fcaff8ac8053d5dafa8697ac09f50ebeb89da,f5f0fb8e2bb3819a4a47f30a335fcaff8ac8053d5dafa8697ac09f50ebeb89da,True,,,not_explicit_in_available_metadata,https://pubmed.ncbi.nlm.nih.gov/35231421/,None (internal),,CC-BY-NC-SA-4.0,Internal,original_label_requires_clarification,Homo sapiens,Visium,Lymph node,True,80c59ec07d7880c921a1e52934874be1481d99167578b9d541b950eddbcd9dfc
INT12,MahmoodLab/hest,MahmoodLab/hest:st/INT12.h5ad,8b42ca7f80bc475644ac9a520bba7b9cccbce10d,local Hugging Face download receipt,st/INT12.h5ad,https://huggingface.co/datasets/MahmoodLab/hest/resolve/8b42ca7f80bc475644ac9a520bba7b9cccbce10d/st/INT12.h5ad,b396170293d1ea8a7eca05f59950748e9da90fb53d95c28ec76c33691efa1862,b396170293d1ea8a7eca05f59950748e9da90fb53d95c28ec76c33691efa1862,True,,,not_explicit_in_available_metadata,https://pubmed.ncbi.nlm.nih.gov/35231421/,None (internal),,CC-BY-NC-SA-4.0,Internal,original_label_requires_clarification,Homo sapiens,Visium,Lymph node,True,29419e8aa91cef8e3ecf211518cae2993512fb11b44def5571b5b7d34a98f3e0
INT13,MahmoodLab/hest,MahmoodLab/hest:st/INT13.h5ad,8b42ca7f80bc475644ac9a520bba7b9cccbce10d,local Hugging Face download receipt,st/INT13.h5ad,https://huggingface.co/datasets/MahmoodLab/hest/resolve/8b42ca7f80bc475644ac9a520bba7b9cccbce10d/st/INT13.h5ad,462f0d35acbbe082084abe29c8550e73b1741bea1917200a8ec746c2ace48c28,462f0d35acbbe082084abe29c8550e73b1741bea1917200a8ec746c2ace48c28,True,,,not_explicit_in_available_metadata,https://pubmed.ncbi.nlm.nih.gov/35231421/,None (internal),,CC-BY-NC-SA-4.0,Internal,original_label_requires_clarification,Homo sapiens,Visium,Lymph node,True,424d52e0c4dbc5ee757041715a99ed0c8e58c5f99b8c009a3780229b301c747b
INT14,MahmoodLab/hest,MahmoodLab/hest:st/INT14.h5ad,8b42ca7f80bc475644ac9a520bba7b9cccbce10d,local Hugging Face download receipt,st/INT14.h5ad,https://huggingface.co/datasets/MahmoodLab/hest/resolve/8b42ca7f80bc475644ac9a520bba7b9cccbce10d/st/INT14.h5ad,bc3aa69121037ccf86fc6a325c3179494fc8a1aa76065481b3afbf177e8f811e,bc3aa69121037ccf86fc6a325c3179494fc8a1aa76065481b3afbf177e8f811e,True,,,not_explicit_in_available_metadata,https://pubmed.ncbi.nlm.nih.gov/35231421/,None (internal),,CC-BY-NC-SA-4.0,Internal,original_label_requires_clarification,Homo sapiens,Visium,Lymph node,True,5568c29876207179b2fb55d747ed8158a9a6654195a21da1a3b62f8f53228a3a
INT16,MahmoodLab/hest,MahmoodLab/hest:st/INT16.h5ad,8b42ca7f80bc475644ac9a520bba7b9cccbce10d,local Hugging Face download receipt,st/INT16.h5ad,https://huggingface.co/datasets/MahmoodLab/hest/resolve/8b42ca7f80bc475644ac9a520bba7b9cccbce10d/st/INT16.h5ad,b15ec999e4c7565ccd2a082731b0872bb24e432084b61f8db53e9029b495b3be,b15ec999e4c7565ccd2a082731b0872bb24e432084b61f8db53e9029b495b3be,True,,,not_explicit_in_available_metadata,https://pubmed.ncbi.nlm.nih.gov/35231421/,None (internal),,CC-BY-NC-SA-4.0,Internal,original_label_requires_clarification,Homo sapiens,Visium,Lymph node,True,cd9b311d7e9c43a4e9c3d15e86968f72a3a2c48aee91a95c8c81455240a97938
INT17,MahmoodLab/hest,MahmoodLab/hest:st/INT17.h5ad,8b42ca7f80bc475644ac9a520bba7b9cccbce10d,local Hugging Face download receipt,st/INT17.h5ad,https://huggingface.co/datasets/MahmoodLab/hest/resolve/8b42ca7f80bc475644ac9a520bba7b9cccbce10d/st/INT17.h5ad,4b84c7e021f517bf24c32f24ee6db2e2fdcca5c31823183911d421b883fab1e0,4b84c7e021f517bf24c32f24ee6db2e2fdcca5c31823183911d421b883fab1e0,True,,,not_explicit_in_available_metadata,https://pubmed.ncbi.nlm.nih.gov/35231421/,None (internal),,CC-BY-NC-SA-4.0,Internal,original_label_requires_clarification,Homo sapiens,Visium,Lymph node,True,4ac4c4eff0ae844f7cafb6d8248675bfa61580661248bba176a36c558a4482a1
INT18,MahmoodLab/hest,MahmoodLab/hest:st/INT18.h5ad,8b42ca7f80bc475644ac9a520bba7b9cccbce10d,local Hugging Face download receipt,st/INT18.h5ad,https://huggingface.co/datasets/MahmoodLab/hest/resolve/8b42ca7f80bc475644ac9a520bba7b9cccbce10d/st/INT18.h5ad,d990f47c26bb2962d3465f801bf12e96a0a6ac92e6772b88d483bd00d21cdd57,d990f47c26bb2962d3465f801bf12e96a0a6ac92e6772b88d483bd00d21cdd57,True,,,not_explicit_in_available_metadata,https://pubmed.ncbi.nlm.nih.gov/35231421/,None (internal),,CC-BY-NC-SA-4.0,Internal,original_label_requires_clarification,Homo sapiens,Visium,Lymph node,True,f90646e34300261327f2b8c83e199a434648112c9efecaf2122dc3592ef7cd85
INT19,MahmoodLab/hest,MahmoodLab/hest:st/INT19.h5ad,8b42ca7f80bc475644ac9a520bba7b9cccbce10d,local Hugging Face download receipt,st/INT19.h5ad,https://huggingface.co/datasets/MahmoodLab/hest/resolve/8b42ca7f80bc475644ac9a520bba7b9cccbce10d/st/INT19.h5ad,ce6db5dc9bc3f71cecec5bb6ff31102acc89a1d5f90a8d396fba96f0ecb7d2ef,ce6db5dc9bc3f71cecec5bb6ff31102acc89a1d5f90a8d396fba96f0ecb7d2ef,True,,,not_explicit_in_available_metadata,https://pubmed.ncbi.nlm.nih.gov/35231421/,None (internal),,CC-BY-NC-SA-4.0,Internal,original_label_requires_clarification,Homo sapiens,Visium,Lymph node,True,6fb4f5b8d5df19ad472a5d5596734fb803aec8485abce18cb6421c9d1e3b2c41
INT2,MahmoodLab/hest,MahmoodLab/hest:st/INT2.h5ad,8b42ca7f80bc475644ac9a520bba7b9cccbce10d,local Hugging Face download receipt,st/INT2.h5ad,https://huggingface.co/datasets/MahmoodLab/hest/resolve/8b42ca7f80bc475644ac9a520bba7b9cccbce10d/st/INT2.h5ad,31c5c4ec953018c5d2a2a175c7f315f1149f38e987a9ff1763f445967cac7ee2,31c5c4ec953018c5d2a2a175c7f315f1149f38e987a9ff1763f445967cac7ee2,True,,,not_explicit_in_available_metadata,https://pubmed.ncbi.nlm.nih.gov/35231421/,None (internal),,CC-BY-NC-SA-4.0,Internal,original_label_requires_clarification,Homo sapiens,Visium,Lymph node,True,b5a92ea49329c3a70729d489ebaab15295f18dfad22b35853f511d2c8e5c83d6
INT20,MahmoodLab/hest,MahmoodLab/hest:st/INT20.h5ad,8b42ca7f80bc475644ac9a520bba7b9cccbce10d,local Hugging Face download receipt,st/INT20.h5ad,https://huggingface.co/datasets/MahmoodLab/hest/resolve/8b42ca7f80bc475644ac9a520bba7b9cccbce10d/st/INT20.h5ad,04d700adbcf384a7663995adbed000075acebba9560da98b5bee4560fe7b54b2,04d700adbcf384a7663995adbed000075acebba9560da98b5bee4560fe7b54b2,True,,,not_explicit_in_available_metadata,https://pubmed.ncbi.nlm.nih.gov/35231421/,None (internal),,CC-BY-NC-SA-4.0,Internal,original_label_requires_clarification,Homo sapiens,Visium,Lymph node,True,06f26681bfdf2b25152d24c5d6407ef9b5e56073485d8b3108a226c5738c3f7a
INT21,MahmoodLab/hest,MahmoodLab/hest:st/INT21.h5ad,8b42ca7f80bc475644ac9a520bba7b9cccbce10d,local Hugging Face download receipt,st/INT21.h5ad,https://huggingface.co/datasets/MahmoodLab/hest/resolve/8b42ca7f80bc475644ac9a520bba7b9cccbce10d/st/INT21.h5ad,23a3f0821cf19a15273db727f9b5c788951ae271fd7578f615248c6d97844b35,23a3f0821cf19a15273db727f9b5c788951ae271fd7578f615248c6d97844b35,True,,,not_explicit_in_available_metadata,https://pubmed.ncbi.nlm.nih.gov/35231421/,None (internal),,CC-BY-NC-SA-4.0,Internal,original_label_requires_clarification,Homo sapiens,Visium,Lymph node,True,3cba2afa15d1a1ee16a842fc0f494d20bc27c3663353d3167cc68c4c756d9660
INT22,MahmoodLab/hest,MahmoodLab/hest:st/INT22.h5ad,8b42ca7f80bc475644ac9a520bba7b9cccbce10d,local Hugging Face download receipt,st/INT22.h5ad,https://huggingface.co/datasets/MahmoodLab/hest/resolve/8b42ca7f80bc475644ac9a520bba7b9cccbce10d/st/INT22.h5ad,54341ac67af5ad486aa95fe99387c2317f0ca4415347ecb6e7847345fa44fd2a,54341ac67af5ad486aa95fe99387c2317f0ca4415347ecb6e7847345fa44fd2a,True,,,not_explicit_in_available_metadata,https://pubmed.ncbi.nlm.nih.gov/35231421/,None (internal),,CC-BY-NC-SA-4.0,Internal,original_label_requires_clarification,Homo sapiens,Visium,Lymph node,True,5836c9db3c8a0ae04cb46b767951a2d028e07d483924c24355a9bcaed1f4b62f
INT23,MahmoodLab/hest,MahmoodLab/hest:st/INT23.h5ad,8b42ca7f80bc475644ac9a520bba7b9cccbce10d,local Hugging Face download receipt,st/INT23.h5ad,https://huggingface.co/datasets/MahmoodLab/hest/resolve/8b42ca7f80bc475644ac9a520bba7b9cccbce10d/st/INT23.h5ad,b0d1f3bb4f219ca6cbd9af0b9b40bd421360a7adf0ab7ced6fc506ce4ae01438,b0d1f3bb4f219ca6cbd9af0b9b40bd421360a7adf0ab7ced6fc506ce4ae01438,True,,,not_explicit_in_available_metadata,https://pubmed.ncbi.nlm.nih.gov/35231421/,None (internal),,CC-BY-NC-SA-4.0,Internal,original_label_requires_clarification,Homo sapiens,Visium,Lymph node,True,9ca2419ed8dc2d416758a6efd9fc1d54e5bd61d0e8db47f336d63b625cbb6455
INT24,MahmoodLab/hest,MahmoodLab/hest:st/INT24.h5ad,8b42ca7f80bc475644ac9a520bba7b9cccbce10d,local Hugging Face download receipt,st/INT24.h5ad,https://huggingface.co/datasets/MahmoodLab/hest/resolve/8b42ca7f80bc475644ac9a520bba7b9cccbce10d/st/INT24.h5ad,718f442b00a702b5d03ff633a26afd0391554dcdb1f2bcec40cd7c5f1f1582be,718f442b00a702b5d03ff633a26afd0391554dcdb1f2bcec40cd7c5f1f1582be,True,,,not_explicit_in_available_metadata,https://pubmed.ncbi.nlm.nih.gov/35231421/,None (internal),,CC-BY-NC-SA-4.0,Internal,original_label_requires_clarification,Homo sapiens,Visium,Lymph node,True,e430b7884f0a203bbe9b3bc5f60e5873b78020a8a48bacece5df0d26576aad60
INT26,MahmoodLab/hest,MahmoodLab/hest:st/INT26.h5ad,8b42ca7f80bc475644ac9a520bba7b9cccbce10d,local Hugging Face download receipt,st/INT26.h5ad,https://huggingface.co/datasets/MahmoodLab/hest/resolve/8b42ca7f80bc475644ac9a520bba7b9cccbce10d/st/INT26.h5ad,6d4bca3f141da4ccebbfd2989cfcb680c559da109e7a3d466c5b5bc78889f107,6d4bca3f141da4ccebbfd2989cfcb680c559da109e7a3d466c5b5bc78889f107,True,,,not_explicit_in_available_metadata,None (internal),None (internal),,CC-BY-NC-SA-4.0,Internal,original_label_requires_clarification,Homo sapiens,Visium,Prostate,True,7c71e13d929dd881ba9b6977d323867626d131daa00769be02f11a5afdca502e
INT27,MahmoodLab/hest,MahmoodLab/hest:st/INT27.h5ad,8b42ca7f80bc475644ac9a520bba7b9cccbce10d,local Hugging Face download receipt,st/INT27.h5ad,https://huggingface.co/datasets/MahmoodLab/hest/resolve/8b42ca7f80bc475644ac9a520bba7b9cccbce10d/st/INT27.h5ad,3d53794d8d143ef6a0713484a565788ba21ec8f05bcb34a404f15745ad7289da,3d53794d8d143ef6a0713484a565788ba21ec8f05bcb34a404f15745ad7289da,True,,,not_explicit_in_available_metadata,None (internal),None (internal),,CC-BY-NC-SA-4.0,Internal,original_label_requires_clarification,Homo sapiens,Visium,Prostate,True,42595eeb63740d22fba0e0edbd06e0988e93c248c811643edd193ccd2ec7aa65
INT35,MahmoodLab/hest,MahmoodLab/hest:st/INT35.h5ad,8b42ca7f80bc475644ac9a520bba7b9cccbce10d,local Hugging Face download receipt,st/INT35.h5ad,https://huggingface.co/datasets/MahmoodLab/hest/resolve/8b42ca7f80bc475644ac9a520bba7b9cccbce10d/st/INT35.h5ad,16e3e31f6616f4ca109289d0611955970266936e2d7d306374ebff5c6d5eac6c,16e3e31f6616f4ca109289d0611955970266936e2d7d306374ebff5c6d5eac6c,True,,,not_explicit_in_available_metadata,None (internal),None (internal),,CC-BY-NC-SA-4.0,Internal,original_label_requires_clarification,Homo sapiens,Visium,Prostate,True,81a8b9d144d8bb5a2573339eaaf421aa180b95331a19f79481555a80ed0dd2b9
INT5,MahmoodLab/hest,MahmoodLab/hest:st/INT5.h5ad,8b42ca7f80bc475644ac9a520bba7b9cccbce10d,local Hugging Face download receipt,st/INT5.h5ad,https://huggingface.co/datasets/MahmoodLab/hest/resolve/8b42ca7f80bc475644ac9a520bba7b9cccbce10d/st/INT5.h5ad,d7a98944c791fe955dcd904a93e0b7ffd6dedc6f686bb3801975dc64cc021a61,d7a98944c791fe955dcd904a93e0b7ffd6dedc6f686bb3801975dc64cc021a61,True,,,not_explicit_in_available_metadata,https://pubmed.ncbi.nlm.nih.gov/35231421/,None (internal),,CC-BY-NC-SA-4.0,Internal,original_label_requires_clarification,Homo sapiens,Visium,Lymph node,True,bb6ae84843693b8740e308c2fd5412fa743946c18914375d06c7691a5dfc1c86
INT6,MahmoodLab/hest,MahmoodLab/hest:st/INT6.h5ad,8b42ca7f80bc475644ac9a520bba7b9cccbce10d,local Hugging Face download receipt,st/INT6.h5ad,https://huggingface.co/datasets/MahmoodLab/hest/resolve/8b42ca7f80bc475644ac9a520bba7b9cccbce10d/st/INT6.h5ad,7279cbce2f3a35b6f9f34fff0b70262c564201042a1171ee9a3e7dc8bf3a66ff,7279cbce2f3a35b6f9f34fff0b70262c564201042a1171ee9a3e7dc8bf3a66ff,True,,,not_explicit_in_available_metadata,https://pubmed.ncbi.nlm.nih.gov/35231421/,None (internal),,CC-BY-NC-SA-4.0,Internal,original_label_requires_clarification,Homo sapiens,Visium,Lymph node,True,10d16720cfe2a80d1d177c344f93ea76f0d779d4fa3f699c46debc1ea854fde8
INT7,MahmoodLab/hest,MahmoodLab/hest:st/INT7.h5ad,8b42ca7f80bc475644ac9a520bba7b9cccbce10d,local Hugging Face download receipt,st/INT7.h5ad,https://huggingface.co/datasets/MahmoodLab/hest/resolve/8b42ca7f80bc475644ac9a520bba7b9cccbce10d/st/INT7.h5ad,78cb918ad199314c08b26f8046f470c289a95866303446ff2e43de214a070ad6,78cb918ad199314c08b26f8046f470c289a95866303446ff2e43de214a070ad6,True,,,not_explicit_in_available_metadata,https://pubmed.ncbi.nlm.nih.gov/35231421/,None (internal),,CC-BY-NC-SA-4.0,Internal,original_label_requires_clarification,Homo sapiens,Visium,Lymph node,True,0011918ed4c89f6d55b4d84b4b1157dbbb5a82b8b60a8bee45e78d7acd0f464c
INT8,MahmoodLab/hest,MahmoodLab/hest:st/INT8.h5ad,8b42ca7f80bc475644ac9a520bba7b9cccbce10d,local Hugging Face download receipt,st/INT8.h5ad,https://huggingface.co/datasets/MahmoodLab/hest/resolve/8b42ca7f80bc475644ac9a520bba7b9cccbce10d/st/INT8.h5ad,a9fd585258d7661484cf547305323d9506960f285f20a7d13765f81fc1842701,a9fd585258d7661484cf547305323d9506960f285f20a7d13765f81fc1842701,True,,,not_explicit_in_available_metadata,https://pubmed.ncbi.nlm.nih.gov/35231421/,None (internal),,CC-BY-NC-SA-4.0,Internal,original_label_requires_clarification,Homo sapiens,Visium,Lymph node,True,987add91464fa601b0009845e5e35b4399ad357130a784a368c6df1c40229577
INT9,MahmoodLab/hest,MahmoodLab/hest:st/INT9.h5ad,8b42ca7f80bc475644ac9a520bba7b9cccbce10d,local Hugging Face download receipt,st/INT9.h5ad,https://huggingface.co/datasets/MahmoodLab/hest/resolve/8b42ca7f80bc475644ac9a520bba7b9cccbce10d/st/INT9.h5ad,8079438467f4872fb390a0dedf1989d558903713c780e1d1dc5018f6db2be4f5,8079438467f4872fb390a0dedf1989d558903713c780e1d1dc5018f6db2be4f5,True,,,not_explicit_in_available_metadata,https://pubmed.ncbi.nlm.nih.gov/35231421/,None (internal),,CC-BY-NC-SA-4.0,Internal,original_label_requires_clarification,Homo sapiens,Visium,Lymph node,True,3efec2ede0771e842d3ec34df9e12b95045d7938b57c510125de5e2ee4dc69dd
MEND10,MahmoodLab/hest,MahmoodLab/hest:st/MEND10.h5ad,8b42ca7f80bc475644ac9a520bba7b9cccbce10d,local Hugging Face download receipt,st/MEND10.h5ad,https://huggingface.co/datasets/MahmoodLab/hest/resolve/8b42ca7f80bc475644ac9a520bba7b9cccbce10d/st/MEND10.h5ad,295a4ebb4c716d99651cbd7c3e7150ffe34c3567d125be6ec81d8dd65f860c61,295a4ebb4c716d99651cbd7c3e7150ffe34c3567d125be6ec81d8dd65f860c61,True,,,not_explicit_in_available_metadata,https://www.ncbi.nlm.nih.gov/pmc/articles/PMC9482614/,https://data.mendeley.com/datasets/mdt8n2xgf4/1,,CC-BY-NC-SA-4.0,CC BY 4.0,provider_label_retained_not_individual_legal_clearance,Homo sapiens,Spatial Transcriptomics,Prostate,True,e5f0b99f1dcd48c81a18ae07c2219a394d6d721235035dfa7825973cff3f5fed
MEND11,MahmoodLab/hest,MahmoodLab/hest:st/MEND11.h5ad,8b42ca7f80bc475644ac9a520bba7b9cccbce10d,local Hugging Face download receipt,st/MEND11.h5ad,https://huggingface.co/datasets/MahmoodLab/hest/resolve/8b42ca7f80bc475644ac9a520bba7b9cccbce10d/st/MEND11.h5ad,4dd6b2a900cc8ea94fae532b6332d02907f5816482911c19605b3c11f871c4e4,4dd6b2a900cc8ea94fae532b6332d02907f5816482911c19605b3c11f871c4e4,True,,,not_explicit_in_available_metadata,https://www.ncbi.nlm.nih.gov/pmc/articles/PMC9482614/,https://data.mendeley.com/datasets/mdt8n2xgf4/1,,CC-BY-NC-SA-4.0,CC BY 4.0,provider_label_retained_not_individual_legal_clearance,Homo sapiens,Spatial Transcriptomics,Prostate,True,fcd892be7e5206b9e958c73dda5d4161db871851d80eb1126a77c5cf6a66bc27
MEND12,MahmoodLab/hest,MahmoodLab/hest:st/MEND12.h5ad,8b42ca7f80bc475644ac9a520bba7b9cccbce10d,local Hugging Face download receipt,st/MEND12.h5ad,https://huggingface.co/datasets/MahmoodLab/hest/resolve/8b42ca7f80bc475644ac9a520bba7b9cccbce10d/st/MEND12.h5ad,2646c3ce54865073308db71568b8a9d558051361adc8fcc18e7259bc3deaa136,2646c3ce54865073308db71568b8a9d558051361adc8fcc18e7259bc3deaa136,True,,,not_explicit_in_available_metadata,https://www.ncbi.nlm.nih.gov/pmc/articles/PMC9482614/,https://data.mendeley.com/datasets/mdt8n2xgf4/1,,CC-BY-NC-SA-4.0,CC BY 4.0,provider_label_retained_not_individual_legal_clearance,Homo sapiens,Spatial Transcriptomics,Prostate,True,bb3fb460f6396e6a22cd9b6d910772ff14672f04e5f123f693ab38a3e9f2a474
MEND123,MahmoodLab/hest,MahmoodLab/hest:st/MEND123.h5ad,8b42ca7f80bc475644ac9a520bba7b9cccbce10d,local Hugging Face download receipt,st/MEND123.h5ad,https://huggingface.co/datasets/MahmoodLab/hest/resolve/8b42ca7f80bc475644ac9a520bba7b9cccbce10d/st/MEND123.h5ad,5d089d5663caec7a5ee4af016c0d1819782edc8e0806b5e30be6b7be0badc6e0,5d089d5663caec7a5ee4af016c0d1819782edc8e0806b5e30be6b7be0badc6e0,True,,,not_explicit_in_available_metadata,https://www.biorxiv.org/content/10.1101/2022.10.25.513696v1.full,https://data.mendeley.com/datasets/nrbsxrk9mp/1,10.1101/2022.10.25.513696v1.full,CC-BY-NC-SA-4.0,CC BY 4.0,provider_label_retained_not_individual_legal_clearance,Mus musculus,Visium,Brain,True,9a763bf2f8284b9e16a739a26bf59ac3124b1903b752bc568ef2f9001dac4383
MEND124,MahmoodLab/hest,MahmoodLab/hest:st/MEND124.h5ad,8b42ca7f80bc475644ac9a520bba7b9cccbce10d,local Hugging Face download receipt,st/MEND124.h5ad,https://huggingface.co/datasets/MahmoodLab/hest/resolve/8b42ca7f80bc475644ac9a520bba7b9cccbce10d/st/MEND124.h5ad,d288ce60d2ff3c78ceb48ab4be62f66b6fd9c14878418b67bbdc7fd396effd3c,d288ce60d2ff3c78ceb48ab4be62f66b6fd9c14878418b67bbdc7fd396effd3c,True,,,not_explicit_in_available_metadata,https://www.biorxiv.org/content/10.1101/2022.10.25.513696v1.full,https://data.mendeley.com/datasets/nrbsxrk9mp/1,10.1101/2022.10.25.513696v1.full,CC-BY-NC-SA-4.0,CC BY 4.0,provider_label_retained_not_individual_legal_clearance,Mus musculus,Visium,Brain,True,66ff36c17026a88523134f513f5ba0bb4c8cb38f5e763a9bbd8f38178a72b489
MEND13,MahmoodLab/hest,MahmoodLab/hest:st/MEND13.h5ad,8b42ca7f80bc475644ac9a520bba7b9cccbce10d,local Hugging Face download receipt,st/MEND13.h5ad,https://huggingface.co/datasets/MahmoodLab/hest/resolve/8b42ca7f80bc475644ac9a520bba7b9cccbce10d/st/MEND13.h5ad,c851cce642310808b80eeae75104d7dbecc0de397747c99a490aac0b15515ff1,c851cce642310808b80eeae75104d7dbecc0de397747c99a490aac0b15515ff1,True,,,not_explicit_in_available_metadata,https://www.ncbi.nlm.nih.gov/pmc/articles/PMC9482614/,https://data.mendeley.com/datasets/mdt8n2xgf4/1,,CC-BY-NC-SA-4.0,CC BY 4.0,provider_label_retained_not_individual_legal_clearance,Homo sapiens,Spatial Transcriptomics,Prostate,True,22a1bf81efe495df968ccd62354c936493a1298b6436f5c3fdd6e32e5056d9ce
MEND130,MahmoodLab/hest,MahmoodLab/hest:st/MEND130.h5ad,8b42ca7f80bc475644ac9a520bba7b9cccbce10d,local Hugging Face download receipt,st/MEND130.h5ad,https://huggingface.co/datasets/MahmoodLab/hest/resolve/8b42ca7f80bc475644ac9a520bba7b9cccbce10d/st/MEND130.h5ad,24d777b37b9d0e916c8da641c29dcabc726f0270727a54b570e47d0bd728b2fa,24d777b37b9d0e916c8da641c29dcabc726f0270727a54b570e47d0bd728b2fa,True,,,not_explicit_in_available_metadata,https://www.biorxiv.org/content/10.1101/2022.10.25.513696v1.full,https://data.mendeley.com/datasets/nrbsxrk9mp/1,10.1101/2022.10.25.513696v1.full,CC-BY-NC-SA-4.0,CC BY 4.0,provider_label_retained_not_individual_legal_clearance,Mus musculus,Visium,Brain,True,0077b9d25755becdb7e77e276ec379788f8822c147369986b1fb217cf709df0b
MEND131,MahmoodLab/hest,MahmoodLab/hest:st/MEND131.h5ad,8b42ca7f80bc475644ac9a520bba7b9cccbce10d,local Hugging Face download receipt,st/MEND131.h5ad,https://huggingface.co/datasets/MahmoodLab/hest/resolve/8b42ca7f80bc475644ac9a520bba7b9cccbce10d/st/MEND131.h5ad,18027e965861f3d8754581bef0b1efd6eb43d832d3d023fac0ff43f513235588,18027e965861f3d8754581bef0b1efd6eb43d832d3d023fac0ff43f513235588,True,,,not_explicit_in_available_metadata,https://www.biorxiv.org/content/10.1101/2022.10.25.513696v1.full,https://data.mendeley.com/datasets/nrbsxrk9mp/1,10.1101/2022.10.25.513696v1.full,CC-BY-NC-SA-4.0,CC BY 4.0,provider_label_retained_not_individual_legal_clearance,Mus musculus,Visium,Brain,True,731c4a47d2285eda0510983466a5763a41150bc0c0ad0d77dbc98e515576c124
MEND139,MahmoodLab/hest,MahmoodLab/hest:st/MEND139.h5ad,8b42ca7f80bc475644ac9a520bba7b9cccbce10d,local Hugging Face download receipt,st/MEND139.h5ad,https://huggingface.co/datasets/MahmoodLab/hest/resolve/8b42ca7f80bc475644ac9a520bba7b9cccbce10d/st/MEND139.h5ad,37530683bc84fff8f78f7b4a965950a3a3b44056cc389aaaa4a7f6abaced69f2,37530683bc84fff8f78f7b4a965950a3a3b44056cc389aaaa4a7f6abaced69f2,True,,,not_explicit_in_available_metadata,https://www.nature.com/articles/s41586-022-05023-2,https://data.mendeley.com/datasets/svw96g68dv/5,,CC-BY-NC-SA-4.0,CC BY NC 3.0,provider_label_retained_not_individual_legal_clearance,Homo sapiens,Visium,Prostate,True,e3975866eda994579878895adb59da54a7b0555b1a2ab36c0514c26df646ba0d
MEND14,MahmoodLab/hest,MahmoodLab/hest:st/MEND14.h5ad,8b42ca7f80bc475644ac9a520bba7b9cccbce10d,local Hugging Face download receipt,st/MEND14.h5ad,https://huggingface.co/datasets/MahmoodLab/hest/resolve/8b42ca7f80bc475644ac9a520bba7b9cccbce10d/st/MEND14.h5ad,8fcba8b0491a0a470d4373801a957dd5330e810336ccb03bb15222d574bcb67e,8fcba8b0491a0a470d4373801a957dd5330e810336ccb03bb15222d574bcb67e,True,,,not_explicit_in_available_metadata,https://www.ncbi.nlm.nih.gov/pmc/articles/PMC9482614/,https://data.mendeley.com/datasets/mdt8n2xgf4/1,,CC-BY-NC-SA-4.0,CC BY 4.0,provider_label_retained_not_individual_legal_clearance,Homo sapiens,Spatial Transcriptomics,Prostate,True,c7f53e97c1868ef44f11700318792678df1f3f02e0a6db6a4e9c2f50b1150756
MEND140,MahmoodLab/hest,MahmoodLab/hest:st/MEND140.h5ad,8b42ca7f80bc475644ac9a520bba7b9cccbce10d,local Hugging Face download receipt,st/MEND140.h5ad,https://huggingface.co/datasets/MahmoodLab/hest/resolve/8b42ca7f80bc475644ac9a520bba7b9cccbce10d/st/MEND140.h5ad,25b80ca3e83454ad7f6cb5f791aaf5e2f9d07a09506698ce82274e108e799d8e,25b80ca3e83454ad7f6cb5f791aaf5e2f9d07a09506698ce82274e108e799d8e,True,,,not_explicit_in_available_metadata,https://www.nature.com/articles/s41586-022-05023-2,https://data.mendeley.com/datasets/svw96g68dv/5,,CC-BY-NC-SA-4.0,CC BY NC 3.0,provider_label_retained_not_individual_legal_clearance,Homo sapiens,Visium,Prostate,True,69906f95f2338a8dbfd79fb5f58e790768abead6db19fbcbc3a449b33835e5d6
MEND141,MahmoodLab/hest,MahmoodLab/hest:st/MEND141.h5ad,8b42ca7f80bc475644ac9a520bba7b9cccbce10d,local Hugging Face download receipt,st/MEND141.h5ad,https://huggingface.co/datasets/MahmoodLab/hest/resolve/8b42ca7f80bc475644ac9a520bba7b9cccbce10d/st/MEND141.h5ad,8bdc8d780237211a2043ba24cdfa3019be9f918695db0f35c3dc0f1fe53b6196,8bdc8d780237211a2043ba24cdfa3019be9f918695db0f35c3dc0f1fe53b6196,True,,,not_explicit_in_available_metadata,https://www.nature.com/articles/s41586-022-05023-2,https://data.mendeley.com/datasets/svw96g68dv/5,,CC-BY-NC-SA-4.0,CC BY NC 3.0,provider_label_retained_not_individual_legal_clearance,Homo sapiens,Visium,Prostate,True,aa5efe41617dd07e2b92eae4e822a9b94648250d5f3fdd6aa1550511df3fbc44
MEND142,MahmoodLab/hest,MahmoodLab/hest:st/MEND142.h5ad,8b42ca7f80bc475644ac9a520bba7b9cccbce10d,local Hugging Face download receipt,st/MEND142.h5ad,https://huggingface.co/datasets/MahmoodLab/hest/resolve/8b42ca7f80bc475644ac9a520bba7b9cccbce10d/st/MEND142.h5ad,44db6ed52175d1a4b582b1f4f071eda97b7962d300d1a7bc32aa969d44626c42,44db6ed52175d1a4b582b1f4f071eda97b7962d300d1a7bc32aa969d44626c42,True,,,not_explicit_in_available_metadata,https://www.nature.com/articles/s41586-022-05023-2,https://data.mendeley.com/datasets/svw96g68dv/5,,CC-BY-NC-SA-4.0,CC BY NC 3.0,provider_label_retained_not_individual_legal_clearance,Homo sapiens,Visium,Prostate,True,508336985e34d0b1998263d33d4abb3739ae80a008cadb5b4849f85d7c8b36f0
MEND143,MahmoodLab/hest,MahmoodLab/hest:st/MEND143.h5ad,8b42ca7f80bc475644ac9a520bba7b9cccbce10d,local Hugging Face download receipt,st/MEND143.h5ad,https://huggingface.co/datasets/MahmoodLab/hest/resolve/8b42ca7f80bc475644ac9a520bba7b9cccbce10d/st/MEND143.h5ad,fd2f5cc6611afb88e71e09bfcc79e244bbfee6108750e630d69cdfa916be4fbe,fd2f5cc6611afb88e71e09bfcc79e244bbfee6108750e630d69cdfa916be4fbe,True,,,not_explicit_in_available_metadata,https://www.nature.com/articles/s41586-022-05023-2,https://data.mendeley.com/datasets/svw96g68dv/5,,CC-BY-NC-SA-4.0,CC BY NC 3.0,provider_label_retained_not_individual_legal_clearance,Homo sapiens,Visium,Prostate,True,a7517b1a6c6843c723abc1227123ddc0a9a18a43570d736173434d3230f532fb
MEND144,MahmoodLab/hest,MahmoodLab/hest:st/MEND144.h5ad,8b42ca7f80bc475644ac9a520bba7b9cccbce10d,local Hugging Face download receipt,st/MEND144.h5ad,https://huggingface.co/datasets/MahmoodLab/hest/resolve/8b42ca7f80bc475644ac9a520bba7b9cccbce10d/st/MEND144.h5ad,696ead4174c92736b12f5d07103ccaba32f90d39d7de7df61d6a988f3c46ab71,696ead4174c92736b12f5d07103ccaba32f90d39d7de7df61d6a988f3c46ab71,True,,,not_explicit_in_available_metadata,https://www.nature.com/articles/s41586-022-05023-2,https://data.mendeley.com/datasets/svw96g68dv/5,,CC-BY-NC-SA-4.0,CC BY NC 3.0,provider_label_retained_not_individual_legal_clearance,Homo sapiens,Visium,Prostate,True,9cb5f990c1d9dd3857cc087260a07042f2a5b6186138c2dfc152bcddc9c0cc18
MEND145,MahmoodLab/hest,MahmoodLab/hest:st/MEND145.h5ad,8b42ca7f80bc475644ac9a520bba7b9cccbce10d,local Hugging Face download receipt,st/MEND145.h5ad,https://huggingface.co/datasets/MahmoodLab/hest/resolve/8b42ca7f80bc475644ac9a520bba7b9cccbce10d/st/MEND145.h5ad,7762618f15fe7612e7f272c85543c72c0947cb58d786cb2b8e8218f3cb3b5f16,7762618f15fe7612e7f272c85543c72c0947cb58d786cb2b8e8218f3cb3b5f16,True,,,not_explicit_in_available_metadata,https://www.nature.com/articles/s41586-022-05023-2,https://data.mendeley.com/datasets/svw96g68dv/5,,CC-BY-NC-SA-4.0,CC BY NC 3.0,provider_label_retained_not_individual_legal_clearance,Homo sapiens,Visium,Prostate,True,20f86600bdbeddd0c0a39dc5ba2cc60b1fff926a2dcac3cdd44db39d79e7182c
MEND146,MahmoodLab/hest,MahmoodLab/hest:st/MEND146.h5ad,8b42ca7f80bc475644ac9a520bba7b9cccbce10d,local Hugging Face download receipt,st/MEND146.h5ad,https://huggingface.co/datasets/MahmoodLab/hest/resolve/8b42ca7f80bc475644ac9a520bba7b9cccbce10d/st/MEND146.h5ad,ea61d6666908505113155f38ec78a659d0e2aa9020ec9f02b2400c6e786c3a9d,ea61d6666908505113155f38ec78a659d0e2aa9020ec9f02b2400c6e786c3a9d,True,,,not_explicit_in_available_metadata,https://www.nature.com/articles/s41586-022-05023-2,https://data.mendeley.com/datasets/svw96g68dv/5,,CC-BY-NC-SA-4.0,CC BY NC 3.0,provider_label_retained_not_individual_legal_clearance,Homo sapiens,Visium,Prostate,True,31e024fc1018c8574526bfa0ba607797595e1c877175dfbac48ce34f9b4fa0e0
MEND147,MahmoodLab/hest,MahmoodLab/hest:st/MEND147.h5ad,8b42ca7f80bc475644ac9a520bba7b9cccbce10d,local Hugging Face download receipt,st/MEND147.h5ad,https://huggingface.co/datasets/MahmoodLab/hest/resolve/8b42ca7f80bc475644ac9a520bba7b9cccbce10d/st/MEND147.h5ad,2f6d85f6097986c4ce60c68bcc0c2ea31127316362df992873edf382c8407ac5,2f6d85f6097986c4ce60c68bcc0c2ea31127316362df992873edf382c8407ac5,True,,,not_explicit_in_available_metadata,https://www.nature.com/articles/s41586-022-05023-2,https://data.mendeley.com/datasets/svw96g68dv/5,,CC-BY-NC-SA-4.0,CC BY NC 3.0,provider_label_retained_not_individual_legal_clearance,Homo sapiens,Visium,Prostate,True,135643d6bb440b7fcdf0f6d39a08cd83eca42113a7ba37f9befb252e74ac77a8
MEND148,MahmoodLab/hest,MahmoodLab/hest:st/MEND148.h5ad,8b42ca7f80bc475644ac9a520bba7b9cccbce10d,local Hugging Face download receipt,st/MEND148.h5ad,https://huggingface.co/datasets/MahmoodLab/hest/resolve/8b42ca7f80bc475644ac9a520bba7b9cccbce10d/st/MEND148.h5ad,b851df771e6ba664c08679f2731d128a3a13aef44cd25319957dda6be2f043e7,b851df771e6ba664c08679f2731d128a3a13aef44cd25319957dda6be2f043e7,True,,,not_explicit_in_available_metadata,https://www.nature.com/articles/s41586-022-05023-2,https://data.mendeley.com/datasets/svw96g68dv/5,,CC-BY-NC-SA-4.0,CC BY NC 3.0,provider_label_retained_not_individual_legal_clearance,Homo sapiens,Visium,Prostate,True,6e90b2481a0fcc5559aa75bbc0619dd0325711c7d0f6d61f2e958e91a43ff141
MEND149,MahmoodLab/hest,MahmoodLab/hest:st/MEND149.h5ad,8b42ca7f80bc475644ac9a520bba7b9cccbce10d,local Hugging Face download receipt,st/MEND149.h5ad,https://huggingface.co/datasets/MahmoodLab/hest/resolve/8b42ca7f80bc475644ac9a520bba7b9cccbce10d/st/MEND149.h5ad,4d5efa9949b3cbcf1d1cdfe3d7547f873c5e6adeea9d64ab6f3dd49ebe795bff,4d5efa9949b3cbcf1d1cdfe3d7547f873c5e6adeea9d64ab6f3dd49ebe795bff,True,,,not_explicit_in_available_metadata,https://www.nature.com/articles/s41586-022-05023-2,https://data.mendeley.com/datasets/svw96g68dv/5,,CC-BY-NC-SA-4.0,CC BY NC 3.0,provider_label_retained_not_individual_legal_clearance,Homo sapiens,Visium,Prostate,True,0c26256aa6c9ca6d07e0b16e1db47e4c2445d6d68dff9bb6044352cec035f690
MEND15,MahmoodLab/hest,MahmoodLab/hest:st/MEND15.h5ad,8b42ca7f80bc475644ac9a520bba7b9cccbce10d,local Hugging Face download receipt,st/MEND15.h5ad,https://huggingface.co/datasets/MahmoodLab/hest/resolve/8b42ca7f80bc475644ac9a520bba7b9cccbce10d/st/MEND15.h5ad,04bbdf8eff68bb1a8f4590a74f47d92422942ae9479be2bc4ada51ec34242e83,04bbdf8eff68bb1a8f4590a74f47d92422942ae9479be2bc4ada51ec34242e83,True,,,not_explicit_in_available_metadata,https://www.ncbi.nlm.nih.gov/pmc/articles/PMC9482614/,https://data.mendeley.com/datasets/mdt8n2xgf4/1,,CC-BY-NC-SA-4.0,CC BY 4.0,provider_label_retained_not_individual_legal_clearance,Homo sapiens,Spatial Transcriptomics,Prostate,True,d8013879bd79ecf43601189ca006a38a1d9220083d50222b19900665495ac1ea
MEND151,MahmoodLab/hest,MahmoodLab/hest:st/MEND151.h5ad,8b42ca7f80bc475644ac9a520bba7b9cccbce10d,local Hugging Face download receipt,st/MEND151.h5ad,https://huggingface.co/datasets/MahmoodLab/hest/resolve/8b42ca7f80bc475644ac9a520bba7b9cccbce10d/st/MEND151.h5ad,884ada77ce5c9a4372a6d397363677c30bc7d63d059281a4ed7127594e70eaf3,884ada77ce5c9a4372a6d397363677c30bc7d63d059281a4ed7127594e70eaf3,True,,,not_explicit_in_available_metadata,https://www.nature.com/articles/s41586-022-05023-2,https://data.mendeley.com/datasets/svw96g68dv/5,,CC-BY-NC-SA-4.0,CC BY NC 3.0,provider_label_retained_not_individual_legal_clearance,Homo sapiens,Visium,Prostate,True,6e6a3bcdfbcd08f785e0e502b44c3976c9e5125f0cac1cee8ef6077cbb252a68
MEND152,MahmoodLab/hest,MahmoodLab/hest:st/MEND152.h5ad,8b42ca7f80bc475644ac9a520bba7b9cccbce10d,local Hugging Face download receipt,st/MEND152.h5ad,https://huggingface.co/datasets/MahmoodLab/hest/resolve/8b42ca7f80bc475644ac9a520bba7b9cccbce10d/st/MEND152.h5ad,262bda798159e1b9f25523633efd704d91328176226d40d93d6efb9a7ce30a56,262bda798159e1b9f25523633efd704d91328176226d40d93d6efb9a7ce30a56,True,,,not_explicit_in_available_metadata,https://www.nature.com/articles/s41586-022-05023-2,https://data.mendeley.com/datasets/svw96g68dv/5,,CC-BY-NC-SA-4.0,CC BY NC 3.0,provider_label_retained_not_individual_legal_clearance,Homo sapiens,Visium,Prostate,True,e0b71f7b651b074416f2668ae957b5302beb7149200a24f147f70cd30da3e518
MEND153,MahmoodLab/hest,MahmoodLab/hest:st/MEND153.h5ad,8b42ca7f80bc475644ac9a520bba7b9cccbce10d,local Hugging Face download receipt,st/MEND153.h5ad,https://huggingface.co/datasets/MahmoodLab/hest/resolve/8b42ca7f80bc475644ac9a520bba7b9cccbce10d/st/MEND153.h5ad,db88b810cfc03d2219983842194f1680e3fe294fb520c07b1d76247b3342e22c,db88b810cfc03d2219983842194f1680e3fe294fb520c07b1d76247b3342e22c,True,,,not_explicit_in_available_metadata,https://www.nature.com/articles/s41586-022-05023-2,https://data.mendeley.com/datasets/svw96g68dv/5,,CC-BY-NC-SA-4.0,CC BY NC 3.0,provider_label_retained_not_individual_legal_clearance,Homo sapiens,Visium,Prostate,True,651ed3ce46d6bab1072ce71be4b2ccc5f3bd818c1233a31e726c2d18e98e953a
MEND154,MahmoodLab/hest,MahmoodLab/hest:st/MEND154.h5ad,8b42ca7f80bc475644ac9a520bba7b9cccbce10d,local Hugging Face download receipt,st/MEND154.h5ad,https://huggingface.co/datasets/MahmoodLab/hest/resolve/8b42ca7f80bc475644ac9a520bba7b9cccbce10d/st/MEND154.h5ad,0a565960a9b97f3574eeee540656ed572f8ac8b4c35394c7378c3db4965214f8,0a565960a9b97f3574eeee540656ed572f8ac8b4c35394c7378c3db4965214f8,True,,,not_explicit_in_available_metadata,https://www.nature.com/articles/s41586-022-05023-2,https://data.mendeley.com/datasets/svw96g68dv/5,,CC-BY-NC-SA-4.0,CC BY NC 3.0,provider_label_retained_not_individual_legal_clearance,Homo sapiens,Visium,Prostate,True,82dbb9dc2f558e5a131212a024343391d9d2f0a694b18a5117bfccfd3751e547
MEND156,MahmoodLab/hest,MahmoodLab/hest:st/MEND156.h5ad,8b42ca7f80bc475644ac9a520bba7b9cccbce10d,local Hugging Face download receipt,st/MEND156.h5ad,https://huggingface.co/datasets/MahmoodLab/hest/resolve/8b42ca7f80bc475644ac9a520bba7b9cccbce10d/st/MEND156.h5ad,d9ced2f4ed3382d2ffa47cac35f40eec8b8c225877acdce3232781fd466f0ef9,d9ced2f4ed3382d2ffa47cac35f40eec8b8c225877acdce3232781fd466f0ef9,True,,,not_explicit_in_available_metadata,https://www.nature.com/articles/s41586-022-05023-2,https://data.mendeley.com/datasets/svw96g68dv/5,,CC-BY-NC-SA-4.0,CC BY NC 3.0,provider_label_retained_not_individual_legal_clearance,Homo sapiens,Visium,Prostate,True,044adc29fab719030bc90de8a99cd16163589f8ce6efcb337540ebc9c921da20
MEND157,MahmoodLab/hest,MahmoodLab/hest:st/MEND157.h5ad,8b42ca7f80bc475644ac9a520bba7b9cccbce10d,local Hugging Face download receipt,st/MEND157.h5ad,https://huggingface.co/datasets/MahmoodLab/hest/resolve/8b42ca7f80bc475644ac9a520bba7b9cccbce10d/st/MEND157.h5ad,91cb78a63711536977d9a1454bdc82e60218133188cf8fbc528e0caf7afaae9d,91cb78a63711536977d9a1454bdc82e60218133188cf8fbc528e0caf7afaae9d,True,,,not_explicit_in_available_metadata,https://www.nature.com/articles/s41586-022-05023-2,https://data.mendeley.com/datasets/svw96g68dv/5,,CC-BY-NC-SA-4.0,CC BY NC 3.0,provider_label_retained_not_individual_legal_clearance,Homo sapiens,Visium,Prostate,True,dc1d1db59b4b6dc751d2f9033faeee84ca339ec06fc44428ed27916200c2a78e
MEND158,MahmoodLab/hest,MahmoodLab/hest:st/MEND158.h5ad,8b42ca7f80bc475644ac9a520bba7b9cccbce10d,local Hugging Face download receipt,st/MEND158.h5ad,https://huggingface.co/datasets/MahmoodLab/hest/resolve/8b42ca7f80bc475644ac9a520bba7b9cccbce10d/st/MEND158.h5ad,739c8e017a8c2597698c810726beb60616e321cbc20b3d335e297257eb1d6672,739c8e017a8c2597698c810726beb60616e321cbc20b3d335e297257eb1d6672,True,,,not_explicit_in_available_metadata,https://www.nature.com/articles/s41586-022-05023-2,https://data.mendeley.com/datasets/svw96g68dv/5,,CC-BY-NC-SA-4.0,CC BY NC 3.0,provider_label_retained_not_individual_legal_clearance,Homo sapiens,Visium,Prostate,True,e93d4755d21252d8764ca5d4bcae2edaa35fc066aaa8a5e8616d2b26f88a8877
MEND159,MahmoodLab/hest,MahmoodLab/hest:st/MEND159.h5ad,8b42ca7f80bc475644ac9a520bba7b9cccbce10d,local Hugging Face download receipt,st/MEND159.h5ad,https://huggingface.co/datasets/MahmoodLab/hest/resolve/8b42ca7f80bc475644ac9a520bba7b9cccbce10d/st/MEND159.h5ad,c6559485dffb84f81dc534ec81d026caed363b88fba36b4926a3d102f52f1f9a,c6559485dffb84f81dc534ec81d026caed363b88fba36b4926a3d102f52f1f9a,True,,,not_explicit_in_available_metadata,https://www.nature.com/articles/s41586-022-05023-2,https://data.mendeley.com/datasets/svw96g68dv/5,,CC-BY-NC-SA-4.0,CC BY NC 3.0,provider_label_retained_not_individual_legal_clearance,Homo sapiens,Visium,Prostate,True,8086676dbdf2832878f8b957ef44036661983996d7456189d0a18bb803b5512b
MEND16,MahmoodLab/hest,MahmoodLab/hest:st/MEND16.h5ad,8b42ca7f80bc475644ac9a520bba7b9cccbce10d,local Hugging Face download receipt,st/MEND16.h5ad,https://huggingface.co/datasets/MahmoodLab/hest/resolve/8b42ca7f80bc475644ac9a520bba7b9cccbce10d/st/MEND16.h5ad,2d3255ad1965913f2e0911df2ca11305b52b20e0b8f3c6a2b0d4b7a4f599dc46,2d3255ad1965913f2e0911df2ca11305b52b20e0b8f3c6a2b0d4b7a4f599dc46,True,,,not_explicit_in_available_metadata,https://www.ncbi.nlm.nih.gov/pmc/articles/PMC9482614/,https://data.mendeley.com/datasets/mdt8n2xgf4/1,,CC-BY-NC-SA-4.0,CC BY 4.0,provider_label_retained_not_individual_legal_clearance,Homo sapiens,Spatial Transcriptomics,Prostate,True,79333dfc29b0cb75747e2de3af8db67797e9afcadb73f98b872d6a8d57884a9e
MEND160,MahmoodLab/hest,MahmoodLab/hest:st/MEND160.h5ad,8b42ca7f80bc475644ac9a520bba7b9cccbce10d,local Hugging Face download receipt,st/MEND160.h5ad,https://huggingface.co/datasets/MahmoodLab/hest/resolve/8b42ca7f80bc475644ac9a520bba7b9cccbce10d/st/MEND160.h5ad,0e46bd801b934d807335861993de85a27ab6a97d5aca7656e446b44fac7226a7,0e46bd801b934d807335861993de85a27ab6a97d5aca7656e446b44fac7226a7,True,,,not_explicit_in_available_metadata,https://www.nature.com/articles/s41586-022-05023-2,https://data.mendeley.com/datasets/svw96g68dv/5,,CC-BY-NC-SA-4.0,CC BY NC 3.0,provider_label_retained_not_individual_legal_clearance,Homo sapiens,Visium,Prostate,True,00db8d8129936756aa18814aa9b564ddf2b9444dbc1ab85053cd71179717ecba
MEND161,MahmoodLab/hest,MahmoodLab/hest:st/MEND161.h5ad,8b42ca7f80bc475644ac9a520bba7b9cccbce10d,local Hugging Face download receipt,st/MEND161.h5ad,https://huggingface.co/datasets/MahmoodLab/hest/resolve/8b42ca7f80bc475644ac9a520bba7b9cccbce10d/st/MEND161.h5ad,e4f0a84e74c4f166350c79ea799acafe1dad10aed03b2608676c896ac8185b56,e4f0a84e74c4f166350c79ea799acafe1dad10aed03b2608676c896ac8185b56,True,,,not_explicit_in_available_metadata,https://www.nature.com/articles/s41586-022-05023-2,https://data.mendeley.com/datasets/svw96g68dv/5,,CC-BY-NC-SA-4.0,CC BY NC 3.0,provider_label_retained_not_individual_legal_clearance,Homo sapiens,Visium,Prostate,True,796590acab6dd919293521b9d4c6e7d1d374bde54d31d3e0fc4455b0cec4cf7a
MEND162,MahmoodLab/hest,MahmoodLab/hest:st/MEND162.h5ad,8b42ca7f80bc475644ac9a520bba7b9cccbce10d,local Hugging Face download receipt,st/MEND162.h5ad,https://huggingface.co/datasets/MahmoodLab/hest/resolve/8b42ca7f80bc475644ac9a520bba7b9cccbce10d/st/MEND162.h5ad,abe8af629e354558568f1822926c64225f8d6d225f218b5995b1c73fc4cf5a07,abe8af629e354558568f1822926c64225f8d6d225f218b5995b1c73fc4cf5a07,True,,,not_explicit_in_available_metadata,https://www.nature.com/articles/s41586-022-05023-2,https://data.mendeley.com/datasets/svw96g68dv/5,,CC-BY-NC-SA-4.0,CC BY NC 3.0,provider_label_retained_not_individual_legal_clearance,Homo sapiens,Visium,Prostate,True,d92167576f9a5e1f0e819f8acca8690587f15387d2ba689f70eb77f05b424657
MEND17,MahmoodLab/hest,MahmoodLab/hest:st/MEND17.h5ad,8b42ca7f80bc475644ac9a520bba7b9cccbce10d,local Hugging Face download receipt,st/MEND17.h5ad,https://huggingface.co/datasets/MahmoodLab/hest/resolve/8b42ca7f80bc475644ac9a520bba7b9cccbce10d/st/MEND17.h5ad,8b4322351668477b2d45af70a78a753c53d08f5285a69aaa7884184371b6dfd2,8b4322351668477b2d45af70a78a753c53d08f5285a69aaa7884184371b6dfd2,True,,,not_explicit_in_available_metadata,https://www.ncbi.nlm.nih.gov/pmc/articles/PMC9482614/,https://data.mendeley.com/datasets/mdt8n2xgf4/1,,CC-BY-NC-SA-4.0,CC BY 4.0,provider_label_retained_not_individual_legal_clearance,Homo sapiens,Spatial Transcriptomics,Prostate,True,66f1a143714971aa2879eedd29123b60c79af7b15e7570885f617cb6cec071e8
MEND18,MahmoodLab/hest,MahmoodLab/hest:st/MEND18.h5ad,8b42ca7f80bc475644ac9a520bba7b9cccbce10d,local Hugging Face download receipt,st/MEND18.h5ad,https://huggingface.co/datasets/MahmoodLab/hest/resolve/8b42ca7f80bc475644ac9a520bba7b9cccbce10d/st/MEND18.h5ad,62fbeababeb4f34e096d1eb3c007a0705d13048298e71cd2cd6ff2f739a674d5,62fbeababeb4f34e096d1eb3c007a0705d13048298e71cd2cd6ff2f739a674d5,True,,,not_explicit_in_available_metadata,https://www.ncbi.nlm.nih.gov/pmc/articles/PMC9482614/,https://data.mendeley.com/datasets/mdt8n2xgf4/1,,CC-BY-NC-SA-4.0,CC BY 4.0,provider_label_retained_not_individual_legal_clearance,Homo sapiens,Spatial Transcriptomics,Prostate,True,782ef01d48e30c8d1fe8fac06b37d4d3ae3625ce025c71cc921020c09597d1fd
MEND19,MahmoodLab/hest,MahmoodLab/hest:st/MEND19.h5ad,8b42ca7f80bc475644ac9a520bba7b9cccbce10d,local Hugging Face download receipt,st/MEND19.h5ad,https://huggingface.co/datasets/MahmoodLab/hest/resolve/8b42ca7f80bc475644ac9a520bba7b9cccbce10d/st/MEND19.h5ad,17e272863009a6f1e811ada9f99c4c66cc5edfb82ce478ec347f291e7a2a309b,17e272863009a6f1e811ada9f99c4c66cc5edfb82ce478ec347f291e7a2a309b,True,,,not_explicit_in_available_metadata,https://www.ncbi.nlm.nih.gov/pmc/articles/PMC9482614/,https://data.mendeley.com/datasets/mdt8n2xgf4/1,,CC-BY-NC-SA-4.0,CC BY 4.0,provider_label_retained_not_individual_legal_clearance,Homo sapiens,Spatial Transcriptomics,Prostate,True,0b818bd4f167ff35fb24d31f2681308d11c6348c1a1a62cb8e9627ee8e72f1cc
MEND2,MahmoodLab/hest,MahmoodLab/hest:st/MEND2.h5ad,8b42ca7f80bc475644ac9a520bba7b9cccbce10d,local Hugging Face download receipt,st/MEND2.h5ad,https://huggingface.co/datasets/MahmoodLab/hest/resolve/8b42ca7f80bc475644ac9a520bba7b9cccbce10d/st/MEND2.h5ad,ac5a5d5f2617689e5ed35df46998770ac17a169097b4f4c0c30ed63930c2510e,ac5a5d5f2617689e5ed35df46998770ac17a169097b4f4c0c30ed63930c2510e,True,,,not_explicit_in_available_metadata,https://www.ncbi.nlm.nih.gov/pmc/articles/PMC9482614/,https://data.mendeley.com/datasets/mdt8n2xgf4/1,,CC-BY-NC-SA-4.0,CC BY 4.0,provider_label_retained_not_individual_legal_clearance,Homo sapiens,Spatial Transcriptomics,Prostate,True,20c7ee32579290501302729b5eac53ca0b1fc77f19d1712c44113db695158050
MEND20,MahmoodLab/hest,MahmoodLab/hest:st/MEND20.h5ad,8b42ca7f80bc475644ac9a520bba7b9cccbce10d,local Hugging Face download receipt,st/MEND20.h5ad,https://huggingface.co/datasets/MahmoodLab/hest/resolve/8b42ca7f80bc475644ac9a520bba7b9cccbce10d/st/MEND20.h5ad,f941d8492bd31b2b1dca9a86a01dac7e2c95e50f72af364aa01412ffb4742e99,f941d8492bd31b2b1dca9a86a01dac7e2c95e50f72af364aa01412ffb4742e99,True,,,not_explicit_in_available_metadata,https://www.ncbi.nlm.nih.gov/pmc/articles/PMC9482614/,https://data.mendeley.com/datasets/mdt8n2xgf4/1,,CC-BY-NC-SA-4.0,CC BY 4.0,provider_label_retained_not_individual_legal_clearance,Homo sapiens,Spatial Transcriptomics,Prostate,True,fde19bd59ce893d114ba50a805b646b5c1b812f864c0d0efd8f1e9ef2cffe857
MEND21,MahmoodLab/hest,MahmoodLab/hest:st/MEND21.h5ad,8b42ca7f80bc475644ac9a520bba7b9cccbce10d,local Hugging Face download receipt,st/MEND21.h5ad,https://huggingface.co/datasets/MahmoodLab/hest/resolve/8b42ca7f80bc475644ac9a520bba7b9cccbce10d/st/MEND21.h5ad,aed92223236f5d5985bd06a4cf2ae6f5ba51643403e8ec6b4ef725ecf64da299,aed92223236f5d5985bd06a4cf2ae6f5ba51643403e8ec6b4ef725ecf64da299,True,,,not_explicit_in_available_metadata,https://www.ncbi.nlm.nih.gov/pmc/articles/PMC9482614/,https://data.mendeley.com/datasets/mdt8n2xgf4/1,,CC-BY-NC-SA-4.0,CC BY 4.0,provider_label_retained_not_individual_legal_clearance,Homo sapiens,Spatial Transcriptomics,Prostate,True,1d39064570dda72a2e97585f9c74e54958be610a38c17f4f596c8a946d152dbe
MEND22,MahmoodLab/hest,MahmoodLab/hest:st/MEND22.h5ad,8b42ca7f80bc475644ac9a520bba7b9cccbce10d,local Hugging Face download receipt,st/MEND22.h5ad,https://huggingface.co/datasets/MahmoodLab/hest/resolve/8b42ca7f80bc475644ac9a520bba7b9cccbce10d/st/MEND22.h5ad,212acbfa020d7c3f949a7d9ae5c50dd8195d6e4a697af05ef761d6201dd37f77,212acbfa020d7c3f949a7d9ae5c50dd8195d6e4a697af05ef761d6201dd37f77,True,,,not_explicit_in_available_metadata,https://www.ncbi.nlm.nih.gov/pmc/articles/PMC9482614/,https://data.mendeley.com/datasets/mdt8n2xgf4/1,,CC-BY-NC-SA-4.0,CC BY 4.0,provider_label_retained_not_individual_legal_clearance,Homo sapiens,Spatial Transcriptomics,Prostate,True,be6d3f574e1ff0855908d49de2efbbb506d34824b1e2b26f758db98998f402a4
MEND23,MahmoodLab/hest,MahmoodLab/hest:st/MEND23.h5ad,8b42ca7f80bc475644ac9a520bba7b9cccbce10d,local Hugging Face download receipt,st/MEND23.h5ad,https://huggingface.co/datasets/MahmoodLab/hest/resolve/8b42ca7f80bc475644ac9a520bba7b9cccbce10d/st/MEND23.h5ad,dde89358570ca2a66419580968de94833ed4af2268d830130f3a5e3bc93a0d53,dde89358570ca2a66419580968de94833ed4af2268d830130f3a5e3bc93a0d53,True,,,not_explicit_in_available_metadata,https://www.ncbi.nlm.nih.gov/pmc/articles/PMC9482614/,https://data.mendeley.com/datasets/mdt8n2xgf4/1,,CC-BY-NC-SA-4.0,CC BY 4.0,provider_label_retained_not_individual_legal_clearance,Homo sapiens,Spatial Transcriptomics,Prostate,True,d30099ca75503175b29527af272bfab2517828083e1beb9f2b85957335f0a682
MEND24,MahmoodLab/hest,MahmoodLab/hest:st/MEND24.h5ad,8b42ca7f80bc475644ac9a520bba7b9cccbce10d,local Hugging Face download receipt,st/MEND24.h5ad,https://huggingface.co/datasets/MahmoodLab/hest/resolve/8b42ca7f80bc475644ac9a520bba7b9cccbce10d/st/MEND24.h5ad,82371e92def732905b40a5e19e9cacf3883367c1e413c558cac324354efc2068,82371e92def732905b40a5e19e9cacf3883367c1e413c558cac324354efc2068,True,,,not_explicit_in_available_metadata,https://www.ncbi.nlm.nih.gov/pmc/articles/PMC9482614/,https://data.mendeley.com/datasets/mdt8n2xgf4/1,,CC-BY-NC-SA-4.0,CC BY 4.0,provider_label_retained_not_individual_legal_clearance,Homo sapiens,Spatial Transcriptomics,Prostate,True,d40e86b60c9544f3051d54eb204ff1e1d0131f006139e5ce6f39a76325325196
MEND25,MahmoodLab/hest,MahmoodLab/hest:st/MEND25.h5ad,8b42ca7f80bc475644ac9a520bba7b9cccbce10d,local Hugging Face download receipt,st/MEND25.h5ad,https://huggingface.co/datasets/MahmoodLab/hest/resolve/8b42ca7f80bc475644ac9a520bba7b9cccbce10d/st/MEND25.h5ad,d125ccfb1b4844a3128b8e33627b65940bca472c587b064414ce31a9eb0036f3,d125ccfb1b4844a3128b8e33627b65940bca472c587b064414ce31a9eb0036f3,True,,,not_explicit_in_available_metadata,https://www.nature.com/articles/s44161-022-00138-1,https://figshare.com/articles/dataset/spatialRNAseq_heart_raw_suppdata_zip/17087759,,CC-BY-NC-SA-4.0,CC BY 4.0,provider_label_retained_not_individual_legal_clearance,Mus musculus,Visium,Heart,True,45a1d79d1effaf8543f473a3ead35ec0c49f36203d7b3bc8433f5f9b173e8ca0
MEND26,MahmoodLab/hest,MahmoodLab/hest:st/MEND26.h5ad,8b42ca7f80bc475644ac9a520bba7b9cccbce10d,local Hugging Face download receipt,st/MEND26.h5ad,https://huggingface.co/datasets/MahmoodLab/hest/resolve/8b42ca7f80bc475644ac9a520bba7b9cccbce10d/st/MEND26.h5ad,4ee19425e5ac684848b1d67db82d40399c781c2a5520ec7afb43fd83b0e95c4c,4ee19425e5ac684848b1d67db82d40399c781c2a5520ec7afb43fd83b0e95c4c,True,,,not_explicit_in_available_metadata,https://www.nature.com/articles/s44161-022-00138-1,https://figshare.com/articles/dataset/spatialRNAseq_heart_raw_suppdata_zip/17087759,,CC-BY-NC-SA-4.0,CC BY 4.0,provider_label_retained_not_individual_legal_clearance,Mus musculus,Visium,Heart,True,ffbf76af5d065c55c81b115dd4a95dc332e85768d8de39e0fe93062987dd022d
MEND28,MahmoodLab/hest,MahmoodLab/hest:st/MEND28.h5ad,8b42ca7f80bc475644ac9a520bba7b9cccbce10d,local Hugging Face download receipt,st/MEND28.h5ad,https://huggingface.co/datasets/MahmoodLab/hest/resolve/8b42ca7f80bc475644ac9a520bba7b9cccbce10d/st/MEND28.h5ad,e29d463f998fb7dda845dd8dfc61e84cf55647bb355aed58a64a001db2f715fc,e29d463f998fb7dda845dd8dfc61e84cf55647bb355aed58a64a001db2f715fc,True,,,not_explicit_in_available_metadata,https://www.nature.com/articles/s44161-022-00138-1,https://figshare.com/articles/dataset/spatialRNAseq_heart_raw_suppdata_zip/17087759,,CC-BY-NC-SA-4.0,CC BY 4.0,provider_label_retained_not_individual_legal_clearance,Mus musculus,Visium,Heart,True,d4bb9250a0eecdf1ae70fcb1defc72e06ba8dfd4ee915e003f300b7e343cf090
MEND29,MahmoodLab/hest,MahmoodLab/hest:st/MEND29.h5ad,8b42ca7f80bc475644ac9a520bba7b9cccbce10d,local Hugging Face download receipt,st/MEND29.h5ad,https://huggingface.co/datasets/MahmoodLab/hest/resolve/8b42ca7f80bc475644ac9a520bba7b9cccbce10d/st/MEND29.h5ad,be6ded1bd6db31dbe549a0b029804722f754230a993e19877f26e4d84d372879,be6ded1bd6db31dbe549a0b029804722f754230a993e19877f26e4d84d372879,True,,,not_explicit_in_available_metadata,https://www.nature.com/articles/s44161-022-00138-1,https://figshare.com/articles/dataset/spatialRNAseq_ileum_raw_suppdata_zip/17087765,,CC-BY-NC-SA-4.0,CC BY 4.0,provider_label_retained_not_individual_legal_clearance,Mus musculus,Visium,Bowel,True,3f728e155386dc2aca6e4c26ad909521ea376e2a4336f0aa21577ff188e13066
MEND3,MahmoodLab/hest,MahmoodLab/hest:st/MEND3.h5ad,8b42ca7f80bc475644ac9a520bba7b9cccbce10d,local Hugging Face download receipt,st/MEND3.h5ad,https://huggingface.co/datasets/MahmoodLab/hest/resolve/8b42ca7f80bc475644ac9a520bba7b9cccbce10d/st/MEND3.h5ad,4968c11b4eb2675637872e80e03c196ec023d1c527c31324acbe0d19785d3add,4968c11b4eb2675637872e80e03c196ec023d1c527c31324acbe0d19785d3add,True,,,not_explicit_in_available_metadata,https://www.ncbi.nlm.nih.gov/pmc/articles/PMC9482614/,https://data.mendeley.com/datasets/mdt8n2xgf4/1,,CC-BY-NC-SA-4.0,CC BY 4.0,provider_label_retained_not_individual_legal_clearance,Homo sapiens,Spatial Transcriptomics,Prostate,True,97dc1ccb849c7a82fc23aec200ca48fa3fbe457a3dd94e004327eb7a83d2968b
MEND30,MahmoodLab/hest,MahmoodLab/hest:st/MEND30.h5ad,8b42ca7f80bc475644ac9a520bba7b9cccbce10d,local Hugging Face download receipt,st/MEND30.h5ad,https://huggingface.co/datasets/MahmoodLab/hest/resolve/8b42ca7f80bc475644ac9a520bba7b9cccbce10d/st/MEND30.h5ad,ed3937a42d5ed253c5bb98b68c26c386f1cd720172fe1986e667e5857455a719,ed3937a42d5ed253c5bb98b68c26c386f1cd720172fe1986e667e5857455a719,True,,,not_explicit_in_available_metadata,https://www.nature.com/articles/s44161-022-00138-1,https://figshare.com/articles/dataset/spatialRNAseq_ileum_raw_suppdata_zip/17087765,,CC-BY-NC-SA-4.0,CC BY 4.0,provider_label_retained_not_individual_legal_clearance,Mus musculus,Visium,Bowel,True,7ad045ae62218bc7b0079b10ec80cd2af5036403fb40e8f4d705ce1c12f16953
MEND31,MahmoodLab/hest,MahmoodLab/hest:st/MEND31.h5ad,8b42ca7f80bc475644ac9a520bba7b9cccbce10d,local Hugging Face download receipt,st/MEND31.h5ad,https://huggingface.co/datasets/MahmoodLab/hest/resolve/8b42ca7f80bc475644ac9a520bba7b9cccbce10d/st/MEND31.h5ad,f322fb3dc055ad30bf739ff873028e592904a3a0d200408e5ef96e488a8e2575,f322fb3dc055ad30bf739ff873028e592904a3a0d200408e5ef96e488a8e2575,True,,,not_explicit_in_available_metadata,https://www.nature.com/articles/s44161-022-00138-1,https://figshare.com/articles/dataset/spatialRNAseq_ileum_raw_suppdata_zip/17087765,,CC-BY-NC-SA-4.0,CC BY 4.0,provider_label_retained_not_individual_legal_clearance,Mus musculus,Visium,Bowel,True,26fca9eca181e6082f563196f440f490874a55a1dda790efb3a62f95c84e1fbf
MEND33,MahmoodLab/hest,MahmoodLab/hest:st/MEND33.h5ad,8b42ca7f80bc475644ac9a520bba7b9cccbce10d,local Hugging Face download receipt,st/MEND33.h5ad,https://huggingface.co/datasets/MahmoodLab/hest/resolve/8b42ca7f80bc475644ac9a520bba7b9cccbce10d/st/MEND33.h5ad,7a6f64f6be84c766ac3193d4eedc429cd19ede6f49cbe19743141710eb33ca45,7a6f64f6be84c766ac3193d4eedc429cd19ede6f49cbe19743141710eb33ca45,True,,,not_explicit_in_available_metadata,https://pubmed.ncbi.nlm.nih.gov/34845373/,https://data.mendeley.com/datasets/v8s9nz948s/1,,CC-BY-NC-SA-4.0,CC BY 4.0,provider_label_retained_not_individual_legal_clearance,Homo sapiens,Visium,Bowel,True,084d4e3a47e97493c62a79c5b78f0a877f58f1856d77dfa2a0ae26ce941c6ef2
MEND34,MahmoodLab/hest,MahmoodLab/hest:st/MEND34.h5ad,8b42ca7f80bc475644ac9a520bba7b9cccbce10d,local Hugging Face download receipt,st/MEND34.h5ad,https://huggingface.co/datasets/MahmoodLab/hest/resolve/8b42ca7f80bc475644ac9a520bba7b9cccbce10d/st/MEND34.h5ad,0a9ac8cc67778383194ec711900d48e98ea4af9a2d38d7b01bb995720195598d,0a9ac8cc67778383194ec711900d48e98ea4af9a2d38d7b01bb995720195598d,True,,,not_explicit_in_available_metadata,https://pubmed.ncbi.nlm.nih.gov/34845373/,https://data.mendeley.com/datasets/v8s9nz948s/1,,CC-BY-NC-SA-4.0,CC BY 4.0,provider_label_retained_not_individual_legal_clearance,Homo sapiens,Visium,Bowel,True,0f952cec3921b09f9aeffb4901862079a9486e3676668c9722ea50a34920ac9f
MEND35,MahmoodLab/hest,MahmoodLab/hest:st/MEND35.h5ad,8b42ca7f80bc475644ac9a520bba7b9cccbce10d,local Hugging Face download receipt,st/MEND35.h5ad,https://huggingface.co/datasets/MahmoodLab/hest/resolve/8b42ca7f80bc475644ac9a520bba7b9cccbce10d/st/MEND35.h5ad,c63028890e25d9d1a233a711de1646c8b9d3afff8e0b882d7d0b2ef292e5a41c,c63028890e25d9d1a233a711de1646c8b9d3afff8e0b882d7d0b2ef292e5a41c,True,,,not_explicit_in_available_metadata,https://pubmed.ncbi.nlm.nih.gov/34845373/,https://data.mendeley.com/datasets/v8s9nz948s/1,,CC-BY-NC-SA-4.0,CC BY 4.0,provider_label_retained_not_individual_legal_clearance,Homo sapiens,Visium,Bowel,True,f90156f8c6f2ec6c0af00ee96c8780e1f700da4b6bfb809d2ae27748a3b69f04
MEND37,MahmoodLab/hest,MahmoodLab/hest:st/MEND37.h5ad,8b42ca7f80bc475644ac9a520bba7b9cccbce10d,local Hugging Face download receipt,st/MEND37.h5ad,https://huggingface.co/datasets/MahmoodLab/hest/resolve/8b42ca7f80bc475644ac9a520bba7b9cccbce10d/st/MEND37.h5ad,b7586f99906c044d11e7682c87ffb177c6ba1b49c413141488195f60ebc59d98,b7586f99906c044d11e7682c87ffb177c6ba1b49c413141488195f60ebc59d98,True,,,not_explicit_in_available_metadata,https://www.ncbi.nlm.nih.gov/pmc/articles/PMC7391009/,https://data.mendeley.com/datasets/2bh5fchcv6/1,,CC-BY-NC-SA-4.0,CC BY 4.0,provider_label_retained_not_individual_legal_clearance,Homo sapiens,Visium,Skin,True,d64aa982941a5740f84020764327497361d43ae00d2e4dbfe860965b78e3c757
MEND38,MahmoodLab/hest,MahmoodLab/hest:st/MEND38.h5ad,8b42ca7f80bc475644ac9a520bba7b9cccbce10d,local Hugging Face download receipt,st/MEND38.h5ad,https://huggingface.co/datasets/MahmoodLab/hest/resolve/8b42ca7f80bc475644ac9a520bba7b9cccbce10d/st/MEND38.h5ad,4a87a04903b499c050c458f6089e6f2d3e1fcfc8a2a88a7b8e6c8e67b6379286,4a87a04903b499c050c458f6089e6f2d3e1fcfc8a2a88a7b8e6c8e67b6379286,True,,,not_explicit_in_available_metadata,https://www.ncbi.nlm.nih.gov/pmc/articles/PMC7391009/,https://data.mendeley.com/datasets/2bh5fchcv6/1,,CC-BY-NC-SA-4.0,CC BY 4.0,provider_label_retained_not_individual_legal_clearance,Homo sapiens,Visium,Skin,True,916eb29d05f760b63e07bb4c32bc99c33a9e0fb87ec4da833b65ff6af34ebe58
MEND39,MahmoodLab/hest,MahmoodLab/hest:st/MEND39.h5ad,8b42ca7f80bc475644ac9a520bba7b9cccbce10d,local Hugging Face download receipt,st/MEND39.h5ad,https://huggingface.co/datasets/MahmoodLab/hest/resolve/8b42ca7f80bc475644ac9a520bba7b9cccbce10d/st/MEND39.h5ad,2eb626e4a6287c756846a26140c387fb78b6829fa51c63f9e7cabf6bd4e712a9,2eb626e4a6287c756846a26140c387fb78b6829fa51c63f9e7cabf6bd4e712a9,True,,,not_explicit_in_available_metadata,https://www.ncbi.nlm.nih.gov/pmc/articles/PMC7391009/,https://data.mendeley.com/datasets/2bh5fchcv6/1,,CC-BY-NC-SA-4.0,CC BY 4.0,provider_label_retained_not_individual_legal_clearance,Homo sapiens,Visium,Skin,True,019d0f9f66ab5ce0b44e684f59fa6b3e3262366572388e61791b6b7692577c31
MEND4,MahmoodLab/hest,MahmoodLab/hest:st/MEND4.h5ad,8b42ca7f80bc475644ac9a520bba7b9cccbce10d,local Hugging Face download receipt,st/MEND4.h5ad,https://huggingface.co/datasets/MahmoodLab/hest/resolve/8b42ca7f80bc475644ac9a520bba7b9cccbce10d/st/MEND4.h5ad,1341e8a52f68bec4be8166726bf5d6f5f83cbcfa3dd015340fda26220698ff99,1341e8a52f68bec4be8166726bf5d6f5f83cbcfa3dd015340fda26220698ff99,True,,,not_explicit_in_available_metadata,https://www.ncbi.nlm.nih.gov/pmc/articles/PMC9482614/,https://data.mendeley.com/datasets/mdt8n2xgf4/1,,CC-BY-NC-SA-4.0,CC BY 4.0,provider_label_retained_not_individual_legal_clearance,Homo sapiens,Spatial Transcriptomics,Prostate,True,2ff596796b86598050febbde4af74a61370ba3c2161916d828fa5dc87ceb242c
MEND40,MahmoodLab/hest,MahmoodLab/hest:st/MEND40.h5ad,8b42ca7f80bc475644ac9a520bba7b9cccbce10d,local Hugging Face download receipt,st/MEND40.h5ad,https://huggingface.co/datasets/MahmoodLab/hest/resolve/8b42ca7f80bc475644ac9a520bba7b9cccbce10d/st/MEND40.h5ad,1e19e21efbf6045a28f05349b73f25da34eeac7cb0a8c52951860195ac12fb66,1e19e21efbf6045a28f05349b73f25da34eeac7cb0a8c52951860195ac12fb66,True,,,not_explicit_in_available_metadata,https://www.ncbi.nlm.nih.gov/pmc/articles/PMC7391009/,https://data.mendeley.com/datasets/2bh5fchcv6/1,,CC-BY-NC-SA-4.0,CC BY 4.0,provider_label_retained_not_individual_legal_clearance,Homo sapiens,Visium,Skin,True,72538cb5c4baccf01d494d2fddb45f08a9b0b140a913559d011588003d93acba
MEND41,MahmoodLab/hest,MahmoodLab/hest:st/MEND41.h5ad,8b42ca7f80bc475644ac9a520bba7b9cccbce10d,local Hugging Face download receipt,st/MEND41.h5ad,https://huggingface.co/datasets/MahmoodLab/hest/resolve/8b42ca7f80bc475644ac9a520bba7b9cccbce10d/st/MEND41.h5ad,044bb67f0b8fc15595a3162af19aa512d766fda9aa019e5d72fd8b187efbade6,044bb67f0b8fc15595a3162af19aa512d766fda9aa019e5d72fd8b187efbade6,True,,,not_explicit_in_available_metadata,https://pubmed.ncbi.nlm.nih.gov/36776149/,https://data.mendeley.com/datasets/xjtv62ncwr/1,,CC-BY-NC-SA-4.0,CC BY 4.0,provider_label_retained_not_individual_legal_clearance,Homo sapiens,Visium,Lung,True,f0faf075c04edf766890fcc641eea34c98b3cd5f49f4721cba31bdc5e85a56a4
MEND42,MahmoodLab/hest,MahmoodLab/hest:st/MEND42.h5ad,8b42ca7f80bc475644ac9a520bba7b9cccbce10d,local Hugging Face download receipt,st/MEND42.h5ad,https://huggingface.co/datasets/MahmoodLab/hest/resolve/8b42ca7f80bc475644ac9a520bba7b9cccbce10d/st/MEND42.h5ad,3fadd6d3e2a5b0a4a6e9fc534e4fb73d8ce006fa4ebc8bcdfd915186f92d1cc6,3fadd6d3e2a5b0a4a6e9fc534e4fb73d8ce006fa4ebc8bcdfd915186f92d1cc6,True,,,not_explicit_in_available_metadata,https://pubmed.ncbi.nlm.nih.gov/36776149/,https://data.mendeley.com/datasets/xjtv62ncwr/1,,CC-BY-NC-SA-4.0,CC BY 4.0,provider_label_retained_not_individual_legal_clearance,Mus musculus,Visium,Brain,True,29534dcd3f24688ebec01d87f767c60d8ec2a419be1e43a98011fca6a684e3ed
MEND44,MahmoodLab/hest,MahmoodLab/hest:st/MEND44.h5ad,8b42ca7f80bc475644ac9a520bba7b9cccbce10d,local Hugging Face download receipt,st/MEND44.h5ad,https://huggingface.co/datasets/MahmoodLab/hest/resolve/8b42ca7f80bc475644ac9a520bba7b9cccbce10d/st/MEND44.h5ad,bd0bc9c35ea09ec1f4c64b77d427b5e7a7cdb2c80b941cab2f55be525e4dd6a1,bd0bc9c35ea09ec1f4c64b77d427b5e7a7cdb2c80b941cab2f55be525e4dd6a1,True,,,not_explicit_in_available_metadata,https://pubmed.ncbi.nlm.nih.gov/36776149/,https://data.mendeley.com/datasets/xjtv62ncwr/1,,CC-BY-NC-SA-4.0,CC BY 4.0,provider_label_retained_not_individual_legal_clearance,Mus musculus,Visium,Brain,True,b74242cb16c7afce493eeb9033fcb5a666782a4d554d9f51b8e84c7fdcf0731f
MEND45,MahmoodLab/hest,MahmoodLab/hest:st/MEND45.h5ad,8b42ca7f80bc475644ac9a520bba7b9cccbce10d,local Hugging Face download receipt,st/MEND45.h5ad,https://huggingface.co/datasets/MahmoodLab/hest/resolve/8b42ca7f80bc475644ac9a520bba7b9cccbce10d/st/MEND45.h5ad,05b1b334608d07cef644153b87cb9c21ee05c7ded74c1dc548ed360123630eb2,05b1b334608d07cef644153b87cb9c21ee05c7ded74c1dc548ed360123630eb2,True,,,not_explicit_in_available_metadata,https://pubmed.ncbi.nlm.nih.gov/36776149/,https://data.mendeley.com/datasets/xjtv62ncwr/1,,CC-BY-NC-SA-4.0,CC BY 4.0,provider_label_retained_not_individual_legal_clearance,Homo sapiens,Visium,Lung,True,257ac26a97f3a0a8e614ae282ddb638d42672f424d1e7961ff5823bb2ce09682
MEND46,MahmoodLab/hest,MahmoodLab/hest:st/MEND46.h5ad,8b42ca7f80bc475644ac9a520bba7b9cccbce10d,local Hugging Face download receipt,st/MEND46.h5ad,https://huggingface.co/datasets/MahmoodLab/hest/resolve/8b42ca7f80bc475644ac9a520bba7b9cccbce10d/st/MEND46.h5ad,32975f09f106c834217f1e02c09200250e28fcb19fc00558ad374fe31d40fefb,32975f09f106c834217f1e02c09200250e28fcb19fc00558ad374fe31d40fefb,True,,,not_explicit_in_available_metadata,https://pubmed.ncbi.nlm.nih.gov/36776149/,https://data.mendeley.com/datasets/xjtv62ncwr/1,,CC-BY-NC-SA-4.0,CC BY 4.0,provider_label_retained_not_individual_legal_clearance,Mus musculus,Visium,Brain,True,e204bcf4c815fdf5a116badc1e8e7c50b972304e28027f42edc06ec99f274551
MEND47,MahmoodLab/hest,MahmoodLab/hest:st/MEND47.h5ad,8b42ca7f80bc475644ac9a520bba7b9cccbce10d,local Hugging Face download receipt,st/MEND47.h5ad,https://huggingface.co/datasets/MahmoodLab/hest/resolve/8b42ca7f80bc475644ac9a520bba7b9cccbce10d/st/MEND47.h5ad,d7216781de0ef75679792ec29bef498dc863769795d6e064c31b424e5da78ae4,d7216781de0ef75679792ec29bef498dc863769795d6e064c31b424e5da78ae4,True,,,not_explicit_in_available_metadata,https://pubmed.ncbi.nlm.nih.gov/36776149/,https://data.mendeley.com/datasets/xjtv62ncwr/1,,CC-BY-NC-SA-4.0,CC BY 4.0,provider_label_retained_not_individual_legal_clearance,Homo sapiens,Visium,Lung,True,47fb468b12f77c5c93c31875276420bfbdd479c88e847a87f6c730a6e3aab708
MEND49,MahmoodLab/hest,MahmoodLab/hest:st/MEND49.h5ad,8b42ca7f80bc475644ac9a520bba7b9cccbce10d,local Hugging Face download receipt,st/MEND49.h5ad,https://huggingface.co/datasets/MahmoodLab/hest/resolve/8b42ca7f80bc475644ac9a520bba7b9cccbce10d/st/MEND49.h5ad,aebbbc0942165dce5b8ac3709681cc4da0e4afe9bed42b657b6c35ec3d33f535,aebbbc0942165dce5b8ac3709681cc4da0e4afe9bed42b657b6c35ec3d33f535,True,,,not_explicit_in_available_metadata,https://pubmed.ncbi.nlm.nih.gov/36776149/,https://data.mendeley.com/datasets/xjtv62ncwr/1,,CC-BY-NC-SA-4.0,CC BY 4.0,provider_label_retained_not_individual_legal_clearance,Homo sapiens,Visium,Kidney,True,246e592a96e1cccad9b05090b6062fd562370d47992dca34d1afd32711289c34
MEND5,MahmoodLab/hest,MahmoodLab/hest:st/MEND5.h5ad,8b42ca7f80bc475644ac9a520bba7b9cccbce10d,local Hugging Face download receipt,st/MEND5.h5ad,https://huggingface.co/datasets/MahmoodLab/hest/resolve/8b42ca7f80bc475644ac9a520bba7b9cccbce10d/st/MEND5.h5ad,0c29d07e9bd2e9fbc80e30b0d63a8d7c2f054139e8d88ef1408c9bf7e6a1cda1,0c29d07e9bd2e9fbc80e30b0d63a8d7c2f054139e8d88ef1408c9bf7e6a1cda1,True,,,not_explicit_in_available_metadata,https://www.ncbi.nlm.nih.gov/pmc/articles/PMC9482614/,https://data.mendeley.com/datasets/mdt8n2xgf4/1,,CC-BY-NC-SA-4.0,CC BY 4.0,provider_label_retained_not_individual_legal_clearance,Homo sapiens,Spatial Transcriptomics,Prostate,True,1b22014135528d0e477097d2a4157b7675330babfd14db51f4504407167868a1
MEND50,MahmoodLab/hest,MahmoodLab/hest:st/MEND50.h5ad,8b42ca7f80bc475644ac9a520bba7b9cccbce10d,local Hugging Face download receipt,st/MEND50.h5ad,https://huggingface.co/datasets/MahmoodLab/hest/resolve/8b42ca7f80bc475644ac9a520bba7b9cccbce10d/st/MEND50.h5ad,542bb865d7a80116bbf33a559fa0ba1819ba137486d6a328336b2000a5acb96f,542bb865d7a80116bbf33a559fa0ba1819ba137486d6a328336b2000a5acb96f,True,,,not_explicit_in_available_metadata,https://pubmed.ncbi.nlm.nih.gov/36776149/,https://data.mendeley.com/datasets/xjtv62ncwr/1,,CC-BY-NC-SA-4.0,CC BY 4.0,provider_label_retained_not_individual_legal_clearance,Mus musculus,Visium,Brain,True,705cff3bb323e36a68ce8e9c12d2df21047c7a020dbbd055494df53e3394d38c
MEND51,MahmoodLab/hest,MahmoodLab/hest:st/MEND51.h5ad,8b42ca7f80bc475644ac9a520bba7b9cccbce10d,local Hugging Face download receipt,st/MEND51.h5ad,https://huggingface.co/datasets/MahmoodLab/hest/resolve/8b42ca7f80bc475644ac9a520bba7b9cccbce10d/st/MEND51.h5ad,0ded7b062fbd0370a7c80495404ef8eb88ca680c990d1b2fe4aa74c17d4ce664,0ded7b062fbd0370a7c80495404ef8eb88ca680c990d1b2fe4aa74c17d4ce664,True,,,not_explicit_in_available_metadata,https://pubmed.ncbi.nlm.nih.gov/36776149/,https://data.mendeley.com/datasets/xjtv62ncwr/1,,CC-BY-NC-SA-4.0,CC BY 4.0,provider_label_retained_not_individual_legal_clearance,Homo sapiens,Visium,Lung,True,bb63642a5b5c322f279f52b5a6b6cb925e555889807a5030b1e12a7e8c707087
MEND52,MahmoodLab/hest,MahmoodLab/hest:st/MEND52.h5ad,8b42ca7f80bc475644ac9a520bba7b9cccbce10d,local Hugging Face download receipt,st/MEND52.h5ad,https://huggingface.co/datasets/MahmoodLab/hest/resolve/8b42ca7f80bc475644ac9a520bba7b9cccbce10d/st/MEND52.h5ad,7b0fc37536640ea81acfa0643beec557df7bb89dad264db9fe182d3999e6c7ec,7b0fc37536640ea81acfa0643beec557df7bb89dad264db9fe182d3999e6c7ec,True,,,not_explicit_in_available_metadata,https://pubmed.ncbi.nlm.nih.gov/36776149/,https://data.mendeley.com/datasets/xjtv62ncwr/1,,CC-BY-NC-SA-4.0,CC BY 4.0,provider_label_retained_not_individual_legal_clearance,Homo sapiens,Visium,Lung,True,2ad3e462348a6bf30bdd022c698e25ba8c80d26dc59f58566bf96bf56f1a0d06
MEND54,MahmoodLab/hest,MahmoodLab/hest:st/MEND54.h5ad,8b42ca7f80bc475644ac9a520bba7b9cccbce10d,local Hugging Face download receipt,st/MEND54.h5ad,https://huggingface.co/datasets/MahmoodLab/hest/resolve/8b42ca7f80bc475644ac9a520bba7b9cccbce10d/st/MEND54.h5ad,87817668ac4a2868aa0ccefe9b71733f2e645419ebe7702615ceb34c45110b76,87817668ac4a2868aa0ccefe9b71733f2e645419ebe7702615ceb34c45110b76,True,,,not_explicit_in_available_metadata,https://pubmed.ncbi.nlm.nih.gov/36776149/,https://data.mendeley.com/datasets/xjtv62ncwr/1,,CC-BY-NC-SA-4.0,CC BY 4.0,provider_label_retained_not_individual_legal_clearance,Homo sapiens,Visium,Kidney,True,3f39d6b6fb0cebbf29d17ee927eb28f3dd2b1533ed278e14d5cbaf38bc23d144
MEND55,MahmoodLab/hest,MahmoodLab/hest:st/MEND55.h5ad,8b42ca7f80bc475644ac9a520bba7b9cccbce10d,local Hugging Face download receipt,st/MEND55.h5ad,https://huggingface.co/datasets/MahmoodLab/hest/resolve/8b42ca7f80bc475644ac9a520bba7b9cccbce10d/st/MEND55.h5ad,017943f1ce79aa2235d51884554ea2a639156bea1a1f237b4198b5c426990a28,017943f1ce79aa2235d51884554ea2a639156bea1a1f237b4198b5c426990a28,True,,,not_explicit_in_available_metadata,https://pubmed.ncbi.nlm.nih.gov/36776149/,https://data.mendeley.com/datasets/xjtv62ncwr/1,,CC-BY-NC-SA-4.0,CC BY 4.0,provider_label_retained_not_individual_legal_clearance,Mus musculus,Visium,Brain,True,5c256c3dc16729180e39f31ce95b49fd98c41742689d82446a49690229dc679d
MEND59,MahmoodLab/hest,MahmoodLab/hest:st/MEND59.h5ad,8b42ca7f80bc475644ac9a520bba7b9cccbce10d,local Hugging Face download receipt,st/MEND59.h5ad,https://huggingface.co/datasets/MahmoodLab/hest/resolve/8b42ca7f80bc475644ac9a520bba7b9cccbce10d/st/MEND59.h5ad,cd11fdf0fecdbfbb070a475f8ea09ccd96271f38832491fb57637049f51d8a95,cd11fdf0fecdbfbb070a475f8ea09ccd96271f38832491fb57637049f51d8a95,True,,,not_explicit_in_available_metadata,https://www.nature.com/articles/s41467-023-36071-5,https://data.mendeley.com/datasets/4w6krnywhn/1,,CC-BY-NC-SA-4.0,CC BY 4.0,provider_label_retained_not_individual_legal_clearance,Homo sapiens,Visium,Prostate,True,ca852a7cf1d47a2f886a457b3f4ac7ed432839b4f28c523a2bd15a876c97e870
MEND6,MahmoodLab/hest,MahmoodLab/hest:st/MEND6.h5ad,8b42ca7f80bc475644ac9a520bba7b9cccbce10d,local Hugging Face download receipt,st/MEND6.h5ad,https://huggingface.co/datasets/MahmoodLab/hest/resolve/8b42ca7f80bc475644ac9a520bba7b9cccbce10d/st/MEND6.h5ad,5d99e78c2cfdb64e2095efabc1dc6c9ff25fa54a752afc4d201905b879fa84dd,5d99e78c2cfdb64e2095efabc1dc6c9ff25fa54a752afc4d201905b879fa84dd,True,,,not_explicit_in_available_metadata,https://www.ncbi.nlm.nih.gov/pmc/articles/PMC9482614/,https://data.mendeley.com/datasets/mdt8n2xgf4/1,,CC-BY-NC-SA-4.0,CC BY 4.0,provider_label_retained_not_individual_legal_clearance,Homo sapiens,Spatial Transcriptomics,Prostate,True,f7e4ffe7e7a673c41d791ab65b2ea0af385f7f00387e85e501ac01978b675733
MEND60,MahmoodLab/hest,MahmoodLab/hest:st/MEND60.h5ad,8b42ca7f80bc475644ac9a520bba7b9cccbce10d,local Hugging Face download receipt,st/MEND60.h5ad,https://huggingface.co/datasets/MahmoodLab/hest/resolve/8b42ca7f80bc475644ac9a520bba7b9cccbce10d/st/MEND60.h5ad,e04ce1061d1f0719a54bfdb28ee155cdaa696579f8b7b72ba07f60e2749477ab,e04ce1061d1f0719a54bfdb28ee155cdaa696579f8b7b72ba07f60e2749477ab,True,,,not_explicit_in_available_metadata,https://www.nature.com/articles/s41467-023-36071-5,https://data.mendeley.com/datasets/4w6krnywhn/1,,CC-BY-NC-SA-4.0,CC BY 4.0,provider_label_retained_not_individual_legal_clearance,Homo sapiens,Visium,Prostate,True,6d5d7fdbc7c4afc857b6ec9ac711fa0b258debd7cb5df52d2e01af3ec17ced66
MEND61,MahmoodLab/hest,MahmoodLab/hest:st/MEND61.h5ad,8b42ca7f80bc475644ac9a520bba7b9cccbce10d,local Hugging Face download receipt,st/MEND61.h5ad,https://huggingface.co/datasets/MahmoodLab/hest/resolve/8b42ca7f80bc475644ac9a520bba7b9cccbce10d/st/MEND61.h5ad,3583b16dbe59fd11f8167b793c464a6b71dc42ec3ba60709ff3ffb893f5be2cb,3583b16dbe59fd11f8167b793c464a6b71dc42ec3ba60709ff3ffb893f5be2cb,True,,,not_explicit_in_available_metadata,https://www.nature.com/articles/s41467-023-36071-5,https://data.mendeley.com/datasets/4w6krnywhn/1,,CC-BY-NC-SA-4.0,CC BY 4.0,provider_label_retained_not_individual_legal_clearance,Homo sapiens,Visium,Prostate,True,e8367b2d1fe0172f42c07c737a3785a2e0a875fe0eb029d26c398270f45fe5c5
MEND62,MahmoodLab/hest,MahmoodLab/hest:st/MEND62.h5ad,8b42ca7f80bc475644ac9a520bba7b9cccbce10d,local Hugging Face download receipt,st/MEND62.h5ad,https://huggingface.co/datasets/MahmoodLab/hest/resolve/8b42ca7f80bc475644ac9a520bba7b9cccbce10d/st/MEND62.h5ad,d62b564d634b62fc5003304c8b1e788d4de43f63afa8ba1d50c523bbd4329cb8,d62b564d634b62fc5003304c8b1e788d4de43f63afa8ba1d50c523bbd4329cb8,True,,,not_explicit_in_available_metadata,https://www.nature.com/articles/s41467-023-36071-5,https://data.mendeley.com/datasets/4w6krnywhn/1,,CC-BY-NC-SA-4.0,CC BY 4.0,provider_label_retained_not_individual_legal_clearance,Homo sapiens,Visium,Prostate,True,2a160bac39fe216fc5f18496090dc64be60e40f22d862a268540520f35f86fa2
MEND63,MahmoodLab/hest,MahmoodLab/hest:st/MEND63.h5ad,8b42ca7f80bc475644ac9a520bba7b9cccbce10d,local Hugging Face download receipt,st/MEND63.h5ad,https://huggingface.co/datasets/MahmoodLab/hest/resolve/8b42ca7f80bc475644ac9a520bba7b9cccbce10d/st/MEND63.h5ad,74e0884ee77e71b55660e07fdf1041f3cc7866facf363ce99850919e6c78a186,74e0884ee77e71b55660e07fdf1041f3cc7866facf363ce99850919e6c78a186,True,,,not_explicit_in_available_metadata,https://www.nature.com/articles/s41467-023-36071-5,https://data.mendeley.com/datasets/4w6krnywhn/1,,CC-BY-NC-SA-4.0,CC BY 4.0,provider_label_retained_not_individual_legal_clearance,Homo sapiens,Visium,Brain,True,1d6c9e26175a67db46d64e39149b25b79914cc2eac282a60da46d0a9589c966d
MEND64,MahmoodLab/hest,MahmoodLab/hest:st/MEND64.h5ad,8b42ca7f80bc475644ac9a520bba7b9cccbce10d,local Hugging Face download receipt,st/MEND64.h5ad,https://huggingface.co/datasets/MahmoodLab/hest/resolve/8b42ca7f80bc475644ac9a520bba7b9cccbce10d/st/MEND64.h5ad,3e8f6cc93a400f42f4af238d1e1c4501128dbc9f67d7125eebcaf3d06c15dd26,3e8f6cc93a400f42f4af238d1e1c4501128dbc9f67d7125eebcaf3d06c15dd26,True,,,not_explicit_in_available_metadata,https://www.nature.com/articles/s41467-023-36071-5,https://data.mendeley.com/datasets/4w6krnywhn/1,,CC-BY-NC-SA-4.0,CC BY 4.0,provider_label_retained_not_individual_legal_clearance,Homo sapiens,Visium,Brain,True,2e86a0b1d5edb28314bcb2f9b67ad0db6c8c29ad5eded3f9574424d853a26a62
MEND65,MahmoodLab/hest,MahmoodLab/hest:st/MEND65.h5ad,8b42ca7f80bc475644ac9a520bba7b9cccbce10d,local Hugging Face download receipt,st/MEND65.h5ad,https://huggingface.co/datasets/MahmoodLab/hest/resolve/8b42ca7f80bc475644ac9a520bba7b9cccbce10d/st/MEND65.h5ad,c86faf75025ec8fdba05e05a95c90d4bc49480944d10722ce9cf039d6555c463,c86faf75025ec8fdba05e05a95c90d4bc49480944d10722ce9cf039d6555c463,True,,,not_explicit_in_available_metadata,https://www.nature.com/articles/s41467-023-36071-5,https://data.mendeley.com/datasets/4w6krnywhn/1,,CC-BY-NC-SA-4.0,CC BY 4.0,provider_label_retained_not_individual_legal_clearance,Homo sapiens,Visium,Brain,True,67947aacdb7e76f1a006053d9172b8f7b4b7d60a3beae97ebc75d171400ed8e5
MEND66,MahmoodLab/hest,MahmoodLab/hest:st/MEND66.h5ad,8b42ca7f80bc475644ac9a520bba7b9cccbce10d,local Hugging Face download receipt,st/MEND66.h5ad,https://huggingface.co/datasets/MahmoodLab/hest/resolve/8b42ca7f80bc475644ac9a520bba7b9cccbce10d/st/MEND66.h5ad,62e009a2168b8731cfc2f5eb913ea8e1da7337f58a7a83abf4126487b9e485e3,62e009a2168b8731cfc2f5eb913ea8e1da7337f58a7a83abf4126487b9e485e3,True,,,not_explicit_in_available_metadata,https://www.nature.com/articles/s41467-023-36071-5,https://data.mendeley.com/datasets/4w6krnywhn/1,,CC-BY-NC-SA-4.0,CC BY 4.0,provider_label_retained_not_individual_legal_clearance,Homo sapiens,Visium,Brain,True,08afc5215b29719e9bfefc545897ff75de69f57f07b903fdd53fbc1e86b0eff7
MEND67,MahmoodLab/hest,MahmoodLab/hest:st/MEND67.h5ad,8b42ca7f80bc475644ac9a520bba7b9cccbce10d,local Hugging Face download receipt,st/MEND67.h5ad,https://huggingface.co/datasets/MahmoodLab/hest/resolve/8b42ca7f80bc475644ac9a520bba7b9cccbce10d/st/MEND67.h5ad,e0d41e687ece4bac13e9ea2f56bdcbd8c6172a25c1bef3d68775a2d4b919cce4,e0d41e687ece4bac13e9ea2f56bdcbd8c6172a25c1bef3d68775a2d4b919cce4,True,,,not_explicit_in_available_metadata,https://www.nature.com/articles/s41467-023-36071-5,https://data.mendeley.com/datasets/4w6krnywhn/1,,CC-BY-NC-SA-4.0,CC BY 4.0,provider_label_retained_not_individual_legal_clearance,Homo sapiens,Visium,Brain,True,34165b6eeb3f070c14faf2a8b762dda8eabfc76d0151810e31c314f1c214da58
MEND68,MahmoodLab/hest,MahmoodLab/hest:st/MEND68.h5ad,8b42ca7f80bc475644ac9a520bba7b9cccbce10d,local Hugging Face download receipt,st/MEND68.h5ad,https://huggingface.co/datasets/MahmoodLab/hest/resolve/8b42ca7f80bc475644ac9a520bba7b9cccbce10d/st/MEND68.h5ad,1b51a7d9aa1cf7653f8f56ca2667116336be8c6e30096d16a2c90935e7064474,1b51a7d9aa1cf7653f8f56ca2667116336be8c6e30096d16a2c90935e7064474,True,,,not_explicit_in_available_metadata,https://www.nature.com/articles/s41467-023-36071-5,https://data.mendeley.com/datasets/4w6krnywhn/1,,CC-BY-NC-SA-4.0,CC BY 4.0,provider_label_retained_not_individual_legal_clearance,Homo sapiens,Visium,Brain,True,a546090d9fdcee61c4662712da02635cd8ee04c58fce1d1bdfce8fe4e05cb3ab
MEND71,MahmoodLab/hest,MahmoodLab/hest:st/MEND71.h5ad,8b42ca7f80bc475644ac9a520bba7b9cccbce10d,local Hugging Face download receipt,st/MEND71.h5ad,https://huggingface.co/datasets/MahmoodLab/hest/resolve/8b42ca7f80bc475644ac9a520bba7b9cccbce10d/st/MEND71.h5ad,851c3667f2cb58e56e762c101d472b9bb1f0b5d701788d156b08ab33d2a3262f,851c3667f2cb58e56e762c101d472b9bb1f0b5d701788d156b08ab33d2a3262f,True,,,not_explicit_in_available_metadata,https://www.nature.com/articles/s41467-023-36071-5,https://data.mendeley.com/datasets/4w6krnywhn/1,,CC-BY-NC-SA-4.0,CC BY 4.0,provider_label_retained_not_individual_legal_clearance,Mus musculus,Visium,Brain,True,6301e2ce70f52cd46a4aed3c53f4f253e5e10b6b9f5ce9f8e6ddd5ac2e5998dd
MEND72,MahmoodLab/hest,MahmoodLab/hest:st/MEND72.h5ad,8b42ca7f80bc475644ac9a520bba7b9cccbce10d,local Hugging Face download receipt,st/MEND72.h5ad,https://huggingface.co/datasets/MahmoodLab/hest/resolve/8b42ca7f80bc475644ac9a520bba7b9cccbce10d/st/MEND72.h5ad,653aa96b068c4e8e9ed7c0c00cfbe50def2ee73d78d1ec46e38088c449554834,653aa96b068c4e8e9ed7c0c00cfbe50def2ee73d78d1ec46e38088c449554834,True,,,not_explicit_in_available_metadata,https://www.nature.com/articles/s41467-023-36071-5,https://data.mendeley.com/datasets/4w6krnywhn/1,,CC-BY-NC-SA-4.0,CC BY 4.0,provider_label_retained_not_individual_legal_clearance,Mus musculus,Visium,Brain,True,da3edb924ce0f10b2c1f4eb05f21aead941510c0cafec90b4b47ef824f5edb6c
MEND73,MahmoodLab/hest,MahmoodLab/hest:st/MEND73.h5ad,8b42ca7f80bc475644ac9a520bba7b9cccbce10d,local Hugging Face download receipt,st/MEND73.h5ad,https://huggingface.co/datasets/MahmoodLab/hest/resolve/8b42ca7f80bc475644ac9a520bba7b9cccbce10d/st/MEND73.h5ad,6ee165ddb420bc7ca03f0af4eb35372709eb6c85e319f60cfdb033aa47a01bc4,6ee165ddb420bc7ca03f0af4eb35372709eb6c85e319f60cfdb033aa47a01bc4,True,,,not_explicit_in_available_metadata,https://www.nature.com/articles/s41467-023-36071-5,https://data.mendeley.com/datasets/4w6krnywhn/1,,CC-BY-NC-SA-4.0,CC BY 4.0,provider_label_retained_not_individual_legal_clearance,Mus musculus,Visium,Brain,True,927876416a8bce011f7fa0ca3e1f4973d54379b2f3b96e8ee2c0e315303d39d2
MEND75,MahmoodLab/hest,MahmoodLab/hest:st/MEND75.h5ad,8b42ca7f80bc475644ac9a520bba7b9cccbce10d,local Hugging Face download receipt,st/MEND75.h5ad,https://huggingface.co/datasets/MahmoodLab/hest/resolve/8b42ca7f80bc475644ac9a520bba7b9cccbce10d/st/MEND75.h5ad,d99d7199f603072418b0867ce266ce1c7fc0895fd72d6fda7dbb713b8cec789b,d99d7199f603072418b0867ce266ce1c7fc0895fd72d6fda7dbb713b8cec789b,True,,,not_explicit_in_available_metadata,https://www.nature.com/articles/s41467-023-36071-5,https://data.mendeley.com/datasets/4w6krnywhn/1,,CC-BY-NC-SA-4.0,CC BY 4.0,provider_label_retained_not_individual_legal_clearance,Mus musculus,Visium,Brain,True,53f5c4da8771ebcae05378739061e961e22dae4a6ffba70e667c0eb8976d7704
MEND76,MahmoodLab/hest,MahmoodLab/hest:st/MEND76.h5ad,8b42ca7f80bc475644ac9a520bba7b9cccbce10d,local Hugging Face download receipt,st/MEND76.h5ad,https://huggingface.co/datasets/MahmoodLab/hest/resolve/8b42ca7f80bc475644ac9a520bba7b9cccbce10d/st/MEND76.h5ad,1cd2e5acde9ee1a559c73087e6508bc87e21d8a1c46fcd845578db6f7fb99234,1cd2e5acde9ee1a559c73087e6508bc87e21d8a1c46fcd845578db6f7fb99234,True,,,not_explicit_in_available_metadata,https://www.nature.com/articles/s41467-023-36071-5,https://data.mendeley.com/datasets/4w6krnywhn/1,,CC-BY-NC-SA-4.0,CC BY 4.0,provider_label_retained_not_individual_legal_clearance,Mus musculus,Visium,Brain,True,a431c362535f8f7e0546348957c9ec47edf6db2469da191ab7d9a59bd3968dc1
MEND77,MahmoodLab/hest,MahmoodLab/hest:st/MEND77.h5ad,8b42ca7f80bc475644ac9a520bba7b9cccbce10d,local Hugging Face download receipt,st/MEND77.h5ad,https://huggingface.co/datasets/MahmoodLab/hest/resolve/8b42ca7f80bc475644ac9a520bba7b9cccbce10d/st/MEND77.h5ad,b85db4f5dfa8806d899249d75f7826e88aa6f1672de659e261fd8e2c68db1238,b85db4f5dfa8806d899249d75f7826e88aa6f1672de659e261fd8e2c68db1238,True,,,not_explicit_in_available_metadata,https://www.nature.com/articles/s41467-023-36071-5,https://data.mendeley.com/datasets/4w6krnywhn/1,,CC-BY-NC-SA-4.0,CC BY 4.0,provider_label_retained_not_individual_legal_clearance,Mus musculus,Visium,Brain,True,63b53ee1e0f5652410f4bce4410f892fad06fc8bdc5e9d3aee8ca579dfaf9bec
MEND79,MahmoodLab/hest,MahmoodLab/hest:st/MEND79.h5ad,8b42ca7f80bc475644ac9a520bba7b9cccbce10d,local Hugging Face download receipt,st/MEND79.h5ad,https://huggingface.co/datasets/MahmoodLab/hest/resolve/8b42ca7f80bc475644ac9a520bba7b9cccbce10d/st/MEND79.h5ad,9ab6b4b9b2b8a391685bd5e4811ef89ef72e9a04ea92b94e3ba9251a9624b5a5,9ab6b4b9b2b8a391685bd5e4811ef89ef72e9a04ea92b94e3ba9251a9624b5a5,True,,,not_explicit_in_available_metadata,https://www.nature.com/articles/s41467-023-36071-5,https://data.mendeley.com/datasets/4w6krnywhn/1,,CC-BY-NC-SA-4.0,CC BY 4.0,provider_label_retained_not_individual_legal_clearance,Mus musculus,Visium,Bone,True,c9963c21b197d60d66a7c2156bd5d653e8e8f7403cbab5c9ee1c48e30b0a17cc
MEND8,MahmoodLab/hest,MahmoodLab/hest:st/MEND8.h5ad,8b42ca7f80bc475644ac9a520bba7b9cccbce10d,local Hugging Face download receipt,st/MEND8.h5ad,https://huggingface.co/datasets/MahmoodLab/hest/resolve/8b42ca7f80bc475644ac9a520bba7b9cccbce10d/st/MEND8.h5ad,09ef9ca9917dcd5559297b189694ebf714614f81950361519e278f1c0be45a6b,09ef9ca9917dcd5559297b189694ebf714614f81950361519e278f1c0be45a6b,True,,,not_explicit_in_available_metadata,https://www.ncbi.nlm.nih.gov/pmc/articles/PMC9482614/,https://data.mendeley.com/datasets/mdt8n2xgf4/1,,CC-BY-NC-SA-4.0,CC BY 4.0,provider_label_retained_not_individual_legal_clearance,Homo sapiens,Spatial Transcriptomics,Prostate,True,3c8927bb96b670a4a2326914327a99c89ccbbf4dea0afab7d320cbbe0d709f6a
MEND80,MahmoodLab/hest,MahmoodLab/hest:st/MEND80.h5ad,8b42ca7f80bc475644ac9a520bba7b9cccbce10d,local Hugging Face download receipt,st/MEND80.h5ad,https://huggingface.co/datasets/MahmoodLab/hest/resolve/8b42ca7f80bc475644ac9a520bba7b9cccbce10d/st/MEND80.h5ad,434dd5ac847f08f7d9124c59012c9508714c0019aa6275948ed890dc22402d93,434dd5ac847f08f7d9124c59012c9508714c0019aa6275948ed890dc22402d93,True,,,not_explicit_in_available_metadata,https://www.nature.com/articles/s41467-023-36071-5,https://data.mendeley.com/datasets/4w6krnywhn/1,,CC-BY-NC-SA-4.0,CC BY 4.0,provider_label_retained_not_individual_legal_clearance,Mus musculus,Visium,Bone,True,b934bbdab52e88f334ca3c73804df60cbe41e370d60b8fac1f02cfe18b02d77f
MEND82,MahmoodLab/hest,MahmoodLab/hest:st/MEND82.h5ad,8b42ca7f80bc475644ac9a520bba7b9cccbce10d,local Hugging Face download receipt,st/MEND82.h5ad,https://huggingface.co/datasets/MahmoodLab/hest/resolve/8b42ca7f80bc475644ac9a520bba7b9cccbce10d/st/MEND82.h5ad,4694e10179059da8819eecca40fc9ed9e3e42ceae0f6d068f50e6d4eb5bb04eb,4694e10179059da8819eecca40fc9ed9e3e42ceae0f6d068f50e6d4eb5bb04eb,True,,,not_explicit_in_available_metadata,https://www.nature.com/articles/s41467-023-36071-5,https://data.mendeley.com/datasets/4w6krnywhn/1,,CC-BY-NC-SA-4.0,CC BY 4.0,provider_label_retained_not_individual_legal_clearance,Mus musculus,Visium,Bone,True,0bccff10a275613882d35cfeae83db389be701fe81ab925276af1b96fbd63ec9
MEND83,MahmoodLab/hest,MahmoodLab/hest:st/MEND83.h5ad,8b42ca7f80bc475644ac9a520bba7b9cccbce10d,local Hugging Face download receipt,st/MEND83.h5ad,https://huggingface.co/datasets/MahmoodLab/hest/resolve/8b42ca7f80bc475644ac9a520bba7b9cccbce10d/st/MEND83.h5ad,859d9906d14a824a396ecc17f1b27451243a153c50601aba34b3885aec2b613d,859d9906d14a824a396ecc17f1b27451243a153c50601aba34b3885aec2b613d,True,,,not_explicit_in_available_metadata,https://www.nature.com/articles/s41467-023-36071-5,https://data.mendeley.com/datasets/4w6krnywhn/1,,CC-BY-NC-SA-4.0,CC BY 4.0,provider_label_retained_not_individual_legal_clearance,Mus musculus,Visium,Bone,True,472bf5ff87c0d12a37be810e148af2e5bcb3539b5e23a3470232aa6dd0d1c764
MEND84,MahmoodLab/hest,MahmoodLab/hest:st/MEND84.h5ad,8b42ca7f80bc475644ac9a520bba7b9cccbce10d,local Hugging Face download receipt,st/MEND84.h5ad,https://huggingface.co/datasets/MahmoodLab/hest/resolve/8b42ca7f80bc475644ac9a520bba7b9cccbce10d/st/MEND84.h5ad,c39ebc4540d9fe9214c0ce6e73aac7d417036213bf165f510edb3591bad644bf,c39ebc4540d9fe9214c0ce6e73aac7d417036213bf165f510edb3591bad644bf,True,,,not_explicit_in_available_metadata,https://www.nature.com/articles/s41467-023-36071-5,https://data.mendeley.com/datasets/4w6krnywhn/1,,CC-BY-NC-SA-4.0,CC BY 4.0,provider_label_retained_not_individual_legal_clearance,Mus musculus,Visium,Bone,True,3b0a1d9e602f2c3ebc229502bf23202c4ac668b6c1982b179d8874f0fb94d828
MEND85,MahmoodLab/hest,MahmoodLab/hest:st/MEND85.h5ad,8b42ca7f80bc475644ac9a520bba7b9cccbce10d,local Hugging Face download receipt,st/MEND85.h5ad,https://huggingface.co/datasets/MahmoodLab/hest/resolve/8b42ca7f80bc475644ac9a520bba7b9cccbce10d/st/MEND85.h5ad,d615b38e84f3d3eb82ab77a2bc6b5f57907c77a306fa22a62a0d97874c2451e4,d615b38e84f3d3eb82ab77a2bc6b5f57907c77a306fa22a62a0d97874c2451e4,True,,,not_explicit_in_available_metadata,https://www.nature.com/articles/s41467-023-36071-5,https://data.mendeley.com/datasets/4w6krnywhn/1,,CC-BY-NC-SA-4.0,CC BY 4.0,provider_label_retained_not_individual_legal_clearance,Homo sapiens,Visium,Lung,True,946ac1131840c52a7abcc29f44bb094cc43378ad0092fae9d037a1cd5b4d5a79
MEND86,MahmoodLab/hest,MahmoodLab/hest:st/MEND86.h5ad,8b42ca7f80bc475644ac9a520bba7b9cccbce10d,local Hugging Face download receipt,st/MEND86.h5ad,https://huggingface.co/datasets/MahmoodLab/hest/resolve/8b42ca7f80bc475644ac9a520bba7b9cccbce10d/st/MEND86.h5ad,1d8c3fd0173ed4ea92965965994f60dd24015dce0a91e0328f804bf2338dcdcc,1d8c3fd0173ed4ea92965965994f60dd24015dce0a91e0328f804bf2338dcdcc,True,,,not_explicit_in_available_metadata,https://www.nature.com/articles/s41467-023-36071-5,https://data.mendeley.com/datasets/4w6krnywhn/1,,CC-BY-NC-SA-4.0,CC BY 4.0,provider_label_retained_not_individual_legal_clearance,Homo sapiens,Visium,Lung,True,2c6e6da27f8b8850b67a89cedc8dd0c01f0bca2a1093eed9e3d946072171733a
MEND87,MahmoodLab/hest,MahmoodLab/hest:st/MEND87.h5ad,8b42ca7f80bc475644ac9a520bba7b9cccbce10d,local Hugging Face download receipt,st/MEND87.h5ad,https://huggingface.co/datasets/MahmoodLab/hest/resolve/8b42ca7f80bc475644ac9a520bba7b9cccbce10d/st/MEND87.h5ad,a0d200a528afe241a94b7006dad9b68d9536c84174ef836dac2d876e3e79e9e3,a0d200a528afe241a94b7006dad9b68d9536c84174ef836dac2d876e3e79e9e3,True,,,not_explicit_in_available_metadata,https://www.nature.com/articles/s41467-023-36071-5,https://data.mendeley.com/datasets/4w6krnywhn/1,,CC-BY-NC-SA-4.0,CC BY 4.0,provider_label_retained_not_individual_legal_clearance,Homo sapiens,Visium,Lung,True,e217022666dbc32a184068cd485059f79ada5aeaeae2302f674d31c24e6fe7c3
MEND88,MahmoodLab/hest,MahmoodLab/hest:st/MEND88.h5ad,8b42ca7f80bc475644ac9a520bba7b9cccbce10d,local Hugging Face download receipt,st/MEND88.h5ad,https://huggingface.co/datasets/MahmoodLab/hest/resolve/8b42ca7f80bc475644ac9a520bba7b9cccbce10d/st/MEND88.h5ad,8f13d8a3bcde5a062a2f6394e62b554b94c3a45a79cf7b8f9348b00e38cff8bf,8f13d8a3bcde5a062a2f6394e62b554b94c3a45a79cf7b8f9348b00e38cff8bf,True,,,not_explicit_in_available_metadata,https://www.nature.com/articles/s41467-023-36071-5,https://data.mendeley.com/datasets/4w6krnywhn/1,,CC-BY-NC-SA-4.0,CC BY 4.0,provider_label_retained_not_individual_legal_clearance,Homo sapiens,Visium,Lung,True,cdb128f41058d541dd041bbf9463250a5538db4ce15af16f41d29ce431b208b8
MEND89,MahmoodLab/hest,MahmoodLab/hest:st/MEND89.h5ad,8b42ca7f80bc475644ac9a520bba7b9cccbce10d,local Hugging Face download receipt,st/MEND89.h5ad,https://huggingface.co/datasets/MahmoodLab/hest/resolve/8b42ca7f80bc475644ac9a520bba7b9cccbce10d/st/MEND89.h5ad,5b5e5cf5206d081acf8e01e80d1d98e9629c019bf62ad5cbc66e6dad245290dc,5b5e5cf5206d081acf8e01e80d1d98e9629c019bf62ad5cbc66e6dad245290dc,True,,,not_explicit_in_available_metadata,https://www.nature.com/articles/s41467-023-36071-5,https://data.mendeley.com/datasets/4w6krnywhn/1,,CC-BY-NC-SA-4.0,CC BY 4.0,provider_label_retained_not_individual_legal_clearance,Homo sapiens,Visium,Lung,True,be07f86bb52d2f2b14e772109521f07bfb4410e78ce4c1ee421ca1519408bb6b
MEND9,MahmoodLab/hest,MahmoodLab/hest:st/MEND9.h5ad,8b42ca7f80bc475644ac9a520bba7b9cccbce10d,local Hugging Face download receipt,st/MEND9.h5ad,https://huggingface.co/datasets/MahmoodLab/hest/resolve/8b42ca7f80bc475644ac9a520bba7b9cccbce10d/st/MEND9.h5ad,87d94a421b1a0cf83bd11e2dc1e670713a1baa335f0a30ecfa245ad2dc2204f7,87d94a421b1a0cf83bd11e2dc1e670713a1baa335f0a30ecfa245ad2dc2204f7,True,,,not_explicit_in_available_metadata,https://www.ncbi.nlm.nih.gov/pmc/articles/PMC9482614/,https://data.mendeley.com/datasets/mdt8n2xgf4/1,,CC-BY-NC-SA-4.0,CC BY 4.0,provider_label_retained_not_individual_legal_clearance,Homo sapiens,Spatial Transcriptomics,Prostate,True,25481304e5dc4401f098a082b447b743a2c230ed9367eb12f8e9a36c91f7b94f
MEND90,MahmoodLab/hest,MahmoodLab/hest:st/MEND90.h5ad,8b42ca7f80bc475644ac9a520bba7b9cccbce10d,local Hugging Face download receipt,st/MEND90.h5ad,https://huggingface.co/datasets/MahmoodLab/hest/resolve/8b42ca7f80bc475644ac9a520bba7b9cccbce10d/st/MEND90.h5ad,24302a3fbd53f004bca3680aeb0a4faae21a19ebc3962bc23818a7a76ecb3f31,24302a3fbd53f004bca3680aeb0a4faae21a19ebc3962bc23818a7a76ecb3f31,True,,,not_explicit_in_available_metadata,https://www.nature.com/articles/s41467-023-36071-5,https://data.mendeley.com/datasets/4w6krnywhn/1,,CC-BY-NC-SA-4.0,CC BY 4.0,provider_label_retained_not_individual_legal_clearance,Homo sapiens,Visium,Lung,True,618c5754e18dae0908234d008cd8f1a7bfe6fd5e4f97e6296297855fbb2c4cba
MEND91,MahmoodLab/hest,MahmoodLab/hest:st/MEND91.h5ad,8b42ca7f80bc475644ac9a520bba7b9cccbce10d,local Hugging Face download receipt,st/MEND91.h5ad,https://huggingface.co/datasets/MahmoodLab/hest/resolve/8b42ca7f80bc475644ac9a520bba7b9cccbce10d/st/MEND91.h5ad,6feac06cd009999cd689c4fb861d98e0808dfd9faabe9114471a7885758d8892,6feac06cd009999cd689c4fb861d98e0808dfd9faabe9114471a7885758d8892,True,,,not_explicit_in_available_metadata,https://www.nature.com/articles/s41467-023-36071-5,https://data.mendeley.com/datasets/4w6krnywhn/1,,CC-BY-NC-SA-4.0,CC BY 4.0,provider_label_retained_not_individual_legal_clearance,Homo sapiens,Visium,Bowel,True,8eb0f8f7c388c3bb11d5b09e8f78816d945c8f649b17293f0051ac4b2e3867b3
MEND93,MahmoodLab/hest,MahmoodLab/hest:st/MEND93.h5ad,8b42ca7f80bc475644ac9a520bba7b9cccbce10d,local Hugging Face download receipt,st/MEND93.h5ad,https://huggingface.co/datasets/MahmoodLab/hest/resolve/8b42ca7f80bc475644ac9a520bba7b9cccbce10d/st/MEND93.h5ad,b7d8dc15e3f153b19ac10a0dbe73d4542c3b0a7d55c992267b62ec39e7dc0fc7,b7d8dc15e3f153b19ac10a0dbe73d4542c3b0a7d55c992267b62ec39e7dc0fc7,True,,,not_explicit_in_available_metadata,https://www.nature.com/articles/s41467-023-36071-5,https://data.mendeley.com/datasets/4w6krnywhn/1,,CC-BY-NC-SA-4.0,CC BY 4.0,provider_label_retained_not_individual_legal_clearance,Homo sapiens,Visium,Bowel,True,5cff243706e561fde8d5a607660ab01da0b7cce3c7202a577248072c670f257d
MEND95,MahmoodLab/hest,MahmoodLab/hest:st/MEND95.h5ad,8b42ca7f80bc475644ac9a520bba7b9cccbce10d,local Hugging Face download receipt,st/MEND95.h5ad,https://huggingface.co/datasets/MahmoodLab/hest/resolve/8b42ca7f80bc475644ac9a520bba7b9cccbce10d/st/MEND95.h5ad,3d12ee3a571c2835c50dabb886aa7e9894c8fe3cb0ef14eeacdb792d68b2c6c4,3d12ee3a571c2835c50dabb886aa7e9894c8fe3cb0ef14eeacdb792d68b2c6c4,True,,,not_explicit_in_available_metadata,https://www.nature.com/articles/s41467-023-36071-5,https://data.mendeley.com/datasets/4w6krnywhn/1,,CC-BY-NC-SA-4.0,CC BY 4.0,provider_label_retained_not_individual_legal_clearance,Homo sapiens,Visium,Bowel,True,310bdb9c547f63254d6f7f83a8e6b8b4165cc37e5df02e8183e837bfbd73e189
MEND96,MahmoodLab/hest,MahmoodLab/hest:st/MEND96.h5ad,8b42ca7f80bc475644ac9a520bba7b9cccbce10d,local Hugging Face download receipt,st/MEND96.h5ad,https://huggingface.co/datasets/MahmoodLab/hest/resolve/8b42ca7f80bc475644ac9a520bba7b9cccbce10d/st/MEND96.h5ad,65c3bb9726c9cab5501de288a098121d78b81438bcb987de5d02da84a3ea50d6,65c3bb9726c9cab5501de288a098121d78b81438bcb987de5d02da84a3ea50d6,True,,,not_explicit_in_available_metadata,https://www.nature.com/articles/s41467-023-36071-5,https://data.mendeley.com/datasets/4w6krnywhn/1,,CC-BY-NC-SA-4.0,CC BY 4.0,provider_label_retained_not_individual_legal_clearance,Homo sapiens,Visium,Bowel,True,5fb861131e0505a23515846b3d8d93438055f0c73abb1a9689a4e9ae31efbf48
MISC10,MahmoodLab/hest,MahmoodLab/hest:st/MISC10.h5ad,8b42ca7f80bc475644ac9a520bba7b9cccbce10d,local Hugging Face download receipt,st/MISC10.h5ad,https://huggingface.co/datasets/MahmoodLab/hest/resolve/8b42ca7f80bc475644ac9a520bba7b9cccbce10d/st/MISC10.h5ad,83775c3d9f3df49b93ee707a36c080b5b149bdfb1bfb1350868c9af4b5ca3e23,83775c3d9f3df49b93ee707a36c080b5b149bdfb1bfb1350868c9af4b5ca3e23,True,,,not_explicit_in_available_metadata,https://www.nature.com/articles/s41593-020-00787-0#data-availability,https://github.com/LieberInstitute/spatialLIBD#raw-data,,CC-BY-NC-SA-4.0,,original_label_requires_clarification,Homo sapiens,Visium,Brain,True,78a523f1f0fac0c5751d6bec6675377bf5a7c75674f4fa2252c041ca5f954bb8
MISC11,MahmoodLab/hest,MahmoodLab/hest:st/MISC11.h5ad,8b42ca7f80bc475644ac9a520bba7b9cccbce10d,local Hugging Face download receipt,st/MISC11.h5ad,https://huggingface.co/datasets/MahmoodLab/hest/resolve/8b42ca7f80bc475644ac9a520bba7b9cccbce10d/st/MISC11.h5ad,2008ba261a010ed9c766e02dc8ae0a2cc815509822e78656cf6a6517f6d4f3ae,2008ba261a010ed9c766e02dc8ae0a2cc815509822e78656cf6a6517f6d4f3ae,True,,,not_explicit_in_available_metadata,https://www.nature.com/articles/s41593-020-00787-0#data-availability,https://github.com/LieberInstitute/spatialLIBD#raw-data,,CC-BY-NC-SA-4.0,,original_label_requires_clarification,Homo sapiens,Visium,Brain,True,bda71f0ff64ec12e509aa108677936a1907698acc88647f264343d88a59b3bdf
MISC12,MahmoodLab/hest,MahmoodLab/hest:st/MISC12.h5ad,8b42ca7f80bc475644ac9a520bba7b9cccbce10d,local Hugging Face download receipt,st/MISC12.h5ad,https://huggingface.co/datasets/MahmoodLab/hest/resolve/8b42ca7f80bc475644ac9a520bba7b9cccbce10d/st/MISC12.h5ad,aeb381345bd84d777d62c0284e071404c8b3b34bc01f84c77ca8190db5392b28,aeb381345bd84d777d62c0284e071404c8b3b34bc01f84c77ca8190db5392b28,True,,,not_explicit_in_available_metadata,https://www.nature.com/articles/s41593-020-00787-0#data-availability,https://github.com/LieberInstitute/spatialLIBD#raw-data,,CC-BY-NC-SA-4.0,,original_label_requires_clarification,Homo sapiens,Visium,Brain,True,2de03190d88abfc94d41b690081e7bf149880f7f443547980ce0ee257103adcf
MISC13,MahmoodLab/hest,MahmoodLab/hest:st/MISC13.h5ad,8b42ca7f80bc475644ac9a520bba7b9cccbce10d,local Hugging Face download receipt,st/MISC13.h5ad,https://huggingface.co/datasets/MahmoodLab/hest/resolve/8b42ca7f80bc475644ac9a520bba7b9cccbce10d/st/MISC13.h5ad,f60bdedadabe94ae71fff632f29e441a79f7e09c0c54b207efcd4a0b6088e1ff,f60bdedadabe94ae71fff632f29e441a79f7e09c0c54b207efcd4a0b6088e1ff,True,,,not_explicit_in_available_metadata,https://www.nature.com/articles/s41588-022-01243-4,https://explore.data.humancellatlas.org/projects/957261f7-2bd6-4358-a6ed-24ee080d5cfc,,CC-BY-NC-SA-4.0,Creative Commons Attribution 4.0 International License,provider_label_retained_not_individual_legal_clearance,Homo sapiens,Visium,Lung,True,97ba11a74264c2af176548766f0fdd52d668e1bc77ffe1532b6c0cbf145f6f4a
MISC14,MahmoodLab/hest,MahmoodLab/hest:st/MISC14.h5ad,8b42ca7f80bc475644ac9a520bba7b9cccbce10d,local Hugging Face download receipt,st/MISC14.h5ad,https://huggingface.co/datasets/MahmoodLab/hest/resolve/8b42ca7f80bc475644ac9a520bba7b9cccbce10d/st/MISC14.h5ad,e09884666b90518a6322e16c45a309438f3c2f3718d58cdf81777c97b5b87da0,e09884666b90518a6322e16c45a309438f3c2f3718d58cdf81777c97b5b87da0,True,,,not_explicit_in_available_metadata,https://www.nature.com/articles/s41588-022-01243-4,https://explore.data.humancellatlas.org/projects/957261f7-2bd6-4358-a6ed-24ee080d5cfc,,CC-BY-NC-SA-4.0,Creative Commons Attribution 4.0 International License,provider_label_retained_not_individual_legal_clearance,Homo sapiens,Visium,Lung,True,1191f978d70a87febaa73522d0ec9fa9cf529ef5ae0b8f61341ab39b2a00af07
MISC15,MahmoodLab/hest,MahmoodLab/hest:st/MISC15.h5ad,8b42ca7f80bc475644ac9a520bba7b9cccbce10d,local Hugging Face download receipt,st/MISC15.h5ad,https://huggingface.co/datasets/MahmoodLab/hest/resolve/8b42ca7f80bc475644ac9a520bba7b9cccbce10d/st/MISC15.h5ad,79c0751c2daf7da4ba014b7e731b530f5a26577d410f33983472a146b6a6b142,79c0751c2daf7da4ba014b7e731b530f5a26577d410f33983472a146b6a6b142,True,,,not_explicit_in_available_metadata,https://www.nature.com/articles/s41588-022-01243-4,https://explore.data.humancellatlas.org/projects/957261f7-2bd6-4358-a6ed-24ee080d5cfc,,CC-BY-NC-SA-4.0,Creative Commons Attribution 4.0 International License,provider_label_retained_not_individual_legal_clearance,Homo sapiens,Visium,Lung,True,8aa0b4a5cca0c6d8f7e61672c2b48e4ec43713ad2f3597970b7f8b59c9aca0b5
MISC18,MahmoodLab/hest,MahmoodLab/hest:st/MISC18.h5ad,8b42ca7f80bc475644ac9a520bba7b9cccbce10d,local Hugging Face download receipt,st/MISC18.h5ad,https://huggingface.co/datasets/MahmoodLab/hest/resolve/8b42ca7f80bc475644ac9a520bba7b9cccbce10d/st/MISC18.h5ad,2bbeef9bbe759876de6700fba8372a2ae4de5e54958b4f6cd081dddc21d380bf,2bbeef9bbe759876de6700fba8372a2ae4de5e54958b4f6cd081dddc21d380bf,True,,,not_explicit_in_available_metadata,https://www.nature.com/articles/s41588-022-01243-4,https://explore.data.humancellatlas.org/projects/957261f7-2bd6-4358-a6ed-24ee080d5cfc,,CC-BY-NC-SA-4.0,Creative Commons Attribution 4.0 International License,provider_label_retained_not_individual_legal_clearance,Homo sapiens,Visium,Lung,True,02de565a3e65a5c6f34cb78ce205aeb33c9a888c450d3913b303227c18d8a3a8
MISC2,MahmoodLab/hest,MahmoodLab/hest:st/MISC2.h5ad,8b42ca7f80bc475644ac9a520bba7b9cccbce10d,local Hugging Face download receipt,st/MISC2.h5ad,https://huggingface.co/datasets/MahmoodLab/hest/resolve/8b42ca7f80bc475644ac9a520bba7b9cccbce10d/st/MISC2.h5ad,bf3abe54027f59a9cb3207bf49e44ef696eff8d6c3a0485502a17e57fc71f1fb,bf3abe54027f59a9cb3207bf49e44ef696eff8d6c3a0485502a17e57fc71f1fb,True,,,not_explicit_in_available_metadata,https://www.nature.com/articles/s41593-020-00787-0#data-availability,https://github.com/LieberInstitute/spatialLIBD#raw-data,,CC-BY-NC-SA-4.0,,original_label_requires_clarification,Homo sapiens,Visium,Brain,True,3795e0ce9b2214afd2492b66820dcef758b8b1fe063cfaf70011b6cfad92c79c
MISC20,MahmoodLab/hest,MahmoodLab/hest:st/MISC20.h5ad,8b42ca7f80bc475644ac9a520bba7b9cccbce10d,local Hugging Face download receipt,st/MISC20.h5ad,https://huggingface.co/datasets/MahmoodLab/hest/resolve/8b42ca7f80bc475644ac9a520bba7b9cccbce10d/st/MISC20.h5ad,32022467288d470c7ca7b7b408d3923025a85ad648b9207634d7a861be5c7fd8,32022467288d470c7ca7b7b408d3923025a85ad648b9207634d7a861be5c7fd8,True,,,not_explicit_in_available_metadata,https://www.nature.com/articles/s41588-022-01243-4,https://explore.data.humancellatlas.org/projects/957261f7-2bd6-4358-a6ed-24ee080d5cfc,,CC-BY-NC-SA-4.0,Creative Commons Attribution 4.0 International License,provider_label_retained_not_individual_legal_clearance,Homo sapiens,Visium,Lung,True,5a8105e6a6b2540af80ac32384035c84955f54c0d1659114f3bece5d720111bb
MISC21,MahmoodLab/hest,MahmoodLab/hest:st/MISC21.h5ad,8b42ca7f80bc475644ac9a520bba7b9cccbce10d,local Hugging Face download receipt,st/MISC21.h5ad,https://huggingface.co/datasets/MahmoodLab/hest/resolve/8b42ca7f80bc475644ac9a520bba7b9cccbce10d/st/MISC21.h5ad,f7e35db55fc1ebc6aea4a6cee92f1476149952e0a2387b3fdd31d8618e9c54fb,f7e35db55fc1ebc6aea4a6cee92f1476149952e0a2387b3fdd31d8618e9c54fb,True,,,not_explicit_in_available_metadata,https://www.nature.com/articles/s41588-022-01243-4,https://explore.data.humancellatlas.org/projects/957261f7-2bd6-4358-a6ed-24ee080d5cfc,,CC-BY-NC-SA-4.0,Creative Commons Attribution 4.0 International License,provider_label_retained_not_individual_legal_clearance,Homo sapiens,Visium,Lung,True,56c7a7bcdba1e14100bc6f64d45cb7831c8a2c8655a47b2396954f90b884dba5
MISC22,MahmoodLab/hest,MahmoodLab/hest:st/MISC22.h5ad,8b42ca7f80bc475644ac9a520bba7b9cccbce10d,local Hugging Face download receipt,st/MISC22.h5ad,https://huggingface.co/datasets/MahmoodLab/hest/resolve/8b42ca7f80bc475644ac9a520bba7b9cccbce10d/st/MISC22.h5ad,ffb5f11b01e5f99ba1eb536090815e77ff97b6fa4149f2bdd8b2d6666909fb35,ffb5f11b01e5f99ba1eb536090815e77ff97b6fa4149f2bdd8b2d6666909fb35,True,,,not_explicit_in_available_metadata,https://www.nature.com/articles/s41588-022-01243-4,https://explore.data.humancellatlas.org/projects/957261f7-2bd6-4358-a6ed-24ee080d5cfc,,CC-BY-NC-SA-4.0,Creative Commons Attribution 4.0 International License,provider_label_retained_not_individual_legal_clearance,Homo sapiens,Visium,Lung,True,9433274c2d96a74736831c4afb97129e0cebd1cf301d063f03c515b1b408a343
MISC23,MahmoodLab/hest,MahmoodLab/hest:st/MISC23.h5ad,8b42ca7f80bc475644ac9a520bba7b9cccbce10d,local Hugging Face download receipt,st/MISC23.h5ad,https://huggingface.co/datasets/MahmoodLab/hest/resolve/8b42ca7f80bc475644ac9a520bba7b9cccbce10d/st/MISC23.h5ad,790763d3a1deeff4a0bba02a0ec117049e16e6420178e35429d4a5abb98e2c78,790763d3a1deeff4a0bba02a0ec117049e16e6420178e35429d4a5abb98e2c78,True,,,not_explicit_in_available_metadata,https://www.nature.com/articles/s41588-022-01243-4,https://explore.data.humancellatlas.org/projects/957261f7-2bd6-4358-a6ed-24ee080d5cfc,,CC-BY-NC-SA-4.0,Creative Commons Attribution 4.0 International License,provider_label_retained_not_individual_legal_clearance,Homo sapiens,Visium,Lung,True,c801e349791de04cbc69a90ac0f48d504c400a0e624a2cf481f30187c5fc980b
MISC24,MahmoodLab/hest,MahmoodLab/hest:st/MISC24.h5ad,8b42ca7f80bc475644ac9a520bba7b9cccbce10d,local Hugging Face download receipt,st/MISC24.h5ad,https://huggingface.co/datasets/MahmoodLab/hest/resolve/8b42ca7f80bc475644ac9a520bba7b9cccbce10d/st/MISC24.h5ad,1b0a16aca3482f508137322ea94d463a78ff042b031f4700aec296ee0b94d534,1b0a16aca3482f508137322ea94d463a78ff042b031f4700aec296ee0b94d534,True,,,not_explicit_in_available_metadata,https://www.nature.com/articles/s41588-022-01243-4,https://explore.data.humancellatlas.org/projects/957261f7-2bd6-4358-a6ed-24ee080d5cfc,,CC-BY-NC-SA-4.0,Creative Commons Attribution 4.0 International License,provider_label_retained_not_individual_legal_clearance,Homo sapiens,Visium,Lung,True,83eb3cc4f28acb855557813e93da9effcba5024d3ba4cb73a922b9a2f9032a60
MISC25,MahmoodLab/hest,MahmoodLab/hest:st/MISC25.h5ad,8b42ca7f80bc475644ac9a520bba7b9cccbce10d,local Hugging Face download receipt,st/MISC25.h5ad,https://huggingface.co/datasets/MahmoodLab/hest/resolve/8b42ca7f80bc475644ac9a520bba7b9cccbce10d/st/MISC25.h5ad,d6e926dbed2c97de5fa7d6315a283036c00bab6e339ac9c243345fb5b7a722bd,d6e926dbed2c97de5fa7d6315a283036c00bab6e339ac9c243345fb5b7a722bd,True,,,not_explicit_in_available_metadata,https://www.nature.com/articles/s41588-022-01243-4,https://explore.data.humancellatlas.org/projects/957261f7-2bd6-4358-a6ed-24ee080d5cfc,,CC-BY-NC-SA-4.0,Creative Commons Attribution 4.0 International License,provider_label_retained_not_individual_legal_clearance,Homo sapiens,Visium,Lung,True,e05822e923b662e08be34a7786b65992ae87fb74506ec3b3421662d1039008ac
MISC26,MahmoodLab/hest,MahmoodLab/hest:st/MISC26.h5ad,8b42ca7f80bc475644ac9a520bba7b9cccbce10d,local Hugging Face download receipt,st/MISC26.h5ad,https://huggingface.co/datasets/MahmoodLab/hest/resolve/8b42ca7f80bc475644ac9a520bba7b9cccbce10d/st/MISC26.h5ad,3540b28171eb03bb91f05d39697309551e667e17dad39f20bf422c20d0fe08e5,3540b28171eb03bb91f05d39697309551e667e17dad39f20bf422c20d0fe08e5,True,,,not_explicit_in_available_metadata,https://www.nature.com/articles/s41588-022-01243-4,https://explore.data.humancellatlas.org/projects/957261f7-2bd6-4358-a6ed-24ee080d5cfc,,CC-BY-NC-SA-4.0,Creative Commons Attribution 4.0 International License,provider_label_retained_not_individual_legal_clearance,Homo sapiens,Visium,Lung,True,eb887a372e7d691cc6473799a894fb855bd4861ce521537a59d83d79c51b8ff8
MISC27,MahmoodLab/hest,MahmoodLab/hest:st/MISC27.h5ad,8b42ca7f80bc475644ac9a520bba7b9cccbce10d,local Hugging Face download receipt,st/MISC27.h5ad,https://huggingface.co/datasets/MahmoodLab/hest/resolve/8b42ca7f80bc475644ac9a520bba7b9cccbce10d/st/MISC27.h5ad,87872755c6b504b7494d024d335e503da7784f2786a3776ac6edccf7d6221c44,87872755c6b504b7494d024d335e503da7784f2786a3776ac6edccf7d6221c44,True,,,not_explicit_in_available_metadata,https://www.nature.com/articles/s41588-022-01243-4,https://explore.data.humancellatlas.org/projects/957261f7-2bd6-4358-a6ed-24ee080d5cfc,,CC-BY-NC-SA-4.0,Creative Commons Attribution 4.0 International License,provider_label_retained_not_individual_legal_clearance,Homo sapiens,Visium,Lung,True,93027cbbdf662dd2ba9a5179b5e8c97f00c7f457a5734eb8dedceadd166e0b0d
MISC28,MahmoodLab/hest,MahmoodLab/hest:st/MISC28.h5ad,8b42ca7f80bc475644ac9a520bba7b9cccbce10d,local Hugging Face download receipt,st/MISC28.h5ad,https://huggingface.co/datasets/MahmoodLab/hest/resolve/8b42ca7f80bc475644ac9a520bba7b9cccbce10d/st/MISC28.h5ad,23f10e4f6cd25bf699beaa11dd42ee4b99a70937aea7288215ac797c576de86f,23f10e4f6cd25bf699beaa11dd42ee4b99a70937aea7288215ac797c576de86f,True,,,not_explicit_in_available_metadata,https://www.nature.com/articles/s41588-022-01243-4,https://explore.data.humancellatlas.org/projects/957261f7-2bd6-4358-a6ed-24ee080d5cfc,,CC-BY-NC-SA-4.0,Creative Commons Attribution 4.0 International License,provider_label_retained_not_individual_legal_clearance,Homo sapiens,Visium,Lung,True,99e276f42b2cfac44a280d05e3fb9893ef174d79621bb4ddd33647aea99f37ec
MISC29,MahmoodLab/hest,MahmoodLab/hest:st/MISC29.h5ad,8b42ca7f80bc475644ac9a520bba7b9cccbce10d,local Hugging Face download receipt,st/MISC29.h5ad,https://huggingface.co/datasets/MahmoodLab/hest/resolve/8b42ca7f80bc475644ac9a520bba7b9cccbce10d/st/MISC29.h5ad,bbd6f690d8bd0be1f123985f1a0dea21f6928880cea3f01c990c25d2a916a088,bbd6f690d8bd0be1f123985f1a0dea21f6928880cea3f01c990c25d2a916a088,True,,,not_explicit_in_available_metadata,https://www.nature.com/articles/s41588-022-01243-4,https://explore.data.humancellatlas.org/projects/957261f7-2bd6-4358-a6ed-24ee080d5cfc,,CC-BY-NC-SA-4.0,Creative Commons Attribution 4.0 International License,provider_label_retained_not_individual_legal_clearance,Homo sapiens,Visium,Lung,True,8d87bd7928b701235436fd0e71b5a73de24cb5555775be686f44b5995cca4621
MISC3,MahmoodLab/hest,MahmoodLab/hest:st/MISC3.h5ad,8b42ca7f80bc475644ac9a520bba7b9cccbce10d,local Hugging Face download receipt,st/MISC3.h5ad,https://huggingface.co/datasets/MahmoodLab/hest/resolve/8b42ca7f80bc475644ac9a520bba7b9cccbce10d/st/MISC3.h5ad,87bbfa81ea7af66e9fa70c0a5d97627dbaafdfc7ca2c3664c50e33c756a0eb95,87bbfa81ea7af66e9fa70c0a5d97627dbaafdfc7ca2c3664c50e33c756a0eb95,True,,,not_explicit_in_available_metadata,https://www.nature.com/articles/s41593-020-00787-0#data-availability,https://github.com/LieberInstitute/spatialLIBD#raw-data,,CC-BY-NC-SA-4.0,,original_label_requires_clarification,Homo sapiens,Visium,Brain,True,16732465544a37ebe666bb51f9cf6182312c4cd99b6e1a4f9b721f7b317d801a
MISC30,MahmoodLab/hest,MahmoodLab/hest:st/MISC30.h5ad,8b42ca7f80bc475644ac9a520bba7b9cccbce10d,local Hugging Face download receipt,st/MISC30.h5ad,https://huggingface.co/datasets/MahmoodLab/hest/resolve/8b42ca7f80bc475644ac9a520bba7b9cccbce10d/st/MISC30.h5ad,9048795742727e81f4fba11b0b6f0de0b2c776e624b2652b7c39bbd28c5787aa,9048795742727e81f4fba11b0b6f0de0b2c776e624b2652b7c39bbd28c5787aa,True,,,not_explicit_in_available_metadata,https://www.nature.com/articles/s41588-022-01243-4,https://explore.data.humancellatlas.org/projects/957261f7-2bd6-4358-a6ed-24ee080d5cfc,,CC-BY-NC-SA-4.0,Creative Commons Attribution 4.0 International License,provider_label_retained_not_individual_legal_clearance,Homo sapiens,Visium,Lung,True,e21397e5660b2abdcff7d81d19d06d34b50879ffdebe5a128753624d232dbc73
MISC31,MahmoodLab/hest,MahmoodLab/hest:st/MISC31.h5ad,8b42ca7f80bc475644ac9a520bba7b9cccbce10d,local Hugging Face download receipt,st/MISC31.h5ad,https://huggingface.co/datasets/MahmoodLab/hest/resolve/8b42ca7f80bc475644ac9a520bba7b9cccbce10d/st/MISC31.h5ad,f0615126a70e0478e293650c024571e4e703b975fd9aade19dc0c962d0af4bb7,f0615126a70e0478e293650c024571e4e703b975fd9aade19dc0c962d0af4bb7,True,,,not_explicit_in_available_metadata,https://www.nature.com/articles/s41588-022-01243-4,https://explore.data.humancellatlas.org/projects/957261f7-2bd6-4358-a6ed-24ee080d5cfc,,CC-BY-NC-SA-4.0,Creative Commons Attribution 4.0 International License,provider_label_retained_not_individual_legal_clearance,Homo sapiens,Visium,Lung,True,042517116a4ac1d14df96c4cd712eb0006f198efab3a9cbdc5cbc34970610ba6
MISC32,MahmoodLab/hest,MahmoodLab/hest:st/MISC32.h5ad,8b42ca7f80bc475644ac9a520bba7b9cccbce10d,local Hugging Face download receipt,st/MISC32.h5ad,https://huggingface.co/datasets/MahmoodLab/hest/resolve/8b42ca7f80bc475644ac9a520bba7b9cccbce10d/st/MISC32.h5ad,089ac2ea75c3864723402893b8321fbaf30ab5e692771b0576e0f89a528dfc57,089ac2ea75c3864723402893b8321fbaf30ab5e692771b0576e0f89a528dfc57,True,,,not_explicit_in_available_metadata,https://www.nature.com/articles/s41588-022-01243-4,https://explore.data.humancellatlas.org/projects/957261f7-2bd6-4358-a6ed-24ee080d5cfc,,CC-BY-NC-SA-4.0,Creative Commons Attribution 4.0 International License,provider_label_retained_not_individual_legal_clearance,Homo sapiens,Visium,Lung,True,bdd8426321ddd0ed47743f3a35d378954b322ba88d3e3c513964ad4a09c7b84a
MISC4,MahmoodLab/hest,MahmoodLab/hest:st/MISC4.h5ad,8b42ca7f80bc475644ac9a520bba7b9cccbce10d,local Hugging Face download receipt,st/MISC4.h5ad,https://huggingface.co/datasets/MahmoodLab/hest/resolve/8b42ca7f80bc475644ac9a520bba7b9cccbce10d/st/MISC4.h5ad,f3e06363f4a175e40a0db0169f0ab81d582e9a245ea600103c417fe5494726e8,f3e06363f4a175e40a0db0169f0ab81d582e9a245ea600103c417fe5494726e8,True,,,not_explicit_in_available_metadata,https://www.nature.com/articles/s41593-020-00787-0#data-availability,https://github.com/LieberInstitute/spatialLIBD#raw-data,,CC-BY-NC-SA-4.0,,original_label_requires_clarification,Homo sapiens,Visium,Brain,True,41f6fbd157050f95de6f33ac4ee78cb83bab7d2f98b9cbfe0107a2fb4438f913
MISC5,MahmoodLab/hest,MahmoodLab/hest:st/MISC5.h5ad,8b42ca7f80bc475644ac9a520bba7b9cccbce10d,local Hugging Face download receipt,st/MISC5.h5ad,https://huggingface.co/datasets/MahmoodLab/hest/resolve/8b42ca7f80bc475644ac9a520bba7b9cccbce10d/st/MISC5.h5ad,f376ba00de14e12fa755d3e4f7ed0232c2b503a812a6e20b9b04d2d0bf7337f5,f376ba00de14e12fa755d3e4f7ed0232c2b503a812a6e20b9b04d2d0bf7337f5,True,,,not_explicit_in_available_metadata,https://www.nature.com/articles/s41593-020-00787-0#data-availability,https://github.com/LieberInstitute/spatialLIBD#raw-data,,CC-BY-NC-SA-4.0,,original_label_requires_clarification,Homo sapiens,Visium,Brain,True,a855112be70a86a3c6ee150f766014c3251e026d42f126d20bc7112707dddca6
MISC6,MahmoodLab/hest,MahmoodLab/hest:st/MISC6.h5ad,8b42ca7f80bc475644ac9a520bba7b9cccbce10d,local Hugging Face download receipt,st/MISC6.h5ad,https://huggingface.co/datasets/MahmoodLab/hest/resolve/8b42ca7f80bc475644ac9a520bba7b9cccbce10d/st/MISC6.h5ad,0f8b19d006a46c751bedae5f32e4a2ed5246bcdda03d27494c905f4e89516c63,0f8b19d006a46c751bedae5f32e4a2ed5246bcdda03d27494c905f4e89516c63,True,,,not_explicit_in_available_metadata,https://www.nature.com/articles/s41593-020-00787-0#data-availability,https://github.com/LieberInstitute/spatialLIBD#raw-data,,CC-BY-NC-SA-4.0,,original_label_requires_clarification,Homo sapiens,Visium,Brain,True,a48c5f97bebb43031ab937b6e7e8f9cbc26e530671fc9ea32e6522a9db91db48
MISC7,MahmoodLab/hest,MahmoodLab/hest:st/MISC7.h5ad,8b42ca7f80bc475644ac9a520bba7b9cccbce10d,local Hugging Face download receipt,st/MISC7.h5ad,https://huggingface.co/datasets/MahmoodLab/hest/resolve/8b42ca7f80bc475644ac9a520bba7b9cccbce10d/st/MISC7.h5ad,24c2966d244151d51aea9d0903734c518b87caf420e06b3b10955f6851ece500,24c2966d244151d51aea9d0903734c518b87caf420e06b3b10955f6851ece500,True,,,not_explicit_in_available_metadata,https://www.nature.com/articles/s41593-020-00787-0#data-availability,https://github.com/LieberInstitute/spatialLIBD#raw-data,,CC-BY-NC-SA-4.0,,original_label_requires_clarification,Homo sapiens,Visium,Brain,True,56a0b09b3c643bbedf97ae295007940b93ec4fccc18923b51c932a9634e76e51
MISC8,MahmoodLab/hest,MahmoodLab/hest:st/MISC8.h5ad,8b42ca7f80bc475644ac9a520bba7b9cccbce10d,local Hugging Face download receipt,st/MISC8.h5ad,https://huggingface.co/datasets/MahmoodLab/hest/resolve/8b42ca7f80bc475644ac9a520bba7b9cccbce10d/st/MISC8.h5ad,eb4e33049a55a8473bf06a5dba1174c95597c6ad52ac2c825fae002d99c2240d,eb4e33049a55a8473bf06a5dba1174c95597c6ad52ac2c825fae002d99c2240d,True,,,not_explicit_in_available_metadata,https://www.nature.com/articles/s41593-020-00787-0#data-availability,https://github.com/LieberInstitute/spatialLIBD#raw-data,,CC-BY-NC-SA-4.0,,original_label_requires_clarification,Homo sapiens,Visium,Brain,True,ac2ac0b9665c6bab05cb4c55d3ab62cf00e5c39683c4585ce84157871102a115
MISC9,MahmoodLab/hest,MahmoodLab/hest:st/MISC9.h5ad,8b42ca7f80bc475644ac9a520bba7b9cccbce10d,local Hugging Face download receipt,st/MISC9.h5ad,https://huggingface.co/datasets/MahmoodLab/hest/resolve/8b42ca7f80bc475644ac9a520bba7b9cccbce10d/st/MISC9.h5ad,2a973b228c2c0188237e810e9b8dc64fc5cf0cfceca938d42cdbb375457cf278,2a973b228c2c0188237e810e9b8dc64fc5cf0cfceca938d42cdbb375457cf278,True,,,not_explicit_in_available_metadata,https://www.nature.com/articles/s41593-020-00787-0#data-availability,https://github.com/LieberInstitute/spatialLIBD#raw-data,,CC-BY-NC-SA-4.0,,original_label_requires_clarification,Homo sapiens,Visium,Brain,True,f8855da378d2de717430c485261934781c9af9ff3f2b31a13678109310de9070
NCBI10,MahmoodLab/hest,MahmoodLab/hest:st/NCBI10.h5ad,8b42ca7f80bc475644ac9a520bba7b9cccbce10d,local Hugging Face download receipt,st/NCBI10.h5ad,https://huggingface.co/datasets/MahmoodLab/hest/resolve/8b42ca7f80bc475644ac9a520bba7b9cccbce10d/st/NCBI10.h5ad,55d9981fdef96945f056a6652319c3de47c3b3307065c61159f018a93cadc37a,55d9981fdef96945f056a6652319c3de47c3b3307065c61159f018a93cadc37a,True,,,not_explicit_in_available_metadata,https://www.science.org/doi/10.1126/science.aav9776?url_ver=Z39.88-2003&rfr_id=ori:rid:crossref.org&rfr_dat=cr_pub%20%200pubmed,,10.1126/science.aav9776?url_ver=Z39.88-2003&rfr_id=ori:rid:crossref.org&rfr_dat=cr_pub%20%200pubmed,CC-BY-NC-SA-4.0,,original_label_requires_clarification,Mus musculus,Spatial Transcriptomics,Spinal cord,True,aab940a7a0af20502277fe274a9072624071c6814ec09b4b98f197b85b37bad8
NCBI100,MahmoodLab/hest,MahmoodLab/hest:st/NCBI100.h5ad,8b42ca7f80bc475644ac9a520bba7b9cccbce10d,local Hugging Face download receipt,st/NCBI100.h5ad,https://huggingface.co/datasets/MahmoodLab/hest/resolve/8b42ca7f80bc475644ac9a520bba7b9cccbce10d/st/NCBI100.h5ad,8a880915c70e4c04fca480e40cb60ee4980d51a0316c322f2333aa189f0edc87,8a880915c70e4c04fca480e40cb60ee4980d51a0316c322f2333aa189f0edc87,True,,,not_explicit_in_available_metadata,https://www.science.org/doi/10.1126/science.aav9776?url_ver=Z39.88-2003&rfr_id=ori:rid:crossref.org&rfr_dat=cr_pub%20%200pubmed,,10.1126/science.aav9776?url_ver=Z39.88-2003&rfr_id=ori:rid:crossref.org&rfr_dat=cr_pub%20%200pubmed,CC-BY-NC-SA-4.0,,original_label_requires_clarification,Mus musculus,Spatial Transcriptomics,Spinal cord,True,6c0e4dcc05b130f48118a2e022dd88de1587a9e6634eee45894c7cdb9b718e55
NCBI101,MahmoodLab/hest,MahmoodLab/hest:st/NCBI101.h5ad,8b42ca7f80bc475644ac9a520bba7b9cccbce10d,local Hugging Face download receipt,st/NCBI101.h5ad,https://huggingface.co/datasets/MahmoodLab/hest/resolve/8b42ca7f80bc475644ac9a520bba7b9cccbce10d/st/NCBI101.h5ad,45c6ba5392520bd215b25060501a1081208876b8398961bc00cedcc4fcf8df5b,45c6ba5392520bd215b25060501a1081208876b8398961bc00cedcc4fcf8df5b,True,,,not_explicit_in_available_metadata,https://www.science.org/doi/10.1126/science.aav9776?url_ver=Z39.88-2003&rfr_id=ori:rid:crossref.org&rfr_dat=cr_pub%20%200pubmed,,10.1126/science.aav9776?url_ver=Z39.88-2003&rfr_id=ori:rid:crossref.org&rfr_dat=cr_pub%20%200pubmed,CC-BY-NC-SA-4.0,,original_label_requires_clarification,Mus musculus,Spatial Transcriptomics,Spinal cord,True,b17d041628a2a9c332fb1c4ac8c6a099fc7fc332e6ed2a847cc3ce765e2c9448
NCBI102,MahmoodLab/hest,MahmoodLab/hest:st/NCBI102.h5ad,8b42ca7f80bc475644ac9a520bba7b9cccbce10d,local Hugging Face download receipt,st/NCBI102.h5ad,https://huggingface.co/datasets/MahmoodLab/hest/resolve/8b42ca7f80bc475644ac9a520bba7b9cccbce10d/st/NCBI102.h5ad,6a0460fbc935e7cb19b000946d6516ffc7be662db334f14d70252e98f1472cae,6a0460fbc935e7cb19b000946d6516ffc7be662db334f14d70252e98f1472cae,True,,,not_explicit_in_available_metadata,https://www.science.org/doi/10.1126/science.aav9776?url_ver=Z39.88-2003&rfr_id=ori:rid:crossref.org&rfr_dat=cr_pub%20%200pubmed,,10.1126/science.aav9776?url_ver=Z39.88-2003&rfr_id=ori:rid:crossref.org&rfr_dat=cr_pub%20%200pubmed,CC-BY-NC-SA-4.0,,original_label_requires_clarification,Mus musculus,Spatial Transcriptomics,Spinal cord,True,ce85b1818537f3a0e924fa22fc674f798971d35accc264b8d535c8ea1815f388
NCBI103,MahmoodLab/hest,MahmoodLab/hest:st/NCBI103.h5ad,8b42ca7f80bc475644ac9a520bba7b9cccbce10d,local Hugging Face download receipt,st/NCBI103.h5ad,https://huggingface.co/datasets/MahmoodLab/hest/resolve/8b42ca7f80bc475644ac9a520bba7b9cccbce10d/st/NCBI103.h5ad,a196e9c3ea9d7394c325828af76edee2f0d0bfdf3224eb4e8b6eeb94078d2cba,a196e9c3ea9d7394c325828af76edee2f0d0bfdf3224eb4e8b6eeb94078d2cba,True,,,not_explicit_in_available_metadata,https://www.science.org/doi/10.1126/science.aav9776?url_ver=Z39.88-2003&rfr_id=ori:rid:crossref.org&rfr_dat=cr_pub%20%200pubmed,,10.1126/science.aav9776?url_ver=Z39.88-2003&rfr_id=ori:rid:crossref.org&rfr_dat=cr_pub%20%200pubmed,CC-BY-NC-SA-4.0,,original_label_requires_clarification,Mus musculus,Spatial Transcriptomics,Spinal cord,True,2938ed4fad87c18867c8eb438ad95129f3135e0beb09544ce924e9873babfe3f
NCBI105,MahmoodLab/hest,MahmoodLab/hest:st/NCBI105.h5ad,8b42ca7f80bc475644ac9a520bba7b9cccbce10d,local Hugging Face download receipt,st/NCBI105.h5ad,https://huggingface.co/datasets/MahmoodLab/hest/resolve/8b42ca7f80bc475644ac9a520bba7b9cccbce10d/st/NCBI105.h5ad,b0bcc87c6123c63fdebcc69192eb2b582da04e065a5c9b1b6207688396ab7b2c,b0bcc87c6123c63fdebcc69192eb2b582da04e065a5c9b1b6207688396ab7b2c,True,,,not_explicit_in_available_metadata,https://www.science.org/doi/10.1126/science.aav9776?url_ver=Z39.88-2003&rfr_id=ori:rid:crossref.org&rfr_dat=cr_pub%20%200pubmed,,10.1126/science.aav9776?url_ver=Z39.88-2003&rfr_id=ori:rid:crossref.org&rfr_dat=cr_pub%20%200pubmed,CC-BY-NC-SA-4.0,,original_label_requires_clarification,Mus musculus,Spatial Transcriptomics,Spinal cord,True,c8bd9ea15973bf86c344401b7df32f09418bd0bbb3251f2a228b00a5ba5a87db
NCBI107,MahmoodLab/hest,MahmoodLab/hest:st/NCBI107.h5ad,8b42ca7f80bc475644ac9a520bba7b9cccbce10d,local Hugging Face download receipt,st/NCBI107.h5ad,https://huggingface.co/datasets/MahmoodLab/hest/resolve/8b42ca7f80bc475644ac9a520bba7b9cccbce10d/st/NCBI107.h5ad,5f4cdc9ce2a1239f55a3dcfa4ad66b94bc3301627e7faf5968bdc1fb4af77a3b,5f4cdc9ce2a1239f55a3dcfa4ad66b94bc3301627e7faf5968bdc1fb4af77a3b,True,,,not_explicit_in_available_metadata,https://www.science.org/doi/10.1126/science.aav9776?url_ver=Z39.88-2003&rfr_id=ori:rid:crossref.org&rfr_dat=cr_pub%20%200pubmed,,10.1126/science.aav9776?url_ver=Z39.88-2003&rfr_id=ori:rid:crossref.org&rfr_dat=cr_pub%20%200pubmed,CC-BY-NC-SA-4.0,,original_label_requires_clarification,Mus musculus,Spatial Transcriptomics,Spinal cord,True,6c71bffb7155cb0cf92f9bd5699776a02ae1a50d4953ac8b66d3e305b7376bb3
NCBI108,MahmoodLab/hest,MahmoodLab/hest:st/NCBI108.h5ad,8b42ca7f80bc475644ac9a520bba7b9cccbce10d,local Hugging Face download receipt,st/NCBI108.h5ad,https://huggingface.co/datasets/MahmoodLab/hest/resolve/8b42ca7f80bc475644ac9a520bba7b9cccbce10d/st/NCBI108.h5ad,7d4d9e82d73542a80fe7b1a9164187c13cbee4790713ebad757bf550c0c8fd9c,7d4d9e82d73542a80fe7b1a9164187c13cbee4790713ebad757bf550c0c8fd9c,True,,,not_explicit_in_available_metadata,https://www.science.org/doi/10.1126/science.aav9776?url_ver=Z39.88-2003&rfr_id=ori:rid:crossref.org&rfr_dat=cr_pub%20%200pubmed,,10.1126/science.aav9776?url_ver=Z39.88-2003&rfr_id=ori:rid:crossref.org&rfr_dat=cr_pub%20%200pubmed,CC-BY-NC-SA-4.0,,original_label_requires_clarification,Mus musculus,Spatial Transcriptomics,Spinal cord,True,937b7f69fedfb260eb715c61e21ba3270aeb1c6bd9f116ea5306df3f7822f291
NCBI109,MahmoodLab/hest,MahmoodLab/hest:st/NCBI109.h5ad,8b42ca7f80bc475644ac9a520bba7b9cccbce10d,local Hugging Face download receipt,st/NCBI109.h5ad,https://huggingface.co/datasets/MahmoodLab/hest/resolve/8b42ca7f80bc475644ac9a520bba7b9cccbce10d/st/NCBI109.h5ad,317d9eb5ac1c0cfa11ecba8bd17481f533905679a00e6679fdcbb41f159062b5,317d9eb5ac1c0cfa11ecba8bd17481f533905679a00e6679fdcbb41f159062b5,True,,,not_explicit_in_available_metadata,https://www.science.org/doi/10.1126/science.aav9776?url_ver=Z39.88-2003&rfr_id=ori:rid:crossref.org&rfr_dat=cr_pub%20%200pubmed,,10.1126/science.aav9776?url_ver=Z39.88-2003&rfr_id=ori:rid:crossref.org&rfr_dat=cr_pub%20%200pubmed,CC-BY-NC-SA-4.0,,original_label_requires_clarification,Mus musculus,Spatial Transcriptomics,Spinal cord,True,4f4fdc4ab2a637d8c2e2326a448fa031629cc2a6a75bff9c1c7cb63afb9a6590
NCBI110,MahmoodLab/hest,MahmoodLab/hest:st/NCBI110.h5ad,8b42ca7f80bc475644ac9a520bba7b9cccbce10d,local Hugging Face download receipt,st/NCBI110.h5ad,https://huggingface.co/datasets/MahmoodLab/hest/resolve/8b42ca7f80bc475644ac9a520bba7b9cccbce10d/st/NCBI110.h5ad,9cbdb53e21b3df3b64df18e731385005096949b88ee73b08bfe25bbd5603a46b,9cbdb53e21b3df3b64df18e731385005096949b88ee73b08bfe25bbd5603a46b,True,,,not_explicit_in_available_metadata,https://www.science.org/doi/10.1126/science.aav9776?url_ver=Z39.88-2003&rfr_id=ori:rid:crossref.org&rfr_dat=cr_pub%20%200pubmed,,10.1126/science.aav9776?url_ver=Z39.88-2003&rfr_id=ori:rid:crossref.org&rfr_dat=cr_pub%20%200pubmed,CC-BY-NC-SA-4.0,,original_label_requires_clarification,Mus musculus,Spatial Transcriptomics,Spinal cord,True,a54c412da97eeaa4dacc5be921dd2131a1d238ebbea810b6b13a16b14bb4b77a
NCBI111,MahmoodLab/hest,MahmoodLab/hest:st/NCBI111.h5ad,8b42ca7f80bc475644ac9a520bba7b9cccbce10d,local Hugging Face download receipt,st/NCBI111.h5ad,https://huggingface.co/datasets/MahmoodLab/hest/resolve/8b42ca7f80bc475644ac9a520bba7b9cccbce10d/st/NCBI111.h5ad,52e68c8870947062eb77661bc9b58a5cc438dacaeccb1ee625c27f6b5654d80a,52e68c8870947062eb77661bc9b58a5cc438dacaeccb1ee625c27f6b5654d80a,True,,,not_explicit_in_available_metadata,https://www.science.org/doi/10.1126/science.aav9776?url_ver=Z39.88-2003&rfr_id=ori:rid:crossref.org&rfr_dat=cr_pub%20%200pubmed,,10.1126/science.aav9776?url_ver=Z39.88-2003&rfr_id=ori:rid:crossref.org&rfr_dat=cr_pub%20%200pubmed,CC-BY-NC-SA-4.0,,original_label_requires_clarification,Mus musculus,Spatial Transcriptomics,Spinal cord,True,6869550a9191b2ceee90c76183cf2c0391a09d1a41e432713bce6bbe2cbf2141
NCBI112,MahmoodLab/hest,MahmoodLab/hest:st/NCBI112.h5ad,8b42ca7f80bc475644ac9a520bba7b9cccbce10d,local Hugging Face download receipt,st/NCBI112.h5ad,https://huggingface.co/datasets/MahmoodLab/hest/resolve/8b42ca7f80bc475644ac9a520bba7b9cccbce10d/st/NCBI112.h5ad,72fdbc62eaf55b8ac2be0e4d2505b9f99aa1e20f9b83d01afa59f388e0307d2b,72fdbc62eaf55b8ac2be0e4d2505b9f99aa1e20f9b83d01afa59f388e0307d2b,True,,,not_explicit_in_available_metadata,https://www.science.org/doi/10.1126/science.aav9776?url_ver=Z39.88-2003&rfr_id=ori:rid:crossref.org&rfr_dat=cr_pub%20%200pubmed,,10.1126/science.aav9776?url_ver=Z39.88-2003&rfr_id=ori:rid:crossref.org&rfr_dat=cr_pub%20%200pubmed,CC-BY-NC-SA-4.0,,original_label_requires_clarification,Mus musculus,Spatial Transcriptomics,Spinal cord,True,3a0ca248cb9771d558d71bf6dab2f9eaf22b2ebf758b18ed4886bf886399fd8f
NCBI113,MahmoodLab/hest,MahmoodLab/hest:st/NCBI113.h5ad,8b42ca7f80bc475644ac9a520bba7b9cccbce10d,local Hugging Face download receipt,st/NCBI113.h5ad,https://huggingface.co/datasets/MahmoodLab/hest/resolve/8b42ca7f80bc475644ac9a520bba7b9cccbce10d/st/NCBI113.h5ad,04d0ed973278a4696fb3bd29565bf8af1b1dc19541fdfc4513c6c00a0b535355,04d0ed973278a4696fb3bd29565bf8af1b1dc19541fdfc4513c6c00a0b535355,True,,,not_explicit_in_available_metadata,https://www.science.org/doi/10.1126/science.aav9776?url_ver=Z39.88-2003&rfr_id=ori:rid:crossref.org&rfr_dat=cr_pub%20%200pubmed,,10.1126/science.aav9776?url_ver=Z39.88-2003&rfr_id=ori:rid:crossref.org&rfr_dat=cr_pub%20%200pubmed,CC-BY-NC-SA-4.0,,original_label_requires_clarification,Mus musculus,Spatial Transcriptomics,Spinal cord,True,c024a7b234006073366b018d6917f7c0ddfd1adc2fb983cdccb6cf96aa1b6a7c
NCBI114,MahmoodLab/hest,MahmoodLab/hest:st/NCBI114.h5ad,8b42ca7f80bc475644ac9a520bba7b9cccbce10d,local Hugging Face download receipt,st/NCBI114.h5ad,https://huggingface.co/datasets/MahmoodLab/hest/resolve/8b42ca7f80bc475644ac9a520bba7b9cccbce10d/st/NCBI114.h5ad,88dc956009b7ccb5c0a9e6455a6629a3477fd46842a56adf26774f62ee644458,88dc956009b7ccb5c0a9e6455a6629a3477fd46842a56adf26774f62ee644458,True,,,not_explicit_in_available_metadata,https://www.science.org/doi/10.1126/science.aav9776?url_ver=Z39.88-2003&rfr_id=ori:rid:crossref.org&rfr_dat=cr_pub%20%200pubmed,,10.1126/science.aav9776?url_ver=Z39.88-2003&rfr_id=ori:rid:crossref.org&rfr_dat=cr_pub%20%200pubmed,CC-BY-NC-SA-4.0,,original_label_requires_clarification,Mus musculus,Spatial Transcriptomics,Spinal cord,True,638e49be574317d384657aedf2afaa0db4e2e597bf6035006644759ee474b406
NCBI115,MahmoodLab/hest,MahmoodLab/hest:st/NCBI115.h5ad,8b42ca7f80bc475644ac9a520bba7b9cccbce10d,local Hugging Face download receipt,st/NCBI115.h5ad,https://huggingface.co/datasets/MahmoodLab/hest/resolve/8b42ca7f80bc475644ac9a520bba7b9cccbce10d/st/NCBI115.h5ad,2ac678dc940ca539b5a71194245977c8b0f7565e1f144a97359e1341b2ec21dd,2ac678dc940ca539b5a71194245977c8b0f7565e1f144a97359e1341b2ec21dd,True,,,not_explicit_in_available_metadata,https://www.science.org/doi/10.1126/science.aav9776?url_ver=Z39.88-2003&rfr_id=ori:rid:crossref.org&rfr_dat=cr_pub%20%200pubmed,,10.1126/science.aav9776?url_ver=Z39.88-2003&rfr_id=ori:rid:crossref.org&rfr_dat=cr_pub%20%200pubmed,CC-BY-NC-SA-4.0,,original_label_requires_clarification,Mus musculus,Spatial Transcriptomics,Spinal cord,True,8e4a37cbc83e4663395991108751662f60e268bf9c721cf5272be912aa55b2ad
NCBI116,MahmoodLab/hest,MahmoodLab/hest:st/NCBI116.h5ad,8b42ca7f80bc475644ac9a520bba7b9cccbce10d,local Hugging Face download receipt,st/NCBI116.h5ad,https://huggingface.co/datasets/MahmoodLab/hest/resolve/8b42ca7f80bc475644ac9a520bba7b9cccbce10d/st/NCBI116.h5ad,ceeb67da56b0bb330369ba79bd2a78f786dc3d8cdcf9f5edd84ee13467423567,ceeb67da56b0bb330369ba79bd2a78f786dc3d8cdcf9f5edd84ee13467423567,True,,,not_explicit_in_available_metadata,https://www.science.org/doi/10.1126/science.aav9776?url_ver=Z39.88-2003&rfr_id=ori:rid:crossref.org&rfr_dat=cr_pub%20%200pubmed,,10.1126/science.aav9776?url_ver=Z39.88-2003&rfr_id=ori:rid:crossref.org&rfr_dat=cr_pub%20%200pubmed,CC-BY-NC-SA-4.0,,original_label_requires_clarification,Mus musculus,Spatial Transcriptomics,Spinal cord,True,872bdbf312c57f04d02d31b1a07aa1a94f29024458f72df653c9d5e15b15a5f0
NCBI117,MahmoodLab/hest,MahmoodLab/hest:st/NCBI117.h5ad,8b42ca7f80bc475644ac9a520bba7b9cccbce10d,local Hugging Face download receipt,st/NCBI117.h5ad,https://huggingface.co/datasets/MahmoodLab/hest/resolve/8b42ca7f80bc475644ac9a520bba7b9cccbce10d/st/NCBI117.h5ad,9a716ee501296013146baa2a4de03685f56baec2e1eda10014394208ab2e86be,9a716ee501296013146baa2a4de03685f56baec2e1eda10014394208ab2e86be,True,,,not_explicit_in_available_metadata,https://www.science.org/doi/10.1126/science.aav9776?url_ver=Z39.88-2003&rfr_id=ori:rid:crossref.org&rfr_dat=cr_pub%20%200pubmed,,10.1126/science.aav9776?url_ver=Z39.88-2003&rfr_id=ori:rid:crossref.org&rfr_dat=cr_pub%20%200pubmed,CC-BY-NC-SA-4.0,,original_label_requires_clarification,Mus musculus,Spatial Transcriptomics,Spinal cord,True,c63f0dd78fdb3d4fa6daa3e702fe0e0a73b81e2d3b3d875890d41183b12e32a3
NCBI118,MahmoodLab/hest,MahmoodLab/hest:st/NCBI118.h5ad,8b42ca7f80bc475644ac9a520bba7b9cccbce10d,local Hugging Face download receipt,st/NCBI118.h5ad,https://huggingface.co/datasets/MahmoodLab/hest/resolve/8b42ca7f80bc475644ac9a520bba7b9cccbce10d/st/NCBI118.h5ad,5878d85b6eea5c0c0c08f0518ea83bfea1da9dfc055d7477ae3bf10f6fcf1f52,5878d85b6eea5c0c0c08f0518ea83bfea1da9dfc055d7477ae3bf10f6fcf1f52,True,,,not_explicit_in_available_metadata,https://www.science.org/doi/10.1126/science.aav9776?url_ver=Z39.88-2003&rfr_id=ori:rid:crossref.org&rfr_dat=cr_pub%20%200pubmed,,10.1126/science.aav9776?url_ver=Z39.88-2003&rfr_id=ori:rid:crossref.org&rfr_dat=cr_pub%20%200pubmed,CC-BY-NC-SA-4.0,,original_label_requires_clarification,Mus musculus,Spatial Transcriptomics,Spinal cord,True,37a22c41703369f57e09fb5a3589afc4ef0f21511dfff10e0ec82fa2c7c77b4f
NCBI119,MahmoodLab/hest,MahmoodLab/hest:st/NCBI119.h5ad,8b42ca7f80bc475644ac9a520bba7b9cccbce10d,local Hugging Face download receipt,st/NCBI119.h5ad,https://huggingface.co/datasets/MahmoodLab/hest/resolve/8b42ca7f80bc475644ac9a520bba7b9cccbce10d/st/NCBI119.h5ad,6aadde3e1be176353708db3afd859c50b4f3c0ea6f0ac9f9c8401755e245f1f3,6aadde3e1be176353708db3afd859c50b4f3c0ea6f0ac9f9c8401755e245f1f3,True,,,not_explicit_in_available_metadata,https://www.science.org/doi/10.1126/science.aav9776?url_ver=Z39.88-2003&rfr_id=ori:rid:crossref.org&rfr_dat=cr_pub%20%200pubmed,,10.1126/science.aav9776?url_ver=Z39.88-2003&rfr_id=ori:rid:crossref.org&rfr_dat=cr_pub%20%200pubmed,CC-BY-NC-SA-4.0,,original_label_requires_clarification,Mus musculus,Spatial Transcriptomics,Spinal cord,True,ccecc5bf9f3c09b5136a7262962d493838052071f06698c7a1109690dd5beebd
NCBI12,MahmoodLab/hest,MahmoodLab/hest:st/NCBI12.h5ad,8b42ca7f80bc475644ac9a520bba7b9cccbce10d,local Hugging Face download receipt,st/NCBI12.h5ad,https://huggingface.co/datasets/MahmoodLab/hest/resolve/8b42ca7f80bc475644ac9a520bba7b9cccbce10d/st/NCBI12.h5ad,2eff20f4f58e2a4ca891ec753b9d475165b6a78d508a364d2d33172df90ff88c,2eff20f4f58e2a4ca891ec753b9d475165b6a78d508a364d2d33172df90ff88c,True,,,not_explicit_in_available_metadata,https://www.science.org/doi/10.1126/science.aav9776?url_ver=Z39.88-2003&rfr_id=ori:rid:crossref.org&rfr_dat=cr_pub%20%200pubmed,,10.1126/science.aav9776?url_ver=Z39.88-2003&rfr_id=ori:rid:crossref.org&rfr_dat=cr_pub%20%200pubmed,CC-BY-NC-SA-4.0,,original_label_requires_clarification,Mus musculus,Spatial Transcriptomics,Spinal cord,True,dbba723cebae17e816bc7f0de6f5b2e4ad50b65f4fe69164649355477c874d1b
NCBI120,MahmoodLab/hest,MahmoodLab/hest:st/NCBI120.h5ad,8b42ca7f80bc475644ac9a520bba7b9cccbce10d,local Hugging Face download receipt,st/NCBI120.h5ad,https://huggingface.co/datasets/MahmoodLab/hest/resolve/8b42ca7f80bc475644ac9a520bba7b9cccbce10d/st/NCBI120.h5ad,8012eed7c17abbe22fd30eec3dcc97b7b616996ef067d7a1efc79bc1967d065d,8012eed7c17abbe22fd30eec3dcc97b7b616996ef067d7a1efc79bc1967d065d,True,,,not_explicit_in_available_metadata,https://www.science.org/doi/10.1126/science.aav9776?url_ver=Z39.88-2003&rfr_id=ori:rid:crossref.org&rfr_dat=cr_pub%20%200pubmed,,10.1126/science.aav9776?url_ver=Z39.88-2003&rfr_id=ori:rid:crossref.org&rfr_dat=cr_pub%20%200pubmed,CC-BY-NC-SA-4.0,,original_label_requires_clarification,Mus musculus,Spatial Transcriptomics,Spinal cord,True,cab398219e3516ecb387ddd410545e3f3fa24bd0cbb127f849e6b47e860e203c
NCBI121,MahmoodLab/hest,MahmoodLab/hest:st/NCBI121.h5ad,8b42ca7f80bc475644ac9a520bba7b9cccbce10d,local Hugging Face download receipt,st/NCBI121.h5ad,https://huggingface.co/datasets/MahmoodLab/hest/resolve/8b42ca7f80bc475644ac9a520bba7b9cccbce10d/st/NCBI121.h5ad,0ee252faa9fe0cb5fc237389cc65a9ab5493aa5f8fd32a6f22de4de8bc748b8b,0ee252faa9fe0cb5fc237389cc65a9ab5493aa5f8fd32a6f22de4de8bc748b8b,True,,,not_explicit_in_available_metadata,https://www.science.org/doi/10.1126/science.aav9776?url_ver=Z39.88-2003&rfr_id=ori:rid:crossref.org&rfr_dat=cr_pub%20%200pubmed,,10.1126/science.aav9776?url_ver=Z39.88-2003&rfr_id=ori:rid:crossref.org&rfr_dat=cr_pub%20%200pubmed,CC-BY-NC-SA-4.0,,original_label_requires_clarification,Mus musculus,Spatial Transcriptomics,Spinal cord,True,b083c0b6e1198dabd3704d22d01eb34f6d57d584edcbd2be7cce2216c0f947eb
NCBI122,MahmoodLab/hest,MahmoodLab/hest:st/NCBI122.h5ad,8b42ca7f80bc475644ac9a520bba7b9cccbce10d,local Hugging Face download receipt,st/NCBI122.h5ad,https://huggingface.co/datasets/MahmoodLab/hest/resolve/8b42ca7f80bc475644ac9a520bba7b9cccbce10d/st/NCBI122.h5ad,d4f4d35bd7b548db151d18aa86edbbb320bbac784f7a0ff50aec9a3066cacdc0,d4f4d35bd7b548db151d18aa86edbbb320bbac784f7a0ff50aec9a3066cacdc0,True,,,not_explicit_in_available_metadata,https://www.science.org/doi/10.1126/science.aav9776?url_ver=Z39.88-2003&rfr_id=ori:rid:crossref.org&rfr_dat=cr_pub%20%200pubmed,,10.1126/science.aav9776?url_ver=Z39.88-2003&rfr_id=ori:rid:crossref.org&rfr_dat=cr_pub%20%200pubmed,CC-BY-NC-SA-4.0,,original_label_requires_clarification,Mus musculus,Spatial Transcriptomics,Spinal cord,True,14f9e523e9505636eb661b4a7b40537ddf02771389e16a2a89340b9f50c4f0d7
NCBI123,MahmoodLab/hest,MahmoodLab/hest:st/NCBI123.h5ad,8b42ca7f80bc475644ac9a520bba7b9cccbce10d,local Hugging Face download receipt,st/NCBI123.h5ad,https://huggingface.co/datasets/MahmoodLab/hest/resolve/8b42ca7f80bc475644ac9a520bba7b9cccbce10d/st/NCBI123.h5ad,d8052e82eee8049c3ee3e268c05a85f50d4d69761095ecbd2dc286f8a8238f60,d8052e82eee8049c3ee3e268c05a85f50d4d69761095ecbd2dc286f8a8238f60,True,,,not_explicit_in_available_metadata,https://www.science.org/doi/10.1126/science.aav9776?url_ver=Z39.88-2003&rfr_id=ori:rid:crossref.org&rfr_dat=cr_pub%20%200pubmed,,10.1126/science.aav9776?url_ver=Z39.88-2003&rfr_id=ori:rid:crossref.org&rfr_dat=cr_pub%20%200pubmed,CC-BY-NC-SA-4.0,,original_label_requires_clarification,Mus musculus,Spatial Transcriptomics,Spinal cord,True,d9cd119d2e44094349f6ee71b4aae22454190ad5574f0a4fe47b0344cd4c3a22
NCBI124,MahmoodLab/hest,MahmoodLab/hest:st/NCBI124.h5ad,8b42ca7f80bc475644ac9a520bba7b9cccbce10d,local Hugging Face download receipt,st/NCBI124.h5ad,https://huggingface.co/datasets/MahmoodLab/hest/resolve/8b42ca7f80bc475644ac9a520bba7b9cccbce10d/st/NCBI124.h5ad,05851da77fc14aa4946058d3ef0f311044ba4decfa5d9399f23b1f70835958d6,05851da77fc14aa4946058d3ef0f311044ba4decfa5d9399f23b1f70835958d6,True,,,not_explicit_in_available_metadata,https://www.science.org/doi/10.1126/science.aav9776?url_ver=Z39.88-2003&rfr_id=ori:rid:crossref.org&rfr_dat=cr_pub%20%200pubmed,,10.1126/science.aav9776?url_ver=Z39.88-2003&rfr_id=ori:rid:crossref.org&rfr_dat=cr_pub%20%200pubmed,CC-BY-NC-SA-4.0,,original_label_requires_clarification,Mus musculus,Spatial Transcriptomics,Spinal cord,True,522e41791f2c55cf547a8f512a58ded428f9ca29f8c71690cb679ff2d38014da
NCBI125,MahmoodLab/hest,MahmoodLab/hest:st/NCBI125.h5ad,8b42ca7f80bc475644ac9a520bba7b9cccbce10d,local Hugging Face download receipt,st/NCBI125.h5ad,https://huggingface.co/datasets/MahmoodLab/hest/resolve/8b42ca7f80bc475644ac9a520bba7b9cccbce10d/st/NCBI125.h5ad,b481da83d0051ab3b6911b49ed943d1bcef2b2f1f55cec01ada43621d05786f4,b481da83d0051ab3b6911b49ed943d1bcef2b2f1f55cec01ada43621d05786f4,True,,,not_explicit_in_available_metadata,https://www.science.org/doi/10.1126/science.aav9776?url_ver=Z39.88-2003&rfr_id=ori:rid:crossref.org&rfr_dat=cr_pub%20%200pubmed,,10.1126/science.aav9776?url_ver=Z39.88-2003&rfr_id=ori:rid:crossref.org&rfr_dat=cr_pub%20%200pubmed,CC-BY-NC-SA-4.0,,original_label_requires_clarification,Mus musculus,Spatial Transcriptomics,Spinal cord,True,037523554b95b902c6cdeb905b7f3b4da6e4ff1d3a83ea314c91534e089c9a28
NCBI126,MahmoodLab/hest,MahmoodLab/hest:st/NCBI126.h5ad,8b42ca7f80bc475644ac9a520bba7b9cccbce10d,local Hugging Face download receipt,st/NCBI126.h5ad,https://huggingface.co/datasets/MahmoodLab/hest/resolve/8b42ca7f80bc475644ac9a520bba7b9cccbce10d/st/NCBI126.h5ad,4dbb85abbaa07cd2484dad6a428d698f50a5f7c4162bbc920fff26934e4cca04,4dbb85abbaa07cd2484dad6a428d698f50a5f7c4162bbc920fff26934e4cca04,True,,,not_explicit_in_available_metadata,https://www.science.org/doi/10.1126/science.aav9776?url_ver=Z39.88-2003&rfr_id=ori:rid:crossref.org&rfr_dat=cr_pub%20%200pubmed,,10.1126/science.aav9776?url_ver=Z39.88-2003&rfr_id=ori:rid:crossref.org&rfr_dat=cr_pub%20%200pubmed,CC-BY-NC-SA-4.0,,original_label_requires_clarification,Mus musculus,Spatial Transcriptomics,Spinal cord,True,790443d6b159627c0e0027fe97f3e3fc3e4fe88f3b84636b3103947026e6361d
NCBI127,MahmoodLab/hest,MahmoodLab/hest:st/NCBI127.h5ad,8b42ca7f80bc475644ac9a520bba7b9cccbce10d,local Hugging Face download receipt,st/NCBI127.h5ad,https://huggingface.co/datasets/MahmoodLab/hest/resolve/8b42ca7f80bc475644ac9a520bba7b9cccbce10d/st/NCBI127.h5ad,3ae7d2d25c01be5f6984e2cd67a962f1558597f13887d305b888cadce66557de,3ae7d2d25c01be5f6984e2cd67a962f1558597f13887d305b888cadce66557de,True,,,not_explicit_in_available_metadata,https://www.science.org/doi/10.1126/science.aav9776?url_ver=Z39.88-2003&rfr_id=ori:rid:crossref.org&rfr_dat=cr_pub%20%200pubmed,,10.1126/science.aav9776?url_ver=Z39.88-2003&rfr_id=ori:rid:crossref.org&rfr_dat=cr_pub%20%200pubmed,CC-BY-NC-SA-4.0,,original_label_requires_clarification,Mus musculus,Spatial Transcriptomics,Spinal cord,True,a177c4f254c57ef8c42ead354857aed509da3f6a34ddb11bdf2a55c30118b539
NCBI128,MahmoodLab/hest,MahmoodLab/hest:st/NCBI128.h5ad,8b42ca7f80bc475644ac9a520bba7b9cccbce10d,local Hugging Face download receipt,st/NCBI128.h5ad,https://huggingface.co/datasets/MahmoodLab/hest/resolve/8b42ca7f80bc475644ac9a520bba7b9cccbce10d/st/NCBI128.h5ad,2a2e7391a2495fafe92c18b9a3e8aa5aa1f1147b291c99c1bd25fe5d750f9deb,2a2e7391a2495fafe92c18b9a3e8aa5aa1f1147b291c99c1bd25fe5d750f9deb,True,,,not_explicit_in_available_metadata,https://www.science.org/doi/10.1126/science.aav9776?url_ver=Z39.88-2003&rfr_id=ori:rid:crossref.org&rfr_dat=cr_pub%20%200pubmed,,10.1126/science.aav9776?url_ver=Z39.88-2003&rfr_id=ori:rid:crossref.org&rfr_dat=cr_pub%20%200pubmed,CC-BY-NC-SA-4.0,,original_label_requires_clarification,Mus musculus,Spatial Transcriptomics,Spinal cord,True,e00abe79dd111aa9ec8de95fb576c5ed661257cd2e25551b59afbe016ba86a36
NCBI13,MahmoodLab/hest,MahmoodLab/hest:st/NCBI13.h5ad,8b42ca7f80bc475644ac9a520bba7b9cccbce10d,local Hugging Face download receipt,st/NCBI13.h5ad,https://huggingface.co/datasets/MahmoodLab/hest/resolve/8b42ca7f80bc475644ac9a520bba7b9cccbce10d/st/NCBI13.h5ad,ad1749fc34222d7938ceeef97a063ef35aa698790eb0ebd65780527a7338434f,ad1749fc34222d7938ceeef97a063ef35aa698790eb0ebd65780527a7338434f,True,,,not_explicit_in_available_metadata,https://www.science.org/doi/10.1126/science.aav9776?url_ver=Z39.88-2003&rfr_id=ori:rid:crossref.org&rfr_dat=cr_pub%20%200pubmed,,10.1126/science.aav9776?url_ver=Z39.88-2003&rfr_id=ori:rid:crossref.org&rfr_dat=cr_pub%20%200pubmed,CC-BY-NC-SA-4.0,,original_label_requires_clarification,Mus musculus,Spatial Transcriptomics,Spinal cord,True,c0eeb7ff1f46c899e47f320e6d8d0ea47334730733c744b4c123604b3e331544
NCBI130,MahmoodLab/hest,MahmoodLab/hest:st/NCBI130.h5ad,8b42ca7f80bc475644ac9a520bba7b9cccbce10d,local Hugging Face download receipt,st/NCBI130.h5ad,https://huggingface.co/datasets/MahmoodLab/hest/resolve/8b42ca7f80bc475644ac9a520bba7b9cccbce10d/st/NCBI130.h5ad,397ee93f9a063e4a33c07062908f7dfb04e348337bcaf5a4c713b73f2a5b3bda,397ee93f9a063e4a33c07062908f7dfb04e348337bcaf5a4c713b73f2a5b3bda,True,,,not_explicit_in_available_metadata,https://www.science.org/doi/10.1126/science.aav9776?url_ver=Z39.88-2003&rfr_id=ori:rid:crossref.org&rfr_dat=cr_pub%20%200pubmed,,10.1126/science.aav9776?url_ver=Z39.88-2003&rfr_id=ori:rid:crossref.org&rfr_dat=cr_pub%20%200pubmed,CC-BY-NC-SA-4.0,,original_label_requires_clarification,Mus musculus,Spatial Transcriptomics,Spinal cord,True,3f938360a7e407b22a43001551154d5fbc1b81e79b873c4cc21deef7a466c9d5
NCBI131,MahmoodLab/hest,MahmoodLab/hest:st/NCBI131.h5ad,8b42ca7f80bc475644ac9a520bba7b9cccbce10d,local Hugging Face download receipt,st/NCBI131.h5ad,https://huggingface.co/datasets/MahmoodLab/hest/resolve/8b42ca7f80bc475644ac9a520bba7b9cccbce10d/st/NCBI131.h5ad,ac93f99e21aad701841949b1a609261f7f7a4fef51faf3df47566c922d9516ee,ac93f99e21aad701841949b1a609261f7f7a4fef51faf3df47566c922d9516ee,True,,,not_explicit_in_available_metadata,https://www.science.org/doi/10.1126/science.aav9776?url_ver=Z39.88-2003&rfr_id=ori:rid:crossref.org&rfr_dat=cr_pub%20%200pubmed,,10.1126/science.aav9776?url_ver=Z39.88-2003&rfr_id=ori:rid:crossref.org&rfr_dat=cr_pub%20%200pubmed,CC-BY-NC-SA-4.0,,original_label_requires_clarification,Mus musculus,Spatial Transcriptomics,Spinal cord,True,f8bb112adf262075b79458c7d2331c77aa7371f55fb6629c45a5c79df48dfad7
NCBI135,MahmoodLab/hest,MahmoodLab/hest:st/NCBI135.h5ad,8b42ca7f80bc475644ac9a520bba7b9cccbce10d,local Hugging Face download receipt,st/NCBI135.h5ad,https://huggingface.co/datasets/MahmoodLab/hest/resolve/8b42ca7f80bc475644ac9a520bba7b9cccbce10d/st/NCBI135.h5ad,a3e65f8d4793ecfdef364ca1991466ca1348d102e4eccf5cfab6cc27d2da3be2,a3e65f8d4793ecfdef364ca1991466ca1348d102e4eccf5cfab6cc27d2da3be2,True,,,not_explicit_in_available_metadata,https://www.science.org/doi/10.1126/science.aav9776?url_ver=Z39.88-2003&rfr_id=ori:rid:crossref.org&rfr_dat=cr_pub%20%200pubmed,,10.1126/science.aav9776?url_ver=Z39.88-2003&rfr_id=ori:rid:crossref.org&rfr_dat=cr_pub%20%200pubmed,CC-BY-NC-SA-4.0,,original_label_requires_clarification,Mus musculus,Spatial Transcriptomics,Spinal cord,True,0c031d37f43b52ea5ec0d906b0aab776418dbb33911eb2c57e94f6b3d083207c
NCBI136,MahmoodLab/hest,MahmoodLab/hest:st/NCBI136.h5ad,8b42ca7f80bc475644ac9a520bba7b9cccbce10d,local Hugging Face download receipt,st/NCBI136.h5ad,https://huggingface.co/datasets/MahmoodLab/hest/resolve/8b42ca7f80bc475644ac9a520bba7b9cccbce10d/st/NCBI136.h5ad,bd30a5db3cd3bb5c93e63571a3d8393e3ffc2e1b0700bb55dd9f046297886a97,bd30a5db3cd3bb5c93e63571a3d8393e3ffc2e1b0700bb55dd9f046297886a97,True,,,not_explicit_in_available_metadata,https://www.science.org/doi/10.1126/science.aav9776?url_ver=Z39.88-2003&rfr_id=ori:rid:crossref.org&rfr_dat=cr_pub%20%200pubmed,,10.1126/science.aav9776?url_ver=Z39.88-2003&rfr_id=ori:rid:crossref.org&rfr_dat=cr_pub%20%200pubmed,CC-BY-NC-SA-4.0,,original_label_requires_clarification,Mus musculus,Spatial Transcriptomics,Spinal cord,True,cb50234a94dd123e5f49e0fc98bbc4316a43f52daa6f24158c54f8bdb50dd482
NCBI137,MahmoodLab/hest,MahmoodLab/hest:st/NCBI137.h5ad,8b42ca7f80bc475644ac9a520bba7b9cccbce10d,local Hugging Face download receipt,st/NCBI137.h5ad,https://huggingface.co/datasets/MahmoodLab/hest/resolve/8b42ca7f80bc475644ac9a520bba7b9cccbce10d/st/NCBI137.h5ad,520011906c1f15ee8bcd35d1bf8614ff86014d2fefb9479e3ae834702812a7e9,520011906c1f15ee8bcd35d1bf8614ff86014d2fefb9479e3ae834702812a7e9,True,,,not_explicit_in_available_metadata,https://www.science.org/doi/10.1126/science.aav9776?url_ver=Z39.88-2003&rfr_id=ori:rid:crossref.org&rfr_dat=cr_pub%20%200pubmed,,10.1126/science.aav9776?url_ver=Z39.88-2003&rfr_id=ori:rid:crossref.org&rfr_dat=cr_pub%20%200pubmed,CC-BY-NC-SA-4.0,,original_label_requires_clarification,Mus musculus,Spatial Transcriptomics,Spinal cord,True,b968631e47c8373968f0a19920ec0e860eaa4507c8ed3effc082323cab139038
NCBI138,MahmoodLab/hest,MahmoodLab/hest:st/NCBI138.h5ad,8b42ca7f80bc475644ac9a520bba7b9cccbce10d,local Hugging Face download receipt,st/NCBI138.h5ad,https://huggingface.co/datasets/MahmoodLab/hest/resolve/8b42ca7f80bc475644ac9a520bba7b9cccbce10d/st/NCBI138.h5ad,1dbb910d70c3ff14ebd661bf533c2e6b17fc7fa32881785935a7145dddc1ea85,1dbb910d70c3ff14ebd661bf533c2e6b17fc7fa32881785935a7145dddc1ea85,True,,,not_explicit_in_available_metadata,https://www.science.org/doi/10.1126/science.aav9776?url_ver=Z39.88-2003&rfr_id=ori:rid:crossref.org&rfr_dat=cr_pub%20%200pubmed,,10.1126/science.aav9776?url_ver=Z39.88-2003&rfr_id=ori:rid:crossref.org&rfr_dat=cr_pub%20%200pubmed,CC-BY-NC-SA-4.0,,original_label_requires_clarification,Mus musculus,Spatial Transcriptomics,Spinal cord,True,eb30a1402501d666a7902d9b37c64f2dd6aa8e6e2a90b0393c23b85d16f11db2
NCBI139,MahmoodLab/hest,MahmoodLab/hest:st/NCBI139.h5ad,8b42ca7f80bc475644ac9a520bba7b9cccbce10d,local Hugging Face download receipt,st/NCBI139.h5ad,https://huggingface.co/datasets/MahmoodLab/hest/resolve/8b42ca7f80bc475644ac9a520bba7b9cccbce10d/st/NCBI139.h5ad,0da0b72e5cf15ac0f4aa921a49b4389ececc7495a982bde2f6c681e58039382d,0da0b72e5cf15ac0f4aa921a49b4389ececc7495a982bde2f6c681e58039382d,True,,,not_explicit_in_available_metadata,https://www.science.org/doi/10.1126/science.aav9776?url_ver=Z39.88-2003&rfr_id=ori:rid:crossref.org&rfr_dat=cr_pub%20%200pubmed,,10.1126/science.aav9776?url_ver=Z39.88-2003&rfr_id=ori:rid:crossref.org&rfr_dat=cr_pub%20%200pubmed,CC-BY-NC-SA-4.0,,original_label_requires_clarification,Mus musculus,Spatial Transcriptomics,Spinal cord,True,ca29f6ea37c4f23454139388c3ac2aee92543351f1770099a815c5f8367e9457
NCBI14,MahmoodLab/hest,MahmoodLab/hest:st/NCBI14.h5ad,8b42ca7f80bc475644ac9a520bba7b9cccbce10d,local Hugging Face download receipt,st/NCBI14.h5ad,https://huggingface.co/datasets/MahmoodLab/hest/resolve/8b42ca7f80bc475644ac9a520bba7b9cccbce10d/st/NCBI14.h5ad,edeab7a70b4f795bdcbcf3e191f604c08706ff7b888511c489135624d7571216,edeab7a70b4f795bdcbcf3e191f604c08706ff7b888511c489135624d7571216,True,,,not_explicit_in_available_metadata,https://www.science.org/doi/10.1126/science.aav9776?url_ver=Z39.88-2003&rfr_id=ori:rid:crossref.org&rfr_dat=cr_pub%20%200pubmed,,10.1126/science.aav9776?url_ver=Z39.88-2003&rfr_id=ori:rid:crossref.org&rfr_dat=cr_pub%20%200pubmed,CC-BY-NC-SA-4.0,,original_label_requires_clarification,Mus musculus,Spatial Transcriptomics,Spinal cord,True,ee7082c56673afff60be509f123fe92762cbd8ba044e930c9ff34daaca02dbf1
NCBI140,MahmoodLab/hest,MahmoodLab/hest:st/NCBI140.h5ad,8b42ca7f80bc475644ac9a520bba7b9cccbce10d,local Hugging Face download receipt,st/NCBI140.h5ad,https://huggingface.co/datasets/MahmoodLab/hest/resolve/8b42ca7f80bc475644ac9a520bba7b9cccbce10d/st/NCBI140.h5ad,be35c4478da48a0b1a7005371e3346e3ff665f13b318bb9b527e5cef78bb40c7,be35c4478da48a0b1a7005371e3346e3ff665f13b318bb9b527e5cef78bb40c7,True,,,not_explicit_in_available_metadata,https://www.science.org/doi/10.1126/science.aav9776?url_ver=Z39.88-2003&rfr_id=ori:rid:crossref.org&rfr_dat=cr_pub%20%200pubmed,,10.1126/science.aav9776?url_ver=Z39.88-2003&rfr_id=ori:rid:crossref.org&rfr_dat=cr_pub%20%200pubmed,CC-BY-NC-SA-4.0,,original_label_requires_clarification,Mus musculus,Spatial Transcriptomics,Spinal cord,True,9cbe463f26bfaa7948ca962919e6adaa16a409e1467015cb274a1d604598a860
NCBI141,MahmoodLab/hest,MahmoodLab/hest:st/NCBI141.h5ad,8b42ca7f80bc475644ac9a520bba7b9cccbce10d,local Hugging Face download receipt,st/NCBI141.h5ad,https://huggingface.co/datasets/MahmoodLab/hest/resolve/8b42ca7f80bc475644ac9a520bba7b9cccbce10d/st/NCBI141.h5ad,f0e3a0a1d4ca132851b233f13f996e4805feb34afd60785b740c9823d3bbaaad,f0e3a0a1d4ca132851b233f13f996e4805feb34afd60785b740c9823d3bbaaad,True,,,not_explicit_in_available_metadata,https://www.science.org/doi/10.1126/science.aav9776?url_ver=Z39.88-2003&rfr_id=ori:rid:crossref.org&rfr_dat=cr_pub%20%200pubmed,,10.1126/science.aav9776?url_ver=Z39.88-2003&rfr_id=ori:rid:crossref.org&rfr_dat=cr_pub%20%200pubmed,CC-BY-NC-SA-4.0,,original_label_requires_clarification,Mus musculus,Spatial Transcriptomics,Spinal cord,True,0ef59ea7b185c48dfced75da6500be5279b204ba747fdd3ef55a5944ea7f1e2f
NCBI142,MahmoodLab/hest,MahmoodLab/hest:st/NCBI142.h5ad,8b42ca7f80bc475644ac9a520bba7b9cccbce10d,local Hugging Face download receipt,st/NCBI142.h5ad,https://huggingface.co/datasets/MahmoodLab/hest/resolve/8b42ca7f80bc475644ac9a520bba7b9cccbce10d/st/NCBI142.h5ad,9163c14ad4148060fc3c82ea3b58e16cb04350e676b1aaab58727c420db1bc2f,9163c14ad4148060fc3c82ea3b58e16cb04350e676b1aaab58727c420db1bc2f,True,,,not_explicit_in_available_metadata,https://www.science.org/doi/10.1126/science.aav9776?url_ver=Z39.88-2003&rfr_id=ori:rid:crossref.org&rfr_dat=cr_pub%20%200pubmed,,10.1126/science.aav9776?url_ver=Z39.88-2003&rfr_id=ori:rid:crossref.org&rfr_dat=cr_pub%20%200pubmed,CC-BY-NC-SA-4.0,,original_label_requires_clarification,Mus musculus,Spatial Transcriptomics,Spinal cord,True,406de31f454e646ac149425c9cf7e93cd271eb1c33155b5dd2e947264c936f40
NCBI143,MahmoodLab/hest,MahmoodLab/hest:st/NCBI143.h5ad,8b42ca7f80bc475644ac9a520bba7b9cccbce10d,local Hugging Face download receipt,st/NCBI143.h5ad,https://huggingface.co/datasets/MahmoodLab/hest/resolve/8b42ca7f80bc475644ac9a520bba7b9cccbce10d/st/NCBI143.h5ad,6b938d3c1715426de4c86c8fdabf6c265bf17fd6b25aebe70a99c5ef1f7c44e7,6b938d3c1715426de4c86c8fdabf6c265bf17fd6b25aebe70a99c5ef1f7c44e7,True,,,not_explicit_in_available_metadata,https://www.science.org/doi/10.1126/science.aav9776?url_ver=Z39.88-2003&rfr_id=ori:rid:crossref.org&rfr_dat=cr_pub%20%200pubmed,,10.1126/science.aav9776?url_ver=Z39.88-2003&rfr_id=ori:rid:crossref.org&rfr_dat=cr_pub%20%200pubmed,CC-BY-NC-SA-4.0,,original_label_requires_clarification,Mus musculus,Spatial Transcriptomics,Spinal cord,True,b8849526fba1a0912ffde6e301cf444ba359a4e46021fc467fc3bed9b9a5d4b6
NCBI144,MahmoodLab/hest,MahmoodLab/hest:st/NCBI144.h5ad,8b42ca7f80bc475644ac9a520bba7b9cccbce10d,local Hugging Face download receipt,st/NCBI144.h5ad,https://huggingface.co/datasets/MahmoodLab/hest/resolve/8b42ca7f80bc475644ac9a520bba7b9cccbce10d/st/NCBI144.h5ad,48073e74bb93246340ae41b88d3aeda2b10bdac6d47fcf3f7d5c4ef5400ede52,48073e74bb93246340ae41b88d3aeda2b10bdac6d47fcf3f7d5c4ef5400ede52,True,,,not_explicit_in_available_metadata,https://www.science.org/doi/10.1126/science.aav9776?url_ver=Z39.88-2003&rfr_id=ori:rid:crossref.org&rfr_dat=cr_pub%20%200pubmed,,10.1126/science.aav9776?url_ver=Z39.88-2003&rfr_id=ori:rid:crossref.org&rfr_dat=cr_pub%20%200pubmed,CC-BY-NC-SA-4.0,,original_label_requires_clarification,Mus musculus,Spatial Transcriptomics,Spinal cord,True,c38b0a0560cf57ec4d62eed38d17a457667c5c22a27e05bb46bbbfd255f0fc20
NCBI145,MahmoodLab/hest,MahmoodLab/hest:st/NCBI145.h5ad,8b42ca7f80bc475644ac9a520bba7b9cccbce10d,local Hugging Face download receipt,st/NCBI145.h5ad,https://huggingface.co/datasets/MahmoodLab/hest/resolve/8b42ca7f80bc475644ac9a520bba7b9cccbce10d/st/NCBI145.h5ad,403195688c80f8385e9dda09375cbc7b542b643affad4a7221055d469b2af6a5,403195688c80f8385e9dda09375cbc7b542b643affad4a7221055d469b2af6a5,True,,,not_explicit_in_available_metadata,https://www.science.org/doi/10.1126/science.aav9776?url_ver=Z39.88-2003&rfr_id=ori:rid:crossref.org&rfr_dat=cr_pub%20%200pubmed,,10.1126/science.aav9776?url_ver=Z39.88-2003&rfr_id=ori:rid:crossref.org&rfr_dat=cr_pub%20%200pubmed,CC-BY-NC-SA-4.0,,original_label_requires_clarification,Mus musculus,Spatial Transcriptomics,Spinal cord,True,3bd016b04bb2d78e7cec6116a206312c973c71d0b64b95f9bb129161fb5c30f0
NCBI146,MahmoodLab/hest,MahmoodLab/hest:st/NCBI146.h5ad,8b42ca7f80bc475644ac9a520bba7b9cccbce10d,local Hugging Face download receipt,st/NCBI146.h5ad,https://huggingface.co/datasets/MahmoodLab/hest/resolve/8b42ca7f80bc475644ac9a520bba7b9cccbce10d/st/NCBI146.h5ad,b5c6bfed0e746130546f259b7d823bea6bd1f5fea12a5311fb5570b88adfbc55,b5c6bfed0e746130546f259b7d823bea6bd1f5fea12a5311fb5570b88adfbc55,True,,,not_explicit_in_available_metadata,https://www.science.org/doi/10.1126/science.aav9776?url_ver=Z39.88-2003&rfr_id=ori:rid:crossref.org&rfr_dat=cr_pub%20%200pubmed,,10.1126/science.aav9776?url_ver=Z39.88-2003&rfr_id=ori:rid:crossref.org&rfr_dat=cr_pub%20%200pubmed,CC-BY-NC-SA-4.0,,original_label_requires_clarification,Mus musculus,Spatial Transcriptomics,Spinal cord,True,107f6ae190638ab38a8d11daf76c763678566530053d9460e2ec1d9156079aec
NCBI147,MahmoodLab/hest,MahmoodLab/hest:st/NCBI147.h5ad,8b42ca7f80bc475644ac9a520bba7b9cccbce10d,local Hugging Face download receipt,st/NCBI147.h5ad,https://huggingface.co/datasets/MahmoodLab/hest/resolve/8b42ca7f80bc475644ac9a520bba7b9cccbce10d/st/NCBI147.h5ad,53a956045a77f83b1f614303013e2912172e9493bddcb9c8aeb33cd2554e3058,53a956045a77f83b1f614303013e2912172e9493bddcb9c8aeb33cd2554e3058,True,,,not_explicit_in_available_metadata,https://www.science.org/doi/10.1126/science.aav9776?url_ver=Z39.88-2003&rfr_id=ori:rid:crossref.org&rfr_dat=cr_pub%20%200pubmed,,10.1126/science.aav9776?url_ver=Z39.88-2003&rfr_id=ori:rid:crossref.org&rfr_dat=cr_pub%20%200pubmed,CC-BY-NC-SA-4.0,,original_label_requires_clarification,Mus musculus,Spatial Transcriptomics,Spinal cord,True,ca4041e72cdb134d97a5549b3044dee57caf997ea75bece5c5318e7e141ee3d0
NCBI148,MahmoodLab/hest,MahmoodLab/hest:st/NCBI148.h5ad,8b42ca7f80bc475644ac9a520bba7b9cccbce10d,local Hugging Face download receipt,st/NCBI148.h5ad,https://huggingface.co/datasets/MahmoodLab/hest/resolve/8b42ca7f80bc475644ac9a520bba7b9cccbce10d/st/NCBI148.h5ad,f87eafd80404191a70d1e885a0cdc4ea62699e7caa47d8eb2224b6c7e0a31297,f87eafd80404191a70d1e885a0cdc4ea62699e7caa47d8eb2224b6c7e0a31297,True,,,not_explicit_in_available_metadata,https://www.science.org/doi/10.1126/science.aav9776?url_ver=Z39.88-2003&rfr_id=ori:rid:crossref.org&rfr_dat=cr_pub%20%200pubmed,,10.1126/science.aav9776?url_ver=Z39.88-2003&rfr_id=ori:rid:crossref.org&rfr_dat=cr_pub%20%200pubmed,CC-BY-NC-SA-4.0,,original_label_requires_clarification,Mus musculus,Spatial Transcriptomics,Spinal cord,True,a766855f53c13b6f1443d460bdf07a1e1e9dd5a85b2c4f48403b4b5fb64fd926
NCBI149,MahmoodLab/hest,MahmoodLab/hest:st/NCBI149.h5ad,8b42ca7f80bc475644ac9a520bba7b9cccbce10d,local Hugging Face download receipt,st/NCBI149.h5ad,https://huggingface.co/datasets/MahmoodLab/hest/resolve/8b42ca7f80bc475644ac9a520bba7b9cccbce10d/st/NCBI149.h5ad,ca6c24a74fc7f3d36bbd9a058f8a002c9db1bf0cb31622563f628c8afc0bbb80,ca6c24a74fc7f3d36bbd9a058f8a002c9db1bf0cb31622563f628c8afc0bbb80,True,,,not_explicit_in_available_metadata,https://www.science.org/doi/10.1126/science.aav9776?url_ver=Z39.88-2003&rfr_id=ori:rid:crossref.org&rfr_dat=cr_pub%20%200pubmed,,10.1126/science.aav9776?url_ver=Z39.88-2003&rfr_id=ori:rid:crossref.org&rfr_dat=cr_pub%20%200pubmed,CC-BY-NC-SA-4.0,,original_label_requires_clarification,Mus musculus,Spatial Transcriptomics,Spinal cord,True,4f11446bc601fcacb78956542dddae55ab54c6114d9942e5cb527fd31fcf9eab
NCBI15,MahmoodLab/hest,MahmoodLab/hest:st/NCBI15.h5ad,8b42ca7f80bc475644ac9a520bba7b9cccbce10d,local Hugging Face download receipt,st/NCBI15.h5ad,https://huggingface.co/datasets/MahmoodLab/hest/resolve/8b42ca7f80bc475644ac9a520bba7b9cccbce10d/st/NCBI15.h5ad,776e7b75c6a2ba3009635629089f2e7432eaa6298bd8b82b1ff10ded733732f4,776e7b75c6a2ba3009635629089f2e7432eaa6298bd8b82b1ff10ded733732f4,True,,,not_explicit_in_available_metadata,https://www.science.org/doi/10.1126/science.aav9776?url_ver=Z39.88-2003&rfr_id=ori:rid:crossref.org&rfr_dat=cr_pub%20%200pubmed,,10.1126/science.aav9776?url_ver=Z39.88-2003&rfr_id=ori:rid:crossref.org&rfr_dat=cr_pub%20%200pubmed,CC-BY-NC-SA-4.0,,original_label_requires_clarification,Mus musculus,Spatial Transcriptomics,Spinal cord,True,da82355556251f65c1dbcdc54a530241edde51ef5979e5ba81cc4e35d5aaaae3
NCBI150,MahmoodLab/hest,MahmoodLab/hest:st/NCBI150.h5ad,8b42ca7f80bc475644ac9a520bba7b9cccbce10d,local Hugging Face download receipt,st/NCBI150.h5ad,https://huggingface.co/datasets/MahmoodLab/hest/resolve/8b42ca7f80bc475644ac9a520bba7b9cccbce10d/st/NCBI150.h5ad,a78ad5b1dd071478d9e648baa6e93c8eb5a094366984bf138d93e937fd088652,a78ad5b1dd071478d9e648baa6e93c8eb5a094366984bf138d93e937fd088652,True,,,not_explicit_in_available_metadata,https://www.science.org/doi/10.1126/science.aav9776?url_ver=Z39.88-2003&rfr_id=ori:rid:crossref.org&rfr_dat=cr_pub%20%200pubmed,,10.1126/science.aav9776?url_ver=Z39.88-2003&rfr_id=ori:rid:crossref.org&rfr_dat=cr_pub%20%200pubmed,CC-BY-NC-SA-4.0,,original_label_requires_clarification,Mus musculus,Spatial Transcriptomics,Spinal cord,True,c63bd57fc5e068702480e01d7b8dabe2633be5206b65d009e4aebff1e3fe5324
NCBI151,MahmoodLab/hest,MahmoodLab/hest:st/NCBI151.h5ad,8b42ca7f80bc475644ac9a520bba7b9cccbce10d,local Hugging Face download receipt,st/NCBI151.h5ad,https://huggingface.co/datasets/MahmoodLab/hest/resolve/8b42ca7f80bc475644ac9a520bba7b9cccbce10d/st/NCBI151.h5ad,94e9c36d66c1ccb8dd2c77f5c85a96f66e5d8006b9f2c2c591148d1a78dfeedb,94e9c36d66c1ccb8dd2c77f5c85a96f66e5d8006b9f2c2c591148d1a78dfeedb,True,,,not_explicit_in_available_metadata,https://www.science.org/doi/10.1126/science.aav9776?url_ver=Z39.88-2003&rfr_id=ori:rid:crossref.org&rfr_dat=cr_pub%20%200pubmed,,10.1126/science.aav9776?url_ver=Z39.88-2003&rfr_id=ori:rid:crossref.org&rfr_dat=cr_pub%20%200pubmed,CC-BY-NC-SA-4.0,,original_label_requires_clarification,Mus musculus,Spatial Transcriptomics,Spinal cord,True,1860c74b25918851b4ea15c895769b95ae0b3c5f38e95f715849d67f480ee204
NCBI152,MahmoodLab/hest,MahmoodLab/hest:st/NCBI152.h5ad,8b42ca7f80bc475644ac9a520bba7b9cccbce10d,local Hugging Face download receipt,st/NCBI152.h5ad,https://huggingface.co/datasets/MahmoodLab/hest/resolve/8b42ca7f80bc475644ac9a520bba7b9cccbce10d/st/NCBI152.h5ad,ef090fe9bee6337ec94781693b72ef2e17eea5b3aa3ee56fa8aff6fa67a701c3,ef090fe9bee6337ec94781693b72ef2e17eea5b3aa3ee56fa8aff6fa67a701c3,True,,,not_explicit_in_available_metadata,https://www.science.org/doi/10.1126/science.aav9776?url_ver=Z39.88-2003&rfr_id=ori:rid:crossref.org&rfr_dat=cr_pub%20%200pubmed,,10.1126/science.aav9776?url_ver=Z39.88-2003&rfr_id=ori:rid:crossref.org&rfr_dat=cr_pub%20%200pubmed,CC-BY-NC-SA-4.0,,original_label_requires_clarification,Mus musculus,Spatial Transcriptomics,Spinal cord,True,13d73ff76f79eb841130ec65ba5b39867d7e801c20b219f6af18383c871871a3
NCBI153,MahmoodLab/hest,MahmoodLab/hest:st/NCBI153.h5ad,8b42ca7f80bc475644ac9a520bba7b9cccbce10d,local Hugging Face download receipt,st/NCBI153.h5ad,https://huggingface.co/datasets/MahmoodLab/hest/resolve/8b42ca7f80bc475644ac9a520bba7b9cccbce10d/st/NCBI153.h5ad,30ed181911a39d58de15b1c4a8d2a4159ed5914bc43163dbdd2be7ee3c2f4e48,30ed181911a39d58de15b1c4a8d2a4159ed5914bc43163dbdd2be7ee3c2f4e48,True,,,not_explicit_in_available_metadata,https://www.science.org/doi/10.1126/science.aav9776?url_ver=Z39.88-2003&rfr_id=ori:rid:crossref.org&rfr_dat=cr_pub%20%200pubmed,,10.1126/science.aav9776?url_ver=Z39.88-2003&rfr_id=ori:rid:crossref.org&rfr_dat=cr_pub%20%200pubmed,CC-BY-NC-SA-4.0,,original_label_requires_clarification,Mus musculus,Spatial Transcriptomics,Spinal cord,True,028bf62e5ed022330a18faa0db4db106ed9474dbfb8b30727eb501d3057c2437
NCBI154,MahmoodLab/hest,MahmoodLab/hest:st/NCBI154.h5ad,8b42ca7f80bc475644ac9a520bba7b9cccbce10d,local Hugging Face download receipt,st/NCBI154.h5ad,https://huggingface.co/datasets/MahmoodLab/hest/resolve/8b42ca7f80bc475644ac9a520bba7b9cccbce10d/st/NCBI154.h5ad,a40bcbba608e70c50ad918cd9224f1dc08691181b4194e0767c63d55573ed574,a40bcbba608e70c50ad918cd9224f1dc08691181b4194e0767c63d55573ed574,True,,,not_explicit_in_available_metadata,https://www.science.org/doi/10.1126/science.aav9776?url_ver=Z39.88-2003&rfr_id=ori:rid:crossref.org&rfr_dat=cr_pub%20%200pubmed,,10.1126/science.aav9776?url_ver=Z39.88-2003&rfr_id=ori:rid:crossref.org&rfr_dat=cr_pub%20%200pubmed,CC-BY-NC-SA-4.0,,original_label_requires_clarification,Mus musculus,Spatial Transcriptomics,Spinal cord,True,c806334c9fa08bccafdd36403d900ba8478928ab5c96589bea04d6cb4dc9c932
NCBI155,MahmoodLab/hest,MahmoodLab/hest:st/NCBI155.h5ad,8b42ca7f80bc475644ac9a520bba7b9cccbce10d,local Hugging Face download receipt,st/NCBI155.h5ad,https://huggingface.co/datasets/MahmoodLab/hest/resolve/8b42ca7f80bc475644ac9a520bba7b9cccbce10d/st/NCBI155.h5ad,4a5f929e660306ed0268f7d9d47e136f25f228d7fc748db4c4a94d9fca4443ac,4a5f929e660306ed0268f7d9d47e136f25f228d7fc748db4c4a94d9fca4443ac,True,,,not_explicit_in_available_metadata,https://www.science.org/doi/10.1126/science.aav9776?url_ver=Z39.88-2003&rfr_id=ori:rid:crossref.org&rfr_dat=cr_pub%20%200pubmed,,10.1126/science.aav9776?url_ver=Z39.88-2003&rfr_id=ori:rid:crossref.org&rfr_dat=cr_pub%20%200pubmed,CC-BY-NC-SA-4.0,,original_label_requires_clarification,Mus musculus,Spatial Transcriptomics,Spinal cord,True,8039baef6f96d2cb718326f60ae9522538009841e9a3fc75c6123e64d64224b6
NCBI156,MahmoodLab/hest,MahmoodLab/hest:st/NCBI156.h5ad,8b42ca7f80bc475644ac9a520bba7b9cccbce10d,local Hugging Face download receipt,st/NCBI156.h5ad,https://huggingface.co/datasets/MahmoodLab/hest/resolve/8b42ca7f80bc475644ac9a520bba7b9cccbce10d/st/NCBI156.h5ad,9b2b75945f9b39673b4815357607bc8d8b2bc6a67be7780d61fff15537bb6ef8,9b2b75945f9b39673b4815357607bc8d8b2bc6a67be7780d61fff15537bb6ef8,True,,,not_explicit_in_available_metadata,https://www.science.org/doi/10.1126/science.aav9776?url_ver=Z39.88-2003&rfr_id=ori:rid:crossref.org&rfr_dat=cr_pub%20%200pubmed,,10.1126/science.aav9776?url_ver=Z39.88-2003&rfr_id=ori:rid:crossref.org&rfr_dat=cr_pub%20%200pubmed,CC-BY-NC-SA-4.0,,original_label_requires_clarification,Mus musculus,Spatial Transcriptomics,Spinal cord,True,f9a3fe0b56c87ab9ea7d1b9638442479bc52cd6b59e841c37b5f154d829cdbc7
NCBI157,MahmoodLab/hest,MahmoodLab/hest:st/NCBI157.h5ad,8b42ca7f80bc475644ac9a520bba7b9cccbce10d,local Hugging Face download receipt,st/NCBI157.h5ad,https://huggingface.co/datasets/MahmoodLab/hest/resolve/8b42ca7f80bc475644ac9a520bba7b9cccbce10d/st/NCBI157.h5ad,915caca26e904c1706635e0ce26066a2ac4e1a8272a09e62835ab6015bd31bc2,915caca26e904c1706635e0ce26066a2ac4e1a8272a09e62835ab6015bd31bc2,True,,,not_explicit_in_available_metadata,https://www.science.org/doi/10.1126/science.aav9776?url_ver=Z39.88-2003&rfr_id=ori:rid:crossref.org&rfr_dat=cr_pub%20%200pubmed,,10.1126/science.aav9776?url_ver=Z39.88-2003&rfr_id=ori:rid:crossref.org&rfr_dat=cr_pub%20%200pubmed,CC-BY-NC-SA-4.0,,original_label_requires_clarification,Mus musculus,Spatial Transcriptomics,Spinal cord,True,88c23c3fe3e54b3bfb017c708f3c107af3049245bcc9b8861eb37789f491ab58
NCBI158,MahmoodLab/hest,MahmoodLab/hest:st/NCBI158.h5ad,8b42ca7f80bc475644ac9a520bba7b9cccbce10d,local Hugging Face download receipt,st/NCBI158.h5ad,https://huggingface.co/datasets/MahmoodLab/hest/resolve/8b42ca7f80bc475644ac9a520bba7b9cccbce10d/st/NCBI158.h5ad,1eff37c7963cc0913d28d876f059e7d623d8bb5afabb2cc8d83658a24cdc3afc,1eff37c7963cc0913d28d876f059e7d623d8bb5afabb2cc8d83658a24cdc3afc,True,,,not_explicit_in_available_metadata,https://www.science.org/doi/10.1126/science.aav9776?url_ver=Z39.88-2003&rfr_id=ori:rid:crossref.org&rfr_dat=cr_pub%20%200pubmed,,10.1126/science.aav9776?url_ver=Z39.88-2003&rfr_id=ori:rid:crossref.org&rfr_dat=cr_pub%20%200pubmed,CC-BY-NC-SA-4.0,,original_label_requires_clarification,Mus musculus,Spatial Transcriptomics,Spinal cord,True,6e253077bc7781ae687e812c438325c0e4a2f0007c0c0bdd31c1661bc66ef103
NCBI159,MahmoodLab/hest,MahmoodLab/hest:st/NCBI159.h5ad,8b42ca7f80bc475644ac9a520bba7b9cccbce10d,local Hugging Face download receipt,st/NCBI159.h5ad,https://huggingface.co/datasets/MahmoodLab/hest/resolve/8b42ca7f80bc475644ac9a520bba7b9cccbce10d/st/NCBI159.h5ad,4cff7bc6e70e9d99408e8c7c590f6e9568151679522f5ccf9178ea9324871b8a,4cff7bc6e70e9d99408e8c7c590f6e9568151679522f5ccf9178ea9324871b8a,True,,,not_explicit_in_available_metadata,https://www.science.org/doi/10.1126/science.aav9776?url_ver=Z39.88-2003&rfr_id=ori:rid:crossref.org&rfr_dat=cr_pub%20%200pubmed,,10.1126/science.aav9776?url_ver=Z39.88-2003&rfr_id=ori:rid:crossref.org&rfr_dat=cr_pub%20%200pubmed,CC-BY-NC-SA-4.0,,original_label_requires_clarification,Mus musculus,Spatial Transcriptomics,Spinal cord,True,47aeeca794298f925654fce691de08a1e9a502b0d84fdd713197cf8e35a53eff
NCBI160,MahmoodLab/hest,MahmoodLab/hest:st/NCBI160.h5ad,8b42ca7f80bc475644ac9a520bba7b9cccbce10d,local Hugging Face download receipt,st/NCBI160.h5ad,https://huggingface.co/datasets/MahmoodLab/hest/resolve/8b42ca7f80bc475644ac9a520bba7b9cccbce10d/st/NCBI160.h5ad,745b7ec03a85899699022490e9ae5795ae74cfade1eea850e29d78da42cf4832,745b7ec03a85899699022490e9ae5795ae74cfade1eea850e29d78da42cf4832,True,,,not_explicit_in_available_metadata,https://www.science.org/doi/10.1126/science.aav9776?url_ver=Z39.88-2003&rfr_id=ori:rid:crossref.org&rfr_dat=cr_pub%20%200pubmed,,10.1126/science.aav9776?url_ver=Z39.88-2003&rfr_id=ori:rid:crossref.org&rfr_dat=cr_pub%20%200pubmed,CC-BY-NC-SA-4.0,,original_label_requires_clarification,Mus musculus,Spatial Transcriptomics,Spinal cord,True,6ca7fa846e74b5274a37af3abf9c489e3eded4d325f55af9e1e5b8505b162465
NCBI161,MahmoodLab/hest,MahmoodLab/hest:st/NCBI161.h5ad,8b42ca7f80bc475644ac9a520bba7b9cccbce10d,local Hugging Face download receipt,st/NCBI161.h5ad,https://huggingface.co/datasets/MahmoodLab/hest/resolve/8b42ca7f80bc475644ac9a520bba7b9cccbce10d/st/NCBI161.h5ad,19c84f468b56c48a73917cf611816cf67b16752f243cd9732b934d8adb7d81eb,19c84f468b56c48a73917cf611816cf67b16752f243cd9732b934d8adb7d81eb,True,,,not_explicit_in_available_metadata,https://www.science.org/doi/10.1126/science.aav9776?url_ver=Z39.88-2003&rfr_id=ori:rid:crossref.org&rfr_dat=cr_pub%20%200pubmed,,10.1126/science.aav9776?url_ver=Z39.88-2003&rfr_id=ori:rid:crossref.org&rfr_dat=cr_pub%20%200pubmed,CC-BY-NC-SA-4.0,,original_label_requires_clarification,Mus musculus,Spatial Transcriptomics,Spinal cord,True,fde5546296fa726c90d6fc36d6c971490865ef3eb7b5f67c142a8f12fb974e89
NCBI162,MahmoodLab/hest,MahmoodLab/hest:st/NCBI162.h5ad,8b42ca7f80bc475644ac9a520bba7b9cccbce10d,local Hugging Face download receipt,st/NCBI162.h5ad,https://huggingface.co/datasets/MahmoodLab/hest/resolve/8b42ca7f80bc475644ac9a520bba7b9cccbce10d/st/NCBI162.h5ad,247430bceb6ad9c07264249f807ccecf4356b931387388c4b99acfcd99e7b774,247430bceb6ad9c07264249f807ccecf4356b931387388c4b99acfcd99e7b774,True,,,not_explicit_in_available_metadata,https://www.science.org/doi/10.1126/science.aav9776?url_ver=Z39.88-2003&rfr_id=ori:rid:crossref.org&rfr_dat=cr_pub%20%200pubmed,,10.1126/science.aav9776?url_ver=Z39.88-2003&rfr_id=ori:rid:crossref.org&rfr_dat=cr_pub%20%200pubmed,CC-BY-NC-SA-4.0,,original_label_requires_clarification,Mus musculus,Spatial Transcriptomics,Spinal cord,True,ab64e3d8752789180078281cb6caa6a52380031964111f286eacdd57ecbfdf68
NCBI163,MahmoodLab/hest,MahmoodLab/hest:st/NCBI163.h5ad,8b42ca7f80bc475644ac9a520bba7b9cccbce10d,local Hugging Face download receipt,st/NCBI163.h5ad,https://huggingface.co/datasets/MahmoodLab/hest/resolve/8b42ca7f80bc475644ac9a520bba7b9cccbce10d/st/NCBI163.h5ad,41e05bdd1cf6142b7168a878e9e1c6a51e03266b1b351c6dc330c8108a3d200a,41e05bdd1cf6142b7168a878e9e1c6a51e03266b1b351c6dc330c8108a3d200a,True,,,not_explicit_in_available_metadata,https://www.science.org/doi/10.1126/science.aav9776?url_ver=Z39.88-2003&rfr_id=ori:rid:crossref.org&rfr_dat=cr_pub%20%200pubmed,,10.1126/science.aav9776?url_ver=Z39.88-2003&rfr_id=ori:rid:crossref.org&rfr_dat=cr_pub%20%200pubmed,CC-BY-NC-SA-4.0,,original_label_requires_clarification,Mus musculus,Spatial Transcriptomics,Spinal cord,True,9561f74e6adf03fde928ce616b69812aa40661df9cae2b83267b7eb21ad45a56
NCBI164,MahmoodLab/hest,MahmoodLab/hest:st/NCBI164.h5ad,8b42ca7f80bc475644ac9a520bba7b9cccbce10d,local Hugging Face download receipt,st/NCBI164.h5ad,https://huggingface.co/datasets/MahmoodLab/hest/resolve/8b42ca7f80bc475644ac9a520bba7b9cccbce10d/st/NCBI164.h5ad,c3c0ea8b7c33ee1bd9d09a84c08c2f054a071dacf4877ee6cc0b7f540198cfa8,c3c0ea8b7c33ee1bd9d09a84c08c2f054a071dacf4877ee6cc0b7f540198cfa8,True,,,not_explicit_in_available_metadata,https://www.science.org/doi/10.1126/science.aav9776?url_ver=Z39.88-2003&rfr_id=ori:rid:crossref.org&rfr_dat=cr_pub%20%200pubmed,,10.1126/science.aav9776?url_ver=Z39.88-2003&rfr_id=ori:rid:crossref.org&rfr_dat=cr_pub%20%200pubmed,CC-BY-NC-SA-4.0,,original_label_requires_clarification,Mus musculus,Spatial Transcriptomics,Spinal cord,True,4522b007575b1d56a5261646316d8ad6b1c5184c65ace95f770557eb20483117
NCBI165,MahmoodLab/hest,MahmoodLab/hest:st/NCBI165.h5ad,8b42ca7f80bc475644ac9a520bba7b9cccbce10d,local Hugging Face download receipt,st/NCBI165.h5ad,https://huggingface.co/datasets/MahmoodLab/hest/resolve/8b42ca7f80bc475644ac9a520bba7b9cccbce10d/st/NCBI165.h5ad,cdafce8aa913afab894088e61fabb77fbf4743f617ab21b029548d2731c8030f,cdafce8aa913afab894088e61fabb77fbf4743f617ab21b029548d2731c8030f,True,,,not_explicit_in_available_metadata,https://www.science.org/doi/10.1126/science.aav9776?url_ver=Z39.88-2003&rfr_id=ori:rid:crossref.org&rfr_dat=cr_pub%20%200pubmed,,10.1126/science.aav9776?url_ver=Z39.88-2003&rfr_id=ori:rid:crossref.org&rfr_dat=cr_pub%20%200pubmed,CC-BY-NC-SA-4.0,,original_label_requires_clarification,Mus musculus,Spatial Transcriptomics,Spinal cord,True,0978b4ab83beb69ae440b8e96ca118a42044c13406e2ba79bb2218251b3fdab3
NCBI167,MahmoodLab/hest,MahmoodLab/hest:st/NCBI167.h5ad,8b42ca7f80bc475644ac9a520bba7b9cccbce10d,local Hugging Face download receipt,st/NCBI167.h5ad,https://huggingface.co/datasets/MahmoodLab/hest/resolve/8b42ca7f80bc475644ac9a520bba7b9cccbce10d/st/NCBI167.h5ad,fd945987474398aaee03bd7e0047d3daa1752c6afef9907c7ddceeea66839769,fd945987474398aaee03bd7e0047d3daa1752c6afef9907c7ddceeea66839769,True,,,not_explicit_in_available_metadata,https://www.science.org/doi/10.1126/science.aav9776?url_ver=Z39.88-2003&rfr_id=ori:rid:crossref.org&rfr_dat=cr_pub%20%200pubmed,,10.1126/science.aav9776?url_ver=Z39.88-2003&rfr_id=ori:rid:crossref.org&rfr_dat=cr_pub%20%200pubmed,CC-BY-NC-SA-4.0,,original_label_requires_clarification,Mus musculus,Spatial Transcriptomics,Spinal cord,True,a6b04485d18db1c4851f79808fd7c462d074867b2dfc1591ed879f4642fc7d0f
NCBI168,MahmoodLab/hest,MahmoodLab/hest:st/NCBI168.h5ad,8b42ca7f80bc475644ac9a520bba7b9cccbce10d,local Hugging Face download receipt,st/NCBI168.h5ad,https://huggingface.co/datasets/MahmoodLab/hest/resolve/8b42ca7f80bc475644ac9a520bba7b9cccbce10d/st/NCBI168.h5ad,06498ae55f49f7f1dcad5fb4665062d03ed7124db46a42b881f4eba3cc9551d8,06498ae55f49f7f1dcad5fb4665062d03ed7124db46a42b881f4eba3cc9551d8,True,,,not_explicit_in_available_metadata,https://www.science.org/doi/10.1126/science.aav9776?url_ver=Z39.88-2003&rfr_id=ori:rid:crossref.org&rfr_dat=cr_pub%20%200pubmed,,10.1126/science.aav9776?url_ver=Z39.88-2003&rfr_id=ori:rid:crossref.org&rfr_dat=cr_pub%20%200pubmed,CC-BY-NC-SA-4.0,,original_label_requires_clarification,Mus musculus,Spatial Transcriptomics,Spinal cord,True,eca6936f113f229ded833196a0c8111e615d338ddbde0199a5f522c14819f34b
NCBI169,MahmoodLab/hest,MahmoodLab/hest:st/NCBI169.h5ad,8b42ca7f80bc475644ac9a520bba7b9cccbce10d,local Hugging Face download receipt,st/NCBI169.h5ad,https://huggingface.co/datasets/MahmoodLab/hest/resolve/8b42ca7f80bc475644ac9a520bba7b9cccbce10d/st/NCBI169.h5ad,87fc7bfe1aad0f7d7d55c3781999540c96d302497da89ff932d966ffd72d626f,87fc7bfe1aad0f7d7d55c3781999540c96d302497da89ff932d966ffd72d626f,True,,,not_explicit_in_available_metadata,https://www.science.org/doi/10.1126/science.aav9776?url_ver=Z39.88-2003&rfr_id=ori:rid:crossref.org&rfr_dat=cr_pub%20%200pubmed,,10.1126/science.aav9776?url_ver=Z39.88-2003&rfr_id=ori:rid:crossref.org&rfr_dat=cr_pub%20%200pubmed,CC-BY-NC-SA-4.0,,original_label_requires_clarification,Mus musculus,Spatial Transcriptomics,Spinal cord,True,0f4e91a2e68ffa57ba86baee47e8f33ac246e94d4644656c23d01798c9a75ba0
NCBI17,MahmoodLab/hest,MahmoodLab/hest:st/NCBI17.h5ad,8b42ca7f80bc475644ac9a520bba7b9cccbce10d,local Hugging Face download receipt,st/NCBI17.h5ad,https://huggingface.co/datasets/MahmoodLab/hest/resolve/8b42ca7f80bc475644ac9a520bba7b9cccbce10d/st/NCBI17.h5ad,4899069f38380d62ec6ffbb2208f289ee4041b2a27f9ab95e373364635255b90,4899069f38380d62ec6ffbb2208f289ee4041b2a27f9ab95e373364635255b90,True,,,not_explicit_in_available_metadata,https://www.science.org/doi/10.1126/science.aav9776?url_ver=Z39.88-2003&rfr_id=ori:rid:crossref.org&rfr_dat=cr_pub%20%200pubmed,,10.1126/science.aav9776?url_ver=Z39.88-2003&rfr_id=ori:rid:crossref.org&rfr_dat=cr_pub%20%200pubmed,CC-BY-NC-SA-4.0,,original_label_requires_clarification,Mus musculus,Spatial Transcriptomics,Spinal cord,True,20d43471122a010cf148a375aea3edb54eb0a4cc6550f734e394193b4069910a
NCBI170,MahmoodLab/hest,MahmoodLab/hest:st/NCBI170.h5ad,8b42ca7f80bc475644ac9a520bba7b9cccbce10d,local Hugging Face download receipt,st/NCBI170.h5ad,https://huggingface.co/datasets/MahmoodLab/hest/resolve/8b42ca7f80bc475644ac9a520bba7b9cccbce10d/st/NCBI170.h5ad,6471e59e76cb4b0fa887360a4cb600efb0a2ea694982822c0db5f838c6d2d93b,6471e59e76cb4b0fa887360a4cb600efb0a2ea694982822c0db5f838c6d2d93b,True,,,not_explicit_in_available_metadata,https://www.science.org/doi/10.1126/science.aav9776?url_ver=Z39.88-2003&rfr_id=ori:rid:crossref.org&rfr_dat=cr_pub%20%200pubmed,,10.1126/science.aav9776?url_ver=Z39.88-2003&rfr_id=ori:rid:crossref.org&rfr_dat=cr_pub%20%200pubmed,CC-BY-NC-SA-4.0,,original_label_requires_clarification,Mus musculus,Spatial Transcriptomics,Spinal cord,True,97eed8891990c09e6cfa469f08683d766acba161566c75a19681a638a59c7795
NCBI171,MahmoodLab/hest,MahmoodLab/hest:st/NCBI171.h5ad,8b42ca7f80bc475644ac9a520bba7b9cccbce10d,local Hugging Face download receipt,st/NCBI171.h5ad,https://huggingface.co/datasets/MahmoodLab/hest/resolve/8b42ca7f80bc475644ac9a520bba7b9cccbce10d/st/NCBI171.h5ad,6090104d2c22ba949f3fa4eb91f6841342f10e83b046e928817b6099e94a7a9e,6090104d2c22ba949f3fa4eb91f6841342f10e83b046e928817b6099e94a7a9e,True,,,not_explicit_in_available_metadata,https://www.science.org/doi/10.1126/science.aav9776?url_ver=Z39.88-2003&rfr_id=ori:rid:crossref.org&rfr_dat=cr_pub%20%200pubmed,,10.1126/science.aav9776?url_ver=Z39.88-2003&rfr_id=ori:rid:crossref.org&rfr_dat=cr_pub%20%200pubmed,CC-BY-NC-SA-4.0,,original_label_requires_clarification,Mus musculus,Spatial Transcriptomics,Spinal cord,True,3e39a681af408aca304cbc2b55a9c1b351603b2c704762f3d744173d130dfd54
NCBI172,MahmoodLab/hest,MahmoodLab/hest:st/NCBI172.h5ad,8b42ca7f80bc475644ac9a520bba7b9cccbce10d,local Hugging Face download receipt,st/NCBI172.h5ad,https://huggingface.co/datasets/MahmoodLab/hest/resolve/8b42ca7f80bc475644ac9a520bba7b9cccbce10d/st/NCBI172.h5ad,2c7f7979f74ff331b18256866fe5485f0d30eb9bbb810b4e055a9c4eab627771,2c7f7979f74ff331b18256866fe5485f0d30eb9bbb810b4e055a9c4eab627771,True,,,not_explicit_in_available_metadata,https://www.science.org/doi/10.1126/science.aav9776?url_ver=Z39.88-2003&rfr_id=ori:rid:crossref.org&rfr_dat=cr_pub%20%200pubmed,,10.1126/science.aav9776?url_ver=Z39.88-2003&rfr_id=ori:rid:crossref.org&rfr_dat=cr_pub%20%200pubmed,CC-BY-NC-SA-4.0,,original_label_requires_clarification,Mus musculus,Spatial Transcriptomics,Spinal cord,True,34a053bdf5284dd240a8918f3dde6d3d02acbd1108d1618c7b5ada89dc1eaa7a
NCBI173,MahmoodLab/hest,MahmoodLab/hest:st/NCBI173.h5ad,8b42ca7f80bc475644ac9a520bba7b9cccbce10d,local Hugging Face download receipt,st/NCBI173.h5ad,https://huggingface.co/datasets/MahmoodLab/hest/resolve/8b42ca7f80bc475644ac9a520bba7b9cccbce10d/st/NCBI173.h5ad,06cbd5f6fd3bdc6fc307ed947d0d3cb7ef4dda815c2dce78f2e73e786fb429ca,06cbd5f6fd3bdc6fc307ed947d0d3cb7ef4dda815c2dce78f2e73e786fb429ca,True,,,not_explicit_in_available_metadata,https://www.science.org/doi/10.1126/science.aav9776?url_ver=Z39.88-2003&rfr_id=ori:rid:crossref.org&rfr_dat=cr_pub%20%200pubmed,,10.1126/science.aav9776?url_ver=Z39.88-2003&rfr_id=ori:rid:crossref.org&rfr_dat=cr_pub%20%200pubmed,CC-BY-NC-SA-4.0,,original_label_requires_clarification,Mus musculus,Spatial Transcriptomics,Spinal cord,True,74f500849b52915cd5cb0bff10af0b862b67ca17c2ddbbef5d2c90d51f3ba967
NCBI174,MahmoodLab/hest,MahmoodLab/hest:st/NCBI174.h5ad,8b42ca7f80bc475644ac9a520bba7b9cccbce10d,local Hugging Face download receipt,st/NCBI174.h5ad,https://huggingface.co/datasets/MahmoodLab/hest/resolve/8b42ca7f80bc475644ac9a520bba7b9cccbce10d/st/NCBI174.h5ad,e172b5403dd6ef4482319249b1a964508632065daa8213c950c6a6da31dcf911,e172b5403dd6ef4482319249b1a964508632065daa8213c950c6a6da31dcf911,True,,,not_explicit_in_available_metadata,https://www.science.org/doi/10.1126/science.aav9776?url_ver=Z39.88-2003&rfr_id=ori:rid:crossref.org&rfr_dat=cr_pub%20%200pubmed,,10.1126/science.aav9776?url_ver=Z39.88-2003&rfr_id=ori:rid:crossref.org&rfr_dat=cr_pub%20%200pubmed,CC-BY-NC-SA-4.0,,original_label_requires_clarification,Mus musculus,Spatial Transcriptomics,Spinal cord,True,43413b1756e668b86897700a793af92467f486a9fb1ff99ef49b1886d3baf1d8
NCBI175,MahmoodLab/hest,MahmoodLab/hest:st/NCBI175.h5ad,8b42ca7f80bc475644ac9a520bba7b9cccbce10d,local Hugging Face download receipt,st/NCBI175.h5ad,https://huggingface.co/datasets/MahmoodLab/hest/resolve/8b42ca7f80bc475644ac9a520bba7b9cccbce10d/st/NCBI175.h5ad,94948ca1551d2598582e4fb6fad3ed7b53b02167bf2d3183dac4d795cc3f5f39,94948ca1551d2598582e4fb6fad3ed7b53b02167bf2d3183dac4d795cc3f5f39,True,,,not_explicit_in_available_metadata,https://www.science.org/doi/10.1126/science.aav9776?url_ver=Z39.88-2003&rfr_id=ori:rid:crossref.org&rfr_dat=cr_pub%20%200pubmed,,10.1126/science.aav9776?url_ver=Z39.88-2003&rfr_id=ori:rid:crossref.org&rfr_dat=cr_pub%20%200pubmed,CC-BY-NC-SA-4.0,,original_label_requires_clarification,Mus musculus,Spatial Transcriptomics,Spinal cord,True,816bd3a0afafb291485ec2031477b391e56c4b636fd49acb7b3619ae189adf77
NCBI176,MahmoodLab/hest,MahmoodLab/hest:st/NCBI176.h5ad,8b42ca7f80bc475644ac9a520bba7b9cccbce10d,local Hugging Face download receipt,st/NCBI176.h5ad,https://huggingface.co/datasets/MahmoodLab/hest/resolve/8b42ca7f80bc475644ac9a520bba7b9cccbce10d/st/NCBI176.h5ad,6f44c00de1ae813d4ef5c4f504f1d22f536bc0326c707024eda341260e79cade,6f44c00de1ae813d4ef5c4f504f1d22f536bc0326c707024eda341260e79cade,True,,,not_explicit_in_available_metadata,https://www.science.org/doi/10.1126/science.aav9776?url_ver=Z39.88-2003&rfr_id=ori:rid:crossref.org&rfr_dat=cr_pub%20%200pubmed,,10.1126/science.aav9776?url_ver=Z39.88-2003&rfr_id=ori:rid:crossref.org&rfr_dat=cr_pub%20%200pubmed,CC-BY-NC-SA-4.0,,original_label_requires_clarification,Mus musculus,Spatial Transcriptomics,Spinal cord,True,a2e7b5c4f19d0e81f98386fedd14e420eefb0f26335d2e2820c06ff1d12911fe
NCBI177,MahmoodLab/hest,MahmoodLab/hest:st/NCBI177.h5ad,8b42ca7f80bc475644ac9a520bba7b9cccbce10d,local Hugging Face download receipt,st/NCBI177.h5ad,https://huggingface.co/datasets/MahmoodLab/hest/resolve/8b42ca7f80bc475644ac9a520bba7b9cccbce10d/st/NCBI177.h5ad,93967818495f91db2468542f5c9240d80e66c792900b8c4c68d56acb1d584e26,93967818495f91db2468542f5c9240d80e66c792900b8c4c68d56acb1d584e26,True,,,not_explicit_in_available_metadata,https://www.science.org/doi/10.1126/science.aav9776?url_ver=Z39.88-2003&rfr_id=ori:rid:crossref.org&rfr_dat=cr_pub%20%200pubmed,,10.1126/science.aav9776?url_ver=Z39.88-2003&rfr_id=ori:rid:crossref.org&rfr_dat=cr_pub%20%200pubmed,CC-BY-NC-SA-4.0,,original_label_requires_clarification,Mus musculus,Spatial Transcriptomics,Spinal cord,True,453cb8f0cab60e55e42b8c6784fe301619f914c20c87db69e6c5fcc233a4dafe
NCBI178,MahmoodLab/hest,MahmoodLab/hest:st/NCBI178.h5ad,8b42ca7f80bc475644ac9a520bba7b9cccbce10d,local Hugging Face download receipt,st/NCBI178.h5ad,https://huggingface.co/datasets/MahmoodLab/hest/resolve/8b42ca7f80bc475644ac9a520bba7b9cccbce10d/st/NCBI178.h5ad,20d4b085face033c8f3c92f7d4c6b64a47ba6eaf6a9f52ef61ab3d14f61a3d7f,20d4b085face033c8f3c92f7d4c6b64a47ba6eaf6a9f52ef61ab3d14f61a3d7f,True,,,not_explicit_in_available_metadata,https://www.science.org/doi/10.1126/science.aav9776?url_ver=Z39.88-2003&rfr_id=ori:rid:crossref.org&rfr_dat=cr_pub%20%200pubmed,,10.1126/science.aav9776?url_ver=Z39.88-2003&rfr_id=ori:rid:crossref.org&rfr_dat=cr_pub%20%200pubmed,CC-BY-NC-SA-4.0,,original_label_requires_clarification,Mus musculus,Spatial Transcriptomics,Spinal cord,True,a9bf8873cb41c5033ae13fbaf44d13cd5c71eddf07e8b8cff2e4d4496cc204e4
NCBI179,MahmoodLab/hest,MahmoodLab/hest:st/NCBI179.h5ad,8b42ca7f80bc475644ac9a520bba7b9cccbce10d,local Hugging Face download receipt,st/NCBI179.h5ad,https://huggingface.co/datasets/MahmoodLab/hest/resolve/8b42ca7f80bc475644ac9a520bba7b9cccbce10d/st/NCBI179.h5ad,24e7765ffe153f800cbc0b3ed7dcd960bcbe4edafcdbad2ac161b029ced4b3ff,24e7765ffe153f800cbc0b3ed7dcd960bcbe4edafcdbad2ac161b029ced4b3ff,True,,,not_explicit_in_available_metadata,https://www.science.org/doi/10.1126/science.aav9776?url_ver=Z39.88-2003&rfr_id=ori:rid:crossref.org&rfr_dat=cr_pub%20%200pubmed,,10.1126/science.aav9776?url_ver=Z39.88-2003&rfr_id=ori:rid:crossref.org&rfr_dat=cr_pub%20%200pubmed,CC-BY-NC-SA-4.0,,original_label_requires_clarification,Mus musculus,Spatial Transcriptomics,Spinal cord,True,7bcd3fe8d5a2ed7731bd1f29cf6540fce9ef2a9035dfa1e50993850aa0260a30
NCBI18,MahmoodLab/hest,MahmoodLab/hest:st/NCBI18.h5ad,8b42ca7f80bc475644ac9a520bba7b9cccbce10d,local Hugging Face download receipt,st/NCBI18.h5ad,https://huggingface.co/datasets/MahmoodLab/hest/resolve/8b42ca7f80bc475644ac9a520bba7b9cccbce10d/st/NCBI18.h5ad,c6b002a20c0844db11ff9cf92e3ab10f5ca0a6ed91ce582cfdf24abd72f43770,c6b002a20c0844db11ff9cf92e3ab10f5ca0a6ed91ce582cfdf24abd72f43770,True,,,not_explicit_in_available_metadata,https://www.science.org/doi/10.1126/science.aav9776?url_ver=Z39.88-2003&rfr_id=ori:rid:crossref.org&rfr_dat=cr_pub%20%200pubmed,,10.1126/science.aav9776?url_ver=Z39.88-2003&rfr_id=ori:rid:crossref.org&rfr_dat=cr_pub%20%200pubmed,CC-BY-NC-SA-4.0,,original_label_requires_clarification,Mus musculus,Spatial Transcriptomics,Spinal cord,True,459eb773fb0f2b71203565ddca2f16d8b03f1c75b5669ee81719ddb68fef2fa0
NCBI180,MahmoodLab/hest,MahmoodLab/hest:st/NCBI180.h5ad,8b42ca7f80bc475644ac9a520bba7b9cccbce10d,local Hugging Face download receipt,st/NCBI180.h5ad,https://huggingface.co/datasets/MahmoodLab/hest/resolve/8b42ca7f80bc475644ac9a520bba7b9cccbce10d/st/NCBI180.h5ad,f7565f113f5f59b6c78146811aac9ee1e9ad46affbafd337fea0d66624e66f34,f7565f113f5f59b6c78146811aac9ee1e9ad46affbafd337fea0d66624e66f34,True,,,not_explicit_in_available_metadata,https://www.science.org/doi/10.1126/science.aav9776?url_ver=Z39.88-2003&rfr_id=ori:rid:crossref.org&rfr_dat=cr_pub%20%200pubmed,,10.1126/science.aav9776?url_ver=Z39.88-2003&rfr_id=ori:rid:crossref.org&rfr_dat=cr_pub%20%200pubmed,CC-BY-NC-SA-4.0,,original_label_requires_clarification,Mus musculus,Spatial Transcriptomics,Spinal cord,True,c064d4b15134a71480d71773de64903a22854a8700873a6742114a8cc7555980
NCBI181,MahmoodLab/hest,MahmoodLab/hest:st/NCBI181.h5ad,8b42ca7f80bc475644ac9a520bba7b9cccbce10d,local Hugging Face download receipt,st/NCBI181.h5ad,https://huggingface.co/datasets/MahmoodLab/hest/resolve/8b42ca7f80bc475644ac9a520bba7b9cccbce10d/st/NCBI181.h5ad,09bbf6590c2aee4a27dd7863785513e326bcf6286e1e296f0de00c80269dadbe,09bbf6590c2aee4a27dd7863785513e326bcf6286e1e296f0de00c80269dadbe,True,,,not_explicit_in_available_metadata,https://www.science.org/doi/10.1126/science.aav9776?url_ver=Z39.88-2003&rfr_id=ori:rid:crossref.org&rfr_dat=cr_pub%20%200pubmed,,10.1126/science.aav9776?url_ver=Z39.88-2003&rfr_id=ori:rid:crossref.org&rfr_dat=cr_pub%20%200pubmed,CC-BY-NC-SA-4.0,,original_label_requires_clarification,Mus musculus,Spatial Transcriptomics,Spinal cord,True,92092c1b47e15785acea4759821f03639d5f2b6ef9a378806363b51e652bd697
NCBI182,MahmoodLab/hest,MahmoodLab/hest:st/NCBI182.h5ad,8b42ca7f80bc475644ac9a520bba7b9cccbce10d,local Hugging Face download receipt,st/NCBI182.h5ad,https://huggingface.co/datasets/MahmoodLab/hest/resolve/8b42ca7f80bc475644ac9a520bba7b9cccbce10d/st/NCBI182.h5ad,414a85ecd4b97edc50d12143fb841a91f637a557c20801bc669da29ce44b9d3d,414a85ecd4b97edc50d12143fb841a91f637a557c20801bc669da29ce44b9d3d,True,,,not_explicit_in_available_metadata,https://www.science.org/doi/10.1126/science.aav9776?url_ver=Z39.88-2003&rfr_id=ori:rid:crossref.org&rfr_dat=cr_pub%20%200pubmed,,10.1126/science.aav9776?url_ver=Z39.88-2003&rfr_id=ori:rid:crossref.org&rfr_dat=cr_pub%20%200pubmed,CC-BY-NC-SA-4.0,,original_label_requires_clarification,Mus musculus,Spatial Transcriptomics,Spinal cord,True,5b38faa00e8d0189a1fcd15eae9e92dec2130a99a8be2c580a6701e24a0fb6d9
NCBI183,MahmoodLab/hest,MahmoodLab/hest:st/NCBI183.h5ad,8b42ca7f80bc475644ac9a520bba7b9cccbce10d,local Hugging Face download receipt,st/NCBI183.h5ad,https://huggingface.co/datasets/MahmoodLab/hest/resolve/8b42ca7f80bc475644ac9a520bba7b9cccbce10d/st/NCBI183.h5ad,ab1162572ba1af003c30d72963c889dcb85170f11b1c7d089c19ab3964e61a59,ab1162572ba1af003c30d72963c889dcb85170f11b1c7d089c19ab3964e61a59,True,,,not_explicit_in_available_metadata,https://www.science.org/doi/10.1126/science.aav9776?url_ver=Z39.88-2003&rfr_id=ori:rid:crossref.org&rfr_dat=cr_pub%20%200pubmed,,10.1126/science.aav9776?url_ver=Z39.88-2003&rfr_id=ori:rid:crossref.org&rfr_dat=cr_pub%20%200pubmed,CC-BY-NC-SA-4.0,,original_label_requires_clarification,Mus musculus,Spatial Transcriptomics,Spinal cord,True,580326c45db0dc3b14d1ee298768d314ea388a6de19bfd4cf910abe969fa5a39
NCBI184,MahmoodLab/hest,MahmoodLab/hest:st/NCBI184.h5ad,8b42ca7f80bc475644ac9a520bba7b9cccbce10d,local Hugging Face download receipt,st/NCBI184.h5ad,https://huggingface.co/datasets/MahmoodLab/hest/resolve/8b42ca7f80bc475644ac9a520bba7b9cccbce10d/st/NCBI184.h5ad,6fe6626b1f8acffbd4ec33ac3989ccfe208a36c29180650ceb11e3da62e1ca5c,6fe6626b1f8acffbd4ec33ac3989ccfe208a36c29180650ceb11e3da62e1ca5c,True,,,not_explicit_in_available_metadata,https://www.science.org/doi/10.1126/science.aav9776?url_ver=Z39.88-2003&rfr_id=ori:rid:crossref.org&rfr_dat=cr_pub%20%200pubmed,,10.1126/science.aav9776?url_ver=Z39.88-2003&rfr_id=ori:rid:crossref.org&rfr_dat=cr_pub%20%200pubmed,CC-BY-NC-SA-4.0,,original_label_requires_clarification,Mus musculus,Spatial Transcriptomics,Spinal cord,True,72a8b5510c560a89a25b716bb320e30fdbff5ee9fb9a714a7dc4176f73409b71
NCBI185,MahmoodLab/hest,MahmoodLab/hest:st/NCBI185.h5ad,8b42ca7f80bc475644ac9a520bba7b9cccbce10d,local Hugging Face download receipt,st/NCBI185.h5ad,https://huggingface.co/datasets/MahmoodLab/hest/resolve/8b42ca7f80bc475644ac9a520bba7b9cccbce10d/st/NCBI185.h5ad,ec5930a5a8db6adf2a36d28b3676a071a7c4258f359e96317db695d26ec29e57,ec5930a5a8db6adf2a36d28b3676a071a7c4258f359e96317db695d26ec29e57,True,,,not_explicit_in_available_metadata,https://www.science.org/doi/10.1126/science.aav9776?url_ver=Z39.88-2003&rfr_id=ori:rid:crossref.org&rfr_dat=cr_pub%20%200pubmed,,10.1126/science.aav9776?url_ver=Z39.88-2003&rfr_id=ori:rid:crossref.org&rfr_dat=cr_pub%20%200pubmed,CC-BY-NC-SA-4.0,,original_label_requires_clarification,Mus musculus,Spatial Transcriptomics,Spinal cord,True,506397333839bcefdca6dc9c8f76e9edce0a9e98777f71769321bdcd59c5f78a
NCBI186,MahmoodLab/hest,MahmoodLab/hest:st/NCBI186.h5ad,8b42ca7f80bc475644ac9a520bba7b9cccbce10d,local Hugging Face download receipt,st/NCBI186.h5ad,https://huggingface.co/datasets/MahmoodLab/hest/resolve/8b42ca7f80bc475644ac9a520bba7b9cccbce10d/st/NCBI186.h5ad,b1711a39176d68d7e0bffde4f473d9ed47089ce5d22e13345cd4a0b776877054,b1711a39176d68d7e0bffde4f473d9ed47089ce5d22e13345cd4a0b776877054,True,,,not_explicit_in_available_metadata,https://www.science.org/doi/10.1126/science.aav9776?url_ver=Z39.88-2003&rfr_id=ori:rid:crossref.org&rfr_dat=cr_pub%20%200pubmed,,10.1126/science.aav9776?url_ver=Z39.88-2003&rfr_id=ori:rid:crossref.org&rfr_dat=cr_pub%20%200pubmed,CC-BY-NC-SA-4.0,,original_label_requires_clarification,Mus musculus,Spatial Transcriptomics,Spinal cord,True,260d45f4c45c0aeeb521c8b6c5852720823fd8b11547bc27f4b2df5280c00ba7
NCBI188,MahmoodLab/hest,MahmoodLab/hest:st/NCBI188.h5ad,8b42ca7f80bc475644ac9a520bba7b9cccbce10d,local Hugging Face download receipt,st/NCBI188.h5ad,https://huggingface.co/datasets/MahmoodLab/hest/resolve/8b42ca7f80bc475644ac9a520bba7b9cccbce10d/st/NCBI188.h5ad,3e93bd30f2e5adc49239a12aee70f1d42841de8f451fcf5323c0065fcbad35f4,3e93bd30f2e5adc49239a12aee70f1d42841de8f451fcf5323c0065fcbad35f4,True,,,not_explicit_in_available_metadata,https://www.science.org/doi/10.1126/science.aav9776?url_ver=Z39.88-2003&rfr_id=ori:rid:crossref.org&rfr_dat=cr_pub%20%200pubmed,,10.1126/science.aav9776?url_ver=Z39.88-2003&rfr_id=ori:rid:crossref.org&rfr_dat=cr_pub%20%200pubmed,CC-BY-NC-SA-4.0,,original_label_requires_clarification,Mus musculus,Spatial Transcriptomics,Spinal cord,True,7a472ea8b2e0621cb8a611f30e52b6a52671854ac8d07be27035001bcc990e62
NCBI189,MahmoodLab/hest,MahmoodLab/hest:st/NCBI189.h5ad,8b42ca7f80bc475644ac9a520bba7b9cccbce10d,local Hugging Face download receipt,st/NCBI189.h5ad,https://huggingface.co/datasets/MahmoodLab/hest/resolve/8b42ca7f80bc475644ac9a520bba7b9cccbce10d/st/NCBI189.h5ad,2c8ce461e021b8d9846cd2b9fec4cf02a328ab70e408aaf1d9e8510a682d7e76,2c8ce461e021b8d9846cd2b9fec4cf02a328ab70e408aaf1d9e8510a682d7e76,True,,,not_explicit_in_available_metadata,https://www.science.org/doi/10.1126/science.aav9776?url_ver=Z39.88-2003&rfr_id=ori:rid:crossref.org&rfr_dat=cr_pub%20%200pubmed,,10.1126/science.aav9776?url_ver=Z39.88-2003&rfr_id=ori:rid:crossref.org&rfr_dat=cr_pub%20%200pubmed,CC-BY-NC-SA-4.0,,original_label_requires_clarification,Mus musculus,Spatial Transcriptomics,Spinal cord,True,5926b2dfe8db93d2837cc6b29fc882b2ffa7c001fcd48c138cf3d7591707c273
NCBI19,MahmoodLab/hest,MahmoodLab/hest:st/NCBI19.h5ad,8b42ca7f80bc475644ac9a520bba7b9cccbce10d,local Hugging Face download receipt,st/NCBI19.h5ad,https://huggingface.co/datasets/MahmoodLab/hest/resolve/8b42ca7f80bc475644ac9a520bba7b9cccbce10d/st/NCBI19.h5ad,6ee1879b632993b634c78d117ec5b96db2688df7ddff016017abadcf31c45a9e,6ee1879b632993b634c78d117ec5b96db2688df7ddff016017abadcf31c45a9e,True,,,not_explicit_in_available_metadata,https://www.science.org/doi/10.1126/science.aav9776?url_ver=Z39.88-2003&rfr_id=ori:rid:crossref.org&rfr_dat=cr_pub%20%200pubmed,,10.1126/science.aav9776?url_ver=Z39.88-2003&rfr_id=ori:rid:crossref.org&rfr_dat=cr_pub%20%200pubmed,CC-BY-NC-SA-4.0,,original_label_requires_clarification,Mus musculus,Spatial Transcriptomics,Spinal cord,True,6ece20b2468f401f490ec5af8830ded486109aea4aecc9e7a4d53b2f6da507a1
NCBI190,MahmoodLab/hest,MahmoodLab/hest:st/NCBI190.h5ad,8b42ca7f80bc475644ac9a520bba7b9cccbce10d,local Hugging Face download receipt,st/NCBI190.h5ad,https://huggingface.co/datasets/MahmoodLab/hest/resolve/8b42ca7f80bc475644ac9a520bba7b9cccbce10d/st/NCBI190.h5ad,0cd506511ad0bb496242bec3e87912c0493a67ec341bb9e80bd99c8ba09a40e3,0cd506511ad0bb496242bec3e87912c0493a67ec341bb9e80bd99c8ba09a40e3,True,,,not_explicit_in_available_metadata,https://www.science.org/doi/10.1126/science.aav9776?url_ver=Z39.88-2003&rfr_id=ori:rid:crossref.org&rfr_dat=cr_pub%20%200pubmed,,10.1126/science.aav9776?url_ver=Z39.88-2003&rfr_id=ori:rid:crossref.org&rfr_dat=cr_pub%20%200pubmed,CC-BY-NC-SA-4.0,,original_label_requires_clarification,Mus musculus,Spatial Transcriptomics,Spinal cord,True,d920bcc7cfb12b378d0ae9745bff235f75a65a014b34caa585c30a2c712184e2
NCBI191,MahmoodLab/hest,MahmoodLab/hest:st/NCBI191.h5ad,8b42ca7f80bc475644ac9a520bba7b9cccbce10d,local Hugging Face download receipt,st/NCBI191.h5ad,https://huggingface.co/datasets/MahmoodLab/hest/resolve/8b42ca7f80bc475644ac9a520bba7b9cccbce10d/st/NCBI191.h5ad,33a34bd76bc5396892fc3e4ff68301df15ee04c122b1972f120499df6e9ec65c,33a34bd76bc5396892fc3e4ff68301df15ee04c122b1972f120499df6e9ec65c,True,,,not_explicit_in_available_metadata,https://www.science.org/doi/10.1126/science.aav9776?url_ver=Z39.88-2003&rfr_id=ori:rid:crossref.org&rfr_dat=cr_pub%20%200pubmed,,10.1126/science.aav9776?url_ver=Z39.88-2003&rfr_id=ori:rid:crossref.org&rfr_dat=cr_pub%20%200pubmed,CC-BY-NC-SA-4.0,,original_label_requires_clarification,Mus musculus,Spatial Transcriptomics,Spinal cord,True,099656fa90e003ff34d9426e16ee13457f4761bc4e3c2c4af909623d9e69fc10
NCBI192,MahmoodLab/hest,MahmoodLab/hest:st/NCBI192.h5ad,8b42ca7f80bc475644ac9a520bba7b9cccbce10d,local Hugging Face download receipt,st/NCBI192.h5ad,https://huggingface.co/datasets/MahmoodLab/hest/resolve/8b42ca7f80bc475644ac9a520bba7b9cccbce10d/st/NCBI192.h5ad,02551b9869b40cfb072fda207926e0072078415767d865e03b987d35ab821e27,02551b9869b40cfb072fda207926e0072078415767d865e03b987d35ab821e27,True,,,not_explicit_in_available_metadata,https://www.science.org/doi/10.1126/science.aav9776?url_ver=Z39.88-2003&rfr_id=ori:rid:crossref.org&rfr_dat=cr_pub%20%200pubmed,,10.1126/science.aav9776?url_ver=Z39.88-2003&rfr_id=ori:rid:crossref.org&rfr_dat=cr_pub%20%200pubmed,CC-BY-NC-SA-4.0,,original_label_requires_clarification,Mus musculus,Spatial Transcriptomics,Spinal cord,True,489c33ba6b0e02f06c26746c51a979eebe72fa952b5cc554d4937c638c93454a
NCBI193,MahmoodLab/hest,MahmoodLab/hest:st/NCBI193.h5ad,8b42ca7f80bc475644ac9a520bba7b9cccbce10d,local Hugging Face download receipt,st/NCBI193.h5ad,https://huggingface.co/datasets/MahmoodLab/hest/resolve/8b42ca7f80bc475644ac9a520bba7b9cccbce10d/st/NCBI193.h5ad,dd9bd7c8283ead622dea8a7871e93f2c9a953edf21be6358e2a2ea8663c25b5b,dd9bd7c8283ead622dea8a7871e93f2c9a953edf21be6358e2a2ea8663c25b5b,True,,,not_explicit_in_available_metadata,https://www.science.org/doi/10.1126/science.aav9776?url_ver=Z39.88-2003&rfr_id=ori:rid:crossref.org&rfr_dat=cr_pub%20%200pubmed,,10.1126/science.aav9776?url_ver=Z39.88-2003&rfr_id=ori:rid:crossref.org&rfr_dat=cr_pub%20%200pubmed,CC-BY-NC-SA-4.0,,original_label_requires_clarification,Mus musculus,Spatial Transcriptomics,Spinal cord,True,ea3738f2d89e87ba3798655200929b6564d8c4096069e2cd832ad4146e5d3094
NCBI194,MahmoodLab/hest,MahmoodLab/hest:st/NCBI194.h5ad,8b42ca7f80bc475644ac9a520bba7b9cccbce10d,local Hugging Face download receipt,st/NCBI194.h5ad,https://huggingface.co/datasets/MahmoodLab/hest/resolve/8b42ca7f80bc475644ac9a520bba7b9cccbce10d/st/NCBI194.h5ad,957f8d93cbdfae21a08e9243f620c58bf090f8161159232fca11d74935325414,957f8d93cbdfae21a08e9243f620c58bf090f8161159232fca11d74935325414,True,,,not_explicit_in_available_metadata,https://www.science.org/doi/10.1126/science.aav9776?url_ver=Z39.88-2003&rfr_id=ori:rid:crossref.org&rfr_dat=cr_pub%20%200pubmed,,10.1126/science.aav9776?url_ver=Z39.88-2003&rfr_id=ori:rid:crossref.org&rfr_dat=cr_pub%20%200pubmed,CC-BY-NC-SA-4.0,,original_label_requires_clarification,Mus musculus,Spatial Transcriptomics,Spinal cord,True,e357d1f07069dea9ea0961b5ef1ffdd2365b84d37e26b76ca0594e53b7590577
NCBI195,MahmoodLab/hest,MahmoodLab/hest:st/NCBI195.h5ad,8b42ca7f80bc475644ac9a520bba7b9cccbce10d,local Hugging Face download receipt,st/NCBI195.h5ad,https://huggingface.co/datasets/MahmoodLab/hest/resolve/8b42ca7f80bc475644ac9a520bba7b9cccbce10d/st/NCBI195.h5ad,441d8510c8fa5afc2f7163a20142793b4065d587102c04b3c401cbcd79569465,441d8510c8fa5afc2f7163a20142793b4065d587102c04b3c401cbcd79569465,True,,,not_explicit_in_available_metadata,https://www.science.org/doi/10.1126/science.aav9776?url_ver=Z39.88-2003&rfr_id=ori:rid:crossref.org&rfr_dat=cr_pub%20%200pubmed,,10.1126/science.aav9776?url_ver=Z39.88-2003&rfr_id=ori:rid:crossref.org&rfr_dat=cr_pub%20%200pubmed,CC-BY-NC-SA-4.0,,original_label_requires_clarification,Mus musculus,Spatial Transcriptomics,Spinal cord,True,bf2452d255b032db4672d5e4d2af326d4b5238e00e172d674653054f55fc62bf
NCBI197,MahmoodLab/hest,MahmoodLab/hest:st/NCBI197.h5ad,8b42ca7f80bc475644ac9a520bba7b9cccbce10d,local Hugging Face download receipt,st/NCBI197.h5ad,https://huggingface.co/datasets/MahmoodLab/hest/resolve/8b42ca7f80bc475644ac9a520bba7b9cccbce10d/st/NCBI197.h5ad,b23b0d6f01c6e93e51b08f7399776edf2891f8df5ebd207503991c83ee591ab3,b23b0d6f01c6e93e51b08f7399776edf2891f8df5ebd207503991c83ee591ab3,True,,,not_explicit_in_available_metadata,https://www.science.org/doi/10.1126/science.aav9776?url_ver=Z39.88-2003&rfr_id=ori:rid:crossref.org&rfr_dat=cr_pub%20%200pubmed,,10.1126/science.aav9776?url_ver=Z39.88-2003&rfr_id=ori:rid:crossref.org&rfr_dat=cr_pub%20%200pubmed,CC-BY-NC-SA-4.0,,original_label_requires_clarification,Mus musculus,Spatial Transcriptomics,Spinal cord,True,830b3e1d734c0201b482c9677f6d3b4a1e1e686e37cdbde3700a9e9465a0141c
NCBI199,MahmoodLab/hest,MahmoodLab/hest:st/NCBI199.h5ad,8b42ca7f80bc475644ac9a520bba7b9cccbce10d,local Hugging Face download receipt,st/NCBI199.h5ad,https://huggingface.co/datasets/MahmoodLab/hest/resolve/8b42ca7f80bc475644ac9a520bba7b9cccbce10d/st/NCBI199.h5ad,809bbf2309bfffcfc89ef1caeaf2b43a8d872a9efd3f7d50c2b923a50e22c41c,809bbf2309bfffcfc89ef1caeaf2b43a8d872a9efd3f7d50c2b923a50e22c41c,True,,,not_explicit_in_available_metadata,https://www.science.org/doi/10.1126/science.aav9776?url_ver=Z39.88-2003&rfr_id=ori:rid:crossref.org&rfr_dat=cr_pub%20%200pubmed,,10.1126/science.aav9776?url_ver=Z39.88-2003&rfr_id=ori:rid:crossref.org&rfr_dat=cr_pub%20%200pubmed,CC-BY-NC-SA-4.0,,original_label_requires_clarification,Mus musculus,Spatial Transcriptomics,Spinal cord,True,e9c0fc0734c5ad9b19f10b8c912630017bcd46704fd96b16ff81ce679f3a5f18
NCBI2,MahmoodLab/hest,MahmoodLab/hest:st/NCBI2.h5ad,8b42ca7f80bc475644ac9a520bba7b9cccbce10d,local Hugging Face download receipt,st/NCBI2.h5ad,https://huggingface.co/datasets/MahmoodLab/hest/resolve/8b42ca7f80bc475644ac9a520bba7b9cccbce10d/st/NCBI2.h5ad,6d8ce00f7dc29dec4f2ebe3aa0521f50ab62b4256b148a24cf369125ad2be4b2,6d8ce00f7dc29dec4f2ebe3aa0521f50ab62b4256b148a24cf369125ad2be4b2,True,,,not_explicit_in_available_metadata,https://www.ncbi.nlm.nih.gov/pmc/articles/PMC10040725/,,,CC-BY-NC-SA-4.0,CC BY 4.0,provider_label_retained_not_individual_legal_clearance,Homo sapiens,Visium,Cervix,True,f1e395f9d9562b6ab73e21af5dc709e0cb71a650666e896468292cc04a0afd75
NCBI20,MahmoodLab/hest,MahmoodLab/hest:st/NCBI20.h5ad,8b42ca7f80bc475644ac9a520bba7b9cccbce10d,local Hugging Face download receipt,st/NCBI20.h5ad,https://huggingface.co/datasets/MahmoodLab/hest/resolve/8b42ca7f80bc475644ac9a520bba7b9cccbce10d/st/NCBI20.h5ad,f1f07f8221265572c6a44937972edde5eebd950c0c2252457326278e70068ff6,f1f07f8221265572c6a44937972edde5eebd950c0c2252457326278e70068ff6,True,,,not_explicit_in_available_metadata,https://www.science.org/doi/10.1126/science.aav9776?url_ver=Z39.88-2003&rfr_id=ori:rid:crossref.org&rfr_dat=cr_pub%20%200pubmed,,10.1126/science.aav9776?url_ver=Z39.88-2003&rfr_id=ori:rid:crossref.org&rfr_dat=cr_pub%20%200pubmed,CC-BY-NC-SA-4.0,,original_label_requires_clarification,Mus musculus,Spatial Transcriptomics,Spinal cord,True,510832301c3d9d0c4c62a8a61f138d707c3105168fbc0f42488f0df1e8d97c0a
NCBI200,MahmoodLab/hest,MahmoodLab/hest:st/NCBI200.h5ad,8b42ca7f80bc475644ac9a520bba7b9cccbce10d,local Hugging Face download receipt,st/NCBI200.h5ad,https://huggingface.co/datasets/MahmoodLab/hest/resolve/8b42ca7f80bc475644ac9a520bba7b9cccbce10d/st/NCBI200.h5ad,83427a06d5acba8de44f748410026c192f31c9dd6f987e41ea002b1ab8c5a9cd,83427a06d5acba8de44f748410026c192f31c9dd6f987e41ea002b1ab8c5a9cd,True,,,not_explicit_in_available_metadata,https://www.science.org/doi/10.1126/science.aav9776?url_ver=Z39.88-2003&rfr_id=ori:rid:crossref.org&rfr_dat=cr_pub%20%200pubmed,,10.1126/science.aav9776?url_ver=Z39.88-2003&rfr_id=ori:rid:crossref.org&rfr_dat=cr_pub%20%200pubmed,CC-BY-NC-SA-4.0,,original_label_requires_clarification,Mus musculus,Spatial Transcriptomics,Spinal cord,True,65d3db350ca0b970534f17c1598665073859d97a4ed2ae025dc7548ae2df1cb4
NCBI201,MahmoodLab/hest,MahmoodLab/hest:st/NCBI201.h5ad,8b42ca7f80bc475644ac9a520bba7b9cccbce10d,local Hugging Face download receipt,st/NCBI201.h5ad,https://huggingface.co/datasets/MahmoodLab/hest/resolve/8b42ca7f80bc475644ac9a520bba7b9cccbce10d/st/NCBI201.h5ad,4bdc83ff8439fb3d98b27200920ab7bcab5719daf2096ad154df266f5e1cbe63,4bdc83ff8439fb3d98b27200920ab7bcab5719daf2096ad154df266f5e1cbe63,True,,,not_explicit_in_available_metadata,https://www.science.org/doi/10.1126/science.aav9776?url_ver=Z39.88-2003&rfr_id=ori:rid:crossref.org&rfr_dat=cr_pub%20%200pubmed,,10.1126/science.aav9776?url_ver=Z39.88-2003&rfr_id=ori:rid:crossref.org&rfr_dat=cr_pub%20%200pubmed,CC-BY-NC-SA-4.0,,original_label_requires_clarification,Mus musculus,Spatial Transcriptomics,Spinal cord,True,710526dcd0e3cf42a20c14185d3a8975aa95cd97634a8b2506533c05f9995379
NCBI202,MahmoodLab/hest,MahmoodLab/hest:st/NCBI202.h5ad,8b42ca7f80bc475644ac9a520bba7b9cccbce10d,local Hugging Face download receipt,st/NCBI202.h5ad,https://huggingface.co/datasets/MahmoodLab/hest/resolve/8b42ca7f80bc475644ac9a520bba7b9cccbce10d/st/NCBI202.h5ad,9472a24fc8b8bbd5dcdc91094028ed3acc8f69b406487ce4c436ac8a6b3a51a0,9472a24fc8b8bbd5dcdc91094028ed3acc8f69b406487ce4c436ac8a6b3a51a0,True,,,not_explicit_in_available_metadata,https://www.science.org/doi/10.1126/science.aav9776?url_ver=Z39.88-2003&rfr_id=ori:rid:crossref.org&rfr_dat=cr_pub%20%200pubmed,,10.1126/science.aav9776?url_ver=Z39.88-2003&rfr_id=ori:rid:crossref.org&rfr_dat=cr_pub%20%200pubmed,CC-BY-NC-SA-4.0,,original_label_requires_clarification,Mus musculus,Spatial Transcriptomics,Spinal cord,True,bd62c8d3fc50c33520ea37a2e9c7f897f16a39c1e39a3eed441bb91e6a0da2a4
NCBI203,MahmoodLab/hest,MahmoodLab/hest:st/NCBI203.h5ad,8b42ca7f80bc475644ac9a520bba7b9cccbce10d,local Hugging Face download receipt,st/NCBI203.h5ad,https://huggingface.co/datasets/MahmoodLab/hest/resolve/8b42ca7f80bc475644ac9a520bba7b9cccbce10d/st/NCBI203.h5ad,7419945fc8bfc9bd5065d0fdb63681f60c488399eb70cf30386b977784b5b8ae,7419945fc8bfc9bd5065d0fdb63681f60c488399eb70cf30386b977784b5b8ae,True,,,not_explicit_in_available_metadata,https://www.science.org/doi/10.1126/science.aav9776?url_ver=Z39.88-2003&rfr_id=ori:rid:crossref.org&rfr_dat=cr_pub%20%200pubmed,,10.1126/science.aav9776?url_ver=Z39.88-2003&rfr_id=ori:rid:crossref.org&rfr_dat=cr_pub%20%200pubmed,CC-BY-NC-SA-4.0,,original_label_requires_clarification,Mus musculus,Spatial Transcriptomics,Spinal cord,True,20c94f20f3b2f24b79c4014ec0d23b4427dd812a6275acc0d718fbc63c5b6ec9
NCBI204,MahmoodLab/hest,MahmoodLab/hest:st/NCBI204.h5ad,8b42ca7f80bc475644ac9a520bba7b9cccbce10d,local Hugging Face download receipt,st/NCBI204.h5ad,https://huggingface.co/datasets/MahmoodLab/hest/resolve/8b42ca7f80bc475644ac9a520bba7b9cccbce10d/st/NCBI204.h5ad,d78e278d18308db5debb1087b7cd4c5f0a24ff7f75b255cc7826f7fc4d4ff068,d78e278d18308db5debb1087b7cd4c5f0a24ff7f75b255cc7826f7fc4d4ff068,True,,,not_explicit_in_available_metadata,https://www.science.org/doi/10.1126/science.aav9776?url_ver=Z39.88-2003&rfr_id=ori:rid:crossref.org&rfr_dat=cr_pub%20%200pubmed,,10.1126/science.aav9776?url_ver=Z39.88-2003&rfr_id=ori:rid:crossref.org&rfr_dat=cr_pub%20%200pubmed,CC-BY-NC-SA-4.0,,original_label_requires_clarification,Mus musculus,Spatial Transcriptomics,Spinal cord,True,1a4c2207c67a220b275c43bc5c289b0af07606204b999c686ebf3654d91d0c25
NCBI205,MahmoodLab/hest,MahmoodLab/hest:st/NCBI205.h5ad,8b42ca7f80bc475644ac9a520bba7b9cccbce10d,local Hugging Face download receipt,st/NCBI205.h5ad,https://huggingface.co/datasets/MahmoodLab/hest/resolve/8b42ca7f80bc475644ac9a520bba7b9cccbce10d/st/NCBI205.h5ad,681eed58b9e50b71bb10458254a9e961c6525dd03785fe0ad3878e0b78cd8962,681eed58b9e50b71bb10458254a9e961c6525dd03785fe0ad3878e0b78cd8962,True,,,not_explicit_in_available_metadata,https://www.science.org/doi/10.1126/science.aav9776?url_ver=Z39.88-2003&rfr_id=ori:rid:crossref.org&rfr_dat=cr_pub%20%200pubmed,,10.1126/science.aav9776?url_ver=Z39.88-2003&rfr_id=ori:rid:crossref.org&rfr_dat=cr_pub%20%200pubmed,CC-BY-NC-SA-4.0,,original_label_requires_clarification,Mus musculus,Spatial Transcriptomics,Spinal cord,True,389fea9db30d02481af5d9fae4d65b227ef84bed4fac36212f69831dc5d5d749
NCBI206,MahmoodLab/hest,MahmoodLab/hest:st/NCBI206.h5ad,8b42ca7f80bc475644ac9a520bba7b9cccbce10d,local Hugging Face download receipt,st/NCBI206.h5ad,https://huggingface.co/datasets/MahmoodLab/hest/resolve/8b42ca7f80bc475644ac9a520bba7b9cccbce10d/st/NCBI206.h5ad,55db4cfb966d44dfbe0ba438370f20de774e0688283900cd5e33dcf4047e04eb,55db4cfb966d44dfbe0ba438370f20de774e0688283900cd5e33dcf4047e04eb,True,,,not_explicit_in_available_metadata,https://www.science.org/doi/10.1126/science.aav9776?url_ver=Z39.88-2003&rfr_id=ori:rid:crossref.org&rfr_dat=cr_pub%20%200pubmed,,10.1126/science.aav9776?url_ver=Z39.88-2003&rfr_id=ori:rid:crossref.org&rfr_dat=cr_pub%20%200pubmed,CC-BY-NC-SA-4.0,,original_label_requires_clarification,Mus musculus,Spatial Transcriptomics,Spinal cord,True,30fc9d48c8be940783169f0ac3476e1c790bb99961376919e78f3efd70a457c6
NCBI207,MahmoodLab/hest,MahmoodLab/hest:st/NCBI207.h5ad,8b42ca7f80bc475644ac9a520bba7b9cccbce10d,local Hugging Face download receipt,st/NCBI207.h5ad,https://huggingface.co/datasets/MahmoodLab/hest/resolve/8b42ca7f80bc475644ac9a520bba7b9cccbce10d/st/NCBI207.h5ad,acb6d2ce6702988251fa0775bad014aa5d1a9b49759b9cad5bbbb87c135e3023,acb6d2ce6702988251fa0775bad014aa5d1a9b49759b9cad5bbbb87c135e3023,True,,,not_explicit_in_available_metadata,https://www.science.org/doi/10.1126/science.aav9776?url_ver=Z39.88-2003&rfr_id=ori:rid:crossref.org&rfr_dat=cr_pub%20%200pubmed,,10.1126/science.aav9776?url_ver=Z39.88-2003&rfr_id=ori:rid:crossref.org&rfr_dat=cr_pub%20%200pubmed,CC-BY-NC-SA-4.0,,original_label_requires_clarification,Mus musculus,Spatial Transcriptomics,Spinal cord,True,2aa1f372145a076b7e5d70b4877116488835cbbf6a38aa31202bc3d813ea4365
NCBI208,MahmoodLab/hest,MahmoodLab/hest:st/NCBI208.h5ad,8b42ca7f80bc475644ac9a520bba7b9cccbce10d,local Hugging Face download receipt,st/NCBI208.h5ad,https://huggingface.co/datasets/MahmoodLab/hest/resolve/8b42ca7f80bc475644ac9a520bba7b9cccbce10d/st/NCBI208.h5ad,a45dcf508f0aa60e6f7e3abbf8f5f156ddd5262236cbe0428f3b57714620e3fe,a45dcf508f0aa60e6f7e3abbf8f5f156ddd5262236cbe0428f3b57714620e3fe,True,,,not_explicit_in_available_metadata,https://www.science.org/doi/10.1126/science.aav9776?url_ver=Z39.88-2003&rfr_id=ori:rid:crossref.org&rfr_dat=cr_pub%20%200pubmed,,10.1126/science.aav9776?url_ver=Z39.88-2003&rfr_id=ori:rid:crossref.org&rfr_dat=cr_pub%20%200pubmed,CC-BY-NC-SA-4.0,,original_label_requires_clarification,Mus musculus,Spatial Transcriptomics,Spinal cord,True,530f6dbcf29d74fec279d55de0b5bb6ef1422f85ee5c5d668b0c3aca54665662
NCBI209,MahmoodLab/hest,MahmoodLab/hest:st/NCBI209.h5ad,8b42ca7f80bc475644ac9a520bba7b9cccbce10d,local Hugging Face download receipt,st/NCBI209.h5ad,https://huggingface.co/datasets/MahmoodLab/hest/resolve/8b42ca7f80bc475644ac9a520bba7b9cccbce10d/st/NCBI209.h5ad,f81d107c2e9c111e54e8f4bd40a80e53254db02aba810681ea1050b20e1d6173,f81d107c2e9c111e54e8f4bd40a80e53254db02aba810681ea1050b20e1d6173,True,,,not_explicit_in_available_metadata,https://www.science.org/doi/10.1126/science.aav9776?url_ver=Z39.88-2003&rfr_id=ori:rid:crossref.org&rfr_dat=cr_pub%20%200pubmed,,10.1126/science.aav9776?url_ver=Z39.88-2003&rfr_id=ori:rid:crossref.org&rfr_dat=cr_pub%20%200pubmed,CC-BY-NC-SA-4.0,,original_label_requires_clarification,Mus musculus,Spatial Transcriptomics,Spinal cord,True,8041d6eb01192c80b2aa0708313765668cb00de04a1f61951fdc58974777bf66
NCBI21,MahmoodLab/hest,MahmoodLab/hest:st/NCBI21.h5ad,8b42ca7f80bc475644ac9a520bba7b9cccbce10d,local Hugging Face download receipt,st/NCBI21.h5ad,https://huggingface.co/datasets/MahmoodLab/hest/resolve/8b42ca7f80bc475644ac9a520bba7b9cccbce10d/st/NCBI21.h5ad,d0e8e6f73d316af033d0b266d95265eb3c78fc2eb0742afaabf0055cd4b289cc,d0e8e6f73d316af033d0b266d95265eb3c78fc2eb0742afaabf0055cd4b289cc,True,,,not_explicit_in_available_metadata,https://www.science.org/doi/10.1126/science.aav9776?url_ver=Z39.88-2003&rfr_id=ori:rid:crossref.org&rfr_dat=cr_pub%20%200pubmed,,10.1126/science.aav9776?url_ver=Z39.88-2003&rfr_id=ori:rid:crossref.org&rfr_dat=cr_pub%20%200pubmed,CC-BY-NC-SA-4.0,,original_label_requires_clarification,Mus musculus,Spatial Transcriptomics,Spinal cord,True,44861016244b8904181b54b28d1dec2ccbc652ae2b848da4774d573b3a5dd83b
NCBI210,MahmoodLab/hest,MahmoodLab/hest:st/NCBI210.h5ad,8b42ca7f80bc475644ac9a520bba7b9cccbce10d,local Hugging Face download receipt,st/NCBI210.h5ad,https://huggingface.co/datasets/MahmoodLab/hest/resolve/8b42ca7f80bc475644ac9a520bba7b9cccbce10d/st/NCBI210.h5ad,ca43576797e01a9dfaf57214e874c58bed71a3e48f926a50132cbcb7d7c46859,ca43576797e01a9dfaf57214e874c58bed71a3e48f926a50132cbcb7d7c46859,True,,,not_explicit_in_available_metadata,https://www.science.org/doi/10.1126/science.aav9776?url_ver=Z39.88-2003&rfr_id=ori:rid:crossref.org&rfr_dat=cr_pub%20%200pubmed,,10.1126/science.aav9776?url_ver=Z39.88-2003&rfr_id=ori:rid:crossref.org&rfr_dat=cr_pub%20%200pubmed,CC-BY-NC-SA-4.0,,original_label_requires_clarification,Mus musculus,Spatial Transcriptomics,Spinal cord,True,b47038751bbe3b06a85dd9da8e920fbdf8a2978f98f833e69522a26480ff8f29
NCBI211,MahmoodLab/hest,MahmoodLab/hest:st/NCBI211.h5ad,8b42ca7f80bc475644ac9a520bba7b9cccbce10d,local Hugging Face download receipt,st/NCBI211.h5ad,https://huggingface.co/datasets/MahmoodLab/hest/resolve/8b42ca7f80bc475644ac9a520bba7b9cccbce10d/st/NCBI211.h5ad,2b668400a77ea8558b3fef356ac6e30bb3de458ab7347e07fddfd67584a97f5a,2b668400a77ea8558b3fef356ac6e30bb3de458ab7347e07fddfd67584a97f5a,True,,,not_explicit_in_available_metadata,https://www.science.org/doi/10.1126/science.aav9776?url_ver=Z39.88-2003&rfr_id=ori:rid:crossref.org&rfr_dat=cr_pub%20%200pubmed,,10.1126/science.aav9776?url_ver=Z39.88-2003&rfr_id=ori:rid:crossref.org&rfr_dat=cr_pub%20%200pubmed,CC-BY-NC-SA-4.0,,original_label_requires_clarification,Mus musculus,Spatial Transcriptomics,Spinal cord,True,ab5327b58d817cd080510cc3ae5fd14b06c9d11cff2901d06da0388ddba384fe
NCBI212,MahmoodLab/hest,MahmoodLab/hest:st/NCBI212.h5ad,8b42ca7f80bc475644ac9a520bba7b9cccbce10d,local Hugging Face download receipt,st/NCBI212.h5ad,https://huggingface.co/datasets/MahmoodLab/hest/resolve/8b42ca7f80bc475644ac9a520bba7b9cccbce10d/st/NCBI212.h5ad,a2f0beca0a031cc595766802e7e033af560b7fa13e71de02d31fe706a4692642,a2f0beca0a031cc595766802e7e033af560b7fa13e71de02d31fe706a4692642,True,,,not_explicit_in_available_metadata,https://www.science.org/doi/10.1126/science.aav9776?url_ver=Z39.88-2003&rfr_id=ori:rid:crossref.org&rfr_dat=cr_pub%20%200pubmed,,10.1126/science.aav9776?url_ver=Z39.88-2003&rfr_id=ori:rid:crossref.org&rfr_dat=cr_pub%20%200pubmed,CC-BY-NC-SA-4.0,,original_label_requires_clarification,Mus musculus,Spatial Transcriptomics,Spinal cord,True,88cd2e9ea8e764db3aa31c218624eed20bd431c1572603119705d1d96e7b11ec
NCBI213,MahmoodLab/hest,MahmoodLab/hest:st/NCBI213.h5ad,8b42ca7f80bc475644ac9a520bba7b9cccbce10d,local Hugging Face download receipt,st/NCBI213.h5ad,https://huggingface.co/datasets/MahmoodLab/hest/resolve/8b42ca7f80bc475644ac9a520bba7b9cccbce10d/st/NCBI213.h5ad,090b9f8862473365598d851e2586e4b9c583047881e410d486ba542d72ed5874,090b9f8862473365598d851e2586e4b9c583047881e410d486ba542d72ed5874,True,,,not_explicit_in_available_metadata,https://www.science.org/doi/10.1126/science.aav9776?url_ver=Z39.88-2003&rfr_id=ori:rid:crossref.org&rfr_dat=cr_pub%20%200pubmed,,10.1126/science.aav9776?url_ver=Z39.88-2003&rfr_id=ori:rid:crossref.org&rfr_dat=cr_pub%20%200pubmed,CC-BY-NC-SA-4.0,,original_label_requires_clarification,Mus musculus,Spatial Transcriptomics,Spinal cord,True,bab35eeb10dcaf2c06a220ec7524a9cd12e485d0d8befdb6213aff1733b93c1c
NCBI215,MahmoodLab/hest,MahmoodLab/hest:st/NCBI215.h5ad,8b42ca7f80bc475644ac9a520bba7b9cccbce10d,local Hugging Face download receipt,st/NCBI215.h5ad,https://huggingface.co/datasets/MahmoodLab/hest/resolve/8b42ca7f80bc475644ac9a520bba7b9cccbce10d/st/NCBI215.h5ad,4a820222ec5854d438f6ffb54578c23e75add98dd2584d81d4b25478f2b39615,4a820222ec5854d438f6ffb54578c23e75add98dd2584d81d4b25478f2b39615,True,,,not_explicit_in_available_metadata,https://www.science.org/doi/10.1126/science.aav9776?url_ver=Z39.88-2003&rfr_id=ori:rid:crossref.org&rfr_dat=cr_pub%20%200pubmed,,10.1126/science.aav9776?url_ver=Z39.88-2003&rfr_id=ori:rid:crossref.org&rfr_dat=cr_pub%20%200pubmed,CC-BY-NC-SA-4.0,,original_label_requires_clarification,Mus musculus,Spatial Transcriptomics,Spinal cord,True,6aa7c7e52c72ced1081d9edb7ee5c8be52131cb00fce90a05938fef94fb435f7
NCBI216,MahmoodLab/hest,MahmoodLab/hest:st/NCBI216.h5ad,8b42ca7f80bc475644ac9a520bba7b9cccbce10d,local Hugging Face download receipt,st/NCBI216.h5ad,https://huggingface.co/datasets/MahmoodLab/hest/resolve/8b42ca7f80bc475644ac9a520bba7b9cccbce10d/st/NCBI216.h5ad,a5aea6ca195e84e94e980075aa9470d1f66ae95dae137006ad454c2c59a3655a,a5aea6ca195e84e94e980075aa9470d1f66ae95dae137006ad454c2c59a3655a,True,,,not_explicit_in_available_metadata,https://www.science.org/doi/10.1126/science.aav9776?url_ver=Z39.88-2003&rfr_id=ori:rid:crossref.org&rfr_dat=cr_pub%20%200pubmed,,10.1126/science.aav9776?url_ver=Z39.88-2003&rfr_id=ori:rid:crossref.org&rfr_dat=cr_pub%20%200pubmed,CC-BY-NC-SA-4.0,,original_label_requires_clarification,Mus musculus,Spatial Transcriptomics,Spinal cord,True,eaf341f7512a27bbb5d5c31b8f001e30b7d81e3f712273daa43eab811ef38a27
NCBI217,MahmoodLab/hest,MahmoodLab/hest:st/NCBI217.h5ad,8b42ca7f80bc475644ac9a520bba7b9cccbce10d,local Hugging Face download receipt,st/NCBI217.h5ad,https://huggingface.co/datasets/MahmoodLab/hest/resolve/8b42ca7f80bc475644ac9a520bba7b9cccbce10d/st/NCBI217.h5ad,9948f877f2d49aec630c41e30fc0cde4bcf4d26ba2b99895792c03e78db39af5,9948f877f2d49aec630c41e30fc0cde4bcf4d26ba2b99895792c03e78db39af5,True,,,not_explicit_in_available_metadata,https://www.science.org/doi/10.1126/science.aav9776?url_ver=Z39.88-2003&rfr_id=ori:rid:crossref.org&rfr_dat=cr_pub%20%200pubmed,,10.1126/science.aav9776?url_ver=Z39.88-2003&rfr_id=ori:rid:crossref.org&rfr_dat=cr_pub%20%200pubmed,CC-BY-NC-SA-4.0,,original_label_requires_clarification,Mus musculus,Spatial Transcriptomics,Spinal cord,True,1db6aa71586e5380f2ba5f24eb2d38555e91df8bd8092df5d7de81c23e377e44
NCBI219,MahmoodLab/hest,MahmoodLab/hest:st/NCBI219.h5ad,8b42ca7f80bc475644ac9a520bba7b9cccbce10d,local Hugging Face download receipt,st/NCBI219.h5ad,https://huggingface.co/datasets/MahmoodLab/hest/resolve/8b42ca7f80bc475644ac9a520bba7b9cccbce10d/st/NCBI219.h5ad,109eef8d804040c5c27614d2cb4567f1b78ebea31a2368aa0032e0db18cf16b8,109eef8d804040c5c27614d2cb4567f1b78ebea31a2368aa0032e0db18cf16b8,True,,,not_explicit_in_available_metadata,https://www.science.org/doi/10.1126/science.aav9776?url_ver=Z39.88-2003&rfr_id=ori:rid:crossref.org&rfr_dat=cr_pub%20%200pubmed,,10.1126/science.aav9776?url_ver=Z39.88-2003&rfr_id=ori:rid:crossref.org&rfr_dat=cr_pub%20%200pubmed,CC-BY-NC-SA-4.0,,original_label_requires_clarification,Mus musculus,Spatial Transcriptomics,Spinal cord,True,f0554deb4da1e62f4d51687740553ec26b33e2b66ef590b0b79a81b6f17b9cbb
NCBI22,MahmoodLab/hest,MahmoodLab/hest:st/NCBI22.h5ad,8b42ca7f80bc475644ac9a520bba7b9cccbce10d,local Hugging Face download receipt,st/NCBI22.h5ad,https://huggingface.co/datasets/MahmoodLab/hest/resolve/8b42ca7f80bc475644ac9a520bba7b9cccbce10d/st/NCBI22.h5ad,6e78d7d20eaf8022bbacc18bc55c4a0555e988b7464291bff5c48f9591f41f08,6e78d7d20eaf8022bbacc18bc55c4a0555e988b7464291bff5c48f9591f41f08,True,,,not_explicit_in_available_metadata,https://www.science.org/doi/10.1126/science.aav9776?url_ver=Z39.88-2003&rfr_id=ori:rid:crossref.org&rfr_dat=cr_pub%20%200pubmed,,10.1126/science.aav9776?url_ver=Z39.88-2003&rfr_id=ori:rid:crossref.org&rfr_dat=cr_pub%20%200pubmed,CC-BY-NC-SA-4.0,,original_label_requires_clarification,Mus musculus,Spatial Transcriptomics,Spinal cord,True,67e89b24e9249521039326ba0b44695b1e81683cbf610d8309deb55577028c8e
NCBI220,MahmoodLab/hest,MahmoodLab/hest:st/NCBI220.h5ad,8b42ca7f80bc475644ac9a520bba7b9cccbce10d,local Hugging Face download receipt,st/NCBI220.h5ad,https://huggingface.co/datasets/MahmoodLab/hest/resolve/8b42ca7f80bc475644ac9a520bba7b9cccbce10d/st/NCBI220.h5ad,9b1980a46a549f0484a00ffb34db967ac622204530f753e05d47b59b254939bc,9b1980a46a549f0484a00ffb34db967ac622204530f753e05d47b59b254939bc,True,,,not_explicit_in_available_metadata,https://www.science.org/doi/10.1126/science.aav9776?url_ver=Z39.88-2003&rfr_id=ori:rid:crossref.org&rfr_dat=cr_pub%20%200pubmed,,10.1126/science.aav9776?url_ver=Z39.88-2003&rfr_id=ori:rid:crossref.org&rfr_dat=cr_pub%20%200pubmed,CC-BY-NC-SA-4.0,,original_label_requires_clarification,Mus musculus,Spatial Transcriptomics,Spinal cord,True,8525530d1ca2133efb4366f1c6b39f3cc6607cded2c4ad5b1d050578196242ab
NCBI221,MahmoodLab/hest,MahmoodLab/hest:st/NCBI221.h5ad,8b42ca7f80bc475644ac9a520bba7b9cccbce10d,local Hugging Face download receipt,st/NCBI221.h5ad,https://huggingface.co/datasets/MahmoodLab/hest/resolve/8b42ca7f80bc475644ac9a520bba7b9cccbce10d/st/NCBI221.h5ad,b071ba517a97d361c6fb153ba0f428d69dd05bffa4cb83af0035dee10e790236,b071ba517a97d361c6fb153ba0f428d69dd05bffa4cb83af0035dee10e790236,True,,,not_explicit_in_available_metadata,https://www.science.org/doi/10.1126/science.aav9776?url_ver=Z39.88-2003&rfr_id=ori:rid:crossref.org&rfr_dat=cr_pub%20%200pubmed,,10.1126/science.aav9776?url_ver=Z39.88-2003&rfr_id=ori:rid:crossref.org&rfr_dat=cr_pub%20%200pubmed,CC-BY-NC-SA-4.0,,original_label_requires_clarification,Mus musculus,Spatial Transcriptomics,Spinal cord,True,f39e3d926820141abd9641754f5f4df4fa74d61087d734137bee18adb17d757c
NCBI222,MahmoodLab/hest,MahmoodLab/hest:st/NCBI222.h5ad,8b42ca7f80bc475644ac9a520bba7b9cccbce10d,local Hugging Face download receipt,st/NCBI222.h5ad,https://huggingface.co/datasets/MahmoodLab/hest/resolve/8b42ca7f80bc475644ac9a520bba7b9cccbce10d/st/NCBI222.h5ad,e40c861cd8e18c0fb17f56298137d541bb1589d658c390025e0930f3cf9902f6,e40c861cd8e18c0fb17f56298137d541bb1589d658c390025e0930f3cf9902f6,True,,,not_explicit_in_available_metadata,https://www.science.org/doi/10.1126/science.aav9776?url_ver=Z39.88-2003&rfr_id=ori:rid:crossref.org&rfr_dat=cr_pub%20%200pubmed,,10.1126/science.aav9776?url_ver=Z39.88-2003&rfr_id=ori:rid:crossref.org&rfr_dat=cr_pub%20%200pubmed,CC-BY-NC-SA-4.0,,original_label_requires_clarification,Mus musculus,Spatial Transcriptomics,Spinal cord,True,2725fa5724a71858b8dc2bbfc8a269a40d240c78a93a8d72a849cc73ea7a0bb0
NCBI223,MahmoodLab/hest,MahmoodLab/hest:st/NCBI223.h5ad,8b42ca7f80bc475644ac9a520bba7b9cccbce10d,local Hugging Face download receipt,st/NCBI223.h5ad,https://huggingface.co/datasets/MahmoodLab/hest/resolve/8b42ca7f80bc475644ac9a520bba7b9cccbce10d/st/NCBI223.h5ad,1fee8a373773f4f836b0a861b25d5c75e4b5e1427632d46a73cbdf5f98206e7e,1fee8a373773f4f836b0a861b25d5c75e4b5e1427632d46a73cbdf5f98206e7e,True,,,not_explicit_in_available_metadata,https://www.science.org/doi/10.1126/science.aav9776?url_ver=Z39.88-2003&rfr_id=ori:rid:crossref.org&rfr_dat=cr_pub%20%200pubmed,,10.1126/science.aav9776?url_ver=Z39.88-2003&rfr_id=ori:rid:crossref.org&rfr_dat=cr_pub%20%200pubmed,CC-BY-NC-SA-4.0,,original_label_requires_clarification,Mus musculus,Spatial Transcriptomics,Spinal cord,True,31b3f5d7fd3d96bfe03ced6c451d2fdfc9efa7ef4c0fdbdda669df9d953906bd
NCBI225,MahmoodLab/hest,MahmoodLab/hest:st/NCBI225.h5ad,8b42ca7f80bc475644ac9a520bba7b9cccbce10d,local Hugging Face download receipt,st/NCBI225.h5ad,https://huggingface.co/datasets/MahmoodLab/hest/resolve/8b42ca7f80bc475644ac9a520bba7b9cccbce10d/st/NCBI225.h5ad,875a058facc62d7668f5c262cacb0fcbe8c6a1045155090de08fd8aed432553f,875a058facc62d7668f5c262cacb0fcbe8c6a1045155090de08fd8aed432553f,True,,,not_explicit_in_available_metadata,https://www.science.org/doi/10.1126/science.aav9776?url_ver=Z39.88-2003&rfr_id=ori:rid:crossref.org&rfr_dat=cr_pub%20%200pubmed,,10.1126/science.aav9776?url_ver=Z39.88-2003&rfr_id=ori:rid:crossref.org&rfr_dat=cr_pub%20%200pubmed,CC-BY-NC-SA-4.0,,original_label_requires_clarification,Mus musculus,Spatial Transcriptomics,Spinal cord,True,eb0b568a80ac06dcd4cd3719ad9fdc51768e69658e05e294e523c3f253fa86f0
NCBI226,MahmoodLab/hest,MahmoodLab/hest:st/NCBI226.h5ad,8b42ca7f80bc475644ac9a520bba7b9cccbce10d,local Hugging Face download receipt,st/NCBI226.h5ad,https://huggingface.co/datasets/MahmoodLab/hest/resolve/8b42ca7f80bc475644ac9a520bba7b9cccbce10d/st/NCBI226.h5ad,295a7423cddd024f720062c2105fa59f23ee10bd7ed5525ec6db9d4ca3825ca5,295a7423cddd024f720062c2105fa59f23ee10bd7ed5525ec6db9d4ca3825ca5,True,,,not_explicit_in_available_metadata,https://www.science.org/doi/10.1126/science.aav9776?url_ver=Z39.88-2003&rfr_id=ori:rid:crossref.org&rfr_dat=cr_pub%20%200pubmed,,10.1126/science.aav9776?url_ver=Z39.88-2003&rfr_id=ori:rid:crossref.org&rfr_dat=cr_pub%20%200pubmed,CC-BY-NC-SA-4.0,,original_label_requires_clarification,Mus musculus,Spatial Transcriptomics,Spinal cord,True,dc839e31f7e6f120de581c5cdeeb0913b407025edfec37f6ab88c957e6b74f0e
NCBI227,MahmoodLab/hest,MahmoodLab/hest:st/NCBI227.h5ad,8b42ca7f80bc475644ac9a520bba7b9cccbce10d,local Hugging Face download receipt,st/NCBI227.h5ad,https://huggingface.co/datasets/MahmoodLab/hest/resolve/8b42ca7f80bc475644ac9a520bba7b9cccbce10d/st/NCBI227.h5ad,1201c9b3168610592e25c0bcfe00049eafd5da2633dcec7befc2551e48ff724f,1201c9b3168610592e25c0bcfe00049eafd5da2633dcec7befc2551e48ff724f,True,,,not_explicit_in_available_metadata,https://www.science.org/doi/10.1126/science.aav9776?url_ver=Z39.88-2003&rfr_id=ori:rid:crossref.org&rfr_dat=cr_pub%20%200pubmed,,10.1126/science.aav9776?url_ver=Z39.88-2003&rfr_id=ori:rid:crossref.org&rfr_dat=cr_pub%20%200pubmed,CC-BY-NC-SA-4.0,,original_label_requires_clarification,Mus musculus,Spatial Transcriptomics,Spinal cord,True,30e67ef47218c5649c5edfa58c2053b5f8b2a77339bdde82d6e528d79a87057d
NCBI228,MahmoodLab/hest,MahmoodLab/hest:st/NCBI228.h5ad,8b42ca7f80bc475644ac9a520bba7b9cccbce10d,local Hugging Face download receipt,st/NCBI228.h5ad,https://huggingface.co/datasets/MahmoodLab/hest/resolve/8b42ca7f80bc475644ac9a520bba7b9cccbce10d/st/NCBI228.h5ad,a1a0f9bdba5f98426b6c376e476093c54daa411d46f41dfe2c7d7e0662d34109,a1a0f9bdba5f98426b6c376e476093c54daa411d46f41dfe2c7d7e0662d34109,True,,,not_explicit_in_available_metadata,https://www.science.org/doi/10.1126/science.aav9776?url_ver=Z39.88-2003&rfr_id=ori:rid:crossref.org&rfr_dat=cr_pub%20%200pubmed,,10.1126/science.aav9776?url_ver=Z39.88-2003&rfr_id=ori:rid:crossref.org&rfr_dat=cr_pub%20%200pubmed,CC-BY-NC-SA-4.0,,original_label_requires_clarification,Mus musculus,Spatial Transcriptomics,Spinal cord,True,91ba5eeed45bd100648f1349f2e33d2f56898373a982bea33df3da20b81b5e6c
NCBI229,MahmoodLab/hest,MahmoodLab/hest:st/NCBI229.h5ad,8b42ca7f80bc475644ac9a520bba7b9cccbce10d,local Hugging Face download receipt,st/NCBI229.h5ad,https://huggingface.co/datasets/MahmoodLab/hest/resolve/8b42ca7f80bc475644ac9a520bba7b9cccbce10d/st/NCBI229.h5ad,b569ece88b516981645b88540d1ba0a575b13aeab34be35c4a122167a07e4a42,b569ece88b516981645b88540d1ba0a575b13aeab34be35c4a122167a07e4a42,True,,,not_explicit_in_available_metadata,https://www.science.org/doi/10.1126/science.aav9776?url_ver=Z39.88-2003&rfr_id=ori:rid:crossref.org&rfr_dat=cr_pub%20%200pubmed,,10.1126/science.aav9776?url_ver=Z39.88-2003&rfr_id=ori:rid:crossref.org&rfr_dat=cr_pub%20%200pubmed,CC-BY-NC-SA-4.0,,original_label_requires_clarification,Mus musculus,Spatial Transcriptomics,Spinal cord,True,2448808e4bf305008575f0a882c4b319f7592c95f65bc91a967a6e261be341dc
NCBI230,MahmoodLab/hest,MahmoodLab/hest:st/NCBI230.h5ad,8b42ca7f80bc475644ac9a520bba7b9cccbce10d,local Hugging Face download receipt,st/NCBI230.h5ad,https://huggingface.co/datasets/MahmoodLab/hest/resolve/8b42ca7f80bc475644ac9a520bba7b9cccbce10d/st/NCBI230.h5ad,1b736cab75877e40924c4896fb3c5fdd4bef0b57c0c18da6516accb55d2b40d8,1b736cab75877e40924c4896fb3c5fdd4bef0b57c0c18da6516accb55d2b40d8,True,,,not_explicit_in_available_metadata,https://www.science.org/doi/10.1126/science.aav9776?url_ver=Z39.88-2003&rfr_id=ori:rid:crossref.org&rfr_dat=cr_pub%20%200pubmed,,10.1126/science.aav9776?url_ver=Z39.88-2003&rfr_id=ori:rid:crossref.org&rfr_dat=cr_pub%20%200pubmed,CC-BY-NC-SA-4.0,,original_label_requires_clarification,Mus musculus,Spatial Transcriptomics,Spinal cord,True,0a81cf7ebd1ba3b72ec4c228a8340dd72c2063be45d8a4835497bc65d276d9cb
NCBI231,MahmoodLab/hest,MahmoodLab/hest:st/NCBI231.h5ad,8b42ca7f80bc475644ac9a520bba7b9cccbce10d,local Hugging Face download receipt,st/NCBI231.h5ad,https://huggingface.co/datasets/MahmoodLab/hest/resolve/8b42ca7f80bc475644ac9a520bba7b9cccbce10d/st/NCBI231.h5ad,a73ebd81009b70b9b7c23dd1f19f1a9271bc947a141044e15444401efc556a27,a73ebd81009b70b9b7c23dd1f19f1a9271bc947a141044e15444401efc556a27,True,,,not_explicit_in_available_metadata,https://www.science.org/doi/10.1126/science.aav9776?url_ver=Z39.88-2003&rfr_id=ori:rid:crossref.org&rfr_dat=cr_pub%20%200pubmed,,10.1126/science.aav9776?url_ver=Z39.88-2003&rfr_id=ori:rid:crossref.org&rfr_dat=cr_pub%20%200pubmed,CC-BY-NC-SA-4.0,,original_label_requires_clarification,Mus musculus,Spatial Transcriptomics,Spinal cord,True,c946ace00e3b3978ecf13fee8feecfff5549f71962b54caa8181480636af778c
NCBI232,MahmoodLab/hest,MahmoodLab/hest:st/NCBI232.h5ad,8b42ca7f80bc475644ac9a520bba7b9cccbce10d,local Hugging Face download receipt,st/NCBI232.h5ad,https://huggingface.co/datasets/MahmoodLab/hest/resolve/8b42ca7f80bc475644ac9a520bba7b9cccbce10d/st/NCBI232.h5ad,9298098a843c0eb9ae4fbd3a7a04b7ee323cba4d2139795895f159dc81f6184f,9298098a843c0eb9ae4fbd3a7a04b7ee323cba4d2139795895f159dc81f6184f,True,,,not_explicit_in_available_metadata,https://www.science.org/doi/10.1126/science.aav9776?url_ver=Z39.88-2003&rfr_id=ori:rid:crossref.org&rfr_dat=cr_pub%20%200pubmed,,10.1126/science.aav9776?url_ver=Z39.88-2003&rfr_id=ori:rid:crossref.org&rfr_dat=cr_pub%20%200pubmed,CC-BY-NC-SA-4.0,,original_label_requires_clarification,Mus musculus,Spatial Transcriptomics,Spinal cord,True,1a05731df3fadeccdc7cc1eafa6a1fbe896975ac9091639a4f92730efd1cbcd4
NCBI233,MahmoodLab/hest,MahmoodLab/hest:st/NCBI233.h5ad,8b42ca7f80bc475644ac9a520bba7b9cccbce10d,local Hugging Face download receipt,st/NCBI233.h5ad,https://huggingface.co/datasets/MahmoodLab/hest/resolve/8b42ca7f80bc475644ac9a520bba7b9cccbce10d/st/NCBI233.h5ad,2d05d96bb3b6d6fcf63618880aedfd8ef03ffb293c0d90946a44f5ca1ea0dec2,2d05d96bb3b6d6fcf63618880aedfd8ef03ffb293c0d90946a44f5ca1ea0dec2,True,,,not_explicit_in_available_metadata,https://www.science.org/doi/10.1126/science.aav9776?url_ver=Z39.88-2003&rfr_id=ori:rid:crossref.org&rfr_dat=cr_pub%20%200pubmed,,10.1126/science.aav9776?url_ver=Z39.88-2003&rfr_id=ori:rid:crossref.org&rfr_dat=cr_pub%20%200pubmed,CC-BY-NC-SA-4.0,,original_label_requires_clarification,Mus musculus,Spatial Transcriptomics,Spinal cord,True,ad1f61cfe97c530ca35711a14ed56cc4d41d9fdbca2b4c52b513f9147bc23010
NCBI234,MahmoodLab/hest,MahmoodLab/hest:st/NCBI234.h5ad,8b42ca7f80bc475644ac9a520bba7b9cccbce10d,local Hugging Face download receipt,st/NCBI234.h5ad,https://huggingface.co/datasets/MahmoodLab/hest/resolve/8b42ca7f80bc475644ac9a520bba7b9cccbce10d/st/NCBI234.h5ad,465b1bc6794d7723af4eefa05ef0747f76b79ded3ae5fd2bec68d76d7e53c89a,465b1bc6794d7723af4eefa05ef0747f76b79ded3ae5fd2bec68d76d7e53c89a,True,,,not_explicit_in_available_metadata,https://www.science.org/doi/10.1126/science.aav9776?url_ver=Z39.88-2003&rfr_id=ori:rid:crossref.org&rfr_dat=cr_pub%20%200pubmed,,10.1126/science.aav9776?url_ver=Z39.88-2003&rfr_id=ori:rid:crossref.org&rfr_dat=cr_pub%20%200pubmed,CC-BY-NC-SA-4.0,,original_label_requires_clarification,Mus musculus,Spatial Transcriptomics,Spinal cord,True,77edf4aec38a37fe13ff5ab96def742b9468b2bc1850fe13b99124e3ef0b7ede
NCBI235,MahmoodLab/hest,MahmoodLab/hest:st/NCBI235.h5ad,8b42ca7f80bc475644ac9a520bba7b9cccbce10d,local Hugging Face download receipt,st/NCBI235.h5ad,https://huggingface.co/datasets/MahmoodLab/hest/resolve/8b42ca7f80bc475644ac9a520bba7b9cccbce10d/st/NCBI235.h5ad,793fcbee5c053265e1e67d332c1ab5de0f3b9aea1d2062901f94bdcb25a8f242,793fcbee5c053265e1e67d332c1ab5de0f3b9aea1d2062901f94bdcb25a8f242,True,,,not_explicit_in_available_metadata,https://www.science.org/doi/10.1126/science.aav9776?url_ver=Z39.88-2003&rfr_id=ori:rid:crossref.org&rfr_dat=cr_pub%20%200pubmed,,10.1126/science.aav9776?url_ver=Z39.88-2003&rfr_id=ori:rid:crossref.org&rfr_dat=cr_pub%20%200pubmed,CC-BY-NC-SA-4.0,,original_label_requires_clarification,Mus musculus,Spatial Transcriptomics,Spinal cord,True,c7d34947684b870e166e2b458b53369f6fd37ddb3ffc4ae18b9bcf1ceb89f4d0
NCBI236,MahmoodLab/hest,MahmoodLab/hest:st/NCBI236.h5ad,8b42ca7f80bc475644ac9a520bba7b9cccbce10d,local Hugging Face download receipt,st/NCBI236.h5ad,https://huggingface.co/datasets/MahmoodLab/hest/resolve/8b42ca7f80bc475644ac9a520bba7b9cccbce10d/st/NCBI236.h5ad,9e62ea50a52cab4254b502acf7b611fa3de77102c627a3fa9b0913ee5041af9f,9e62ea50a52cab4254b502acf7b611fa3de77102c627a3fa9b0913ee5041af9f,True,,,not_explicit_in_available_metadata,https://www.science.org/doi/10.1126/science.aav9776?url_ver=Z39.88-2003&rfr_id=ori:rid:crossref.org&rfr_dat=cr_pub%20%200pubmed,,10.1126/science.aav9776?url_ver=Z39.88-2003&rfr_id=ori:rid:crossref.org&rfr_dat=cr_pub%20%200pubmed,CC-BY-NC-SA-4.0,,original_label_requires_clarification,Mus musculus,Spatial Transcriptomics,Spinal cord,True,8e32e773ddf046477e2cbea094896b04c2c514502b5eef93c4a4286557d79fdc
NCBI237,MahmoodLab/hest,MahmoodLab/hest:st/NCBI237.h5ad,8b42ca7f80bc475644ac9a520bba7b9cccbce10d,local Hugging Face download receipt,st/NCBI237.h5ad,https://huggingface.co/datasets/MahmoodLab/hest/resolve/8b42ca7f80bc475644ac9a520bba7b9cccbce10d/st/NCBI237.h5ad,257aa55b23a9cc71e9c99daa7fec3125f18818b856905737800704681af36cea,257aa55b23a9cc71e9c99daa7fec3125f18818b856905737800704681af36cea,True,,,not_explicit_in_available_metadata,https://www.science.org/doi/10.1126/science.aav9776?url_ver=Z39.88-2003&rfr_id=ori:rid:crossref.org&rfr_dat=cr_pub%20%200pubmed,,10.1126/science.aav9776?url_ver=Z39.88-2003&rfr_id=ori:rid:crossref.org&rfr_dat=cr_pub%20%200pubmed,CC-BY-NC-SA-4.0,,original_label_requires_clarification,Mus musculus,Spatial Transcriptomics,Spinal cord,True,e6d6389b78af6e70da1c7a3c682a4619bb663f3a06de49a0ba0cd679acfc4929
NCBI238,MahmoodLab/hest,MahmoodLab/hest:st/NCBI238.h5ad,8b42ca7f80bc475644ac9a520bba7b9cccbce10d,local Hugging Face download receipt,st/NCBI238.h5ad,https://huggingface.co/datasets/MahmoodLab/hest/resolve/8b42ca7f80bc475644ac9a520bba7b9cccbce10d/st/NCBI238.h5ad,a3cb749ef12625fd2742b24daaac8cd5ef9c0d9d683498773ea799247b0069b5,a3cb749ef12625fd2742b24daaac8cd5ef9c0d9d683498773ea799247b0069b5,True,,,not_explicit_in_available_metadata,https://www.science.org/doi/10.1126/science.aav9776?url_ver=Z39.88-2003&rfr_id=ori:rid:crossref.org&rfr_dat=cr_pub%20%200pubmed,,10.1126/science.aav9776?url_ver=Z39.88-2003&rfr_id=ori:rid:crossref.org&rfr_dat=cr_pub%20%200pubmed,CC-BY-NC-SA-4.0,,original_label_requires_clarification,Mus musculus,Spatial Transcriptomics,Spinal cord,True,5f841b1112bedcc098d8c92048864ea667c6958032be06a8e32207f6c1a6b6fa
NCBI239,MahmoodLab/hest,MahmoodLab/hest:st/NCBI239.h5ad,8b42ca7f80bc475644ac9a520bba7b9cccbce10d,local Hugging Face download receipt,st/NCBI239.h5ad,https://huggingface.co/datasets/MahmoodLab/hest/resolve/8b42ca7f80bc475644ac9a520bba7b9cccbce10d/st/NCBI239.h5ad,f9c6da64840849592bd408b7631fc70dd7a77ed42b96d4d7426197041710c929,f9c6da64840849592bd408b7631fc70dd7a77ed42b96d4d7426197041710c929,True,,,not_explicit_in_available_metadata,https://www.science.org/doi/10.1126/science.aav9776?url_ver=Z39.88-2003&rfr_id=ori:rid:crossref.org&rfr_dat=cr_pub%20%200pubmed,,10.1126/science.aav9776?url_ver=Z39.88-2003&rfr_id=ori:rid:crossref.org&rfr_dat=cr_pub%20%200pubmed,CC-BY-NC-SA-4.0,,original_label_requires_clarification,Mus musculus,Spatial Transcriptomics,Spinal cord,True,4bd47a6966718ec70ed1e1611631e03343883fb837be9de7c87f520186a03968
NCBI24,MahmoodLab/hest,MahmoodLab/hest:st/NCBI24.h5ad,8b42ca7f80bc475644ac9a520bba7b9cccbce10d,local Hugging Face download receipt,st/NCBI24.h5ad,https://huggingface.co/datasets/MahmoodLab/hest/resolve/8b42ca7f80bc475644ac9a520bba7b9cccbce10d/st/NCBI24.h5ad,47f0453ec79177ee39e88921489abaa918abc464fbe4237684aac84744612edc,47f0453ec79177ee39e88921489abaa918abc464fbe4237684aac84744612edc,True,,,not_explicit_in_available_metadata,https://www.science.org/doi/10.1126/science.aav9776?url_ver=Z39.88-2003&rfr_id=ori:rid:crossref.org&rfr_dat=cr_pub%20%200pubmed,,10.1126/science.aav9776?url_ver=Z39.88-2003&rfr_id=ori:rid:crossref.org&rfr_dat=cr_pub%20%200pubmed,CC-BY-NC-SA-4.0,,original_label_requires_clarification,Mus musculus,Spatial Transcriptomics,Spinal cord,True,45b047c8a5924cf5e023b166b39c589a3cbb4be84639d3e05ec8fffbb4cd80b5
NCBI240,MahmoodLab/hest,MahmoodLab/hest:st/NCBI240.h5ad,8b42ca7f80bc475644ac9a520bba7b9cccbce10d,local Hugging Face download receipt,st/NCBI240.h5ad,https://huggingface.co/datasets/MahmoodLab/hest/resolve/8b42ca7f80bc475644ac9a520bba7b9cccbce10d/st/NCBI240.h5ad,7be226c88f915dcfeee1d5570a984575dc4f2bac9d3a4e2653bcd91186fd8e1e,7be226c88f915dcfeee1d5570a984575dc4f2bac9d3a4e2653bcd91186fd8e1e,True,,,not_explicit_in_available_metadata,https://www.science.org/doi/10.1126/science.aav9776?url_ver=Z39.88-2003&rfr_id=ori:rid:crossref.org&rfr_dat=cr_pub%20%200pubmed,,10.1126/science.aav9776?url_ver=Z39.88-2003&rfr_id=ori:rid:crossref.org&rfr_dat=cr_pub%20%200pubmed,CC-BY-NC-SA-4.0,,original_label_requires_clarification,Mus musculus,Spatial Transcriptomics,Spinal cord,True,03a6d0d13258593438afb320faf6cdca9ad93a20cb80f0d1071de3805247603f
NCBI241,MahmoodLab/hest,MahmoodLab/hest:st/NCBI241.h5ad,8b42ca7f80bc475644ac9a520bba7b9cccbce10d,local Hugging Face download receipt,st/NCBI241.h5ad,https://huggingface.co/datasets/MahmoodLab/hest/resolve/8b42ca7f80bc475644ac9a520bba7b9cccbce10d/st/NCBI241.h5ad,2cd313d0696ad9d9aa274ba8ddad95a644d50fcfc10daafdd550ea91044edc23,2cd313d0696ad9d9aa274ba8ddad95a644d50fcfc10daafdd550ea91044edc23,True,,,not_explicit_in_available_metadata,https://www.science.org/doi/10.1126/science.aav9776?url_ver=Z39.88-2003&rfr_id=ori:rid:crossref.org&rfr_dat=cr_pub%20%200pubmed,,10.1126/science.aav9776?url_ver=Z39.88-2003&rfr_id=ori:rid:crossref.org&rfr_dat=cr_pub%20%200pubmed,CC-BY-NC-SA-4.0,,original_label_requires_clarification,Mus musculus,Spatial Transcriptomics,Spinal cord,True,bf75e81538e81a580ce9c3327d755a66ee3e611d797f5daf6909188acb8dc1d5
NCBI242,MahmoodLab/hest,MahmoodLab/hest:st/NCBI242.h5ad,8b42ca7f80bc475644ac9a520bba7b9cccbce10d,local Hugging Face download receipt,st/NCBI242.h5ad,https://huggingface.co/datasets/MahmoodLab/hest/resolve/8b42ca7f80bc475644ac9a520bba7b9cccbce10d/st/NCBI242.h5ad,1565f941a969bc7f8a2e2834313d20fa3a832b2ed3b12d5b002f3472aec2788d,1565f941a969bc7f8a2e2834313d20fa3a832b2ed3b12d5b002f3472aec2788d,True,,,not_explicit_in_available_metadata,https://www.science.org/doi/10.1126/science.aav9776?url_ver=Z39.88-2003&rfr_id=ori:rid:crossref.org&rfr_dat=cr_pub%20%200pubmed,,10.1126/science.aav9776?url_ver=Z39.88-2003&rfr_id=ori:rid:crossref.org&rfr_dat=cr_pub%20%200pubmed,CC-BY-NC-SA-4.0,,original_label_requires_clarification,Mus musculus,Spatial Transcriptomics,Spinal cord,True,9b27c3b5813f7b3045b9b59ca1e256b16c1a038ce99b2a35382419637b7720fa
NCBI243,MahmoodLab/hest,MahmoodLab/hest:st/NCBI243.h5ad,8b42ca7f80bc475644ac9a520bba7b9cccbce10d,local Hugging Face download receipt,st/NCBI243.h5ad,https://huggingface.co/datasets/MahmoodLab/hest/resolve/8b42ca7f80bc475644ac9a520bba7b9cccbce10d/st/NCBI243.h5ad,7dd5fd95016c79e154fe6b4f15d8d9a505889667d046691bc9c6fed5e6e10137,7dd5fd95016c79e154fe6b4f15d8d9a505889667d046691bc9c6fed5e6e10137,True,,,not_explicit_in_available_metadata,https://www.science.org/doi/10.1126/science.aav9776?url_ver=Z39.88-2003&rfr_id=ori:rid:crossref.org&rfr_dat=cr_pub%20%200pubmed,,10.1126/science.aav9776?url_ver=Z39.88-2003&rfr_id=ori:rid:crossref.org&rfr_dat=cr_pub%20%200pubmed,CC-BY-NC-SA-4.0,,original_label_requires_clarification,Mus musculus,Spatial Transcriptomics,Spinal cord,True,1a5337d69ba697b9509806af45bbfdd41614af2c57642d0826f0c96c35c48ccc
NCBI244,MahmoodLab/hest,MahmoodLab/hest:st/NCBI244.h5ad,8b42ca7f80bc475644ac9a520bba7b9cccbce10d,local Hugging Face download receipt,st/NCBI244.h5ad,https://huggingface.co/datasets/MahmoodLab/hest/resolve/8b42ca7f80bc475644ac9a520bba7b9cccbce10d/st/NCBI244.h5ad,d395552b810ef274fcb68156f044e9ac918f8afdb69b99e2f16af55748fa187f,d395552b810ef274fcb68156f044e9ac918f8afdb69b99e2f16af55748fa187f,True,,,not_explicit_in_available_metadata,https://www.science.org/doi/10.1126/science.aav9776?url_ver=Z39.88-2003&rfr_id=ori:rid:crossref.org&rfr_dat=cr_pub%20%200pubmed,,10.1126/science.aav9776?url_ver=Z39.88-2003&rfr_id=ori:rid:crossref.org&rfr_dat=cr_pub%20%200pubmed,CC-BY-NC-SA-4.0,,original_label_requires_clarification,Mus musculus,Spatial Transcriptomics,Spinal cord,True,e756ce8ceb6a1b3f4394331114482b049487a2eec6d2dccab79509128734ec14
NCBI245,MahmoodLab/hest,MahmoodLab/hest:st/NCBI245.h5ad,8b42ca7f80bc475644ac9a520bba7b9cccbce10d,local Hugging Face download receipt,st/NCBI245.h5ad,https://huggingface.co/datasets/MahmoodLab/hest/resolve/8b42ca7f80bc475644ac9a520bba7b9cccbce10d/st/NCBI245.h5ad,44b1810396660a771d43c1193ff0f18473cf2fa2a7cddcd2bd2a58ee7130ac3e,44b1810396660a771d43c1193ff0f18473cf2fa2a7cddcd2bd2a58ee7130ac3e,True,,,not_explicit_in_available_metadata,https://www.science.org/doi/10.1126/science.aav9776?url_ver=Z39.88-2003&rfr_id=ori:rid:crossref.org&rfr_dat=cr_pub%20%200pubmed,,10.1126/science.aav9776?url_ver=Z39.88-2003&rfr_id=ori:rid:crossref.org&rfr_dat=cr_pub%20%200pubmed,CC-BY-NC-SA-4.0,,original_label_requires_clarification,Mus musculus,Spatial Transcriptomics,Spinal cord,True,4311f9ce03287d4bcf89f31b45a379a40b4a297b8cacef80ef26bd62e2112813
NCBI246,MahmoodLab/hest,MahmoodLab/hest:st/NCBI246.h5ad,8b42ca7f80bc475644ac9a520bba7b9cccbce10d,local Hugging Face download receipt,st/NCBI246.h5ad,https://huggingface.co/datasets/MahmoodLab/hest/resolve/8b42ca7f80bc475644ac9a520bba7b9cccbce10d/st/NCBI246.h5ad,7865f49cb1714268398ffa7af13508f97da84bffc11dbd69f1386815f8cdb102,7865f49cb1714268398ffa7af13508f97da84bffc11dbd69f1386815f8cdb102,True,,,not_explicit_in_available_metadata,https://www.science.org/doi/10.1126/science.aav9776?url_ver=Z39.88-2003&rfr_id=ori:rid:crossref.org&rfr_dat=cr_pub%20%200pubmed,,10.1126/science.aav9776?url_ver=Z39.88-2003&rfr_id=ori:rid:crossref.org&rfr_dat=cr_pub%20%200pubmed,CC-BY-NC-SA-4.0,,original_label_requires_clarification,Mus musculus,Spatial Transcriptomics,Spinal cord,True,f4cafcc91504b768c25fae47edb982e7f696523e94387ee733b0db6af265740c
NCBI247,MahmoodLab/hest,MahmoodLab/hest:st/NCBI247.h5ad,8b42ca7f80bc475644ac9a520bba7b9cccbce10d,local Hugging Face download receipt,st/NCBI247.h5ad,https://huggingface.co/datasets/MahmoodLab/hest/resolve/8b42ca7f80bc475644ac9a520bba7b9cccbce10d/st/NCBI247.h5ad,78b6a45ed31432af111276dd52e8a49caefdc401fa475782859252521ba7b1cf,78b6a45ed31432af111276dd52e8a49caefdc401fa475782859252521ba7b1cf,True,,,not_explicit_in_available_metadata,https://www.science.org/doi/10.1126/science.aav9776?url_ver=Z39.88-2003&rfr_id=ori:rid:crossref.org&rfr_dat=cr_pub%20%200pubmed,,10.1126/science.aav9776?url_ver=Z39.88-2003&rfr_id=ori:rid:crossref.org&rfr_dat=cr_pub%20%200pubmed,CC-BY-NC-SA-4.0,,original_label_requires_clarification,Mus musculus,Spatial Transcriptomics,Spinal cord,True,49b416e8ca335fedc7d4473c3d63e8a6d906f23fcad072de99d0f288b9b3d242
NCBI248,MahmoodLab/hest,MahmoodLab/hest:st/NCBI248.h5ad,8b42ca7f80bc475644ac9a520bba7b9cccbce10d,local Hugging Face download receipt,st/NCBI248.h5ad,https://huggingface.co/datasets/MahmoodLab/hest/resolve/8b42ca7f80bc475644ac9a520bba7b9cccbce10d/st/NCBI248.h5ad,b4d2f16f2e9e98a8ed9c40e0dc53852e923314e35eb2df1ba43e8c83c6cfe66c,b4d2f16f2e9e98a8ed9c40e0dc53852e923314e35eb2df1ba43e8c83c6cfe66c,True,,,not_explicit_in_available_metadata,https://www.science.org/doi/10.1126/science.aav9776?url_ver=Z39.88-2003&rfr_id=ori:rid:crossref.org&rfr_dat=cr_pub%20%200pubmed,,10.1126/science.aav9776?url_ver=Z39.88-2003&rfr_id=ori:rid:crossref.org&rfr_dat=cr_pub%20%200pubmed,CC-BY-NC-SA-4.0,,original_label_requires_clarification,Mus musculus,Spatial Transcriptomics,Spinal cord,True,1af8363b57d9914e0c1350abbe50b941d48770417693fdececacbf0c0ec1c6a5
NCBI249,MahmoodLab/hest,MahmoodLab/hest:st/NCBI249.h5ad,8b42ca7f80bc475644ac9a520bba7b9cccbce10d,local Hugging Face download receipt,st/NCBI249.h5ad,https://huggingface.co/datasets/MahmoodLab/hest/resolve/8b42ca7f80bc475644ac9a520bba7b9cccbce10d/st/NCBI249.h5ad,024423efdce81ba284515510395df2ac2874b7784b52fc059d8577a19052a359,024423efdce81ba284515510395df2ac2874b7784b52fc059d8577a19052a359,True,,,not_explicit_in_available_metadata,https://www.science.org/doi/10.1126/science.aav9776?url_ver=Z39.88-2003&rfr_id=ori:rid:crossref.org&rfr_dat=cr_pub%20%200pubmed,,10.1126/science.aav9776?url_ver=Z39.88-2003&rfr_id=ori:rid:crossref.org&rfr_dat=cr_pub%20%200pubmed,CC-BY-NC-SA-4.0,,original_label_requires_clarification,Mus musculus,Spatial Transcriptomics,Spinal cord,True,745263587cc96a75647defa04fb46b82c04ea6a4fcd51c7b0d54d73c55f02541
NCBI25,MahmoodLab/hest,MahmoodLab/hest:st/NCBI25.h5ad,8b42ca7f80bc475644ac9a520bba7b9cccbce10d,local Hugging Face download receipt,st/NCBI25.h5ad,https://huggingface.co/datasets/MahmoodLab/hest/resolve/8b42ca7f80bc475644ac9a520bba7b9cccbce10d/st/NCBI25.h5ad,53c87715bdab13654732cd404392ea61d7051b57f646cdc0bb1b3089141419b8,53c87715bdab13654732cd404392ea61d7051b57f646cdc0bb1b3089141419b8,True,,,not_explicit_in_available_metadata,https://www.science.org/doi/10.1126/science.aav9776?url_ver=Z39.88-2003&rfr_id=ori:rid:crossref.org&rfr_dat=cr_pub%20%200pubmed,,10.1126/science.aav9776?url_ver=Z39.88-2003&rfr_id=ori:rid:crossref.org&rfr_dat=cr_pub%20%200pubmed,CC-BY-NC-SA-4.0,,original_label_requires_clarification,Mus musculus,Spatial Transcriptomics,Spinal cord,True,26ae6aa8a2bdb6b73c3d379c44df6321324b4f2fa4bcb2df5e6001cf6518f696
NCBI250,MahmoodLab/hest,MahmoodLab/hest:st/NCBI250.h5ad,8b42ca7f80bc475644ac9a520bba7b9cccbce10d,local Hugging Face download receipt,st/NCBI250.h5ad,https://huggingface.co/datasets/MahmoodLab/hest/resolve/8b42ca7f80bc475644ac9a520bba7b9cccbce10d/st/NCBI250.h5ad,59d7cb5334067bb7cb7a8d7bdedbde65abfc1b2288ed8fb4c01ae88dfd850c67,59d7cb5334067bb7cb7a8d7bdedbde65abfc1b2288ed8fb4c01ae88dfd850c67,True,,,not_explicit_in_available_metadata,https://www.science.org/doi/10.1126/science.aav9776?url_ver=Z39.88-2003&rfr_id=ori:rid:crossref.org&rfr_dat=cr_pub%20%200pubmed,,10.1126/science.aav9776?url_ver=Z39.88-2003&rfr_id=ori:rid:crossref.org&rfr_dat=cr_pub%20%200pubmed,CC-BY-NC-SA-4.0,,original_label_requires_clarification,Mus musculus,Spatial Transcriptomics,Spinal cord,True,b8e2db739070f4b483b187f536f1959664868e4f874f82aae6c279cdbdd7dfc3
NCBI251,MahmoodLab/hest,MahmoodLab/hest:st/NCBI251.h5ad,8b42ca7f80bc475644ac9a520bba7b9cccbce10d,local Hugging Face download receipt,st/NCBI251.h5ad,https://huggingface.co/datasets/MahmoodLab/hest/resolve/8b42ca7f80bc475644ac9a520bba7b9cccbce10d/st/NCBI251.h5ad,70d4b0e598525d15ba0d043460298a23a21b541dad7e9ede634fe8030cc07cf3,70d4b0e598525d15ba0d043460298a23a21b541dad7e9ede634fe8030cc07cf3,True,,,not_explicit_in_available_metadata,https://www.science.org/doi/10.1126/science.aav9776?url_ver=Z39.88-2003&rfr_id=ori:rid:crossref.org&rfr_dat=cr_pub%20%200pubmed,,10.1126/science.aav9776?url_ver=Z39.88-2003&rfr_id=ori:rid:crossref.org&rfr_dat=cr_pub%20%200pubmed,CC-BY-NC-SA-4.0,,original_label_requires_clarification,Mus musculus,Spatial Transcriptomics,Spinal cord,True,4b23021298269111595f5b6f5e96fd1607a43a45c9bcd3a5418fd95d177e6e94
NCBI252,MahmoodLab/hest,MahmoodLab/hest:st/NCBI252.h5ad,8b42ca7f80bc475644ac9a520bba7b9cccbce10d,local Hugging Face download receipt,st/NCBI252.h5ad,https://huggingface.co/datasets/MahmoodLab/hest/resolve/8b42ca7f80bc475644ac9a520bba7b9cccbce10d/st/NCBI252.h5ad,fca77424091cf0151b516293ac453cf505e4c7c6580faa1e59a8250c5e1588e6,fca77424091cf0151b516293ac453cf505e4c7c6580faa1e59a8250c5e1588e6,True,,,not_explicit_in_available_metadata,https://www.science.org/doi/10.1126/science.aav9776?url_ver=Z39.88-2003&rfr_id=ori:rid:crossref.org&rfr_dat=cr_pub%20%200pubmed,,10.1126/science.aav9776?url_ver=Z39.88-2003&rfr_id=ori:rid:crossref.org&rfr_dat=cr_pub%20%200pubmed,CC-BY-NC-SA-4.0,,original_label_requires_clarification,Mus musculus,Spatial Transcriptomics,Spinal cord,True,e6fdf24584f9f07c96968eba7f8aafb6cbc0c48a5ea29f5b77320aba497fca02
NCBI253,MahmoodLab/hest,MahmoodLab/hest:st/NCBI253.h5ad,8b42ca7f80bc475644ac9a520bba7b9cccbce10d,local Hugging Face download receipt,st/NCBI253.h5ad,https://huggingface.co/datasets/MahmoodLab/hest/resolve/8b42ca7f80bc475644ac9a520bba7b9cccbce10d/st/NCBI253.h5ad,cdb6cdd5fb69ee791b32b9e33de6ff90b8878848820af1779c9202aeab2b8bf8,cdb6cdd5fb69ee791b32b9e33de6ff90b8878848820af1779c9202aeab2b8bf8,True,,,not_explicit_in_available_metadata,https://www.science.org/doi/10.1126/science.aav9776?url_ver=Z39.88-2003&rfr_id=ori:rid:crossref.org&rfr_dat=cr_pub%20%200pubmed,,10.1126/science.aav9776?url_ver=Z39.88-2003&rfr_id=ori:rid:crossref.org&rfr_dat=cr_pub%20%200pubmed,CC-BY-NC-SA-4.0,,original_label_requires_clarification,Mus musculus,Spatial Transcriptomics,Spinal cord,True,08e64ebf2001f4a32615fe2bbc4ed98d2ed956d2e41ce34497713f842fdb688d
NCBI254,MahmoodLab/hest,MahmoodLab/hest:st/NCBI254.h5ad,8b42ca7f80bc475644ac9a520bba7b9cccbce10d,local Hugging Face download receipt,st/NCBI254.h5ad,https://huggingface.co/datasets/MahmoodLab/hest/resolve/8b42ca7f80bc475644ac9a520bba7b9cccbce10d/st/NCBI254.h5ad,a7956ef4c68479422bd61f3ebaab32c24297925fc9487629680c09df793d4018,a7956ef4c68479422bd61f3ebaab32c24297925fc9487629680c09df793d4018,True,,,not_explicit_in_available_metadata,https://www.science.org/doi/10.1126/science.aav9776?url_ver=Z39.88-2003&rfr_id=ori:rid:crossref.org&rfr_dat=cr_pub%20%200pubmed,,10.1126/science.aav9776?url_ver=Z39.88-2003&rfr_id=ori:rid:crossref.org&rfr_dat=cr_pub%20%200pubmed,CC-BY-NC-SA-4.0,,original_label_requires_clarification,Mus musculus,Spatial Transcriptomics,Spinal cord,True,7bb616fd27db4f74d85a0aabf62972085d41ac6b2fcdba4cd7f0ec8b115408cb
NCBI256,MahmoodLab/hest,MahmoodLab/hest:st/NCBI256.h5ad,8b42ca7f80bc475644ac9a520bba7b9cccbce10d,local Hugging Face download receipt,st/NCBI256.h5ad,https://huggingface.co/datasets/MahmoodLab/hest/resolve/8b42ca7f80bc475644ac9a520bba7b9cccbce10d/st/NCBI256.h5ad,fa1e40209f83cb6a6976fc60236b9315e87f1e866fb1dfa93abe28c29417de86,fa1e40209f83cb6a6976fc60236b9315e87f1e866fb1dfa93abe28c29417de86,True,,,not_explicit_in_available_metadata,https://www.science.org/doi/10.1126/science.aav9776?url_ver=Z39.88-2003&rfr_id=ori:rid:crossref.org&rfr_dat=cr_pub%20%200pubmed,,10.1126/science.aav9776?url_ver=Z39.88-2003&rfr_id=ori:rid:crossref.org&rfr_dat=cr_pub%20%200pubmed,CC-BY-NC-SA-4.0,,original_label_requires_clarification,Mus musculus,Spatial Transcriptomics,Spinal cord,True,87dce75951bc6fd88b0ff6d72d11ac4334713884a81d36217d38f1f2d66a6ca4
NCBI257,MahmoodLab/hest,MahmoodLab/hest:st/NCBI257.h5ad,8b42ca7f80bc475644ac9a520bba7b9cccbce10d,local Hugging Face download receipt,st/NCBI257.h5ad,https://huggingface.co/datasets/MahmoodLab/hest/resolve/8b42ca7f80bc475644ac9a520bba7b9cccbce10d/st/NCBI257.h5ad,354a7b3f0f7fd6a0b8dfa686b891dee6285ca23bc06138577d94586367786e0c,354a7b3f0f7fd6a0b8dfa686b891dee6285ca23bc06138577d94586367786e0c,True,,,not_explicit_in_available_metadata,https://www.science.org/doi/10.1126/science.aav9776?url_ver=Z39.88-2003&rfr_id=ori:rid:crossref.org&rfr_dat=cr_pub%20%200pubmed,,10.1126/science.aav9776?url_ver=Z39.88-2003&rfr_id=ori:rid:crossref.org&rfr_dat=cr_pub%20%200pubmed,CC-BY-NC-SA-4.0,,original_label_requires_clarification,Mus musculus,Spatial Transcriptomics,Spinal cord,True,35445ea3cb4046c29dd92e407cdc33eceaafe0211432b6e52166ee8122d1411e
NCBI258,MahmoodLab/hest,MahmoodLab/hest:st/NCBI258.h5ad,8b42ca7f80bc475644ac9a520bba7b9cccbce10d,local Hugging Face download receipt,st/NCBI258.h5ad,https://huggingface.co/datasets/MahmoodLab/hest/resolve/8b42ca7f80bc475644ac9a520bba7b9cccbce10d/st/NCBI258.h5ad,6b40fd1c2fc3fdc4450f540c4540d71883c317eaea03777c535e5c14910136e3,6b40fd1c2fc3fdc4450f540c4540d71883c317eaea03777c535e5c14910136e3,True,,,not_explicit_in_available_metadata,https://www.science.org/doi/10.1126/science.aav9776?url_ver=Z39.88-2003&rfr_id=ori:rid:crossref.org&rfr_dat=cr_pub%20%200pubmed,,10.1126/science.aav9776?url_ver=Z39.88-2003&rfr_id=ori:rid:crossref.org&rfr_dat=cr_pub%20%200pubmed,CC-BY-NC-SA-4.0,,original_label_requires_clarification,Mus musculus,Spatial Transcriptomics,Spinal cord,True,f3c13f16e30d0c785da5ab1e1afdef179e99bfa8a83b9c41b08aa0ae0fe402e8
NCBI259,MahmoodLab/hest,MahmoodLab/hest:st/NCBI259.h5ad,8b42ca7f80bc475644ac9a520bba7b9cccbce10d,local Hugging Face download receipt,st/NCBI259.h5ad,https://huggingface.co/datasets/MahmoodLab/hest/resolve/8b42ca7f80bc475644ac9a520bba7b9cccbce10d/st/NCBI259.h5ad,8243b312072bc346ef495708af42b53843cce32b0b8c8f676210fb725a4e1454,8243b312072bc346ef495708af42b53843cce32b0b8c8f676210fb725a4e1454,True,,,not_explicit_in_available_metadata,https://www.science.org/doi/10.1126/science.aav9776?url_ver=Z39.88-2003&rfr_id=ori:rid:crossref.org&rfr_dat=cr_pub%20%200pubmed,,10.1126/science.aav9776?url_ver=Z39.88-2003&rfr_id=ori:rid:crossref.org&rfr_dat=cr_pub%20%200pubmed,CC-BY-NC-SA-4.0,,original_label_requires_clarification,Mus musculus,Spatial Transcriptomics,Spinal cord,True,7749146849e91bb521cc389ef9e8fa5303fbbcee0decf091b290f2db01bbdbb6
NCBI26,MahmoodLab/hest,MahmoodLab/hest:st/NCBI26.h5ad,8b42ca7f80bc475644ac9a520bba7b9cccbce10d,local Hugging Face download receipt,st/NCBI26.h5ad,https://huggingface.co/datasets/MahmoodLab/hest/resolve/8b42ca7f80bc475644ac9a520bba7b9cccbce10d/st/NCBI26.h5ad,ffa3603f3c34801dd9d1207e2c1590d374a647f4aa2ebdc8f0bf438d492890f9,ffa3603f3c34801dd9d1207e2c1590d374a647f4aa2ebdc8f0bf438d492890f9,True,,,not_explicit_in_available_metadata,https://www.science.org/doi/10.1126/science.aav9776?url_ver=Z39.88-2003&rfr_id=ori:rid:crossref.org&rfr_dat=cr_pub%20%200pubmed,,10.1126/science.aav9776?url_ver=Z39.88-2003&rfr_id=ori:rid:crossref.org&rfr_dat=cr_pub%20%200pubmed,CC-BY-NC-SA-4.0,,original_label_requires_clarification,Mus musculus,Spatial Transcriptomics,Spinal cord,True,60660bfe85ed94c2b0b035061cacac1eb5828066bb9bc7beb6a4dc395fcd5766
NCBI260,MahmoodLab/hest,MahmoodLab/hest:st/NCBI260.h5ad,8b42ca7f80bc475644ac9a520bba7b9cccbce10d,local Hugging Face download receipt,st/NCBI260.h5ad,https://huggingface.co/datasets/MahmoodLab/hest/resolve/8b42ca7f80bc475644ac9a520bba7b9cccbce10d/st/NCBI260.h5ad,a928043ef94ce2444ef90a23175bfeaaa23ba29bc5c6544cb06e0b012dbef3d1,a928043ef94ce2444ef90a23175bfeaaa23ba29bc5c6544cb06e0b012dbef3d1,True,,,not_explicit_in_available_metadata,https://www.science.org/doi/10.1126/science.aav9776?url_ver=Z39.88-2003&rfr_id=ori:rid:crossref.org&rfr_dat=cr_pub%20%200pubmed,,10.1126/science.aav9776?url_ver=Z39.88-2003&rfr_id=ori:rid:crossref.org&rfr_dat=cr_pub%20%200pubmed,CC-BY-NC-SA-4.0,,original_label_requires_clarification,Mus musculus,Spatial Transcriptomics,Spinal cord,True,228c5e07eea30835fc64a9f90fadfade80cd5ea84fc1b85684496c72d337ac60
NCBI261,MahmoodLab/hest,MahmoodLab/hest:st/NCBI261.h5ad,8b42ca7f80bc475644ac9a520bba7b9cccbce10d,local Hugging Face download receipt,st/NCBI261.h5ad,https://huggingface.co/datasets/MahmoodLab/hest/resolve/8b42ca7f80bc475644ac9a520bba7b9cccbce10d/st/NCBI261.h5ad,c15ff5d815e7f3559685443b226bde21878c4a8d6c2dc935c048dd3938e2a35e,c15ff5d815e7f3559685443b226bde21878c4a8d6c2dc935c048dd3938e2a35e,True,,,not_explicit_in_available_metadata,https://www.science.org/doi/10.1126/science.aav9776?url_ver=Z39.88-2003&rfr_id=ori:rid:crossref.org&rfr_dat=cr_pub%20%200pubmed,,10.1126/science.aav9776?url_ver=Z39.88-2003&rfr_id=ori:rid:crossref.org&rfr_dat=cr_pub%20%200pubmed,CC-BY-NC-SA-4.0,,original_label_requires_clarification,Mus musculus,Spatial Transcriptomics,Spinal cord,True,64f9218fbd54d4b67d0f0e391f70259db66e0d500f71bf698942367fde59a341
NCBI262,MahmoodLab/hest,MahmoodLab/hest:st/NCBI262.h5ad,8b42ca7f80bc475644ac9a520bba7b9cccbce10d,local Hugging Face download receipt,st/NCBI262.h5ad,https://huggingface.co/datasets/MahmoodLab/hest/resolve/8b42ca7f80bc475644ac9a520bba7b9cccbce10d/st/NCBI262.h5ad,1683821bd2a94c7d9de6a4ebac30fe33d03e8172e65a20b313a480a3baec193d,1683821bd2a94c7d9de6a4ebac30fe33d03e8172e65a20b313a480a3baec193d,True,,,not_explicit_in_available_metadata,https://www.science.org/doi/10.1126/science.aav9776?url_ver=Z39.88-2003&rfr_id=ori:rid:crossref.org&rfr_dat=cr_pub%20%200pubmed,,10.1126/science.aav9776?url_ver=Z39.88-2003&rfr_id=ori:rid:crossref.org&rfr_dat=cr_pub%20%200pubmed,CC-BY-NC-SA-4.0,,original_label_requires_clarification,Mus musculus,Spatial Transcriptomics,Spinal cord,True,228006f7b695e1779f38e7cd4285e1c4bd32a8197be240a311e999172f9b3d2d
NCBI264,MahmoodLab/hest,MahmoodLab/hest:st/NCBI264.h5ad,8b42ca7f80bc475644ac9a520bba7b9cccbce10d,local Hugging Face download receipt,st/NCBI264.h5ad,https://huggingface.co/datasets/MahmoodLab/hest/resolve/8b42ca7f80bc475644ac9a520bba7b9cccbce10d/st/NCBI264.h5ad,52b88a1d2ef1378296d2740dd98f087ed574d5f1c6dbb9aa158c74284b71fdba,52b88a1d2ef1378296d2740dd98f087ed574d5f1c6dbb9aa158c74284b71fdba,True,,,not_explicit_in_available_metadata,https://www.science.org/doi/10.1126/science.aav9776?url_ver=Z39.88-2003&rfr_id=ori:rid:crossref.org&rfr_dat=cr_pub%20%200pubmed,,10.1126/science.aav9776?url_ver=Z39.88-2003&rfr_id=ori:rid:crossref.org&rfr_dat=cr_pub%20%200pubmed,CC-BY-NC-SA-4.0,,original_label_requires_clarification,Mus musculus,Spatial Transcriptomics,Spinal cord,True,690ae9b9a906a524132b3d14c2bdd33899e4a775867b15aaae7cd364453c8c1a
NCBI265,MahmoodLab/hest,MahmoodLab/hest:st/NCBI265.h5ad,8b42ca7f80bc475644ac9a520bba7b9cccbce10d,local Hugging Face download receipt,st/NCBI265.h5ad,https://huggingface.co/datasets/MahmoodLab/hest/resolve/8b42ca7f80bc475644ac9a520bba7b9cccbce10d/st/NCBI265.h5ad,acc0073278ee04e002f1c98de090c91fffa2498b559208ddab83ea1c7e41a31a,acc0073278ee04e002f1c98de090c91fffa2498b559208ddab83ea1c7e41a31a,True,,,not_explicit_in_available_metadata,https://www.science.org/doi/10.1126/science.aav9776?url_ver=Z39.88-2003&rfr_id=ori:rid:crossref.org&rfr_dat=cr_pub%20%200pubmed,,10.1126/science.aav9776?url_ver=Z39.88-2003&rfr_id=ori:rid:crossref.org&rfr_dat=cr_pub%20%200pubmed,CC-BY-NC-SA-4.0,,original_label_requires_clarification,Mus musculus,Spatial Transcriptomics,Spinal cord,True,be39f11460e4a7fb81d0e8597c0b6a5a625f91d998d09e315a8b0906b6257494
NCBI266,MahmoodLab/hest,MahmoodLab/hest:st/NCBI266.h5ad,8b42ca7f80bc475644ac9a520bba7b9cccbce10d,local Hugging Face download receipt,st/NCBI266.h5ad,https://huggingface.co/datasets/MahmoodLab/hest/resolve/8b42ca7f80bc475644ac9a520bba7b9cccbce10d/st/NCBI266.h5ad,f33b9a868d16ed0ce007ebb93fd08424c80be9ccf7513a58a9afadf87d15215d,f33b9a868d16ed0ce007ebb93fd08424c80be9ccf7513a58a9afadf87d15215d,True,,,not_explicit_in_available_metadata,https://www.science.org/doi/10.1126/science.aav9776?url_ver=Z39.88-2003&rfr_id=ori:rid:crossref.org&rfr_dat=cr_pub%20%200pubmed,,10.1126/science.aav9776?url_ver=Z39.88-2003&rfr_id=ori:rid:crossref.org&rfr_dat=cr_pub%20%200pubmed,CC-BY-NC-SA-4.0,,original_label_requires_clarification,Mus musculus,Spatial Transcriptomics,Spinal cord,True,a84ba6e58336bbe17bddfcb24af68ddb81f7c7d349bdf89dabb8841c03a87f89
NCBI268,MahmoodLab/hest,MahmoodLab/hest:st/NCBI268.h5ad,8b42ca7f80bc475644ac9a520bba7b9cccbce10d,local Hugging Face download receipt,st/NCBI268.h5ad,https://huggingface.co/datasets/MahmoodLab/hest/resolve/8b42ca7f80bc475644ac9a520bba7b9cccbce10d/st/NCBI268.h5ad,72b9a5a45ad92d531f2ee5725506e1b63fe4755c925f12a1d87b320b58c84db5,72b9a5a45ad92d531f2ee5725506e1b63fe4755c925f12a1d87b320b58c84db5,True,,,not_explicit_in_available_metadata,https://www.science.org/doi/10.1126/science.aav9776?url_ver=Z39.88-2003&rfr_id=ori:rid:crossref.org&rfr_dat=cr_pub%20%200pubmed,,10.1126/science.aav9776?url_ver=Z39.88-2003&rfr_id=ori:rid:crossref.org&rfr_dat=cr_pub%20%200pubmed,CC-BY-NC-SA-4.0,,original_label_requires_clarification,Mus musculus,Spatial Transcriptomics,Spinal cord,True,2cb7bc50ff20537b04cdd42114245a133e0271dc1d22b76d5fba91ad00caf2f1
NCBI269,MahmoodLab/hest,MahmoodLab/hest:st/NCBI269.h5ad,8b42ca7f80bc475644ac9a520bba7b9cccbce10d,local Hugging Face download receipt,st/NCBI269.h5ad,https://huggingface.co/datasets/MahmoodLab/hest/resolve/8b42ca7f80bc475644ac9a520bba7b9cccbce10d/st/NCBI269.h5ad,c5273bcf51319009b525940482550ed0bef97acc20ad0edf7da0ea92b3d1c662,c5273bcf51319009b525940482550ed0bef97acc20ad0edf7da0ea92b3d1c662,True,,,not_explicit_in_available_metadata,https://www.science.org/doi/10.1126/science.aav9776?url_ver=Z39.88-2003&rfr_id=ori:rid:crossref.org&rfr_dat=cr_pub%20%200pubmed,,10.1126/science.aav9776?url_ver=Z39.88-2003&rfr_id=ori:rid:crossref.org&rfr_dat=cr_pub%20%200pubmed,CC-BY-NC-SA-4.0,,original_label_requires_clarification,Mus musculus,Spatial Transcriptomics,Spinal cord,True,8099ffb5f7d4802d98ea2ec46265f01a67dd1d0b1ee6da35c005fd4b70a07946
NCBI27,MahmoodLab/hest,MahmoodLab/hest:st/NCBI27.h5ad,8b42ca7f80bc475644ac9a520bba7b9cccbce10d,local Hugging Face download receipt,st/NCBI27.h5ad,https://huggingface.co/datasets/MahmoodLab/hest/resolve/8b42ca7f80bc475644ac9a520bba7b9cccbce10d/st/NCBI27.h5ad,d453b99f759eb94ab37bce946f9568299429dcc9abedb91a78f3c2204b18cb40,d453b99f759eb94ab37bce946f9568299429dcc9abedb91a78f3c2204b18cb40,True,,,not_explicit_in_available_metadata,https://www.science.org/doi/10.1126/science.aav9776?url_ver=Z39.88-2003&rfr_id=ori:rid:crossref.org&rfr_dat=cr_pub%20%200pubmed,,10.1126/science.aav9776?url_ver=Z39.88-2003&rfr_id=ori:rid:crossref.org&rfr_dat=cr_pub%20%200pubmed,CC-BY-NC-SA-4.0,,original_label_requires_clarification,Mus musculus,Spatial Transcriptomics,Spinal cord,True,90b536a85a7e1a860f62100fa514f8f4fc8cadef86d76fcac5afead0e0ec87b1
NCBI270,MahmoodLab/hest,MahmoodLab/hest:st/NCBI270.h5ad,8b42ca7f80bc475644ac9a520bba7b9cccbce10d,local Hugging Face download receipt,st/NCBI270.h5ad,https://huggingface.co/datasets/MahmoodLab/hest/resolve/8b42ca7f80bc475644ac9a520bba7b9cccbce10d/st/NCBI270.h5ad,1c8c099ce842b69c8b6301dc112b27096d00d43ac2db444e52e0991c57c94424,1c8c099ce842b69c8b6301dc112b27096d00d43ac2db444e52e0991c57c94424,True,,,not_explicit_in_available_metadata,https://www.science.org/doi/10.1126/science.aav9776?url_ver=Z39.88-2003&rfr_id=ori:rid:crossref.org&rfr_dat=cr_pub%20%200pubmed,,10.1126/science.aav9776?url_ver=Z39.88-2003&rfr_id=ori:rid:crossref.org&rfr_dat=cr_pub%20%200pubmed,CC-BY-NC-SA-4.0,,original_label_requires_clarification,Mus musculus,Spatial Transcriptomics,Spinal cord,True,f3f04f98bf46b4b1b2d959303ce32a1bd31b82f00b16dd42d9ff1e64a25df5df
NCBI271,MahmoodLab/hest,MahmoodLab/hest:st/NCBI271.h5ad,8b42ca7f80bc475644ac9a520bba7b9cccbce10d,local Hugging Face download receipt,st/NCBI271.h5ad,https://huggingface.co/datasets/MahmoodLab/hest/resolve/8b42ca7f80bc475644ac9a520bba7b9cccbce10d/st/NCBI271.h5ad,1e6f18a7ffc8e7d11cf534c828d826280165268a642b0969fe52f61d54710458,1e6f18a7ffc8e7d11cf534c828d826280165268a642b0969fe52f61d54710458,True,,,not_explicit_in_available_metadata,https://www.science.org/doi/10.1126/science.aav9776?url_ver=Z39.88-2003&rfr_id=ori:rid:crossref.org&rfr_dat=cr_pub%20%200pubmed,,10.1126/science.aav9776?url_ver=Z39.88-2003&rfr_id=ori:rid:crossref.org&rfr_dat=cr_pub%20%200pubmed,CC-BY-NC-SA-4.0,,original_label_requires_clarification,Mus musculus,Spatial Transcriptomics,Spinal cord,True,74c193f869b07a67095981d69ae96e84c8bb24811dd662643cfe1ae35b301791
NCBI272,MahmoodLab/hest,MahmoodLab/hest:st/NCBI272.h5ad,8b42ca7f80bc475644ac9a520bba7b9cccbce10d,local Hugging Face download receipt,st/NCBI272.h5ad,https://huggingface.co/datasets/MahmoodLab/hest/resolve/8b42ca7f80bc475644ac9a520bba7b9cccbce10d/st/NCBI272.h5ad,c4ce2a0ce4411f84cf39a656866955c2ee93c1427c4d623b1ed2aa97a6ff83b5,c4ce2a0ce4411f84cf39a656866955c2ee93c1427c4d623b1ed2aa97a6ff83b5,True,,,not_explicit_in_available_metadata,https://www.science.org/doi/10.1126/science.aav9776?url_ver=Z39.88-2003&rfr_id=ori:rid:crossref.org&rfr_dat=cr_pub%20%200pubmed,,10.1126/science.aav9776?url_ver=Z39.88-2003&rfr_id=ori:rid:crossref.org&rfr_dat=cr_pub%20%200pubmed,CC-BY-NC-SA-4.0,,original_label_requires_clarification,Mus musculus,Spatial Transcriptomics,Spinal cord,True,fdf9f5c2f49cdf9be03559ba2597f0c54c1b21db96827a8e1360aab04db34473
NCBI273,MahmoodLab/hest,MahmoodLab/hest:st/NCBI273.h5ad,8b42ca7f80bc475644ac9a520bba7b9cccbce10d,local Hugging Face download receipt,st/NCBI273.h5ad,https://huggingface.co/datasets/MahmoodLab/hest/resolve/8b42ca7f80bc475644ac9a520bba7b9cccbce10d/st/NCBI273.h5ad,3109de4b6364cb5259427efea2e96b4fd973eaa67c412e37f6da24cbba61bbbf,3109de4b6364cb5259427efea2e96b4fd973eaa67c412e37f6da24cbba61bbbf,True,,,not_explicit_in_available_metadata,https://www.science.org/doi/10.1126/science.aav9776?url_ver=Z39.88-2003&rfr_id=ori:rid:crossref.org&rfr_dat=cr_pub%20%200pubmed,,10.1126/science.aav9776?url_ver=Z39.88-2003&rfr_id=ori:rid:crossref.org&rfr_dat=cr_pub%20%200pubmed,CC-BY-NC-SA-4.0,,original_label_requires_clarification,Mus musculus,Spatial Transcriptomics,Spinal cord,True,aaa41cf5284d6cc6e27ecdccc1da12920bc33c76b0b8948b110dcf15db0ed729
NCBI274,MahmoodLab/hest,MahmoodLab/hest:st/NCBI274.h5ad,8b42ca7f80bc475644ac9a520bba7b9cccbce10d,local Hugging Face download receipt,st/NCBI274.h5ad,https://huggingface.co/datasets/MahmoodLab/hest/resolve/8b42ca7f80bc475644ac9a520bba7b9cccbce10d/st/NCBI274.h5ad,ada8c7b02aab478e3c27373436c9e1841c4bdd0ad28ab36e76023bc718c4c1b5,ada8c7b02aab478e3c27373436c9e1841c4bdd0ad28ab36e76023bc718c4c1b5,True,,,not_explicit_in_available_metadata,https://www.science.org/doi/10.1126/science.aav9776?url_ver=Z39.88-2003&rfr_id=ori:rid:crossref.org&rfr_dat=cr_pub%20%200pubmed,,10.1126/science.aav9776?url_ver=Z39.88-2003&rfr_id=ori:rid:crossref.org&rfr_dat=cr_pub%20%200pubmed,CC-BY-NC-SA-4.0,,original_label_requires_clarification,Mus musculus,Spatial Transcriptomics,Spinal cord,True,2c83b6c9885d127d9e2d9f5869b5b4bd9f48e5935dafb28b8f877bc0ecbfd6b0
NCBI275,MahmoodLab/hest,MahmoodLab/hest:st/NCBI275.h5ad,8b42ca7f80bc475644ac9a520bba7b9cccbce10d,local Hugging Face download receipt,st/NCBI275.h5ad,https://huggingface.co/datasets/MahmoodLab/hest/resolve/8b42ca7f80bc475644ac9a520bba7b9cccbce10d/st/NCBI275.h5ad,9735df30a2ad0f5ca09836f7044712f8682110fb5a7607e04ac5e113d12d4675,9735df30a2ad0f5ca09836f7044712f8682110fb5a7607e04ac5e113d12d4675,True,,,not_explicit_in_available_metadata,https://www.science.org/doi/10.1126/science.aav9776?url_ver=Z39.88-2003&rfr_id=ori:rid:crossref.org&rfr_dat=cr_pub%20%200pubmed,,10.1126/science.aav9776?url_ver=Z39.88-2003&rfr_id=ori:rid:crossref.org&rfr_dat=cr_pub%20%200pubmed,CC-BY-NC-SA-4.0,,original_label_requires_clarification,Mus musculus,Spatial Transcriptomics,Spinal cord,True,cbaf88667ed632ae684adfd9ce8edce01743039761442be1f2ee790abf53bb80
NCBI276,MahmoodLab/hest,MahmoodLab/hest:st/NCBI276.h5ad,8b42ca7f80bc475644ac9a520bba7b9cccbce10d,local Hugging Face download receipt,st/NCBI276.h5ad,https://huggingface.co/datasets/MahmoodLab/hest/resolve/8b42ca7f80bc475644ac9a520bba7b9cccbce10d/st/NCBI276.h5ad,0ac570bba7a8c45e5d89f655aea0f8fdb2ab070cc9fa5ac46bbab5103dd779ac,0ac570bba7a8c45e5d89f655aea0f8fdb2ab070cc9fa5ac46bbab5103dd779ac,True,,,not_explicit_in_available_metadata,https://www.science.org/doi/10.1126/science.aav9776?url_ver=Z39.88-2003&rfr_id=ori:rid:crossref.org&rfr_dat=cr_pub%20%200pubmed,,10.1126/science.aav9776?url_ver=Z39.88-2003&rfr_id=ori:rid:crossref.org&rfr_dat=cr_pub%20%200pubmed,CC-BY-NC-SA-4.0,,original_label_requires_clarification,Mus musculus,Spatial Transcriptomics,Spinal cord,True,90e270c85b64cefbc3ec57ac0635abe792265e369e575dcf76b591b96debaef7
NCBI277,MahmoodLab/hest,MahmoodLab/hest:st/NCBI277.h5ad,8b42ca7f80bc475644ac9a520bba7b9cccbce10d,local Hugging Face download receipt,st/NCBI277.h5ad,https://huggingface.co/datasets/MahmoodLab/hest/resolve/8b42ca7f80bc475644ac9a520bba7b9cccbce10d/st/NCBI277.h5ad,1026dffe9e815fda8ec438701b7c95265f35770570900c38a627ef01870055fa,1026dffe9e815fda8ec438701b7c95265f35770570900c38a627ef01870055fa,True,,,not_explicit_in_available_metadata,https://www.science.org/doi/10.1126/science.aav9776?url_ver=Z39.88-2003&rfr_id=ori:rid:crossref.org&rfr_dat=cr_pub%20%200pubmed,,10.1126/science.aav9776?url_ver=Z39.88-2003&rfr_id=ori:rid:crossref.org&rfr_dat=cr_pub%20%200pubmed,CC-BY-NC-SA-4.0,,original_label_requires_clarification,Mus musculus,Spatial Transcriptomics,Spinal cord,True,24baa697b1ef42eb979853959898548688a56f0b7dbaa06ae159a6e12c2e3bdb
NCBI278,MahmoodLab/hest,MahmoodLab/hest:st/NCBI278.h5ad,8b42ca7f80bc475644ac9a520bba7b9cccbce10d,local Hugging Face download receipt,st/NCBI278.h5ad,https://huggingface.co/datasets/MahmoodLab/hest/resolve/8b42ca7f80bc475644ac9a520bba7b9cccbce10d/st/NCBI278.h5ad,1317ced6e3c411cbdc57fa8a3a5f741e8bffcee5b8002665124bc9b8cf314fc6,1317ced6e3c411cbdc57fa8a3a5f741e8bffcee5b8002665124bc9b8cf314fc6,True,,,not_explicit_in_available_metadata,https://www.science.org/doi/10.1126/science.aav9776?url_ver=Z39.88-2003&rfr_id=ori:rid:crossref.org&rfr_dat=cr_pub%20%200pubmed,,10.1126/science.aav9776?url_ver=Z39.88-2003&rfr_id=ori:rid:crossref.org&rfr_dat=cr_pub%20%200pubmed,CC-BY-NC-SA-4.0,,original_label_requires_clarification,Mus musculus,Spatial Transcriptomics,Spinal cord,True,4ac092bb44f6c337d9487e9ee951e21dbc64873323a948c4af724dc812a6e78b
NCBI279,MahmoodLab/hest,MahmoodLab/hest:st/NCBI279.h5ad,8b42ca7f80bc475644ac9a520bba7b9cccbce10d,local Hugging Face download receipt,st/NCBI279.h5ad,https://huggingface.co/datasets/MahmoodLab/hest/resolve/8b42ca7f80bc475644ac9a520bba7b9cccbce10d/st/NCBI279.h5ad,f23c6fa1b97490ea2b2b57d7c6054a657bc86f50e11149a7e0af604b0d31204c,f23c6fa1b97490ea2b2b57d7c6054a657bc86f50e11149a7e0af604b0d31204c,True,,,not_explicit_in_available_metadata,https://www.science.org/doi/10.1126/science.aav9776?url_ver=Z39.88-2003&rfr_id=ori:rid:crossref.org&rfr_dat=cr_pub%20%200pubmed,,10.1126/science.aav9776?url_ver=Z39.88-2003&rfr_id=ori:rid:crossref.org&rfr_dat=cr_pub%20%200pubmed,CC-BY-NC-SA-4.0,,original_label_requires_clarification,Mus musculus,Spatial Transcriptomics,Spinal cord,True,fb82afe6b727bc805e826ca065f3c0a3b184ea947882ca2862670f838d4eb603
NCBI28,MahmoodLab/hest,MahmoodLab/hest:st/NCBI28.h5ad,8b42ca7f80bc475644ac9a520bba7b9cccbce10d,local Hugging Face download receipt,st/NCBI28.h5ad,https://huggingface.co/datasets/MahmoodLab/hest/resolve/8b42ca7f80bc475644ac9a520bba7b9cccbce10d/st/NCBI28.h5ad,712830f6d5c5e9fbb83245ea5edc314b7956f0a8ce4b4c483f926076762df3cd,712830f6d5c5e9fbb83245ea5edc314b7956f0a8ce4b4c483f926076762df3cd,True,,,not_explicit_in_available_metadata,https://www.science.org/doi/10.1126/science.aav9776?url_ver=Z39.88-2003&rfr_id=ori:rid:crossref.org&rfr_dat=cr_pub%20%200pubmed,,10.1126/science.aav9776?url_ver=Z39.88-2003&rfr_id=ori:rid:crossref.org&rfr_dat=cr_pub%20%200pubmed,CC-BY-NC-SA-4.0,,original_label_requires_clarification,Mus musculus,Spatial Transcriptomics,Spinal cord,True,106fe774dc66baf22f2b9c452a0599dcc68d30a47fc25ead1689ad3ddcec8ef5
NCBI280,MahmoodLab/hest,MahmoodLab/hest:st/NCBI280.h5ad,8b42ca7f80bc475644ac9a520bba7b9cccbce10d,local Hugging Face download receipt,st/NCBI280.h5ad,https://huggingface.co/datasets/MahmoodLab/hest/resolve/8b42ca7f80bc475644ac9a520bba7b9cccbce10d/st/NCBI280.h5ad,cb980ab3b62d6dc2308e5cc6a349c6f9345b230c38c5684636c3bdd0c0b5d019,cb980ab3b62d6dc2308e5cc6a349c6f9345b230c38c5684636c3bdd0c0b5d019,True,,,not_explicit_in_available_metadata,https://www.science.org/doi/10.1126/science.aav9776?url_ver=Z39.88-2003&rfr_id=ori:rid:crossref.org&rfr_dat=cr_pub%20%200pubmed,,10.1126/science.aav9776?url_ver=Z39.88-2003&rfr_id=ori:rid:crossref.org&rfr_dat=cr_pub%20%200pubmed,CC-BY-NC-SA-4.0,,original_label_requires_clarification,Mus musculus,Spatial Transcriptomics,Spinal cord,True,46dd80f79d67c6f633506253441024f9f69a964a04be987215b99e6e3627837e
NCBI281,MahmoodLab/hest,MahmoodLab/hest:st/NCBI281.h5ad,8b42ca7f80bc475644ac9a520bba7b9cccbce10d,local Hugging Face download receipt,st/NCBI281.h5ad,https://huggingface.co/datasets/MahmoodLab/hest/resolve/8b42ca7f80bc475644ac9a520bba7b9cccbce10d/st/NCBI281.h5ad,6cf276de0b3213b76f1415058300ae51a47afc8bd1115825ee91ef511292ab0b,6cf276de0b3213b76f1415058300ae51a47afc8bd1115825ee91ef511292ab0b,True,,,not_explicit_in_available_metadata,https://www.science.org/doi/10.1126/science.aav9776?url_ver=Z39.88-2003&rfr_id=ori:rid:crossref.org&rfr_dat=cr_pub%20%200pubmed,,10.1126/science.aav9776?url_ver=Z39.88-2003&rfr_id=ori:rid:crossref.org&rfr_dat=cr_pub%20%200pubmed,CC-BY-NC-SA-4.0,,original_label_requires_clarification,Mus musculus,Spatial Transcriptomics,Spinal cord,True,416da31cfa1afc90661534fa9ec1bed0ccaa4e02461ab043f792d8b46bfa12dc
NCBI283,MahmoodLab/hest,MahmoodLab/hest:st/NCBI283.h5ad,8b42ca7f80bc475644ac9a520bba7b9cccbce10d,local Hugging Face download receipt,st/NCBI283.h5ad,https://huggingface.co/datasets/MahmoodLab/hest/resolve/8b42ca7f80bc475644ac9a520bba7b9cccbce10d/st/NCBI283.h5ad,38a62fcbb6a171fb755723c7b62b23dede18b5e2b7c14f94fa117fbeb45a184a,38a62fcbb6a171fb755723c7b62b23dede18b5e2b7c14f94fa117fbeb45a184a,True,,,not_explicit_in_available_metadata,https://www.science.org/doi/10.1126/science.aav9776?url_ver=Z39.88-2003&rfr_id=ori:rid:crossref.org&rfr_dat=cr_pub%20%200pubmed,,10.1126/science.aav9776?url_ver=Z39.88-2003&rfr_id=ori:rid:crossref.org&rfr_dat=cr_pub%20%200pubmed,CC-BY-NC-SA-4.0,,original_label_requires_clarification,Mus musculus,Spatial Transcriptomics,Spinal cord,True,ed6b55b7a67a841d69b8d5192f98c10cff91dfb53d7ead1b5b456cc8c7198c0d
NCBI284,MahmoodLab/hest,MahmoodLab/hest:st/NCBI284.h5ad,8b42ca7f80bc475644ac9a520bba7b9cccbce10d,local Hugging Face download receipt,st/NCBI284.h5ad,https://huggingface.co/datasets/MahmoodLab/hest/resolve/8b42ca7f80bc475644ac9a520bba7b9cccbce10d/st/NCBI284.h5ad,b14d5e7818c622671dc5e70c8e904f1303a9c1476be2b42140623626e1316985,b14d5e7818c622671dc5e70c8e904f1303a9c1476be2b42140623626e1316985,True,,,not_explicit_in_available_metadata,https://www.science.org/doi/10.1126/science.aav9776?url_ver=Z39.88-2003&rfr_id=ori:rid:crossref.org&rfr_dat=cr_pub%20%200pubmed,,10.1126/science.aav9776?url_ver=Z39.88-2003&rfr_id=ori:rid:crossref.org&rfr_dat=cr_pub%20%200pubmed,CC-BY-NC-SA-4.0,,original_label_requires_clarification,Mus musculus,Spatial Transcriptomics,Spinal cord,True,14dd04e1206a5d3ffb5da4cbc279563033dcc1c759ea39c7666505da5c96d62a
NCBI285,MahmoodLab/hest,MahmoodLab/hest:st/NCBI285.h5ad,8b42ca7f80bc475644ac9a520bba7b9cccbce10d,local Hugging Face download receipt,st/NCBI285.h5ad,https://huggingface.co/datasets/MahmoodLab/hest/resolve/8b42ca7f80bc475644ac9a520bba7b9cccbce10d/st/NCBI285.h5ad,fdd78c2aaf122f8a327e82ae5a78143cfdd39b1c8f2c55872bd648b3c892e8fd,fdd78c2aaf122f8a327e82ae5a78143cfdd39b1c8f2c55872bd648b3c892e8fd,True,,,not_explicit_in_available_metadata,https://www.science.org/doi/10.1126/science.aav9776?url_ver=Z39.88-2003&rfr_id=ori:rid:crossref.org&rfr_dat=cr_pub%20%200pubmed,,10.1126/science.aav9776?url_ver=Z39.88-2003&rfr_id=ori:rid:crossref.org&rfr_dat=cr_pub%20%200pubmed,CC-BY-NC-SA-4.0,,original_label_requires_clarification,Mus musculus,Spatial Transcriptomics,Spinal cord,True,35fdc21691c9755759fab0e01bfc724d548bfac65002cd3fdeb6e69d17f1c4c3
NCBI286,MahmoodLab/hest,MahmoodLab/hest:st/NCBI286.h5ad,8b42ca7f80bc475644ac9a520bba7b9cccbce10d,local Hugging Face download receipt,st/NCBI286.h5ad,https://huggingface.co/datasets/MahmoodLab/hest/resolve/8b42ca7f80bc475644ac9a520bba7b9cccbce10d/st/NCBI286.h5ad,254cc38c3698c6cf92a8a0ca3fadf81bf413174972ec0f81148d4725a95261d1,254cc38c3698c6cf92a8a0ca3fadf81bf413174972ec0f81148d4725a95261d1,True,,,not_explicit_in_available_metadata,https://www.science.org/doi/10.1126/science.aav9776?url_ver=Z39.88-2003&rfr_id=ori:rid:crossref.org&rfr_dat=cr_pub%20%200pubmed,,10.1126/science.aav9776?url_ver=Z39.88-2003&rfr_id=ori:rid:crossref.org&rfr_dat=cr_pub%20%200pubmed,CC-BY-NC-SA-4.0,,original_label_requires_clarification,Mus musculus,Spatial Transcriptomics,Spinal cord,True,e0ed8cf8e96a47cbb9dfe6da2c74a5b00b2faec40ef3f3fa45e9ee7ad1fab221
NCBI287,MahmoodLab/hest,MahmoodLab/hest:st/NCBI287.h5ad,8b42ca7f80bc475644ac9a520bba7b9cccbce10d,local Hugging Face download receipt,st/NCBI287.h5ad,https://huggingface.co/datasets/MahmoodLab/hest/resolve/8b42ca7f80bc475644ac9a520bba7b9cccbce10d/st/NCBI287.h5ad,efeeb06d72525e89cd128c8f08787ffe204f4654b3db751bb9363b720913feec,efeeb06d72525e89cd128c8f08787ffe204f4654b3db751bb9363b720913feec,True,,,not_explicit_in_available_metadata,https://www.science.org/doi/10.1126/science.aav9776?url_ver=Z39.88-2003&rfr_id=ori:rid:crossref.org&rfr_dat=cr_pub%20%200pubmed,,10.1126/science.aav9776?url_ver=Z39.88-2003&rfr_id=ori:rid:crossref.org&rfr_dat=cr_pub%20%200pubmed,CC-BY-NC-SA-4.0,,original_label_requires_clarification,Mus musculus,Spatial Transcriptomics,Spinal cord,True,97080f858909c6727bf9d19e1c82c5aba155c8e9e2e20927f4fefac4c5ae35f7
NCBI288,MahmoodLab/hest,MahmoodLab/hest:st/NCBI288.h5ad,8b42ca7f80bc475644ac9a520bba7b9cccbce10d,local Hugging Face download receipt,st/NCBI288.h5ad,https://huggingface.co/datasets/MahmoodLab/hest/resolve/8b42ca7f80bc475644ac9a520bba7b9cccbce10d/st/NCBI288.h5ad,9dbcf6cde5fb5d1743c1a541a47efaf4bd5eecc3b46be23371afda8c29baf22a,9dbcf6cde5fb5d1743c1a541a47efaf4bd5eecc3b46be23371afda8c29baf22a,True,,,not_explicit_in_available_metadata,https://www.science.org/doi/10.1126/science.aav9776?url_ver=Z39.88-2003&rfr_id=ori:rid:crossref.org&rfr_dat=cr_pub%20%200pubmed,,10.1126/science.aav9776?url_ver=Z39.88-2003&rfr_id=ori:rid:crossref.org&rfr_dat=cr_pub%20%200pubmed,CC-BY-NC-SA-4.0,,original_label_requires_clarification,Mus musculus,Spatial Transcriptomics,Spinal cord,True,cd1192c3bcefe84f50b44479c815fb5fc68a58a5a25c2510704d7da67de91b30
NCBI289,MahmoodLab/hest,MahmoodLab/hest:st/NCBI289.h5ad,8b42ca7f80bc475644ac9a520bba7b9cccbce10d,local Hugging Face download receipt,st/NCBI289.h5ad,https://huggingface.co/datasets/MahmoodLab/hest/resolve/8b42ca7f80bc475644ac9a520bba7b9cccbce10d/st/NCBI289.h5ad,b7d8b06cd900498f75a05b2acb527e17b2506167590e3d065d4132852e5957dc,b7d8b06cd900498f75a05b2acb527e17b2506167590e3d065d4132852e5957dc,True,,,not_explicit_in_available_metadata,https://www.science.org/doi/10.1126/science.aav9776?url_ver=Z39.88-2003&rfr_id=ori:rid:crossref.org&rfr_dat=cr_pub%20%200pubmed,,10.1126/science.aav9776?url_ver=Z39.88-2003&rfr_id=ori:rid:crossref.org&rfr_dat=cr_pub%20%200pubmed,CC-BY-NC-SA-4.0,,original_label_requires_clarification,Mus musculus,Spatial Transcriptomics,Spinal cord,True,033ef470c4ef3996da4fd559c6bb8a06afd75fa8b92cc8ca6de737c65f55fd3a
NCBI29,MahmoodLab/hest,MahmoodLab/hest:st/NCBI29.h5ad,8b42ca7f80bc475644ac9a520bba7b9cccbce10d,local Hugging Face download receipt,st/NCBI29.h5ad,https://huggingface.co/datasets/MahmoodLab/hest/resolve/8b42ca7f80bc475644ac9a520bba7b9cccbce10d/st/NCBI29.h5ad,d0127b461231c4f698f9500e29617ae8559c566a996b51149fb9e4e996f89f21,d0127b461231c4f698f9500e29617ae8559c566a996b51149fb9e4e996f89f21,True,,,not_explicit_in_available_metadata,https://www.science.org/doi/10.1126/science.aav9776?url_ver=Z39.88-2003&rfr_id=ori:rid:crossref.org&rfr_dat=cr_pub%20%200pubmed,,10.1126/science.aav9776?url_ver=Z39.88-2003&rfr_id=ori:rid:crossref.org&rfr_dat=cr_pub%20%200pubmed,CC-BY-NC-SA-4.0,,original_label_requires_clarification,Mus musculus,Spatial Transcriptomics,Spinal cord,True,63ace99259a93f183bdf57ff7436f68d78e295a8886a0873e02df46d3dfb0fd3
NCBI290,MahmoodLab/hest,MahmoodLab/hest:st/NCBI290.h5ad,8b42ca7f80bc475644ac9a520bba7b9cccbce10d,local Hugging Face download receipt,st/NCBI290.h5ad,https://huggingface.co/datasets/MahmoodLab/hest/resolve/8b42ca7f80bc475644ac9a520bba7b9cccbce10d/st/NCBI290.h5ad,ec15f1e2f0ec5a8ac36ce192529eb41ceafce0b271ef55e3ee8fb39c5298812b,ec15f1e2f0ec5a8ac36ce192529eb41ceafce0b271ef55e3ee8fb39c5298812b,True,,,not_explicit_in_available_metadata,https://www.science.org/doi/10.1126/science.aav9776?url_ver=Z39.88-2003&rfr_id=ori:rid:crossref.org&rfr_dat=cr_pub%20%200pubmed,,10.1126/science.aav9776?url_ver=Z39.88-2003&rfr_id=ori:rid:crossref.org&rfr_dat=cr_pub%20%200pubmed,CC-BY-NC-SA-4.0,,original_label_requires_clarification,Mus musculus,Spatial Transcriptomics,Spinal cord,True,666a17579189e0ba6754149e0d7827772195478780fec24e04e427bfe0c17ae9
NCBI291,MahmoodLab/hest,MahmoodLab/hest:st/NCBI291.h5ad,8b42ca7f80bc475644ac9a520bba7b9cccbce10d,local Hugging Face download receipt,st/NCBI291.h5ad,https://huggingface.co/datasets/MahmoodLab/hest/resolve/8b42ca7f80bc475644ac9a520bba7b9cccbce10d/st/NCBI291.h5ad,13d74a39b89875bed5f9b0b68521b9b005186827bafb3e6ad4dfdfe200181cb8,13d74a39b89875bed5f9b0b68521b9b005186827bafb3e6ad4dfdfe200181cb8,True,,,not_explicit_in_available_metadata,https://www.science.org/doi/10.1126/science.aav9776?url_ver=Z39.88-2003&rfr_id=ori:rid:crossref.org&rfr_dat=cr_pub%20%200pubmed,,10.1126/science.aav9776?url_ver=Z39.88-2003&rfr_id=ori:rid:crossref.org&rfr_dat=cr_pub%20%200pubmed,CC-BY-NC-SA-4.0,,original_label_requires_clarification,Mus musculus,Spatial Transcriptomics,Spinal cord,True,e555e4c0acc79fc031816f2b9fb26d6f47166b6f055cc0fb6a12aa836095971b
NCBI292,MahmoodLab/hest,MahmoodLab/hest:st/NCBI292.h5ad,8b42ca7f80bc475644ac9a520bba7b9cccbce10d,local Hugging Face download receipt,st/NCBI292.h5ad,https://huggingface.co/datasets/MahmoodLab/hest/resolve/8b42ca7f80bc475644ac9a520bba7b9cccbce10d/st/NCBI292.h5ad,ed40e2db02aad38d743bcbfc73e82e5815e2bea253dd11487bfe825e8b53f805,ed40e2db02aad38d743bcbfc73e82e5815e2bea253dd11487bfe825e8b53f805,True,,,not_explicit_in_available_metadata,https://www.science.org/doi/10.1126/science.aav9776?url_ver=Z39.88-2003&rfr_id=ori:rid:crossref.org&rfr_dat=cr_pub%20%200pubmed,,10.1126/science.aav9776?url_ver=Z39.88-2003&rfr_id=ori:rid:crossref.org&rfr_dat=cr_pub%20%200pubmed,CC-BY-NC-SA-4.0,,original_label_requires_clarification,Mus musculus,Spatial Transcriptomics,Spinal cord,True,498595060dc6693efbe3344fcdef349eae92a62021ca1966d6f24c6b703052ef
NCBI293,MahmoodLab/hest,MahmoodLab/hest:st/NCBI293.h5ad,8b42ca7f80bc475644ac9a520bba7b9cccbce10d,local Hugging Face download receipt,st/NCBI293.h5ad,https://huggingface.co/datasets/MahmoodLab/hest/resolve/8b42ca7f80bc475644ac9a520bba7b9cccbce10d/st/NCBI293.h5ad,6b514b658f07a10aa30985caae1d3eacf5076d6d53dbb664a827ba0f8ca14611,6b514b658f07a10aa30985caae1d3eacf5076d6d53dbb664a827ba0f8ca14611,True,,,not_explicit_in_available_metadata,https://www.science.org/doi/10.1126/science.aav9776?url_ver=Z39.88-2003&rfr_id=ori:rid:crossref.org&rfr_dat=cr_pub%20%200pubmed,,10.1126/science.aav9776?url_ver=Z39.88-2003&rfr_id=ori:rid:crossref.org&rfr_dat=cr_pub%20%200pubmed,CC-BY-NC-SA-4.0,,original_label_requires_clarification,Mus musculus,Spatial Transcriptomics,Spinal cord,True,c80b6b45b69f3c2ab3f665dc0147e48043817c9cba0f4a531c419cb8db601ff2
NCBI294,MahmoodLab/hest,MahmoodLab/hest:st/NCBI294.h5ad,8b42ca7f80bc475644ac9a520bba7b9cccbce10d,local Hugging Face download receipt,st/NCBI294.h5ad,https://huggingface.co/datasets/MahmoodLab/hest/resolve/8b42ca7f80bc475644ac9a520bba7b9cccbce10d/st/NCBI294.h5ad,9a2c3ab5e1ef7217f4b20ee110987c73b15360abbdeca7486cf2f1ade4a899f5,9a2c3ab5e1ef7217f4b20ee110987c73b15360abbdeca7486cf2f1ade4a899f5,True,,,not_explicit_in_available_metadata,https://www.science.org/doi/10.1126/science.aav9776?url_ver=Z39.88-2003&rfr_id=ori:rid:crossref.org&rfr_dat=cr_pub%20%200pubmed,,10.1126/science.aav9776?url_ver=Z39.88-2003&rfr_id=ori:rid:crossref.org&rfr_dat=cr_pub%20%200pubmed,CC-BY-NC-SA-4.0,,original_label_requires_clarification,Mus musculus,Spatial Transcriptomics,Spinal cord,True,8e2caba11cb27dbbbe0b1d617ae2f9e04ec9d03e1d8ba1a8125c0263e37bdd84
NCBI295,MahmoodLab/hest,MahmoodLab/hest:st/NCBI295.h5ad,8b42ca7f80bc475644ac9a520bba7b9cccbce10d,local Hugging Face download receipt,st/NCBI295.h5ad,https://huggingface.co/datasets/MahmoodLab/hest/resolve/8b42ca7f80bc475644ac9a520bba7b9cccbce10d/st/NCBI295.h5ad,6b3bbbae9309dcb9341a9b76e4129c49765e25dd039c137784d3b80ddc105d5a,6b3bbbae9309dcb9341a9b76e4129c49765e25dd039c137784d3b80ddc105d5a,True,,,not_explicit_in_available_metadata,https://www.science.org/doi/10.1126/science.aav9776?url_ver=Z39.88-2003&rfr_id=ori:rid:crossref.org&rfr_dat=cr_pub%20%200pubmed,,10.1126/science.aav9776?url_ver=Z39.88-2003&rfr_id=ori:rid:crossref.org&rfr_dat=cr_pub%20%200pubmed,CC-BY-NC-SA-4.0,,original_label_requires_clarification,Mus musculus,Spatial Transcriptomics,Spinal cord,True,8e2da7001737bd6e8c9f970967fbc619a2e5a93db4bc57490b528bc9fb2aa8c1
NCBI296,MahmoodLab/hest,MahmoodLab/hest:st/NCBI296.h5ad,8b42ca7f80bc475644ac9a520bba7b9cccbce10d,local Hugging Face download receipt,st/NCBI296.h5ad,https://huggingface.co/datasets/MahmoodLab/hest/resolve/8b42ca7f80bc475644ac9a520bba7b9cccbce10d/st/NCBI296.h5ad,11ec61351a12a8e1a18ecf48f9642ff3fa901d019b5aa529086416c017c7c312,11ec61351a12a8e1a18ecf48f9642ff3fa901d019b5aa529086416c017c7c312,True,,,not_explicit_in_available_metadata,https://www.science.org/doi/10.1126/science.aav9776?url_ver=Z39.88-2003&rfr_id=ori:rid:crossref.org&rfr_dat=cr_pub%20%200pubmed,,10.1126/science.aav9776?url_ver=Z39.88-2003&rfr_id=ori:rid:crossref.org&rfr_dat=cr_pub%20%200pubmed,CC-BY-NC-SA-4.0,,original_label_requires_clarification,Mus musculus,Spatial Transcriptomics,Spinal cord,True,1a58fdcdd8d55a15512b1025e1d1d89b696b5a4d651046718e3a599ddf7791d5
NCBI297,MahmoodLab/hest,MahmoodLab/hest:st/NCBI297.h5ad,8b42ca7f80bc475644ac9a520bba7b9cccbce10d,local Hugging Face download receipt,st/NCBI297.h5ad,https://huggingface.co/datasets/MahmoodLab/hest/resolve/8b42ca7f80bc475644ac9a520bba7b9cccbce10d/st/NCBI297.h5ad,99fb7d3e06eac68136666228d61d7719e87ddbaf7a6707c2d582637e9881b63d,99fb7d3e06eac68136666228d61d7719e87ddbaf7a6707c2d582637e9881b63d,True,,,not_explicit_in_available_metadata,https://www.science.org/doi/10.1126/science.aav9776?url_ver=Z39.88-2003&rfr_id=ori:rid:crossref.org&rfr_dat=cr_pub%20%200pubmed,,10.1126/science.aav9776?url_ver=Z39.88-2003&rfr_id=ori:rid:crossref.org&rfr_dat=cr_pub%20%200pubmed,CC-BY-NC-SA-4.0,,original_label_requires_clarification,Mus musculus,Spatial Transcriptomics,Spinal cord,True,dc5c998db90aa5379aeecc786b6c4459f4bf8eae61226634889b479e0ca964b5
NCBI298,MahmoodLab/hest,MahmoodLab/hest:st/NCBI298.h5ad,8b42ca7f80bc475644ac9a520bba7b9cccbce10d,local Hugging Face download receipt,st/NCBI298.h5ad,https://huggingface.co/datasets/MahmoodLab/hest/resolve/8b42ca7f80bc475644ac9a520bba7b9cccbce10d/st/NCBI298.h5ad,e25fd5467d532c67da1458b8386427bb823f297efe79f176933cbd5720bde22a,e25fd5467d532c67da1458b8386427bb823f297efe79f176933cbd5720bde22a,True,,,not_explicit_in_available_metadata,https://www.science.org/doi/10.1126/science.aav9776?url_ver=Z39.88-2003&rfr_id=ori:rid:crossref.org&rfr_dat=cr_pub%20%200pubmed,,10.1126/science.aav9776?url_ver=Z39.88-2003&rfr_id=ori:rid:crossref.org&rfr_dat=cr_pub%20%200pubmed,CC-BY-NC-SA-4.0,,original_label_requires_clarification,Mus musculus,Spatial Transcriptomics,Spinal cord,True,856111d091cb062e0da337f784492524cefb2a2b693a0a71df70774cbacade72
NCBI299,MahmoodLab/hest,MahmoodLab/hest:st/NCBI299.h5ad,8b42ca7f80bc475644ac9a520bba7b9cccbce10d,local Hugging Face download receipt,st/NCBI299.h5ad,https://huggingface.co/datasets/MahmoodLab/hest/resolve/8b42ca7f80bc475644ac9a520bba7b9cccbce10d/st/NCBI299.h5ad,1a5d6c173dfcf6a5f74b9a8d6c462f519ad46a5a8810c000c2f122f3ac0bc74f,1a5d6c173dfcf6a5f74b9a8d6c462f519ad46a5a8810c000c2f122f3ac0bc74f,True,,,not_explicit_in_available_metadata,https://www.science.org/doi/10.1126/science.aav9776?url_ver=Z39.88-2003&rfr_id=ori:rid:crossref.org&rfr_dat=cr_pub%20%200pubmed,,10.1126/science.aav9776?url_ver=Z39.88-2003&rfr_id=ori:rid:crossref.org&rfr_dat=cr_pub%20%200pubmed,CC-BY-NC-SA-4.0,,original_label_requires_clarification,Mus musculus,Spatial Transcriptomics,Spinal cord,True,db503755008b6d27202b9aca452b557055c75ad712f2f1e00995eb7395f99dbf
NCBI3,MahmoodLab/hest,MahmoodLab/hest:st/NCBI3.h5ad,8b42ca7f80bc475644ac9a520bba7b9cccbce10d,local Hugging Face download receipt,st/NCBI3.h5ad,https://huggingface.co/datasets/MahmoodLab/hest/resolve/8b42ca7f80bc475644ac9a520bba7b9cccbce10d/st/NCBI3.h5ad,6cc33bb9d70a95f16fc107930672841be586e7688710d45d22a3695399af0e55,6cc33bb9d70a95f16fc107930672841be586e7688710d45d22a3695399af0e55,True,,,not_explicit_in_available_metadata,https://www.ncbi.nlm.nih.gov/pmc/articles/PMC10040725/,,,CC-BY-NC-SA-4.0,CC BY 4.0,provider_label_retained_not_individual_legal_clearance,Homo sapiens,Visium,Cervix,True,60b62f6596e6a0e896ddf86facb6168bf769137db30dc416225866faf728b8de
NCBI30,MahmoodLab/hest,MahmoodLab/hest:st/NCBI30.h5ad,8b42ca7f80bc475644ac9a520bba7b9cccbce10d,local Hugging Face download receipt,st/NCBI30.h5ad,https://huggingface.co/datasets/MahmoodLab/hest/resolve/8b42ca7f80bc475644ac9a520bba7b9cccbce10d/st/NCBI30.h5ad,e8dca8b0cec65b22bccda984a8e8e765b459b63652a284da73034a3c060e403e,e8dca8b0cec65b22bccda984a8e8e765b459b63652a284da73034a3c060e403e,True,,,not_explicit_in_available_metadata,https://www.science.org/doi/10.1126/science.aav9776?url_ver=Z39.88-2003&rfr_id=ori:rid:crossref.org&rfr_dat=cr_pub%20%200pubmed,,10.1126/science.aav9776?url_ver=Z39.88-2003&rfr_id=ori:rid:crossref.org&rfr_dat=cr_pub%20%200pubmed,CC-BY-NC-SA-4.0,,original_label_requires_clarification,Mus musculus,Spatial Transcriptomics,Spinal cord,True,89e5490375bd456b0e185444ac84130ccf484868ce5c6a0ed0a7fe0a3a8eb6bc
NCBI300,MahmoodLab/hest,MahmoodLab/hest:st/NCBI300.h5ad,8b42ca7f80bc475644ac9a520bba7b9cccbce10d,local Hugging Face download receipt,st/NCBI300.h5ad,https://huggingface.co/datasets/MahmoodLab/hest/resolve/8b42ca7f80bc475644ac9a520bba7b9cccbce10d/st/NCBI300.h5ad,4341432278b356b05510befda00736a6d36a5c76fabe41a16475e8598d8e42a2,4341432278b356b05510befda00736a6d36a5c76fabe41a16475e8598d8e42a2,True,,,not_explicit_in_available_metadata,https://www.science.org/doi/10.1126/science.aav9776?url_ver=Z39.88-2003&rfr_id=ori:rid:crossref.org&rfr_dat=cr_pub%20%200pubmed,,10.1126/science.aav9776?url_ver=Z39.88-2003&rfr_id=ori:rid:crossref.org&rfr_dat=cr_pub%20%200pubmed,CC-BY-NC-SA-4.0,,original_label_requires_clarification,Mus musculus,Spatial Transcriptomics,Spinal cord,True,088a524a9fe3ae270b0e1dffa9de25a08068e88702b324a190fd447d08ee591f
NCBI301,MahmoodLab/hest,MahmoodLab/hest:st/NCBI301.h5ad,8b42ca7f80bc475644ac9a520bba7b9cccbce10d,local Hugging Face download receipt,st/NCBI301.h5ad,https://huggingface.co/datasets/MahmoodLab/hest/resolve/8b42ca7f80bc475644ac9a520bba7b9cccbce10d/st/NCBI301.h5ad,260fa439dbb78fd12f5e6a573ba717f45ff9711c5b90a34246eaca21c183c471,260fa439dbb78fd12f5e6a573ba717f45ff9711c5b90a34246eaca21c183c471,True,,,not_explicit_in_available_metadata,https://www.science.org/doi/10.1126/science.aav9776?url_ver=Z39.88-2003&rfr_id=ori:rid:crossref.org&rfr_dat=cr_pub%20%200pubmed,,10.1126/science.aav9776?url_ver=Z39.88-2003&rfr_id=ori:rid:crossref.org&rfr_dat=cr_pub%20%200pubmed,CC-BY-NC-SA-4.0,,original_label_requires_clarification,Mus musculus,Spatial Transcriptomics,Spinal cord,True,57cc74fd31a27c6354d3f1156ed357c4d415d5d74134e52b319b19b15fc646c3
NCBI302,MahmoodLab/hest,MahmoodLab/hest:st/NCBI302.h5ad,8b42ca7f80bc475644ac9a520bba7b9cccbce10d,local Hugging Face download receipt,st/NCBI302.h5ad,https://huggingface.co/datasets/MahmoodLab/hest/resolve/8b42ca7f80bc475644ac9a520bba7b9cccbce10d/st/NCBI302.h5ad,9c14ec28c81dbc98d90882e717705af82b19bc8cb1e0b30fae97b8c855a54459,9c14ec28c81dbc98d90882e717705af82b19bc8cb1e0b30fae97b8c855a54459,True,,,not_explicit_in_available_metadata,https://www.science.org/doi/10.1126/science.aav9776?url_ver=Z39.88-2003&rfr_id=ori:rid:crossref.org&rfr_dat=cr_pub%20%200pubmed,,10.1126/science.aav9776?url_ver=Z39.88-2003&rfr_id=ori:rid:crossref.org&rfr_dat=cr_pub%20%200pubmed,CC-BY-NC-SA-4.0,,original_label_requires_clarification,Mus musculus,Spatial Transcriptomics,Spinal cord,True,97669d8333831dac3674f737824d8d38e0a552140c6bd5988508423cc94279d3
NCBI303,MahmoodLab/hest,MahmoodLab/hest:st/NCBI303.h5ad,8b42ca7f80bc475644ac9a520bba7b9cccbce10d,local Hugging Face download receipt,st/NCBI303.h5ad,https://huggingface.co/datasets/MahmoodLab/hest/resolve/8b42ca7f80bc475644ac9a520bba7b9cccbce10d/st/NCBI303.h5ad,11e5b287f27ae7af6691d7721448b94d440b8981b886abb28b25ddd2481f9f06,11e5b287f27ae7af6691d7721448b94d440b8981b886abb28b25ddd2481f9f06,True,,,not_explicit_in_available_metadata,https://www.science.org/doi/10.1126/science.aav9776?url_ver=Z39.88-2003&rfr_id=ori:rid:crossref.org&rfr_dat=cr_pub%20%200pubmed,,10.1126/science.aav9776?url_ver=Z39.88-2003&rfr_id=ori:rid:crossref.org&rfr_dat=cr_pub%20%200pubmed,CC-BY-NC-SA-4.0,,original_label_requires_clarification,Mus musculus,Spatial Transcriptomics,Spinal cord,True,21e001eb0a491be3692f156989b5551ec650ebe555eb95c946ce1ed0d075d561
NCBI304,MahmoodLab/hest,MahmoodLab/hest:st/NCBI304.h5ad,8b42ca7f80bc475644ac9a520bba7b9cccbce10d,local Hugging Face download receipt,st/NCBI304.h5ad,https://huggingface.co/datasets/MahmoodLab/hest/resolve/8b42ca7f80bc475644ac9a520bba7b9cccbce10d/st/NCBI304.h5ad,7f5791392843d56a9c31e280cb82da81c85ae41de1cdd65a951993dea4f4baad,7f5791392843d56a9c31e280cb82da81c85ae41de1cdd65a951993dea4f4baad,True,,,not_explicit_in_available_metadata,https://www.science.org/doi/10.1126/science.aav9776?url_ver=Z39.88-2003&rfr_id=ori:rid:crossref.org&rfr_dat=cr_pub%20%200pubmed,,10.1126/science.aav9776?url_ver=Z39.88-2003&rfr_id=ori:rid:crossref.org&rfr_dat=cr_pub%20%200pubmed,CC-BY-NC-SA-4.0,,original_label_requires_clarification,Mus musculus,Spatial Transcriptomics,Spinal cord,True,e6609533f8be571980b01546cc945aaa377a370ad5c5533e8ebd76ca0815a071
NCBI305,MahmoodLab/hest,MahmoodLab/hest:st/NCBI305.h5ad,8b42ca7f80bc475644ac9a520bba7b9cccbce10d,local Hugging Face download receipt,st/NCBI305.h5ad,https://huggingface.co/datasets/MahmoodLab/hest/resolve/8b42ca7f80bc475644ac9a520bba7b9cccbce10d/st/NCBI305.h5ad,a072028f65be23dceb6ff3a223acc36640e1c1291d19678239f0a0602527174b,a072028f65be23dceb6ff3a223acc36640e1c1291d19678239f0a0602527174b,True,,,not_explicit_in_available_metadata,https://www.science.org/doi/10.1126/science.aav9776?url_ver=Z39.88-2003&rfr_id=ori:rid:crossref.org&rfr_dat=cr_pub%20%200pubmed,,10.1126/science.aav9776?url_ver=Z39.88-2003&rfr_id=ori:rid:crossref.org&rfr_dat=cr_pub%20%200pubmed,CC-BY-NC-SA-4.0,,original_label_requires_clarification,Mus musculus,Spatial Transcriptomics,Spinal cord,True,2584e3992231a203b3e12b6f06a0d4809b474c4e81dae1717b1bbab9ca0509d6
NCBI306,MahmoodLab/hest,MahmoodLab/hest:st/NCBI306.h5ad,8b42ca7f80bc475644ac9a520bba7b9cccbce10d,local Hugging Face download receipt,st/NCBI306.h5ad,https://huggingface.co/datasets/MahmoodLab/hest/resolve/8b42ca7f80bc475644ac9a520bba7b9cccbce10d/st/NCBI306.h5ad,cd0cb095a41500f2a63cc72465b9fadc9a8707db01b9731a3d369e9901d1e38c,cd0cb095a41500f2a63cc72465b9fadc9a8707db01b9731a3d369e9901d1e38c,True,,,not_explicit_in_available_metadata,https://www.science.org/doi/10.1126/science.aav9776?url_ver=Z39.88-2003&rfr_id=ori:rid:crossref.org&rfr_dat=cr_pub%20%200pubmed,,10.1126/science.aav9776?url_ver=Z39.88-2003&rfr_id=ori:rid:crossref.org&rfr_dat=cr_pub%20%200pubmed,CC-BY-NC-SA-4.0,,original_label_requires_clarification,Mus musculus,Spatial Transcriptomics,Spinal cord,True,b703cf3f4c404619990774a6d1287d4fb77f75325952799d0c510a72f9253855
NCBI307,MahmoodLab/hest,MahmoodLab/hest:st/NCBI307.h5ad,8b42ca7f80bc475644ac9a520bba7b9cccbce10d,local Hugging Face download receipt,st/NCBI307.h5ad,https://huggingface.co/datasets/MahmoodLab/hest/resolve/8b42ca7f80bc475644ac9a520bba7b9cccbce10d/st/NCBI307.h5ad,15fe62d77090a6cfd1b1db873f861e4eda833e0ffd31c9163c07de8335bc332d,15fe62d77090a6cfd1b1db873f861e4eda833e0ffd31c9163c07de8335bc332d,True,,,not_explicit_in_available_metadata,https://www.science.org/doi/10.1126/science.aav9776?url_ver=Z39.88-2003&rfr_id=ori:rid:crossref.org&rfr_dat=cr_pub%20%200pubmed,,10.1126/science.aav9776?url_ver=Z39.88-2003&rfr_id=ori:rid:crossref.org&rfr_dat=cr_pub%20%200pubmed,CC-BY-NC-SA-4.0,,original_label_requires_clarification,Mus musculus,Spatial Transcriptomics,Spinal cord,True,38c43fa2604c3af597ec841783349d353d3fcf63ab935df8c8faa4be6363eed9
NCBI308,MahmoodLab/hest,MahmoodLab/hest:st/NCBI308.h5ad,8b42ca7f80bc475644ac9a520bba7b9cccbce10d,local Hugging Face download receipt,st/NCBI308.h5ad,https://huggingface.co/datasets/MahmoodLab/hest/resolve/8b42ca7f80bc475644ac9a520bba7b9cccbce10d/st/NCBI308.h5ad,8e439b24c8ea4604a2c0ce708124a8e240170d82468ec9d868fd179e5d06d346,8e439b24c8ea4604a2c0ce708124a8e240170d82468ec9d868fd179e5d06d346,True,,,not_explicit_in_available_metadata,https://www.science.org/doi/10.1126/science.aav9776?url_ver=Z39.88-2003&rfr_id=ori:rid:crossref.org&rfr_dat=cr_pub%20%200pubmed,,10.1126/science.aav9776?url_ver=Z39.88-2003&rfr_id=ori:rid:crossref.org&rfr_dat=cr_pub%20%200pubmed,CC-BY-NC-SA-4.0,,original_label_requires_clarification,Mus musculus,Spatial Transcriptomics,Spinal cord,True,e0bd229a4290683ea02882605eca697500ff32a61a7542e0e77338cf13cc30ba
NCBI309,MahmoodLab/hest,MahmoodLab/hest:st/NCBI309.h5ad,8b42ca7f80bc475644ac9a520bba7b9cccbce10d,local Hugging Face download receipt,st/NCBI309.h5ad,https://huggingface.co/datasets/MahmoodLab/hest/resolve/8b42ca7f80bc475644ac9a520bba7b9cccbce10d/st/NCBI309.h5ad,3e9a06aa150428c6927e559d219f69630dc0b56f726a83745d7a1098e452efa1,3e9a06aa150428c6927e559d219f69630dc0b56f726a83745d7a1098e452efa1,True,,,not_explicit_in_available_metadata,https://www.science.org/doi/10.1126/science.aav9776?url_ver=Z39.88-2003&rfr_id=ori:rid:crossref.org&rfr_dat=cr_pub%20%200pubmed,,10.1126/science.aav9776?url_ver=Z39.88-2003&rfr_id=ori:rid:crossref.org&rfr_dat=cr_pub%20%200pubmed,CC-BY-NC-SA-4.0,,original_label_requires_clarification,Mus musculus,Spatial Transcriptomics,Spinal cord,True,5b3fc29644d621f4d60ec66c8b679f359440c9113c8f6c4d427a06334457bd8c
NCBI31,MahmoodLab/hest,MahmoodLab/hest:st/NCBI31.h5ad,8b42ca7f80bc475644ac9a520bba7b9cccbce10d,local Hugging Face download receipt,st/NCBI31.h5ad,https://huggingface.co/datasets/MahmoodLab/hest/resolve/8b42ca7f80bc475644ac9a520bba7b9cccbce10d/st/NCBI31.h5ad,91d5fecfad2bdfee7711d3b52641a2bc3827795ff0da2d2f69045c725fcc3482,91d5fecfad2bdfee7711d3b52641a2bc3827795ff0da2d2f69045c725fcc3482,True,,,not_explicit_in_available_metadata,https://www.science.org/doi/10.1126/science.aav9776?url_ver=Z39.88-2003&rfr_id=ori:rid:crossref.org&rfr_dat=cr_pub%20%200pubmed,,10.1126/science.aav9776?url_ver=Z39.88-2003&rfr_id=ori:rid:crossref.org&rfr_dat=cr_pub%20%200pubmed,CC-BY-NC-SA-4.0,,original_label_requires_clarification,Mus musculus,Spatial Transcriptomics,Spinal cord,True,8a49f9ef0a273917b43aea9f535bb2ff37467b35ec7363831dad4d3bbe3b6ee4
NCBI310,MahmoodLab/hest,MahmoodLab/hest:st/NCBI310.h5ad,8b42ca7f80bc475644ac9a520bba7b9cccbce10d,local Hugging Face download receipt,st/NCBI310.h5ad,https://huggingface.co/datasets/MahmoodLab/hest/resolve/8b42ca7f80bc475644ac9a520bba7b9cccbce10d/st/NCBI310.h5ad,ac3ae81c43161c3885e86d7210d37cc23cc6e13aaa63353089b2a4c7818dfb84,ac3ae81c43161c3885e86d7210d37cc23cc6e13aaa63353089b2a4c7818dfb84,True,,,not_explicit_in_available_metadata,https://www.science.org/doi/10.1126/science.aav9776?url_ver=Z39.88-2003&rfr_id=ori:rid:crossref.org&rfr_dat=cr_pub%20%200pubmed,,10.1126/science.aav9776?url_ver=Z39.88-2003&rfr_id=ori:rid:crossref.org&rfr_dat=cr_pub%20%200pubmed,CC-BY-NC-SA-4.0,,original_label_requires_clarification,Mus musculus,Spatial Transcriptomics,Spinal cord,True,b79caa9219109ba92e46bc7a3acc72b8494cbe061b76076f7025033f23d979bf
NCBI311,MahmoodLab/hest,MahmoodLab/hest:st/NCBI311.h5ad,8b42ca7f80bc475644ac9a520bba7b9cccbce10d,local Hugging Face download receipt,st/NCBI311.h5ad,https://huggingface.co/datasets/MahmoodLab/hest/resolve/8b42ca7f80bc475644ac9a520bba7b9cccbce10d/st/NCBI311.h5ad,868017254c36b71d91828f6398cda748591fd122b1e22301384bfc95846bd22c,868017254c36b71d91828f6398cda748591fd122b1e22301384bfc95846bd22c,True,,,not_explicit_in_available_metadata,https://www.science.org/doi/10.1126/science.aav9776?url_ver=Z39.88-2003&rfr_id=ori:rid:crossref.org&rfr_dat=cr_pub%20%200pubmed,,10.1126/science.aav9776?url_ver=Z39.88-2003&rfr_id=ori:rid:crossref.org&rfr_dat=cr_pub%20%200pubmed,CC-BY-NC-SA-4.0,,original_label_requires_clarification,Mus musculus,Spatial Transcriptomics,Spinal cord,True,1996dc26004d720a7bb764e9c9e20fcda3ffc499aaafa139e3ab9d4766fe29c6
NCBI312,MahmoodLab/hest,MahmoodLab/hest:st/NCBI312.h5ad,8b42ca7f80bc475644ac9a520bba7b9cccbce10d,local Hugging Face download receipt,st/NCBI312.h5ad,https://huggingface.co/datasets/MahmoodLab/hest/resolve/8b42ca7f80bc475644ac9a520bba7b9cccbce10d/st/NCBI312.h5ad,f06a16c81b8a063798fa22aa18c2aedff091c03cd67c9cff3cb5f3dc423bdfee,f06a16c81b8a063798fa22aa18c2aedff091c03cd67c9cff3cb5f3dc423bdfee,True,,,not_explicit_in_available_metadata,https://www.science.org/doi/10.1126/science.aav9776?url_ver=Z39.88-2003&rfr_id=ori:rid:crossref.org&rfr_dat=cr_pub%20%200pubmed,,10.1126/science.aav9776?url_ver=Z39.88-2003&rfr_id=ori:rid:crossref.org&rfr_dat=cr_pub%20%200pubmed,CC-BY-NC-SA-4.0,,original_label_requires_clarification,Mus musculus,Spatial Transcriptomics,Spinal cord,True,99eca709964016ff4e8ddba5deb9eabbbff8d8f6b36aa86e3844ad5766b1e803
NCBI313,MahmoodLab/hest,MahmoodLab/hest:st/NCBI313.h5ad,8b42ca7f80bc475644ac9a520bba7b9cccbce10d,local Hugging Face download receipt,st/NCBI313.h5ad,https://huggingface.co/datasets/MahmoodLab/hest/resolve/8b42ca7f80bc475644ac9a520bba7b9cccbce10d/st/NCBI313.h5ad,26b97d5dd84cde2b7788332b87ec3da0e58ef0fc2316a53b18ed90ca116ca758,26b97d5dd84cde2b7788332b87ec3da0e58ef0fc2316a53b18ed90ca116ca758,True,,,not_explicit_in_available_metadata,https://www.science.org/doi/10.1126/science.aav9776?url_ver=Z39.88-2003&rfr_id=ori:rid:crossref.org&rfr_dat=cr_pub%20%200pubmed,,10.1126/science.aav9776?url_ver=Z39.88-2003&rfr_id=ori:rid:crossref.org&rfr_dat=cr_pub%20%200pubmed,CC-BY-NC-SA-4.0,,original_label_requires_clarification,Mus musculus,Spatial Transcriptomics,Spinal cord,True,54ac0192fe93eb87aa2442981554beb23ad17c918445f9d3b99fb490cd8fb130
NCBI314,MahmoodLab/hest,MahmoodLab/hest:st/NCBI314.h5ad,8b42ca7f80bc475644ac9a520bba7b9cccbce10d,local Hugging Face download receipt,st/NCBI314.h5ad,https://huggingface.co/datasets/MahmoodLab/hest/resolve/8b42ca7f80bc475644ac9a520bba7b9cccbce10d/st/NCBI314.h5ad,2f566da10946d6551a1e2bf5bd0e21de7202579853a8a235e30488260e455566,2f566da10946d6551a1e2bf5bd0e21de7202579853a8a235e30488260e455566,True,,,not_explicit_in_available_metadata,https://www.science.org/doi/10.1126/science.aav9776?url_ver=Z39.88-2003&rfr_id=ori:rid:crossref.org&rfr_dat=cr_pub%20%200pubmed,,10.1126/science.aav9776?url_ver=Z39.88-2003&rfr_id=ori:rid:crossref.org&rfr_dat=cr_pub%20%200pubmed,CC-BY-NC-SA-4.0,,original_label_requires_clarification,Mus musculus,Spatial Transcriptomics,Spinal cord,True,0d733ca427469cb6a433db99a96b78e9b7f3e989a641da4870387e1f1065e867
NCBI315,MahmoodLab/hest,MahmoodLab/hest:st/NCBI315.h5ad,8b42ca7f80bc475644ac9a520bba7b9cccbce10d,local Hugging Face download receipt,st/NCBI315.h5ad,https://huggingface.co/datasets/MahmoodLab/hest/resolve/8b42ca7f80bc475644ac9a520bba7b9cccbce10d/st/NCBI315.h5ad,38e68704c94452412b829fc71b90998bad52efbf3225798c453b846086ad41c3,38e68704c94452412b829fc71b90998bad52efbf3225798c453b846086ad41c3,True,,,not_explicit_in_available_metadata,https://www.science.org/doi/10.1126/science.aav9776?url_ver=Z39.88-2003&rfr_id=ori:rid:crossref.org&rfr_dat=cr_pub%20%200pubmed,,10.1126/science.aav9776?url_ver=Z39.88-2003&rfr_id=ori:rid:crossref.org&rfr_dat=cr_pub%20%200pubmed,CC-BY-NC-SA-4.0,,original_label_requires_clarification,Mus musculus,Spatial Transcriptomics,Spinal cord,True,7a0af9ac3068da14dfb6b80875edf40e02bc9d395f50d5a3dfe7ed1ce4110e47
NCBI316,MahmoodLab/hest,MahmoodLab/hest:st/NCBI316.h5ad,8b42ca7f80bc475644ac9a520bba7b9cccbce10d,local Hugging Face download receipt,st/NCBI316.h5ad,https://huggingface.co/datasets/MahmoodLab/hest/resolve/8b42ca7f80bc475644ac9a520bba7b9cccbce10d/st/NCBI316.h5ad,36d2219f712e32fddeed14adec8f6a4e99aba49cffcfed75081bff793bf10518,36d2219f712e32fddeed14adec8f6a4e99aba49cffcfed75081bff793bf10518,True,,,not_explicit_in_available_metadata,https://www.science.org/doi/10.1126/science.aav9776?url_ver=Z39.88-2003&rfr_id=ori:rid:crossref.org&rfr_dat=cr_pub%20%200pubmed,,10.1126/science.aav9776?url_ver=Z39.88-2003&rfr_id=ori:rid:crossref.org&rfr_dat=cr_pub%20%200pubmed,CC-BY-NC-SA-4.0,,original_label_requires_clarification,Mus musculus,Spatial Transcriptomics,Spinal cord,True,a0509052dea9d226009f64a74670669df35469fdf43f7971cacc047108c9e760
NCBI317,MahmoodLab/hest,MahmoodLab/hest:st/NCBI317.h5ad,8b42ca7f80bc475644ac9a520bba7b9cccbce10d,local Hugging Face download receipt,st/NCBI317.h5ad,https://huggingface.co/datasets/MahmoodLab/hest/resolve/8b42ca7f80bc475644ac9a520bba7b9cccbce10d/st/NCBI317.h5ad,867f7ef4377f5fdb3720b118ee86b0826815d6c9a0f5f5eb21457e1c7fdeee27,867f7ef4377f5fdb3720b118ee86b0826815d6c9a0f5f5eb21457e1c7fdeee27,True,,,not_explicit_in_available_metadata,https://www.science.org/doi/10.1126/science.aav9776?url_ver=Z39.88-2003&rfr_id=ori:rid:crossref.org&rfr_dat=cr_pub%20%200pubmed,,10.1126/science.aav9776?url_ver=Z39.88-2003&rfr_id=ori:rid:crossref.org&rfr_dat=cr_pub%20%200pubmed,CC-BY-NC-SA-4.0,,original_label_requires_clarification,Mus musculus,Spatial Transcriptomics,Spinal cord,True,3ca2cf7f06d99675732bd37c4331d3cfe76d26e74f986fd0fc42b44c3dd66de7
NCBI318,MahmoodLab/hest,MahmoodLab/hest:st/NCBI318.h5ad,8b42ca7f80bc475644ac9a520bba7b9cccbce10d,local Hugging Face download receipt,st/NCBI318.h5ad,https://huggingface.co/datasets/MahmoodLab/hest/resolve/8b42ca7f80bc475644ac9a520bba7b9cccbce10d/st/NCBI318.h5ad,14ce5ec2870c25eca5eb04dbb087dfc32929120898939033780f63b0a5e06a07,14ce5ec2870c25eca5eb04dbb087dfc32929120898939033780f63b0a5e06a07,True,,,not_explicit_in_available_metadata,https://www.science.org/doi/10.1126/science.aav9776?url_ver=Z39.88-2003&rfr_id=ori:rid:crossref.org&rfr_dat=cr_pub%20%200pubmed,,10.1126/science.aav9776?url_ver=Z39.88-2003&rfr_id=ori:rid:crossref.org&rfr_dat=cr_pub%20%200pubmed,CC-BY-NC-SA-4.0,,original_label_requires_clarification,Mus musculus,Spatial Transcriptomics,Spinal cord,True,d0d4fd4a86583408f6d54bfdb835c0b15506bbf1a80dc571abd5221e52586a0f
NCBI319,MahmoodLab/hest,MahmoodLab/hest:st/NCBI319.h5ad,8b42ca7f80bc475644ac9a520bba7b9cccbce10d,local Hugging Face download receipt,st/NCBI319.h5ad,https://huggingface.co/datasets/MahmoodLab/hest/resolve/8b42ca7f80bc475644ac9a520bba7b9cccbce10d/st/NCBI319.h5ad,685aa909f890f93eab3878404ea5639a58a6a529fdba0aa20e0548081023b965,685aa909f890f93eab3878404ea5639a58a6a529fdba0aa20e0548081023b965,True,,,not_explicit_in_available_metadata,https://www.science.org/doi/10.1126/science.aav9776?url_ver=Z39.88-2003&rfr_id=ori:rid:crossref.org&rfr_dat=cr_pub%20%200pubmed,,10.1126/science.aav9776?url_ver=Z39.88-2003&rfr_id=ori:rid:crossref.org&rfr_dat=cr_pub%20%200pubmed,CC-BY-NC-SA-4.0,,original_label_requires_clarification,Mus musculus,Spatial Transcriptomics,Spinal cord,True,4cd2631398006b52c58cc4dc315375ba478880ba063e393833f68b16efbad6ca
NCBI32,MahmoodLab/hest,MahmoodLab/hest:st/NCBI32.h5ad,8b42ca7f80bc475644ac9a520bba7b9cccbce10d,local Hugging Face download receipt,st/NCBI32.h5ad,https://huggingface.co/datasets/MahmoodLab/hest/resolve/8b42ca7f80bc475644ac9a520bba7b9cccbce10d/st/NCBI32.h5ad,db9521f6b16ee848fc4a606ae75d7e41501811e71b27e20e1cc5495a04420dec,db9521f6b16ee848fc4a606ae75d7e41501811e71b27e20e1cc5495a04420dec,True,,,not_explicit_in_available_metadata,https://www.science.org/doi/10.1126/science.aav9776?url_ver=Z39.88-2003&rfr_id=ori:rid:crossref.org&rfr_dat=cr_pub%20%200pubmed,,10.1126/science.aav9776?url_ver=Z39.88-2003&rfr_id=ori:rid:crossref.org&rfr_dat=cr_pub%20%200pubmed,CC-BY-NC-SA-4.0,,original_label_requires_clarification,Mus musculus,Spatial Transcriptomics,Spinal cord,True,f52510bd1df1b390568b3bfa497b9815205ab14d6453e2ba69e43fba362da47b
NCBI320,MahmoodLab/hest,MahmoodLab/hest:st/NCBI320.h5ad,8b42ca7f80bc475644ac9a520bba7b9cccbce10d,local Hugging Face download receipt,st/NCBI320.h5ad,https://huggingface.co/datasets/MahmoodLab/hest/resolve/8b42ca7f80bc475644ac9a520bba7b9cccbce10d/st/NCBI320.h5ad,ec95b7e078dbdf43b4249fde61bc3ce80abbc8cd67001f66287bdd3a33a82e2b,ec95b7e078dbdf43b4249fde61bc3ce80abbc8cd67001f66287bdd3a33a82e2b,True,,,not_explicit_in_available_metadata,https://www.science.org/doi/10.1126/science.aav9776?url_ver=Z39.88-2003&rfr_id=ori:rid:crossref.org&rfr_dat=cr_pub%20%200pubmed,,10.1126/science.aav9776?url_ver=Z39.88-2003&rfr_id=ori:rid:crossref.org&rfr_dat=cr_pub%20%200pubmed,CC-BY-NC-SA-4.0,,original_label_requires_clarification,Mus musculus,Spatial Transcriptomics,Spinal cord,True,04ccc96d7ceba800053cd30456dbd4e4bc91b02edcf25d0c7313c04b3c829f1b
NCBI321,MahmoodLab/hest,MahmoodLab/hest:st/NCBI321.h5ad,8b42ca7f80bc475644ac9a520bba7b9cccbce10d,local Hugging Face download receipt,st/NCBI321.h5ad,https://huggingface.co/datasets/MahmoodLab/hest/resolve/8b42ca7f80bc475644ac9a520bba7b9cccbce10d/st/NCBI321.h5ad,178cc072429ec72038f9a5045dba9ab5dc6fed62d6d05c381cc2536a714b9ea4,178cc072429ec72038f9a5045dba9ab5dc6fed62d6d05c381cc2536a714b9ea4,True,,,not_explicit_in_available_metadata,https://www.science.org/doi/10.1126/science.aav9776?url_ver=Z39.88-2003&rfr_id=ori:rid:crossref.org&rfr_dat=cr_pub%20%200pubmed,,10.1126/science.aav9776?url_ver=Z39.88-2003&rfr_id=ori:rid:crossref.org&rfr_dat=cr_pub%20%200pubmed,CC-BY-NC-SA-4.0,,original_label_requires_clarification,Mus musculus,Spatial Transcriptomics,Spinal cord,True,817abdceafb13079b9146f017e773f9717d695b6afaf5052175067b6d9ac719d
NCBI322,MahmoodLab/hest,MahmoodLab/hest:st/NCBI322.h5ad,8b42ca7f80bc475644ac9a520bba7b9cccbce10d,local Hugging Face download receipt,st/NCBI322.h5ad,https://huggingface.co/datasets/MahmoodLab/hest/resolve/8b42ca7f80bc475644ac9a520bba7b9cccbce10d/st/NCBI322.h5ad,0c9dbb1102800b648582819c3e4f0d3c8d7c3255aab730ce30234b0715f659c9,0c9dbb1102800b648582819c3e4f0d3c8d7c3255aab730ce30234b0715f659c9,True,,,not_explicit_in_available_metadata,https://www.science.org/doi/10.1126/science.aav9776?url_ver=Z39.88-2003&rfr_id=ori:rid:crossref.org&rfr_dat=cr_pub%20%200pubmed,,10.1126/science.aav9776?url_ver=Z39.88-2003&rfr_id=ori:rid:crossref.org&rfr_dat=cr_pub%20%200pubmed,CC-BY-NC-SA-4.0,,original_label_requires_clarification,Mus musculus,Spatial Transcriptomics,Spinal cord,True,a573ed2aa87300f5743b5d185f300e97574120383e4e95e5534200eccbf7b4c7
NCBI325,MahmoodLab/hest,MahmoodLab/hest:st/NCBI325.h5ad,8b42ca7f80bc475644ac9a520bba7b9cccbce10d,local Hugging Face download receipt,st/NCBI325.h5ad,https://huggingface.co/datasets/MahmoodLab/hest/resolve/8b42ca7f80bc475644ac9a520bba7b9cccbce10d/st/NCBI325.h5ad,95dd8e538c40f44c9bb20bca5c858ad00f6fe1db5804ffe8c0a2cc8edbc14a2c,95dd8e538c40f44c9bb20bca5c858ad00f6fe1db5804ffe8c0a2cc8edbc14a2c,True,,,not_explicit_in_available_metadata,https://www.science.org/doi/10.1126/science.aav9776?url_ver=Z39.88-2003&rfr_id=ori:rid:crossref.org&rfr_dat=cr_pub%20%200pubmed,,10.1126/science.aav9776?url_ver=Z39.88-2003&rfr_id=ori:rid:crossref.org&rfr_dat=cr_pub%20%200pubmed,CC-BY-NC-SA-4.0,,original_label_requires_clarification,Mus musculus,Spatial Transcriptomics,Spinal cord,True,a38e02db7119511617a2247dabd88653ad21819cc4c052517fc9de606482b2b0
NCBI326,MahmoodLab/hest,MahmoodLab/hest:st/NCBI326.h5ad,8b42ca7f80bc475644ac9a520bba7b9cccbce10d,local Hugging Face download receipt,st/NCBI326.h5ad,https://huggingface.co/datasets/MahmoodLab/hest/resolve/8b42ca7f80bc475644ac9a520bba7b9cccbce10d/st/NCBI326.h5ad,5e31cb8c70864852855a1742d1487e66912c2d138d983de2e874be9e7f01adbe,5e31cb8c70864852855a1742d1487e66912c2d138d983de2e874be9e7f01adbe,True,,,not_explicit_in_available_metadata,https://www.science.org/doi/10.1126/science.aav9776?url_ver=Z39.88-2003&rfr_id=ori:rid:crossref.org&rfr_dat=cr_pub%20%200pubmed,,10.1126/science.aav9776?url_ver=Z39.88-2003&rfr_id=ori:rid:crossref.org&rfr_dat=cr_pub%20%200pubmed,CC-BY-NC-SA-4.0,,original_label_requires_clarification,Mus musculus,Spatial Transcriptomics,Spinal cord,True,045ba56e21f93ba96cbdaffe4d1a63a3265467389ca75d8bee7c36ecac6a15a8
NCBI328,MahmoodLab/hest,MahmoodLab/hest:st/NCBI328.h5ad,8b42ca7f80bc475644ac9a520bba7b9cccbce10d,local Hugging Face download receipt,st/NCBI328.h5ad,https://huggingface.co/datasets/MahmoodLab/hest/resolve/8b42ca7f80bc475644ac9a520bba7b9cccbce10d/st/NCBI328.h5ad,2614e81db6db7c2de113cd8e4514f02ba27c7cf0c5c6611311656ac352c18edd,2614e81db6db7c2de113cd8e4514f02ba27c7cf0c5c6611311656ac352c18edd,True,,,not_explicit_in_available_metadata,https://www.science.org/doi/10.1126/science.aav9776?url_ver=Z39.88-2003&rfr_id=ori:rid:crossref.org&rfr_dat=cr_pub%20%200pubmed,,10.1126/science.aav9776?url_ver=Z39.88-2003&rfr_id=ori:rid:crossref.org&rfr_dat=cr_pub%20%200pubmed,CC-BY-NC-SA-4.0,,original_label_requires_clarification,Mus musculus,Spatial Transcriptomics,Spinal cord,True,f99f127374dee7d63a0b1f3422c556ee6f34ca984a2c4e80ac24ffa468c42568
NCBI329,MahmoodLab/hest,MahmoodLab/hest:st/NCBI329.h5ad,8b42ca7f80bc475644ac9a520bba7b9cccbce10d,local Hugging Face download receipt,st/NCBI329.h5ad,https://huggingface.co/datasets/MahmoodLab/hest/resolve/8b42ca7f80bc475644ac9a520bba7b9cccbce10d/st/NCBI329.h5ad,171e3f057bd6f5a205f4933c0dc8b68da8f33590144964df2206a16b2b01a844,171e3f057bd6f5a205f4933c0dc8b68da8f33590144964df2206a16b2b01a844,True,,,not_explicit_in_available_metadata,https://www.science.org/doi/10.1126/science.aav9776?url_ver=Z39.88-2003&rfr_id=ori:rid:crossref.org&rfr_dat=cr_pub%20%200pubmed,,10.1126/science.aav9776?url_ver=Z39.88-2003&rfr_id=ori:rid:crossref.org&rfr_dat=cr_pub%20%200pubmed,CC-BY-NC-SA-4.0,,original_label_requires_clarification,Mus musculus,Spatial Transcriptomics,Spinal cord,True,e9e9c59a61abcc21978289ae5653d1bdd6605d8342b85d35ec24fb2fbc16b700
NCBI33,MahmoodLab/hest,MahmoodLab/hest:st/NCBI33.h5ad,8b42ca7f80bc475644ac9a520bba7b9cccbce10d,local Hugging Face download receipt,st/NCBI33.h5ad,https://huggingface.co/datasets/MahmoodLab/hest/resolve/8b42ca7f80bc475644ac9a520bba7b9cccbce10d/st/NCBI33.h5ad,2892ea3e63156d2f229342382011070d07882b6f18e05719df5f6db0994fc6c9,2892ea3e63156d2f229342382011070d07882b6f18e05719df5f6db0994fc6c9,True,,,not_explicit_in_available_metadata,https://www.science.org/doi/10.1126/science.aav9776?url_ver=Z39.88-2003&rfr_id=ori:rid:crossref.org&rfr_dat=cr_pub%20%200pubmed,,10.1126/science.aav9776?url_ver=Z39.88-2003&rfr_id=ori:rid:crossref.org&rfr_dat=cr_pub%20%200pubmed,CC-BY-NC-SA-4.0,,original_label_requires_clarification,Mus musculus,Spatial Transcriptomics,Spinal cord,True,491324f0f2a510a0fa19b691f1270b9dcd0e22aa5b249930b99c424083fbcf16
NCBI331,MahmoodLab/hest,MahmoodLab/hest:st/NCBI331.h5ad,8b42ca7f80bc475644ac9a520bba7b9cccbce10d,local Hugging Face download receipt,st/NCBI331.h5ad,https://huggingface.co/datasets/MahmoodLab/hest/resolve/8b42ca7f80bc475644ac9a520bba7b9cccbce10d/st/NCBI331.h5ad,366c1f16d8da5e78af432c9a2b1f3cfd70776c52d0251bafed5467b48d046a7a,366c1f16d8da5e78af432c9a2b1f3cfd70776c52d0251bafed5467b48d046a7a,True,,,not_explicit_in_available_metadata,https://www.science.org/doi/10.1126/science.aav9776?url_ver=Z39.88-2003&rfr_id=ori:rid:crossref.org&rfr_dat=cr_pub%20%200pubmed,,10.1126/science.aav9776?url_ver=Z39.88-2003&rfr_id=ori:rid:crossref.org&rfr_dat=cr_pub%20%200pubmed,CC-BY-NC-SA-4.0,,original_label_requires_clarification,Mus musculus,Spatial Transcriptomics,Spinal cord,True,89793350aeb02ee4c46ea1d9921de2c9a1cf8851db2c40742e5b366b3a57d3fc
NCBI334,MahmoodLab/hest,MahmoodLab/hest:st/NCBI334.h5ad,8b42ca7f80bc475644ac9a520bba7b9cccbce10d,local Hugging Face download receipt,st/NCBI334.h5ad,https://huggingface.co/datasets/MahmoodLab/hest/resolve/8b42ca7f80bc475644ac9a520bba7b9cccbce10d/st/NCBI334.h5ad,5ccf584f0896c350839a2909092f02e1c1311af5ac516a78eb8042faf00f0182,5ccf584f0896c350839a2909092f02e1c1311af5ac516a78eb8042faf00f0182,True,,,not_explicit_in_available_metadata,https://www.science.org/doi/10.1126/science.aav9776?url_ver=Z39.88-2003&rfr_id=ori:rid:crossref.org&rfr_dat=cr_pub%20%200pubmed,,10.1126/science.aav9776?url_ver=Z39.88-2003&rfr_id=ori:rid:crossref.org&rfr_dat=cr_pub%20%200pubmed,CC-BY-NC-SA-4.0,,original_label_requires_clarification,Mus musculus,Spatial Transcriptomics,Spinal cord,True,0fa3b5885038568b5a51394f09ce790397e20e5e3e79fd9b5ffe4fe734762b9a
NCBI335,MahmoodLab/hest,MahmoodLab/hest:st/NCBI335.h5ad,8b42ca7f80bc475644ac9a520bba7b9cccbce10d,local Hugging Face download receipt,st/NCBI335.h5ad,https://huggingface.co/datasets/MahmoodLab/hest/resolve/8b42ca7f80bc475644ac9a520bba7b9cccbce10d/st/NCBI335.h5ad,1c8d7a955b32500e53452e041fe9e014da9015c7dfb3271c924515e1e1ee8533,1c8d7a955b32500e53452e041fe9e014da9015c7dfb3271c924515e1e1ee8533,True,,,not_explicit_in_available_metadata,https://www.science.org/doi/10.1126/science.aav9776?url_ver=Z39.88-2003&rfr_id=ori:rid:crossref.org&rfr_dat=cr_pub%20%200pubmed,,10.1126/science.aav9776?url_ver=Z39.88-2003&rfr_id=ori:rid:crossref.org&rfr_dat=cr_pub%20%200pubmed,CC-BY-NC-SA-4.0,,original_label_requires_clarification,Mus musculus,Spatial Transcriptomics,Spinal cord,True,10d5e92a79f36ba5cb5d83cbd5c1545376c729044c1c54219894e4a204ed97e1
NCBI336,MahmoodLab/hest,MahmoodLab/hest:st/NCBI336.h5ad,8b42ca7f80bc475644ac9a520bba7b9cccbce10d,local Hugging Face download receipt,st/NCBI336.h5ad,https://huggingface.co/datasets/MahmoodLab/hest/resolve/8b42ca7f80bc475644ac9a520bba7b9cccbce10d/st/NCBI336.h5ad,4a89f7574ef19f942b242602112ffe544c190af729540a24dfc7b62df1bf1d98,4a89f7574ef19f942b242602112ffe544c190af729540a24dfc7b62df1bf1d98,True,,,not_explicit_in_available_metadata,https://www.science.org/doi/10.1126/sciadv.abb3446,,10.1126/sciadv.abb3446,CC-BY-NC-SA-4.0,Creative Commons Attribution NonCommercial License 4.0,provider_label_retained_not_individual_legal_clearance,Mus musculus,Spatial Transcriptomics,Brain,True,de9ac9d020b2bb069435b353e4597a65b77e23072231ef09b65dd3447975ccda
NCBI337,MahmoodLab/hest,MahmoodLab/hest:st/NCBI337.h5ad,8b42ca7f80bc475644ac9a520bba7b9cccbce10d,local Hugging Face download receipt,st/NCBI337.h5ad,https://huggingface.co/datasets/MahmoodLab/hest/resolve/8b42ca7f80bc475644ac9a520bba7b9cccbce10d/st/NCBI337.h5ad,2d750e8b234c974032605b339ba07ba02185b4c99b374486c4674196ddaf886b,2d750e8b234c974032605b339ba07ba02185b4c99b374486c4674196ddaf886b,True,,,not_explicit_in_available_metadata,https://www.science.org/doi/10.1126/sciadv.abb3446,,10.1126/sciadv.abb3446,CC-BY-NC-SA-4.0,Creative Commons Attribution NonCommercial License 4.0,provider_label_retained_not_individual_legal_clearance,Mus musculus,Spatial Transcriptomics,Brain,True,632c51ed3a5e3d041dad74f2a48a867df3ce11792a7ea2a677ef94fdab92dd51
NCBI338,MahmoodLab/hest,MahmoodLab/hest:st/NCBI338.h5ad,8b42ca7f80bc475644ac9a520bba7b9cccbce10d,local Hugging Face download receipt,st/NCBI338.h5ad,https://huggingface.co/datasets/MahmoodLab/hest/resolve/8b42ca7f80bc475644ac9a520bba7b9cccbce10d/st/NCBI338.h5ad,b6674c829e150db5807bda67f8cdcd4abcdc3632aee4593b8687e769022d39fa,b6674c829e150db5807bda67f8cdcd4abcdc3632aee4593b8687e769022d39fa,True,,,not_explicit_in_available_metadata,https://www.science.org/doi/10.1126/sciadv.abb3446,,10.1126/sciadv.abb3446,CC-BY-NC-SA-4.0,Creative Commons Attribution NonCommercial License 4.0,provider_label_retained_not_individual_legal_clearance,Mus musculus,Spatial Transcriptomics,Brain,True,c0619ea4303a5afda5b78e657fefee52a12e3d2edf01b4ce27717747149cda6a
NCBI339,MahmoodLab/hest,MahmoodLab/hest:st/NCBI339.h5ad,8b42ca7f80bc475644ac9a520bba7b9cccbce10d,local Hugging Face download receipt,st/NCBI339.h5ad,https://huggingface.co/datasets/MahmoodLab/hest/resolve/8b42ca7f80bc475644ac9a520bba7b9cccbce10d/st/NCBI339.h5ad,fcb94996a2bac23c9dcaf60e263769c3e48d80adf383ad35a9c3a07242715126,fcb94996a2bac23c9dcaf60e263769c3e48d80adf383ad35a9c3a07242715126,True,,,not_explicit_in_available_metadata,https://www.science.org/doi/10.1126/sciadv.abb3446,,10.1126/sciadv.abb3446,CC-BY-NC-SA-4.0,Creative Commons Attribution NonCommercial License 4.0,provider_label_retained_not_individual_legal_clearance,Mus musculus,Spatial Transcriptomics,Brain,True,91fe9756f9940e2e13473a19a660966707bac4d40282b5e6226911434cf028ac
NCBI34,MahmoodLab/hest,MahmoodLab/hest:st/NCBI34.h5ad,8b42ca7f80bc475644ac9a520bba7b9cccbce10d,local Hugging Face download receipt,st/NCBI34.h5ad,https://huggingface.co/datasets/MahmoodLab/hest/resolve/8b42ca7f80bc475644ac9a520bba7b9cccbce10d/st/NCBI34.h5ad,c7407af4b40ebefd387a393e103d827bf768dd4a3c437687e59f409177e3c348,c7407af4b40ebefd387a393e103d827bf768dd4a3c437687e59f409177e3c348,True,,,not_explicit_in_available_metadata,https://www.science.org/doi/10.1126/science.aav9776?url_ver=Z39.88-2003&rfr_id=ori:rid:crossref.org&rfr_dat=cr_pub%20%200pubmed,,10.1126/science.aav9776?url_ver=Z39.88-2003&rfr_id=ori:rid:crossref.org&rfr_dat=cr_pub%20%200pubmed,CC-BY-NC-SA-4.0,,original_label_requires_clarification,Mus musculus,Spatial Transcriptomics,Spinal cord,True,e9e0a54aaa926196c7641989c2422df77e0139583d72703a85c0d5940470d7a2
NCBI340,MahmoodLab/hest,MahmoodLab/hest:st/NCBI340.h5ad,8b42ca7f80bc475644ac9a520bba7b9cccbce10d,local Hugging Face download receipt,st/NCBI340.h5ad,https://huggingface.co/datasets/MahmoodLab/hest/resolve/8b42ca7f80bc475644ac9a520bba7b9cccbce10d/st/NCBI340.h5ad,21008280295a014f509f49ea1c89882d38eb08c17801a1ea1fe31048e9c9c001,21008280295a014f509f49ea1c89882d38eb08c17801a1ea1fe31048e9c9c001,True,,,not_explicit_in_available_metadata,https://www.science.org/doi/10.1126/sciadv.abb3446,,10.1126/sciadv.abb3446,CC-BY-NC-SA-4.0,Creative Commons Attribution NonCommercial License 4.0,provider_label_retained_not_individual_legal_clearance,Mus musculus,Spatial Transcriptomics,Brain,True,798236222b4ce88128e6fc500e8cc105dd585b417c12b3385b851cde01765274
NCBI341,MahmoodLab/hest,MahmoodLab/hest:st/NCBI341.h5ad,8b42ca7f80bc475644ac9a520bba7b9cccbce10d,local Hugging Face download receipt,st/NCBI341.h5ad,https://huggingface.co/datasets/MahmoodLab/hest/resolve/8b42ca7f80bc475644ac9a520bba7b9cccbce10d/st/NCBI341.h5ad,00258f3687d52019a30f5a89a98dfdd1fa0ac894be503fcf9679bcee0645a867,00258f3687d52019a30f5a89a98dfdd1fa0ac894be503fcf9679bcee0645a867,True,,,not_explicit_in_available_metadata,https://www.science.org/doi/10.1126/sciadv.abb3446,,10.1126/sciadv.abb3446,CC-BY-NC-SA-4.0,Creative Commons Attribution NonCommercial License 4.0,provider_label_retained_not_individual_legal_clearance,Mus musculus,Spatial Transcriptomics,Brain,True,abc17bdf1eff2e2fa73dbf12fb1068cb222d719c1d20abd4870a074876cdb2d1
NCBI342,MahmoodLab/hest,MahmoodLab/hest:st/NCBI342.h5ad,8b42ca7f80bc475644ac9a520bba7b9cccbce10d,local Hugging Face download receipt,st/NCBI342.h5ad,https://huggingface.co/datasets/MahmoodLab/hest/resolve/8b42ca7f80bc475644ac9a520bba7b9cccbce10d/st/NCBI342.h5ad,7bacc87cb6043973f0dc37e9dd8ded3748497ffb4daf90ea659349f179f17e98,7bacc87cb6043973f0dc37e9dd8ded3748497ffb4daf90ea659349f179f17e98,True,,,not_explicit_in_available_metadata,https://www.science.org/doi/10.1126/sciadv.abb3446,,10.1126/sciadv.abb3446,CC-BY-NC-SA-4.0,Creative Commons Attribution NonCommercial License 4.0,provider_label_retained_not_individual_legal_clearance,Mus musculus,Spatial Transcriptomics,Brain,True,d93fa9311e0d3c32beb35a0f35f32acbc1512b16490e0aeb3daa774cc496edb3
NCBI343,MahmoodLab/hest,MahmoodLab/hest:st/NCBI343.h5ad,8b42ca7f80bc475644ac9a520bba7b9cccbce10d,local Hugging Face download receipt,st/NCBI343.h5ad,https://huggingface.co/datasets/MahmoodLab/hest/resolve/8b42ca7f80bc475644ac9a520bba7b9cccbce10d/st/NCBI343.h5ad,f79f9c1f7df55730f13bcc928bccff235029e71f5dec23c6f05f475b00f2f46f,f79f9c1f7df55730f13bcc928bccff235029e71f5dec23c6f05f475b00f2f46f,True,,,not_explicit_in_available_metadata,https://www.science.org/doi/10.1126/sciadv.abb3446,,10.1126/sciadv.abb3446,CC-BY-NC-SA-4.0,Creative Commons Attribution NonCommercial License 4.0,provider_label_retained_not_individual_legal_clearance,Mus musculus,Spatial Transcriptomics,Brain,True,cc70545c7865c833f25fedf52eaf0b512a99916cd3a12b4cd8d78a4ebc874ee1
NCBI344,MahmoodLab/hest,MahmoodLab/hest:st/NCBI344.h5ad,8b42ca7f80bc475644ac9a520bba7b9cccbce10d,local Hugging Face download receipt,st/NCBI344.h5ad,https://huggingface.co/datasets/MahmoodLab/hest/resolve/8b42ca7f80bc475644ac9a520bba7b9cccbce10d/st/NCBI344.h5ad,f59164b677d804d54c80d5fdbe88b144d0aafd21b9aca5230c4c1615f264df3d,f59164b677d804d54c80d5fdbe88b144d0aafd21b9aca5230c4c1615f264df3d,True,,,not_explicit_in_available_metadata,https://www.science.org/doi/10.1126/sciadv.abb3446,,10.1126/sciadv.abb3446,CC-BY-NC-SA-4.0,Creative Commons Attribution NonCommercial License 4.0,provider_label_retained_not_individual_legal_clearance,Mus musculus,Spatial Transcriptomics,Brain,True,a66b40b218787ea19f3b1db56f1d09dc59b48b1eb6e30f62137843b0acd39de0
NCBI345,MahmoodLab/hest,MahmoodLab/hest:st/NCBI345.h5ad,8b42ca7f80bc475644ac9a520bba7b9cccbce10d,local Hugging Face download receipt,st/NCBI345.h5ad,https://huggingface.co/datasets/MahmoodLab/hest/resolve/8b42ca7f80bc475644ac9a520bba7b9cccbce10d/st/NCBI345.h5ad,395a3cb8a6a5a4fcec3fe45929300f445f48892ef284617b5222ddf68fd5fb02,395a3cb8a6a5a4fcec3fe45929300f445f48892ef284617b5222ddf68fd5fb02,True,,,not_explicit_in_available_metadata,https://www.science.org/doi/10.1126/sciadv.abb3446,,10.1126/sciadv.abb3446,CC-BY-NC-SA-4.0,Creative Commons Attribution NonCommercial License 4.0,provider_label_retained_not_individual_legal_clearance,Mus musculus,Spatial Transcriptomics,Brain,True,5c1c7f59df603247db8d5f20e8e37bb0b698c7d70c55ecd221e4dd4ceb40c34c
NCBI346,MahmoodLab/hest,MahmoodLab/hest:st/NCBI346.h5ad,8b42ca7f80bc475644ac9a520bba7b9cccbce10d,local Hugging Face download receipt,st/NCBI346.h5ad,https://huggingface.co/datasets/MahmoodLab/hest/resolve/8b42ca7f80bc475644ac9a520bba7b9cccbce10d/st/NCBI346.h5ad,0feaf6ae55e1261cabfe4287c276b450134cf9d01380bb8dacc59f19683250de,0feaf6ae55e1261cabfe4287c276b450134cf9d01380bb8dacc59f19683250de,True,,,not_explicit_in_available_metadata,https://www.science.org/doi/10.1126/sciadv.abb3446,,10.1126/sciadv.abb3446,CC-BY-NC-SA-4.0,Creative Commons Attribution NonCommercial License 4.0,provider_label_retained_not_individual_legal_clearance,Mus musculus,Spatial Transcriptomics,Brain,True,f9bf65e41fb8ea9288fe0341f15c850e7f7023572e320572b2565872ecd98705
NCBI347,MahmoodLab/hest,MahmoodLab/hest:st/NCBI347.h5ad,8b42ca7f80bc475644ac9a520bba7b9cccbce10d,local Hugging Face download receipt,st/NCBI347.h5ad,https://huggingface.co/datasets/MahmoodLab/hest/resolve/8b42ca7f80bc475644ac9a520bba7b9cccbce10d/st/NCBI347.h5ad,a2ba3c2a6d8a644b4602ec6c728a8bf5d49dec1e5a9c2051a5dcd4f27e2d75bf,a2ba3c2a6d8a644b4602ec6c728a8bf5d49dec1e5a9c2051a5dcd4f27e2d75bf,True,,,not_explicit_in_available_metadata,https://www.science.org/doi/10.1126/sciadv.abb3446,,10.1126/sciadv.abb3446,CC-BY-NC-SA-4.0,Creative Commons Attribution NonCommercial License 4.0,provider_label_retained_not_individual_legal_clearance,Mus musculus,Spatial Transcriptomics,Brain,True,841bfad969b550983a4d6c8edee51d75132b46c2b41c690c775f004b7f6dc843
NCBI348,MahmoodLab/hest,MahmoodLab/hest:st/NCBI348.h5ad,8b42ca7f80bc475644ac9a520bba7b9cccbce10d,local Hugging Face download receipt,st/NCBI348.h5ad,https://huggingface.co/datasets/MahmoodLab/hest/resolve/8b42ca7f80bc475644ac9a520bba7b9cccbce10d/st/NCBI348.h5ad,1995919c70cbdb1a841d774dfe100c8a3b3bfe591b7d44396a05532bbbf93d60,1995919c70cbdb1a841d774dfe100c8a3b3bfe591b7d44396a05532bbbf93d60,True,,,not_explicit_in_available_metadata,https://www.science.org/doi/10.1126/sciadv.abb3446,,10.1126/sciadv.abb3446,CC-BY-NC-SA-4.0,Creative Commons Attribution NonCommercial License 4.0,provider_label_retained_not_individual_legal_clearance,Mus musculus,Spatial Transcriptomics,Brain,True,56e3b5910581ce999daead807ffc1c5373b08609d2ae4dafb7ff9e97d36ad7b9
NCBI349,MahmoodLab/hest,MahmoodLab/hest:st/NCBI349.h5ad,8b42ca7f80bc475644ac9a520bba7b9cccbce10d,local Hugging Face download receipt,st/NCBI349.h5ad,https://huggingface.co/datasets/MahmoodLab/hest/resolve/8b42ca7f80bc475644ac9a520bba7b9cccbce10d/st/NCBI349.h5ad,7165b3fc5404b2a99e42b205fab4cb7cddad7cf0e17b2279d4702b7dd2ad4b08,7165b3fc5404b2a99e42b205fab4cb7cddad7cf0e17b2279d4702b7dd2ad4b08,True,,,not_explicit_in_available_metadata,https://www.science.org/doi/10.1126/sciadv.abb3446,,10.1126/sciadv.abb3446,CC-BY-NC-SA-4.0,Creative Commons Attribution NonCommercial License 4.0,provider_label_retained_not_individual_legal_clearance,Mus musculus,Spatial Transcriptomics,Brain,True,e46d47452e117e00633aef1f73cad67b0d73332544d300fe0c538a0b5eda1529
NCBI35,MahmoodLab/hest,MahmoodLab/hest:st/NCBI35.h5ad,8b42ca7f80bc475644ac9a520bba7b9cccbce10d,local Hugging Face download receipt,st/NCBI35.h5ad,https://huggingface.co/datasets/MahmoodLab/hest/resolve/8b42ca7f80bc475644ac9a520bba7b9cccbce10d/st/NCBI35.h5ad,c9a09083ce2f4b8774efb026809aad4ef319e3087eec5a0e3074c4aa7c93b79b,c9a09083ce2f4b8774efb026809aad4ef319e3087eec5a0e3074c4aa7c93b79b,True,,,not_explicit_in_available_metadata,https://www.science.org/doi/10.1126/science.aav9776?url_ver=Z39.88-2003&rfr_id=ori:rid:crossref.org&rfr_dat=cr_pub%20%200pubmed,,10.1126/science.aav9776?url_ver=Z39.88-2003&rfr_id=ori:rid:crossref.org&rfr_dat=cr_pub%20%200pubmed,CC-BY-NC-SA-4.0,,original_label_requires_clarification,Mus musculus,Spatial Transcriptomics,Spinal cord,True,92e6c625fac36c08fb24835939d5e9a0a4f74817557679bb6c9e02ce53136317
NCBI350,MahmoodLab/hest,MahmoodLab/hest:st/NCBI350.h5ad,8b42ca7f80bc475644ac9a520bba7b9cccbce10d,local Hugging Face download receipt,st/NCBI350.h5ad,https://huggingface.co/datasets/MahmoodLab/hest/resolve/8b42ca7f80bc475644ac9a520bba7b9cccbce10d/st/NCBI350.h5ad,4252fc6fa5df3592490b7af86f1a618202cb045d4d6c2209db908c768d3da527,4252fc6fa5df3592490b7af86f1a618202cb045d4d6c2209db908c768d3da527,True,,,not_explicit_in_available_metadata,https://www.science.org/doi/10.1126/sciadv.abb3446,,10.1126/sciadv.abb3446,CC-BY-NC-SA-4.0,Creative Commons Attribution NonCommercial License 4.0,provider_label_retained_not_individual_legal_clearance,Mus musculus,Spatial Transcriptomics,Brain,True,d3c641b95ce60f62927662c6dbde50905f1e7898555728d10f80a2cc23f1e7cd
NCBI351,MahmoodLab/hest,MahmoodLab/hest:st/NCBI351.h5ad,8b42ca7f80bc475644ac9a520bba7b9cccbce10d,local Hugging Face download receipt,st/NCBI351.h5ad,https://huggingface.co/datasets/MahmoodLab/hest/resolve/8b42ca7f80bc475644ac9a520bba7b9cccbce10d/st/NCBI351.h5ad,772ce06134668549e51ec61d8df73dccccc95ada4b469c1ef9e3d60a402fb063,772ce06134668549e51ec61d8df73dccccc95ada4b469c1ef9e3d60a402fb063,True,,,not_explicit_in_available_metadata,https://www.science.org/doi/10.1126/sciadv.abb3446,,10.1126/sciadv.abb3446,CC-BY-NC-SA-4.0,Creative Commons Attribution NonCommercial License 4.0,provider_label_retained_not_individual_legal_clearance,Mus musculus,Spatial Transcriptomics,Brain,True,364154cd57f37756bb11c83a3d742c57d84fe094f0d139e274522965e2f77e83
NCBI352,MahmoodLab/hest,MahmoodLab/hest:st/NCBI352.h5ad,8b42ca7f80bc475644ac9a520bba7b9cccbce10d,local Hugging Face download receipt,st/NCBI352.h5ad,https://huggingface.co/datasets/MahmoodLab/hest/resolve/8b42ca7f80bc475644ac9a520bba7b9cccbce10d/st/NCBI352.h5ad,0cbcb267eeafc31090b045459fbce649cc07fc5857732fff8376beb13a6f469f,0cbcb267eeafc31090b045459fbce649cc07fc5857732fff8376beb13a6f469f,True,,,not_explicit_in_available_metadata,https://www.science.org/doi/10.1126/sciadv.abb3446,,10.1126/sciadv.abb3446,CC-BY-NC-SA-4.0,Creative Commons Attribution NonCommercial License 4.0,provider_label_retained_not_individual_legal_clearance,Mus musculus,Spatial Transcriptomics,Brain,True,99701ad37939ad84bbf24e25e7ad7d59e112f91eb15ec43a94ab8e38f1df268d
NCBI353,MahmoodLab/hest,MahmoodLab/hest:st/NCBI353.h5ad,8b42ca7f80bc475644ac9a520bba7b9cccbce10d,local Hugging Face download receipt,st/NCBI353.h5ad,https://huggingface.co/datasets/MahmoodLab/hest/resolve/8b42ca7f80bc475644ac9a520bba7b9cccbce10d/st/NCBI353.h5ad,a6148f06431310bb75546d8136bef7d5efb10d603633caace06bc737475408c8,a6148f06431310bb75546d8136bef7d5efb10d603633caace06bc737475408c8,True,,,not_explicit_in_available_metadata,https://www.science.org/doi/10.1126/sciadv.abb3446,,10.1126/sciadv.abb3446,CC-BY-NC-SA-4.0,Creative Commons Attribution NonCommercial License 4.0,provider_label_retained_not_individual_legal_clearance,Mus musculus,Spatial Transcriptomics,Brain,True,2a262f3812a2309f3c98b7876c993f3fe9856ef13d2d0523ff9c189332fb8382
NCBI354,MahmoodLab/hest,MahmoodLab/hest:st/NCBI354.h5ad,8b42ca7f80bc475644ac9a520bba7b9cccbce10d,local Hugging Face download receipt,st/NCBI354.h5ad,https://huggingface.co/datasets/MahmoodLab/hest/resolve/8b42ca7f80bc475644ac9a520bba7b9cccbce10d/st/NCBI354.h5ad,6aa5db64a8891473f2d8cbae5435ebd2ed4d188c267862f9e68dc4bd7e712572,6aa5db64a8891473f2d8cbae5435ebd2ed4d188c267862f9e68dc4bd7e712572,True,,,not_explicit_in_available_metadata,https://www.science.org/doi/10.1126/sciadv.abb3446,,10.1126/sciadv.abb3446,CC-BY-NC-SA-4.0,Creative Commons Attribution NonCommercial License 4.0,provider_label_retained_not_individual_legal_clearance,Mus musculus,Spatial Transcriptomics,Brain,True,048e0fcc68f6e4e1227bbbbebeb5d9941aba3400c320d64720aea002c48d0633
NCBI355,MahmoodLab/hest,MahmoodLab/hest:st/NCBI355.h5ad,8b42ca7f80bc475644ac9a520bba7b9cccbce10d,local Hugging Face download receipt,st/NCBI355.h5ad,https://huggingface.co/datasets/MahmoodLab/hest/resolve/8b42ca7f80bc475644ac9a520bba7b9cccbce10d/st/NCBI355.h5ad,474592764233bca26e6a0b0bb54761bda6e109379302be39fa5e9238db991bbb,474592764233bca26e6a0b0bb54761bda6e109379302be39fa5e9238db991bbb,True,,,not_explicit_in_available_metadata,https://www.science.org/doi/10.1126/sciadv.abb3446,,10.1126/sciadv.abb3446,CC-BY-NC-SA-4.0,Creative Commons Attribution NonCommercial License 4.0,provider_label_retained_not_individual_legal_clearance,Mus musculus,Spatial Transcriptomics,Brain,True,3a5425e3ab5c35046464cf41dc94446ccd70d3e993db9944a650101a63118dbd
NCBI357,MahmoodLab/hest,MahmoodLab/hest:st/NCBI357.h5ad,8b42ca7f80bc475644ac9a520bba7b9cccbce10d,local Hugging Face download receipt,st/NCBI357.h5ad,https://huggingface.co/datasets/MahmoodLab/hest/resolve/8b42ca7f80bc475644ac9a520bba7b9cccbce10d/st/NCBI357.h5ad,97d1e026e2c3baff7bff36b92b6857f5220e6b95c67ff092ea725c996c6c90bd,97d1e026e2c3baff7bff36b92b6857f5220e6b95c67ff092ea725c996c6c90bd,True,,,not_explicit_in_available_metadata,https://www.science.org/doi/10.1126/sciadv.abb3446,,10.1126/sciadv.abb3446,CC-BY-NC-SA-4.0,Creative Commons Attribution NonCommercial License 4.0,provider_label_retained_not_individual_legal_clearance,Mus musculus,Spatial Transcriptomics,Brain,True,ae51247aef61d4edf10369a4dd640754ae9b380e46e8b29a257489f1b0793c47
NCBI358,MahmoodLab/hest,MahmoodLab/hest:st/NCBI358.h5ad,8b42ca7f80bc475644ac9a520bba7b9cccbce10d,local Hugging Face download receipt,st/NCBI358.h5ad,https://huggingface.co/datasets/MahmoodLab/hest/resolve/8b42ca7f80bc475644ac9a520bba7b9cccbce10d/st/NCBI358.h5ad,096a18639451275c4219d775496e57038f9d8c0bf707cdaa18ab9827c0ab5cc0,096a18639451275c4219d775496e57038f9d8c0bf707cdaa18ab9827c0ab5cc0,True,,,not_explicit_in_available_metadata,https://www.science.org/doi/10.1126/sciadv.abb3446,,10.1126/sciadv.abb3446,CC-BY-NC-SA-4.0,Creative Commons Attribution NonCommercial License 4.0,provider_label_retained_not_individual_legal_clearance,Mus musculus,Spatial Transcriptomics,Brain,True,91159b32f751a2b120928ba522694e6e7e8e678fea0954c38f45c9a0b9538774
NCBI359,MahmoodLab/hest,MahmoodLab/hest:st/NCBI359.h5ad,8b42ca7f80bc475644ac9a520bba7b9cccbce10d,local Hugging Face download receipt,st/NCBI359.h5ad,https://huggingface.co/datasets/MahmoodLab/hest/resolve/8b42ca7f80bc475644ac9a520bba7b9cccbce10d/st/NCBI359.h5ad,bffd7c469575ea101b6a4811075c7ff23ac28a00d27f806f5a4adb37e987c3b8,bffd7c469575ea101b6a4811075c7ff23ac28a00d27f806f5a4adb37e987c3b8,True,,,not_explicit_in_available_metadata,https://www.science.org/doi/10.1126/sciadv.abb3446,,10.1126/sciadv.abb3446,CC-BY-NC-SA-4.0,Creative Commons Attribution NonCommercial License 4.0,provider_label_retained_not_individual_legal_clearance,Mus musculus,Spatial Transcriptomics,Brain,True,fe57d08826d0f6068f24b80ff461a89bba20381f919ffd7d6f923294409c3b88
NCBI36,MahmoodLab/hest,MahmoodLab/hest:st/NCBI36.h5ad,8b42ca7f80bc475644ac9a520bba7b9cccbce10d,local Hugging Face download receipt,st/NCBI36.h5ad,https://huggingface.co/datasets/MahmoodLab/hest/resolve/8b42ca7f80bc475644ac9a520bba7b9cccbce10d/st/NCBI36.h5ad,e7956fe623294530bfc2baab4ef4c8b7e2e5e10979c0370f2e88afb5200dd068,e7956fe623294530bfc2baab4ef4c8b7e2e5e10979c0370f2e88afb5200dd068,True,,,not_explicit_in_available_metadata,https://www.science.org/doi/10.1126/science.aav9776?url_ver=Z39.88-2003&rfr_id=ori:rid:crossref.org&rfr_dat=cr_pub%20%200pubmed,,10.1126/science.aav9776?url_ver=Z39.88-2003&rfr_id=ori:rid:crossref.org&rfr_dat=cr_pub%20%200pubmed,CC-BY-NC-SA-4.0,,original_label_requires_clarification,Mus musculus,Spatial Transcriptomics,Spinal cord,True,07a8359df23ee1f7d9cc7ae0e9350cc98f5b383bfb3af9b6cdbe11b457b872ab
NCBI360,MahmoodLab/hest,MahmoodLab/hest:st/NCBI360.h5ad,8b42ca7f80bc475644ac9a520bba7b9cccbce10d,local Hugging Face download receipt,st/NCBI360.h5ad,https://huggingface.co/datasets/MahmoodLab/hest/resolve/8b42ca7f80bc475644ac9a520bba7b9cccbce10d/st/NCBI360.h5ad,b737a3fa6da2b5cd38ed5d32a3a65be490756675402a45f81fcd67876088ef67,b737a3fa6da2b5cd38ed5d32a3a65be490756675402a45f81fcd67876088ef67,True,,,not_explicit_in_available_metadata,https://www.science.org/doi/10.1126/sciadv.abb3446,,10.1126/sciadv.abb3446,CC-BY-NC-SA-4.0,Creative Commons Attribution NonCommercial License 4.0,provider_label_retained_not_individual_legal_clearance,Mus musculus,Spatial Transcriptomics,Brain,True,7bfdfe530505df82c18a35105256668e5dd9aa792a953c7b85c34c0811051850
NCBI363,MahmoodLab/hest,MahmoodLab/hest:st/NCBI363.h5ad,8b42ca7f80bc475644ac9a520bba7b9cccbce10d,local Hugging Face download receipt,st/NCBI363.h5ad,https://huggingface.co/datasets/MahmoodLab/hest/resolve/8b42ca7f80bc475644ac9a520bba7b9cccbce10d/st/NCBI363.h5ad,b8b2000acaee6130e1a45006f6e9429f7b972a87a31f7667718bf1a994c42b6f,b8b2000acaee6130e1a45006f6e9429f7b972a87a31f7667718bf1a994c42b6f,True,,,not_explicit_in_available_metadata,https://www.science.org/doi/10.1126/sciadv.abb3446,,10.1126/sciadv.abb3446,CC-BY-NC-SA-4.0,Creative Commons Attribution NonCommercial License 4.0,provider_label_retained_not_individual_legal_clearance,Mus musculus,Spatial Transcriptomics,Brain,True,d7d83716208b73b16fdf9e54d32e53fc930e337b4d9a360d8d265220666a5d6a
NCBI364,MahmoodLab/hest,MahmoodLab/hest:st/NCBI364.h5ad,8b42ca7f80bc475644ac9a520bba7b9cccbce10d,local Hugging Face download receipt,st/NCBI364.h5ad,https://huggingface.co/datasets/MahmoodLab/hest/resolve/8b42ca7f80bc475644ac9a520bba7b9cccbce10d/st/NCBI364.h5ad,d5757a3479e76603a2f6fa6c6d2d57319a999e7c1454700ecccbef72bb7f3381,d5757a3479e76603a2f6fa6c6d2d57319a999e7c1454700ecccbef72bb7f3381,True,,,not_explicit_in_available_metadata,https://www.science.org/doi/10.1126/sciadv.abb3446,,10.1126/sciadv.abb3446,CC-BY-NC-SA-4.0,Creative Commons Attribution NonCommercial License 4.0,provider_label_retained_not_individual_legal_clearance,Mus musculus,Spatial Transcriptomics,Brain,True,51b05b403c1a20e48b279aaabe3ed2a3b4e8cbc217c90b23a4747093c3ca04d6
NCBI365,MahmoodLab/hest,MahmoodLab/hest:st/NCBI365.h5ad,8b42ca7f80bc475644ac9a520bba7b9cccbce10d,local Hugging Face download receipt,st/NCBI365.h5ad,https://huggingface.co/datasets/MahmoodLab/hest/resolve/8b42ca7f80bc475644ac9a520bba7b9cccbce10d/st/NCBI365.h5ad,cf59b44ea3eab28c4c9063bdadbb291bd050a444463e262f25587cb93d4341a8,cf59b44ea3eab28c4c9063bdadbb291bd050a444463e262f25587cb93d4341a8,True,,,not_explicit_in_available_metadata,https://www.science.org/doi/10.1126/sciadv.abb3446,,10.1126/sciadv.abb3446,CC-BY-NC-SA-4.0,Creative Commons Attribution NonCommercial License 4.0,provider_label_retained_not_individual_legal_clearance,Mus musculus,Spatial Transcriptomics,Brain,True,f5e32e97dd003305eff93b877bcc2bff6f774ccf1bd905d37eb50f29d9326ea6
NCBI366,MahmoodLab/hest,MahmoodLab/hest:st/NCBI366.h5ad,8b42ca7f80bc475644ac9a520bba7b9cccbce10d,local Hugging Face download receipt,st/NCBI366.h5ad,https://huggingface.co/datasets/MahmoodLab/hest/resolve/8b42ca7f80bc475644ac9a520bba7b9cccbce10d/st/NCBI366.h5ad,6110e7d891367ccde35ea226d50de791c13f8cf912d0ba136d3cf455aece4ec6,6110e7d891367ccde35ea226d50de791c13f8cf912d0ba136d3cf455aece4ec6,True,,,not_explicit_in_available_metadata,https://www.science.org/doi/10.1126/sciadv.abb3446,,10.1126/sciadv.abb3446,CC-BY-NC-SA-4.0,Creative Commons Attribution NonCommercial License 4.0,provider_label_retained_not_individual_legal_clearance,Mus musculus,Spatial Transcriptomics,Brain,True,372a475dc7c7cb9af0f8c685a2a603baa09ed2f8dd0037cd0441d7f2efd7498e
NCBI367,MahmoodLab/hest,MahmoodLab/hest:st/NCBI367.h5ad,8b42ca7f80bc475644ac9a520bba7b9cccbce10d,local Hugging Face download receipt,st/NCBI367.h5ad,https://huggingface.co/datasets/MahmoodLab/hest/resolve/8b42ca7f80bc475644ac9a520bba7b9cccbce10d/st/NCBI367.h5ad,08725d549b475f6ec49ab4af25c53faf13a56072d65ab67b1eb07a1e2f3b8b6c,08725d549b475f6ec49ab4af25c53faf13a56072d65ab67b1eb07a1e2f3b8b6c,True,,,not_explicit_in_available_metadata,https://www.science.org/doi/10.1126/sciadv.abb3446,,10.1126/sciadv.abb3446,CC-BY-NC-SA-4.0,Creative Commons Attribution NonCommercial License 4.0,provider_label_retained_not_individual_legal_clearance,Mus musculus,Spatial Transcriptomics,Brain,True,80657db5227e6b102b8dbcc244ad60bdd3575c90c7d17615c05243a62e6dd2d0
NCBI369,MahmoodLab/hest,MahmoodLab/hest:st/NCBI369.h5ad,8b42ca7f80bc475644ac9a520bba7b9cccbce10d,local Hugging Face download receipt,st/NCBI369.h5ad,https://huggingface.co/datasets/MahmoodLab/hest/resolve/8b42ca7f80bc475644ac9a520bba7b9cccbce10d/st/NCBI369.h5ad,7a3228f1423552eb93f97a3ba20fb9fad1073d5dd49e283bb1d77b89db2d45bd,7a3228f1423552eb93f97a3ba20fb9fad1073d5dd49e283bb1d77b89db2d45bd,True,,,not_explicit_in_available_metadata,https://www.science.org/doi/10.1126/sciadv.abb3446,,10.1126/sciadv.abb3446,CC-BY-NC-SA-4.0,Creative Commons Attribution NonCommercial License 4.0,provider_label_retained_not_individual_legal_clearance,Mus musculus,Spatial Transcriptomics,Brain,True,52dfd0ff7ed41ab7ce63e4c89337cec1280a756fe9278dc1d166ea38c7743ea7
NCBI37,MahmoodLab/hest,MahmoodLab/hest:st/NCBI37.h5ad,8b42ca7f80bc475644ac9a520bba7b9cccbce10d,local Hugging Face download receipt,st/NCBI37.h5ad,https://huggingface.co/datasets/MahmoodLab/hest/resolve/8b42ca7f80bc475644ac9a520bba7b9cccbce10d/st/NCBI37.h5ad,9667b651c58d60aac429554f10dd3f2e058abf48b66f926584d2637dc923841d,9667b651c58d60aac429554f10dd3f2e058abf48b66f926584d2637dc923841d,True,,,not_explicit_in_available_metadata,https://www.science.org/doi/10.1126/science.aav9776?url_ver=Z39.88-2003&rfr_id=ori:rid:crossref.org&rfr_dat=cr_pub%20%200pubmed,,10.1126/science.aav9776?url_ver=Z39.88-2003&rfr_id=ori:rid:crossref.org&rfr_dat=cr_pub%20%200pubmed,CC-BY-NC-SA-4.0,,original_label_requires_clarification,Mus musculus,Spatial Transcriptomics,Spinal cord,True,900db0736c0d309dfc3c5316635a81c95d2834d927e35b54e56d009184118514
NCBI370,MahmoodLab/hest,MahmoodLab/hest:st/NCBI370.h5ad,8b42ca7f80bc475644ac9a520bba7b9cccbce10d,local Hugging Face download receipt,st/NCBI370.h5ad,https://huggingface.co/datasets/MahmoodLab/hest/resolve/8b42ca7f80bc475644ac9a520bba7b9cccbce10d/st/NCBI370.h5ad,d857f9bafc7827bc70c88483d70d0a9bb76246876684e3b550d238a4ecd3aacd,d857f9bafc7827bc70c88483d70d0a9bb76246876684e3b550d238a4ecd3aacd,True,,,not_explicit_in_available_metadata,https://www.science.org/doi/10.1126/sciadv.abb3446,,10.1126/sciadv.abb3446,CC-BY-NC-SA-4.0,Creative Commons Attribution NonCommercial License 4.0,provider_label_retained_not_individual_legal_clearance,Mus musculus,Spatial Transcriptomics,Brain,True,ea8bb5614c2b43f357827c166912df0aae6f64915076710e8424837c5ead043f
NCBI371,MahmoodLab/hest,MahmoodLab/hest:st/NCBI371.h5ad,8b42ca7f80bc475644ac9a520bba7b9cccbce10d,local Hugging Face download receipt,st/NCBI371.h5ad,https://huggingface.co/datasets/MahmoodLab/hest/resolve/8b42ca7f80bc475644ac9a520bba7b9cccbce10d/st/NCBI371.h5ad,6c8e20cc02f21990d2940e434bd30adab35e5a0c32a348cea9422c0d5a0b9e31,6c8e20cc02f21990d2940e434bd30adab35e5a0c32a348cea9422c0d5a0b9e31,True,,,not_explicit_in_available_metadata,https://www.science.org/doi/10.1126/sciadv.abb3446,,10.1126/sciadv.abb3446,CC-BY-NC-SA-4.0,Creative Commons Attribution NonCommercial License 4.0,provider_label_retained_not_individual_legal_clearance,Mus musculus,Spatial Transcriptomics,Brain,True,825c66bf668721fd3709ceaa9131ef23a78272d96dcac21f52ff600301017d13
NCBI372,MahmoodLab/hest,MahmoodLab/hest:st/NCBI372.h5ad,8b42ca7f80bc475644ac9a520bba7b9cccbce10d,local Hugging Face download receipt,st/NCBI372.h5ad,https://huggingface.co/datasets/MahmoodLab/hest/resolve/8b42ca7f80bc475644ac9a520bba7b9cccbce10d/st/NCBI372.h5ad,9a8ea529ca411920ee86ef75d2eaaf7d6d21c04bad8a57b5abbcd58d5551c033,9a8ea529ca411920ee86ef75d2eaaf7d6d21c04bad8a57b5abbcd58d5551c033,True,,,not_explicit_in_available_metadata,https://www.science.org/doi/10.1126/sciadv.abb3446,,10.1126/sciadv.abb3446,CC-BY-NC-SA-4.0,Creative Commons Attribution NonCommercial License 4.0,provider_label_retained_not_individual_legal_clearance,Mus musculus,Spatial Transcriptomics,Brain,True,3c5adf3941e41bf63bb48274bbc22ad6caae6f5d3d3611fd3d446df35843366e
NCBI373,MahmoodLab/hest,MahmoodLab/hest:st/NCBI373.h5ad,8b42ca7f80bc475644ac9a520bba7b9cccbce10d,local Hugging Face download receipt,st/NCBI373.h5ad,https://huggingface.co/datasets/MahmoodLab/hest/resolve/8b42ca7f80bc475644ac9a520bba7b9cccbce10d/st/NCBI373.h5ad,895ed3854f21eefe801910347667c6ceb590c60a1b9bdd5e5ae1b9415b5e05de,895ed3854f21eefe801910347667c6ceb590c60a1b9bdd5e5ae1b9415b5e05de,True,,,not_explicit_in_available_metadata,https://www.science.org/doi/10.1126/sciadv.abb3446,,10.1126/sciadv.abb3446,CC-BY-NC-SA-4.0,Creative Commons Attribution NonCommercial License 4.0,provider_label_retained_not_individual_legal_clearance,Mus musculus,Spatial Transcriptomics,Brain,True,16b10fe0ed5c4ff436d7e1ce9e97fc419bcc27bc86c793df544c3fe28f126334
NCBI374,MahmoodLab/hest,MahmoodLab/hest:st/NCBI374.h5ad,8b42ca7f80bc475644ac9a520bba7b9cccbce10d,local Hugging Face download receipt,st/NCBI374.h5ad,https://huggingface.co/datasets/MahmoodLab/hest/resolve/8b42ca7f80bc475644ac9a520bba7b9cccbce10d/st/NCBI374.h5ad,db5f06b7b38579411a664df916b0c9e19cacf79b44d3f49b149b60d98cc4efc9,db5f06b7b38579411a664df916b0c9e19cacf79b44d3f49b149b60d98cc4efc9,True,,,not_explicit_in_available_metadata,https://www.science.org/doi/10.1126/sciadv.abb3446,,10.1126/sciadv.abb3446,CC-BY-NC-SA-4.0,Creative Commons Attribution NonCommercial License 4.0,provider_label_retained_not_individual_legal_clearance,Mus musculus,Spatial Transcriptomics,Brain,True,91665aabe6252d651a8c925c7879496ce7cda10772cef4b8951af7cdf1c5f0d3
NCBI375,MahmoodLab/hest,MahmoodLab/hest:st/NCBI375.h5ad,8b42ca7f80bc475644ac9a520bba7b9cccbce10d,local Hugging Face download receipt,st/NCBI375.h5ad,https://huggingface.co/datasets/MahmoodLab/hest/resolve/8b42ca7f80bc475644ac9a520bba7b9cccbce10d/st/NCBI375.h5ad,78040f8b71c5680c4b896fd9d4f6ea6af3cc658988ff4fa49c2186674d2941ca,78040f8b71c5680c4b896fd9d4f6ea6af3cc658988ff4fa49c2186674d2941ca,True,,,not_explicit_in_available_metadata,https://www.science.org/doi/10.1126/sciadv.abb3446,,10.1126/sciadv.abb3446,CC-BY-NC-SA-4.0,Creative Commons Attribution NonCommercial License 4.0,provider_label_retained_not_individual_legal_clearance,Mus musculus,Spatial Transcriptomics,Brain,True,df635683389774c1ed0955ba5170381cfe710e8c6b6da2b77f6ef030aa20d02d
NCBI376,MahmoodLab/hest,MahmoodLab/hest:st/NCBI376.h5ad,8b42ca7f80bc475644ac9a520bba7b9cccbce10d,local Hugging Face download receipt,st/NCBI376.h5ad,https://huggingface.co/datasets/MahmoodLab/hest/resolve/8b42ca7f80bc475644ac9a520bba7b9cccbce10d/st/NCBI376.h5ad,43192259357b7857298667a35ba8474ac70a4d1dc127a65491e4677a7a3d881b,43192259357b7857298667a35ba8474ac70a4d1dc127a65491e4677a7a3d881b,True,,,not_explicit_in_available_metadata,https://www.science.org/doi/10.1126/sciadv.abb3446,,10.1126/sciadv.abb3446,CC-BY-NC-SA-4.0,Creative Commons Attribution NonCommercial License 4.0,provider_label_retained_not_individual_legal_clearance,Mus musculus,Spatial Transcriptomics,Brain,True,695979703d0e85686cb546a8fd16c36e2a235d5fbc80c89cdfa9adad5da99444
NCBI377,MahmoodLab/hest,MahmoodLab/hest:st/NCBI377.h5ad,8b42ca7f80bc475644ac9a520bba7b9cccbce10d,local Hugging Face download receipt,st/NCBI377.h5ad,https://huggingface.co/datasets/MahmoodLab/hest/resolve/8b42ca7f80bc475644ac9a520bba7b9cccbce10d/st/NCBI377.h5ad,5a724ed8a38f5feefa1d6ecb8e462d4bd541883c51c94191e46ccd2014e28a75,5a724ed8a38f5feefa1d6ecb8e462d4bd541883c51c94191e46ccd2014e28a75,True,,,not_explicit_in_available_metadata,https://www.science.org/doi/10.1126/sciadv.abb3446,,10.1126/sciadv.abb3446,CC-BY-NC-SA-4.0,Creative Commons Attribution NonCommercial License 4.0,provider_label_retained_not_individual_legal_clearance,Mus musculus,Spatial Transcriptomics,Brain,True,18403766c4200d07893e11c73e06b29c0aedf2e49450989d22a5a20b14723cef
NCBI378,MahmoodLab/hest,MahmoodLab/hest:st/NCBI378.h5ad,8b42ca7f80bc475644ac9a520bba7b9cccbce10d,local Hugging Face download receipt,st/NCBI378.h5ad,https://huggingface.co/datasets/MahmoodLab/hest/resolve/8b42ca7f80bc475644ac9a520bba7b9cccbce10d/st/NCBI378.h5ad,db50f1e0b7fda974b9a769c29316a110b3aa1644b388eb6ba3b456051141b674,db50f1e0b7fda974b9a769c29316a110b3aa1644b388eb6ba3b456051141b674,True,,,not_explicit_in_available_metadata,https://www.science.org/doi/10.1126/sciadv.abb3446,,10.1126/sciadv.abb3446,CC-BY-NC-SA-4.0,Creative Commons Attribution NonCommercial License 4.0,provider_label_retained_not_individual_legal_clearance,Mus musculus,Spatial Transcriptomics,Brain,True,ff0720b8a76ec8506589710e850f9dc2d24a442abee9b260ca0cb3ab3bbf556f
NCBI379,MahmoodLab/hest,MahmoodLab/hest:st/NCBI379.h5ad,8b42ca7f80bc475644ac9a520bba7b9cccbce10d,local Hugging Face download receipt,st/NCBI379.h5ad,https://huggingface.co/datasets/MahmoodLab/hest/resolve/8b42ca7f80bc475644ac9a520bba7b9cccbce10d/st/NCBI379.h5ad,f0aed0b0b2ee8ef277e3c86ec71720990c4f68c998e054c1e8dc438ea809bdf3,f0aed0b0b2ee8ef277e3c86ec71720990c4f68c998e054c1e8dc438ea809bdf3,True,,,not_explicit_in_available_metadata,https://www.science.org/doi/10.1126/sciadv.abb3446,,10.1126/sciadv.abb3446,CC-BY-NC-SA-4.0,Creative Commons Attribution NonCommercial License 4.0,provider_label_retained_not_individual_legal_clearance,Mus musculus,Spatial Transcriptomics,Brain,True,7a196e3d0affe1c0ca62f7e637255638e9750e061dc97bc5b80831249f56c338
NCBI38,MahmoodLab/hest,MahmoodLab/hest:st/NCBI38.h5ad,8b42ca7f80bc475644ac9a520bba7b9cccbce10d,local Hugging Face download receipt,st/NCBI38.h5ad,https://huggingface.co/datasets/MahmoodLab/hest/resolve/8b42ca7f80bc475644ac9a520bba7b9cccbce10d/st/NCBI38.h5ad,88770db06eaed20ae1bca2d093614fea962badc26f4f9f2d4e693f415ca47fc8,88770db06eaed20ae1bca2d093614fea962badc26f4f9f2d4e693f415ca47fc8,True,,,not_explicit_in_available_metadata,https://www.science.org/doi/10.1126/science.aav9776?url_ver=Z39.88-2003&rfr_id=ori:rid:crossref.org&rfr_dat=cr_pub%20%200pubmed,,10.1126/science.aav9776?url_ver=Z39.88-2003&rfr_id=ori:rid:crossref.org&rfr_dat=cr_pub%20%200pubmed,CC-BY-NC-SA-4.0,,original_label_requires_clarification,Mus musculus,Spatial Transcriptomics,Spinal cord,True,ad9d3f55fd614f7237abfe0036c685258db3927bc6bc92cdf3b8ab8535734b67
NCBI380,MahmoodLab/hest,MahmoodLab/hest:st/NCBI380.h5ad,8b42ca7f80bc475644ac9a520bba7b9cccbce10d,local Hugging Face download receipt,st/NCBI380.h5ad,https://huggingface.co/datasets/MahmoodLab/hest/resolve/8b42ca7f80bc475644ac9a520bba7b9cccbce10d/st/NCBI380.h5ad,a2f8009447d6c7c3c9b98820c2fbfd159bddc275e600a60b8282a821d678672b,a2f8009447d6c7c3c9b98820c2fbfd159bddc275e600a60b8282a821d678672b,True,,,not_explicit_in_available_metadata,https://www.science.org/doi/10.1126/sciadv.abb3446,,10.1126/sciadv.abb3446,CC-BY-NC-SA-4.0,Creative Commons Attribution NonCommercial License 4.0,provider_label_retained_not_individual_legal_clearance,Mus musculus,Spatial Transcriptomics,Brain,True,620134599e063741bf7da2ac28ad719bc1c8bf6ef5112a53ab8d7d7a6b825e40
NCBI381,MahmoodLab/hest,MahmoodLab/hest:st/NCBI381.h5ad,8b42ca7f80bc475644ac9a520bba7b9cccbce10d,local Hugging Face download receipt,st/NCBI381.h5ad,https://huggingface.co/datasets/MahmoodLab/hest/resolve/8b42ca7f80bc475644ac9a520bba7b9cccbce10d/st/NCBI381.h5ad,8cbef5c1dabec4b19e237d4542d709b420d2fcafde04ff8bc402c85e4ffe8cac,8cbef5c1dabec4b19e237d4542d709b420d2fcafde04ff8bc402c85e4ffe8cac,True,,,not_explicit_in_available_metadata,https://www.science.org/doi/10.1126/sciadv.abb3446,,10.1126/sciadv.abb3446,CC-BY-NC-SA-4.0,Creative Commons Attribution NonCommercial License 4.0,provider_label_retained_not_individual_legal_clearance,Mus musculus,Spatial Transcriptomics,Brain,True,6ff43f6a68d91650b4b7f66343583853f4d206df2dd7bce8f0fc6bdd86dfcddc
NCBI382,MahmoodLab/hest,MahmoodLab/hest:st/NCBI382.h5ad,8b42ca7f80bc475644ac9a520bba7b9cccbce10d,local Hugging Face download receipt,st/NCBI382.h5ad,https://huggingface.co/datasets/MahmoodLab/hest/resolve/8b42ca7f80bc475644ac9a520bba7b9cccbce10d/st/NCBI382.h5ad,a9f845b20a29eff4f85b47e07ee72a8af3a80c05362ea9bfc8ce1e1e4b0931ee,a9f845b20a29eff4f85b47e07ee72a8af3a80c05362ea9bfc8ce1e1e4b0931ee,True,,,not_explicit_in_available_metadata,https://www.science.org/doi/10.1126/sciadv.abb3446,,10.1126/sciadv.abb3446,CC-BY-NC-SA-4.0,Creative Commons Attribution NonCommercial License 4.0,provider_label_retained_not_individual_legal_clearance,Mus musculus,Spatial Transcriptomics,Brain,True,cb4adf480e4a4cfb0e4bd2d98367f41352a21e30085cc52f9868c03c28158ec5
NCBI383,MahmoodLab/hest,MahmoodLab/hest:st/NCBI383.h5ad,8b42ca7f80bc475644ac9a520bba7b9cccbce10d,local Hugging Face download receipt,st/NCBI383.h5ad,https://huggingface.co/datasets/MahmoodLab/hest/resolve/8b42ca7f80bc475644ac9a520bba7b9cccbce10d/st/NCBI383.h5ad,eae056d0d9ae098b6e1d3bbf05d6b6181104a706449b744fcc9ba52a0fa338bc,eae056d0d9ae098b6e1d3bbf05d6b6181104a706449b744fcc9ba52a0fa338bc,True,,,not_explicit_in_available_metadata,https://www.science.org/doi/10.1126/sciadv.abb3446,,10.1126/sciadv.abb3446,CC-BY-NC-SA-4.0,Creative Commons Attribution NonCommercial License 4.0,provider_label_retained_not_individual_legal_clearance,Mus musculus,Spatial Transcriptomics,Brain,True,43e79a0b007e083e959b1576b0d6577cc9020f351b289f8c66caf85b06f12774
NCBI384,MahmoodLab/hest,MahmoodLab/hest:st/NCBI384.h5ad,8b42ca7f80bc475644ac9a520bba7b9cccbce10d,local Hugging Face download receipt,st/NCBI384.h5ad,https://huggingface.co/datasets/MahmoodLab/hest/resolve/8b42ca7f80bc475644ac9a520bba7b9cccbce10d/st/NCBI384.h5ad,bbc80d52e3e5afee18b0f1a45cb47282e4282c9b0c140af83ce6cb6aeea532b9,bbc80d52e3e5afee18b0f1a45cb47282e4282c9b0c140af83ce6cb6aeea532b9,True,,,not_explicit_in_available_metadata,https://www.science.org/doi/10.1126/sciadv.abb3446,,10.1126/sciadv.abb3446,CC-BY-NC-SA-4.0,Creative Commons Attribution NonCommercial License 4.0,provider_label_retained_not_individual_legal_clearance,Mus musculus,Spatial Transcriptomics,Brain,True,ab90e33f144c89657dcb160ee54668cf9c10a72ab97ca8fd44748739647bd773
NCBI385,MahmoodLab/hest,MahmoodLab/hest:st/NCBI385.h5ad,8b42ca7f80bc475644ac9a520bba7b9cccbce10d,local Hugging Face download receipt,st/NCBI385.h5ad,https://huggingface.co/datasets/MahmoodLab/hest/resolve/8b42ca7f80bc475644ac9a520bba7b9cccbce10d/st/NCBI385.h5ad,b6df305e7bc0ec0f77b9c9b98814c54ff056a4e1a09a5d81c1330c1013d774b1,b6df305e7bc0ec0f77b9c9b98814c54ff056a4e1a09a5d81c1330c1013d774b1,True,,,not_explicit_in_available_metadata,https://www.science.org/doi/10.1126/sciadv.abb3446,,10.1126/sciadv.abb3446,CC-BY-NC-SA-4.0,Creative Commons Attribution NonCommercial License 4.0,provider_label_retained_not_individual_legal_clearance,Mus musculus,Spatial Transcriptomics,Brain,True,ecc399781136b1cdd3665ef6303480bedc025b5c435b8caa15bdb77488ea79ef
NCBI386,MahmoodLab/hest,MahmoodLab/hest:st/NCBI386.h5ad,8b42ca7f80bc475644ac9a520bba7b9cccbce10d,local Hugging Face download receipt,st/NCBI386.h5ad,https://huggingface.co/datasets/MahmoodLab/hest/resolve/8b42ca7f80bc475644ac9a520bba7b9cccbce10d/st/NCBI386.h5ad,724a0f3f40989d9ef4ed6f2698d604c799e6bf66bd7dd302cb51422bb0391992,724a0f3f40989d9ef4ed6f2698d604c799e6bf66bd7dd302cb51422bb0391992,True,,,not_explicit_in_available_metadata,https://www.science.org/doi/10.1126/sciadv.abb3446,,10.1126/sciadv.abb3446,CC-BY-NC-SA-4.0,Creative Commons Attribution NonCommercial License 4.0,provider_label_retained_not_individual_legal_clearance,Mus musculus,Spatial Transcriptomics,Brain,True,ebf10b20938c82e93970a4fd98c6a3170cd8b28a523691afb11b1e92948f797f
NCBI388,MahmoodLab/hest,MahmoodLab/hest:st/NCBI388.h5ad,8b42ca7f80bc475644ac9a520bba7b9cccbce10d,local Hugging Face download receipt,st/NCBI388.h5ad,https://huggingface.co/datasets/MahmoodLab/hest/resolve/8b42ca7f80bc475644ac9a520bba7b9cccbce10d/st/NCBI388.h5ad,565d86eaa3c9ff8ef399c2fcbf111f73574e2def088a121c1ea9f621c5e01d83,565d86eaa3c9ff8ef399c2fcbf111f73574e2def088a121c1ea9f621c5e01d83,True,,,not_explicit_in_available_metadata,https://www.science.org/doi/10.1126/sciadv.abb3446,,10.1126/sciadv.abb3446,CC-BY-NC-SA-4.0,Creative Commons Attribution NonCommercial License 4.0,provider_label_retained_not_individual_legal_clearance,Mus musculus,Spatial Transcriptomics,Brain,True,6f37da9158ed8b334ebade44ff1b7c2f107e24c173a5296c3319e80617cb53c7
NCBI39,MahmoodLab/hest,MahmoodLab/hest:st/NCBI39.h5ad,8b42ca7f80bc475644ac9a520bba7b9cccbce10d,local Hugging Face download receipt,st/NCBI39.h5ad,https://huggingface.co/datasets/MahmoodLab/hest/resolve/8b42ca7f80bc475644ac9a520bba7b9cccbce10d/st/NCBI39.h5ad,665978b1c5375733710049fbcb2ed263031c204f38cacb7eabbfb9521c3524ea,665978b1c5375733710049fbcb2ed263031c204f38cacb7eabbfb9521c3524ea,True,,,not_explicit_in_available_metadata,https://www.science.org/doi/10.1126/science.aav9776?url_ver=Z39.88-2003&rfr_id=ori:rid:crossref.org&rfr_dat=cr_pub%20%200pubmed,,10.1126/science.aav9776?url_ver=Z39.88-2003&rfr_id=ori:rid:crossref.org&rfr_dat=cr_pub%20%200pubmed,CC-BY-NC-SA-4.0,,original_label_requires_clarification,Mus musculus,Spatial Transcriptomics,Spinal cord,True,1efb2d0d32865dd6e9c2db7882f2fb7fc71814441d129a72261c53f17b33c336
NCBI390,MahmoodLab/hest,MahmoodLab/hest:st/NCBI390.h5ad,8b42ca7f80bc475644ac9a520bba7b9cccbce10d,local Hugging Face download receipt,st/NCBI390.h5ad,https://huggingface.co/datasets/MahmoodLab/hest/resolve/8b42ca7f80bc475644ac9a520bba7b9cccbce10d/st/NCBI390.h5ad,8cdf6652b7874b59865099aaadaa7edf12aa93cf6ea7db1fda0423e84a109bd6,8cdf6652b7874b59865099aaadaa7edf12aa93cf6ea7db1fda0423e84a109bd6,True,,,not_explicit_in_available_metadata,https://www.science.org/doi/10.1126/sciadv.abb3446,,10.1126/sciadv.abb3446,CC-BY-NC-SA-4.0,Creative Commons Attribution NonCommercial License 4.0,provider_label_retained_not_individual_legal_clearance,Mus musculus,Spatial Transcriptomics,Brain,True,77c4ef9f51c35d085c7548e65d84f8cadebafba94d21d30a6f7b299a0f3c41df
NCBI391,MahmoodLab/hest,MahmoodLab/hest:st/NCBI391.h5ad,8b42ca7f80bc475644ac9a520bba7b9cccbce10d,local Hugging Face download receipt,st/NCBI391.h5ad,https://huggingface.co/datasets/MahmoodLab/hest/resolve/8b42ca7f80bc475644ac9a520bba7b9cccbce10d/st/NCBI391.h5ad,46729e32f1d5489453af50ad31e89736122efb130cb07634b0319e97deb9519d,46729e32f1d5489453af50ad31e89736122efb130cb07634b0319e97deb9519d,True,,,not_explicit_in_available_metadata,https://www.science.org/doi/10.1126/sciadv.abb3446,,10.1126/sciadv.abb3446,CC-BY-NC-SA-4.0,Creative Commons Attribution NonCommercial License 4.0,provider_label_retained_not_individual_legal_clearance,Mus musculus,Spatial Transcriptomics,Brain,True,f8c19420b4f05ca69b1f59f9f1fbbffc38da8c5b1dc603c7913ddce8ca1ba873
NCBI392,MahmoodLab/hest,MahmoodLab/hest:st/NCBI392.h5ad,8b42ca7f80bc475644ac9a520bba7b9cccbce10d,local Hugging Face download receipt,st/NCBI392.h5ad,https://huggingface.co/datasets/MahmoodLab/hest/resolve/8b42ca7f80bc475644ac9a520bba7b9cccbce10d/st/NCBI392.h5ad,b3bf2bc2fbb9496005e4cff6699a23b39abf6c75da55a5a8100b2f3335b25ad2,b3bf2bc2fbb9496005e4cff6699a23b39abf6c75da55a5a8100b2f3335b25ad2,True,,,not_explicit_in_available_metadata,https://www.science.org/doi/10.1126/sciadv.abb3446,,10.1126/sciadv.abb3446,CC-BY-NC-SA-4.0,Creative Commons Attribution NonCommercial License 4.0,provider_label_retained_not_individual_legal_clearance,Mus musculus,Spatial Transcriptomics,Brain,True,c62b386811bb587d4832d4e7029dbaee280fab8f15699a1e98bc2f352f1dd784
NCBI393,MahmoodLab/hest,MahmoodLab/hest:st/NCBI393.h5ad,8b42ca7f80bc475644ac9a520bba7b9cccbce10d,local Hugging Face download receipt,st/NCBI393.h5ad,https://huggingface.co/datasets/MahmoodLab/hest/resolve/8b42ca7f80bc475644ac9a520bba7b9cccbce10d/st/NCBI393.h5ad,a84aaabd113c2db9e3cb5a258c5445a115877be4c2253ebd2e219471f6e7ee5b,a84aaabd113c2db9e3cb5a258c5445a115877be4c2253ebd2e219471f6e7ee5b,True,,,not_explicit_in_available_metadata,https://www.science.org/doi/10.1126/sciadv.abb3446,,10.1126/sciadv.abb3446,CC-BY-NC-SA-4.0,Creative Commons Attribution NonCommercial License 4.0,provider_label_retained_not_individual_legal_clearance,Mus musculus,Spatial Transcriptomics,Brain,True,4e1069453f1c4bd8de9fdb0e6fbee23541e316467b5bce2d91d06f1fbf475c42
NCBI395,MahmoodLab/hest,MahmoodLab/hest:st/NCBI395.h5ad,8b42ca7f80bc475644ac9a520bba7b9cccbce10d,local Hugging Face download receipt,st/NCBI395.h5ad,https://huggingface.co/datasets/MahmoodLab/hest/resolve/8b42ca7f80bc475644ac9a520bba7b9cccbce10d/st/NCBI395.h5ad,41075a01864f8763105eb004a2810129dd11d7107f478e8d424ab2f222f0d3c6,41075a01864f8763105eb004a2810129dd11d7107f478e8d424ab2f222f0d3c6,True,,,not_explicit_in_available_metadata,https://www.science.org/doi/10.1126/sciadv.abb3446,,10.1126/sciadv.abb3446,CC-BY-NC-SA-4.0,Creative Commons Attribution NonCommercial License 4.0,provider_label_retained_not_individual_legal_clearance,Mus musculus,Spatial Transcriptomics,Brain,True,b1c6d674bfac1ef6146751625d625317c206f648fec79f32edffdb09b7c59924
NCBI396,MahmoodLab/hest,MahmoodLab/hest:st/NCBI396.h5ad,8b42ca7f80bc475644ac9a520bba7b9cccbce10d,local Hugging Face download receipt,st/NCBI396.h5ad,https://huggingface.co/datasets/MahmoodLab/hest/resolve/8b42ca7f80bc475644ac9a520bba7b9cccbce10d/st/NCBI396.h5ad,c8d7eec38eb27962e4c227403839d02ae3cdb5dd1d9c2bf6deed6c13c1ef5fb2,c8d7eec38eb27962e4c227403839d02ae3cdb5dd1d9c2bf6deed6c13c1ef5fb2,True,,,not_explicit_in_available_metadata,https://www.science.org/doi/10.1126/sciadv.abb3446,,10.1126/sciadv.abb3446,CC-BY-NC-SA-4.0,Creative Commons Attribution NonCommercial License 4.0,provider_label_retained_not_individual_legal_clearance,Mus musculus,Spatial Transcriptomics,Brain,True,ddf5737ffa130e0b6fa459d4b1db0c16be4e14bda1784a3cbd31181578b0d669
NCBI397,MahmoodLab/hest,MahmoodLab/hest:st/NCBI397.h5ad,8b42ca7f80bc475644ac9a520bba7b9cccbce10d,local Hugging Face download receipt,st/NCBI397.h5ad,https://huggingface.co/datasets/MahmoodLab/hest/resolve/8b42ca7f80bc475644ac9a520bba7b9cccbce10d/st/NCBI397.h5ad,7097a475b467e76f9e98444698de7de8c35938b62ac4347fcea9d2f9d7dacc84,7097a475b467e76f9e98444698de7de8c35938b62ac4347fcea9d2f9d7dacc84,True,,,not_explicit_in_available_metadata,https://www.science.org/doi/10.1126/sciadv.abb3446,,10.1126/sciadv.abb3446,CC-BY-NC-SA-4.0,Creative Commons Attribution NonCommercial License 4.0,provider_label_retained_not_individual_legal_clearance,Mus musculus,Spatial Transcriptomics,Brain,True,3f3d3bf9814377d6921ce65029df7d058f7064ecf03bc47cdfe2c2c1ccf675f9
NCBI398,MahmoodLab/hest,MahmoodLab/hest:st/NCBI398.h5ad,8b42ca7f80bc475644ac9a520bba7b9cccbce10d,local Hugging Face download receipt,st/NCBI398.h5ad,https://huggingface.co/datasets/MahmoodLab/hest/resolve/8b42ca7f80bc475644ac9a520bba7b9cccbce10d/st/NCBI398.h5ad,392e0e8fba3a9cd0dd41b67194e35e45175c7fb190d6095204274346e425817b,392e0e8fba3a9cd0dd41b67194e35e45175c7fb190d6095204274346e425817b,True,,,not_explicit_in_available_metadata,https://www.science.org/doi/10.1126/sciadv.abb3446,,10.1126/sciadv.abb3446,CC-BY-NC-SA-4.0,Creative Commons Attribution NonCommercial License 4.0,provider_label_retained_not_individual_legal_clearance,Mus musculus,Spatial Transcriptomics,Brain,True,23a4d82f8fc4b62511e875897157a2d3509f3c7db885ca22f8b674550542bce3
NCBI399,MahmoodLab/hest,MahmoodLab/hest:st/NCBI399.h5ad,8b42ca7f80bc475644ac9a520bba7b9cccbce10d,local Hugging Face download receipt,st/NCBI399.h5ad,https://huggingface.co/datasets/MahmoodLab/hest/resolve/8b42ca7f80bc475644ac9a520bba7b9cccbce10d/st/NCBI399.h5ad,9edc0d8a73cebcd4b96d7bfe4792b55d3540070b8f58de60f21c69fd8d838077,9edc0d8a73cebcd4b96d7bfe4792b55d3540070b8f58de60f21c69fd8d838077,True,,,not_explicit_in_available_metadata,https://www.science.org/doi/10.1126/sciadv.abb3446,,10.1126/sciadv.abb3446,CC-BY-NC-SA-4.0,Creative Commons Attribution NonCommercial License 4.0,provider_label_retained_not_individual_legal_clearance,Mus musculus,Spatial Transcriptomics,Brain,True,4cb56fb6756e76e7aef8176d440985a39c51cafe3df802346081f68cf375ccf0
NCBI4,MahmoodLab/hest,MahmoodLab/hest:st/NCBI4.h5ad,8b42ca7f80bc475644ac9a520bba7b9cccbce10d,local Hugging Face download receipt,st/NCBI4.h5ad,https://huggingface.co/datasets/MahmoodLab/hest/resolve/8b42ca7f80bc475644ac9a520bba7b9cccbce10d/st/NCBI4.h5ad,714d847dd07182d2cf1267e3d1470dc809327c16a5e48aca2dec544b3ed1f365,714d847dd07182d2cf1267e3d1470dc809327c16a5e48aca2dec544b3ed1f365,True,,,not_explicit_in_available_metadata,https://www.ncbi.nlm.nih.gov/pmc/articles/PMC10040725/,,,CC-BY-NC-SA-4.0,CC BY 4.0,provider_label_retained_not_individual_legal_clearance,Homo sapiens,Visium,Cervix,True,46a162a25f3a138770c1cada964c11761012f8a247c8e60564edfa4de475c917
NCBI40,MahmoodLab/hest,MahmoodLab/hest:st/NCBI40.h5ad,8b42ca7f80bc475644ac9a520bba7b9cccbce10d,local Hugging Face download receipt,st/NCBI40.h5ad,https://huggingface.co/datasets/MahmoodLab/hest/resolve/8b42ca7f80bc475644ac9a520bba7b9cccbce10d/st/NCBI40.h5ad,503c7c3000091d3a83982d768d619a7346db22dc6caddaddd9dc13237189a6c6,503c7c3000091d3a83982d768d619a7346db22dc6caddaddd9dc13237189a6c6,True,,,not_explicit_in_available_metadata,https://www.science.org/doi/10.1126/science.aav9776?url_ver=Z39.88-2003&rfr_id=ori:rid:crossref.org&rfr_dat=cr_pub%20%200pubmed,,10.1126/science.aav9776?url_ver=Z39.88-2003&rfr_id=ori:rid:crossref.org&rfr_dat=cr_pub%20%200pubmed,CC-BY-NC-SA-4.0,,original_label_requires_clarification,Mus musculus,Spatial Transcriptomics,Spinal cord,True,ba9fc68a9c097bcf987ff8f3753e6505ce25d51d30e5b682c10d934137e301ab
NCBI400,MahmoodLab/hest,MahmoodLab/hest:st/NCBI400.h5ad,8b42ca7f80bc475644ac9a520bba7b9cccbce10d,local Hugging Face download receipt,st/NCBI400.h5ad,https://huggingface.co/datasets/MahmoodLab/hest/resolve/8b42ca7f80bc475644ac9a520bba7b9cccbce10d/st/NCBI400.h5ad,fec3a263c14dbd0c3cf6690d4b345981e81051c16eedb7b884a13ecf552098cb,fec3a263c14dbd0c3cf6690d4b345981e81051c16eedb7b884a13ecf552098cb,True,,,not_explicit_in_available_metadata,https://www.science.org/doi/10.1126/sciadv.abb3446,,10.1126/sciadv.abb3446,CC-BY-NC-SA-4.0,Creative Commons Attribution NonCommercial License 4.0,provider_label_retained_not_individual_legal_clearance,Mus musculus,Spatial Transcriptomics,Brain,True,5b25ce21ce108eb8dcbdf543d48d4f1127e031f00dc23f24f0c9b16b3f8a68aa
NCBI402,MahmoodLab/hest,MahmoodLab/hest:st/NCBI402.h5ad,8b42ca7f80bc475644ac9a520bba7b9cccbce10d,local Hugging Face download receipt,st/NCBI402.h5ad,https://huggingface.co/datasets/MahmoodLab/hest/resolve/8b42ca7f80bc475644ac9a520bba7b9cccbce10d/st/NCBI402.h5ad,b12eb925d0972aeead30d92ac2560b09c7976953155c4ddb50acb32fdbeee24c,b12eb925d0972aeead30d92ac2560b09c7976953155c4ddb50acb32fdbeee24c,True,,,not_explicit_in_available_metadata,https://www.science.org/doi/10.1126/sciadv.abb3446,,10.1126/sciadv.abb3446,CC-BY-NC-SA-4.0,Creative Commons Attribution NonCommercial License 4.0,provider_label_retained_not_individual_legal_clearance,Mus musculus,Spatial Transcriptomics,Brain,True,01a93fe73a2c19a80d6c6ac870ea0cfcddb266d35526144522e6bf4aaf6df7f6
NCBI403,MahmoodLab/hest,MahmoodLab/hest:st/NCBI403.h5ad,8b42ca7f80bc475644ac9a520bba7b9cccbce10d,local Hugging Face download receipt,st/NCBI403.h5ad,https://huggingface.co/datasets/MahmoodLab/hest/resolve/8b42ca7f80bc475644ac9a520bba7b9cccbce10d/st/NCBI403.h5ad,26d81267f7dbf47ecee3de641fb22a32fb9e26b54ddeaaad2a29d06b4ac9b8b8,26d81267f7dbf47ecee3de641fb22a32fb9e26b54ddeaaad2a29d06b4ac9b8b8,True,,,not_explicit_in_available_metadata,https://www.science.org/doi/10.1126/sciadv.abb3446,,10.1126/sciadv.abb3446,CC-BY-NC-SA-4.0,Creative Commons Attribution NonCommercial License 4.0,provider_label_retained_not_individual_legal_clearance,Mus musculus,Spatial Transcriptomics,Brain,True,2f5c17a14e4ed7417cb81b006b98736582f6caa1b01823c8a3b82b47b3b04b2f
NCBI405,MahmoodLab/hest,MahmoodLab/hest:st/NCBI405.h5ad,8b42ca7f80bc475644ac9a520bba7b9cccbce10d,local Hugging Face download receipt,st/NCBI405.h5ad,https://huggingface.co/datasets/MahmoodLab/hest/resolve/8b42ca7f80bc475644ac9a520bba7b9cccbce10d/st/NCBI405.h5ad,94fb0aebab9841cacfa8e02bf69728488da61f325585a628b5b006afda8d3766,94fb0aebab9841cacfa8e02bf69728488da61f325585a628b5b006afda8d3766,True,,,not_explicit_in_available_metadata,https://www.science.org/doi/10.1126/sciadv.abb3446,,10.1126/sciadv.abb3446,CC-BY-NC-SA-4.0,Creative Commons Attribution NonCommercial License 4.0,provider_label_retained_not_individual_legal_clearance,Mus musculus,Spatial Transcriptomics,Brain,True,315043ed764e4e34b234887976bf5b7ee01a313997580d17575c84cf8dea9a1c
NCBI406,MahmoodLab/hest,MahmoodLab/hest:st/NCBI406.h5ad,8b42ca7f80bc475644ac9a520bba7b9cccbce10d,local Hugging Face download receipt,st/NCBI406.h5ad,https://huggingface.co/datasets/MahmoodLab/hest/resolve/8b42ca7f80bc475644ac9a520bba7b9cccbce10d/st/NCBI406.h5ad,32123251bc8c53e241809cb073cb8679f75776380deaa91e6fc34d75461fb50e,32123251bc8c53e241809cb073cb8679f75776380deaa91e6fc34d75461fb50e,True,,,not_explicit_in_available_metadata,https://www.science.org/doi/10.1126/sciadv.abb3446,,10.1126/sciadv.abb3446,CC-BY-NC-SA-4.0,Creative Commons Attribution NonCommercial License 4.0,provider_label_retained_not_individual_legal_clearance,Mus musculus,Spatial Transcriptomics,Brain,True,6a22b747e6dcfa840e3ce0289702c7d09b10e403e87f3afdf4c1ed638198cf09
NCBI407,MahmoodLab/hest,MahmoodLab/hest:st/NCBI407.h5ad,8b42ca7f80bc475644ac9a520bba7b9cccbce10d,local Hugging Face download receipt,st/NCBI407.h5ad,https://huggingface.co/datasets/MahmoodLab/hest/resolve/8b42ca7f80bc475644ac9a520bba7b9cccbce10d/st/NCBI407.h5ad,6620042ec83ba8ff021676fc8d89d52069c2fb78596944b1737a25f8b6beeb21,6620042ec83ba8ff021676fc8d89d52069c2fb78596944b1737a25f8b6beeb21,True,,,not_explicit_in_available_metadata,https://www.science.org/doi/10.1126/sciadv.abb3446,,10.1126/sciadv.abb3446,CC-BY-NC-SA-4.0,Creative Commons Attribution NonCommercial License 4.0,provider_label_retained_not_individual_legal_clearance,Mus musculus,Spatial Transcriptomics,Brain,True,5a8616024ac2794b0deb5b1b8b80a3f572751b4672b9f3c62db68dba839f267b
NCBI408,MahmoodLab/hest,MahmoodLab/hest:st/NCBI408.h5ad,8b42ca7f80bc475644ac9a520bba7b9cccbce10d,local Hugging Face download receipt,st/NCBI408.h5ad,https://huggingface.co/datasets/MahmoodLab/hest/resolve/8b42ca7f80bc475644ac9a520bba7b9cccbce10d/st/NCBI408.h5ad,7bbc9afa7508f3d3ba77dcfc4f47c748cca8e26d26325f604c3ad12cccf30290,7bbc9afa7508f3d3ba77dcfc4f47c748cca8e26d26325f604c3ad12cccf30290,True,,,not_explicit_in_available_metadata,https://www.science.org/doi/10.1126/sciadv.abb3446,,10.1126/sciadv.abb3446,CC-BY-NC-SA-4.0,Creative Commons Attribution NonCommercial License 4.0,provider_label_retained_not_individual_legal_clearance,Mus musculus,Spatial Transcriptomics,Brain,True,8122273ea4ca25116105c82cf8a4229465540a94d6183865ec659debc846fa2b
NCBI409,MahmoodLab/hest,MahmoodLab/hest:st/NCBI409.h5ad,8b42ca7f80bc475644ac9a520bba7b9cccbce10d,local Hugging Face download receipt,st/NCBI409.h5ad,https://huggingface.co/datasets/MahmoodLab/hest/resolve/8b42ca7f80bc475644ac9a520bba7b9cccbce10d/st/NCBI409.h5ad,4b8dcf78beff263f9eb8fd6d5ca50fe5f2b321acdaef7b0d3323125b54a9127b,4b8dcf78beff263f9eb8fd6d5ca50fe5f2b321acdaef7b0d3323125b54a9127b,True,,,not_explicit_in_available_metadata,https://www.science.org/doi/10.1126/sciadv.abb3446,,10.1126/sciadv.abb3446,CC-BY-NC-SA-4.0,Creative Commons Attribution NonCommercial License 4.0,provider_label_retained_not_individual_legal_clearance,Mus musculus,Spatial Transcriptomics,Brain,True,9b8a21663a8b526fd3b6fb38cdfb2ca79ce4eec9003263998ede3a512920525c
NCBI410,MahmoodLab/hest,MahmoodLab/hest:st/NCBI410.h5ad,8b42ca7f80bc475644ac9a520bba7b9cccbce10d,local Hugging Face download receipt,st/NCBI410.h5ad,https://huggingface.co/datasets/MahmoodLab/hest/resolve/8b42ca7f80bc475644ac9a520bba7b9cccbce10d/st/NCBI410.h5ad,1f65fdbc5875514cf91e7e14bddc5b5e96c555756e1993902fee81fc871024c0,1f65fdbc5875514cf91e7e14bddc5b5e96c555756e1993902fee81fc871024c0,True,,,not_explicit_in_available_metadata,https://www.science.org/doi/10.1126/sciadv.abb3446,,10.1126/sciadv.abb3446,CC-BY-NC-SA-4.0,Creative Commons Attribution NonCommercial License 4.0,provider_label_retained_not_individual_legal_clearance,Mus musculus,Spatial Transcriptomics,Brain,True,d6b87429c040e3f43391e1a70e14013cd1800e92c8768075c52210cee64ae72a
NCBI42,MahmoodLab/hest,MahmoodLab/hest:st/NCBI42.h5ad,8b42ca7f80bc475644ac9a520bba7b9cccbce10d,local Hugging Face download receipt,st/NCBI42.h5ad,https://huggingface.co/datasets/MahmoodLab/hest/resolve/8b42ca7f80bc475644ac9a520bba7b9cccbce10d/st/NCBI42.h5ad,d29a6452429edd60b91001021c1166916d8a9b5f566bedf805fa37c3ab5a7884,d29a6452429edd60b91001021c1166916d8a9b5f566bedf805fa37c3ab5a7884,True,,,not_explicit_in_available_metadata,https://www.science.org/doi/10.1126/science.aav9776?url_ver=Z39.88-2003&rfr_id=ori:rid:crossref.org&rfr_dat=cr_pub%20%200pubmed,,10.1126/science.aav9776?url_ver=Z39.88-2003&rfr_id=ori:rid:crossref.org&rfr_dat=cr_pub%20%200pubmed,CC-BY-NC-SA-4.0,,original_label_requires_clarification,Mus musculus,Spatial Transcriptomics,Spinal cord,True,fa3615e8c85cf059bcfe2583eb44b89d50b52e1f7c4c1d50fce44e4b6575f9fb
NCBI43,MahmoodLab/hest,MahmoodLab/hest:st/NCBI43.h5ad,8b42ca7f80bc475644ac9a520bba7b9cccbce10d,local Hugging Face download receipt,st/NCBI43.h5ad,https://huggingface.co/datasets/MahmoodLab/hest/resolve/8b42ca7f80bc475644ac9a520bba7b9cccbce10d/st/NCBI43.h5ad,f4f94e1b4afda3260285bb8fd271b82785bfd237b4692603c7bc275ffddede2b,f4f94e1b4afda3260285bb8fd271b82785bfd237b4692603c7bc275ffddede2b,True,,,not_explicit_in_available_metadata,https://www.science.org/doi/10.1126/science.aav9776?url_ver=Z39.88-2003&rfr_id=ori:rid:crossref.org&rfr_dat=cr_pub%20%200pubmed,,10.1126/science.aav9776?url_ver=Z39.88-2003&rfr_id=ori:rid:crossref.org&rfr_dat=cr_pub%20%200pubmed,CC-BY-NC-SA-4.0,,original_label_requires_clarification,Mus musculus,Spatial Transcriptomics,Spinal cord,True,227dee02cc0b10dc78e006dc1805a761430b7b9d929c9b6e8ed4f6ccdaeb48a2
NCBI433,MahmoodLab/hest,MahmoodLab/hest:st/NCBI433.h5ad,8b42ca7f80bc475644ac9a520bba7b9cccbce10d,local Hugging Face download receipt,st/NCBI433.h5ad,https://huggingface.co/datasets/MahmoodLab/hest/resolve/8b42ca7f80bc475644ac9a520bba7b9cccbce10d/st/NCBI433.h5ad,c147def71b99a08d9172979a8a655925b8567305389d329ddc1b4139e0e96042,c147def71b99a08d9172979a8a655925b8567305389d329ddc1b4139e0e96042,True,,,not_explicit_in_available_metadata,https://www.ncbi.nlm.nih.gov/pmc/articles/PMC9628215/,,,CC-BY-NC-SA-4.0,CC BY,provider_label_retained_not_individual_legal_clearance,Mus musculus,Visium,Eye,True,00e3e336da2beda7e530d702f9404e4b3a500b7556b3bccaa37622b5c75cad30
NCBI434,MahmoodLab/hest,MahmoodLab/hest:st/NCBI434.h5ad,8b42ca7f80bc475644ac9a520bba7b9cccbce10d,local Hugging Face download receipt,st/NCBI434.h5ad,https://huggingface.co/datasets/MahmoodLab/hest/resolve/8b42ca7f80bc475644ac9a520bba7b9cccbce10d/st/NCBI434.h5ad,ce707630ac023a54cc430336c32294df4e1247794b3a4b60537e73d5a050661a,ce707630ac023a54cc430336c32294df4e1247794b3a4b60537e73d5a050661a,True,,,not_explicit_in_available_metadata,https://www.ncbi.nlm.nih.gov/pmc/articles/PMC9628215/,,,CC-BY-NC-SA-4.0,CC BY,provider_label_retained_not_individual_legal_clearance,Mus musculus,Visium,Eye,True,619cfb3fb88493afd4416e2eefac624c22322d938e8f99b42aae3f4f17443bb4
NCBI435,MahmoodLab/hest,MahmoodLab/hest:st/NCBI435.h5ad,8b42ca7f80bc475644ac9a520bba7b9cccbce10d,local Hugging Face download receipt,st/NCBI435.h5ad,https://huggingface.co/datasets/MahmoodLab/hest/resolve/8b42ca7f80bc475644ac9a520bba7b9cccbce10d/st/NCBI435.h5ad,b2571dd0eca8b8f581fa94fa52e05f62b761647eb6fe5a9364f7fa09e005c41c,b2571dd0eca8b8f581fa94fa52e05f62b761647eb6fe5a9364f7fa09e005c41c,True,,,not_explicit_in_available_metadata,https://www.ncbi.nlm.nih.gov/pmc/articles/PMC9628215/,,,CC-BY-NC-SA-4.0,CC BY,provider_label_retained_not_individual_legal_clearance,Mus musculus,Visium,Eye,True,71056882fbde56922e99c7436f927d10baa1b18dabf5b595d0aed6e7e9576bc3
NCBI436,MahmoodLab/hest,MahmoodLab/hest:st/NCBI436.h5ad,8b42ca7f80bc475644ac9a520bba7b9cccbce10d,local Hugging Face download receipt,st/NCBI436.h5ad,https://huggingface.co/datasets/MahmoodLab/hest/resolve/8b42ca7f80bc475644ac9a520bba7b9cccbce10d/st/NCBI436.h5ad,6757281508609e7898183b82c7879a8adaaf2608cf90bb166e52cee7919de1fc,6757281508609e7898183b82c7879a8adaaf2608cf90bb166e52cee7919de1fc,True,,,not_explicit_in_available_metadata,https://www.ncbi.nlm.nih.gov/pmc/articles/PMC9628215/,,,CC-BY-NC-SA-4.0,CC BY,provider_label_retained_not_individual_legal_clearance,Mus musculus,Visium,Eye,True,7a3c3dc0ac18af5476a9b83843a01ffaa356a3761952d4471d23be94092ffd59
NCBI437,MahmoodLab/hest,MahmoodLab/hest:st/NCBI437.h5ad,8b42ca7f80bc475644ac9a520bba7b9cccbce10d,local Hugging Face download receipt,st/NCBI437.h5ad,https://huggingface.co/datasets/MahmoodLab/hest/resolve/8b42ca7f80bc475644ac9a520bba7b9cccbce10d/st/NCBI437.h5ad,16889bd05d8ec599eafe9bf06ac889194a9b7cb22a4274f7a8375ef4656ed3b2,16889bd05d8ec599eafe9bf06ac889194a9b7cb22a4274f7a8375ef4656ed3b2,True,,,not_explicit_in_available_metadata,https://www.nature.com/articles/s41586-022-05385-7,,,CC-BY-NC-SA-4.0,CC BY 4.0,provider_label_retained_not_individual_legal_clearance,Mus musculus,Visium,Spinal cord,True,6fd87bf73200cfc672129139a0d3f78b4cb5bc22f51108e6561b97c56528cea6
NCBI438,MahmoodLab/hest,MahmoodLab/hest:st/NCBI438.h5ad,8b42ca7f80bc475644ac9a520bba7b9cccbce10d,local Hugging Face download receipt,st/NCBI438.h5ad,https://huggingface.co/datasets/MahmoodLab/hest/resolve/8b42ca7f80bc475644ac9a520bba7b9cccbce10d/st/NCBI438.h5ad,bdcec28d8b41a211e2fc37de84f5a742da7b3d1a81b6910dd9ba5953a65ae69a,bdcec28d8b41a211e2fc37de84f5a742da7b3d1a81b6910dd9ba5953a65ae69a,True,,,not_explicit_in_available_metadata,https://www.nature.com/articles/s41586-022-05385-7,,,CC-BY-NC-SA-4.0,CC BY 4.0,provider_label_retained_not_individual_legal_clearance,Mus musculus,Visium,Spinal cord,True,c6b3046d94ad366c7a5d6e8773cb8e61c07d272e3aab8f7ec58384edb982f7e8
NCBI439,MahmoodLab/hest,MahmoodLab/hest:st/NCBI439.h5ad,8b42ca7f80bc475644ac9a520bba7b9cccbce10d,local Hugging Face download receipt,st/NCBI439.h5ad,https://huggingface.co/datasets/MahmoodLab/hest/resolve/8b42ca7f80bc475644ac9a520bba7b9cccbce10d/st/NCBI439.h5ad,d3f07ff4cf1eda511e1b04c4cbcf1e421f8d1610edc2e00e55a2717482459275,d3f07ff4cf1eda511e1b04c4cbcf1e421f8d1610edc2e00e55a2717482459275,True,,,not_explicit_in_available_metadata,https://www.nature.com/articles/s41586-022-05385-7,,,CC-BY-NC-SA-4.0,CC BY 4.0,provider_label_retained_not_individual_legal_clearance,Mus musculus,Visium,Spinal cord,True,97c2198f63ec4cfbd72015dfa9b3aca6fa9a555a785e9900747b8270209660f0
NCBI44,MahmoodLab/hest,MahmoodLab/hest:st/NCBI44.h5ad,8b42ca7f80bc475644ac9a520bba7b9cccbce10d,local Hugging Face download receipt,st/NCBI44.h5ad,https://huggingface.co/datasets/MahmoodLab/hest/resolve/8b42ca7f80bc475644ac9a520bba7b9cccbce10d/st/NCBI44.h5ad,b2be42374f2a5b29f5fafec44a50c149bcef111169b72f09a75cb5faf5866bfa,b2be42374f2a5b29f5fafec44a50c149bcef111169b72f09a75cb5faf5866bfa,True,,,not_explicit_in_available_metadata,https://www.science.org/doi/10.1126/science.aav9776?url_ver=Z39.88-2003&rfr_id=ori:rid:crossref.org&rfr_dat=cr_pub%20%200pubmed,,10.1126/science.aav9776?url_ver=Z39.88-2003&rfr_id=ori:rid:crossref.org&rfr_dat=cr_pub%20%200pubmed,CC-BY-NC-SA-4.0,,original_label_requires_clarification,Mus musculus,Spatial Transcriptomics,Spinal cord,True,9ca1d0abdcd67b9f12ec040da2aed08c2f444ece555643b300b4dd4449e70ad3
NCBI441,MahmoodLab/hest,MahmoodLab/hest:st/NCBI441.h5ad,8b42ca7f80bc475644ac9a520bba7b9cccbce10d,local Hugging Face download receipt,st/NCBI441.h5ad,https://huggingface.co/datasets/MahmoodLab/hest/resolve/8b42ca7f80bc475644ac9a520bba7b9cccbce10d/st/NCBI441.h5ad,2bbcf2bcb1f4b37dcf443cf09c924dcce9c581ebfe23351e05c343f6ec69c37e,2bbcf2bcb1f4b37dcf443cf09c924dcce9c581ebfe23351e05c343f6ec69c37e,True,,,not_explicit_in_available_metadata,https://www.nature.com/articles/s41586-022-05385-7,,,CC-BY-NC-SA-4.0,CC BY 4.0,provider_label_retained_not_individual_legal_clearance,Mus musculus,Visium,Spinal cord,True,2f27a242b2665bd8f665f96210f1b489dabff533e0fb99fa6a294ca7a7234241
NCBI442,MahmoodLab/hest,MahmoodLab/hest:st/NCBI442.h5ad,8b42ca7f80bc475644ac9a520bba7b9cccbce10d,local Hugging Face download receipt,st/NCBI442.h5ad,https://huggingface.co/datasets/MahmoodLab/hest/resolve/8b42ca7f80bc475644ac9a520bba7b9cccbce10d/st/NCBI442.h5ad,bcb52292c4751554e1b1b30875a7a0cd904620ecc0810c4f517a298557237d32,bcb52292c4751554e1b1b30875a7a0cd904620ecc0810c4f517a298557237d32,True,,,not_explicit_in_available_metadata,https://www.nature.com/articles/s41586-022-05385-7,,,CC-BY-NC-SA-4.0,CC BY 4.0,provider_label_retained_not_individual_legal_clearance,Mus musculus,Visium,Spinal cord,True,1e202e74e53ae4dfba25a2544cf21682f273ac9c792d7248f96197e91c4e5736
NCBI443,MahmoodLab/hest,MahmoodLab/hest:st/NCBI443.h5ad,8b42ca7f80bc475644ac9a520bba7b9cccbce10d,local Hugging Face download receipt,st/NCBI443.h5ad,https://huggingface.co/datasets/MahmoodLab/hest/resolve/8b42ca7f80bc475644ac9a520bba7b9cccbce10d/st/NCBI443.h5ad,fd9920c4fdb9a3796b8b04a17675e1da0335319ed21ac99d88292f76379a4de9,fd9920c4fdb9a3796b8b04a17675e1da0335319ed21ac99d88292f76379a4de9,True,,,not_explicit_in_available_metadata,https://www.nature.com/articles/s41586-022-05385-7,,,CC-BY-NC-SA-4.0,CC BY 4.0,provider_label_retained_not_individual_legal_clearance,Mus musculus,Visium,Spinal cord,True,2ef8318e26c98ae7e53deacf02b781b65bbfd0661e61f1c53ff09822f5973756
NCBI444,MahmoodLab/hest,MahmoodLab/hest:st/NCBI444.h5ad,8b42ca7f80bc475644ac9a520bba7b9cccbce10d,local Hugging Face download receipt,st/NCBI444.h5ad,https://huggingface.co/datasets/MahmoodLab/hest/resolve/8b42ca7f80bc475644ac9a520bba7b9cccbce10d/st/NCBI444.h5ad,a3e8660c8a3d9f3605c0d4dcc2192f7249023fce08cfdd1c6cc2719c0840b95a,a3e8660c8a3d9f3605c0d4dcc2192f7249023fce08cfdd1c6cc2719c0840b95a,True,,,not_explicit_in_available_metadata,https://www.nature.com/articles/s41586-022-05385-7,,,CC-BY-NC-SA-4.0,CC BY 4.0,provider_label_retained_not_individual_legal_clearance,Mus musculus,Visium,Spinal cord,True,0b19ce06784851fc0cf5bd5daae611bf469cdacac704cb38304a6833acf98b76
NCBI445,MahmoodLab/hest,MahmoodLab/hest:st/NCBI445.h5ad,8b42ca7f80bc475644ac9a520bba7b9cccbce10d,local Hugging Face download receipt,st/NCBI445.h5ad,https://huggingface.co/datasets/MahmoodLab/hest/resolve/8b42ca7f80bc475644ac9a520bba7b9cccbce10d/st/NCBI445.h5ad,8432dded68df8dc7f239aa03857a777951ad2e718236b2e61255165c836af750,8432dded68df8dc7f239aa03857a777951ad2e718236b2e61255165c836af750,True,,,not_explicit_in_available_metadata,https://www.nature.com/articles/s41586-022-05385-7,,,CC-BY-NC-SA-4.0,CC BY 4.0,provider_label_retained_not_individual_legal_clearance,Mus musculus,Visium,Spinal cord,True,5b09903424d4d4eb275324b175d4b2616cc18e1405a355f1914333511693cc93
NCBI446,MahmoodLab/hest,MahmoodLab/hest:st/NCBI446.h5ad,8b42ca7f80bc475644ac9a520bba7b9cccbce10d,local Hugging Face download receipt,st/NCBI446.h5ad,https://huggingface.co/datasets/MahmoodLab/hest/resolve/8b42ca7f80bc475644ac9a520bba7b9cccbce10d/st/NCBI446.h5ad,52a2b494d2d39368e61d15160e05e0182a68f69fded4d7ca3da3dff8b744047a,52a2b494d2d39368e61d15160e05e0182a68f69fded4d7ca3da3dff8b744047a,True,,,not_explicit_in_available_metadata,https://www.nature.com/articles/s41586-022-05385-7,,,CC-BY-NC-SA-4.0,CC BY 4.0,provider_label_retained_not_individual_legal_clearance,Mus musculus,Visium,Spinal cord,True,cbb77b6c6706843f7b3b07f43bfc93846669bc1dedb7031608e4339b9fcf1bf3
NCBI447,MahmoodLab/hest,MahmoodLab/hest:st/NCBI447.h5ad,8b42ca7f80bc475644ac9a520bba7b9cccbce10d,local Hugging Face download receipt,st/NCBI447.h5ad,https://huggingface.co/datasets/MahmoodLab/hest/resolve/8b42ca7f80bc475644ac9a520bba7b9cccbce10d/st/NCBI447.h5ad,09c0fb1363706de4801347e8dea6caa44ef4f27ac002a1a36c9cf6b14f720f52,09c0fb1363706de4801347e8dea6caa44ef4f27ac002a1a36c9cf6b14f720f52,True,,,not_explicit_in_available_metadata,https://www.nature.com/articles/s41586-022-05385-7,,,CC-BY-NC-SA-4.0,CC BY 4.0,provider_label_retained_not_individual_legal_clearance,Mus musculus,Visium,Spinal cord,True,52088d877dc16990fbdc5ab27946339b6ea96ac5bdb05edc1227ab405a937176
NCBI448,MahmoodLab/hest,MahmoodLab/hest:st/NCBI448.h5ad,8b42ca7f80bc475644ac9a520bba7b9cccbce10d,local Hugging Face download receipt,st/NCBI448.h5ad,https://huggingface.co/datasets/MahmoodLab/hest/resolve/8b42ca7f80bc475644ac9a520bba7b9cccbce10d/st/NCBI448.h5ad,6e50077e184dd97c1e5ce581218d5cce7062d2c44be51e6aa85ad6af5d471027,6e50077e184dd97c1e5ce581218d5cce7062d2c44be51e6aa85ad6af5d471027,True,,,not_explicit_in_available_metadata,https://www.nature.com/articles/s41586-022-05385-7,,,CC-BY-NC-SA-4.0,CC BY 4.0,provider_label_retained_not_individual_legal_clearance,Mus musculus,Visium,Spinal cord,True,345ac5b9e9ec0634fe1e1ee634616b267688cb5b140c182161491c74553f7fd6
NCBI45,MahmoodLab/hest,MahmoodLab/hest:st/NCBI45.h5ad,8b42ca7f80bc475644ac9a520bba7b9cccbce10d,local Hugging Face download receipt,st/NCBI45.h5ad,https://huggingface.co/datasets/MahmoodLab/hest/resolve/8b42ca7f80bc475644ac9a520bba7b9cccbce10d/st/NCBI45.h5ad,e0406120259bcc8c686b5b9a021da53108385a4273bab796ced7bbf520744bb4,e0406120259bcc8c686b5b9a021da53108385a4273bab796ced7bbf520744bb4,True,,,not_explicit_in_available_metadata,https://www.science.org/doi/10.1126/science.aav9776?url_ver=Z39.88-2003&rfr_id=ori:rid:crossref.org&rfr_dat=cr_pub%20%200pubmed,,10.1126/science.aav9776?url_ver=Z39.88-2003&rfr_id=ori:rid:crossref.org&rfr_dat=cr_pub%20%200pubmed,CC-BY-NC-SA-4.0,,original_label_requires_clarification,Mus musculus,Spatial Transcriptomics,Spinal cord,True,0d2ef785522fb57ca60067f67fa565388592dcdec87d7c33c683357ee06ac824
NCBI450,MahmoodLab/hest,MahmoodLab/hest:st/NCBI450.h5ad,8b42ca7f80bc475644ac9a520bba7b9cccbce10d,local Hugging Face download receipt,st/NCBI450.h5ad,https://huggingface.co/datasets/MahmoodLab/hest/resolve/8b42ca7f80bc475644ac9a520bba7b9cccbce10d/st/NCBI450.h5ad,0ed058d05223d858c7da4dfaf573c63c9ec2499a3f135f464352da3b2c4fcaa7,0ed058d05223d858c7da4dfaf573c63c9ec2499a3f135f464352da3b2c4fcaa7,True,,,not_explicit_in_available_metadata,https://www.nature.com/articles/s41586-022-05385-7,,,CC-BY-NC-SA-4.0,CC BY 4.0,provider_label_retained_not_individual_legal_clearance,Mus musculus,Visium,Spinal cord,True,8b7b9149e068f0244d166ccdd6485e65be4414b98272f718a971ffc88071fc5b
NCBI451,MahmoodLab/hest,MahmoodLab/hest:st/NCBI451.h5ad,8b42ca7f80bc475644ac9a520bba7b9cccbce10d,local Hugging Face download receipt,st/NCBI451.h5ad,https://huggingface.co/datasets/MahmoodLab/hest/resolve/8b42ca7f80bc475644ac9a520bba7b9cccbce10d/st/NCBI451.h5ad,795d266f0abf6fc7ac24d37a123344507f59970afb0b868b5f98381314a93fb1,795d266f0abf6fc7ac24d37a123344507f59970afb0b868b5f98381314a93fb1,True,,,not_explicit_in_available_metadata,https://www.nature.com/articles/s41586-022-05385-7,,,CC-BY-NC-SA-4.0,CC BY 4.0,provider_label_retained_not_individual_legal_clearance,Mus musculus,Visium,Spinal cord,True,cfc3cb721c15a34d2ec275e97dabbd6887fe7e4a1aad111423fb81f8fe99c189
NCBI452,MahmoodLab/hest,MahmoodLab/hest:st/NCBI452.h5ad,8b42ca7f80bc475644ac9a520bba7b9cccbce10d,local Hugging Face download receipt,st/NCBI452.h5ad,https://huggingface.co/datasets/MahmoodLab/hest/resolve/8b42ca7f80bc475644ac9a520bba7b9cccbce10d/st/NCBI452.h5ad,37c7c1583cafba7d50fcb901e2293a4cdd89c162d1f2ad13dd5fca921e314cb3,37c7c1583cafba7d50fcb901e2293a4cdd89c162d1f2ad13dd5fca921e314cb3,True,,,not_explicit_in_available_metadata,https://www.nature.com/articles/s41586-022-05385-7,,,CC-BY-NC-SA-4.0,CC BY 4.0,provider_label_retained_not_individual_legal_clearance,Mus musculus,Visium,Spinal cord,True,075966aa625d1cbadb085012c599002607a72a409055ab6f560d0ad5a744ea80
NCBI46,MahmoodLab/hest,MahmoodLab/hest:st/NCBI46.h5ad,8b42ca7f80bc475644ac9a520bba7b9cccbce10d,local Hugging Face download receipt,st/NCBI46.h5ad,https://huggingface.co/datasets/MahmoodLab/hest/resolve/8b42ca7f80bc475644ac9a520bba7b9cccbce10d/st/NCBI46.h5ad,18f7bac6deb11e77cc21395e1809a09041424e696858d2e1f491340c01fbe166,18f7bac6deb11e77cc21395e1809a09041424e696858d2e1f491340c01fbe166,True,,,not_explicit_in_available_metadata,https://www.science.org/doi/10.1126/science.aav9776?url_ver=Z39.88-2003&rfr_id=ori:rid:crossref.org&rfr_dat=cr_pub%20%200pubmed,,10.1126/science.aav9776?url_ver=Z39.88-2003&rfr_id=ori:rid:crossref.org&rfr_dat=cr_pub%20%200pubmed,CC-BY-NC-SA-4.0,,original_label_requires_clarification,Mus musculus,Spatial Transcriptomics,Spinal cord,True,cde8be200511aa68bfa12e795dee50cb8d8fcdb1e5e50fe5b9949dd082da1fa0
NCBI461,MahmoodLab/hest,MahmoodLab/hest:st/NCBI461.h5ad,8b42ca7f80bc475644ac9a520bba7b9cccbce10d,local Hugging Face download receipt,st/NCBI461.h5ad,https://huggingface.co/datasets/MahmoodLab/hest/resolve/8b42ca7f80bc475644ac9a520bba7b9cccbce10d/st/NCBI461.h5ad,f534a126cad1311f530a46d7c98062e75896ad674ce0068542b4280907731b9d,f534a126cad1311f530a46d7c98062e75896ad674ce0068542b4280907731b9d,True,,,not_explicit_in_available_metadata,https://www.nature.com/articles/s41467-022-35319-w,,,CC-BY-NC-SA-4.0,CC BY 4.0,provider_label_retained_not_individual_legal_clearance,Homo sapiens,Visium,Skin,True,d28217377d2bb3027a3484f7284dcd6504d74fef4119ba14ff8ed3f011597508
NCBI462,MahmoodLab/hest,MahmoodLab/hest:st/NCBI462.h5ad,8b42ca7f80bc475644ac9a520bba7b9cccbce10d,local Hugging Face download receipt,st/NCBI462.h5ad,https://huggingface.co/datasets/MahmoodLab/hest/resolve/8b42ca7f80bc475644ac9a520bba7b9cccbce10d/st/NCBI462.h5ad,012369a63683cefdef83e0300db961aeeabb9f3953e39e715d677fe0bb476368,012369a63683cefdef83e0300db961aeeabb9f3953e39e715d677fe0bb476368,True,,,not_explicit_in_available_metadata,https://www.nature.com/articles/s41467-022-35319-w,,,CC-BY-NC-SA-4.0,CC BY 4.0,provider_label_retained_not_individual_legal_clearance,Homo sapiens,Visium,Skin,True,e610ab2356d1283a435ae51cc431482805e0efa4761dd07b41a68b0fe7a536b4
NCBI463,MahmoodLab/hest,MahmoodLab/hest:st/NCBI463.h5ad,8b42ca7f80bc475644ac9a520bba7b9cccbce10d,local Hugging Face download receipt,st/NCBI463.h5ad,https://huggingface.co/datasets/MahmoodLab/hest/resolve/8b42ca7f80bc475644ac9a520bba7b9cccbce10d/st/NCBI463.h5ad,92a39f94a1473823eb14cbf22bbbe48bed57933c5b79f143a299d83bfeff7ea4,92a39f94a1473823eb14cbf22bbbe48bed57933c5b79f143a299d83bfeff7ea4,True,,,not_explicit_in_available_metadata,https://www.nature.com/articles/s41467-022-35319-w,,,CC-BY-NC-SA-4.0,CC BY 4.0,provider_label_retained_not_individual_legal_clearance,Homo sapiens,Visium,Skin,True,d44829f72300ff062e318aff597979506e1235f0e84269a1c5835533322c0f6a
NCBI464,MahmoodLab/hest,MahmoodLab/hest:st/NCBI464.h5ad,8b42ca7f80bc475644ac9a520bba7b9cccbce10d,local Hugging Face download receipt,st/NCBI464.h5ad,https://huggingface.co/datasets/MahmoodLab/hest/resolve/8b42ca7f80bc475644ac9a520bba7b9cccbce10d/st/NCBI464.h5ad,20c3d0258a71acd213379124d708138e969ebc5e3eff1de473252ebc8c75347c,20c3d0258a71acd213379124d708138e969ebc5e3eff1de473252ebc8c75347c,True,,,not_explicit_in_available_metadata,https://www.nature.com/articles/s41467-022-35319-w,,,CC-BY-NC-SA-4.0,CC BY 4.0,provider_label_retained_not_individual_legal_clearance,Homo sapiens,Visium,Skin,True,019edf19094311a2fd2583473992ac43ecbbd79beca2d9ffc5238a67cb87ce28
NCBI465,MahmoodLab/hest,MahmoodLab/hest:st/NCBI465.h5ad,8b42ca7f80bc475644ac9a520bba7b9cccbce10d,local Hugging Face download receipt,st/NCBI465.h5ad,https://huggingface.co/datasets/MahmoodLab/hest/resolve/8b42ca7f80bc475644ac9a520bba7b9cccbce10d/st/NCBI465.h5ad,140e732e7f7ef13d9057da52a3d5ad014d0748abf42a55a8b2ecaefdb0f7dad3,140e732e7f7ef13d9057da52a3d5ad014d0748abf42a55a8b2ecaefdb0f7dad3,True,,,not_explicit_in_available_metadata,https://www.nature.com/articles/s41467-022-35319-w,,,CC-BY-NC-SA-4.0,CC BY 4.0,provider_label_retained_not_individual_legal_clearance,Homo sapiens,Visium,Skin,True,6e8f2d181f11a7fb5bf26f0c210a2ed4487c40cfc5d2a48eaaf3450a2793b579
NCBI466,MahmoodLab/hest,MahmoodLab/hest:st/NCBI466.h5ad,8b42ca7f80bc475644ac9a520bba7b9cccbce10d,local Hugging Face download receipt,st/NCBI466.h5ad,https://huggingface.co/datasets/MahmoodLab/hest/resolve/8b42ca7f80bc475644ac9a520bba7b9cccbce10d/st/NCBI466.h5ad,9c410ab61a2608b96ff0dea641577b720349fe5a7abfe443f0981bd9f8eabf49,9c410ab61a2608b96ff0dea641577b720349fe5a7abfe443f0981bd9f8eabf49,True,,,not_explicit_in_available_metadata,https://www.nature.com/articles/s41467-022-35319-w,,,CC-BY-NC-SA-4.0,CC BY 4.0,provider_label_retained_not_individual_legal_clearance,Homo sapiens,Visium,Skin,True,c4451f4cb7166d5586c9f880be75e6bfeafacb25a6614b29db300ef84d2285ae
NCBI467,MahmoodLab/hest,MahmoodLab/hest:st/NCBI467.h5ad,8b42ca7f80bc475644ac9a520bba7b9cccbce10d,local Hugging Face download receipt,st/NCBI467.h5ad,https://huggingface.co/datasets/MahmoodLab/hest/resolve/8b42ca7f80bc475644ac9a520bba7b9cccbce10d/st/NCBI467.h5ad,772b8f9fbc719ba8d9ca663aeec15e995cee32db6b9f03bb13d52e056e011758,772b8f9fbc719ba8d9ca663aeec15e995cee32db6b9f03bb13d52e056e011758,True,,,not_explicit_in_available_metadata,https://www.nature.com/articles/s41467-022-35319-w,,,CC-BY-NC-SA-4.0,CC BY 4.0,provider_label_retained_not_individual_legal_clearance,Homo sapiens,Visium,Skin,True,20c5027b3d345aa618798c37447cbdd7bd6670dc0f317ac99d6bfdc907404181
NCBI469,MahmoodLab/hest,MahmoodLab/hest:st/NCBI469.h5ad,8b42ca7f80bc475644ac9a520bba7b9cccbce10d,local Hugging Face download receipt,st/NCBI469.h5ad,https://huggingface.co/datasets/MahmoodLab/hest/resolve/8b42ca7f80bc475644ac9a520bba7b9cccbce10d/st/NCBI469.h5ad,d691ced747e01b65090377ef355b1b66eacfafab3782a34f53616bc0ee828335,d691ced747e01b65090377ef355b1b66eacfafab3782a34f53616bc0ee828335,True,,,not_explicit_in_available_metadata,https://www.nature.com/articles/s41467-022-35319-w,,,CC-BY-NC-SA-4.0,CC BY 4.0,provider_label_retained_not_individual_legal_clearance,Homo sapiens,Visium,Skin,True,0e1667c81692b99f9a24dcb101d5c721d34ec52f292576a8bcdcd30432cf1ce1
NCBI47,MahmoodLab/hest,MahmoodLab/hest:st/NCBI47.h5ad,8b42ca7f80bc475644ac9a520bba7b9cccbce10d,local Hugging Face download receipt,st/NCBI47.h5ad,https://huggingface.co/datasets/MahmoodLab/hest/resolve/8b42ca7f80bc475644ac9a520bba7b9cccbce10d/st/NCBI47.h5ad,d2281d5fab99ee6be9d832ed1fc2f461d299bac966618493cd5ff61381f6ae47,d2281d5fab99ee6be9d832ed1fc2f461d299bac966618493cd5ff61381f6ae47,True,,,not_explicit_in_available_metadata,https://www.science.org/doi/10.1126/science.aav9776?url_ver=Z39.88-2003&rfr_id=ori:rid:crossref.org&rfr_dat=cr_pub%20%200pubmed,,10.1126/science.aav9776?url_ver=Z39.88-2003&rfr_id=ori:rid:crossref.org&rfr_dat=cr_pub%20%200pubmed,CC-BY-NC-SA-4.0,,original_label_requires_clarification,Mus musculus,Spatial Transcriptomics,Spinal cord,True,aad0dc94329297605ca67b719921f2c7be003d00d7a9e9ceb2921d89032ae7ef
NCBI470,MahmoodLab/hest,MahmoodLab/hest:st/NCBI470.h5ad,8b42ca7f80bc475644ac9a520bba7b9cccbce10d,local Hugging Face download receipt,st/NCBI470.h5ad,https://huggingface.co/datasets/MahmoodLab/hest/resolve/8b42ca7f80bc475644ac9a520bba7b9cccbce10d/st/NCBI470.h5ad,8768b8d03fbf219179bc8e03eb46d67f8ed798dc2cec356f621ba3665d8e9619,8768b8d03fbf219179bc8e03eb46d67f8ed798dc2cec356f621ba3665d8e9619,True,,,not_explicit_in_available_metadata,https://www.nature.com/articles/s41467-022-35319-w,,,CC-BY-NC-SA-4.0,CC BY 4.0,provider_label_retained_not_individual_legal_clearance,Homo sapiens,Visium,Skin,True,26814baf8f3df5534ff0b2d16ada035f700648d8e03d679d3744d0e3e8d9e04a
NCBI471,MahmoodLab/hest,MahmoodLab/hest:st/NCBI471.h5ad,8b42ca7f80bc475644ac9a520bba7b9cccbce10d,local Hugging Face download receipt,st/NCBI471.h5ad,https://huggingface.co/datasets/MahmoodLab/hest/resolve/8b42ca7f80bc475644ac9a520bba7b9cccbce10d/st/NCBI471.h5ad,ab7740371fc22db277726aca839d49ad2242093e7105b0b92296795eb3d31974,ab7740371fc22db277726aca839d49ad2242093e7105b0b92296795eb3d31974,True,,,not_explicit_in_available_metadata,https://www.nature.com/articles/s41467-022-35319-w,,,CC-BY-NC-SA-4.0,CC BY 4.0,provider_label_retained_not_individual_legal_clearance,Homo sapiens,Visium,Skin,True,014f0043b328b174c7caeebaf8412a04373f7f99f0037e666d42070ceb31db9b
NCBI472,MahmoodLab/hest,MahmoodLab/hest:st/NCBI472.h5ad,8b42ca7f80bc475644ac9a520bba7b9cccbce10d,local Hugging Face download receipt,st/NCBI472.h5ad,https://huggingface.co/datasets/MahmoodLab/hest/resolve/8b42ca7f80bc475644ac9a520bba7b9cccbce10d/st/NCBI472.h5ad,d3cd882ed2764a244f4b3b110ba63d65ee8e4b966eccc3eb7c4fdf006da8c93b,d3cd882ed2764a244f4b3b110ba63d65ee8e4b966eccc3eb7c4fdf006da8c93b,True,,,not_explicit_in_available_metadata,https://www.nature.com/articles/s41467-022-35319-w,,,CC-BY-NC-SA-4.0,CC BY 4.0,provider_label_retained_not_individual_legal_clearance,Homo sapiens,Visium,Skin,True,d07aefcb0c3f807dff8cae6ea4d7d4d33e932054ddf3d4abc161dddcce818f44
NCBI473,MahmoodLab/hest,MahmoodLab/hest:st/NCBI473.h5ad,8b42ca7f80bc475644ac9a520bba7b9cccbce10d,local Hugging Face download receipt,st/NCBI473.h5ad,https://huggingface.co/datasets/MahmoodLab/hest/resolve/8b42ca7f80bc475644ac9a520bba7b9cccbce10d/st/NCBI473.h5ad,abd9361860725b69950b4d4aafd170df132e2263ae50798a4afe181066b6ce85,abd9361860725b69950b4d4aafd170df132e2263ae50798a4afe181066b6ce85,True,,,not_explicit_in_available_metadata,https://www.nature.com/articles/s41467-022-35319-w,,,CC-BY-NC-SA-4.0,CC BY 4.0,provider_label_retained_not_individual_legal_clearance,Homo sapiens,Visium,Skin,True,431016eb737ee9f2e961ba159fbe710318f8d4f33cedf7c508f47b77e0a39889
NCBI474,MahmoodLab/hest,MahmoodLab/hest:st/NCBI474.h5ad,8b42ca7f80bc475644ac9a520bba7b9cccbce10d,local Hugging Face download receipt,st/NCBI474.h5ad,https://huggingface.co/datasets/MahmoodLab/hest/resolve/8b42ca7f80bc475644ac9a520bba7b9cccbce10d/st/NCBI474.h5ad,e9364f9135394b99abda2ef507b28f7f9c1d66fc344a783f6dea598fe53773fe,e9364f9135394b99abda2ef507b28f7f9c1d66fc344a783f6dea598fe53773fe,True,,,not_explicit_in_available_metadata,https://www.nature.com/articles/s41467-022-35319-w,,,CC-BY-NC-SA-4.0,CC BY 4.0,provider_label_retained_not_individual_legal_clearance,Homo sapiens,Visium,Skin,True,5bc2585565b895e351c54939249e93f4ef30f4264b0f4b18f2812658569c9b08
NCBI475,MahmoodLab/hest,MahmoodLab/hest:st/NCBI475.h5ad,8b42ca7f80bc475644ac9a520bba7b9cccbce10d,local Hugging Face download receipt,st/NCBI475.h5ad,https://huggingface.co/datasets/MahmoodLab/hest/resolve/8b42ca7f80bc475644ac9a520bba7b9cccbce10d/st/NCBI475.h5ad,756368e11440ba6a221f815ac2def516502f118cb304956015af187179c3b1ec,756368e11440ba6a221f815ac2def516502f118cb304956015af187179c3b1ec,True,,,not_explicit_in_available_metadata,https://www.nature.com/articles/s41467-022-35319-w,,,CC-BY-NC-SA-4.0,CC BY 4.0,provider_label_retained_not_individual_legal_clearance,Homo sapiens,Visium,Skin,True,b6443c848798ce626f309bac310180f613ec5e436863cfe17fcb423cc15218fe
NCBI476,MahmoodLab/hest,MahmoodLab/hest:st/NCBI476.h5ad,8b42ca7f80bc475644ac9a520bba7b9cccbce10d,local Hugging Face download receipt,st/NCBI476.h5ad,https://huggingface.co/datasets/MahmoodLab/hest/resolve/8b42ca7f80bc475644ac9a520bba7b9cccbce10d/st/NCBI476.h5ad,c2687879e1f4551c755fe27c1479ff680a4d36be3c6f30d2116c13c35f8c7965,c2687879e1f4551c755fe27c1479ff680a4d36be3c6f30d2116c13c35f8c7965,True,,,not_explicit_in_available_metadata,https://www.nature.com/articles/s41467-022-35319-w,,,CC-BY-NC-SA-4.0,CC BY 4.0,provider_label_retained_not_individual_legal_clearance,Homo sapiens,Visium,Skin,True,285835c82845095383e910b96992dc42d92470bb2577623fd4dee4d198d955d2
NCBI477,MahmoodLab/hest,MahmoodLab/hest:st/NCBI477.h5ad,8b42ca7f80bc475644ac9a520bba7b9cccbce10d,local Hugging Face download receipt,st/NCBI477.h5ad,https://huggingface.co/datasets/MahmoodLab/hest/resolve/8b42ca7f80bc475644ac9a520bba7b9cccbce10d/st/NCBI477.h5ad,56bba2fa7181e15bfd097669f70e98d450a78fb24819841f4c43d4bca14d35d4,56bba2fa7181e15bfd097669f70e98d450a78fb24819841f4c43d4bca14d35d4,True,,,not_explicit_in_available_metadata,https://www.nature.com/articles/s41467-022-35319-w,,,CC-BY-NC-SA-4.0,CC BY 4.0,provider_label_retained_not_individual_legal_clearance,Homo sapiens,Visium,Skin,True,31f4402eb2e3c84c3488610644c0f98e4f00ed9c3e2f6dc558dce6ad070fc72c
NCBI478,MahmoodLab/hest,MahmoodLab/hest:st/NCBI478.h5ad,8b42ca7f80bc475644ac9a520bba7b9cccbce10d,local Hugging Face download receipt,st/NCBI478.h5ad,https://huggingface.co/datasets/MahmoodLab/hest/resolve/8b42ca7f80bc475644ac9a520bba7b9cccbce10d/st/NCBI478.h5ad,d33645aede890ac026f7e2a261ac951ee7f042997ac23da436ff9f80306bf973,d33645aede890ac026f7e2a261ac951ee7f042997ac23da436ff9f80306bf973,True,,,not_explicit_in_available_metadata,https://www.nature.com/articles/s41467-022-35319-w,,,CC-BY-NC-SA-4.0,CC BY 4.0,provider_label_retained_not_individual_legal_clearance,Homo sapiens,Visium,Skin,True,c3a9871a600eaac0a3af62ffa4d5350daa687e6118cb47726cadb148efe879d2
NCBI48,MahmoodLab/hest,MahmoodLab/hest:st/NCBI48.h5ad,8b42ca7f80bc475644ac9a520bba7b9cccbce10d,local Hugging Face download receipt,st/NCBI48.h5ad,https://huggingface.co/datasets/MahmoodLab/hest/resolve/8b42ca7f80bc475644ac9a520bba7b9cccbce10d/st/NCBI48.h5ad,261b704432683c6ecb4f66393877c2cccf76895d890effc9deb2a031418758e0,261b704432683c6ecb4f66393877c2cccf76895d890effc9deb2a031418758e0,True,,,not_explicit_in_available_metadata,https://www.science.org/doi/10.1126/science.aav9776?url_ver=Z39.88-2003&rfr_id=ori:rid:crossref.org&rfr_dat=cr_pub%20%200pubmed,,10.1126/science.aav9776?url_ver=Z39.88-2003&rfr_id=ori:rid:crossref.org&rfr_dat=cr_pub%20%200pubmed,CC-BY-NC-SA-4.0,,original_label_requires_clarification,Mus musculus,Spatial Transcriptomics,Spinal cord,True,e6df536c2615be9f69398104e70f061f8f978bc2849a4607c209af51a663ffe8
NCBI480,MahmoodLab/hest,MahmoodLab/hest:st/NCBI480.h5ad,8b42ca7f80bc475644ac9a520bba7b9cccbce10d,local Hugging Face download receipt,st/NCBI480.h5ad,https://huggingface.co/datasets/MahmoodLab/hest/resolve/8b42ca7f80bc475644ac9a520bba7b9cccbce10d/st/NCBI480.h5ad,8fbff7c6bbe8708202e2fa09301d4c0bd7dbbdf93b36df1e263846e8f10baebd,8fbff7c6bbe8708202e2fa09301d4c0bd7dbbdf93b36df1e263846e8f10baebd,True,,,not_explicit_in_available_metadata,https://www.nature.com/articles/s41467-022-35319-w,,,CC-BY-NC-SA-4.0,CC BY 4.0,provider_label_retained_not_individual_legal_clearance,Homo sapiens,Visium,Skin,True,d3aee8e2186a88b4e39ee3d7f249ad5c043da0a2f14976dbadf97307de05837a
NCBI482,MahmoodLab/hest,MahmoodLab/hest:st/NCBI482.h5ad,8b42ca7f80bc475644ac9a520bba7b9cccbce10d,local Hugging Face download receipt,st/NCBI482.h5ad,https://huggingface.co/datasets/MahmoodLab/hest/resolve/8b42ca7f80bc475644ac9a520bba7b9cccbce10d/st/NCBI482.h5ad,58a65d3c2514618e9ae818ed591b1f129cc6f15e62f55203718754c5dc569dbc,58a65d3c2514618e9ae818ed591b1f129cc6f15e62f55203718754c5dc569dbc,True,,,not_explicit_in_available_metadata,https://www.nature.com/articles/s41467-022-35319-w,,,CC-BY-NC-SA-4.0,CC BY 4.0,provider_label_retained_not_individual_legal_clearance,Homo sapiens,Visium,Skin,True,bfbb1d710b8098154ba409e1c0ac8bb6bdfefad09497e4af4f2a4b903bccd21f
NCBI483,MahmoodLab/hest,MahmoodLab/hest:st/NCBI483.h5ad,8b42ca7f80bc475644ac9a520bba7b9cccbce10d,local Hugging Face download receipt,st/NCBI483.h5ad,https://huggingface.co/datasets/MahmoodLab/hest/resolve/8b42ca7f80bc475644ac9a520bba7b9cccbce10d/st/NCBI483.h5ad,9995539d950cfda0c21fa5a0542cfb824845dcca6ae509e440b35d817acd1a37,9995539d950cfda0c21fa5a0542cfb824845dcca6ae509e440b35d817acd1a37,True,,,not_explicit_in_available_metadata,https://www.nature.com/articles/s41467-022-35319-w,,,CC-BY-NC-SA-4.0,CC BY 4.0,provider_label_retained_not_individual_legal_clearance,Homo sapiens,Visium,Skin,True,6719d8f88b6731657f49b1fa3c4f5cec8fb5e5fbab44c167ff2875e15d672a3f
NCBI484,MahmoodLab/hest,MahmoodLab/hest:st/NCBI484.h5ad,8b42ca7f80bc475644ac9a520bba7b9cccbce10d,local Hugging Face download receipt,st/NCBI484.h5ad,https://huggingface.co/datasets/MahmoodLab/hest/resolve/8b42ca7f80bc475644ac9a520bba7b9cccbce10d/st/NCBI484.h5ad,9e72524c8beabe4590a37a7a34375c573b71834d83d50ad42c2519c029725bec,9e72524c8beabe4590a37a7a34375c573b71834d83d50ad42c2519c029725bec,True,,,not_explicit_in_available_metadata,https://www.nature.com/articles/s41467-022-35319-w,,,CC-BY-NC-SA-4.0,CC BY 4.0,provider_label_retained_not_individual_legal_clearance,Homo sapiens,Visium,Skin,True,84f3609ccec496f1340c69ba84e296fb992276fad29b99dbbc43dcc671d84c2d
NCBI485,MahmoodLab/hest,MahmoodLab/hest:st/NCBI485.h5ad,8b42ca7f80bc475644ac9a520bba7b9cccbce10d,local Hugging Face download receipt,st/NCBI485.h5ad,https://huggingface.co/datasets/MahmoodLab/hest/resolve/8b42ca7f80bc475644ac9a520bba7b9cccbce10d/st/NCBI485.h5ad,1e00a9ae21fd00f9365e8022c4da356b58880481385c52bb8d436c08b8836d82,1e00a9ae21fd00f9365e8022c4da356b58880481385c52bb8d436c08b8836d82,True,,,not_explicit_in_available_metadata,https://www.nature.com/articles/s41467-022-35319-w,,,CC-BY-NC-SA-4.0,CC BY 4.0,provider_label_retained_not_individual_legal_clearance,Homo sapiens,Visium,Skin,True,e61e4b9cbf441ed64ce9c80c1c471aa6070f3fc63b99a048cdfad074af5af234
NCBI486,MahmoodLab/hest,MahmoodLab/hest:st/NCBI486.h5ad,8b42ca7f80bc475644ac9a520bba7b9cccbce10d,local Hugging Face download receipt,st/NCBI486.h5ad,https://huggingface.co/datasets/MahmoodLab/hest/resolve/8b42ca7f80bc475644ac9a520bba7b9cccbce10d/st/NCBI486.h5ad,1e099580a24f50bc7f58a5a4d1fe9d9e95a2b7fe264bcc702eedd679a58d641f,1e099580a24f50bc7f58a5a4d1fe9d9e95a2b7fe264bcc702eedd679a58d641f,True,,,not_explicit_in_available_metadata,https://www.nature.com/articles/s41467-022-35319-w,,,CC-BY-NC-SA-4.0,CC BY 4.0,provider_label_retained_not_individual_legal_clearance,Homo sapiens,Visium,Skin,True,02ed20be994de3d78cb811e1d0e354a644a89fa0c1c662d7af8a33f85a3578d5
NCBI487,MahmoodLab/hest,MahmoodLab/hest:st/NCBI487.h5ad,8b42ca7f80bc475644ac9a520bba7b9cccbce10d,local Hugging Face download receipt,st/NCBI487.h5ad,https://huggingface.co/datasets/MahmoodLab/hest/resolve/8b42ca7f80bc475644ac9a520bba7b9cccbce10d/st/NCBI487.h5ad,d8435852ed67be83849cb8437784f1e5c88fbcc80fe2e707a974628068fb84b3,d8435852ed67be83849cb8437784f1e5c88fbcc80fe2e707a974628068fb84b3,True,,,not_explicit_in_available_metadata,https://www.nature.com/articles/s41467-022-35319-w,,,CC-BY-NC-SA-4.0,CC BY 4.0,provider_label_retained_not_individual_legal_clearance,Homo sapiens,Visium,Skin,True,5296ecd17672158b6e82aeac607339b6386018626dd71b5f89391f9e0e1836f7
NCBI488,MahmoodLab/hest,MahmoodLab/hest:st/NCBI488.h5ad,8b42ca7f80bc475644ac9a520bba7b9cccbce10d,local Hugging Face download receipt,st/NCBI488.h5ad,https://huggingface.co/datasets/MahmoodLab/hest/resolve/8b42ca7f80bc475644ac9a520bba7b9cccbce10d/st/NCBI488.h5ad,e93dbb4de3128df2030df681bfb8c625a6dc65090acdcff2aa063441a99fb6d8,e93dbb4de3128df2030df681bfb8c625a6dc65090acdcff2aa063441a99fb6d8,True,,,not_explicit_in_available_metadata,https://www.nature.com/articles/s41467-022-35319-w,,,CC-BY-NC-SA-4.0,CC BY 4.0,provider_label_retained_not_individual_legal_clearance,Homo sapiens,Visium,Skin,True,abc961b6ed5bba975d69d40837f095641f5f64d2fea5e8b348dbdcb60d24e56a
NCBI489,MahmoodLab/hest,MahmoodLab/hest:st/NCBI489.h5ad,8b42ca7f80bc475644ac9a520bba7b9cccbce10d,local Hugging Face download receipt,st/NCBI489.h5ad,https://huggingface.co/datasets/MahmoodLab/hest/resolve/8b42ca7f80bc475644ac9a520bba7b9cccbce10d/st/NCBI489.h5ad,dd39c0c0c2b9bb83215a2ea6a6fb66cc54a844279750e93c645dab98ccb2aba3,dd39c0c0c2b9bb83215a2ea6a6fb66cc54a844279750e93c645dab98ccb2aba3,True,,,not_explicit_in_available_metadata,https://www.nature.com/articles/s41467-022-35319-w,,,CC-BY-NC-SA-4.0,CC BY 4.0,provider_label_retained_not_individual_legal_clearance,Homo sapiens,Visium,Skin,True,0be2dd1b1205631cd272c2c8ea37c324f5b184d1d98af75c0971faae27712b29
NCBI49,MahmoodLab/hest,MahmoodLab/hest:st/NCBI49.h5ad,8b42ca7f80bc475644ac9a520bba7b9cccbce10d,local Hugging Face download receipt,st/NCBI49.h5ad,https://huggingface.co/datasets/MahmoodLab/hest/resolve/8b42ca7f80bc475644ac9a520bba7b9cccbce10d/st/NCBI49.h5ad,b09904467e0b82f786a738931a57494afcb937aab7e6532270e7eaf62ed484ca,b09904467e0b82f786a738931a57494afcb937aab7e6532270e7eaf62ed484ca,True,,,not_explicit_in_available_metadata,https://www.science.org/doi/10.1126/science.aav9776?url_ver=Z39.88-2003&rfr_id=ori:rid:crossref.org&rfr_dat=cr_pub%20%200pubmed,,10.1126/science.aav9776?url_ver=Z39.88-2003&rfr_id=ori:rid:crossref.org&rfr_dat=cr_pub%20%200pubmed,CC-BY-NC-SA-4.0,,original_label_requires_clarification,Mus musculus,Spatial Transcriptomics,Spinal cord,True,a4143a75b725a54c31ae8a4c27a997f791347aac3d954b718c03f01f46e1823a
NCBI490,MahmoodLab/hest,MahmoodLab/hest:st/NCBI490.h5ad,8b42ca7f80bc475644ac9a520bba7b9cccbce10d,local Hugging Face download receipt,st/NCBI490.h5ad,https://huggingface.co/datasets/MahmoodLab/hest/resolve/8b42ca7f80bc475644ac9a520bba7b9cccbce10d/st/NCBI490.h5ad,491c0f9c20fe11ece4378d0b9ec3f20b3f3f2cf4ca56678352af5e00dfa5040d,491c0f9c20fe11ece4378d0b9ec3f20b3f3f2cf4ca56678352af5e00dfa5040d,True,,,not_explicit_in_available_metadata,https://www.nature.com/articles/s41467-022-35319-w,,,CC-BY-NC-SA-4.0,CC BY 4.0,provider_label_retained_not_individual_legal_clearance,Homo sapiens,Visium,Skin,True,783147c4bcb95aef09176d9252bc1e849e23d7d88dc2b95c35489c15f337e2a6
NCBI491,MahmoodLab/hest,MahmoodLab/hest:st/NCBI491.h5ad,8b42ca7f80bc475644ac9a520bba7b9cccbce10d,local Hugging Face download receipt,st/NCBI491.h5ad,https://huggingface.co/datasets/MahmoodLab/hest/resolve/8b42ca7f80bc475644ac9a520bba7b9cccbce10d/st/NCBI491.h5ad,ec7332a8d752b04c608ff750fe543affd6bb4fe9dca963f218347e3782cafba8,ec7332a8d752b04c608ff750fe543affd6bb4fe9dca963f218347e3782cafba8,True,,,not_explicit_in_available_metadata,https://www.nature.com/articles/s41467-022-35319-w,,,CC-BY-NC-SA-4.0,CC BY 4.0,provider_label_retained_not_individual_legal_clearance,Homo sapiens,Visium,Skin,True,9798a2f44f889ce16c30f18e410b5c32472039d78fe0b5c2e38a5a89c6c60537
NCBI492,MahmoodLab/hest,MahmoodLab/hest:st/NCBI492.h5ad,8b42ca7f80bc475644ac9a520bba7b9cccbce10d,local Hugging Face download receipt,st/NCBI492.h5ad,https://huggingface.co/datasets/MahmoodLab/hest/resolve/8b42ca7f80bc475644ac9a520bba7b9cccbce10d/st/NCBI492.h5ad,dc89a722e9b5e101b769b27f4fbaa1b5d84f9fcd5dafb2085c570a9da3ae40e6,dc89a722e9b5e101b769b27f4fbaa1b5d84f9fcd5dafb2085c570a9da3ae40e6,True,,,not_explicit_in_available_metadata,https://www.nature.com/articles/s41467-022-35319-w,,,CC-BY-NC-SA-4.0,CC BY 4.0,provider_label_retained_not_individual_legal_clearance,Homo sapiens,Visium,Skin,True,cf3fb8fb9ca661072802af01a1b801210d8aa55a8701ffa404624df42a86fad1
NCBI493,MahmoodLab/hest,MahmoodLab/hest:st/NCBI493.h5ad,8b42ca7f80bc475644ac9a520bba7b9cccbce10d,local Hugging Face download receipt,st/NCBI493.h5ad,https://huggingface.co/datasets/MahmoodLab/hest/resolve/8b42ca7f80bc475644ac9a520bba7b9cccbce10d/st/NCBI493.h5ad,17b07cea1e412febc79055b15491b3536559de8517326a3b96f2baeaa5a27d2c,17b07cea1e412febc79055b15491b3536559de8517326a3b96f2baeaa5a27d2c,True,,,not_explicit_in_available_metadata,https://www.nature.com/articles/s41467-022-35319-w,,,CC-BY-NC-SA-4.0,CC BY 4.0,provider_label_retained_not_individual_legal_clearance,Homo sapiens,Visium,Skin,True,b09951f0943e9a1f9457e23afeb79ef765c839422f1f13c5c40364f704f0672d
NCBI494,MahmoodLab/hest,MahmoodLab/hest:st/NCBI494.h5ad,8b42ca7f80bc475644ac9a520bba7b9cccbce10d,local Hugging Face download receipt,st/NCBI494.h5ad,https://huggingface.co/datasets/MahmoodLab/hest/resolve/8b42ca7f80bc475644ac9a520bba7b9cccbce10d/st/NCBI494.h5ad,e16ca540729a5e84c57e63e6378c4a5807b3c5ab0e3e5471f24275580574c057,e16ca540729a5e84c57e63e6378c4a5807b3c5ab0e3e5471f24275580574c057,True,,,not_explicit_in_available_metadata,https://www.nature.com/articles/s41467-022-35319-w,,,CC-BY-NC-SA-4.0,CC BY 4.0,provider_label_retained_not_individual_legal_clearance,Homo sapiens,Visium,Skin,True,b24465c91de21163cb8790850de696076febd448b0d21cff1dbc53a9288b8824
NCBI495,MahmoodLab/hest,MahmoodLab/hest:st/NCBI495.h5ad,8b42ca7f80bc475644ac9a520bba7b9cccbce10d,local Hugging Face download receipt,st/NCBI495.h5ad,https://huggingface.co/datasets/MahmoodLab/hest/resolve/8b42ca7f80bc475644ac9a520bba7b9cccbce10d/st/NCBI495.h5ad,946169bc3865828f58431a94844462c2b758a95dafda3cba55f4d59d47931380,946169bc3865828f58431a94844462c2b758a95dafda3cba55f4d59d47931380,True,,,not_explicit_in_available_metadata,https://www.nature.com/articles/s41467-022-35319-w,,,CC-BY-NC-SA-4.0,CC BY 4.0,provider_label_retained_not_individual_legal_clearance,Homo sapiens,Visium,Skin,True,4b83f6287cf4e0c0d18c4950814069a24677a8bcdd11b5eb502fdef2a9137cdd
NCBI496,MahmoodLab/hest,MahmoodLab/hest:st/NCBI496.h5ad,8b42ca7f80bc475644ac9a520bba7b9cccbce10d,local Hugging Face download receipt,st/NCBI496.h5ad,https://huggingface.co/datasets/MahmoodLab/hest/resolve/8b42ca7f80bc475644ac9a520bba7b9cccbce10d/st/NCBI496.h5ad,3a747237f18b09cc54124c14f7a1a9e4dc1145ad98018e58e9d74dc74bd447ff,3a747237f18b09cc54124c14f7a1a9e4dc1145ad98018e58e9d74dc74bd447ff,True,,,not_explicit_in_available_metadata,https://www.nature.com/articles/s41467-022-35319-w,,,CC-BY-NC-SA-4.0,CC BY 4.0,provider_label_retained_not_individual_legal_clearance,Homo sapiens,Visium,Skin,True,043717bf55e87ea49fe4a5c8d91f79219eefe0a25ab439d3885cfe149e04deb9
NCBI497,MahmoodLab/hest,MahmoodLab/hest:st/NCBI497.h5ad,8b42ca7f80bc475644ac9a520bba7b9cccbce10d,local Hugging Face download receipt,st/NCBI497.h5ad,https://huggingface.co/datasets/MahmoodLab/hest/resolve/8b42ca7f80bc475644ac9a520bba7b9cccbce10d/st/NCBI497.h5ad,dab62b35133a4f49203d9826f76f68d1d3e48a96dff2944c8f5b77cc9528ad10,dab62b35133a4f49203d9826f76f68d1d3e48a96dff2944c8f5b77cc9528ad10,True,,,not_explicit_in_available_metadata,https://www.nature.com/articles/s41467-022-35319-w,,,CC-BY-NC-SA-4.0,CC BY 4.0,provider_label_retained_not_individual_legal_clearance,Homo sapiens,Visium,Skin,True,b57c5428175e90cf1a7f26c21a7db1e4d5cd25fdd16e4c70841603fb876d13ee
NCBI498,MahmoodLab/hest,MahmoodLab/hest:st/NCBI498.h5ad,8b42ca7f80bc475644ac9a520bba7b9cccbce10d,local Hugging Face download receipt,st/NCBI498.h5ad,https://huggingface.co/datasets/MahmoodLab/hest/resolve/8b42ca7f80bc475644ac9a520bba7b9cccbce10d/st/NCBI498.h5ad,225a14003051d2e180893b9d61edb377b51b47d1dc48edf5265c9a75e7549210,225a14003051d2e180893b9d61edb377b51b47d1dc48edf5265c9a75e7549210,True,,,not_explicit_in_available_metadata,https://www.nature.com/articles/s41467-022-35319-w,,,CC-BY-NC-SA-4.0,CC BY 4.0,provider_label_retained_not_individual_legal_clearance,Homo sapiens,Visium,Skin,True,47c9517bec224839b6832d1a84b024ae0dc7f03f7bb7e02e93b599940c2c9afa
NCBI5,MahmoodLab/hest,MahmoodLab/hest:st/NCBI5.h5ad,8b42ca7f80bc475644ac9a520bba7b9cccbce10d,local Hugging Face download receipt,st/NCBI5.h5ad,https://huggingface.co/datasets/MahmoodLab/hest/resolve/8b42ca7f80bc475644ac9a520bba7b9cccbce10d/st/NCBI5.h5ad,27430f74718123f71893fb0399a93d1c1f6f50ac28008704b69477cc06b8fdbe,27430f74718123f71893fb0399a93d1c1f6f50ac28008704b69477cc06b8fdbe,True,,,not_explicit_in_available_metadata,https://www.science.org/doi/10.1126/science.aav9776?url_ver=Z39.88-2003&rfr_id=ori:rid:crossref.org&rfr_dat=cr_pub%20%200pubmed,,10.1126/science.aav9776?url_ver=Z39.88-2003&rfr_id=ori:rid:crossref.org&rfr_dat=cr_pub%20%200pubmed,CC-BY-NC-SA-4.0,,original_label_requires_clarification,Mus musculus,Spatial Transcriptomics,Spinal cord,True,dd89d9a5e96c20b1b34d1b49911bc9530d675a0f9a601f5e06aa0d80b66fdbd9
NCBI50,MahmoodLab/hest,MahmoodLab/hest:st/NCBI50.h5ad,8b42ca7f80bc475644ac9a520bba7b9cccbce10d,local Hugging Face download receipt,st/NCBI50.h5ad,https://huggingface.co/datasets/MahmoodLab/hest/resolve/8b42ca7f80bc475644ac9a520bba7b9cccbce10d/st/NCBI50.h5ad,9fa9d11c3fde9c8ab78390e85e34771c05886928195c2fa0b9d1e3a23b734983,9fa9d11c3fde9c8ab78390e85e34771c05886928195c2fa0b9d1e3a23b734983,True,,,not_explicit_in_available_metadata,https://www.science.org/doi/10.1126/science.aav9776?url_ver=Z39.88-2003&rfr_id=ori:rid:crossref.org&rfr_dat=cr_pub%20%200pubmed,,10.1126/science.aav9776?url_ver=Z39.88-2003&rfr_id=ori:rid:crossref.org&rfr_dat=cr_pub%20%200pubmed,CC-BY-NC-SA-4.0,,original_label_requires_clarification,Mus musculus,Spatial Transcriptomics,Spinal cord,True,1fe5f3b7baed85a4507dd5e890fa775c58cc62a5f61874cbc07b8c8efc0e3118
NCBI503,MahmoodLab/hest,MahmoodLab/hest:st/NCBI503.h5ad,8b42ca7f80bc475644ac9a520bba7b9cccbce10d,local Hugging Face download receipt,st/NCBI503.h5ad,https://huggingface.co/datasets/MahmoodLab/hest/resolve/8b42ca7f80bc475644ac9a520bba7b9cccbce10d/st/NCBI503.h5ad,badba721e39d8160fa7cc1642204e817499ad7f5e752c6303abba28003fdd8ae,badba721e39d8160fa7cc1642204e817499ad7f5e752c6303abba28003fdd8ae,True,,,not_explicit_in_available_metadata,https://www.nature.com/articles/s41467-022-35319-w,,,CC-BY-NC-SA-4.0,CC BY 4.0,provider_label_retained_not_individual_legal_clearance,Homo sapiens,Visium,Skin,True,6c6244b980884641bf111fda70e933e1e745ae7a4e9a90ddb6ba21b0cc09c027
NCBI504,MahmoodLab/hest,MahmoodLab/hest:st/NCBI504.h5ad,8b42ca7f80bc475644ac9a520bba7b9cccbce10d,local Hugging Face download receipt,st/NCBI504.h5ad,https://huggingface.co/datasets/MahmoodLab/hest/resolve/8b42ca7f80bc475644ac9a520bba7b9cccbce10d/st/NCBI504.h5ad,984163c1f8b289f71ea91d903724ada975e2bfeb6910ac3e34edd7e38664338b,984163c1f8b289f71ea91d903724ada975e2bfeb6910ac3e34edd7e38664338b,True,,,not_explicit_in_available_metadata,https://www.nature.com/articles/s41467-022-35319-w,,,CC-BY-NC-SA-4.0,CC BY 4.0,provider_label_retained_not_individual_legal_clearance,Homo sapiens,Visium,Skin,True,baf66088faad7d502e04b78c4259660a2fdeeffec22bb7b83e958877f532fd28
NCBI505,MahmoodLab/hest,MahmoodLab/hest:st/NCBI505.h5ad,8b42ca7f80bc475644ac9a520bba7b9cccbce10d,local Hugging Face download receipt,st/NCBI505.h5ad,https://huggingface.co/datasets/MahmoodLab/hest/resolve/8b42ca7f80bc475644ac9a520bba7b9cccbce10d/st/NCBI505.h5ad,363a9aaaef5d998c73d058a60dad6e5a39930b7075e334219b116843839a9dc6,363a9aaaef5d998c73d058a60dad6e5a39930b7075e334219b116843839a9dc6,True,,,not_explicit_in_available_metadata,https://www.nature.com/articles/s41467-022-35319-w,,,CC-BY-NC-SA-4.0,CC BY 4.0,provider_label_retained_not_individual_legal_clearance,Homo sapiens,Visium,Skin,True,4297803ee3259815460ea683a3c237b09d530ed96c66c7817e29e639da06a188
NCBI506,MahmoodLab/hest,MahmoodLab/hest:st/NCBI506.h5ad,8b42ca7f80bc475644ac9a520bba7b9cccbce10d,local Hugging Face download receipt,st/NCBI506.h5ad,https://huggingface.co/datasets/MahmoodLab/hest/resolve/8b42ca7f80bc475644ac9a520bba7b9cccbce10d/st/NCBI506.h5ad,8f788cb47c16ef3c923e0e230198345c4cf48e298f31ec6e6ca1d7119effd0e4,8f788cb47c16ef3c923e0e230198345c4cf48e298f31ec6e6ca1d7119effd0e4,True,,,not_explicit_in_available_metadata,https://www.nature.com/articles/s41467-022-35319-w,,,CC-BY-NC-SA-4.0,CC BY 4.0,provider_label_retained_not_individual_legal_clearance,Homo sapiens,Visium,Skin,True,d96cc351e433cb6a4a70b22577339ea434a77d5c41fe4c748cf08299f6e98116
NCBI507,MahmoodLab/hest,MahmoodLab/hest:st/NCBI507.h5ad,8b42ca7f80bc475644ac9a520bba7b9cccbce10d,local Hugging Face download receipt,st/NCBI507.h5ad,https://huggingface.co/datasets/MahmoodLab/hest/resolve/8b42ca7f80bc475644ac9a520bba7b9cccbce10d/st/NCBI507.h5ad,80e0334ceaf0da560d67f0ba8c1c81baf54ecad24bb7df3171cf89b24816e73e,80e0334ceaf0da560d67f0ba8c1c81baf54ecad24bb7df3171cf89b24816e73e,True,,,not_explicit_in_available_metadata,https://www.nature.com/articles/s41467-022-35319-w,,,CC-BY-NC-SA-4.0,CC BY 4.0,provider_label_retained_not_individual_legal_clearance,Homo sapiens,Visium,Skin,True,32ddf6607e5b982196f86d97dfc7d801a3d994608026a39b266867235c3c320a
NCBI508,MahmoodLab/hest,MahmoodLab/hest:st/NCBI508.h5ad,8b42ca7f80bc475644ac9a520bba7b9cccbce10d,local Hugging Face download receipt,st/NCBI508.h5ad,https://huggingface.co/datasets/MahmoodLab/hest/resolve/8b42ca7f80bc475644ac9a520bba7b9cccbce10d/st/NCBI508.h5ad,d2e9600b48d54f001d5d7a46a1a323b09967ee6bb3282b61168c04a3c785de83,d2e9600b48d54f001d5d7a46a1a323b09967ee6bb3282b61168c04a3c785de83,True,,,not_explicit_in_available_metadata,https://www.nature.com/articles/s41467-022-35319-w,,,CC-BY-NC-SA-4.0,CC BY 4.0,provider_label_retained_not_individual_legal_clearance,Homo sapiens,Visium,Skin,True,bf53f40953e413ed6f5a08d7e1133a8ac6460d4b6f883a9541b72b32836ef74e
NCBI510,MahmoodLab/hest,MahmoodLab/hest:st/NCBI510.h5ad,8b42ca7f80bc475644ac9a520bba7b9cccbce10d,local Hugging Face download receipt,st/NCBI510.h5ad,https://huggingface.co/datasets/MahmoodLab/hest/resolve/8b42ca7f80bc475644ac9a520bba7b9cccbce10d/st/NCBI510.h5ad,ef3f221841aaa4abfe5e4d0dfd70db9ea65cf3de9f8ca4a39373605b2014d8e3,ef3f221841aaa4abfe5e4d0dfd70db9ea65cf3de9f8ca4a39373605b2014d8e3,True,,,not_explicit_in_available_metadata,https://www.nature.com/articles/s41467-022-35319-w,,,CC-BY-NC-SA-4.0,CC BY 4.0,provider_label_retained_not_individual_legal_clearance,Homo sapiens,Visium,Skin,True,b39f756cf6aa99b44e8077fe5f40a5c555239a21314ed1138a2373e573dc69a7
NCBI515,MahmoodLab/hest,MahmoodLab/hest:st/NCBI515.h5ad,8b42ca7f80bc475644ac9a520bba7b9cccbce10d,local Hugging Face download receipt,st/NCBI515.h5ad,https://huggingface.co/datasets/MahmoodLab/hest/resolve/8b42ca7f80bc475644ac9a520bba7b9cccbce10d/st/NCBI515.h5ad,d54f5a6d4ffde268ab8423e0bc83549cfa290bb05a2323f7e9f372f93f69095d,d54f5a6d4ffde268ab8423e0bc83549cfa290bb05a2323f7e9f372f93f69095d,True,,,not_explicit_in_available_metadata,https://www.nature.com/articles/s41467-022-35319-w,,,CC-BY-NC-SA-4.0,CC BY 4.0,provider_label_retained_not_individual_legal_clearance,Homo sapiens,Visium,Skin,True,51cb46c757dfc04e2c094d83b4ecd9a46f66ee2c7c92b6df2694a29385cc1fb9
NCBI516,MahmoodLab/hest,MahmoodLab/hest:st/NCBI516.h5ad,8b42ca7f80bc475644ac9a520bba7b9cccbce10d,local Hugging Face download receipt,st/NCBI516.h5ad,https://huggingface.co/datasets/MahmoodLab/hest/resolve/8b42ca7f80bc475644ac9a520bba7b9cccbce10d/st/NCBI516.h5ad,dc7cac28e9659327be52602bc4322a3eee1fb14547556297280d973c407cea64,dc7cac28e9659327be52602bc4322a3eee1fb14547556297280d973c407cea64,True,,,not_explicit_in_available_metadata,https://www.nature.com/articles/s41467-022-35319-w,,,CC-BY-NC-SA-4.0,CC BY 4.0,provider_label_retained_not_individual_legal_clearance,Homo sapiens,Visium,Skin,True,037d57352e2bd586637be94ba1d39ce5e627a59a9769f7ddd275af9aaea0ddfd
NCBI517,MahmoodLab/hest,MahmoodLab/hest:st/NCBI517.h5ad,8b42ca7f80bc475644ac9a520bba7b9cccbce10d,local Hugging Face download receipt,st/NCBI517.h5ad,https://huggingface.co/datasets/MahmoodLab/hest/resolve/8b42ca7f80bc475644ac9a520bba7b9cccbce10d/st/NCBI517.h5ad,f258dc1f5d10a95669adb9988f64621e4458f8b0e94906371fc97c6ae969470a,f258dc1f5d10a95669adb9988f64621e4458f8b0e94906371fc97c6ae969470a,True,,,not_explicit_in_available_metadata,https://www.nature.com/articles/s41467-022-35319-w,,,CC-BY-NC-SA-4.0,CC BY 4.0,provider_label_retained_not_individual_legal_clearance,Homo sapiens,Visium,Skin,True,1654b01ab6e776e8b028a3651c67991f69e84d47e0106fb8bcc96fd4d835a5d3
NCBI518,MahmoodLab/hest,MahmoodLab/hest:st/NCBI518.h5ad,8b42ca7f80bc475644ac9a520bba7b9cccbce10d,local Hugging Face download receipt,st/NCBI518.h5ad,https://huggingface.co/datasets/MahmoodLab/hest/resolve/8b42ca7f80bc475644ac9a520bba7b9cccbce10d/st/NCBI518.h5ad,a5b3e86b8f2341c8c345785a80543fcd8f66536b8973d2a8605ce7606fda3a6f,a5b3e86b8f2341c8c345785a80543fcd8f66536b8973d2a8605ce7606fda3a6f,True,,,not_explicit_in_available_metadata,https://www.nature.com/articles/s41467-022-35319-w,,,CC-BY-NC-SA-4.0,CC BY 4.0,provider_label_retained_not_individual_legal_clearance,Homo sapiens,Visium,Skin,True,55afaa1857195c591658c65aa6ab44c93559b54e204a6d3dcd5f3576d5f52503
NCBI519,MahmoodLab/hest,MahmoodLab/hest:st/NCBI519.h5ad,8b42ca7f80bc475644ac9a520bba7b9cccbce10d,local Hugging Face download receipt,st/NCBI519.h5ad,https://huggingface.co/datasets/MahmoodLab/hest/resolve/8b42ca7f80bc475644ac9a520bba7b9cccbce10d/st/NCBI519.h5ad,3ce0f5bc2175e0a250c7d95ce1ec05a046a6a149d45bbb5824b45536299689f7,3ce0f5bc2175e0a250c7d95ce1ec05a046a6a149d45bbb5824b45536299689f7,True,,,not_explicit_in_available_metadata,https://www.nature.com/articles/s41467-022-35319-w,,,CC-BY-NC-SA-4.0,CC BY 4.0,provider_label_retained_not_individual_legal_clearance,Homo sapiens,Visium,Skin,True,9682aa010c2602730b397391187feaa5c0b1aff64bc2b85a636e2424aadb1bd3
NCBI52,MahmoodLab/hest,MahmoodLab/hest:st/NCBI52.h5ad,8b42ca7f80bc475644ac9a520bba7b9cccbce10d,local Hugging Face download receipt,st/NCBI52.h5ad,https://huggingface.co/datasets/MahmoodLab/hest/resolve/8b42ca7f80bc475644ac9a520bba7b9cccbce10d/st/NCBI52.h5ad,eab1abb180c6d3e45214885c2be79ed035558a1ee11ecf7578c6519dc9ee53b9,eab1abb180c6d3e45214885c2be79ed035558a1ee11ecf7578c6519dc9ee53b9,True,,,not_explicit_in_available_metadata,https://www.science.org/doi/10.1126/science.aav9776?url_ver=Z39.88-2003&rfr_id=ori:rid:crossref.org&rfr_dat=cr_pub%20%200pubmed,,10.1126/science.aav9776?url_ver=Z39.88-2003&rfr_id=ori:rid:crossref.org&rfr_dat=cr_pub%20%200pubmed,CC-BY-NC-SA-4.0,,original_label_requires_clarification,Mus musculus,Spatial Transcriptomics,Spinal cord,True,a39ed9f96399957b4b3330eab1703d90b42f950e78a7cf9e9512a4ad58ceafa7
NCBI520,MahmoodLab/hest,MahmoodLab/hest:st/NCBI520.h5ad,8b42ca7f80bc475644ac9a520bba7b9cccbce10d,local Hugging Face download receipt,st/NCBI520.h5ad,https://huggingface.co/datasets/MahmoodLab/hest/resolve/8b42ca7f80bc475644ac9a520bba7b9cccbce10d/st/NCBI520.h5ad,eb4dcf8455f5194ddf88b6aa5c7d8359b39a2bf817202c5c4c7f1b3096ca24e3,eb4dcf8455f5194ddf88b6aa5c7d8359b39a2bf817202c5c4c7f1b3096ca24e3,True,,,not_explicit_in_available_metadata,https://www.nature.com/articles/s41467-022-35319-w,,,CC-BY-NC-SA-4.0,CC BY 4.0,provider_label_retained_not_individual_legal_clearance,Homo sapiens,Visium,Skin,True,c44cea2a51ac58bbd7397a54a6f208ed5d8770e85e7efa4fed46cfffee12832a
NCBI521,MahmoodLab/hest,MahmoodLab/hest:st/NCBI521.h5ad,8b42ca7f80bc475644ac9a520bba7b9cccbce10d,local Hugging Face download receipt,st/NCBI521.h5ad,https://huggingface.co/datasets/MahmoodLab/hest/resolve/8b42ca7f80bc475644ac9a520bba7b9cccbce10d/st/NCBI521.h5ad,71cc5f3aa96edb69b35a5cda092eaa09e27687ecd4aa6a832e1b13db5b507ca8,71cc5f3aa96edb69b35a5cda092eaa09e27687ecd4aa6a832e1b13db5b507ca8,True,,,not_explicit_in_available_metadata,https://www.nature.com/articles/s41467-022-35319-w,,,CC-BY-NC-SA-4.0,CC BY 4.0,provider_label_retained_not_individual_legal_clearance,Homo sapiens,Visium,Skin,True,a58377bfab7e3b96c1fe1b129d6f6be1950d4b50ac213f46820709859f7699d3
NCBI523,MahmoodLab/hest,MahmoodLab/hest:st/NCBI523.h5ad,8b42ca7f80bc475644ac9a520bba7b9cccbce10d,local Hugging Face download receipt,st/NCBI523.h5ad,https://huggingface.co/datasets/MahmoodLab/hest/resolve/8b42ca7f80bc475644ac9a520bba7b9cccbce10d/st/NCBI523.h5ad,49731c733a3382e396b686062acaa9f58c1cf5fbdafeead67faa2898111fdb9e,49731c733a3382e396b686062acaa9f58c1cf5fbdafeead67faa2898111fdb9e,True,,,not_explicit_in_available_metadata,https://www.nature.com/articles/s41467-022-35319-w,,,CC-BY-NC-SA-4.0,CC BY 4.0,provider_label_retained_not_individual_legal_clearance,Homo sapiens,Visium,Skin,True,42636814f6e39172ba2c712ed18afc7748fedb3b2313680cbf964a96a7c100b6
NCBI524,MahmoodLab/hest,MahmoodLab/hest:st/NCBI524.h5ad,8b42ca7f80bc475644ac9a520bba7b9cccbce10d,local Hugging Face download receipt,st/NCBI524.h5ad,https://huggingface.co/datasets/MahmoodLab/hest/resolve/8b42ca7f80bc475644ac9a520bba7b9cccbce10d/st/NCBI524.h5ad,e0d0d4e8d976037542956a362c46cd434b3383874cc089c0db8cc85c8ec1b7f8,e0d0d4e8d976037542956a362c46cd434b3383874cc089c0db8cc85c8ec1b7f8,True,,,not_explicit_in_available_metadata,https://www.nature.com/articles/s41467-022-35319-w,,,CC-BY-NC-SA-4.0,CC BY 4.0,provider_label_retained_not_individual_legal_clearance,Homo sapiens,Visium,Skin,True,067ea46f40daaeeb808334a567f540553b2e660331dca6e44e843d007844b527
NCBI525,MahmoodLab/hest,MahmoodLab/hest:st/NCBI525.h5ad,8b42ca7f80bc475644ac9a520bba7b9cccbce10d,local Hugging Face download receipt,st/NCBI525.h5ad,https://huggingface.co/datasets/MahmoodLab/hest/resolve/8b42ca7f80bc475644ac9a520bba7b9cccbce10d/st/NCBI525.h5ad,ae3071be0f3c641e9be6d8a0406a0d50bd7438d317c4aad0a3ab50dc2a5cd847,ae3071be0f3c641e9be6d8a0406a0d50bd7438d317c4aad0a3ab50dc2a5cd847,True,,,not_explicit_in_available_metadata,https://www.nature.com/articles/s41467-022-35319-w,,,CC-BY-NC-SA-4.0,CC BY 4.0,provider_label_retained_not_individual_legal_clearance,Homo sapiens,Visium,Skin,True,6fd24b9db6dff06f35a6f1ad6f879592edc46b7a15ff0b4b27da0bb8ef8d21e5
NCBI526,MahmoodLab/hest,MahmoodLab/hest:st/NCBI526.h5ad,8b42ca7f80bc475644ac9a520bba7b9cccbce10d,local Hugging Face download receipt,st/NCBI526.h5ad,https://huggingface.co/datasets/MahmoodLab/hest/resolve/8b42ca7f80bc475644ac9a520bba7b9cccbce10d/st/NCBI526.h5ad,30795607a7bc21afa5849890da1ef5a0b0463c16d79108f9315be6bb2c53599d,30795607a7bc21afa5849890da1ef5a0b0463c16d79108f9315be6bb2c53599d,True,,,not_explicit_in_available_metadata,https://www.nature.com/articles/s41467-022-35319-w,,,CC-BY-NC-SA-4.0,CC BY 4.0,provider_label_retained_not_individual_legal_clearance,Homo sapiens,Visium,Skin,True,5c72e04e4d5d75213be27cbee589fd819c562e22599e17300d2fc56557b0b84e
NCBI527,MahmoodLab/hest,MahmoodLab/hest:st/NCBI527.h5ad,8b42ca7f80bc475644ac9a520bba7b9cccbce10d,local Hugging Face download receipt,st/NCBI527.h5ad,https://huggingface.co/datasets/MahmoodLab/hest/resolve/8b42ca7f80bc475644ac9a520bba7b9cccbce10d/st/NCBI527.h5ad,6c9091e7825168db001a55ff796a976a45cc29250bc7195ce47a3e2e08020bb7,6c9091e7825168db001a55ff796a976a45cc29250bc7195ce47a3e2e08020bb7,True,,,not_explicit_in_available_metadata,https://pubmed.ncbi.nlm.nih.gov/36776149/,,,CC-BY-NC-SA-4.0,CC BY,provider_label_retained_not_individual_legal_clearance,Mus musculus,Visium,Brain,True,fba7e842f6be3a600a3af0c7e24a0fd6ec7a15a3cb04a5070efbe5933e2ea44c
NCBI528,MahmoodLab/hest,MahmoodLab/hest:st/NCBI528.h5ad,8b42ca7f80bc475644ac9a520bba7b9cccbce10d,local Hugging Face download receipt,st/NCBI528.h5ad,https://huggingface.co/datasets/MahmoodLab/hest/resolve/8b42ca7f80bc475644ac9a520bba7b9cccbce10d/st/NCBI528.h5ad,3fadd6d3e2a5b0a4a6e9fc534e4fb73d8ce006fa4ebc8bcdfd915186f92d1cc6,3fadd6d3e2a5b0a4a6e9fc534e4fb73d8ce006fa4ebc8bcdfd915186f92d1cc6,True,,,not_explicit_in_available_metadata,https://pubmed.ncbi.nlm.nih.gov/36776149/,,,CC-BY-NC-SA-4.0,CC BY,provider_label_retained_not_individual_legal_clearance,Mus musculus,Visium,Brain,True,ac8e5e2ef5b77b79269f28b9007f26234b4c06a662bc4b23493d5382ff739249
NCBI529,MahmoodLab/hest,MahmoodLab/hest:st/NCBI529.h5ad,8b42ca7f80bc475644ac9a520bba7b9cccbce10d,local Hugging Face download receipt,st/NCBI529.h5ad,https://huggingface.co/datasets/MahmoodLab/hest/resolve/8b42ca7f80bc475644ac9a520bba7b9cccbce10d/st/NCBI529.h5ad,32975f09f106c834217f1e02c09200250e28fcb19fc00558ad374fe31d40fefb,32975f09f106c834217f1e02c09200250e28fcb19fc00558ad374fe31d40fefb,True,,,not_explicit_in_available_metadata,https://pubmed.ncbi.nlm.nih.gov/36776149/,,,CC-BY-NC-SA-4.0,CC BY,provider_label_retained_not_individual_legal_clearance,Mus musculus,Visium,Brain,True,ccf5ed4e330db63b133eb504c755e608e0d8eb3c154e03bcd1140352d4e10f5c
NCBI53,MahmoodLab/hest,MahmoodLab/hest:st/NCBI53.h5ad,8b42ca7f80bc475644ac9a520bba7b9cccbce10d,local Hugging Face download receipt,st/NCBI53.h5ad,https://huggingface.co/datasets/MahmoodLab/hest/resolve/8b42ca7f80bc475644ac9a520bba7b9cccbce10d/st/NCBI53.h5ad,1e3e2d6cd9252ffa979e5aaf4fd37ba578dad3a2811a122ccf0dbb0f835a420b,1e3e2d6cd9252ffa979e5aaf4fd37ba578dad3a2811a122ccf0dbb0f835a420b,True,,,not_explicit_in_available_metadata,https://www.science.org/doi/10.1126/science.aav9776?url_ver=Z39.88-2003&rfr_id=ori:rid:crossref.org&rfr_dat=cr_pub%20%200pubmed,,10.1126/science.aav9776?url_ver=Z39.88-2003&rfr_id=ori:rid:crossref.org&rfr_dat=cr_pub%20%200pubmed,CC-BY-NC-SA-4.0,,original_label_requires_clarification,Mus musculus,Spatial Transcriptomics,Spinal cord,True,33da73e50b75b86810721da20719afb7762d76b6d6fd6636bd698d6ba09f7c91
NCBI530,MahmoodLab/hest,MahmoodLab/hest:st/NCBI530.h5ad,8b42ca7f80bc475644ac9a520bba7b9cccbce10d,local Hugging Face download receipt,st/NCBI530.h5ad,https://huggingface.co/datasets/MahmoodLab/hest/resolve/8b42ca7f80bc475644ac9a520bba7b9cccbce10d/st/NCBI530.h5ad,d136bd6e9baaceff025f43d25ea2b0076ca3d972e3c025cde7f34b19b1714582,d136bd6e9baaceff025f43d25ea2b0076ca3d972e3c025cde7f34b19b1714582,True,,,not_explicit_in_available_metadata,https://pubmed.ncbi.nlm.nih.gov/36776149/,,,CC-BY-NC-SA-4.0,CC BY,provider_label_retained_not_individual_legal_clearance,Mus musculus,Visium,Brain,True,9de93a4f4e15b1b05e36b5318292bb11c2c0bea42885d2e16e439595f461586d
NCBI531,MahmoodLab/hest,MahmoodLab/hest:st/NCBI531.h5ad,8b42ca7f80bc475644ac9a520bba7b9cccbce10d,local Hugging Face download receipt,st/NCBI531.h5ad,https://huggingface.co/datasets/MahmoodLab/hest/resolve/8b42ca7f80bc475644ac9a520bba7b9cccbce10d/st/NCBI531.h5ad,bd0bc9c35ea09ec1f4c64b77d427b5e7a7cdb2c80b941cab2f55be525e4dd6a1,bd0bc9c35ea09ec1f4c64b77d427b5e7a7cdb2c80b941cab2f55be525e4dd6a1,True,,,not_explicit_in_available_metadata,https://pubmed.ncbi.nlm.nih.gov/36776149/,,,CC-BY-NC-SA-4.0,CC BY,provider_label_retained_not_individual_legal_clearance,Mus musculus,Visium,Brain,True,82d329b86247978de10a0c42b9f17f1b86c7204764534f082f6fd602cff5d757
NCBI532,MahmoodLab/hest,MahmoodLab/hest:st/NCBI532.h5ad,8b42ca7f80bc475644ac9a520bba7b9cccbce10d,local Hugging Face download receipt,st/NCBI532.h5ad,https://huggingface.co/datasets/MahmoodLab/hest/resolve/8b42ca7f80bc475644ac9a520bba7b9cccbce10d/st/NCBI532.h5ad,542bb865d7a80116bbf33a559fa0ba1819ba137486d6a328336b2000a5acb96f,542bb865d7a80116bbf33a559fa0ba1819ba137486d6a328336b2000a5acb96f,True,,,not_explicit_in_available_metadata,https://pubmed.ncbi.nlm.nih.gov/36776149/,,,CC-BY-NC-SA-4.0,CC BY,provider_label_retained_not_individual_legal_clearance,Mus musculus,Visium,Brain,True,8d60dac3523f92577140c888e45417fed5defbf3ff2b88b4a555d312585db635
NCBI533,MahmoodLab/hest,MahmoodLab/hest:st/NCBI533.h5ad,8b42ca7f80bc475644ac9a520bba7b9cccbce10d,local Hugging Face download receipt,st/NCBI533.h5ad,https://huggingface.co/datasets/MahmoodLab/hest/resolve/8b42ca7f80bc475644ac9a520bba7b9cccbce10d/st/NCBI533.h5ad,017943f1ce79aa2235d51884554ea2a639156bea1a1f237b4198b5c426990a28,017943f1ce79aa2235d51884554ea2a639156bea1a1f237b4198b5c426990a28,True,,,not_explicit_in_available_metadata,https://pubmed.ncbi.nlm.nih.gov/36776149/,,,CC-BY-NC-SA-4.0,CC BY,provider_label_retained_not_individual_legal_clearance,Mus musculus,Visium,Brain,True,3d02a283e2a2397827af139a40fb29aef6cfa7cbfbfdcf3e320414053574010a
NCBI534,MahmoodLab/hest,MahmoodLab/hest:st/NCBI534.h5ad,8b42ca7f80bc475644ac9a520bba7b9cccbce10d,local Hugging Face download receipt,st/NCBI534.h5ad,https://huggingface.co/datasets/MahmoodLab/hest/resolve/8b42ca7f80bc475644ac9a520bba7b9cccbce10d/st/NCBI534.h5ad,d7216781de0ef75679792ec29bef498dc863769795d6e064c31b424e5da78ae4,d7216781de0ef75679792ec29bef498dc863769795d6e064c31b424e5da78ae4,True,,,not_explicit_in_available_metadata,https://pubmed.ncbi.nlm.nih.gov/36776149/,,,CC-BY-NC-SA-4.0,CC BY,provider_label_retained_not_individual_legal_clearance,Homo sapiens,Visium,Lung,True,fa32de80ca4d2e56edb1479aa3810759b039aebf32ad32de9a6df71709c987b4
NCBI535,MahmoodLab/hest,MahmoodLab/hest:st/NCBI535.h5ad,8b42ca7f80bc475644ac9a520bba7b9cccbce10d,local Hugging Face download receipt,st/NCBI535.h5ad,https://huggingface.co/datasets/MahmoodLab/hest/resolve/8b42ca7f80bc475644ac9a520bba7b9cccbce10d/st/NCBI535.h5ad,044bb67f0b8fc15595a3162af19aa512d766fda9aa019e5d72fd8b187efbade6,044bb67f0b8fc15595a3162af19aa512d766fda9aa019e5d72fd8b187efbade6,True,,,not_explicit_in_available_metadata,https://pubmed.ncbi.nlm.nih.gov/36776149/,,,CC-BY-NC-SA-4.0,CC BY,provider_label_retained_not_individual_legal_clearance,Homo sapiens,Visium,Lung,True,93e78b0ba10d270538a0118b563ac932b3b965fa47476cb5afe719249c6653ea
NCBI536,MahmoodLab/hest,MahmoodLab/hest:st/NCBI536.h5ad,8b42ca7f80bc475644ac9a520bba7b9cccbce10d,local Hugging Face download receipt,st/NCBI536.h5ad,https://huggingface.co/datasets/MahmoodLab/hest/resolve/8b42ca7f80bc475644ac9a520bba7b9cccbce10d/st/NCBI536.h5ad,05b1b334608d07cef644153b87cb9c21ee05c7ded74c1dc548ed360123630eb2,05b1b334608d07cef644153b87cb9c21ee05c7ded74c1dc548ed360123630eb2,True,,,not_explicit_in_available_metadata,https://pubmed.ncbi.nlm.nih.gov/36776149/,,,CC-BY-NC-SA-4.0,CC BY,provider_label_retained_not_individual_legal_clearance,Homo sapiens,Visium,Lung,True,4c95d7d40ab0040c19ba36374ded31ef28a8a111f7deed7f4f68a1bdd7d7ec8f
NCBI537,MahmoodLab/hest,MahmoodLab/hest:st/NCBI537.h5ad,8b42ca7f80bc475644ac9a520bba7b9cccbce10d,local Hugging Face download receipt,st/NCBI537.h5ad,https://huggingface.co/datasets/MahmoodLab/hest/resolve/8b42ca7f80bc475644ac9a520bba7b9cccbce10d/st/NCBI537.h5ad,0ded7b062fbd0370a7c80495404ef8eb88ca680c990d1b2fe4aa74c17d4ce664,0ded7b062fbd0370a7c80495404ef8eb88ca680c990d1b2fe4aa74c17d4ce664,True,,,not_explicit_in_available_metadata,https://pubmed.ncbi.nlm.nih.gov/36776149/,,,CC-BY-NC-SA-4.0,CC BY,provider_label_retained_not_individual_legal_clearance,Homo sapiens,Visium,Lung,True,133ac0a8206d1c1100da3327829dc9109d0ac910d245599749d9527949500fc3
NCBI538,MahmoodLab/hest,MahmoodLab/hest:st/NCBI538.h5ad,8b42ca7f80bc475644ac9a520bba7b9cccbce10d,local Hugging Face download receipt,st/NCBI538.h5ad,https://huggingface.co/datasets/MahmoodLab/hest/resolve/8b42ca7f80bc475644ac9a520bba7b9cccbce10d/st/NCBI538.h5ad,87817668ac4a2868aa0ccefe9b71733f2e645419ebe7702615ceb34c45110b76,87817668ac4a2868aa0ccefe9b71733f2e645419ebe7702615ceb34c45110b76,True,,,not_explicit_in_available_metadata,https://pubmed.ncbi.nlm.nih.gov/36776149/,,,CC-BY-NC-SA-4.0,CC BY,provider_label_retained_not_individual_legal_clearance,Homo sapiens,Visium,Kidney,True,82182b17b33b48912893c0ee0d00c0c4e1675920b88610733caef0e9cf91b28f
NCBI539,MahmoodLab/hest,MahmoodLab/hest:st/NCBI539.h5ad,8b42ca7f80bc475644ac9a520bba7b9cccbce10d,local Hugging Face download receipt,st/NCBI539.h5ad,https://huggingface.co/datasets/MahmoodLab/hest/resolve/8b42ca7f80bc475644ac9a520bba7b9cccbce10d/st/NCBI539.h5ad,13b9c373785b69d50ff4c29a2d82e0f07b7b7c6e51c66895e5d5bd8392dc69c6,13b9c373785b69d50ff4c29a2d82e0f07b7b7c6e51c66895e5d5bd8392dc69c6,True,,,not_explicit_in_available_metadata,https://pubmed.ncbi.nlm.nih.gov/36776149/,,,CC-BY-NC-SA-4.0,CC BY,provider_label_retained_not_individual_legal_clearance,Homo sapiens,Visium,Kidney,True,ae5eca4a8b44f48eb6ca276533a549118e0743f92ce69a0060e436c340b312e1
NCBI540,MahmoodLab/hest,MahmoodLab/hest:st/NCBI540.h5ad,8b42ca7f80bc475644ac9a520bba7b9cccbce10d,local Hugging Face download receipt,st/NCBI540.h5ad,https://huggingface.co/datasets/MahmoodLab/hest/resolve/8b42ca7f80bc475644ac9a520bba7b9cccbce10d/st/NCBI540.h5ad,aebbbc0942165dce5b8ac3709681cc4da0e4afe9bed42b657b6c35ec3d33f535,aebbbc0942165dce5b8ac3709681cc4da0e4afe9bed42b657b6c35ec3d33f535,True,,,not_explicit_in_available_metadata,https://pubmed.ncbi.nlm.nih.gov/36776149/,,,CC-BY-NC-SA-4.0,CC BY,provider_label_retained_not_individual_legal_clearance,Homo sapiens,Visium,Kidney,True,ed75602321e6aafc849f00ab59214801b0702af59403a4f38272688daca6e84c
NCBI542,MahmoodLab/hest,MahmoodLab/hest:st/NCBI542.h5ad,8b42ca7f80bc475644ac9a520bba7b9cccbce10d,local Hugging Face download receipt,st/NCBI542.h5ad,https://huggingface.co/datasets/MahmoodLab/hest/resolve/8b42ca7f80bc475644ac9a520bba7b9cccbce10d/st/NCBI542.h5ad,f81337f063deadbb294d73632c915f96f24d8b264a98a8b960934cf3fea23257,f81337f063deadbb294d73632c915f96f24d8b264a98a8b960934cf3fea23257,True,,,not_explicit_in_available_metadata,https://www.ncbi.nlm.nih.gov/pmc/articles/PMC10203427/,,,CC-BY-NC-SA-4.0,CC BY,provider_label_retained_not_individual_legal_clearance,Mus musculus,Visium,Heart,True,40d3d12e94512109f63a2205993a71611527cd60da94d29334ab660384e9daa2
NCBI543,MahmoodLab/hest,MahmoodLab/hest:st/NCBI543.h5ad,8b42ca7f80bc475644ac9a520bba7b9cccbce10d,local Hugging Face download receipt,st/NCBI543.h5ad,https://huggingface.co/datasets/MahmoodLab/hest/resolve/8b42ca7f80bc475644ac9a520bba7b9cccbce10d/st/NCBI543.h5ad,9503b3c90cb9931f2431a4d8c87ed312ff990c25be04b2b31fe5b21563436d1f,9503b3c90cb9931f2431a4d8c87ed312ff990c25be04b2b31fe5b21563436d1f,True,,,not_explicit_in_available_metadata,https://www.ncbi.nlm.nih.gov/pmc/articles/PMC10203427/,,,CC-BY-NC-SA-4.0,CC BY,provider_label_retained_not_individual_legal_clearance,Mus musculus,Visium,Heart,True,ba2ba49629971ce7bccf69fe19d1b9eb3e86c70b7429c6bfd85811909acf831e
NCBI56,MahmoodLab/hest,MahmoodLab/hest:st/NCBI56.h5ad,8b42ca7f80bc475644ac9a520bba7b9cccbce10d,local Hugging Face download receipt,st/NCBI56.h5ad,https://huggingface.co/datasets/MahmoodLab/hest/resolve/8b42ca7f80bc475644ac9a520bba7b9cccbce10d/st/NCBI56.h5ad,efbe512eb011a74bc6894137078b082faa50a2f36ada8dd9e8f8455e46f58289,efbe512eb011a74bc6894137078b082faa50a2f36ada8dd9e8f8455e46f58289,True,,,not_explicit_in_available_metadata,https://www.science.org/doi/10.1126/science.aav9776?url_ver=Z39.88-2003&rfr_id=ori:rid:crossref.org&rfr_dat=cr_pub%20%200pubmed,,10.1126/science.aav9776?url_ver=Z39.88-2003&rfr_id=ori:rid:crossref.org&rfr_dat=cr_pub%20%200pubmed,CC-BY-NC-SA-4.0,,original_label_requires_clarification,Mus musculus,Spatial Transcriptomics,Spinal cord,True,90c9b14ced8eec4555605eebf74d3cb98594e9982c745cad04df5c4b7b5fc18c
NCBI562,MahmoodLab/hest,MahmoodLab/hest:st/NCBI562.h5ad,8b42ca7f80bc475644ac9a520bba7b9cccbce10d,local Hugging Face download receipt,st/NCBI562.h5ad,https://huggingface.co/datasets/MahmoodLab/hest/resolve/8b42ca7f80bc475644ac9a520bba7b9cccbce10d/st/NCBI562.h5ad,3469951c7d08a18b1d4727413db5f3908983a448847dc9dd0093672dac8c57dc,3469951c7d08a18b1d4727413db5f3908983a448847dc9dd0093672dac8c57dc,True,,,not_explicit_in_available_metadata,https://www.nature.com/articles/s41467-023-38975-8,,,CC-BY-NC-SA-4.0,,original_label_requires_clarification,Homo sapiens,Visium,Kidney,True,25af02b4dffcad5f6d0ad2e70f1447a6761e25f055c12ed27094607502a9ca42
NCBI563,MahmoodLab/hest,MahmoodLab/hest:st/NCBI563.h5ad,8b42ca7f80bc475644ac9a520bba7b9cccbce10d,local Hugging Face download receipt,st/NCBI563.h5ad,https://huggingface.co/datasets/MahmoodLab/hest/resolve/8b42ca7f80bc475644ac9a520bba7b9cccbce10d/st/NCBI563.h5ad,314a2497df4d9d4b902236b13a25a789b2a3b69e483b1df8518ddbea6be96f81,314a2497df4d9d4b902236b13a25a789b2a3b69e483b1df8518ddbea6be96f81,True,,,not_explicit_in_available_metadata,https://www.nature.com/articles/s41467-023-38975-8,,,CC-BY-NC-SA-4.0,,original_label_requires_clarification,Homo sapiens,Visium,Kidney,True,9212110542c18f3e9f873949dd08a7c64d8939999b2e14dfb7dc9d291ec81d65
NCBI565,MahmoodLab/hest,MahmoodLab/hest:st/NCBI565.h5ad,8b42ca7f80bc475644ac9a520bba7b9cccbce10d,local Hugging Face download receipt,st/NCBI565.h5ad,https://huggingface.co/datasets/MahmoodLab/hest/resolve/8b42ca7f80bc475644ac9a520bba7b9cccbce10d/st/NCBI565.h5ad,46a6e5be55eba05a5f69ae532c5e40d043f7fe02e8a1865d7b2e1438bb68afdf,46a6e5be55eba05a5f69ae532c5e40d043f7fe02e8a1865d7b2e1438bb68afdf,True,,,not_explicit_in_available_metadata,https://www.nature.com/articles/s41467-023-38975-8,,,CC-BY-NC-SA-4.0,,original_label_requires_clarification,Homo sapiens,Visium,Kidney,True,106f60194bae38cb20128eefdca57c4f527c7e70cba6f3e9b3df732afb8f4a23
NCBI566,MahmoodLab/hest,MahmoodLab/hest:st/NCBI566.h5ad,8b42ca7f80bc475644ac9a520bba7b9cccbce10d,local Hugging Face download receipt,st/NCBI566.h5ad,https://huggingface.co/datasets/MahmoodLab/hest/resolve/8b42ca7f80bc475644ac9a520bba7b9cccbce10d/st/NCBI566.h5ad,d338d2031dde30992a46a69882d12c943e727202b65e28602d8cbf08b492473a,d338d2031dde30992a46a69882d12c943e727202b65e28602d8cbf08b492473a,True,,,not_explicit_in_available_metadata,https://www.nature.com/articles/s41467-023-38975-8,,,CC-BY-NC-SA-4.0,,original_label_requires_clarification,Homo sapiens,Visium,Kidney,True,6c72b65b62746aa650f9c4e62ee45b1a4090fbf22d3f9c41c6110bda25f15904
NCBI567,MahmoodLab/hest,MahmoodLab/hest:st/NCBI567.h5ad,8b42ca7f80bc475644ac9a520bba7b9cccbce10d,local Hugging Face download receipt,st/NCBI567.h5ad,https://huggingface.co/datasets/MahmoodLab/hest/resolve/8b42ca7f80bc475644ac9a520bba7b9cccbce10d/st/NCBI567.h5ad,c033b7025b4e4a38e6ab06aef35171b59ca202022ffb291c017bc9ec3ecb6f87,c033b7025b4e4a38e6ab06aef35171b59ca202022ffb291c017bc9ec3ecb6f87,True,,,not_explicit_in_available_metadata,https://www.nature.com/articles/s41467-023-38975-8,,,CC-BY-NC-SA-4.0,,original_label_requires_clarification,Homo sapiens,Visium,Kidney,True,281b90f098bb66e466d9126448ea6d9285d5a0b7849d352e1cf6e68402b77b3a
NCBI568,MahmoodLab/hest,MahmoodLab/hest:st/NCBI568.h5ad,8b42ca7f80bc475644ac9a520bba7b9cccbce10d,local Hugging Face download receipt,st/NCBI568.h5ad,https://huggingface.co/datasets/MahmoodLab/hest/resolve/8b42ca7f80bc475644ac9a520bba7b9cccbce10d/st/NCBI568.h5ad,b7db1f8d208c19f8b1374ea986cfd2c804d8aee0f21591c05e80553e4395f89c,b7db1f8d208c19f8b1374ea986cfd2c804d8aee0f21591c05e80553e4395f89c,True,,,not_explicit_in_available_metadata,https://www.nature.com/articles/s41467-023-38975-8,,,CC-BY-NC-SA-4.0,,original_label_requires_clarification,Homo sapiens,Visium,Kidney,True,2ed3f3b64d33ecc4f1cee60f1fc41db01d2ca067884447413ecd706aacaaec7e
NCBI569,MahmoodLab/hest,MahmoodLab/hest:st/NCBI569.h5ad,8b42ca7f80bc475644ac9a520bba7b9cccbce10d,local Hugging Face download receipt,st/NCBI569.h5ad,https://huggingface.co/datasets/MahmoodLab/hest/resolve/8b42ca7f80bc475644ac9a520bba7b9cccbce10d/st/NCBI569.h5ad,f231b6840c3af3e0878e5e7cafe0303f88b86b2311b1bb61ef93741b71665a9b,f231b6840c3af3e0878e5e7cafe0303f88b86b2311b1bb61ef93741b71665a9b,True,,,not_explicit_in_available_metadata,https://www.nature.com/articles/s41467-023-40314-w,,,CC-BY-NC-SA-4.0,,original_label_requires_clarification,Homo sapiens,Visium,Pancreas,True,b41bac2503e1cc8522379a8385ef1a8f0d9f1798855e2e091963e4083ac50945
NCBI57,MahmoodLab/hest,MahmoodLab/hest:st/NCBI57.h5ad,8b42ca7f80bc475644ac9a520bba7b9cccbce10d,local Hugging Face download receipt,st/NCBI57.h5ad,https://huggingface.co/datasets/MahmoodLab/hest/resolve/8b42ca7f80bc475644ac9a520bba7b9cccbce10d/st/NCBI57.h5ad,cafe2571b357d7aa9ab769a008488457507659ac3303aacf148212d07e6bd7e9,cafe2571b357d7aa9ab769a008488457507659ac3303aacf148212d07e6bd7e9,True,,,not_explicit_in_available_metadata,https://www.science.org/doi/10.1126/science.aav9776?url_ver=Z39.88-2003&rfr_id=ori:rid:crossref.org&rfr_dat=cr_pub%20%200pubmed,,10.1126/science.aav9776?url_ver=Z39.88-2003&rfr_id=ori:rid:crossref.org&rfr_dat=cr_pub%20%200pubmed,CC-BY-NC-SA-4.0,,original_label_requires_clarification,Mus musculus,Spatial Transcriptomics,Spinal cord,True,de9e537ff9348d63cde272dd42c4968cfaf966d15d717c6542a445d829a19cfc
NCBI570,MahmoodLab/hest,MahmoodLab/hest:st/NCBI570.h5ad,8b42ca7f80bc475644ac9a520bba7b9cccbce10d,local Hugging Face download receipt,st/NCBI570.h5ad,https://huggingface.co/datasets/MahmoodLab/hest/resolve/8b42ca7f80bc475644ac9a520bba7b9cccbce10d/st/NCBI570.h5ad,ec185f612cfd9c24d9f4308e90cdc271f750b28f3084b0dce32c3c6ac5adf984,ec185f612cfd9c24d9f4308e90cdc271f750b28f3084b0dce32c3c6ac5adf984,True,,,not_explicit_in_available_metadata,https://www.nature.com/articles/s41467-023-40314-w,,,CC-BY-NC-SA-4.0,,original_label_requires_clarification,Homo sapiens,Visium,Pancreas,True,7a1f727ff7f0924485063e1da81144e9f928eaedeb309a371d1eac46b145554e
NCBI571,MahmoodLab/hest,MahmoodLab/hest:st/NCBI571.h5ad,8b42ca7f80bc475644ac9a520bba7b9cccbce10d,local Hugging Face download receipt,st/NCBI571.h5ad,https://huggingface.co/datasets/MahmoodLab/hest/resolve/8b42ca7f80bc475644ac9a520bba7b9cccbce10d/st/NCBI571.h5ad,86a3a9b1df1f6f73153d4b4c22f0f7bf95dd94e7049c518362d8002f48b8ad4f,86a3a9b1df1f6f73153d4b4c22f0f7bf95dd94e7049c518362d8002f48b8ad4f,True,,,not_explicit_in_available_metadata,https://www.nature.com/articles/s41467-023-40314-w,,,CC-BY-NC-SA-4.0,,original_label_requires_clarification,Homo sapiens,Visium,Pancreas,True,59f677db02c52e11f01c7502c0d6743e1c0ad595f06f7a52f615cd7ebb2fa0d3
NCBI572,MahmoodLab/hest,MahmoodLab/hest:st/NCBI572.h5ad,8b42ca7f80bc475644ac9a520bba7b9cccbce10d,local Hugging Face download receipt,st/NCBI572.h5ad,https://huggingface.co/datasets/MahmoodLab/hest/resolve/8b42ca7f80bc475644ac9a520bba7b9cccbce10d/st/NCBI572.h5ad,475429d340529052fad715833b6b2affa126f1e88ac7d73e9a85109869ef56b6,475429d340529052fad715833b6b2affa126f1e88ac7d73e9a85109869ef56b6,True,,,not_explicit_in_available_metadata,https://www.nature.com/articles/s41467-023-40314-w,,,CC-BY-NC-SA-4.0,,original_label_requires_clarification,Homo sapiens,Visium,Pancreas,True,513d0256cc07ac8794494022761df4a193f83044c0b1e3bb83c41824d41cb299
NCBI573,MahmoodLab/hest,MahmoodLab/hest:st/NCBI573.h5ad,8b42ca7f80bc475644ac9a520bba7b9cccbce10d,local Hugging Face download receipt,st/NCBI573.h5ad,https://huggingface.co/datasets/MahmoodLab/hest/resolve/8b42ca7f80bc475644ac9a520bba7b9cccbce10d/st/NCBI573.h5ad,ac93c2aaf9d7b3821b79c716429c93e42d97f1ce7b0aa454e79ebe6b9eed69bc,ac93c2aaf9d7b3821b79c716429c93e42d97f1ce7b0aa454e79ebe6b9eed69bc,True,,,not_explicit_in_available_metadata,https://pubmed.ncbi.nlm.nih.gov/37423216/,,,CC-BY-NC-SA-4.0,,original_label_requires_clarification,Homo sapiens,Visium,Uterus,True,0e4f1b6648659bd4f70cbdd2a1b7eddd0e6287a696d542ae3b4ecc9890cfebed
NCBI574,MahmoodLab/hest,MahmoodLab/hest:st/NCBI574.h5ad,8b42ca7f80bc475644ac9a520bba7b9cccbce10d,local Hugging Face download receipt,st/NCBI574.h5ad,https://huggingface.co/datasets/MahmoodLab/hest/resolve/8b42ca7f80bc475644ac9a520bba7b9cccbce10d/st/NCBI574.h5ad,0f1611f9be81235e863a5a776fcc3474df724836abf1893f11512316f4cc7ba0,0f1611f9be81235e863a5a776fcc3474df724836abf1893f11512316f4cc7ba0,True,,,not_explicit_in_available_metadata,https://pubmed.ncbi.nlm.nih.gov/37423216/,,,CC-BY-NC-SA-4.0,,original_label_requires_clarification,Homo sapiens,Visium,Uterus,True,d509581c6bef32a493e0057633ac4d8907ec62d7e8636b3d35e6cb6c8a36440b
NCBI575,MahmoodLab/hest,MahmoodLab/hest:st/NCBI575.h5ad,8b42ca7f80bc475644ac9a520bba7b9cccbce10d,local Hugging Face download receipt,st/NCBI575.h5ad,https://huggingface.co/datasets/MahmoodLab/hest/resolve/8b42ca7f80bc475644ac9a520bba7b9cccbce10d/st/NCBI575.h5ad,e5c64eed62920963d824bf9861752b8a41a434fd71db33e813ecfb2eea8ae77c,e5c64eed62920963d824bf9861752b8a41a434fd71db33e813ecfb2eea8ae77c,True,,,not_explicit_in_available_metadata,https://pubmed.ncbi.nlm.nih.gov/37423216/,,,CC-BY-NC-SA-4.0,,original_label_requires_clarification,Homo sapiens,Visium,Uterus,True,c71dc102dc47be5132bce113afb51b2b69c170f0f171577bf097e98d1db26cfb
NCBI576,MahmoodLab/hest,MahmoodLab/hest:st/NCBI576.h5ad,8b42ca7f80bc475644ac9a520bba7b9cccbce10d,local Hugging Face download receipt,st/NCBI576.h5ad,https://huggingface.co/datasets/MahmoodLab/hest/resolve/8b42ca7f80bc475644ac9a520bba7b9cccbce10d/st/NCBI576.h5ad,3f1e4b01b6bb9a5e3368f3af0d7dbfec7fe34f30380b456b9ac74f8e0fa733d7,3f1e4b01b6bb9a5e3368f3af0d7dbfec7fe34f30380b456b9ac74f8e0fa733d7,True,,,not_explicit_in_available_metadata,https://pubmed.ncbi.nlm.nih.gov/37423216/,,,CC-BY-NC-SA-4.0,,original_label_requires_clarification,Homo sapiens,Visium,Uterus,True,275bf3bb3a210cbe136b0ce947b7eb5106cc2c8b0250171a0dba2fe74fd18b13
NCBI58,MahmoodLab/hest,MahmoodLab/hest:st/NCBI58.h5ad,8b42ca7f80bc475644ac9a520bba7b9cccbce10d,local Hugging Face download receipt,st/NCBI58.h5ad,https://huggingface.co/datasets/MahmoodLab/hest/resolve/8b42ca7f80bc475644ac9a520bba7b9cccbce10d/st/NCBI58.h5ad,1ff7a201f47b6a33752d97b50fcd1a507bab1dacb07ce3caddda647472f84e6b,1ff7a201f47b6a33752d97b50fcd1a507bab1dacb07ce3caddda647472f84e6b,True,,,not_explicit_in_available_metadata,https://www.science.org/doi/10.1126/science.aav9776?url_ver=Z39.88-2003&rfr_id=ori:rid:crossref.org&rfr_dat=cr_pub%20%200pubmed,,10.1126/science.aav9776?url_ver=Z39.88-2003&rfr_id=ori:rid:crossref.org&rfr_dat=cr_pub%20%200pubmed,CC-BY-NC-SA-4.0,,original_label_requires_clarification,Mus musculus,Spatial Transcriptomics,Spinal cord,True,e57fa753776b41e2a5c705dcc76273e00d5dcb729ab49aa0eddc5bcd9bc40af1
NCBI591,MahmoodLab/hest,MahmoodLab/hest:st/NCBI591.h5ad,8b42ca7f80bc475644ac9a520bba7b9cccbce10d,local Hugging Face download receipt,st/NCBI591.h5ad,https://huggingface.co/datasets/MahmoodLab/hest/resolve/8b42ca7f80bc475644ac9a520bba7b9cccbce10d/st/NCBI591.h5ad,cf207d36b99e22ed8babb22acdc2b53bfb168737ea18e9067e0bc4acb55fece4,cf207d36b99e22ed8babb22acdc2b53bfb168737ea18e9067e0bc4acb55fece4,True,,,not_explicit_in_available_metadata,https://www.ncbi.nlm.nih.gov/pmc/articles/PMC10312719/,,,CC-BY-NC-SA-4.0,CC BY-NC-ND 4.0 DEED,provider_label_retained_not_individual_legal_clearance,Homo sapiens,Visium,Eye,True,0cc3c935d116c2c112e1ba03aa64e8a8cfb4ab3ace02e14cf97eaa51fe4b7291
NCBI592,MahmoodLab/hest,MahmoodLab/hest:st/NCBI592.h5ad,8b42ca7f80bc475644ac9a520bba7b9cccbce10d,local Hugging Face download receipt,st/NCBI592.h5ad,https://huggingface.co/datasets/MahmoodLab/hest/resolve/8b42ca7f80bc475644ac9a520bba7b9cccbce10d/st/NCBI592.h5ad,5ac7648e3a5a361acafa8bc5f5c0db13c8c7122306f9e7324acfac26bc53830e,5ac7648e3a5a361acafa8bc5f5c0db13c8c7122306f9e7324acfac26bc53830e,True,,,not_explicit_in_available_metadata,https://www.ncbi.nlm.nih.gov/pmc/articles/PMC10312719/,,,CC-BY-NC-SA-4.0,CC BY-NC-ND 4.0 DEED,provider_label_retained_not_individual_legal_clearance,Homo sapiens,Visium,Eye,True,d118957fe3f93b54a15c7b4bdd281ce44ee9536612d0aba79c0b2d0b13149c6b
NCBI593,MahmoodLab/hest,MahmoodLab/hest:st/NCBI593.h5ad,8b42ca7f80bc475644ac9a520bba7b9cccbce10d,local Hugging Face download receipt,st/NCBI593.h5ad,https://huggingface.co/datasets/MahmoodLab/hest/resolve/8b42ca7f80bc475644ac9a520bba7b9cccbce10d/st/NCBI593.h5ad,f1c353328b57f54e730a962d53af143abc57acf84a0991f3ddf11f9bb2e341bb,f1c353328b57f54e730a962d53af143abc57acf84a0991f3ddf11f9bb2e341bb,True,,,not_explicit_in_available_metadata,https://www.ncbi.nlm.nih.gov/pmc/articles/PMC10312719/,,,CC-BY-NC-SA-4.0,CC BY-NC-ND 4.0 DEED,provider_label_retained_not_individual_legal_clearance,Homo sapiens,Visium,Eye,True,75c3517f2beca6bdf1c1be17fabd912f4e1426610662d06a33fbb9d8d6a9c500
NCBI595,MahmoodLab/hest,MahmoodLab/hest:st/NCBI595.h5ad,8b42ca7f80bc475644ac9a520bba7b9cccbce10d,local Hugging Face download receipt,st/NCBI595.h5ad,https://huggingface.co/datasets/MahmoodLab/hest/resolve/8b42ca7f80bc475644ac9a520bba7b9cccbce10d/st/NCBI595.h5ad,65c750c9a0596725c572c1b3f8e01c645d153fcd63146082ecc2b9322414d5fd,65c750c9a0596725c572c1b3f8e01c645d153fcd63146082ecc2b9322414d5fd,True,,,not_explicit_in_available_metadata,https://www.ncbi.nlm.nih.gov/pmc/articles/PMC10312719/,,,CC-BY-NC-SA-4.0,CC BY-NC-ND 4.0 DEED,provider_label_retained_not_individual_legal_clearance,Homo sapiens,Visium,Eye,True,cc9d9acfff08d18061bbf16871215287fc51447a3a176a681883e85696d25205
NCBI596,MahmoodLab/hest,MahmoodLab/hest:st/NCBI596.h5ad,8b42ca7f80bc475644ac9a520bba7b9cccbce10d,local Hugging Face download receipt,st/NCBI596.h5ad,https://huggingface.co/datasets/MahmoodLab/hest/resolve/8b42ca7f80bc475644ac9a520bba7b9cccbce10d/st/NCBI596.h5ad,bdcede19ac5d18222bdceaa7903860de16b7697ec4e8d0699b2fcad05e340c62,bdcede19ac5d18222bdceaa7903860de16b7697ec4e8d0699b2fcad05e340c62,True,,,not_explicit_in_available_metadata,,,,CC-BY-NC-SA-4.0,,original_label_requires_clarification,Mus musculus,Visium,Kidney,True,4e5c940a00964820fee57656b449de5fc0295d4b653ec102112f0c505535efd4
NCBI598,MahmoodLab/hest,MahmoodLab/hest:st/NCBI598.h5ad,8b42ca7f80bc475644ac9a520bba7b9cccbce10d,local Hugging Face download receipt,st/NCBI598.h5ad,https://huggingface.co/datasets/MahmoodLab/hest/resolve/8b42ca7f80bc475644ac9a520bba7b9cccbce10d/st/NCBI598.h5ad,138473d6e6c23a23671006b17357b4d0c2be8935e6aa7a071b28134cef27eb19,138473d6e6c23a23671006b17357b4d0c2be8935e6aa7a071b28134cef27eb19,True,,,not_explicit_in_available_metadata,,,,CC-BY-NC-SA-4.0,,original_label_requires_clarification,Mus musculus,Visium,Kidney,True,b9570503ba546e7ec1b1d64ee073fc85244057a7ddac86f7ff5a61b26d6765d8
NCBI6,MahmoodLab/hest,MahmoodLab/hest:st/NCBI6.h5ad,8b42ca7f80bc475644ac9a520bba7b9cccbce10d,local Hugging Face download receipt,st/NCBI6.h5ad,https://huggingface.co/datasets/MahmoodLab/hest/resolve/8b42ca7f80bc475644ac9a520bba7b9cccbce10d/st/NCBI6.h5ad,1810f05ad0ccb38cae4a19c293de269d8417a156b7180bf0667db6cd0dfd0e8d,1810f05ad0ccb38cae4a19c293de269d8417a156b7180bf0667db6cd0dfd0e8d,True,,,not_explicit_in_available_metadata,https://www.science.org/doi/10.1126/science.aav9776?url_ver=Z39.88-2003&rfr_id=ori:rid:crossref.org&rfr_dat=cr_pub%20%200pubmed,,10.1126/science.aav9776?url_ver=Z39.88-2003&rfr_id=ori:rid:crossref.org&rfr_dat=cr_pub%20%200pubmed,CC-BY-NC-SA-4.0,,original_label_requires_clarification,Mus musculus,Spatial Transcriptomics,Spinal cord,True,79bb5a60015ca595a3a6f3b3e48360a97e41d5d55db85f7a9be4f0483a0c6292
NCBI60,MahmoodLab/hest,MahmoodLab/hest:st/NCBI60.h5ad,8b42ca7f80bc475644ac9a520bba7b9cccbce10d,local Hugging Face download receipt,st/NCBI60.h5ad,https://huggingface.co/datasets/MahmoodLab/hest/resolve/8b42ca7f80bc475644ac9a520bba7b9cccbce10d/st/NCBI60.h5ad,882393ace58dbe51050b63158d90ed7fcbb4256ecca4c18f9d347bef5570cc5a,882393ace58dbe51050b63158d90ed7fcbb4256ecca4c18f9d347bef5570cc5a,True,,,not_explicit_in_available_metadata,https://www.science.org/doi/10.1126/science.aav9776?url_ver=Z39.88-2003&rfr_id=ori:rid:crossref.org&rfr_dat=cr_pub%20%200pubmed,,10.1126/science.aav9776?url_ver=Z39.88-2003&rfr_id=ori:rid:crossref.org&rfr_dat=cr_pub%20%200pubmed,CC-BY-NC-SA-4.0,,original_label_requires_clarification,Mus musculus,Spatial Transcriptomics,Spinal cord,True,451f22b1dca73a985f755db006f1a48b65f9119162d86ff2073add7184917b27
NCBI600,MahmoodLab/hest,MahmoodLab/hest:st/NCBI600.h5ad,8b42ca7f80bc475644ac9a520bba7b9cccbce10d,local Hugging Face download receipt,st/NCBI600.h5ad,https://huggingface.co/datasets/MahmoodLab/hest/resolve/8b42ca7f80bc475644ac9a520bba7b9cccbce10d/st/NCBI600.h5ad,758d0a0032bc106b1ffe24fe309f1244d07d724abf86da149a872c8283e2a908,758d0a0032bc106b1ffe24fe309f1244d07d724abf86da149a872c8283e2a908,True,,,not_explicit_in_available_metadata,,,,CC-BY-NC-SA-4.0,,original_label_requires_clarification,Homo sapiens,Visium,Bladder,True,790b582dbab9c6cb6672422c6b0080b59629e9e96fa3fc6fd1806d77102f62f8
NCBI601,MahmoodLab/hest,MahmoodLab/hest:st/NCBI601.h5ad,8b42ca7f80bc475644ac9a520bba7b9cccbce10d,local Hugging Face download receipt,st/NCBI601.h5ad,https://huggingface.co/datasets/MahmoodLab/hest/resolve/8b42ca7f80bc475644ac9a520bba7b9cccbce10d/st/NCBI601.h5ad,c8cd08bbfefb77d130a7a31d3dd60d674e5d99a0be154f21e605dc3e1c305de5,c8cd08bbfefb77d130a7a31d3dd60d674e5d99a0be154f21e605dc3e1c305de5,True,,,not_explicit_in_available_metadata,,,,CC-BY-NC-SA-4.0,,original_label_requires_clarification,Homo sapiens,Visium,Bladder,True,addcd49700900eef439861928b51d0dc81fcc9504fa09c77d1cd51c1810fc35a
NCBI602,MahmoodLab/hest,MahmoodLab/hest:st/NCBI602.h5ad,8b42ca7f80bc475644ac9a520bba7b9cccbce10d,local Hugging Face download receipt,st/NCBI602.h5ad,https://huggingface.co/datasets/MahmoodLab/hest/resolve/8b42ca7f80bc475644ac9a520bba7b9cccbce10d/st/NCBI602.h5ad,d01d9a72a7e82d9049b8b9363763bca45cf758ec42f3a633d8e023fb9b372ab1,d01d9a72a7e82d9049b8b9363763bca45cf758ec42f3a633d8e023fb9b372ab1,True,,,not_explicit_in_available_metadata,,,,CC-BY-NC-SA-4.0,,original_label_requires_clarification,Homo sapiens,Visium,Bladder,True,9c70b239e9e377a0ee4196f8631d1429948f0f09218ced8e7f7db932c750e03a
NCBI603,MahmoodLab/hest,MahmoodLab/hest:st/NCBI603.h5ad,8b42ca7f80bc475644ac9a520bba7b9cccbce10d,local Hugging Face download receipt,st/NCBI603.h5ad,https://huggingface.co/datasets/MahmoodLab/hest/resolve/8b42ca7f80bc475644ac9a520bba7b9cccbce10d/st/NCBI603.h5ad,34cdd7d7fb2ce1a020a32426056d9d348cc97dc4e21797822c6ee15ce2f511fd,34cdd7d7fb2ce1a020a32426056d9d348cc97dc4e21797822c6ee15ce2f511fd,True,,,not_explicit_in_available_metadata,,,,CC-BY-NC-SA-4.0,,original_label_requires_clarification,Homo sapiens,Visium,Bladder,True,1f5ac41c0daa4eb2f08559567e16a7a438b7d14ff988c00c6a5e93fed495260d
NCBI61,MahmoodLab/hest,MahmoodLab/hest:st/NCBI61.h5ad,8b42ca7f80bc475644ac9a520bba7b9cccbce10d,local Hugging Face download receipt,st/NCBI61.h5ad,https://huggingface.co/datasets/MahmoodLab/hest/resolve/8b42ca7f80bc475644ac9a520bba7b9cccbce10d/st/NCBI61.h5ad,252b1c6cc9e193c7895b78588ef52ec816c06c74a43c16197e1bf8d8aaf63c0c,252b1c6cc9e193c7895b78588ef52ec816c06c74a43c16197e1bf8d8aaf63c0c,True,,,not_explicit_in_available_metadata,https://www.science.org/doi/10.1126/science.aav9776?url_ver=Z39.88-2003&rfr_id=ori:rid:crossref.org&rfr_dat=cr_pub%20%200pubmed,,10.1126/science.aav9776?url_ver=Z39.88-2003&rfr_id=ori:rid:crossref.org&rfr_dat=cr_pub%20%200pubmed,CC-BY-NC-SA-4.0,,original_label_requires_clarification,Mus musculus,Spatial Transcriptomics,Spinal cord,True,a7ea480d928589b204b284fd104d26ea0d628b6122d5017d78a08abad989aebe
NCBI618,MahmoodLab/hest,MahmoodLab/hest:st/NCBI618.h5ad,8b42ca7f80bc475644ac9a520bba7b9cccbce10d,local Hugging Face download receipt,st/NCBI618.h5ad,https://huggingface.co/datasets/MahmoodLab/hest/resolve/8b42ca7f80bc475644ac9a520bba7b9cccbce10d/st/NCBI618.h5ad,6617d7af3f47fed5c8a3bdeac107db4498616bc3c904d5e5108ce50cbf585588,6617d7af3f47fed5c8a3bdeac107db4498616bc3c904d5e5108ce50cbf585588,True,,,not_explicit_in_available_metadata,https://www.nature.com/articles/s41467-023-39717-6,,,CC-BY-NC-SA-4.0,,original_label_requires_clarification,Mus musculus,Visium,Liver,True,b96ae06f2158016dc771f60ebb11ce76ea3bca3908ef96d44b37621432d9398b
NCBI619,MahmoodLab/hest,MahmoodLab/hest:st/NCBI619.h5ad,8b42ca7f80bc475644ac9a520bba7b9cccbce10d,local Hugging Face download receipt,st/NCBI619.h5ad,https://huggingface.co/datasets/MahmoodLab/hest/resolve/8b42ca7f80bc475644ac9a520bba7b9cccbce10d/st/NCBI619.h5ad,ea3c8e3b6ac4f8a8ad43e3779382c35fbd7128bb0b3d82162b9dc626ad002560,ea3c8e3b6ac4f8a8ad43e3779382c35fbd7128bb0b3d82162b9dc626ad002560,True,,,not_explicit_in_available_metadata,https://www.nature.com/articles/s41467-023-39717-6,,,CC-BY-NC-SA-4.0,,original_label_requires_clarification,Mus musculus,Visium,Liver,True,27481cfc968c14c355194b90d7df351561b5a1439c60a7e2fdfd8be10154dfc4
NCBI62,MahmoodLab/hest,MahmoodLab/hest:st/NCBI62.h5ad,8b42ca7f80bc475644ac9a520bba7b9cccbce10d,local Hugging Face download receipt,st/NCBI62.h5ad,https://huggingface.co/datasets/MahmoodLab/hest/resolve/8b42ca7f80bc475644ac9a520bba7b9cccbce10d/st/NCBI62.h5ad,03d6d2c9e63e38aec780f2ae0092e7692fff901d6c423ffe0ea6edfdea9653d1,03d6d2c9e63e38aec780f2ae0092e7692fff901d6c423ffe0ea6edfdea9653d1,True,,,not_explicit_in_available_metadata,https://www.science.org/doi/10.1126/science.aav9776?url_ver=Z39.88-2003&rfr_id=ori:rid:crossref.org&rfr_dat=cr_pub%20%200pubmed,,10.1126/science.aav9776?url_ver=Z39.88-2003&rfr_id=ori:rid:crossref.org&rfr_dat=cr_pub%20%200pubmed,CC-BY-NC-SA-4.0,,original_label_requires_clarification,Mus musculus,Spatial Transcriptomics,Spinal cord,True,0668b62d3d5ef5ba0699abc2eaf5f3e2741b8d903202f22ad0ce9cd21744b2e7
NCBI622,MahmoodLab/hest,MahmoodLab/hest:st/NCBI622.h5ad,8b42ca7f80bc475644ac9a520bba7b9cccbce10d,local Hugging Face download receipt,st/NCBI622.h5ad,https://huggingface.co/datasets/MahmoodLab/hest/resolve/8b42ca7f80bc475644ac9a520bba7b9cccbce10d/st/NCBI622.h5ad,c1464e647eee0cead96855d42796a9d8cbfa1e371bbb305264186d0e3c0e937c,c1464e647eee0cead96855d42796a9d8cbfa1e371bbb305264186d0e3c0e937c,True,,,not_explicit_in_available_metadata,https://www.nature.com/articles/s41467-023-39717-6,,,CC-BY-NC-SA-4.0,,original_label_requires_clarification,Mus musculus,Visium,Liver,True,dfb37b427dd84bd867c9ed4244ccf629d458ad573b2538b8b87fb4f5626678d4
NCBI623,MahmoodLab/hest,MahmoodLab/hest:st/NCBI623.h5ad,8b42ca7f80bc475644ac9a520bba7b9cccbce10d,local Hugging Face download receipt,st/NCBI623.h5ad,https://huggingface.co/datasets/MahmoodLab/hest/resolve/8b42ca7f80bc475644ac9a520bba7b9cccbce10d/st/NCBI623.h5ad,309922e82dfc04ee4ad08854b511dac04176d28049c7f1de53160d330d0c7ba1,309922e82dfc04ee4ad08854b511dac04176d28049c7f1de53160d330d0c7ba1,True,,,not_explicit_in_available_metadata,https://www.nature.com/articles/s41467-023-39717-6,,,CC-BY-NC-SA-4.0,,original_label_requires_clarification,Mus musculus,Visium,Liver,True,c5d96f4d790d38843f33ba1a6abbbcfe808c89aec733919ef2d213bec8ca7105
NCBI624,MahmoodLab/hest,MahmoodLab/hest:st/NCBI624.h5ad,8b42ca7f80bc475644ac9a520bba7b9cccbce10d,local Hugging Face download receipt,st/NCBI624.h5ad,https://huggingface.co/datasets/MahmoodLab/hest/resolve/8b42ca7f80bc475644ac9a520bba7b9cccbce10d/st/NCBI624.h5ad,edc1320606eba3f73e07fce7f6aef6d9c960613a0d610b658a2b3a9b9a22dfa2,edc1320606eba3f73e07fce7f6aef6d9c960613a0d610b658a2b3a9b9a22dfa2,True,,,not_explicit_in_available_metadata,https://www.nature.com/articles/s41467-023-39717-6,,,CC-BY-NC-SA-4.0,,original_label_requires_clarification,Mus musculus,Visium,Liver,True,e30ef097489f9c8df7a67e515bebf161647235a3a3ab124892f5a5277f9c1598
NCBI625,MahmoodLab/hest,MahmoodLab/hest:st/NCBI625.h5ad,8b42ca7f80bc475644ac9a520bba7b9cccbce10d,local Hugging Face download receipt,st/NCBI625.h5ad,https://huggingface.co/datasets/MahmoodLab/hest/resolve/8b42ca7f80bc475644ac9a520bba7b9cccbce10d/st/NCBI625.h5ad,d0730b7e03ac34eda954ebacee8b16ec742efd8532c0a23ee9dfd90c033203d1,d0730b7e03ac34eda954ebacee8b16ec742efd8532c0a23ee9dfd90c033203d1,True,,,not_explicit_in_available_metadata,https://www.nature.com/articles/s41467-023-39717-6,,,CC-BY-NC-SA-4.0,,original_label_requires_clarification,Mus musculus,Visium,Liver,True,6e5711cd38eb6946240bcd36a2ea5d32af2edf68f74fdd62c0b730a211376659
NCBI626,MahmoodLab/hest,MahmoodLab/hest:st/NCBI626.h5ad,8b42ca7f80bc475644ac9a520bba7b9cccbce10d,local Hugging Face download receipt,st/NCBI626.h5ad,https://huggingface.co/datasets/MahmoodLab/hest/resolve/8b42ca7f80bc475644ac9a520bba7b9cccbce10d/st/NCBI626.h5ad,c5f135ec6dfdf4e2a1aa72871dc90abbc874cb7ba633af7d8f184ebb64d76d82,c5f135ec6dfdf4e2a1aa72871dc90abbc874cb7ba633af7d8f184ebb64d76d82,True,,,not_explicit_in_available_metadata,https://www.nature.com/articles/s41467-023-39717-6,,,CC-BY-NC-SA-4.0,,original_label_requires_clarification,Mus musculus,Visium,Liver,True,59ba0987f165e6626a31f185004a6e42606a9d27cca40ef588c5ebd9bef16fdd
NCBI627,MahmoodLab/hest,MahmoodLab/hest:st/NCBI627.h5ad,8b42ca7f80bc475644ac9a520bba7b9cccbce10d,local Hugging Face download receipt,st/NCBI627.h5ad,https://huggingface.co/datasets/MahmoodLab/hest/resolve/8b42ca7f80bc475644ac9a520bba7b9cccbce10d/st/NCBI627.h5ad,669465980b6a990d89c5ce1acf52c30ff5dee9e24953552a79fb6d1de3ec7486,669465980b6a990d89c5ce1acf52c30ff5dee9e24953552a79fb6d1de3ec7486,True,,,not_explicit_in_available_metadata,https://www.nature.com/articles/s41467-023-39717-6,,,CC-BY-NC-SA-4.0,,original_label_requires_clarification,Mus musculus,Visium,Liver,True,c7bd327a796cf9feaeb990a1ac24af9cd43c5b35701a00b4b41a33c17e2226e6
NCBI628,MahmoodLab/hest,MahmoodLab/hest:st/NCBI628.h5ad,8b42ca7f80bc475644ac9a520bba7b9cccbce10d,local Hugging Face download receipt,st/NCBI628.h5ad,https://huggingface.co/datasets/MahmoodLab/hest/resolve/8b42ca7f80bc475644ac9a520bba7b9cccbce10d/st/NCBI628.h5ad,91a11ed09107d9ba702966edb3e72133650133a8cc8eac5549b235fd24c0ceb5,91a11ed09107d9ba702966edb3e72133650133a8cc8eac5549b235fd24c0ceb5,True,,,not_explicit_in_available_metadata,https://academic.oup.com/neuro-oncology/article/24/Supplement_1/i45/6600572,,,CC-BY-NC-SA-4.0,,original_label_requires_clarification,Homo sapiens,Visium,Brain,True,b14f753b33d048c70b0e4cb78f81aabebdb3a16123ab6bf2afd5186d87dd40d7
NCBI629,MahmoodLab/hest,MahmoodLab/hest:st/NCBI629.h5ad,8b42ca7f80bc475644ac9a520bba7b9cccbce10d,local Hugging Face download receipt,st/NCBI629.h5ad,https://huggingface.co/datasets/MahmoodLab/hest/resolve/8b42ca7f80bc475644ac9a520bba7b9cccbce10d/st/NCBI629.h5ad,bb692ffc9f583ce689e6276a7ee2b879ff8263c146aa913718cf2ddced3af60e,bb692ffc9f583ce689e6276a7ee2b879ff8263c146aa913718cf2ddced3af60e,True,,,not_explicit_in_available_metadata,https://academic.oup.com/neuro-oncology/article/24/Supplement_1/i45/6600572,,,CC-BY-NC-SA-4.0,,original_label_requires_clarification,Homo sapiens,Visium,Brain,True,328638b680a6a8458d79ac5bafffd06b1bc9a1b6d88e798185fb383b423652a5
NCBI63,MahmoodLab/hest,MahmoodLab/hest:st/NCBI63.h5ad,8b42ca7f80bc475644ac9a520bba7b9cccbce10d,local Hugging Face download receipt,st/NCBI63.h5ad,https://huggingface.co/datasets/MahmoodLab/hest/resolve/8b42ca7f80bc475644ac9a520bba7b9cccbce10d/st/NCBI63.h5ad,a00784c80521d2b125b3c4dbe0816659e46eb5463a90961a9028926ece7f67a5,a00784c80521d2b125b3c4dbe0816659e46eb5463a90961a9028926ece7f67a5,True,,,not_explicit_in_available_metadata,https://www.science.org/doi/10.1126/science.aav9776?url_ver=Z39.88-2003&rfr_id=ori:rid:crossref.org&rfr_dat=cr_pub%20%200pubmed,,10.1126/science.aav9776?url_ver=Z39.88-2003&rfr_id=ori:rid:crossref.org&rfr_dat=cr_pub%20%200pubmed,CC-BY-NC-SA-4.0,,original_label_requires_clarification,Mus musculus,Spatial Transcriptomics,Spinal cord,True,2f2b8fcec1eb4c41117d5f02c86bbb770316cd8af1e2e4e8cd08c2c7c4d719e6
NCBI630,MahmoodLab/hest,MahmoodLab/hest:st/NCBI630.h5ad,8b42ca7f80bc475644ac9a520bba7b9cccbce10d,local Hugging Face download receipt,st/NCBI630.h5ad,https://huggingface.co/datasets/MahmoodLab/hest/resolve/8b42ca7f80bc475644ac9a520bba7b9cccbce10d/st/NCBI630.h5ad,3458976be455e2def1d495e5b1248c9822a4c1b063f875ee771640c8f6350658,3458976be455e2def1d495e5b1248c9822a4c1b063f875ee771640c8f6350658,True,,,not_explicit_in_available_metadata,https://academic.oup.com/neuro-oncology/article/24/Supplement_1/i45/6600572,,,CC-BY-NC-SA-4.0,,original_label_requires_clarification,Homo sapiens,Visium,Brain,True,f101923b83326391e1f9a6ebc20a85111e5edd23f1d66ecb9f85279407aca542
NCBI631,MahmoodLab/hest,MahmoodLab/hest:st/NCBI631.h5ad,8b42ca7f80bc475644ac9a520bba7b9cccbce10d,local Hugging Face download receipt,st/NCBI631.h5ad,https://huggingface.co/datasets/MahmoodLab/hest/resolve/8b42ca7f80bc475644ac9a520bba7b9cccbce10d/st/NCBI631.h5ad,6217c1a79871231e50c2b3e5c36873970d9e0341419effa5a3fae708e88a4d0f,6217c1a79871231e50c2b3e5c36873970d9e0341419effa5a3fae708e88a4d0f,True,,,not_explicit_in_available_metadata,https://academic.oup.com/neuro-oncology/article/24/Supplement_1/i45/6600572,,,CC-BY-NC-SA-4.0,,original_label_requires_clarification,Homo sapiens,Visium,Brain,True,d182fe0e5508272d7217e643ce5fd586a9e14eb84fe7a153fb79366233c38e0e
NCBI632,MahmoodLab/hest,MahmoodLab/hest:st/NCBI632.h5ad,8b42ca7f80bc475644ac9a520bba7b9cccbce10d,local Hugging Face download receipt,st/NCBI632.h5ad,https://huggingface.co/datasets/MahmoodLab/hest/resolve/8b42ca7f80bc475644ac9a520bba7b9cccbce10d/st/NCBI632.h5ad,b5bbd22a86853c27fc66dc848936c8f197523c8b600088ca23e452935230a7e4,b5bbd22a86853c27fc66dc848936c8f197523c8b600088ca23e452935230a7e4,True,,,not_explicit_in_available_metadata,https://academic.oup.com/neuro-oncology/article/24/Supplement_1/i45/6600572,,,CC-BY-NC-SA-4.0,,original_label_requires_clarification,Homo sapiens,Visium,Brain,True,c7c992cc35390b6e1aa413b53255b7dad03503d16bf1d5a49a09cbc9af26f855
NCBI633,MahmoodLab/hest,MahmoodLab/hest:st/NCBI633.h5ad,8b42ca7f80bc475644ac9a520bba7b9cccbce10d,local Hugging Face download receipt,st/NCBI633.h5ad,https://huggingface.co/datasets/MahmoodLab/hest/resolve/8b42ca7f80bc475644ac9a520bba7b9cccbce10d/st/NCBI633.h5ad,2d784fffe151764ba69c2046a60dcd85fb3d9dfcc2e386c7bfe4bca1de3e2f10,2d784fffe151764ba69c2046a60dcd85fb3d9dfcc2e386c7bfe4bca1de3e2f10,True,,,not_explicit_in_available_metadata,https://academic.oup.com/neuro-oncology/article/24/Supplement_1/i45/6600572,,,CC-BY-NC-SA-4.0,,original_label_requires_clarification,Homo sapiens,Visium,Brain,True,21a21e4790d0886439bad55ccd404d657e995b77e49dca7e4ee3fd7714117004
NCBI634,MahmoodLab/hest,MahmoodLab/hest:st/NCBI634.h5ad,8b42ca7f80bc475644ac9a520bba7b9cccbce10d,local Hugging Face download receipt,st/NCBI634.h5ad,https://huggingface.co/datasets/MahmoodLab/hest/resolve/8b42ca7f80bc475644ac9a520bba7b9cccbce10d/st/NCBI634.h5ad,6eb582ed3c956a782beef34adb5d9559e0aa4a6cda551cb3331523d4cf0cd2c6,6eb582ed3c956a782beef34adb5d9559e0aa4a6cda551cb3331523d4cf0cd2c6,True,,,not_explicit_in_available_metadata,https://academic.oup.com/neuro-oncology/article/24/Supplement_1/i45/6600572,,,CC-BY-NC-SA-4.0,,original_label_requires_clarification,Homo sapiens,Visium,Brain,True,158ae1f3b75aa65ebe11fd4fc5c5fd0a0b36c064f33bac4340ccb6ea2af31efc
NCBI635,MahmoodLab/hest,MahmoodLab/hest:st/NCBI635.h5ad,8b42ca7f80bc475644ac9a520bba7b9cccbce10d,local Hugging Face download receipt,st/NCBI635.h5ad,https://huggingface.co/datasets/MahmoodLab/hest/resolve/8b42ca7f80bc475644ac9a520bba7b9cccbce10d/st/NCBI635.h5ad,c0141effe4e84734c92d106981f9fd41c01c823ee94c8f38d5939875310671e4,c0141effe4e84734c92d106981f9fd41c01c823ee94c8f38d5939875310671e4,True,,,not_explicit_in_available_metadata,https://academic.oup.com/neuro-oncology/article/24/Supplement_1/i45/6600572,,,CC-BY-NC-SA-4.0,,original_label_requires_clarification,Homo sapiens,Visium,Brain,True,5383f3d21a1f13780d7dde89b0863fef854fb24816907fa7612e6d7f7faba3fe
NCBI637,MahmoodLab/hest,MahmoodLab/hest:st/NCBI637.h5ad,8b42ca7f80bc475644ac9a520bba7b9cccbce10d,local Hugging Face download receipt,st/NCBI637.h5ad,https://huggingface.co/datasets/MahmoodLab/hest/resolve/8b42ca7f80bc475644ac9a520bba7b9cccbce10d/st/NCBI637.h5ad,b3f5b2e3bbb9e80b80eb9f8f08b1ce9b1dbec0fb2450ba4b963775e72c3cd6b9,b3f5b2e3bbb9e80b80eb9f8f08b1ce9b1dbec0fb2450ba4b963775e72c3cd6b9,True,,,not_explicit_in_available_metadata,https://academic.oup.com/neuro-oncology/article/24/Supplement_1/i45/6600572,,,CC-BY-NC-SA-4.0,,original_label_requires_clarification,Homo sapiens,Visium,Brain,True,5ad2b49868891a358c4ece509a6127155bfca81812890edc85233dfbe1c1fd7a
NCBI638,MahmoodLab/hest,MahmoodLab/hest:st/NCBI638.h5ad,8b42ca7f80bc475644ac9a520bba7b9cccbce10d,local Hugging Face download receipt,st/NCBI638.h5ad,https://huggingface.co/datasets/MahmoodLab/hest/resolve/8b42ca7f80bc475644ac9a520bba7b9cccbce10d/st/NCBI638.h5ad,3f0fe0dc0870112a1d8430ec948cf0207d4461e2b49d80cc3dc73423b3bc49fd,3f0fe0dc0870112a1d8430ec948cf0207d4461e2b49d80cc3dc73423b3bc49fd,True,,,not_explicit_in_available_metadata,https://academic.oup.com/neuro-oncology/article/24/Supplement_1/i45/6600572,,,CC-BY-NC-SA-4.0,,original_label_requires_clarification,Homo sapiens,Visium,Brain,True,d2ca1e2483736a14a0a599ae69c9df38b7a77ccf6ae07ae04248b8e271f9efc5
NCBI639,MahmoodLab/hest,MahmoodLab/hest:st/NCBI639.h5ad,8b42ca7f80bc475644ac9a520bba7b9cccbce10d,local Hugging Face download receipt,st/NCBI639.h5ad,https://huggingface.co/datasets/MahmoodLab/hest/resolve/8b42ca7f80bc475644ac9a520bba7b9cccbce10d/st/NCBI639.h5ad,a85089a933f443aeafa01b1f0397175aa2f729dc46e7427fe0e219dc5d1d1a62,a85089a933f443aeafa01b1f0397175aa2f729dc46e7427fe0e219dc5d1d1a62,True,,,not_explicit_in_available_metadata,https://academic.oup.com/neuro-oncology/article/24/Supplement_1/i45/6600572,,,CC-BY-NC-SA-4.0,,original_label_requires_clarification,Homo sapiens,Visium,Brain,True,7a7625c5dd435125f0819a2601f63e8ad3634d4f598bd1fc24b45a313902cd35
NCBI64,MahmoodLab/hest,MahmoodLab/hest:st/NCBI64.h5ad,8b42ca7f80bc475644ac9a520bba7b9cccbce10d,local Hugging Face download receipt,st/NCBI64.h5ad,https://huggingface.co/datasets/MahmoodLab/hest/resolve/8b42ca7f80bc475644ac9a520bba7b9cccbce10d/st/NCBI64.h5ad,2cb8cebe917232e7176639c690176db6004c65d7034600d298bbe6dd46390ee2,2cb8cebe917232e7176639c690176db6004c65d7034600d298bbe6dd46390ee2,True,,,not_explicit_in_available_metadata,https://www.science.org/doi/10.1126/science.aav9776?url_ver=Z39.88-2003&rfr_id=ori:rid:crossref.org&rfr_dat=cr_pub%20%200pubmed,,10.1126/science.aav9776?url_ver=Z39.88-2003&rfr_id=ori:rid:crossref.org&rfr_dat=cr_pub%20%200pubmed,CC-BY-NC-SA-4.0,,original_label_requires_clarification,Mus musculus,Spatial Transcriptomics,Spinal cord,True,430106d5b77d36badc175644ff152d413d35d600c779b2018527e92aa80932e1
NCBI640,MahmoodLab/hest,MahmoodLab/hest:st/NCBI640.h5ad,8b42ca7f80bc475644ac9a520bba7b9cccbce10d,local Hugging Face download receipt,st/NCBI640.h5ad,https://huggingface.co/datasets/MahmoodLab/hest/resolve/8b42ca7f80bc475644ac9a520bba7b9cccbce10d/st/NCBI640.h5ad,72a82a2865ff2ea693a56fb792ab3839625ef80e97093c627cc2fc0c620bce41,72a82a2865ff2ea693a56fb792ab3839625ef80e97093c627cc2fc0c620bce41,True,,,not_explicit_in_available_metadata,https://academic.oup.com/neuro-oncology/article/24/Supplement_1/i45/6600572,,,CC-BY-NC-SA-4.0,,original_label_requires_clarification,Homo sapiens,Visium,Brain,True,a5d1e18eb09f110a43a377129b7b5233c84def513c6127a556e2758adb0d23bf
NCBI641,MahmoodLab/hest,MahmoodLab/hest:st/NCBI641.h5ad,8b42ca7f80bc475644ac9a520bba7b9cccbce10d,local Hugging Face download receipt,st/NCBI641.h5ad,https://huggingface.co/datasets/MahmoodLab/hest/resolve/8b42ca7f80bc475644ac9a520bba7b9cccbce10d/st/NCBI641.h5ad,44e2943879186d3334b36978cae28b95b82db8c68338681a4cf06146e0b53ad2,44e2943879186d3334b36978cae28b95b82db8c68338681a4cf06146e0b53ad2,True,,,not_explicit_in_available_metadata,https://academic.oup.com/neuro-oncology/article/24/Supplement_1/i45/6600572,,,CC-BY-NC-SA-4.0,,original_label_requires_clarification,Homo sapiens,Visium,Brain,True,15471db7c0f20d90b392cd353750539744e63ed32288237aec497da9cca1883a
NCBI642,MahmoodLab/hest,MahmoodLab/hest:st/NCBI642.h5ad,8b42ca7f80bc475644ac9a520bba7b9cccbce10d,local Hugging Face download receipt,st/NCBI642.h5ad,https://huggingface.co/datasets/MahmoodLab/hest/resolve/8b42ca7f80bc475644ac9a520bba7b9cccbce10d/st/NCBI642.h5ad,9fc108d3ce8c32e2a3b312574f1241340a4a4b8c3449be73de73e0daf0c35608,9fc108d3ce8c32e2a3b312574f1241340a4a4b8c3449be73de73e0daf0c35608,True,,,not_explicit_in_available_metadata,https://www.biorxiv.org/content/10.1101/2022.11.09.515839v1.full,,10.1101/2022.11.09.515839v1.full,CC-BY-NC-SA-4.0,,original_label_requires_clarification,Homo sapiens,Visium,Liver,True,80b5d048e1feb4430627ec0e9d167d05f5afd73da12c3b9ff376b8d0cdeb9e1b
NCBI643,MahmoodLab/hest,MahmoodLab/hest:st/NCBI643.h5ad,8b42ca7f80bc475644ac9a520bba7b9cccbce10d,local Hugging Face download receipt,st/NCBI643.h5ad,https://huggingface.co/datasets/MahmoodLab/hest/resolve/8b42ca7f80bc475644ac9a520bba7b9cccbce10d/st/NCBI643.h5ad,bd2c30b7d82549d7941748ccb83cd9abdd0692c7b38ad32beb648c1767a5b024,bd2c30b7d82549d7941748ccb83cd9abdd0692c7b38ad32beb648c1767a5b024,True,,,not_explicit_in_available_metadata,https://www.biorxiv.org/content/10.1101/2022.11.09.515839v1.full,,10.1101/2022.11.09.515839v1.full,CC-BY-NC-SA-4.0,,original_label_requires_clarification,Homo sapiens,Visium,Liver,True,cfa0d80391fa77beb6f7c6ef19a2dc58b4f71e412babea3577fb70643075fcc5
NCBI646,MahmoodLab/hest,MahmoodLab/hest:st/NCBI646.h5ad,8b42ca7f80bc475644ac9a520bba7b9cccbce10d,local Hugging Face download receipt,st/NCBI646.h5ad,https://huggingface.co/datasets/MahmoodLab/hest/resolve/8b42ca7f80bc475644ac9a520bba7b9cccbce10d/st/NCBI646.h5ad,0088ca8b32f028d6dd4c5b520d0aff38e406e5a16e4571d06c8ca8959e80e539,0088ca8b32f028d6dd4c5b520d0aff38e406e5a16e4571d06c8ca8959e80e539,True,,,not_explicit_in_available_metadata,https://www.nature.com/articles/s41587-022-01517-6,,,CC-BY-NC-SA-4.0,,original_label_requires_clarification,Mus musculus,Visium,Muscle,True,4e6dd2fcc775b3ee86f26dca106e4a141fb4f4024cb184fedb453dd48965cad6
NCBI647,MahmoodLab/hest,MahmoodLab/hest:st/NCBI647.h5ad,8b42ca7f80bc475644ac9a520bba7b9cccbce10d,local Hugging Face download receipt,st/NCBI647.h5ad,https://huggingface.co/datasets/MahmoodLab/hest/resolve/8b42ca7f80bc475644ac9a520bba7b9cccbce10d/st/NCBI647.h5ad,e2304583cb8a85fa80332ddd05879adc99d121796b9ddd864ea3083d492f4442,e2304583cb8a85fa80332ddd05879adc99d121796b9ddd864ea3083d492f4442,True,,,not_explicit_in_available_metadata,https://www.nature.com/articles/s41587-022-01517-6,,,CC-BY-NC-SA-4.0,,original_label_requires_clarification,Mus musculus,Visium,Muscle,True,36f820c0646a8365fbe993bbf8086e9fe5e612c688bd6e7e540759328c0c0836
NCBI648,MahmoodLab/hest,MahmoodLab/hest:st/NCBI648.h5ad,8b42ca7f80bc475644ac9a520bba7b9cccbce10d,local Hugging Face download receipt,st/NCBI648.h5ad,https://huggingface.co/datasets/MahmoodLab/hest/resolve/8b42ca7f80bc475644ac9a520bba7b9cccbce10d/st/NCBI648.h5ad,754ff1c502866e339d002e0563bb19af21f19431e9b10d001a1cbb979581bbca,754ff1c502866e339d002e0563bb19af21f19431e9b10d001a1cbb979581bbca,True,,,not_explicit_in_available_metadata,https://www.nature.com/articles/s41587-022-01517-6,,,CC-BY-NC-SA-4.0,,original_label_requires_clarification,Mus musculus,Visium,Muscle,True,0580e699369c43df2c9349ea0b13f6c65987e61bafe8cea1ff8c7a22839ab002
NCBI649,MahmoodLab/hest,MahmoodLab/hest:st/NCBI649.h5ad,8b42ca7f80bc475644ac9a520bba7b9cccbce10d,local Hugging Face download receipt,st/NCBI649.h5ad,https://huggingface.co/datasets/MahmoodLab/hest/resolve/8b42ca7f80bc475644ac9a520bba7b9cccbce10d/st/NCBI649.h5ad,92cd625dd1fedec12a386afc7f5c81b06db0406b38247ca987339cc3ea7f54b2,92cd625dd1fedec12a386afc7f5c81b06db0406b38247ca987339cc3ea7f54b2,True,,,not_explicit_in_available_metadata,https://www.nature.com/articles/s41587-022-01517-6,,,CC-BY-NC-SA-4.0,,original_label_requires_clarification,Mus musculus,Visium,Muscle,True,3c8c0461c6cc0e4fea54c394281946aac4f3fcd69cb4fbb7bb78517f5c111d90
NCBI65,MahmoodLab/hest,MahmoodLab/hest:st/NCBI65.h5ad,8b42ca7f80bc475644ac9a520bba7b9cccbce10d,local Hugging Face download receipt,st/NCBI65.h5ad,https://huggingface.co/datasets/MahmoodLab/hest/resolve/8b42ca7f80bc475644ac9a520bba7b9cccbce10d/st/NCBI65.h5ad,b77d1d71035b380cf97625f43c294283640d0dd8d7a257f2e57e1c4a00989691,b77d1d71035b380cf97625f43c294283640d0dd8d7a257f2e57e1c4a00989691,True,,,not_explicit_in_available_metadata,https://www.science.org/doi/10.1126/science.aav9776?url_ver=Z39.88-2003&rfr_id=ori:rid:crossref.org&rfr_dat=cr_pub%20%200pubmed,,10.1126/science.aav9776?url_ver=Z39.88-2003&rfr_id=ori:rid:crossref.org&rfr_dat=cr_pub%20%200pubmed,CC-BY-NC-SA-4.0,,original_label_requires_clarification,Mus musculus,Spatial Transcriptomics,Spinal cord,True,66d8cbb78dc1d3b52c1edf3bf66871269e973e0cc7d76abef212d783f56cef21
NCBI651,MahmoodLab/hest,MahmoodLab/hest:st/NCBI651.h5ad,8b42ca7f80bc475644ac9a520bba7b9cccbce10d,local Hugging Face download receipt,st/NCBI651.h5ad,https://huggingface.co/datasets/MahmoodLab/hest/resolve/8b42ca7f80bc475644ac9a520bba7b9cccbce10d/st/NCBI651.h5ad,a632134781f76449bd1bdf3de2e54d9807f9894f64f91fca06389b29eb5669fc,a632134781f76449bd1bdf3de2e54d9807f9894f64f91fca06389b29eb5669fc,True,,,not_explicit_in_available_metadata,https://www.nature.com/articles/s41587-022-01517-6,,,CC-BY-NC-SA-4.0,,original_label_requires_clarification,Mus musculus,Visium,Muscle,True,7b91df2dfe0e92dcf487ab824986a4a22dd1565181a2985909a22d4d143fa3f6
NCBI652,MahmoodLab/hest,MahmoodLab/hest:st/NCBI652.h5ad,8b42ca7f80bc475644ac9a520bba7b9cccbce10d,local Hugging Face download receipt,st/NCBI652.h5ad,https://huggingface.co/datasets/MahmoodLab/hest/resolve/8b42ca7f80bc475644ac9a520bba7b9cccbce10d/st/NCBI652.h5ad,7d73f465690ef0fffa12b4105ff30ac9dd388439f80e0dadf80989f2d3e1d7a9,7d73f465690ef0fffa12b4105ff30ac9dd388439f80e0dadf80989f2d3e1d7a9,True,,,not_explicit_in_available_metadata,https://www.nature.com/articles/s41587-022-01517-6,,,CC-BY-NC-SA-4.0,,original_label_requires_clarification,Mus musculus,Visium,Muscle,True,4dc3491f08a40bb8ef9f1a3544331569059c1f348f1c8bc285ddf1a9f32f3076
NCBI653,MahmoodLab/hest,MahmoodLab/hest:st/NCBI653.h5ad,8b42ca7f80bc475644ac9a520bba7b9cccbce10d,local Hugging Face download receipt,st/NCBI653.h5ad,https://huggingface.co/datasets/MahmoodLab/hest/resolve/8b42ca7f80bc475644ac9a520bba7b9cccbce10d/st/NCBI653.h5ad,16eb10f5fdfb8589abc063d633b489bfd3923d96c40f45facf02cda73371ed79,16eb10f5fdfb8589abc063d633b489bfd3923d96c40f45facf02cda73371ed79,True,,,not_explicit_in_available_metadata,https://www.nature.com/articles/s41587-023-01937-y,,,CC-BY-NC-SA-4.0,,original_label_requires_clarification,Homo sapiens,Visium,Brain,True,e4c39d4f6ab231d3e8ce5186fdfde0039e1a2ce8c695ad3488ed822da1156e69
NCBI654,MahmoodLab/hest,MahmoodLab/hest:st/NCBI654.h5ad,8b42ca7f80bc475644ac9a520bba7b9cccbce10d,local Hugging Face download receipt,st/NCBI654.h5ad,https://huggingface.co/datasets/MahmoodLab/hest/resolve/8b42ca7f80bc475644ac9a520bba7b9cccbce10d/st/NCBI654.h5ad,52b46d966d33b4aed7bad01dd6b82a90a2ec15de013623120522e3b15d66ab01,52b46d966d33b4aed7bad01dd6b82a90a2ec15de013623120522e3b15d66ab01,True,,,not_explicit_in_available_metadata,https://www.nature.com/articles/s41587-023-01937-y,,,CC-BY-NC-SA-4.0,,original_label_requires_clarification,Homo sapiens,Visium,Brain,True,6e3c38a94bde10a2851a125c3ac5606175e66fea540d92c2e9f88fe733c41dd9
NCBI656,MahmoodLab/hest,MahmoodLab/hest:st/NCBI656.h5ad,8b42ca7f80bc475644ac9a520bba7b9cccbce10d,local Hugging Face download receipt,st/NCBI656.h5ad,https://huggingface.co/datasets/MahmoodLab/hest/resolve/8b42ca7f80bc475644ac9a520bba7b9cccbce10d/st/NCBI656.h5ad,61372812aebc08ce98e719a22b839e1b847a4cb762e0934c08e81ad23f42a6db,61372812aebc08ce98e719a22b839e1b847a4cb762e0934c08e81ad23f42a6db,True,,,not_explicit_in_available_metadata,https://www.nature.com/articles/s41587-023-01937-y,,,CC-BY-NC-SA-4.0,,original_label_requires_clarification,Homo sapiens,Visium,Brain,True,e60e69a0f9736514ed0fefd483dc4984dd051ceda72ddbc50e19790cbbc2095a
NCBI659,MahmoodLab/hest,MahmoodLab/hest:st/NCBI659.h5ad,8b42ca7f80bc475644ac9a520bba7b9cccbce10d,local Hugging Face download receipt,st/NCBI659.h5ad,https://huggingface.co/datasets/MahmoodLab/hest/resolve/8b42ca7f80bc475644ac9a520bba7b9cccbce10d/st/NCBI659.h5ad,1ed6196fc3aeaa8f678d6ebde9046088ce38bcf1fe5dadafbbe40b3ccd43b609,1ed6196fc3aeaa8f678d6ebde9046088ce38bcf1fe5dadafbbe40b3ccd43b609,True,,,not_explicit_in_available_metadata,https://www.nature.com/articles/s41587-023-01937-y,,,CC-BY-NC-SA-4.0,,original_label_requires_clarification,Mus musculus,Visium,Brain,True,dd3bdc680e9ee09d70eb60e65042d82a713d2ea52669561da98e42559ea63334
NCBI66,MahmoodLab/hest,MahmoodLab/hest:st/NCBI66.h5ad,8b42ca7f80bc475644ac9a520bba7b9cccbce10d,local Hugging Face download receipt,st/NCBI66.h5ad,https://huggingface.co/datasets/MahmoodLab/hest/resolve/8b42ca7f80bc475644ac9a520bba7b9cccbce10d/st/NCBI66.h5ad,e65e597c184bd29214199b592e5a3c7f510b9849a2ee8afb38e89839a0497965,e65e597c184bd29214199b592e5a3c7f510b9849a2ee8afb38e89839a0497965,True,,,not_explicit_in_available_metadata,https://www.science.org/doi/10.1126/science.aav9776?url_ver=Z39.88-2003&rfr_id=ori:rid:crossref.org&rfr_dat=cr_pub%20%200pubmed,,10.1126/science.aav9776?url_ver=Z39.88-2003&rfr_id=ori:rid:crossref.org&rfr_dat=cr_pub%20%200pubmed,CC-BY-NC-SA-4.0,,original_label_requires_clarification,Mus musculus,Spatial Transcriptomics,Spinal cord,True,91cf698a894045cb5b91831b10912bf516c1e9951d0c378b1a1a9dad156042fc
NCBI660,MahmoodLab/hest,MahmoodLab/hest:st/NCBI660.h5ad,8b42ca7f80bc475644ac9a520bba7b9cccbce10d,local Hugging Face download receipt,st/NCBI660.h5ad,https://huggingface.co/datasets/MahmoodLab/hest/resolve/8b42ca7f80bc475644ac9a520bba7b9cccbce10d/st/NCBI660.h5ad,75e9f4c1d67f0086a4013806ac26e5eda305ab652a351472989ff342b772cebb,75e9f4c1d67f0086a4013806ac26e5eda305ab652a351472989ff342b772cebb,True,,,not_explicit_in_available_metadata,https://www.nature.com/articles/s41587-023-01937-y,,,CC-BY-NC-SA-4.0,,original_label_requires_clarification,Mus musculus,Visium,Brain,True,75be03d58b2a49a64d424a38044035cf344a1c92da30c6418731151b34e0c239
NCBI661,MahmoodLab/hest,MahmoodLab/hest:st/NCBI661.h5ad,8b42ca7f80bc475644ac9a520bba7b9cccbce10d,local Hugging Face download receipt,st/NCBI661.h5ad,https://huggingface.co/datasets/MahmoodLab/hest/resolve/8b42ca7f80bc475644ac9a520bba7b9cccbce10d/st/NCBI661.h5ad,59617f33487427b8b331c59b155aa5e4bf8012a25911f7940ace675627f72bd0,59617f33487427b8b331c59b155aa5e4bf8012a25911f7940ace675627f72bd0,True,,,not_explicit_in_available_metadata,https://www.nature.com/articles/s41587-023-01937-y,,,CC-BY-NC-SA-4.0,,original_label_requires_clarification,Mus musculus,Visium,Brain,True,ce3912e7a777164c985017e8e4df9e43e013a46cc503c76f15c3a7bb38058c37
NCBI662,MahmoodLab/hest,MahmoodLab/hest:st/NCBI662.h5ad,8b42ca7f80bc475644ac9a520bba7b9cccbce10d,local Hugging Face download receipt,st/NCBI662.h5ad,https://huggingface.co/datasets/MahmoodLab/hest/resolve/8b42ca7f80bc475644ac9a520bba7b9cccbce10d/st/NCBI662.h5ad,01eb8a45df63e6e4a7f47dd5fd3293721bdc42e37a0ee4c4d47e69b658ab431b,01eb8a45df63e6e4a7f47dd5fd3293721bdc42e37a0ee4c4d47e69b658ab431b,True,,,not_explicit_in_available_metadata,https://www.nature.com/articles/s41587-023-01937-y,,,CC-BY-NC-SA-4.0,,original_label_requires_clarification,Mus musculus,Visium,Brain,True,a697bc63c675de547301557209af2a437b83981f7b0fddea942571e66b101a7a
NCBI663,MahmoodLab/hest,MahmoodLab/hest:st/NCBI663.h5ad,8b42ca7f80bc475644ac9a520bba7b9cccbce10d,local Hugging Face download receipt,st/NCBI663.h5ad,https://huggingface.co/datasets/MahmoodLab/hest/resolve/8b42ca7f80bc475644ac9a520bba7b9cccbce10d/st/NCBI663.h5ad,a2d12e9ae0a0766c5e8f6c9a03cdfdfe439622f031d7695a1de952ab60201032,a2d12e9ae0a0766c5e8f6c9a03cdfdfe439622f031d7695a1de952ab60201032,True,,,not_explicit_in_available_metadata,https://www.nature.com/articles/s41587-023-01937-y,,,CC-BY-NC-SA-4.0,,original_label_requires_clarification,Mus musculus,Visium,Brain,True,38e2654a2e0825c8a0f25c8e399f54a6abe05ba6ef428184de4cee3cbdd6f88f
NCBI664,MahmoodLab/hest,MahmoodLab/hest:st/NCBI664.h5ad,8b42ca7f80bc475644ac9a520bba7b9cccbce10d,local Hugging Face download receipt,st/NCBI664.h5ad,https://huggingface.co/datasets/MahmoodLab/hest/resolve/8b42ca7f80bc475644ac9a520bba7b9cccbce10d/st/NCBI664.h5ad,411f92faa8a8697c470610cf891b1e6c8c7d60d32de3d1b8e1a46f94b32d4862,411f92faa8a8697c470610cf891b1e6c8c7d60d32de3d1b8e1a46f94b32d4862,True,,,not_explicit_in_available_metadata,https://www.nature.com/articles/s41587-023-01937-y,,,CC-BY-NC-SA-4.0,,original_label_requires_clarification,Mus musculus,Visium,Brain,True,1219bd9d422da03683190eca83d3b513d762030697c55ca9158ac4d5e92d50ed
NCBI665,MahmoodLab/hest,MahmoodLab/hest:st/NCBI665.h5ad,8b42ca7f80bc475644ac9a520bba7b9cccbce10d,local Hugging Face download receipt,st/NCBI665.h5ad,https://huggingface.co/datasets/MahmoodLab/hest/resolve/8b42ca7f80bc475644ac9a520bba7b9cccbce10d/st/NCBI665.h5ad,e910ca0f223263925af544f81645091a62c7a39f03c673ed1045402ea30eb417,e910ca0f223263925af544f81645091a62c7a39f03c673ed1045402ea30eb417,True,,,not_explicit_in_available_metadata,https://www.nature.com/articles/s41587-023-01937-y,,,CC-BY-NC-SA-4.0,,original_label_requires_clarification,Mus musculus,Visium,Brain,True,476b96e0840acbc8927865a26391c0b511f3ec67bc11b55257ab8f865867819b
NCBI666,MahmoodLab/hest,MahmoodLab/hest:st/NCBI666.h5ad,8b42ca7f80bc475644ac9a520bba7b9cccbce10d,local Hugging Face download receipt,st/NCBI666.h5ad,https://huggingface.co/datasets/MahmoodLab/hest/resolve/8b42ca7f80bc475644ac9a520bba7b9cccbce10d/st/NCBI666.h5ad,8f59c9584a1bb22b3c96706668543c0ded6bbe0dd0af91d897d5e9d89af480a3,8f59c9584a1bb22b3c96706668543c0ded6bbe0dd0af91d897d5e9d89af480a3,True,,,not_explicit_in_available_metadata,https://www.nature.com/articles/s41587-023-01937-y,,,CC-BY-NC-SA-4.0,,original_label_requires_clarification,Mus musculus,Visium,Brain,True,940167ded2709a2f748318610aac02a5445e8f2ec1736969568c3be27d3a5cba
NCBI667,MahmoodLab/hest,MahmoodLab/hest:st/NCBI667.h5ad,8b42ca7f80bc475644ac9a520bba7b9cccbce10d,local Hugging Face download receipt,st/NCBI667.h5ad,https://huggingface.co/datasets/MahmoodLab/hest/resolve/8b42ca7f80bc475644ac9a520bba7b9cccbce10d/st/NCBI667.h5ad,3216f8fd0bd68867878b9937151111fe5b3b71723ef33b3bb4210cb12bc4de14,3216f8fd0bd68867878b9937151111fe5b3b71723ef33b3bb4210cb12bc4de14,True,,,not_explicit_in_available_metadata,https://www.nature.com/articles/s41587-023-01937-y,,,CC-BY-NC-SA-4.0,,original_label_requires_clarification,Mus musculus,Visium,Brain,True,b09ee4f385d4536a408e36f89793fcb49dfd724bc805d7e30079b5489f89cab1
NCBI668,MahmoodLab/hest,MahmoodLab/hest:st/NCBI668.h5ad,8b42ca7f80bc475644ac9a520bba7b9cccbce10d,local Hugging Face download receipt,st/NCBI668.h5ad,https://huggingface.co/datasets/MahmoodLab/hest/resolve/8b42ca7f80bc475644ac9a520bba7b9cccbce10d/st/NCBI668.h5ad,afb92814ee6a0d0d2c4b98d02e312ea83d59d4d58aca5ce6dbe17451840c24c5,afb92814ee6a0d0d2c4b98d02e312ea83d59d4d58aca5ce6dbe17451840c24c5,True,,,not_explicit_in_available_metadata,https://www.nature.com/articles/s41587-023-01937-y,,,CC-BY-NC-SA-4.0,,original_label_requires_clarification,Mus musculus,Visium,Brain,True,bddbfbe3bb46e785e12bd4a694401e9d6ced774b164e4183c2f27b8ae3b27230
NCBI669,MahmoodLab/hest,MahmoodLab/hest:st/NCBI669.h5ad,8b42ca7f80bc475644ac9a520bba7b9cccbce10d,local Hugging Face download receipt,st/NCBI669.h5ad,https://huggingface.co/datasets/MahmoodLab/hest/resolve/8b42ca7f80bc475644ac9a520bba7b9cccbce10d/st/NCBI669.h5ad,08b0cc6d8d30c41dcfba292fe46c312bb6253898a1e6e4e022503b11d400d2cc,08b0cc6d8d30c41dcfba292fe46c312bb6253898a1e6e4e022503b11d400d2cc,True,,,not_explicit_in_available_metadata,https://www.nature.com/articles/s41587-023-01937-y,,,CC-BY-NC-SA-4.0,,original_label_requires_clarification,Mus musculus,Visium,Brain,True,2a16ad9975ae43f92766fff91f0c5447910a81c12bc7f7c3c422170a5e35604e
NCBI67,MahmoodLab/hest,MahmoodLab/hest:st/NCBI67.h5ad,8b42ca7f80bc475644ac9a520bba7b9cccbce10d,local Hugging Face download receipt,st/NCBI67.h5ad,https://huggingface.co/datasets/MahmoodLab/hest/resolve/8b42ca7f80bc475644ac9a520bba7b9cccbce10d/st/NCBI67.h5ad,7d0d44edb8f8012d1aae4a72c4ccbde79dab4529bcf41c77d52060c9081bf2c6,7d0d44edb8f8012d1aae4a72c4ccbde79dab4529bcf41c77d52060c9081bf2c6,True,,,not_explicit_in_available_metadata,https://www.science.org/doi/10.1126/science.aav9776?url_ver=Z39.88-2003&rfr_id=ori:rid:crossref.org&rfr_dat=cr_pub%20%200pubmed,,10.1126/science.aav9776?url_ver=Z39.88-2003&rfr_id=ori:rid:crossref.org&rfr_dat=cr_pub%20%200pubmed,CC-BY-NC-SA-4.0,,original_label_requires_clarification,Mus musculus,Spatial Transcriptomics,Spinal cord,True,ab641ef49dfd5bd1be3073baaabbf9f66785d3df1a5620161b7f35a7f7b0cbcc
NCBI670,MahmoodLab/hest,MahmoodLab/hest:st/NCBI670.h5ad,8b42ca7f80bc475644ac9a520bba7b9cccbce10d,local Hugging Face download receipt,st/NCBI670.h5ad,https://huggingface.co/datasets/MahmoodLab/hest/resolve/8b42ca7f80bc475644ac9a520bba7b9cccbce10d/st/NCBI670.h5ad,3d31d057ffa992c0870d403751ad3c7b6308b8e23f78b0dfe2e577757af11d4e,3d31d057ffa992c0870d403751ad3c7b6308b8e23f78b0dfe2e577757af11d4e,True,,,not_explicit_in_available_metadata,https://www.nature.com/articles/s41587-023-01937-y,,,CC-BY-NC-SA-4.0,,original_label_requires_clarification,Mus musculus,Visium,Brain,True,70c09d41dc45b71332c50fb330bd32fa6949ec65db31ab3ded97e0a17a49b402
NCBI671,MahmoodLab/hest,MahmoodLab/hest:st/NCBI671.h5ad,8b42ca7f80bc475644ac9a520bba7b9cccbce10d,local Hugging Face download receipt,st/NCBI671.h5ad,https://huggingface.co/datasets/MahmoodLab/hest/resolve/8b42ca7f80bc475644ac9a520bba7b9cccbce10d/st/NCBI671.h5ad,d0e4f4aedb8173520e7ed2ac8e03fb787393e441ef3a7b0dccb9ad72191c1e7c,d0e4f4aedb8173520e7ed2ac8e03fb787393e441ef3a7b0dccb9ad72191c1e7c,True,,,not_explicit_in_available_metadata,https://www.nature.com/articles/s41587-023-01937-y,,,CC-BY-NC-SA-4.0,,original_label_requires_clarification,Mus musculus,Visium,Brain,True,e5d439ac0e152547c58b56257157a5380f2c0bbe860573109dab75e61108fa2c
NCBI672,MahmoodLab/hest,MahmoodLab/hest:st/NCBI672.h5ad,8b42ca7f80bc475644ac9a520bba7b9cccbce10d,local Hugging Face download receipt,st/NCBI672.h5ad,https://huggingface.co/datasets/MahmoodLab/hest/resolve/8b42ca7f80bc475644ac9a520bba7b9cccbce10d/st/NCBI672.h5ad,e289640fdb7c4108efbc3b667aff492f46d8c15abfb7a264176e29719a66f278,e289640fdb7c4108efbc3b667aff492f46d8c15abfb7a264176e29719a66f278,True,,,not_explicit_in_available_metadata,https://pubmed.ncbi.nlm.nih.gov/38199298/,,,CC-BY-NC-SA-4.0,,original_label_requires_clarification,Homo sapiens,Visium,Liver,True,61b83337cab454aaa34c1d3643efdfdb288973c474c17cf483876c6d697bef27
NCBI673,MahmoodLab/hest,MahmoodLab/hest:st/NCBI673.h5ad,8b42ca7f80bc475644ac9a520bba7b9cccbce10d,local Hugging Face download receipt,st/NCBI673.h5ad,https://huggingface.co/datasets/MahmoodLab/hest/resolve/8b42ca7f80bc475644ac9a520bba7b9cccbce10d/st/NCBI673.h5ad,acd38b6593fe06b49a990c0f064f13aa9d698c4ba269f179d367047412c0366f,acd38b6593fe06b49a990c0f064f13aa9d698c4ba269f179d367047412c0366f,True,,,not_explicit_in_available_metadata,https://pubmed.ncbi.nlm.nih.gov/38199298/,,,CC-BY-NC-SA-4.0,,original_label_requires_clarification,Homo sapiens,Visium,Liver,True,23934164a10ff6db25a4d8808e6c0c5f7b8b09c37ca26a7ebda0c5b621cd4093
NCBI674,MahmoodLab/hest,MahmoodLab/hest:st/NCBI674.h5ad,8b42ca7f80bc475644ac9a520bba7b9cccbce10d,local Hugging Face download receipt,st/NCBI674.h5ad,https://huggingface.co/datasets/MahmoodLab/hest/resolve/8b42ca7f80bc475644ac9a520bba7b9cccbce10d/st/NCBI674.h5ad,9c86c159d2a9c3e7fbc71e31c741ca3e8cde5c323530e4ace27fcf616c35fdc1,9c86c159d2a9c3e7fbc71e31c741ca3e8cde5c323530e4ace27fcf616c35fdc1,True,,,not_explicit_in_available_metadata,https://pubmed.ncbi.nlm.nih.gov/38199298/,,,CC-BY-NC-SA-4.0,,original_label_requires_clarification,Homo sapiens,Visium,Liver,True,a4ec2c59a536fc92ff23112cd46670c11864d42dded73851ba12fd0928be2b6d
NCBI675,MahmoodLab/hest,MahmoodLab/hest:st/NCBI675.h5ad,8b42ca7f80bc475644ac9a520bba7b9cccbce10d,local Hugging Face download receipt,st/NCBI675.h5ad,https://huggingface.co/datasets/MahmoodLab/hest/resolve/8b42ca7f80bc475644ac9a520bba7b9cccbce10d/st/NCBI675.h5ad,b8ba879f4b8658ef0740090ae1af989f0112418f2ec74151d61eaf60bbcf96cd,b8ba879f4b8658ef0740090ae1af989f0112418f2ec74151d61eaf60bbcf96cd,True,,,not_explicit_in_available_metadata,https://pubmed.ncbi.nlm.nih.gov/38199298/,,,CC-BY-NC-SA-4.0,,original_label_requires_clarification,Homo sapiens,Visium,Liver,True,b4413dca90d6f0731a8525e17d8c6d2f5bbe7ad1aa5632a56d585c07ed988e95
NCBI68,MahmoodLab/hest,MahmoodLab/hest:st/NCBI68.h5ad,8b42ca7f80bc475644ac9a520bba7b9cccbce10d,local Hugging Face download receipt,st/NCBI68.h5ad,https://huggingface.co/datasets/MahmoodLab/hest/resolve/8b42ca7f80bc475644ac9a520bba7b9cccbce10d/st/NCBI68.h5ad,286596bbb11fc29d94f25d311db5f49180ac704ab6312294c651e9323960bfdd,286596bbb11fc29d94f25d311db5f49180ac704ab6312294c651e9323960bfdd,True,,,not_explicit_in_available_metadata,https://www.science.org/doi/10.1126/science.aav9776?url_ver=Z39.88-2003&rfr_id=ori:rid:crossref.org&rfr_dat=cr_pub%20%200pubmed,,10.1126/science.aav9776?url_ver=Z39.88-2003&rfr_id=ori:rid:crossref.org&rfr_dat=cr_pub%20%200pubmed,CC-BY-NC-SA-4.0,,original_label_requires_clarification,Mus musculus,Spatial Transcriptomics,Spinal cord,True,19517bc9a1622e0d7050e01e608fa5ea470e847e427ceedd7fc8f11ff532f808
NCBI680,MahmoodLab/hest,MahmoodLab/hest:st/NCBI680.h5ad,8b42ca7f80bc475644ac9a520bba7b9cccbce10d,local Hugging Face download receipt,st/NCBI680.h5ad,https://huggingface.co/datasets/MahmoodLab/hest/resolve/8b42ca7f80bc475644ac9a520bba7b9cccbce10d/st/NCBI680.h5ad,bd83ac7bec87f5b79373166948f6a00a6fa3e087e983d84bd97e2e2a5490d746,bd83ac7bec87f5b79373166948f6a00a6fa3e087e983d84bd97e2e2a5490d746,True,,,not_explicit_in_available_metadata,https://www.sciencedirect.com/science/article/pii/S0022202X22016669?via%3Dihub,,,CC-BY-NC-SA-4.0,,original_label_requires_clarification,Mus musculus,Visium,,True,5ee18c0514420d0c3080ce89612205abab735f78ee7d5f57a3269df14eae5ed6
NCBI681,MahmoodLab/hest,MahmoodLab/hest:st/NCBI681.h5ad,8b42ca7f80bc475644ac9a520bba7b9cccbce10d,local Hugging Face download receipt,st/NCBI681.h5ad,https://huggingface.co/datasets/MahmoodLab/hest/resolve/8b42ca7f80bc475644ac9a520bba7b9cccbce10d/st/NCBI681.h5ad,ca4b5e870ee513a8ed6382e8fa54debfcf6354d736904134a330bfd2aa06c2b4,ca4b5e870ee513a8ed6382e8fa54debfcf6354d736904134a330bfd2aa06c2b4,True,,,not_explicit_in_available_metadata,https://www.nature.com/articles/s41467-022-34581-2,,,CC-BY-NC-SA-4.0,,original_label_requires_clarification,Homo sapiens,Visium,Lymph node,True,270f6ec403cc7300c96c46d37ca2507750415db7ea402c8398ddf0c7fa986063
NCBI682,MahmoodLab/hest,MahmoodLab/hest:st/NCBI682.h5ad,8b42ca7f80bc475644ac9a520bba7b9cccbce10d,local Hugging Face download receipt,st/NCBI682.h5ad,https://huggingface.co/datasets/MahmoodLab/hest/resolve/8b42ca7f80bc475644ac9a520bba7b9cccbce10d/st/NCBI682.h5ad,3449458e40d62547cc7ab03915af7fcc45bb6ef6735787ee314afc8888d7fc23,3449458e40d62547cc7ab03915af7fcc45bb6ef6735787ee314afc8888d7fc23,True,,,not_explicit_in_available_metadata,https://www.nature.com/articles/s41467-022-34581-2,,,CC-BY-NC-SA-4.0,,original_label_requires_clarification,Homo sapiens,Visium,Lymph node,True,347c8a57cf8a306ab4313cb12ffe8e30b9c93f86019c7197645f19ef664d099b
NCBI683,MahmoodLab/hest,MahmoodLab/hest:st/NCBI683.h5ad,8b42ca7f80bc475644ac9a520bba7b9cccbce10d,local Hugging Face download receipt,st/NCBI683.h5ad,https://huggingface.co/datasets/MahmoodLab/hest/resolve/8b42ca7f80bc475644ac9a520bba7b9cccbce10d/st/NCBI683.h5ad,8ae9dbaffbf21f63f98e5d303845310e63410278ed4623213f1f6bfcb517c392,8ae9dbaffbf21f63f98e5d303845310e63410278ed4623213f1f6bfcb517c392,True,,,not_explicit_in_available_metadata,https://www.nature.com/articles/s41467-022-34581-2,,,CC-BY-NC-SA-4.0,,original_label_requires_clarification,Homo sapiens,Visium,Lymph node,True,21813cbf01b1e6692945b6fac90721d4939da27c789222f2785eb07a8fef6488
NCBI684,MahmoodLab/hest,MahmoodLab/hest:st/NCBI684.h5ad,8b42ca7f80bc475644ac9a520bba7b9cccbce10d,local Hugging Face download receipt,st/NCBI684.h5ad,https://huggingface.co/datasets/MahmoodLab/hest/resolve/8b42ca7f80bc475644ac9a520bba7b9cccbce10d/st/NCBI684.h5ad,06b9a23177f0875ffe28b932ed50814424086673efcaf05ac92d576dcf076309,06b9a23177f0875ffe28b932ed50814424086673efcaf05ac92d576dcf076309,True,,,not_explicit_in_available_metadata,https://www.nature.com/articles/s41467-022-34581-2,,,CC-BY-NC-SA-4.0,,original_label_requires_clarification,Homo sapiens,Visium,Lymph node,True,13c13e35ddf28222841e1617c547c68dacb83e95dbc731eaa86262d25f9bbdfa
NCBI685,MahmoodLab/hest,MahmoodLab/hest:st/NCBI685.h5ad,8b42ca7f80bc475644ac9a520bba7b9cccbce10d,local Hugging Face download receipt,st/NCBI685.h5ad,https://huggingface.co/datasets/MahmoodLab/hest/resolve/8b42ca7f80bc475644ac9a520bba7b9cccbce10d/st/NCBI685.h5ad,39b925efa5ae8ebbb73de5333de5942cdc25606fff1969947c673e0d5bb2ae62,39b925efa5ae8ebbb73de5333de5942cdc25606fff1969947c673e0d5bb2ae62,True,,,not_explicit_in_available_metadata,,,,CC-BY-NC-SA-4.0,,original_label_requires_clarification,Mus musculus,Visium,Bowel,True,8773b2901e655360800097247fe47aa9ab959b1f8ea0e6608df5f8439db02bc0
NCBI686,MahmoodLab/hest,MahmoodLab/hest:st/NCBI686.h5ad,8b42ca7f80bc475644ac9a520bba7b9cccbce10d,local Hugging Face download receipt,st/NCBI686.h5ad,https://huggingface.co/datasets/MahmoodLab/hest/resolve/8b42ca7f80bc475644ac9a520bba7b9cccbce10d/st/NCBI686.h5ad,d57b4856486a3774127daf4acffe2ae5c799a57bf2613c1262c4feba8122b685,d57b4856486a3774127daf4acffe2ae5c799a57bf2613c1262c4feba8122b685,True,,,not_explicit_in_available_metadata,,,,CC-BY-NC-SA-4.0,,original_label_requires_clarification,Mus musculus,Visium,Bowel,True,1ed8cef614450d443675a704f79f4c3bd794d64ac1f32d7ca338c156c5c91eff
NCBI687,MahmoodLab/hest,MahmoodLab/hest:st/NCBI687.h5ad,8b42ca7f80bc475644ac9a520bba7b9cccbce10d,local Hugging Face download receipt,st/NCBI687.h5ad,https://huggingface.co/datasets/MahmoodLab/hest/resolve/8b42ca7f80bc475644ac9a520bba7b9cccbce10d/st/NCBI687.h5ad,ce58ff028cdae4999906df1b3b6a61128c53e9178f310b032f308be844291933,ce58ff028cdae4999906df1b3b6a61128c53e9178f310b032f308be844291933,True,,,not_explicit_in_available_metadata,https://www.nature.com/articles/s41586-022-05242-7,,,CC-BY-NC-SA-4.0,,original_label_requires_clarification,Mus musculus,Visium,Skin,True,3ec038339e950137bf3609ce90915c9e4c64cd6f4b67440554ac19850f4d7142
NCBI688,MahmoodLab/hest,MahmoodLab/hest:st/NCBI688.h5ad,8b42ca7f80bc475644ac9a520bba7b9cccbce10d,local Hugging Face download receipt,st/NCBI688.h5ad,https://huggingface.co/datasets/MahmoodLab/hest/resolve/8b42ca7f80bc475644ac9a520bba7b9cccbce10d/st/NCBI688.h5ad,7f71471b00727442c00fbd79c589ce79b846bc2ce21d3e62403e4bb48c3b0542,7f71471b00727442c00fbd79c589ce79b846bc2ce21d3e62403e4bb48c3b0542,True,,,not_explicit_in_available_metadata,https://www.nature.com/articles/s41586-022-05242-7,,,CC-BY-NC-SA-4.0,,original_label_requires_clarification,Mus musculus,Visium,Skin,True,a6e7c45a838bce8d5b4ba9183d2f9d4e44543185786c8a02ff625a8b5f22479c
NCBI689,MahmoodLab/hest,MahmoodLab/hest:st/NCBI689.h5ad,8b42ca7f80bc475644ac9a520bba7b9cccbce10d,local Hugging Face download receipt,st/NCBI689.h5ad,https://huggingface.co/datasets/MahmoodLab/hest/resolve/8b42ca7f80bc475644ac9a520bba7b9cccbce10d/st/NCBI689.h5ad,4e3f7a8ccb5bb04b8ce75ce46fa61aeec9d2367de9979fc334a7f785cb2eb95d,4e3f7a8ccb5bb04b8ce75ce46fa61aeec9d2367de9979fc334a7f785cb2eb95d,True,,,not_explicit_in_available_metadata,https://www.nature.com/articles/s41586-022-05242-7,,,CC-BY-NC-SA-4.0,,original_label_requires_clarification,Mus musculus,Visium,Skin,True,67367ddfef2f5af1de9bae96cb02a82a321415e6530271ea8b86218b91451bb3
NCBI69,MahmoodLab/hest,MahmoodLab/hest:st/NCBI69.h5ad,8b42ca7f80bc475644ac9a520bba7b9cccbce10d,local Hugging Face download receipt,st/NCBI69.h5ad,https://huggingface.co/datasets/MahmoodLab/hest/resolve/8b42ca7f80bc475644ac9a520bba7b9cccbce10d/st/NCBI69.h5ad,883ad331cafd9b4929dbcf4373e6fd99c04f54cfe7403d2eafeed3b5aed57e83,883ad331cafd9b4929dbcf4373e6fd99c04f54cfe7403d2eafeed3b5aed57e83,True,,,not_explicit_in_available_metadata,https://www.science.org/doi/10.1126/science.aav9776?url_ver=Z39.88-2003&rfr_id=ori:rid:crossref.org&rfr_dat=cr_pub%20%200pubmed,,10.1126/science.aav9776?url_ver=Z39.88-2003&rfr_id=ori:rid:crossref.org&rfr_dat=cr_pub%20%200pubmed,CC-BY-NC-SA-4.0,,original_label_requires_clarification,Mus musculus,Spatial Transcriptomics,Spinal cord,True,6b1d9d49b56fed6da9686cae13017e34fa28dfcbc346d7b7d2d86080ad4c82e9
NCBI691,MahmoodLab/hest,MahmoodLab/hest:st/NCBI691.h5ad,8b42ca7f80bc475644ac9a520bba7b9cccbce10d,local Hugging Face download receipt,st/NCBI691.h5ad,https://huggingface.co/datasets/MahmoodLab/hest/resolve/8b42ca7f80bc475644ac9a520bba7b9cccbce10d/st/NCBI691.h5ad,89731948737c559fdf50f49fc08d2be97bf02898b8c36dae86be32e819cdf98a,89731948737c559fdf50f49fc08d2be97bf02898b8c36dae86be32e819cdf98a,True,,,not_explicit_in_available_metadata,https://www.nature.com/articles/s41588-022-01254-1,,,CC-BY-NC-SA-4.0,,original_label_requires_clarification,Homo sapiens,Visium,Uterus,True,a56208b489f593aaba452fab07695bdd285e1a619236150c6b4080340d178222
NCBI692,MahmoodLab/hest,MahmoodLab/hest:st/NCBI692.h5ad,8b42ca7f80bc475644ac9a520bba7b9cccbce10d,local Hugging Face download receipt,st/NCBI692.h5ad,https://huggingface.co/datasets/MahmoodLab/hest/resolve/8b42ca7f80bc475644ac9a520bba7b9cccbce10d/st/NCBI692.h5ad,219f179468a8f584ea08f1499fa9ddb6e125849098a111e1de2e441e729dcf63,219f179468a8f584ea08f1499fa9ddb6e125849098a111e1de2e441e729dcf63,True,,,not_explicit_in_available_metadata,https://www.ncbi.nlm.nih.gov/pmc/articles/PMC10356613/,,,CC-BY-NC-SA-4.0,Creative Commons Attribution 4.0,provider_label_retained_not_individual_legal_clearance,Homo sapiens,Visium,Kidney,True,9f27bd42f1b3c9b6a2d25869f9dd72bc2ae024945c3963d737860937498667a9
NCBI693,MahmoodLab/hest,MahmoodLab/hest:st/NCBI693.h5ad,8b42ca7f80bc475644ac9a520bba7b9cccbce10d,local Hugging Face download receipt,st/NCBI693.h5ad,https://huggingface.co/datasets/MahmoodLab/hest/resolve/8b42ca7f80bc475644ac9a520bba7b9cccbce10d/st/NCBI693.h5ad,dbc59756a3e9eaf0345f681870a4329a5f6d49bc0de47b89f2c541f1b17b71ad,dbc59756a3e9eaf0345f681870a4329a5f6d49bc0de47b89f2c541f1b17b71ad,True,,,not_explicit_in_available_metadata,https://www.ncbi.nlm.nih.gov/pmc/articles/PMC10356613/,,,CC-BY-NC-SA-4.0,Creative Commons Attribution 4.0,provider_label_retained_not_individual_legal_clearance,Homo sapiens,Visium,Kidney,True,fc4bbef0be36a1434cb66cff15b32c4eec64192ccfdae23b938b47713764a3a6
NCBI695,MahmoodLab/hest,MahmoodLab/hest:st/NCBI695.h5ad,8b42ca7f80bc475644ac9a520bba7b9cccbce10d,local Hugging Face download receipt,st/NCBI695.h5ad,https://huggingface.co/datasets/MahmoodLab/hest/resolve/8b42ca7f80bc475644ac9a520bba7b9cccbce10d/st/NCBI695.h5ad,84a84bd47e3de0ffff14c72bf9dedbb02ff23fcdac1c29e3aeb45db50d56edc1,84a84bd47e3de0ffff14c72bf9dedbb02ff23fcdac1c29e3aeb45db50d56edc1,True,,,not_explicit_in_available_metadata,https://www.ncbi.nlm.nih.gov/pmc/articles/PMC10356613/,,,CC-BY-NC-SA-4.0,Creative Commons Attribution 4.0,provider_label_retained_not_individual_legal_clearance,Homo sapiens,Visium,Kidney,True,06112b04728377ac4192f6c9482d5bcee09f6272705a5247aa3ce25e9fde9c3a
NCBI696,MahmoodLab/hest,MahmoodLab/hest:st/NCBI696.h5ad,8b42ca7f80bc475644ac9a520bba7b9cccbce10d,local Hugging Face download receipt,st/NCBI696.h5ad,https://huggingface.co/datasets/MahmoodLab/hest/resolve/8b42ca7f80bc475644ac9a520bba7b9cccbce10d/st/NCBI696.h5ad,ee0f3c7dd12b7b7c24f69b96dce8bfef910ac39c17532e15cc41385ceb050c75,ee0f3c7dd12b7b7c24f69b96dce8bfef910ac39c17532e15cc41385ceb050c75,True,,,not_explicit_in_available_metadata,https://www.ncbi.nlm.nih.gov/pmc/articles/PMC10356613/,,,CC-BY-NC-SA-4.0,Creative Commons Attribution 4.0,provider_label_retained_not_individual_legal_clearance,Homo sapiens,Visium,Kidney,True,8fd82a7285d5e948975c67407321fb033facc624af9c8e3d27f4d1c2294357d8
NCBI697,MahmoodLab/hest,MahmoodLab/hest:st/NCBI697.h5ad,8b42ca7f80bc475644ac9a520bba7b9cccbce10d,local Hugging Face download receipt,st/NCBI697.h5ad,https://huggingface.co/datasets/MahmoodLab/hest/resolve/8b42ca7f80bc475644ac9a520bba7b9cccbce10d/st/NCBI697.h5ad,13f9742accc9a0da7eeb86309a78d0cc0fc65046354cb3e84142ac950e8924ef,13f9742accc9a0da7eeb86309a78d0cc0fc65046354cb3e84142ac950e8924ef,True,,,not_explicit_in_available_metadata,https://www.ncbi.nlm.nih.gov/pmc/articles/PMC10356613/,,,CC-BY-NC-SA-4.0,Creative Commons Attribution 4.0,provider_label_retained_not_individual_legal_clearance,Homo sapiens,Visium,Kidney,True,88686c7543fc6555fa935f4c6f8c320f833e46066a3a7f23fabac4b2ab6539ea
NCBI698,MahmoodLab/hest,MahmoodLab/hest:st/NCBI698.h5ad,8b42ca7f80bc475644ac9a520bba7b9cccbce10d,local Hugging Face download receipt,st/NCBI698.h5ad,https://huggingface.co/datasets/MahmoodLab/hest/resolve/8b42ca7f80bc475644ac9a520bba7b9cccbce10d/st/NCBI698.h5ad,5894a5696220e0b21eb48e39a20f2f65b4a7bb7887e290b45edf689f7f2b5d7c,5894a5696220e0b21eb48e39a20f2f65b4a7bb7887e290b45edf689f7f2b5d7c,True,,,not_explicit_in_available_metadata,https://www.ncbi.nlm.nih.gov/pmc/articles/PMC10356613/,,,CC-BY-NC-SA-4.0,Creative Commons Attribution 4.0,provider_label_retained_not_individual_legal_clearance,Homo sapiens,Visium,Kidney,True,48894d20d7c5cd55b97db76a1efd245b6731b9183909790a6df1f92d6a5c5e6f
NCBI699,MahmoodLab/hest,MahmoodLab/hest:st/NCBI699.h5ad,8b42ca7f80bc475644ac9a520bba7b9cccbce10d,local Hugging Face download receipt,st/NCBI699.h5ad,https://huggingface.co/datasets/MahmoodLab/hest/resolve/8b42ca7f80bc475644ac9a520bba7b9cccbce10d/st/NCBI699.h5ad,63cfa6dcd4f114f48fae7d6f3c2778e5c287def6bb390dd489274300fc44a807,63cfa6dcd4f114f48fae7d6f3c2778e5c287def6bb390dd489274300fc44a807,True,,,not_explicit_in_available_metadata,https://www.ncbi.nlm.nih.gov/pmc/articles/PMC10356613/,,,CC-BY-NC-SA-4.0,Creative Commons Attribution 4.0,provider_label_retained_not_individual_legal_clearance,Homo sapiens,Visium,Kidney,True,5db7ffba1da692520bce59ffe36fa55b1d83e06926a68d0fb21230c65a69744f
NCBI7,MahmoodLab/hest,MahmoodLab/hest:st/NCBI7.h5ad,8b42ca7f80bc475644ac9a520bba7b9cccbce10d,local Hugging Face download receipt,st/NCBI7.h5ad,https://huggingface.co/datasets/MahmoodLab/hest/resolve/8b42ca7f80bc475644ac9a520bba7b9cccbce10d/st/NCBI7.h5ad,ae32efd53bf083c07a3971d5412742a1f058b75beb30c5f7dc82f853391a1eae,ae32efd53bf083c07a3971d5412742a1f058b75beb30c5f7dc82f853391a1eae,True,,,not_explicit_in_available_metadata,https://www.science.org/doi/10.1126/science.aav9776?url_ver=Z39.88-2003&rfr_id=ori:rid:crossref.org&rfr_dat=cr_pub%20%200pubmed,,10.1126/science.aav9776?url_ver=Z39.88-2003&rfr_id=ori:rid:crossref.org&rfr_dat=cr_pub%20%200pubmed,CC-BY-NC-SA-4.0,,original_label_requires_clarification,Mus musculus,Spatial Transcriptomics,Spinal cord,True,ae26e152ea0b4d4413c3c643e02b4d0a8982e07671c1d92511c7cdac2c3e9dca
NCBI700,MahmoodLab/hest,MahmoodLab/hest:st/NCBI700.h5ad,8b42ca7f80bc475644ac9a520bba7b9cccbce10d,local Hugging Face download receipt,st/NCBI700.h5ad,https://huggingface.co/datasets/MahmoodLab/hest/resolve/8b42ca7f80bc475644ac9a520bba7b9cccbce10d/st/NCBI700.h5ad,28501243b97eb94514128ab04cc4361c0e2c4691cc5309134437b8ac7a5d4dc5,28501243b97eb94514128ab04cc4361c0e2c4691cc5309134437b8ac7a5d4dc5,True,,,not_explicit_in_available_metadata,https://www.ncbi.nlm.nih.gov/pmc/articles/PMC10356613/,,,CC-BY-NC-SA-4.0,Creative Commons Attribution 4.0,provider_label_retained_not_individual_legal_clearance,Homo sapiens,Visium,Kidney,True,4e1fff18a61d922a59a81633ca62904f28fdb6e6788aee541bc5daf5c55744e9
NCBI701,MahmoodLab/hest,MahmoodLab/hest:st/NCBI701.h5ad,8b42ca7f80bc475644ac9a520bba7b9cccbce10d,local Hugging Face download receipt,st/NCBI701.h5ad,https://huggingface.co/datasets/MahmoodLab/hest/resolve/8b42ca7f80bc475644ac9a520bba7b9cccbce10d/st/NCBI701.h5ad,ca0b19795a4fd82c1b9d49cabe5a5ac88ecd9c6470e0bbd87c34451a44fd1e65,ca0b19795a4fd82c1b9d49cabe5a5ac88ecd9c6470e0bbd87c34451a44fd1e65,True,,,not_explicit_in_available_metadata,https://www.ncbi.nlm.nih.gov/pmc/articles/PMC10356613/,,,CC-BY-NC-SA-4.0,Creative Commons Attribution 4.0,provider_label_retained_not_individual_legal_clearance,Homo sapiens,Visium,Kidney,True,f6957bc28c23049f70b0e8387f8b3b8b9139122752b4a3a458967e41ea6ea414
NCBI702,MahmoodLab/hest,MahmoodLab/hest:st/NCBI702.h5ad,8b42ca7f80bc475644ac9a520bba7b9cccbce10d,local Hugging Face download receipt,st/NCBI702.h5ad,https://huggingface.co/datasets/MahmoodLab/hest/resolve/8b42ca7f80bc475644ac9a520bba7b9cccbce10d/st/NCBI702.h5ad,9ffeb6787307ad790f3c4635782b3406ce381c319cfdfeda2f2424d1612ea15f,9ffeb6787307ad790f3c4635782b3406ce381c319cfdfeda2f2424d1612ea15f,True,,,not_explicit_in_available_metadata,https://www.ncbi.nlm.nih.gov/pmc/articles/PMC10356613/,,,CC-BY-NC-SA-4.0,Creative Commons Attribution 4.0,provider_label_retained_not_individual_legal_clearance,Homo sapiens,Visium,Kidney,True,a98919e75fb9fcc9ff332cdff9d496f344b877a7330c4b948d7217aed586dbd7
NCBI703,MahmoodLab/hest,MahmoodLab/hest:st/NCBI703.h5ad,8b42ca7f80bc475644ac9a520bba7b9cccbce10d,local Hugging Face download receipt,st/NCBI703.h5ad,https://huggingface.co/datasets/MahmoodLab/hest/resolve/8b42ca7f80bc475644ac9a520bba7b9cccbce10d/st/NCBI703.h5ad,df12de02c039b2d530fda155b5687cee1c6c0fdb954fd722b53a05c33dee0518,df12de02c039b2d530fda155b5687cee1c6c0fdb954fd722b53a05c33dee0518,True,,,not_explicit_in_available_metadata,https://www.ncbi.nlm.nih.gov/pmc/articles/PMC10356613/,,,CC-BY-NC-SA-4.0,Creative Commons Attribution 4.0,provider_label_retained_not_individual_legal_clearance,Homo sapiens,Visium,Kidney,True,c445435b6334f6b0a656d91f97f756f680dbd9be03ac26de4e5137d5ed7e5b65
NCBI704,MahmoodLab/hest,MahmoodLab/hest:st/NCBI704.h5ad,8b42ca7f80bc475644ac9a520bba7b9cccbce10d,local Hugging Face download receipt,st/NCBI704.h5ad,https://huggingface.co/datasets/MahmoodLab/hest/resolve/8b42ca7f80bc475644ac9a520bba7b9cccbce10d/st/NCBI704.h5ad,958e56ff6fa3f2a945f30faaf0e5110ca08bc76df26045d5f1c3e2e0111dd11f,958e56ff6fa3f2a945f30faaf0e5110ca08bc76df26045d5f1c3e2e0111dd11f,True,,,not_explicit_in_available_metadata,https://www.ncbi.nlm.nih.gov/pmc/articles/PMC10356613/,,,CC-BY-NC-SA-4.0,Creative Commons Attribution 4.0,provider_label_retained_not_individual_legal_clearance,Homo sapiens,Visium,Kidney,True,a9971889cb7610f66fff3eb029cdf9288fd0ea914649900ee7fba9253378e167
NCBI705,MahmoodLab/hest,MahmoodLab/hest:st/NCBI705.h5ad,8b42ca7f80bc475644ac9a520bba7b9cccbce10d,local Hugging Face download receipt,st/NCBI705.h5ad,https://huggingface.co/datasets/MahmoodLab/hest/resolve/8b42ca7f80bc475644ac9a520bba7b9cccbce10d/st/NCBI705.h5ad,02aca0af077ac74cd820862faee7111fd0fa81402a72e371307b80c1dca5dad0,02aca0af077ac74cd820862faee7111fd0fa81402a72e371307b80c1dca5dad0,True,,,not_explicit_in_available_metadata,https://www.ncbi.nlm.nih.gov/pmc/articles/PMC10356613/,,,CC-BY-NC-SA-4.0,Creative Commons Attribution 4.0,provider_label_retained_not_individual_legal_clearance,Homo sapiens,Visium,Kidney,True,b26148ca14465ed5c789f4274e38a907f3241339fb98456e44c458444c3b209f
NCBI706,MahmoodLab/hest,MahmoodLab/hest:st/NCBI706.h5ad,8b42ca7f80bc475644ac9a520bba7b9cccbce10d,local Hugging Face download receipt,st/NCBI706.h5ad,https://huggingface.co/datasets/MahmoodLab/hest/resolve/8b42ca7f80bc475644ac9a520bba7b9cccbce10d/st/NCBI706.h5ad,2da99410f76974b81c549f82ba98881b1b73bc52e7466d57af8083d45e8cc822,2da99410f76974b81c549f82ba98881b1b73bc52e7466d57af8083d45e8cc822,True,,,not_explicit_in_available_metadata,https://www.ncbi.nlm.nih.gov/pmc/articles/PMC10356613/,,,CC-BY-NC-SA-4.0,Creative Commons Attribution 4.0,provider_label_retained_not_individual_legal_clearance,Homo sapiens,Visium,Kidney,True,da10f9ac39e5d157f767e95947587533511eae6f6856685b3bf96a1d47a0208e
NCBI707,MahmoodLab/hest,MahmoodLab/hest:st/NCBI707.h5ad,8b42ca7f80bc475644ac9a520bba7b9cccbce10d,local Hugging Face download receipt,st/NCBI707.h5ad,https://huggingface.co/datasets/MahmoodLab/hest/resolve/8b42ca7f80bc475644ac9a520bba7b9cccbce10d/st/NCBI707.h5ad,bb216bfa965add5118302c8dd69ecfc23c13f83feaeab083803f56108fd802c4,bb216bfa965add5118302c8dd69ecfc23c13f83feaeab083803f56108fd802c4,True,,,not_explicit_in_available_metadata,https://www.ncbi.nlm.nih.gov/pmc/articles/PMC10356613/,,,CC-BY-NC-SA-4.0,Creative Commons Attribution 4.0,provider_label_retained_not_individual_legal_clearance,Homo sapiens,Visium,Kidney,True,7e8ea95eea533ebaa2e53b15d422238af008040bb04953d86ece32162075359e
NCBI708,MahmoodLab/hest,MahmoodLab/hest:st/NCBI708.h5ad,8b42ca7f80bc475644ac9a520bba7b9cccbce10d,local Hugging Face download receipt,st/NCBI708.h5ad,https://huggingface.co/datasets/MahmoodLab/hest/resolve/8b42ca7f80bc475644ac9a520bba7b9cccbce10d/st/NCBI708.h5ad,55da40a52a10cf0b32357194bbb3e2ba31440cd7a992db6bf997dc1acfc97eff,55da40a52a10cf0b32357194bbb3e2ba31440cd7a992db6bf997dc1acfc97eff,True,,,not_explicit_in_available_metadata,https://www.ncbi.nlm.nih.gov/pmc/articles/PMC10356613/,,,CC-BY-NC-SA-4.0,Creative Commons Attribution 4.0,provider_label_retained_not_individual_legal_clearance,Homo sapiens,Visium,Kidney,True,24730c52854db624dc3137449fb4a46070f82a9a4e62a6df347553e7d904b19a
NCBI709,MahmoodLab/hest,MahmoodLab/hest:st/NCBI709.h5ad,8b42ca7f80bc475644ac9a520bba7b9cccbce10d,local Hugging Face download receipt,st/NCBI709.h5ad,https://huggingface.co/datasets/MahmoodLab/hest/resolve/8b42ca7f80bc475644ac9a520bba7b9cccbce10d/st/NCBI709.h5ad,6a2cecdb3f62a8e9b053ef1b32ab740590a0d48998718ab0d09b3d0221401a76,6a2cecdb3f62a8e9b053ef1b32ab740590a0d48998718ab0d09b3d0221401a76,True,,,not_explicit_in_available_metadata,https://www.ncbi.nlm.nih.gov/pmc/articles/PMC10356613/,,,CC-BY-NC-SA-4.0,Creative Commons Attribution 4.0,provider_label_retained_not_individual_legal_clearance,Homo sapiens,Visium,Kidney,True,534a9d0b5b43443bd46cafd266273641d0710f341dc62b28cce7570bb28ccc93
NCBI710,MahmoodLab/hest,MahmoodLab/hest:st/NCBI710.h5ad,8b42ca7f80bc475644ac9a520bba7b9cccbce10d,local Hugging Face download receipt,st/NCBI710.h5ad,https://huggingface.co/datasets/MahmoodLab/hest/resolve/8b42ca7f80bc475644ac9a520bba7b9cccbce10d/st/NCBI710.h5ad,109d920f89f4d1757e7a0e803162e52c4e4d8e1fe39ec32b6ebb280d2538500a,109d920f89f4d1757e7a0e803162e52c4e4d8e1fe39ec32b6ebb280d2538500a,True,,,not_explicit_in_available_metadata,https://www.ncbi.nlm.nih.gov/pmc/articles/PMC10356613/,,,CC-BY-NC-SA-4.0,Creative Commons Attribution 4.0,provider_label_retained_not_individual_legal_clearance,Homo sapiens,Visium,Kidney,True,a3a1f390009442332893286be2026fa19840366d8c5b62bb0713e7527b106160
NCBI711,MahmoodLab/hest,MahmoodLab/hest:st/NCBI711.h5ad,8b42ca7f80bc475644ac9a520bba7b9cccbce10d,local Hugging Face download receipt,st/NCBI711.h5ad,https://huggingface.co/datasets/MahmoodLab/hest/resolve/8b42ca7f80bc475644ac9a520bba7b9cccbce10d/st/NCBI711.h5ad,cab3b7ce24a77efd477fdd41fce232d8a22b752dc16b2cf788eec955e96df6c4,cab3b7ce24a77efd477fdd41fce232d8a22b752dc16b2cf788eec955e96df6c4,True,,,not_explicit_in_available_metadata,https://www.ncbi.nlm.nih.gov/pmc/articles/PMC10356613/,,,CC-BY-NC-SA-4.0,Creative Commons Attribution 4.0,provider_label_retained_not_individual_legal_clearance,Homo sapiens,Visium,Kidney,True,85468af548a9be959120bf1d1ae05d8c1b56e45588f2fbe1c8653718d25eb591
NCBI712,MahmoodLab/hest,MahmoodLab/hest:st/NCBI712.h5ad,8b42ca7f80bc475644ac9a520bba7b9cccbce10d,local Hugging Face download receipt,st/NCBI712.h5ad,https://huggingface.co/datasets/MahmoodLab/hest/resolve/8b42ca7f80bc475644ac9a520bba7b9cccbce10d/st/NCBI712.h5ad,b22d70f334c5143aa451de8bca65ef0f45ce82cb444963a627716416deabe796,b22d70f334c5143aa451de8bca65ef0f45ce82cb444963a627716416deabe796,True,,,not_explicit_in_available_metadata,https://www.ncbi.nlm.nih.gov/pmc/articles/PMC10356613/,,,CC-BY-NC-SA-4.0,Creative Commons Attribution 4.0,provider_label_retained_not_individual_legal_clearance,Homo sapiens,Visium,Kidney,True,e0155f48dc0b36c59b593187171a3954ba834d003d6dddee65be45c55ba3911e
NCBI713,MahmoodLab/hest,MahmoodLab/hest:st/NCBI713.h5ad,8b42ca7f80bc475644ac9a520bba7b9cccbce10d,local Hugging Face download receipt,st/NCBI713.h5ad,https://huggingface.co/datasets/MahmoodLab/hest/resolve/8b42ca7f80bc475644ac9a520bba7b9cccbce10d/st/NCBI713.h5ad,8b15bdda499a9496d76dab9d2010329b40b24c24a322f03a4a00e48080326ee6,8b15bdda499a9496d76dab9d2010329b40b24c24a322f03a4a00e48080326ee6,True,,,not_explicit_in_available_metadata,https://www.ncbi.nlm.nih.gov/pmc/articles/PMC10356613/,,,CC-BY-NC-SA-4.0,Creative Commons Attribution 4.0,provider_label_retained_not_individual_legal_clearance,Homo sapiens,Visium,Kidney,True,327fbd20476969715be1db4cf479fccdd1eb997faf49575c53bfbe22fa615eea
NCBI714,MahmoodLab/hest,MahmoodLab/hest:st/NCBI714.h5ad,8b42ca7f80bc475644ac9a520bba7b9cccbce10d,local Hugging Face download receipt,st/NCBI714.h5ad,https://huggingface.co/datasets/MahmoodLab/hest/resolve/8b42ca7f80bc475644ac9a520bba7b9cccbce10d/st/NCBI714.h5ad,84069922b54e71d818c805846e9ef73a458a8bcedde878e536d55d3f21743494,84069922b54e71d818c805846e9ef73a458a8bcedde878e536d55d3f21743494,True,,,not_explicit_in_available_metadata,https://www.ncbi.nlm.nih.gov/pmc/articles/PMC10356613/,,,CC-BY-NC-SA-4.0,Creative Commons Attribution 4.0,provider_label_retained_not_individual_legal_clearance,Homo sapiens,Visium,Kidney,True,8c1a85258943393ebda2978e9707462e004eef11b779f9a5fc5d2288e6ce7197
NCBI716,MahmoodLab/hest,MahmoodLab/hest:st/NCBI716.h5ad,8b42ca7f80bc475644ac9a520bba7b9cccbce10d,local Hugging Face download receipt,st/NCBI716.h5ad,https://huggingface.co/datasets/MahmoodLab/hest/resolve/8b42ca7f80bc475644ac9a520bba7b9cccbce10d/st/NCBI716.h5ad,559a5f6c5482d190c2bb387273b330ac3fbb1133c82579e3e2ae6486f652ffd7,559a5f6c5482d190c2bb387273b330ac3fbb1133c82579e3e2ae6486f652ffd7,True,,,not_explicit_in_available_metadata,https://pubmed.ncbi.nlm.nih.gov/37591239/,,,CC-BY-NC-SA-4.0,,original_label_requires_clarification,Mus musculus,Visium,Brain,True,aa1ef39b77e3ba6fb416c0902a5c1531595c7cb7e8af1cd2355d5bbcfec7033b
NCBI717,MahmoodLab/hest,MahmoodLab/hest:st/NCBI717.h5ad,8b42ca7f80bc475644ac9a520bba7b9cccbce10d,local Hugging Face download receipt,st/NCBI717.h5ad,https://huggingface.co/datasets/MahmoodLab/hest/resolve/8b42ca7f80bc475644ac9a520bba7b9cccbce10d/st/NCBI717.h5ad,ef228acbcf810c85b6ef237bd76169f247d17784ca152300fc67bd10099d4f12,ef228acbcf810c85b6ef237bd76169f247d17784ca152300fc67bd10099d4f12,True,,,not_explicit_in_available_metadata,https://pubmed.ncbi.nlm.nih.gov/37591239/,,,CC-BY-NC-SA-4.0,,original_label_requires_clarification,Mus musculus,Visium,Brain,True,1773c2d490da2e69788f677158fc39ee0e56dcbebc7fc4fdb63165d97714f22f
NCBI718,MahmoodLab/hest,MahmoodLab/hest:st/NCBI718.h5ad,8b42ca7f80bc475644ac9a520bba7b9cccbce10d,local Hugging Face download receipt,st/NCBI718.h5ad,https://huggingface.co/datasets/MahmoodLab/hest/resolve/8b42ca7f80bc475644ac9a520bba7b9cccbce10d/st/NCBI718.h5ad,575c3a05acd85465e5209b438adf3cfb6d048c52f61a74ae065b54a0ae28a333,575c3a05acd85465e5209b438adf3cfb6d048c52f61a74ae065b54a0ae28a333,True,,,not_explicit_in_available_metadata,https://pubmed.ncbi.nlm.nih.gov/37591239/,,,CC-BY-NC-SA-4.0,,original_label_requires_clarification,Mus musculus,Visium,Brain,True,cbcc199000e0858c8361d832745fff70c04243b00e13b2e6787a6a5cc887238d
NCBI719,MahmoodLab/hest,MahmoodLab/hest:st/NCBI719.h5ad,8b42ca7f80bc475644ac9a520bba7b9cccbce10d,local Hugging Face download receipt,st/NCBI719.h5ad,https://huggingface.co/datasets/MahmoodLab/hest/resolve/8b42ca7f80bc475644ac9a520bba7b9cccbce10d/st/NCBI719.h5ad,a5e234c2fb17a22bc4621666498cd6e9c9009ba3c246774ad7a7fb2d3acaba42,a5e234c2fb17a22bc4621666498cd6e9c9009ba3c246774ad7a7fb2d3acaba42,True,,,not_explicit_in_available_metadata,https://pubmed.ncbi.nlm.nih.gov/37591239/,,,CC-BY-NC-SA-4.0,,original_label_requires_clarification,Mus musculus,Visium,Brain,True,46b2397404fd0102a5ef22a5bd19752025bf301e962e53b915823717bbbc85bf
NCBI720,MahmoodLab/hest,MahmoodLab/hest:st/NCBI720.h5ad,8b42ca7f80bc475644ac9a520bba7b9cccbce10d,local Hugging Face download receipt,st/NCBI720.h5ad,https://huggingface.co/datasets/MahmoodLab/hest/resolve/8b42ca7f80bc475644ac9a520bba7b9cccbce10d/st/NCBI720.h5ad,36e30e843c92f9d8e1073d6953095146d064460af3f5b1049a0ce84e48c043ab,36e30e843c92f9d8e1073d6953095146d064460af3f5b1049a0ce84e48c043ab,True,,,not_explicit_in_available_metadata,https://pubmed.ncbi.nlm.nih.gov/37591239/,,,CC-BY-NC-SA-4.0,,original_label_requires_clarification,Mus musculus,Visium,Brain,True,1e9fdeb6c1396c894c71cbe0f4ab6764c9da988cf6f34bfb1a27d6935e79e0c5
NCBI727,MahmoodLab/hest,MahmoodLab/hest:st/NCBI727.h5ad,8b42ca7f80bc475644ac9a520bba7b9cccbce10d,local Hugging Face download receipt,st/NCBI727.h5ad,https://huggingface.co/datasets/MahmoodLab/hest/resolve/8b42ca7f80bc475644ac9a520bba7b9cccbce10d/st/NCBI727.h5ad,1337ca9455ae2e5310869cd1a00604ecc90ba44e131f9246f5f23e2f2efc5ea3,1337ca9455ae2e5310869cd1a00604ecc90ba44e131f9246f5f23e2f2efc5ea3,True,,,not_explicit_in_available_metadata,https://www.nature.com/articles/s41467-023-41387-3,,,CC-BY-NC-SA-4.0,,original_label_requires_clarification,Mus musculus,Visium,Lung,True,db9b32b7d8dd3e9c2f45f0332b3be3dba297cc225a5101c16eb98f5ebd74aa34
NCBI728,MahmoodLab/hest,MahmoodLab/hest:st/NCBI728.h5ad,8b42ca7f80bc475644ac9a520bba7b9cccbce10d,local Hugging Face download receipt,st/NCBI728.h5ad,https://huggingface.co/datasets/MahmoodLab/hest/resolve/8b42ca7f80bc475644ac9a520bba7b9cccbce10d/st/NCBI728.h5ad,d8cde2f1229bae268da1a5c03309bdf201fa4f1924c05ffba679f881a9513aa4,d8cde2f1229bae268da1a5c03309bdf201fa4f1924c05ffba679f881a9513aa4,True,,,not_explicit_in_available_metadata,https://www.ncbi.nlm.nih.gov/pmc/articles/PMC9701619/,,,CC-BY-NC-SA-4.0,,original_label_requires_clarification,Mus musculus,Visium,Bowel,True,6e94ec1377b826ba10c8359efc04d4322b4b502d5d48fa9531d4dd2c1c2314dd
NCBI729,MahmoodLab/hest,MahmoodLab/hest:st/NCBI729.h5ad,8b42ca7f80bc475644ac9a520bba7b9cccbce10d,local Hugging Face download receipt,st/NCBI729.h5ad,https://huggingface.co/datasets/MahmoodLab/hest/resolve/8b42ca7f80bc475644ac9a520bba7b9cccbce10d/st/NCBI729.h5ad,42d0ab57689eda1311302440338484ed0eeb4a829cc32ca3c09218ad1649c0c3,42d0ab57689eda1311302440338484ed0eeb4a829cc32ca3c09218ad1649c0c3,True,,,not_explicit_in_available_metadata,https://www.ncbi.nlm.nih.gov/pmc/articles/PMC9701619/,,,CC-BY-NC-SA-4.0,,original_label_requires_clarification,Mus musculus,Visium,Bowel,True,cc58f302aef1f75fb3ae08879674bd5b5a89e3b23d028a74859a8562dd83338d
NCBI759,MahmoodLab/hest,MahmoodLab/hest:st/NCBI759.h5ad,8b42ca7f80bc475644ac9a520bba7b9cccbce10d,local Hugging Face download receipt,st/NCBI759.h5ad,https://huggingface.co/datasets/MahmoodLab/hest/resolve/8b42ca7f80bc475644ac9a520bba7b9cccbce10d/st/NCBI759.h5ad,1e4c968352a70e1c5990f0384a901c21f79a7b005f6b88713fd36e02a3000c55,1e4c968352a70e1c5990f0384a901c21f79a7b005f6b88713fd36e02a3000c55,True,,,not_explicit_in_available_metadata,https://www.ncbi.nlm.nih.gov/pmc/articles/PMC7391009/,,,CC-BY-NC-SA-4.0,,original_label_requires_clarification,Homo sapiens,Spatial Transcriptomics,Skin,True,fb0d8c51d46b2c40f180e4ca14520ec4ff2002b9c7f611899b4d90dfa36d97fe
NCBI760,MahmoodLab/hest,MahmoodLab/hest:st/NCBI760.h5ad,8b42ca7f80bc475644ac9a520bba7b9cccbce10d,local Hugging Face download receipt,st/NCBI760.h5ad,https://huggingface.co/datasets/MahmoodLab/hest/resolve/8b42ca7f80bc475644ac9a520bba7b9cccbce10d/st/NCBI760.h5ad,e752c020685310dd85b6c68c0f0ecf41c599c565c4a495eeb792fc4dece96612,e752c020685310dd85b6c68c0f0ecf41c599c565c4a495eeb792fc4dece96612,True,,,not_explicit_in_available_metadata,https://www.ncbi.nlm.nih.gov/pmc/articles/PMC7391009/,,,CC-BY-NC-SA-4.0,,original_label_requires_clarification,Homo sapiens,Spatial Transcriptomics,Skin,True,3d163f9d2a53fa7a9509dafea200701c73135dcaf288afdd3a63aea6392101f4
NCBI761,MahmoodLab/hest,MahmoodLab/hest:st/NCBI761.h5ad,8b42ca7f80bc475644ac9a520bba7b9cccbce10d,local Hugging Face download receipt,st/NCBI761.h5ad,https://huggingface.co/datasets/MahmoodLab/hest/resolve/8b42ca7f80bc475644ac9a520bba7b9cccbce10d/st/NCBI761.h5ad,319404c208c6d8f456266d806ffb5ff6d9fc04da964e4e060a714d906d8f445d,319404c208c6d8f456266d806ffb5ff6d9fc04da964e4e060a714d906d8f445d,True,,,not_explicit_in_available_metadata,https://www.ncbi.nlm.nih.gov/pmc/articles/PMC7391009/,,,CC-BY-NC-SA-4.0,,original_label_requires_clarification,Homo sapiens,Spatial Transcriptomics,Skin,True,bd12dd9f0f18bcda07fc011fe221bc73f6cb34ca5d214c4495e30813bb7e8fc4
NCBI763,MahmoodLab/hest,MahmoodLab/hest:st/NCBI763.h5ad,8b42ca7f80bc475644ac9a520bba7b9cccbce10d,local Hugging Face download receipt,st/NCBI763.h5ad,https://huggingface.co/datasets/MahmoodLab/hest/resolve/8b42ca7f80bc475644ac9a520bba7b9cccbce10d/st/NCBI763.h5ad,a44bbc49feba4703a6be7532e5e0b9d9751be0499a12d7d954c508da940625a5,a44bbc49feba4703a6be7532e5e0b9d9751be0499a12d7d954c508da940625a5,True,,,not_explicit_in_available_metadata,https://www.ncbi.nlm.nih.gov/pmc/articles/PMC7391009/,,,CC-BY-NC-SA-4.0,,original_label_requires_clarification,Homo sapiens,Spatial Transcriptomics,Skin,True,2397acc1f3e91abcd9fbd1ba216b8e0423e9d400d8137a2cb5d21aec6aedd7d5
NCBI764,MahmoodLab/hest,MahmoodLab/hest:st/NCBI764.h5ad,8b42ca7f80bc475644ac9a520bba7b9cccbce10d,local Hugging Face download receipt,st/NCBI764.h5ad,https://huggingface.co/datasets/MahmoodLab/hest/resolve/8b42ca7f80bc475644ac9a520bba7b9cccbce10d/st/NCBI764.h5ad,83444324a2eb6eaf5cdfbd0d94442e59409afa24f85302eed7ecaa2eefbb8c72,83444324a2eb6eaf5cdfbd0d94442e59409afa24f85302eed7ecaa2eefbb8c72,True,,,not_explicit_in_available_metadata,https://www.ncbi.nlm.nih.gov/pmc/articles/PMC7391009/,,,CC-BY-NC-SA-4.0,,original_label_requires_clarification,Homo sapiens,Spatial Transcriptomics,Skin,True,5dea2fefbf229825a3513bf27510e9e452ccfd0b112ea7b51b06e036f1f832ac
NCBI765,MahmoodLab/hest,MahmoodLab/hest:st/NCBI765.h5ad,8b42ca7f80bc475644ac9a520bba7b9cccbce10d,local Hugging Face download receipt,st/NCBI765.h5ad,https://huggingface.co/datasets/MahmoodLab/hest/resolve/8b42ca7f80bc475644ac9a520bba7b9cccbce10d/st/NCBI765.h5ad,e59db2b435eb3a8249b24776101403bf49278501450d0e9f8ca2dee91391171c,e59db2b435eb3a8249b24776101403bf49278501450d0e9f8ca2dee91391171c,True,,,not_explicit_in_available_metadata,https://www.ncbi.nlm.nih.gov/pmc/articles/PMC7391009/,,,CC-BY-NC-SA-4.0,,original_label_requires_clarification,Homo sapiens,Spatial Transcriptomics,Skin,True,f41f1541d08b3e3e99da1d381c7ab4abfc8927475f8a13c563af60bb383e361a
NCBI766,MahmoodLab/hest,MahmoodLab/hest:st/NCBI766.h5ad,8b42ca7f80bc475644ac9a520bba7b9cccbce10d,local Hugging Face download receipt,st/NCBI766.h5ad,https://huggingface.co/datasets/MahmoodLab/hest/resolve/8b42ca7f80bc475644ac9a520bba7b9cccbce10d/st/NCBI766.h5ad,06200466534dbb4ed99fb9ad5e51c2590f33098f19f912ac8b969613ede711d2,06200466534dbb4ed99fb9ad5e51c2590f33098f19f912ac8b969613ede711d2,True,,,not_explicit_in_available_metadata,https://www.ncbi.nlm.nih.gov/pmc/articles/PMC7391009/,,,CC-BY-NC-SA-4.0,,original_label_requires_clarification,Homo sapiens,Spatial Transcriptomics,Skin,True,44b3b68df8ee0d97ddcde8728b4315d2d18f001ca12d11e67ef4cde51d22a51d
NCBI767,MahmoodLab/hest,MahmoodLab/hest:st/NCBI767.h5ad,8b42ca7f80bc475644ac9a520bba7b9cccbce10d,local Hugging Face download receipt,st/NCBI767.h5ad,https://huggingface.co/datasets/MahmoodLab/hest/resolve/8b42ca7f80bc475644ac9a520bba7b9cccbce10d/st/NCBI767.h5ad,ee4643cf2a2a66880a806f8dccde3e9da6f0c13306297900196f385b8c0d954a,ee4643cf2a2a66880a806f8dccde3e9da6f0c13306297900196f385b8c0d954a,True,,,not_explicit_in_available_metadata,https://www.ncbi.nlm.nih.gov/pmc/articles/PMC7391009/,,,CC-BY-NC-SA-4.0,,original_label_requires_clarification,Homo sapiens,Spatial Transcriptomics,Skin,True,257aa03a6f6096fd0aa5d977655f7ddc95b13d30b850fbfd62c0c758d5603387
NCBI768,MahmoodLab/hest,MahmoodLab/hest:st/NCBI768.h5ad,8b42ca7f80bc475644ac9a520bba7b9cccbce10d,local Hugging Face download receipt,st/NCBI768.h5ad,https://huggingface.co/datasets/MahmoodLab/hest/resolve/8b42ca7f80bc475644ac9a520bba7b9cccbce10d/st/NCBI768.h5ad,6ec7ffd4abf6baf14d84793900e20dff4b70da78347608bd27e9830730c667d3,6ec7ffd4abf6baf14d84793900e20dff4b70da78347608bd27e9830730c667d3,True,,,not_explicit_in_available_metadata,https://www.ncbi.nlm.nih.gov/pmc/articles/PMC7391009/,,,CC-BY-NC-SA-4.0,,original_label_requires_clarification,Homo sapiens,Spatial Transcriptomics,Skin,True,e9dd7fc79fd2bd745c76ab98d70db36267c72c0436907599e604b288741573ff
NCBI769,MahmoodLab/hest,MahmoodLab/hest:st/NCBI769.h5ad,8b42ca7f80bc475644ac9a520bba7b9cccbce10d,local Hugging Face download receipt,st/NCBI769.h5ad,https://huggingface.co/datasets/MahmoodLab/hest/resolve/8b42ca7f80bc475644ac9a520bba7b9cccbce10d/st/NCBI769.h5ad,5907313fdd94ccc77afe82d83ae4124fa6bd47f65fe3c2a5e22245651d0cbd3b,5907313fdd94ccc77afe82d83ae4124fa6bd47f65fe3c2a5e22245651d0cbd3b,True,,,not_explicit_in_available_metadata,https://www.ncbi.nlm.nih.gov/pmc/articles/PMC7391009/,,,CC-BY-NC-SA-4.0,,original_label_requires_clarification,Homo sapiens,Spatial Transcriptomics,Skin,True,93993d952733665b49a5eae1490c9fad39fd3b3bf648ded1135e34dea6a120e8
NCBI770,MahmoodLab/hest,MahmoodLab/hest:st/NCBI770.h5ad,8b42ca7f80bc475644ac9a520bba7b9cccbce10d,local Hugging Face download receipt,st/NCBI770.h5ad,https://huggingface.co/datasets/MahmoodLab/hest/resolve/8b42ca7f80bc475644ac9a520bba7b9cccbce10d/st/NCBI770.h5ad,e92643106972dc8fc88feb2724c1e4c2dd5c590a1df7b00722bea31b57cf0d83,e92643106972dc8fc88feb2724c1e4c2dd5c590a1df7b00722bea31b57cf0d83,True,,,not_explicit_in_available_metadata,https://www.ncbi.nlm.nih.gov/pmc/articles/PMC7391009/,,,CC-BY-NC-SA-4.0,,original_label_requires_clarification,Homo sapiens,Spatial Transcriptomics,Skin,True,e890b7188cef31a1863995429b8fcf148ab345625164a04a019712aa0ec48950
NCBI771,MahmoodLab/hest,MahmoodLab/hest:st/NCBI771.h5ad,8b42ca7f80bc475644ac9a520bba7b9cccbce10d,local Hugging Face download receipt,st/NCBI771.h5ad,https://huggingface.co/datasets/MahmoodLab/hest/resolve/8b42ca7f80bc475644ac9a520bba7b9cccbce10d/st/NCBI771.h5ad,4c7862f5d9d1c8abfc7d898e5925c36ce6ec76e513afd0f88760a591fbc4f0f6,4c7862f5d9d1c8abfc7d898e5925c36ce6ec76e513afd0f88760a591fbc4f0f6,True,,,not_explicit_in_available_metadata,https://www.ncbi.nlm.nih.gov/pmc/articles/PMC10296284/,,,CC-BY-NC-SA-4.0,,original_label_requires_clarification,Homo sapiens,Visium,Eye,True,d6ece396faa3433d48c513f35235f22ca02be5401263856eb1810df233a24dfc
NCBI776,MahmoodLab/hest,MahmoodLab/hest:st/NCBI776.h5ad,8b42ca7f80bc475644ac9a520bba7b9cccbce10d,local Hugging Face download receipt,st/NCBI776.h5ad,https://huggingface.co/datasets/MahmoodLab/hest/resolve/8b42ca7f80bc475644ac9a520bba7b9cccbce10d/st/NCBI776.h5ad,456567a13c1b644d5b0eba0e917f190fa84178060b29c0274792e9c4f0ca2b6e,456567a13c1b644d5b0eba0e917f190fa84178060b29c0274792e9c4f0ca2b6e,True,,,not_explicit_in_available_metadata,https://www.nature.com/articles/s41467-023-43458-x,,,CC-BY-NC-SA-4.0,,original_label_requires_clarification,Homo sapiens,Visium,Breast,True,494c2688ad1d9b5f3c61e63a52b135dcd59212904618b2b1d6a2cd63c6ec9a63
NCBI783,MahmoodLab/hest,MahmoodLab/hest:st/NCBI783.h5ad,8b42ca7f80bc475644ac9a520bba7b9cccbce10d,local Hugging Face download receipt,st/NCBI783.h5ad,https://huggingface.co/datasets/MahmoodLab/hest/resolve/8b42ca7f80bc475644ac9a520bba7b9cccbce10d/st/NCBI783.h5ad,99e0013536962f217205a49542fbbaa94ccd23e02cadee96f4b5ebb7b16c63dc,99e0013536962f217205a49542fbbaa94ccd23e02cadee96f4b5ebb7b16c63dc,True,,,not_explicit_in_available_metadata,https://www.nature.com/articles/s41467-023-43458-x,,,CC-BY-NC-SA-4.0,,original_label_requires_clarification,Homo sapiens,Xenium,Breast,True,1f364855731cba82caf30f0c8ed1132507098aff0c1df7182c1455c680ceed40
NCBI785,MahmoodLab/hest,MahmoodLab/hest:st/NCBI785.h5ad,8b42ca7f80bc475644ac9a520bba7b9cccbce10d,local Hugging Face download receipt,st/NCBI785.h5ad,https://huggingface.co/datasets/MahmoodLab/hest/resolve/8b42ca7f80bc475644ac9a520bba7b9cccbce10d/st/NCBI785.h5ad,e9d7d5fa41bf485abbe20bf1f29c82990714e9403f65e26e15d19b360b9697e6,e9d7d5fa41bf485abbe20bf1f29c82990714e9403f65e26e15d19b360b9697e6,True,,,not_explicit_in_available_metadata,https://www.nature.com/articles/s41467-023-43458-x,,,CC-BY-NC-SA-4.0,,original_label_requires_clarification,Homo sapiens,Xenium,Breast,True,5fc486c574fae428f2dc531dc2177f2f29a4989d7d691235463024fc0d92b546
NCBI786,MahmoodLab/hest,MahmoodLab/hest:st/NCBI786.h5ad,8b42ca7f80bc475644ac9a520bba7b9cccbce10d,local Hugging Face download receipt,st/NCBI786.h5ad,https://huggingface.co/datasets/MahmoodLab/hest/resolve/8b42ca7f80bc475644ac9a520bba7b9cccbce10d/st/NCBI786.h5ad,848d90d2ba21ebb13a297fbdb9a19643866ab548c67e5cfeb5f237990957ee62,848d90d2ba21ebb13a297fbdb9a19643866ab548c67e5cfeb5f237990957ee62,True,,,not_explicit_in_available_metadata,,,,CC-BY-NC-SA-4.0,,original_label_requires_clarification,Mus musculus,Visium,Heart,True,7520b04dc9e3277429400a158aad6418db8d11779aee3bd7a50aa97d95fabbb6
NCBI787,MahmoodLab/hest,MahmoodLab/hest:st/NCBI787.h5ad,8b42ca7f80bc475644ac9a520bba7b9cccbce10d,local Hugging Face download receipt,st/NCBI787.h5ad,https://huggingface.co/datasets/MahmoodLab/hest/resolve/8b42ca7f80bc475644ac9a520bba7b9cccbce10d/st/NCBI787.h5ad,9187698a7927bcd63b70707418b4f5e53f9224ab6c170948137191711a5f0957,9187698a7927bcd63b70707418b4f5e53f9224ab6c170948137191711a5f0957,True,,,not_explicit_in_available_metadata,,,,CC-BY-NC-SA-4.0,,original_label_requires_clarification,Mus musculus,Visium,Heart,True,b45ef5677295691f5791baea20875c3e596b6f86a9e67003cfdb056c1766ba75
NCBI788,MahmoodLab/hest,MahmoodLab/hest:st/NCBI788.h5ad,8b42ca7f80bc475644ac9a520bba7b9cccbce10d,local Hugging Face download receipt,st/NCBI788.h5ad,https://huggingface.co/datasets/MahmoodLab/hest/resolve/8b42ca7f80bc475644ac9a520bba7b9cccbce10d/st/NCBI788.h5ad,3b6b6132f1544ca93d01aa447928c59169a05ce8f53ba4f1906a4d9983e6aac4,3b6b6132f1544ca93d01aa447928c59169a05ce8f53ba4f1906a4d9983e6aac4,True,,,not_explicit_in_available_metadata,https://pubmed.ncbi.nlm.nih.gov/37598997/,,,CC-BY-NC-SA-4.0,,original_label_requires_clarification,Mus musculus,Visium,Uterus,True,34e0fcc176fa4f8e1d017ed40364d9ed993a9128226ad0f96b72861984883271
NCBI789,MahmoodLab/hest,MahmoodLab/hest:st/NCBI789.h5ad,8b42ca7f80bc475644ac9a520bba7b9cccbce10d,local Hugging Face download receipt,st/NCBI789.h5ad,https://huggingface.co/datasets/MahmoodLab/hest/resolve/8b42ca7f80bc475644ac9a520bba7b9cccbce10d/st/NCBI789.h5ad,bcbaa6f529ad699f434e1c9f8a7f440109f6857443021dee69cb7343622b54d9,bcbaa6f529ad699f434e1c9f8a7f440109f6857443021dee69cb7343622b54d9,True,,,not_explicit_in_available_metadata,https://pubmed.ncbi.nlm.nih.gov/37598997/,,,CC-BY-NC-SA-4.0,,original_label_requires_clarification,Mus musculus,Visium,Uterus,True,1207afed28d2f4ee6e60bd75702d191e9641c9d8756e38391926716a630c5567
NCBI790,MahmoodLab/hest,MahmoodLab/hest:st/NCBI790.h5ad,8b42ca7f80bc475644ac9a520bba7b9cccbce10d,local Hugging Face download receipt,st/NCBI790.h5ad,https://huggingface.co/datasets/MahmoodLab/hest/resolve/8b42ca7f80bc475644ac9a520bba7b9cccbce10d/st/NCBI790.h5ad,5fb60157fbb78c13c347c0d267342b5f7d217ad4df1124ddc4b3fb570affc62f,5fb60157fbb78c13c347c0d267342b5f7d217ad4df1124ddc4b3fb570affc62f,True,,,not_explicit_in_available_metadata,https://pubmed.ncbi.nlm.nih.gov/37598997/,,,CC-BY-NC-SA-4.0,,original_label_requires_clarification,Mus musculus,Visium,Uterus,True,787b811409cf6f2d678edc9c1d1bbd4ebbf663c1ff6fa38e6e751039e1035850
NCBI791,MahmoodLab/hest,MahmoodLab/hest:st/NCBI791.h5ad,8b42ca7f80bc475644ac9a520bba7b9cccbce10d,local Hugging Face download receipt,st/NCBI791.h5ad,https://huggingface.co/datasets/MahmoodLab/hest/resolve/8b42ca7f80bc475644ac9a520bba7b9cccbce10d/st/NCBI791.h5ad,19c74c0bc9a85a4c2d628ffec134c3b36792d93a0e4851486a903852ee4198f4,19c74c0bc9a85a4c2d628ffec134c3b36792d93a0e4851486a903852ee4198f4,True,,,not_explicit_in_available_metadata,https://pubmed.ncbi.nlm.nih.gov/37598997/,,,CC-BY-NC-SA-4.0,,original_label_requires_clarification,Mus musculus,Visium,Placenta,True,6ee21a90422745e33aa2d1dcf1335dded33c414d3cee5c5fe012351eb19ea107
NCBI792,MahmoodLab/hest,MahmoodLab/hest:st/NCBI792.h5ad,8b42ca7f80bc475644ac9a520bba7b9cccbce10d,local Hugging Face download receipt,st/NCBI792.h5ad,https://huggingface.co/datasets/MahmoodLab/hest/resolve/8b42ca7f80bc475644ac9a520bba7b9cccbce10d/st/NCBI792.h5ad,724a6c95d67d764a831e60adc7f259b6246a6e0acf3c3d6b05e0e0fc7eb7d03b,724a6c95d67d764a831e60adc7f259b6246a6e0acf3c3d6b05e0e0fc7eb7d03b,True,,,not_explicit_in_available_metadata,https://www.ncbi.nlm.nih.gov/pmc/articles/PMC10081210/,,,CC-BY-NC-SA-4.0,,original_label_requires_clarification,Mus musculus,Visium,Prostate,True,a86ce460927cdf6e1808292bdfbccca0e4d6a7e36b22ccf784160d19f946a53d
NCBI793,MahmoodLab/hest,MahmoodLab/hest:st/NCBI793.h5ad,8b42ca7f80bc475644ac9a520bba7b9cccbce10d,local Hugging Face download receipt,st/NCBI793.h5ad,https://huggingface.co/datasets/MahmoodLab/hest/resolve/8b42ca7f80bc475644ac9a520bba7b9cccbce10d/st/NCBI793.h5ad,e8873776c065367d084d615e030965559c3f9e6bb2c097367c2b56ed6719bb6a,e8873776c065367d084d615e030965559c3f9e6bb2c097367c2b56ed6719bb6a,True,,,not_explicit_in_available_metadata,https://www.ncbi.nlm.nih.gov/pmc/articles/PMC10081210/,,,CC-BY-NC-SA-4.0,,original_label_requires_clarification,Mus musculus,Visium,Prostate,True,72cea51a7d1e12cb93cd6cbc56cbb1906a47508b3ebeaadc319ea31b0e580d52
NCBI794,MahmoodLab/hest,MahmoodLab/hest:st/NCBI794.h5ad,8b42ca7f80bc475644ac9a520bba7b9cccbce10d,local Hugging Face download receipt,st/NCBI794.h5ad,https://huggingface.co/datasets/MahmoodLab/hest/resolve/8b42ca7f80bc475644ac9a520bba7b9cccbce10d/st/NCBI794.h5ad,3f0e4bf0ac6295ac7f3ee7765b80f278e0c1d92073eee1ad6b5085ca049be2bf,3f0e4bf0ac6295ac7f3ee7765b80f278e0c1d92073eee1ad6b5085ca049be2bf,True,,,not_explicit_in_available_metadata,https://www.ncbi.nlm.nih.gov/pmc/articles/PMC8589952/,,,CC-BY-NC-SA-4.0,,original_label_requires_clarification,Mus musculus,Visium,Muscle,True,c46b21acfa4ceb622e5d246634b78cfe68a902a0eac7ece7c8de0e3e9d4f31fa
NCBI795,MahmoodLab/hest,MahmoodLab/hest:st/NCBI795.h5ad,8b42ca7f80bc475644ac9a520bba7b9cccbce10d,local Hugging Face download receipt,st/NCBI795.h5ad,https://huggingface.co/datasets/MahmoodLab/hest/resolve/8b42ca7f80bc475644ac9a520bba7b9cccbce10d/st/NCBI795.h5ad,a8e15d47176cbb15add2c33515cfaa0e9750386f444107ea8a3d727e5fabd127,a8e15d47176cbb15add2c33515cfaa0e9750386f444107ea8a3d727e5fabd127,True,,,not_explicit_in_available_metadata,https://www.ncbi.nlm.nih.gov/pmc/articles/PMC8589952/,,,CC-BY-NC-SA-4.0,,original_label_requires_clarification,Mus musculus,Visium,Muscle,True,614f5e17ce732cedbcdf4d694996453c817f3416ab10941c3b7ef43461bc530d
NCBI796,MahmoodLab/hest,MahmoodLab/hest:st/NCBI796.h5ad,8b42ca7f80bc475644ac9a520bba7b9cccbce10d,local Hugging Face download receipt,st/NCBI796.h5ad,https://huggingface.co/datasets/MahmoodLab/hest/resolve/8b42ca7f80bc475644ac9a520bba7b9cccbce10d/st/NCBI796.h5ad,255aae275b385a06e672d66db2f838d811cbffe5f83ebe708914084bfb2e7717,255aae275b385a06e672d66db2f838d811cbffe5f83ebe708914084bfb2e7717,True,,,not_explicit_in_available_metadata,https://www.ncbi.nlm.nih.gov/pmc/articles/PMC8589952/,,,CC-BY-NC-SA-4.0,,original_label_requires_clarification,Mus musculus,Visium,Muscle,True,2585331898706ef4f47501ba7e2adb7395a5d9858c9394f6b5d2c1e61132c4c7
NCBI8,MahmoodLab/hest,MahmoodLab/hest:st/NCBI8.h5ad,8b42ca7f80bc475644ac9a520bba7b9cccbce10d,local Hugging Face download receipt,st/NCBI8.h5ad,https://huggingface.co/datasets/MahmoodLab/hest/resolve/8b42ca7f80bc475644ac9a520bba7b9cccbce10d/st/NCBI8.h5ad,89ae4c0b65480d653919aaf50449e65f61fa28f91157ac0a41432561c836248a,89ae4c0b65480d653919aaf50449e65f61fa28f91157ac0a41432561c836248a,True,,,not_explicit_in_available_metadata,https://www.science.org/doi/10.1126/science.aav9776?url_ver=Z39.88-2003&rfr_id=ori:rid:crossref.org&rfr_dat=cr_pub%20%200pubmed,,10.1126/science.aav9776?url_ver=Z39.88-2003&rfr_id=ori:rid:crossref.org&rfr_dat=cr_pub%20%200pubmed,CC-BY-NC-SA-4.0,,original_label_requires_clarification,Mus musculus,Spatial Transcriptomics,Spinal cord,True,4dfecd8f5acd917b2346a9b13c16db821655c95daecb8fc9e8d2a7e0699126f2
NCBI800,MahmoodLab/hest,MahmoodLab/hest:st/NCBI800.h5ad,8b42ca7f80bc475644ac9a520bba7b9cccbce10d,local Hugging Face download receipt,st/NCBI800.h5ad,https://huggingface.co/datasets/MahmoodLab/hest/resolve/8b42ca7f80bc475644ac9a520bba7b9cccbce10d/st/NCBI800.h5ad,f5b35e5992d5cb978deb236892dc614fff910c646653136e90195d03d143ef6a,f5b35e5992d5cb978deb236892dc614fff910c646653136e90195d03d143ef6a,True,,,not_explicit_in_available_metadata,"https://www.sciencedirect.com/science/article/abs/pii/S0889159123004166#:~:text=These%20data%20suggest%20binge%20drinking,heightened%20neuroinflammatory%20responses%20to%20ethanol.",,,CC-BY-NC-SA-4.0,,original_label_requires_clarification,Mus musculus,Visium,Brain,True,f304fd80bfb1d576627770c34a022e58b43a39e163f5d2ec6b55ba74092609f0
NCBI801,MahmoodLab/hest,MahmoodLab/hest:st/NCBI801.h5ad,8b42ca7f80bc475644ac9a520bba7b9cccbce10d,local Hugging Face download receipt,st/NCBI801.h5ad,https://huggingface.co/datasets/MahmoodLab/hest/resolve/8b42ca7f80bc475644ac9a520bba7b9cccbce10d/st/NCBI801.h5ad,35accbbd4c37681ff3f5729214bda66b03fe50031ae7b0006ccfade03b83a21a,35accbbd4c37681ff3f5729214bda66b03fe50031ae7b0006ccfade03b83a21a,True,,,not_explicit_in_available_metadata,"https://www.sciencedirect.com/science/article/abs/pii/S0889159123004166#:~:text=These%20data%20suggest%20binge%20drinking,heightened%20neuroinflammatory%20responses%20to%20ethanol.",,,CC-BY-NC-SA-4.0,,original_label_requires_clarification,Mus musculus,Visium,Brain,True,ee37ca21517ff6c97733b956d3383c6af2eb5aa0fd03568b849d09341b15f42d
NCBI802,MahmoodLab/hest,MahmoodLab/hest:st/NCBI802.h5ad,8b42ca7f80bc475644ac9a520bba7b9cccbce10d,local Hugging Face download receipt,st/NCBI802.h5ad,https://huggingface.co/datasets/MahmoodLab/hest/resolve/8b42ca7f80bc475644ac9a520bba7b9cccbce10d/st/NCBI802.h5ad,821cd8e3734a0a75fb2e2f5d50d2281bbe1847ce1c6bfbbb0d6ca758c7a73420,821cd8e3734a0a75fb2e2f5d50d2281bbe1847ce1c6bfbbb0d6ca758c7a73420,True,,,not_explicit_in_available_metadata,"https://www.sciencedirect.com/science/article/abs/pii/S0889159123004166#:~:text=These%20data%20suggest%20binge%20drinking,heightened%20neuroinflammatory%20responses%20to%20ethanol.",,,CC-BY-NC-SA-4.0,,original_label_requires_clarification,Mus musculus,Visium,Brain,True,ed00ccc0b8a428307c253fc557b595d34bd024ad899f8fe9a5f18655992744d6
NCBI806,MahmoodLab/hest,MahmoodLab/hest:st/NCBI806.h5ad,8b42ca7f80bc475644ac9a520bba7b9cccbce10d,local Hugging Face download receipt,st/NCBI806.h5ad,https://huggingface.co/datasets/MahmoodLab/hest/resolve/8b42ca7f80bc475644ac9a520bba7b9cccbce10d/st/NCBI806.h5ad,2453e41b67168cd02b411d7c702399bcce17b7add3beaba09695fe071b5bb536,2453e41b67168cd02b411d7c702399bcce17b7add3beaba09695fe071b5bb536,True,,,not_explicit_in_available_metadata,,,,CC-BY-NC-SA-4.0,,original_label_requires_clarification,Mus musculus,Visium,Brain,True,71f5997cc31926422c3f97df1de7c84229d31e3c6c7bb418f3d35ac0346cebfc
NCBI807,MahmoodLab/hest,MahmoodLab/hest:st/NCBI807.h5ad,8b42ca7f80bc475644ac9a520bba7b9cccbce10d,local Hugging Face download receipt,st/NCBI807.h5ad,https://huggingface.co/datasets/MahmoodLab/hest/resolve/8b42ca7f80bc475644ac9a520bba7b9cccbce10d/st/NCBI807.h5ad,7ed26d529dd69b77f575920bc3e8671b25ec85b42a8b16d04c62811b59aaa306,7ed26d529dd69b77f575920bc3e8671b25ec85b42a8b16d04c62811b59aaa306,True,,,not_explicit_in_available_metadata,,,,CC-BY-NC-SA-4.0,,original_label_requires_clarification,Mus musculus,Visium,Brain,True,da5b8093aeb71900eaacc2364ecb65f5335f681c7c2f7cf3eee6aafe1b4939ce
NCBI808,MahmoodLab/hest,MahmoodLab/hest:st/NCBI808.h5ad,8b42ca7f80bc475644ac9a520bba7b9cccbce10d,local Hugging Face download receipt,st/NCBI808.h5ad,https://huggingface.co/datasets/MahmoodLab/hest/resolve/8b42ca7f80bc475644ac9a520bba7b9cccbce10d/st/NCBI808.h5ad,a12ffaaf1c29c731f28582d6dddcc15fe119a0474d2935b2809c6cae1a020f75,a12ffaaf1c29c731f28582d6dddcc15fe119a0474d2935b2809c6cae1a020f75,True,,,not_explicit_in_available_metadata,,,,CC-BY-NC-SA-4.0,,original_label_requires_clarification,Mus musculus,Visium,Brain,True,c6b00f9fda6a8e60fa08a51d8390c40e00cb925fdafc4d8efd9fc6c86dad4115
NCBI809,MahmoodLab/hest,MahmoodLab/hest:st/NCBI809.h5ad,8b42ca7f80bc475644ac9a520bba7b9cccbce10d,local Hugging Face download receipt,st/NCBI809.h5ad,https://huggingface.co/datasets/MahmoodLab/hest/resolve/8b42ca7f80bc475644ac9a520bba7b9cccbce10d/st/NCBI809.h5ad,53e532879c8f64e63858ccb6b434e846c494496d69d4ed38eab2b2bce6dcf0db,53e532879c8f64e63858ccb6b434e846c494496d69d4ed38eab2b2bce6dcf0db,True,,,not_explicit_in_available_metadata,,,,CC-BY-NC-SA-4.0,,original_label_requires_clarification,Mus musculus,Visium,Brain,True,d56fbfe6778c0b8ba7f2fa0e7a0fb21a46f7d4617d54a0c694f9921813ecc631
NCBI811,MahmoodLab/hest,MahmoodLab/hest:st/NCBI811.h5ad,8b42ca7f80bc475644ac9a520bba7b9cccbce10d,local Hugging Face download receipt,st/NCBI811.h5ad,https://huggingface.co/datasets/MahmoodLab/hest/resolve/8b42ca7f80bc475644ac9a520bba7b9cccbce10d/st/NCBI811.h5ad,06e127d74bca267b46160ca62b20a2eb44eeca5b0a2775839e51cbf9667d8978,06e127d74bca267b46160ca62b20a2eb44eeca5b0a2775839e51cbf9667d8978,True,,,not_explicit_in_available_metadata,https://pubmed.ncbi.nlm.nih.gov/37423216/,,,CC-BY-NC-SA-4.0,,original_label_requires_clarification,Homo sapiens,Visium,Uterus,True,e9e476b21e833bbae2058978d016d313ec8c13cff011facfc54068e419069460
NCBI812,MahmoodLab/hest,MahmoodLab/hest:st/NCBI812.h5ad,8b42ca7f80bc475644ac9a520bba7b9cccbce10d,local Hugging Face download receipt,st/NCBI812.h5ad,https://huggingface.co/datasets/MahmoodLab/hest/resolve/8b42ca7f80bc475644ac9a520bba7b9cccbce10d/st/NCBI812.h5ad,2b3bb8e27feac84fb7001423278c5d8aaffde95ef1376bc566bcdb7b682ee393,2b3bb8e27feac84fb7001423278c5d8aaffde95ef1376bc566bcdb7b682ee393,True,,,not_explicit_in_available_metadata,https://pubmed.ncbi.nlm.nih.gov/37423216/,,,CC-BY-NC-SA-4.0,,original_label_requires_clarification,Homo sapiens,Visium,Uterus,True,d8b8b5e7a4ecbb2b9a9d3d47a30ad17120310c1f7bf45a817794a9b2fff5e3e2
NCBI813,MahmoodLab/hest,MahmoodLab/hest:st/NCBI813.h5ad,8b42ca7f80bc475644ac9a520bba7b9cccbce10d,local Hugging Face download receipt,st/NCBI813.h5ad,https://huggingface.co/datasets/MahmoodLab/hest/resolve/8b42ca7f80bc475644ac9a520bba7b9cccbce10d/st/NCBI813.h5ad,d188883538347cad665301430c31ec26ece1915d2da9db55589fb3d294316120,d188883538347cad665301430c31ec26ece1915d2da9db55589fb3d294316120,True,,,not_explicit_in_available_metadata,https://pubmed.ncbi.nlm.nih.gov/37423216/,,,CC-BY-NC-SA-4.0,,original_label_requires_clarification,Homo sapiens,Visium,Uterus,True,28462297de06790f03a477225b88312534e6d142e22b91f1732fed7efdae687b
NCBI814,MahmoodLab/hest,MahmoodLab/hest:st/NCBI814.h5ad,8b42ca7f80bc475644ac9a520bba7b9cccbce10d,local Hugging Face download receipt,st/NCBI814.h5ad,https://huggingface.co/datasets/MahmoodLab/hest/resolve/8b42ca7f80bc475644ac9a520bba7b9cccbce10d/st/NCBI814.h5ad,b0e95a4c3c1e1f77d2efe79a20c30a37c6ffcefac46f89e8d669206eca7eb510,b0e95a4c3c1e1f77d2efe79a20c30a37c6ffcefac46f89e8d669206eca7eb510,True,,,not_explicit_in_available_metadata,https://pubmed.ncbi.nlm.nih.gov/37423216/,,,CC-BY-NC-SA-4.0,,original_label_requires_clarification,Homo sapiens,Visium,Uterus,True,e445ccdfa4b73c755096a42be28efa96f352ffbac6bf19ae2db6b3be4c83792f
NCBI815,MahmoodLab/hest,MahmoodLab/hest:st/NCBI815.h5ad,8b42ca7f80bc475644ac9a520bba7b9cccbce10d,local Hugging Face download receipt,st/NCBI815.h5ad,https://huggingface.co/datasets/MahmoodLab/hest/resolve/8b42ca7f80bc475644ac9a520bba7b9cccbce10d/st/NCBI815.h5ad,e2af76a771c5e6cadb9351ca6f9f541b38474f61c50059df8c058d958d8852de,e2af76a771c5e6cadb9351ca6f9f541b38474f61c50059df8c058d958d8852de,True,,,not_explicit_in_available_metadata,https://pubmed.ncbi.nlm.nih.gov/37423216/,,,CC-BY-NC-SA-4.0,,original_label_requires_clarification,Homo sapiens,Visium,Uterus,True,735e092662ec4c7a7585567e621b0c09f346bb21529b5887aed9132fb6294cf1
NCBI816,MahmoodLab/hest,MahmoodLab/hest:st/NCBI816.h5ad,8b42ca7f80bc475644ac9a520bba7b9cccbce10d,local Hugging Face download receipt,st/NCBI816.h5ad,https://huggingface.co/datasets/MahmoodLab/hest/resolve/8b42ca7f80bc475644ac9a520bba7b9cccbce10d/st/NCBI816.h5ad,21c6d43e319525dba5e8500468b71118325fe422414d4186a4c0e326711eedc4,21c6d43e319525dba5e8500468b71118325fe422414d4186a4c0e326711eedc4,True,,,not_explicit_in_available_metadata,https://pubmed.ncbi.nlm.nih.gov/37423216/,,,CC-BY-NC-SA-4.0,,original_label_requires_clarification,Homo sapiens,Visium,Uterus,True,79fc5309709e715476715606c6bf2d044d7e4eae90452f51f4c78428d29b1c07
NCBI818,MahmoodLab/hest,MahmoodLab/hest:st/NCBI818.h5ad,8b42ca7f80bc475644ac9a520bba7b9cccbce10d,local Hugging Face download receipt,st/NCBI818.h5ad,https://huggingface.co/datasets/MahmoodLab/hest/resolve/8b42ca7f80bc475644ac9a520bba7b9cccbce10d/st/NCBI818.h5ad,bfeec34ede507dcd5fb3ec16894b99f4d00da20d409aec30aeac99dfbbd0f556,bfeec34ede507dcd5fb3ec16894b99f4d00da20d409aec30aeac99dfbbd0f556,True,,,not_explicit_in_available_metadata,https://pubmed.ncbi.nlm.nih.gov/37423216/,,,CC-BY-NC-SA-4.0,,original_label_requires_clarification,Homo sapiens,Visium,Uterus,True,8c890e3cd599d02d703eed4933bfd3504949e7403efe2ca02e4f925ea2578263
NCBI819,MahmoodLab/hest,MahmoodLab/hest:st/NCBI819.h5ad,8b42ca7f80bc475644ac9a520bba7b9cccbce10d,local Hugging Face download receipt,st/NCBI819.h5ad,https://huggingface.co/datasets/MahmoodLab/hest/resolve/8b42ca7f80bc475644ac9a520bba7b9cccbce10d/st/NCBI819.h5ad,ba33c1eed8c1cec7add60b4cc5f7c4ec11c457e9d5c318485152c3a8adb287f9,ba33c1eed8c1cec7add60b4cc5f7c4ec11c457e9d5c318485152c3a8adb287f9,True,,,not_explicit_in_available_metadata,https://pubmed.ncbi.nlm.nih.gov/37423216/,,,CC-BY-NC-SA-4.0,,original_label_requires_clarification,Homo sapiens,Visium,Uterus,True,db359fc556d111902086a433f1bcb644055e6283d4dbd698f270ea67ae6786fc
NCBI820,MahmoodLab/hest,MahmoodLab/hest:st/NCBI820.h5ad,8b42ca7f80bc475644ac9a520bba7b9cccbce10d,local Hugging Face download receipt,st/NCBI820.h5ad,https://huggingface.co/datasets/MahmoodLab/hest/resolve/8b42ca7f80bc475644ac9a520bba7b9cccbce10d/st/NCBI820.h5ad,e9c8e487df096c6f493394d45900b5b46dc49067c30fef243fd15700738c6860,e9c8e487df096c6f493394d45900b5b46dc49067c30fef243fd15700738c6860,True,,,not_explicit_in_available_metadata,https://pubmed.ncbi.nlm.nih.gov/37423216/,,,CC-BY-NC-SA-4.0,,original_label_requires_clarification,Homo sapiens,Visium,Uterus,True,a3ef2453919e85dfe81e5915ac7ee7e0e305eadf256ec628d05a8a7cec9713ce
NCBI821,MahmoodLab/hest,MahmoodLab/hest:st/NCBI821.h5ad,8b42ca7f80bc475644ac9a520bba7b9cccbce10d,local Hugging Face download receipt,st/NCBI821.h5ad,https://huggingface.co/datasets/MahmoodLab/hest/resolve/8b42ca7f80bc475644ac9a520bba7b9cccbce10d/st/NCBI821.h5ad,ebe903057791726b7e49e4954719da9bf49afb3741eac873f102e361bf8df97a,ebe903057791726b7e49e4954719da9bf49afb3741eac873f102e361bf8df97a,True,,,not_explicit_in_available_metadata,https://pubmed.ncbi.nlm.nih.gov/37423216/,,,CC-BY-NC-SA-4.0,,original_label_requires_clarification,Homo sapiens,Visium,Uterus,True,820f21aa94ec19536b1b8ae92b41147ec9cdfb7564d054e08ec9031f8105772d
NCBI823,MahmoodLab/hest,MahmoodLab/hest:st/NCBI823.h5ad,8b42ca7f80bc475644ac9a520bba7b9cccbce10d,local Hugging Face download receipt,st/NCBI823.h5ad,https://huggingface.co/datasets/MahmoodLab/hest/resolve/8b42ca7f80bc475644ac9a520bba7b9cccbce10d/st/NCBI823.h5ad,3256cca9596e7c179e377e2da8f2aaf44cae62c11a1ef01bd900fa8bdc9be597,3256cca9596e7c179e377e2da8f2aaf44cae62c11a1ef01bd900fa8bdc9be597,True,,,not_explicit_in_available_metadata,https://pubmed.ncbi.nlm.nih.gov/37598997/,,,CC-BY-NC-SA-4.0,,original_label_requires_clarification,Mus musculus,Visium,Uterus,True,5c56c03844f0a10a11431172280cc3c6b73b3dc71c9fc7aff6ad7f115f9bc208
NCBI824,MahmoodLab/hest,MahmoodLab/hest:st/NCBI824.h5ad,8b42ca7f80bc475644ac9a520bba7b9cccbce10d,local Hugging Face download receipt,st/NCBI824.h5ad,https://huggingface.co/datasets/MahmoodLab/hest/resolve/8b42ca7f80bc475644ac9a520bba7b9cccbce10d/st/NCBI824.h5ad,09c5c2e5b5dd2567b7006421e44f66da4f4df22ebaaf977420084d88e5b4cecd,09c5c2e5b5dd2567b7006421e44f66da4f4df22ebaaf977420084d88e5b4cecd,True,,,not_explicit_in_available_metadata,https://pubmed.ncbi.nlm.nih.gov/37598997/,,,CC-BY-NC-SA-4.0,,original_label_requires_clarification,Mus musculus,Visium,Uterus,True,562c65c6940c3de3df0deddb0e9fc017171bb95be8c66c3ce9390e5e3eaa48e4
NCBI825,MahmoodLab/hest,MahmoodLab/hest:st/NCBI825.h5ad,8b42ca7f80bc475644ac9a520bba7b9cccbce10d,local Hugging Face download receipt,st/NCBI825.h5ad,https://huggingface.co/datasets/MahmoodLab/hest/resolve/8b42ca7f80bc475644ac9a520bba7b9cccbce10d/st/NCBI825.h5ad,2542f05816e2625aa1b875eb3f6aa3b604f0f25618f89c24bb433628eef8d1ea,2542f05816e2625aa1b875eb3f6aa3b604f0f25618f89c24bb433628eef8d1ea,True,,,not_explicit_in_available_metadata,https://pubmed.ncbi.nlm.nih.gov/37598997/,,,CC-BY-NC-SA-4.0,,original_label_requires_clarification,Mus musculus,Visium,Uterus,True,7fffaf5002aed3cdea11df3576b1ff587ac6dc0fab9b08038d98f48b167779b0
NCBI826,MahmoodLab/hest,MahmoodLab/hest:st/NCBI826.h5ad,8b42ca7f80bc475644ac9a520bba7b9cccbce10d,local Hugging Face download receipt,st/NCBI826.h5ad,https://huggingface.co/datasets/MahmoodLab/hest/resolve/8b42ca7f80bc475644ac9a520bba7b9cccbce10d/st/NCBI826.h5ad,609f464e3bf4b41906ede902b7fb8f3d43b952c18e73974c1c070fa92f885095,609f464e3bf4b41906ede902b7fb8f3d43b952c18e73974c1c070fa92f885095,True,,,not_explicit_in_available_metadata,https://www.nature.com/articles/s41586-024-07376-2,,,CC-BY-NC-SA-4.0,Creative Commons Attribution 4.0 International,provider_label_retained_not_individual_legal_clearance,Homo sapiens,Visium,Liver,True,f341c43a97c7847595de306c6127a0651e073e70921b91dc31e8c6870678814b
NCBI827,MahmoodLab/hest,MahmoodLab/hest:st/NCBI827.h5ad,8b42ca7f80bc475644ac9a520bba7b9cccbce10d,local Hugging Face download receipt,st/NCBI827.h5ad,https://huggingface.co/datasets/MahmoodLab/hest/resolve/8b42ca7f80bc475644ac9a520bba7b9cccbce10d/st/NCBI827.h5ad,7dd1516926ce0f1f57c7f92cf8dc42a8e7a2d6823ad0d91b5b8ea2b7b7ca84a4,7dd1516926ce0f1f57c7f92cf8dc42a8e7a2d6823ad0d91b5b8ea2b7b7ca84a4,True,,,not_explicit_in_available_metadata,https://www.nature.com/articles/s41586-024-07376-2,,,CC-BY-NC-SA-4.0,Creative Commons Attribution 4.0 International,provider_label_retained_not_individual_legal_clearance,Homo sapiens,Visium,Liver,True,4420b246b4ba08847179c5dbcde8e138b571bf69d1910f9318d82b83b7a9b7ac
NCBI828,MahmoodLab/hest,MahmoodLab/hest:st/NCBI828.h5ad,8b42ca7f80bc475644ac9a520bba7b9cccbce10d,local Hugging Face download receipt,st/NCBI828.h5ad,https://huggingface.co/datasets/MahmoodLab/hest/resolve/8b42ca7f80bc475644ac9a520bba7b9cccbce10d/st/NCBI828.h5ad,efd09e3d357cf243bd69a6d363a84ed94a6a7248a0833c3ec224482a9d3e1ff0,efd09e3d357cf243bd69a6d363a84ed94a6a7248a0833c3ec224482a9d3e1ff0,True,,,not_explicit_in_available_metadata,https://www.nature.com/articles/s41586-024-07376-2,,,CC-BY-NC-SA-4.0,Creative Commons Attribution 4.0 International,provider_label_retained_not_individual_legal_clearance,Homo sapiens,Visium,Liver,True,b9d91b61790556062db2168ef4cf15ebea57ab7507473da78e69547f470fad22
NCBI829,MahmoodLab/hest,MahmoodLab/hest:st/NCBI829.h5ad,8b42ca7f80bc475644ac9a520bba7b9cccbce10d,local Hugging Face download receipt,st/NCBI829.h5ad,https://huggingface.co/datasets/MahmoodLab/hest/resolve/8b42ca7f80bc475644ac9a520bba7b9cccbce10d/st/NCBI829.h5ad,e0009b5afefc908cec35470b0fe9e8ebd9f882de07d7f57a00ae33e59d8cca73,e0009b5afefc908cec35470b0fe9e8ebd9f882de07d7f57a00ae33e59d8cca73,True,,,not_explicit_in_available_metadata,https://www.nature.com/articles/s41586-024-07376-2,,,CC-BY-NC-SA-4.0,Creative Commons Attribution 4.0 International,provider_label_retained_not_individual_legal_clearance,Homo sapiens,Visium,Liver,True,cdd44583f0943a008f4d0f61fe83dc83d7da7b7c34ee1381f944d311d7a48b31
NCBI831,MahmoodLab/hest,MahmoodLab/hest:st/NCBI831.h5ad,8b42ca7f80bc475644ac9a520bba7b9cccbce10d,local Hugging Face download receipt,st/NCBI831.h5ad,https://huggingface.co/datasets/MahmoodLab/hest/resolve/8b42ca7f80bc475644ac9a520bba7b9cccbce10d/st/NCBI831.h5ad,399775ea192553530a3686699cb5b9ea2c4b9d26fad9d3a1b64d90ebc99f21ff,399775ea192553530a3686699cb5b9ea2c4b9d26fad9d3a1b64d90ebc99f21ff,True,,,not_explicit_in_available_metadata,https://www.nature.com/articles/s41586-024-07376-2,,,CC-BY-NC-SA-4.0,Creative Commons Attribution 4.0 International,provider_label_retained_not_individual_legal_clearance,Homo sapiens,Visium,Liver,True,b9cd804f8092db792bcb3c1c1674762c371035f07e6419303409bce93fc468f4
NCBI832,MahmoodLab/hest,MahmoodLab/hest:st/NCBI832.h5ad,8b42ca7f80bc475644ac9a520bba7b9cccbce10d,local Hugging Face download receipt,st/NCBI832.h5ad,https://huggingface.co/datasets/MahmoodLab/hest/resolve/8b42ca7f80bc475644ac9a520bba7b9cccbce10d/st/NCBI832.h5ad,d928e679d8ddaf83376c19b5f6d20a7a2e71bb310b7efb950514775683045508,d928e679d8ddaf83376c19b5f6d20a7a2e71bb310b7efb950514775683045508,True,,,not_explicit_in_available_metadata,https://www.nature.com/articles/s41586-024-07376-2,,,CC-BY-NC-SA-4.0,Creative Commons Attribution 4.0 International,provider_label_retained_not_individual_legal_clearance,Homo sapiens,Visium,Liver,True,61ef39afb371f82581a4ba426f74b1139974a2fa23520681688f73f5423495b2
NCBI833,MahmoodLab/hest,MahmoodLab/hest:st/NCBI833.h5ad,8b42ca7f80bc475644ac9a520bba7b9cccbce10d,local Hugging Face download receipt,st/NCBI833.h5ad,https://huggingface.co/datasets/MahmoodLab/hest/resolve/8b42ca7f80bc475644ac9a520bba7b9cccbce10d/st/NCBI833.h5ad,6c55ccc57e5c17422819c07b251c8678cf2593d0e3e70d5af89bbe1779aa134c,6c55ccc57e5c17422819c07b251c8678cf2593d0e3e70d5af89bbe1779aa134c,True,,,not_explicit_in_available_metadata,https://www.nature.com/articles/s41586-024-07376-2,,,CC-BY-NC-SA-4.0,Creative Commons Attribution 4.0 International,provider_label_retained_not_individual_legal_clearance,Homo sapiens,Visium,Liver,True,de0f2e932fd945a4a4bd0798fc40ad87fd5e21a561f136aa3d0aa74861e5dbfe
NCBI834,MahmoodLab/hest,MahmoodLab/hest:st/NCBI834.h5ad,8b42ca7f80bc475644ac9a520bba7b9cccbce10d,local Hugging Face download receipt,st/NCBI834.h5ad,https://huggingface.co/datasets/MahmoodLab/hest/resolve/8b42ca7f80bc475644ac9a520bba7b9cccbce10d/st/NCBI834.h5ad,72df87eae25822237d323b1d6cd3be1718781089c6a48c2e1fac9d4b5ca9feac,72df87eae25822237d323b1d6cd3be1718781089c6a48c2e1fac9d4b5ca9feac,True,,,not_explicit_in_available_metadata,https://www.nature.com/articles/s41586-024-07376-2,,,CC-BY-NC-SA-4.0,Creative Commons Attribution 4.0 International,provider_label_retained_not_individual_legal_clearance,Mus musculus,Visium,Liver,True,49b41b464b3d9a806720fd93ad576a285b3cffee9aadd2a668aa95967c3960c5
NCBI835,MahmoodLab/hest,MahmoodLab/hest:st/NCBI835.h5ad,8b42ca7f80bc475644ac9a520bba7b9cccbce10d,local Hugging Face download receipt,st/NCBI835.h5ad,https://huggingface.co/datasets/MahmoodLab/hest/resolve/8b42ca7f80bc475644ac9a520bba7b9cccbce10d/st/NCBI835.h5ad,c21d8de1ba29ec7805f2707225a506c2f21c015e650316354217027818b50d6a,c21d8de1ba29ec7805f2707225a506c2f21c015e650316354217027818b50d6a,True,,,not_explicit_in_available_metadata,https://www.nature.com/articles/s41586-024-07376-2,,,CC-BY-NC-SA-4.0,Creative Commons Attribution 4.0 International,provider_label_retained_not_individual_legal_clearance,Mus musculus,Visium,Liver,True,c7439c4c5e246654a4aa7ee9073a9fb6054054fb3eba81c02ec05fdde6d8e953
NCBI836,MahmoodLab/hest,MahmoodLab/hest:st/NCBI836.h5ad,8b42ca7f80bc475644ac9a520bba7b9cccbce10d,local Hugging Face download receipt,st/NCBI836.h5ad,https://huggingface.co/datasets/MahmoodLab/hest/resolve/8b42ca7f80bc475644ac9a520bba7b9cccbce10d/st/NCBI836.h5ad,81fb893fe6ae1b4b5a136db545b9376111732b494629a420932be690e987a90e,81fb893fe6ae1b4b5a136db545b9376111732b494629a420932be690e987a90e,True,,,not_explicit_in_available_metadata,https://www.nature.com/articles/s41586-024-07376-2,,,CC-BY-NC-SA-4.0,Creative Commons Attribution 4.0 International,provider_label_retained_not_individual_legal_clearance,Mus musculus,Visium,Liver,True,b977174cbc7f8a1811de94da0ce03cd861d92bceb82ee92dd04d328063a926b7
NCBI837,MahmoodLab/hest,MahmoodLab/hest:st/NCBI837.h5ad,8b42ca7f80bc475644ac9a520bba7b9cccbce10d,local Hugging Face download receipt,st/NCBI837.h5ad,https://huggingface.co/datasets/MahmoodLab/hest/resolve/8b42ca7f80bc475644ac9a520bba7b9cccbce10d/st/NCBI837.h5ad,54bc5833eb12b6f500bea6e56c2117977babd0411bb3170db24b07a636fb6912,54bc5833eb12b6f500bea6e56c2117977babd0411bb3170db24b07a636fb6912,True,,,not_explicit_in_available_metadata,https://www.nature.com/articles/s41586-024-07376-2,,,CC-BY-NC-SA-4.0,Creative Commons Attribution 4.0 International,provider_label_retained_not_individual_legal_clearance,Mus musculus,Visium,Liver,True,1d3a9bb6e3fcc7929f600d5af9d475831f0d424cff5e1fa24856449ea1120526
NCBI838,MahmoodLab/hest,MahmoodLab/hest:st/NCBI838.h5ad,8b42ca7f80bc475644ac9a520bba7b9cccbce10d,local Hugging Face download receipt,st/NCBI838.h5ad,https://huggingface.co/datasets/MahmoodLab/hest/resolve/8b42ca7f80bc475644ac9a520bba7b9cccbce10d/st/NCBI838.h5ad,d4395dc1ce86550629fe86818e62a64655d60c919c199a83d0d29a854ee4c304,d4395dc1ce86550629fe86818e62a64655d60c919c199a83d0d29a854ee4c304,True,,,not_explicit_in_available_metadata,https://www.nature.com/articles/s41586-024-07376-2,,,CC-BY-NC-SA-4.0,Creative Commons Attribution 4.0 International,provider_label_retained_not_individual_legal_clearance,Mus musculus,Visium,Liver,True,7472071756a60547f24d8e3cecd4b40485a8c98c3c5f65b9deb7ee398e27f02c
NCBI839,MahmoodLab/hest,MahmoodLab/hest:st/NCBI839.h5ad,8b42ca7f80bc475644ac9a520bba7b9cccbce10d,local Hugging Face download receipt,st/NCBI839.h5ad,https://huggingface.co/datasets/MahmoodLab/hest/resolve/8b42ca7f80bc475644ac9a520bba7b9cccbce10d/st/NCBI839.h5ad,a81b436fbffcda4393832b5d30e1e1666ace7b655da60173731b184aba9c9deb,a81b436fbffcda4393832b5d30e1e1666ace7b655da60173731b184aba9c9deb,True,,,not_explicit_in_available_metadata,https://www.nature.com/articles/s41586-024-07376-2,,,CC-BY-NC-SA-4.0,Creative Commons Attribution 4.0 International,provider_label_retained_not_individual_legal_clearance,Mus musculus,Visium,Liver,True,d11a37f1e4ed230a5edf4b736e301e8daeb2d6f29704a595b2b4d4984013cf7a
NCBI840,MahmoodLab/hest,MahmoodLab/hest:st/NCBI840.h5ad,8b42ca7f80bc475644ac9a520bba7b9cccbce10d,local Hugging Face download receipt,st/NCBI840.h5ad,https://huggingface.co/datasets/MahmoodLab/hest/resolve/8b42ca7f80bc475644ac9a520bba7b9cccbce10d/st/NCBI840.h5ad,1328aee92b7e8b4ce03920e46efb6f201cca3e61d95e606cb2c1401fa5619acc,1328aee92b7e8b4ce03920e46efb6f201cca3e61d95e606cb2c1401fa5619acc,True,,,not_explicit_in_available_metadata,https://www.nature.com/articles/s41586-024-07376-2,,,CC-BY-NC-SA-4.0,Creative Commons Attribution 4.0 International,provider_label_retained_not_individual_legal_clearance,Mus musculus,Visium,Liver,True,56275dcba0130180f116f910a6f384a01882a49d3a5b2ebf40d5069b30cc9b15
NCBI841,MahmoodLab/hest,MahmoodLab/hest:st/NCBI841.h5ad,8b42ca7f80bc475644ac9a520bba7b9cccbce10d,local Hugging Face download receipt,st/NCBI841.h5ad,https://huggingface.co/datasets/MahmoodLab/hest/resolve/8b42ca7f80bc475644ac9a520bba7b9cccbce10d/st/NCBI841.h5ad,75489570e6f79e2ed849d91dd5b8d96fd23673f74ba25ad0fac265eacd1a49c9,75489570e6f79e2ed849d91dd5b8d96fd23673f74ba25ad0fac265eacd1a49c9,True,,,not_explicit_in_available_metadata,https://www.nature.com/articles/s41586-024-07376-2,,,CC-BY-NC-SA-4.0,Creative Commons Attribution 4.0 International,provider_label_retained_not_individual_legal_clearance,Mus musculus,Visium,Liver,True,f99f8d2aedc6fcab49603c8593dac679029e19752771bc212e12e91dfe4f12a4
NCBI842,MahmoodLab/hest,MahmoodLab/hest:st/NCBI842.h5ad,8b42ca7f80bc475644ac9a520bba7b9cccbce10d,local Hugging Face download receipt,st/NCBI842.h5ad,https://huggingface.co/datasets/MahmoodLab/hest/resolve/8b42ca7f80bc475644ac9a520bba7b9cccbce10d/st/NCBI842.h5ad,9cfe9728ed706ff6b7c25322e49f5265cc5debd9594750bfa872bc1aa65f42f0,9cfe9728ed706ff6b7c25322e49f5265cc5debd9594750bfa872bc1aa65f42f0,True,,,not_explicit_in_available_metadata,https://www.nature.com/articles/s41586-024-07376-2,,,CC-BY-NC-SA-4.0,Creative Commons Attribution 4.0 International,provider_label_retained_not_individual_legal_clearance,Mus musculus,Visium,Liver,True,9c07110d8557c7fb4c90c8c4ea3574a99f834d216c34c40e89bba87f0277c2f4
NCBI843,MahmoodLab/hest,MahmoodLab/hest:st/NCBI843.h5ad,8b42ca7f80bc475644ac9a520bba7b9cccbce10d,local Hugging Face download receipt,st/NCBI843.h5ad,https://huggingface.co/datasets/MahmoodLab/hest/resolve/8b42ca7f80bc475644ac9a520bba7b9cccbce10d/st/NCBI843.h5ad,9d87dd5ccafb8f2bb9be98c7fb75aeffaf3018f2f72489750e5fe3597564748a,9d87dd5ccafb8f2bb9be98c7fb75aeffaf3018f2f72489750e5fe3597564748a,True,,,not_explicit_in_available_metadata,https://www.nature.com/articles/s41586-024-07376-2,,,CC-BY-NC-SA-4.0,Creative Commons Attribution 4.0 International,provider_label_retained_not_individual_legal_clearance,Mus musculus,Visium,Liver,True,04cca19ee722f237989b7fed26ad652dcf5e2bda3bc96cf9ebc8f6b565059d6b
NCBI844,MahmoodLab/hest,MahmoodLab/hest:st/NCBI844.h5ad,8b42ca7f80bc475644ac9a520bba7b9cccbce10d,local Hugging Face download receipt,st/NCBI844.h5ad,https://huggingface.co/datasets/MahmoodLab/hest/resolve/8b42ca7f80bc475644ac9a520bba7b9cccbce10d/st/NCBI844.h5ad,dd1c481338754003b3264eefd672f37e8db673d327ecb6031eb26a258cc550f6,dd1c481338754003b3264eefd672f37e8db673d327ecb6031eb26a258cc550f6,True,,,not_explicit_in_available_metadata,https://www.nature.com/articles/s41586-024-07376-2,,,CC-BY-NC-SA-4.0,Creative Commons Attribution 4.0 International,provider_label_retained_not_individual_legal_clearance,Mus musculus,Visium,Liver,True,4e546c9e6b776ad24ab1f6f49704cb46aa74b32287f85fcd13594f6252d52fce
NCBI855,MahmoodLab/hest,MahmoodLab/hest:st/NCBI855.h5ad,8b42ca7f80bc475644ac9a520bba7b9cccbce10d,local Hugging Face download receipt,st/NCBI855.h5ad,https://huggingface.co/datasets/MahmoodLab/hest/resolve/8b42ca7f80bc475644ac9a520bba7b9cccbce10d/st/NCBI855.h5ad,cf865f38726dcf9436b5b7452c37ec564d133c8e0557aa10da28ae7e22b7e61d,cf865f38726dcf9436b5b7452c37ec564d133c8e0557aa10da28ae7e22b7e61d,True,GSM7659430,,metadata_tokens_only,https://www.sciencedirect.com/science/article/pii/S2211124724004698?via%3Dihub#app2,,,CC-BY-NC-SA-4.0,CC BY-NC 4.0,provider_label_retained_not_individual_legal_clearance,Homo sapiens,Visium,Bladder,True,bb411219b9e1dacbca774b02dbc2ce2f5bceb0dca45f96761c9bb1050851125c
NCBI97,MahmoodLab/hest,MahmoodLab/hest:st/NCBI97.h5ad,8b42ca7f80bc475644ac9a520bba7b9cccbce10d,local Hugging Face download receipt,st/NCBI97.h5ad,https://huggingface.co/datasets/MahmoodLab/hest/resolve/8b42ca7f80bc475644ac9a520bba7b9cccbce10d/st/NCBI97.h5ad,70e6214ff5d2969b373366757c63994208d9ade996ada3e8c75becf3f0018738,70e6214ff5d2969b373366757c63994208d9ade996ada3e8c75becf3f0018738,True,,,not_explicit_in_available_metadata,https://www.science.org/doi/10.1126/science.aav9776?url_ver=Z39.88-2003&rfr_id=ori:rid:crossref.org&rfr_dat=cr_pub%20%200pubmed,,10.1126/science.aav9776?url_ver=Z39.88-2003&rfr_id=ori:rid:crossref.org&rfr_dat=cr_pub%20%200pubmed,CC-BY-NC-SA-4.0,,original_label_requires_clarification,Mus musculus,Spatial Transcriptomics,Spinal cord,True,730a2349e24559fea1f179738d2037d51d5ff7c66c53d4eb28078a3bb9eec337
NCBI98,MahmoodLab/hest,MahmoodLab/hest:st/NCBI98.h5ad,8b42ca7f80bc475644ac9a520bba7b9cccbce10d,local Hugging Face download receipt,st/NCBI98.h5ad,https://huggingface.co/datasets/MahmoodLab/hest/resolve/8b42ca7f80bc475644ac9a520bba7b9cccbce10d/st/NCBI98.h5ad,fcddc5b8cd32d939236c021d793304e0f0138b24129975b1efda808c167cb8bd,fcddc5b8cd32d939236c021d793304e0f0138b24129975b1efda808c167cb8bd,True,,,not_explicit_in_available_metadata,https://www.science.org/doi/10.1126/science.aav9776?url_ver=Z39.88-2003&rfr_id=ori:rid:crossref.org&rfr_dat=cr_pub%20%200pubmed,,10.1126/science.aav9776?url_ver=Z39.88-2003&rfr_id=ori:rid:crossref.org&rfr_dat=cr_pub%20%200pubmed,CC-BY-NC-SA-4.0,,original_label_requires_clarification,Mus musculus,Spatial Transcriptomics,Spinal cord,True,8f3bf7931b55f987c121dc0ceb59cc87875eae70f5feae9610e798c440beb6d9
NCBI99,MahmoodLab/hest,MahmoodLab/hest:st/NCBI99.h5ad,8b42ca7f80bc475644ac9a520bba7b9cccbce10d,local Hugging Face download receipt,st/NCBI99.h5ad,https://huggingface.co/datasets/MahmoodLab/hest/resolve/8b42ca7f80bc475644ac9a520bba7b9cccbce10d/st/NCBI99.h5ad,f33def0e33e0449aba7eef33bb2518c336ec1f1ef3e85cd726d071976c5168de,f33def0e33e0449aba7eef33bb2518c336ec1f1ef3e85cd726d071976c5168de,True,,,not_explicit_in_available_metadata,https://www.science.org/doi/10.1126/science.aav9776?url_ver=Z39.88-2003&rfr_id=ori:rid:crossref.org&rfr_dat=cr_pub%20%200pubmed,,10.1126/science.aav9776?url_ver=Z39.88-2003&rfr_id=ori:rid:crossref.org&rfr_dat=cr_pub%20%200pubmed,CC-BY-NC-SA-4.0,,original_label_requires_clarification,Mus musculus,Spatial Transcriptomics,Spinal cord,True,3289f59f192e2d08fd2b2c5ea25c583f7cc99e659d29854a037523e45dda781b
SPA0,MahmoodLab/hest,MahmoodLab/hest:st/SPA0.h5ad,8b42ca7f80bc475644ac9a520bba7b9cccbce10d,local Hugging Face download receipt,st/SPA0.h5ad,https://huggingface.co/datasets/MahmoodLab/hest/resolve/8b42ca7f80bc475644ac9a520bba7b9cccbce10d/st/SPA0.h5ad,9887e5c4994c939cc31e9b76ab33a34f3cd4ba412762c8e90b81bc47d97efc43,9887e5c4994c939cc31e9b76ab33a34f3cd4ba412762c8e90b81bc47d97efc43,True,,,not_explicit_in_available_metadata,https://pubmed.ncbi.nlm.nih.gov/27365449/,https://www.spatialresearch.org/resources-published-datasets/doi-10-1126science-aaf2403/,,CC-BY-NC-SA-4.0,,original_label_requires_clarification,Homo sapiens,Spatial Transcriptomics,Breast,True,5c463ff2cf0e4e70ad5cd7fc1cb11d12ec999d1dfd10583c894edacb323a69dc
SPA1,MahmoodLab/hest,MahmoodLab/hest:st/SPA1.h5ad,8b42ca7f80bc475644ac9a520bba7b9cccbce10d,local Hugging Face download receipt,st/SPA1.h5ad,https://huggingface.co/datasets/MahmoodLab/hest/resolve/8b42ca7f80bc475644ac9a520bba7b9cccbce10d/st/SPA1.h5ad,f5003788fb838af896afed87740402d6f14b3ac87782a76685f7b9c714e36b0e,f5003788fb838af896afed87740402d6f14b3ac87782a76685f7b9c714e36b0e,True,,,not_explicit_in_available_metadata,https://pubmed.ncbi.nlm.nih.gov/27365449/,https://www.spatialresearch.org/resources-published-datasets/doi-10-1126science-aaf2403/,,CC-BY-NC-SA-4.0,,original_label_requires_clarification,Homo sapiens,Spatial Transcriptomics,Breast,True,f72866243e19236e5f18458c69b92e8fdd88ece55c786386dfdbe24e7f63c4b2
SPA10,MahmoodLab/hest,MahmoodLab/hest:st/SPA10.h5ad,8b42ca7f80bc475644ac9a520bba7b9cccbce10d,local Hugging Face download receipt,st/SPA10.h5ad,https://huggingface.co/datasets/MahmoodLab/hest/resolve/8b42ca7f80bc475644ac9a520bba7b9cccbce10d/st/SPA10.h5ad,f1defadab89a5dd10b761015e436df244a56ddb5f0ca26e2b804675412dc0be5,f1defadab89a5dd10b761015e436df244a56ddb5f0ca26e2b804675412dc0be5,True,,,not_explicit_in_available_metadata,https://pubmed.ncbi.nlm.nih.gov/27365449/,https://www.spatialresearch.org/resources-published-datasets/doi-10-1126science-aaf2403/,,CC-BY-NC-SA-4.0,,original_label_requires_clarification,Mus musculus,Spatial Transcriptomics,Brain,True,b877cb6843a04a199cdee7e91ee4ee02741d3659c20b64e499bbe5aad787c75b
SPA100,MahmoodLab/hest,MahmoodLab/hest:st/SPA100.h5ad,8b42ca7f80bc475644ac9a520bba7b9cccbce10d,local Hugging Face download receipt,st/SPA100.h5ad,https://huggingface.co/datasets/MahmoodLab/hest/resolve/8b42ca7f80bc475644ac9a520bba7b9cccbce10d/st/SPA100.h5ad,7818dac073cff853ae4c42a72793232ececb5ebf1fd7d7924b3949901b843859,7818dac073cff853ae4c42a72793232ececb5ebf1fd7d7924b3949901b843859,True,,,not_explicit_in_available_metadata,https://www.science.org/doi/10.1126/science.aaf2403,https://data.mendeley.com/datasets/29ntw7sh4r/5,10.1126/science.aaf2403,CC-BY-NC-SA-4.0,CC BY 4.0,provider_label_retained_not_individual_legal_clearance,Homo sapiens,Spatial Transcriptomics,Breast,True,698d30568aacd79a829e55b06c248ec98cd3cfadf8bbaaf50a16c0ad82d55a92
SPA102,MahmoodLab/hest,MahmoodLab/hest:st/SPA102.h5ad,8b42ca7f80bc475644ac9a520bba7b9cccbce10d,local Hugging Face download receipt,st/SPA102.h5ad,https://huggingface.co/datasets/MahmoodLab/hest/resolve/8b42ca7f80bc475644ac9a520bba7b9cccbce10d/st/SPA102.h5ad,2fc6592965cd58b7dcd284e1717ea8789c66125526ab27e1306c7f2399c7fac2,2fc6592965cd58b7dcd284e1717ea8789c66125526ab27e1306c7f2399c7fac2,True,,,not_explicit_in_available_metadata,https://www.science.org/doi/10.1126/science.aaf2403,https://data.mendeley.com/datasets/29ntw7sh4r/5,10.1126/science.aaf2403,CC-BY-NC-SA-4.0,CC BY 4.0,provider_label_retained_not_individual_legal_clearance,Homo sapiens,Spatial Transcriptomics,Breast,True,5363adb41c9f6ba4ea8cf9b8e3d509f9dbdb33051cb37539a171050849ae9650
SPA103,MahmoodLab/hest,MahmoodLab/hest:st/SPA103.h5ad,8b42ca7f80bc475644ac9a520bba7b9cccbce10d,local Hugging Face download receipt,st/SPA103.h5ad,https://huggingface.co/datasets/MahmoodLab/hest/resolve/8b42ca7f80bc475644ac9a520bba7b9cccbce10d/st/SPA103.h5ad,bf6fa542a3c72c7d838e500b31c814c0ed717ae2f06294fc3730f1f4a90b10e1,bf6fa542a3c72c7d838e500b31c814c0ed717ae2f06294fc3730f1f4a90b10e1,True,,,not_explicit_in_available_metadata,https://www.science.org/doi/10.1126/science.aaf2403,https://data.mendeley.com/datasets/29ntw7sh4r/5,10.1126/science.aaf2403,CC-BY-NC-SA-4.0,CC BY 4.0,provider_label_retained_not_individual_legal_clearance,Homo sapiens,Spatial Transcriptomics,Breast,True,75fe36c6303c5e9f4f0e4f0ab17f3eaef6f6c85d27e85178cd0f6406e2d85efe
SPA104,MahmoodLab/hest,MahmoodLab/hest:st/SPA104.h5ad,8b42ca7f80bc475644ac9a520bba7b9cccbce10d,local Hugging Face download receipt,st/SPA104.h5ad,https://huggingface.co/datasets/MahmoodLab/hest/resolve/8b42ca7f80bc475644ac9a520bba7b9cccbce10d/st/SPA104.h5ad,84892838be03772a40af1d76185b4d706d172659ffe2907a2dec0aedc456fadf,84892838be03772a40af1d76185b4d706d172659ffe2907a2dec0aedc456fadf,True,,,not_explicit_in_available_metadata,https://www.science.org/doi/10.1126/science.aaf2403,https://data.mendeley.com/datasets/29ntw7sh4r/5,10.1126/science.aaf2403,CC-BY-NC-SA-4.0,CC BY 4.0,provider_label_retained_not_individual_legal_clearance,Homo sapiens,Spatial Transcriptomics,Breast,True,0aaf4d876732cc4ed7b36646fdb974075216c3c83307e6864bc8f944d7227880
SPA105,MahmoodLab/hest,MahmoodLab/hest:st/SPA105.h5ad,8b42ca7f80bc475644ac9a520bba7b9cccbce10d,local Hugging Face download receipt,st/SPA105.h5ad,https://huggingface.co/datasets/MahmoodLab/hest/resolve/8b42ca7f80bc475644ac9a520bba7b9cccbce10d/st/SPA105.h5ad,2857eb446a593ef66dabb7cfad2d32f017a463b6d09b2469ab1111a913fd68c6,2857eb446a593ef66dabb7cfad2d32f017a463b6d09b2469ab1111a913fd68c6,True,,,not_explicit_in_available_metadata,https://www.science.org/doi/10.1126/science.aaf2403,https://data.mendeley.com/datasets/29ntw7sh4r/5,10.1126/science.aaf2403,CC-BY-NC-SA-4.0,CC BY 4.0,provider_label_retained_not_individual_legal_clearance,Homo sapiens,Spatial Transcriptomics,Breast,True,2f66ee49223975c1f1a20b87fba0d9dc311c8c67d4f7c1e5c7f1328def1ad23f
SPA106,MahmoodLab/hest,MahmoodLab/hest:st/SPA106.h5ad,8b42ca7f80bc475644ac9a520bba7b9cccbce10d,local Hugging Face download receipt,st/SPA106.h5ad,https://huggingface.co/datasets/MahmoodLab/hest/resolve/8b42ca7f80bc475644ac9a520bba7b9cccbce10d/st/SPA106.h5ad,48ffe678df7f7e46691c25ee3a3546f484c5dbfb86e142a544f7b0d7f9ef183b,48ffe678df7f7e46691c25ee3a3546f484c5dbfb86e142a544f7b0d7f9ef183b,True,,,not_explicit_in_available_metadata,https://www.science.org/doi/10.1126/science.aaf2403,https://data.mendeley.com/datasets/29ntw7sh4r/5,10.1126/science.aaf2403,CC-BY-NC-SA-4.0,CC BY 4.0,provider_label_retained_not_individual_legal_clearance,Homo sapiens,Spatial Transcriptomics,Breast,True,cc46fe79a681c4895a30349c35b3a39fb0bff2ff5114262aa4f16bd7617e634a
SPA107,MahmoodLab/hest,MahmoodLab/hest:st/SPA107.h5ad,8b42ca7f80bc475644ac9a520bba7b9cccbce10d,local Hugging Face download receipt,st/SPA107.h5ad,https://huggingface.co/datasets/MahmoodLab/hest/resolve/8b42ca7f80bc475644ac9a520bba7b9cccbce10d/st/SPA107.h5ad,1bac7efb04e2e18eeca4fafa23bd48805fbe23bbf51d0dc511f7e887d04c424f,1bac7efb04e2e18eeca4fafa23bd48805fbe23bbf51d0dc511f7e887d04c424f,True,,,not_explicit_in_available_metadata,https://www.science.org/doi/10.1126/science.aaf2403,https://data.mendeley.com/datasets/29ntw7sh4r/5,10.1126/science.aaf2403,CC-BY-NC-SA-4.0,CC BY 4.0,provider_label_retained_not_individual_legal_clearance,Homo sapiens,Spatial Transcriptomics,Breast,True,a7f18ec9d7e14dd8d77fee1ccaf03c730e20e3eddff77a78bc60e28970e41869
SPA108,MahmoodLab/hest,MahmoodLab/hest:st/SPA108.h5ad,8b42ca7f80bc475644ac9a520bba7b9cccbce10d,local Hugging Face download receipt,st/SPA108.h5ad,https://huggingface.co/datasets/MahmoodLab/hest/resolve/8b42ca7f80bc475644ac9a520bba7b9cccbce10d/st/SPA108.h5ad,98ace06ec306d94c0631b21704213a84267056e3a1f074515f4d9c6a8187a005,98ace06ec306d94c0631b21704213a84267056e3a1f074515f4d9c6a8187a005,True,,,not_explicit_in_available_metadata,https://www.science.org/doi/10.1126/science.aaf2403,https://data.mendeley.com/datasets/29ntw7sh4r/5,10.1126/science.aaf2403,CC-BY-NC-SA-4.0,CC BY 4.0,provider_label_retained_not_individual_legal_clearance,Homo sapiens,Spatial Transcriptomics,Breast,True,2dfa3d104431b891d518b9166a9a983eb7471187da25055fe8be1e484b7d84e7
SPA109,MahmoodLab/hest,MahmoodLab/hest:st/SPA109.h5ad,8b42ca7f80bc475644ac9a520bba7b9cccbce10d,local Hugging Face download receipt,st/SPA109.h5ad,https://huggingface.co/datasets/MahmoodLab/hest/resolve/8b42ca7f80bc475644ac9a520bba7b9cccbce10d/st/SPA109.h5ad,5b4d4128378168ab1834fbd368628bd8a55761fabfa08b230058b8be042a50d6,5b4d4128378168ab1834fbd368628bd8a55761fabfa08b230058b8be042a50d6,True,,,not_explicit_in_available_metadata,https://www.science.org/doi/10.1126/science.aaf2403,https://data.mendeley.com/datasets/29ntw7sh4r/5,10.1126/science.aaf2403,CC-BY-NC-SA-4.0,CC BY 4.0,provider_label_retained_not_individual_legal_clearance,Homo sapiens,Spatial Transcriptomics,Breast,True,d0e7b3f074b720c419e72e59c2a4514227649d7828e13b5c28baf07517b403ee
SPA11,MahmoodLab/hest,MahmoodLab/hest:st/SPA11.h5ad,8b42ca7f80bc475644ac9a520bba7b9cccbce10d,local Hugging Face download receipt,st/SPA11.h5ad,https://huggingface.co/datasets/MahmoodLab/hest/resolve/8b42ca7f80bc475644ac9a520bba7b9cccbce10d/st/SPA11.h5ad,37a5e52f3862b9a7019811695082be1c42ccf3d7ab5ececf258c06fe76243a55,37a5e52f3862b9a7019811695082be1c42ccf3d7ab5ececf258c06fe76243a55,True,,,not_explicit_in_available_metadata,https://pubmed.ncbi.nlm.nih.gov/27365449/,https://www.spatialresearch.org/resources-published-datasets/doi-10-1126science-aaf2403/,,CC-BY-NC-SA-4.0,,original_label_requires_clarification,Mus musculus,Spatial Transcriptomics,Brain,True,5e4da4bb948be4c745fde5fbed337db995640dc7d3ba0ddfd92a68abb67c1a21
SPA110,MahmoodLab/hest,MahmoodLab/hest:st/SPA110.h5ad,8b42ca7f80bc475644ac9a520bba7b9cccbce10d,local Hugging Face download receipt,st/SPA110.h5ad,https://huggingface.co/datasets/MahmoodLab/hest/resolve/8b42ca7f80bc475644ac9a520bba7b9cccbce10d/st/SPA110.h5ad,993437897d03e94cd1db575d99747805a9871e3ea67e7e219f34cf6f1513f8a4,993437897d03e94cd1db575d99747805a9871e3ea67e7e219f34cf6f1513f8a4,True,,,not_explicit_in_available_metadata,https://www.science.org/doi/10.1126/science.aaf2403,https://data.mendeley.com/datasets/29ntw7sh4r/5,10.1126/science.aaf2403,CC-BY-NC-SA-4.0,CC BY 4.0,provider_label_retained_not_individual_legal_clearance,Homo sapiens,Spatial Transcriptomics,Breast,True,18c0be48973923d234c23cb8d24b1d580dcfdb4f4f7b2c950a8766053b315ef8
SPA111,MahmoodLab/hest,MahmoodLab/hest:st/SPA111.h5ad,8b42ca7f80bc475644ac9a520bba7b9cccbce10d,local Hugging Face download receipt,st/SPA111.h5ad,https://huggingface.co/datasets/MahmoodLab/hest/resolve/8b42ca7f80bc475644ac9a520bba7b9cccbce10d/st/SPA111.h5ad,fbe0b0db872be4c013072e18914dcb32cbb639096a413b31d9d765317447ffd6,fbe0b0db872be4c013072e18914dcb32cbb639096a413b31d9d765317447ffd6,True,,,not_explicit_in_available_metadata,https://www.science.org/doi/10.1126/science.aaf2403,https://data.mendeley.com/datasets/29ntw7sh4r/5,10.1126/science.aaf2403,CC-BY-NC-SA-4.0,CC BY 4.0,provider_label_retained_not_individual_legal_clearance,Homo sapiens,Spatial Transcriptomics,Breast,True,95138b5122ddc73c49c751816a33ec9cac1fc794e30a37f5422837608a0cc15d
SPA112,MahmoodLab/hest,MahmoodLab/hest:st/SPA112.h5ad,8b42ca7f80bc475644ac9a520bba7b9cccbce10d,local Hugging Face download receipt,st/SPA112.h5ad,https://huggingface.co/datasets/MahmoodLab/hest/resolve/8b42ca7f80bc475644ac9a520bba7b9cccbce10d/st/SPA112.h5ad,2fd1dd65b74d6183e9e2dcffdedc8413957ec7a789dbddd9e38decb7bfe34278,2fd1dd65b74d6183e9e2dcffdedc8413957ec7a789dbddd9e38decb7bfe34278,True,,,not_explicit_in_available_metadata,https://www.science.org/doi/10.1126/science.aaf2403,https://data.mendeley.com/datasets/29ntw7sh4r/5,10.1126/science.aaf2403,CC-BY-NC-SA-4.0,CC BY 4.0,provider_label_retained_not_individual_legal_clearance,Homo sapiens,Spatial Transcriptomics,Breast,True,ea9acaec7e269fdbcb95141cd04d77b79f1c94e360892cda5cae16264a9ceaa0
SPA113,MahmoodLab/hest,MahmoodLab/hest:st/SPA113.h5ad,8b42ca7f80bc475644ac9a520bba7b9cccbce10d,local Hugging Face download receipt,st/SPA113.h5ad,https://huggingface.co/datasets/MahmoodLab/hest/resolve/8b42ca7f80bc475644ac9a520bba7b9cccbce10d/st/SPA113.h5ad,8144fc3b75ec08a5892b2cfb0ac0c9990a219bbe960475a4175ccaee171b4cf2,8144fc3b75ec08a5892b2cfb0ac0c9990a219bbe960475a4175ccaee171b4cf2,True,,,not_explicit_in_available_metadata,https://www.science.org/doi/10.1126/science.aaf2403,https://data.mendeley.com/datasets/29ntw7sh4r/5,10.1126/science.aaf2403,CC-BY-NC-SA-4.0,CC BY 4.0,provider_label_retained_not_individual_legal_clearance,Homo sapiens,Spatial Transcriptomics,Breast,True,f8517a165cf417cd509e64148fab97177ee4075c6660ae51f6d2f8194b8894a6
SPA114,MahmoodLab/hest,MahmoodLab/hest:st/SPA114.h5ad,8b42ca7f80bc475644ac9a520bba7b9cccbce10d,local Hugging Face download receipt,st/SPA114.h5ad,https://huggingface.co/datasets/MahmoodLab/hest/resolve/8b42ca7f80bc475644ac9a520bba7b9cccbce10d/st/SPA114.h5ad,4c343af633ee4164595192b79dcaa23310c4970dfde6d99ca8f12832abf49c2c,4c343af633ee4164595192b79dcaa23310c4970dfde6d99ca8f12832abf49c2c,True,,,not_explicit_in_available_metadata,https://www.science.org/doi/10.1126/science.aaf2403,https://data.mendeley.com/datasets/29ntw7sh4r/5,10.1126/science.aaf2403,CC-BY-NC-SA-4.0,CC BY 4.0,provider_label_retained_not_individual_legal_clearance,Homo sapiens,Spatial Transcriptomics,Breast,True,458ff4db58854f4e56e4609cd0f3ed3caad9be789efb87b4b1ad4ed9804d18b5
SPA115,MahmoodLab/hest,MahmoodLab/hest:st/SPA115.h5ad,8b42ca7f80bc475644ac9a520bba7b9cccbce10d,local Hugging Face download receipt,st/SPA115.h5ad,https://huggingface.co/datasets/MahmoodLab/hest/resolve/8b42ca7f80bc475644ac9a520bba7b9cccbce10d/st/SPA115.h5ad,bbe117de62b5d84677835fa6fb117b87e4428a1cdce4876e260d9097bd550046,bbe117de62b5d84677835fa6fb117b87e4428a1cdce4876e260d9097bd550046,True,,,not_explicit_in_available_metadata,https://www.science.org/doi/10.1126/science.aaf2403,https://data.mendeley.com/datasets/29ntw7sh4r/5,10.1126/science.aaf2403,CC-BY-NC-SA-4.0,CC BY 4.0,provider_label_retained_not_individual_legal_clearance,Homo sapiens,Spatial Transcriptomics,Breast,True,75e61bd3614e12e5acdfa949d93ec763e5820ec077535f9279d32f3829515b53
SPA116,MahmoodLab/hest,MahmoodLab/hest:st/SPA116.h5ad,8b42ca7f80bc475644ac9a520bba7b9cccbce10d,local Hugging Face download receipt,st/SPA116.h5ad,https://huggingface.co/datasets/MahmoodLab/hest/resolve/8b42ca7f80bc475644ac9a520bba7b9cccbce10d/st/SPA116.h5ad,5d5acf7ef795cb3fdf6ea0d5aa56c44d3b65ce643bd324c4b0bdbaca855de85b,5d5acf7ef795cb3fdf6ea0d5aa56c44d3b65ce643bd324c4b0bdbaca855de85b,True,,,not_explicit_in_available_metadata,https://www.science.org/doi/10.1126/science.aaf2403,https://data.mendeley.com/datasets/29ntw7sh4r/5,10.1126/science.aaf2403,CC-BY-NC-SA-4.0,CC BY 4.0,provider_label_retained_not_individual_legal_clearance,Homo sapiens,Spatial Transcriptomics,Breast,True,a48e30c420640049f859711f58ee3da346007e1bd33856d19aadc5595ea3c826
SPA118,MahmoodLab/hest,MahmoodLab/hest:st/SPA118.h5ad,8b42ca7f80bc475644ac9a520bba7b9cccbce10d,local Hugging Face download receipt,st/SPA118.h5ad,https://huggingface.co/datasets/MahmoodLab/hest/resolve/8b42ca7f80bc475644ac9a520bba7b9cccbce10d/st/SPA118.h5ad,0bf49150702787188def51db7c540e00243849e6c8df91fa08c565cbbcb5e7de,0bf49150702787188def51db7c540e00243849e6c8df91fa08c565cbbcb5e7de,True,,,not_explicit_in_available_metadata,https://www.science.org/doi/10.1126/science.aaf2403,https://data.mendeley.com/datasets/29ntw7sh4r/5,10.1126/science.aaf2403,CC-BY-NC-SA-4.0,CC BY 4.0,provider_label_retained_not_individual_legal_clearance,Homo sapiens,Spatial Transcriptomics,Breast,True,194977753bea71697773bcfd2713ff5384a419d6db6b9fb4aa835a06783012bb
SPA119,MahmoodLab/hest,MahmoodLab/hest:st/SPA119.h5ad,8b42ca7f80bc475644ac9a520bba7b9cccbce10d,local Hugging Face download receipt,st/SPA119.h5ad,https://huggingface.co/datasets/MahmoodLab/hest/resolve/8b42ca7f80bc475644ac9a520bba7b9cccbce10d/st/SPA119.h5ad,bf998349590a3459ca7ac62f59c6b60d474f62ea21f331071619593abca3f113,bf998349590a3459ca7ac62f59c6b60d474f62ea21f331071619593abca3f113,True,,,not_explicit_in_available_metadata,https://pubmed.ncbi.nlm.nih.gov/34650042/,https://zenodo.org/records/4751624,,CC-BY-NC-SA-4.0,Creative Commons Attribution 4.0 International,provider_label_retained_not_individual_legal_clearance,Homo sapiens,Spatial Transcriptomics,Breast,True,a33baa4ebac09fe11bf947948fa94593fdd979c064f26a10e55daab7530142b5
SPA12,MahmoodLab/hest,MahmoodLab/hest:st/SPA12.h5ad,8b42ca7f80bc475644ac9a520bba7b9cccbce10d,local Hugging Face download receipt,st/SPA12.h5ad,https://huggingface.co/datasets/MahmoodLab/hest/resolve/8b42ca7f80bc475644ac9a520bba7b9cccbce10d/st/SPA12.h5ad,fdc55c6c93eafd1fdd38c3e9f1e0c757abb4340ca282d163f85d10732c688c65,fdc55c6c93eafd1fdd38c3e9f1e0c757abb4340ca282d163f85d10732c688c65,True,,,not_explicit_in_available_metadata,https://pubmed.ncbi.nlm.nih.gov/27365449/,https://www.spatialresearch.org/resources-published-datasets/doi-10-1126science-aaf2403/,,CC-BY-NC-SA-4.0,,original_label_requires_clarification,Mus musculus,Spatial Transcriptomics,Brain,True,6b281431d97965ac65aa24c38c363818144b3c5d006d235a16bd42ad293b8c83
SPA120,MahmoodLab/hest,MahmoodLab/hest:st/SPA120.h5ad,8b42ca7f80bc475644ac9a520bba7b9cccbce10d,local Hugging Face download receipt,st/SPA120.h5ad,https://huggingface.co/datasets/MahmoodLab/hest/resolve/8b42ca7f80bc475644ac9a520bba7b9cccbce10d/st/SPA120.h5ad,a7c9082aa294d21f651b04fda5b99ffabbff1360d27f557ef37db43c6f13f856,a7c9082aa294d21f651b04fda5b99ffabbff1360d27f557ef37db43c6f13f856,True,,,not_explicit_in_available_metadata,https://pubmed.ncbi.nlm.nih.gov/34650042/,https://zenodo.org/records/4751624,,CC-BY-NC-SA-4.0,Creative Commons Attribution 4.0 International,provider_label_retained_not_individual_legal_clearance,Homo sapiens,Spatial Transcriptomics,Breast,True,967356add23b2db6146cf5adfa3e20224b9d9e9b11923c87b2cf3ddda3a04e3f
SPA122,MahmoodLab/hest,MahmoodLab/hest:st/SPA122.h5ad,8b42ca7f80bc475644ac9a520bba7b9cccbce10d,local Hugging Face download receipt,st/SPA122.h5ad,https://huggingface.co/datasets/MahmoodLab/hest/resolve/8b42ca7f80bc475644ac9a520bba7b9cccbce10d/st/SPA122.h5ad,9a6cfe5c0f82048644eceeed01aa7c1d0ebe04bbd6427c10588bd7b8e6e81e1e,9a6cfe5c0f82048644eceeed01aa7c1d0ebe04bbd6427c10588bd7b8e6e81e1e,True,,,not_explicit_in_available_metadata,https://pubmed.ncbi.nlm.nih.gov/34650042/,https://zenodo.org/records/4751624,,CC-BY-NC-SA-4.0,Creative Commons Attribution 4.0 International,provider_label_retained_not_individual_legal_clearance,Homo sapiens,Spatial Transcriptomics,Breast,True,2a7dcaaa82ae130d2ff2771bc82db121eeb5bb942daa0889b85a9556539c215a
SPA123,MahmoodLab/hest,MahmoodLab/hest:st/SPA123.h5ad,8b42ca7f80bc475644ac9a520bba7b9cccbce10d,local Hugging Face download receipt,st/SPA123.h5ad,https://huggingface.co/datasets/MahmoodLab/hest/resolve/8b42ca7f80bc475644ac9a520bba7b9cccbce10d/st/SPA123.h5ad,4e6d02ad2054bc7b4288908017ab80d5dd39a1a591c49ff946358d604e59f8ec,4e6d02ad2054bc7b4288908017ab80d5dd39a1a591c49ff946358d604e59f8ec,True,,,not_explicit_in_available_metadata,https://pubmed.ncbi.nlm.nih.gov/34650042/,https://zenodo.org/records/4751624,,CC-BY-NC-SA-4.0,Creative Commons Attribution 4.0 International,provider_label_retained_not_individual_legal_clearance,Homo sapiens,Spatial Transcriptomics,Breast,True,4b8e661cde3564e5bf8158f8d1508d5b8950841df12a23ecee58ebe3b95c4f53
SPA124,MahmoodLab/hest,MahmoodLab/hest:st/SPA124.h5ad,8b42ca7f80bc475644ac9a520bba7b9cccbce10d,local Hugging Face download receipt,st/SPA124.h5ad,https://huggingface.co/datasets/MahmoodLab/hest/resolve/8b42ca7f80bc475644ac9a520bba7b9cccbce10d/st/SPA124.h5ad,4aa746ba7d7a773f50479bfc82ff6e182f895ce336170417a66b5953697df1f2,4aa746ba7d7a773f50479bfc82ff6e182f895ce336170417a66b5953697df1f2,True,,,not_explicit_in_available_metadata,https://pubmed.ncbi.nlm.nih.gov/34650042/,https://zenodo.org/records/4751624,,CC-BY-NC-SA-4.0,Creative Commons Attribution 4.0 International,provider_label_retained_not_individual_legal_clearance,Homo sapiens,Spatial Transcriptomics,Breast,True,29dfa54b108e3f3414ac4c5a379cb09863dc77556584f2c81ec1d46e5d265788
SPA125,MahmoodLab/hest,MahmoodLab/hest:st/SPA125.h5ad,8b42ca7f80bc475644ac9a520bba7b9cccbce10d,local Hugging Face download receipt,st/SPA125.h5ad,https://huggingface.co/datasets/MahmoodLab/hest/resolve/8b42ca7f80bc475644ac9a520bba7b9cccbce10d/st/SPA125.h5ad,0c03c81ec5af3e40e930d8275b5649db51412fb121536949415962b8da56ec98,0c03c81ec5af3e40e930d8275b5649db51412fb121536949415962b8da56ec98,True,,,not_explicit_in_available_metadata,https://pubmed.ncbi.nlm.nih.gov/34650042/,https://zenodo.org/records/4751624,,CC-BY-NC-SA-4.0,Creative Commons Attribution 4.0 International,provider_label_retained_not_individual_legal_clearance,Homo sapiens,Spatial Transcriptomics,Breast,True,529ccd8a065018e604589cf69cfad39275ae87236f6d8b026271fcaff5823729
SPA128,MahmoodLab/hest,MahmoodLab/hest:st/SPA128.h5ad,8b42ca7f80bc475644ac9a520bba7b9cccbce10d,local Hugging Face download receipt,st/SPA128.h5ad,https://huggingface.co/datasets/MahmoodLab/hest/resolve/8b42ca7f80bc475644ac9a520bba7b9cccbce10d/st/SPA128.h5ad,36b2046b06a994555262477608141382456a6ad42b62f019fc22eeebd2aac18b,36b2046b06a994555262477608141382456a6ad42b62f019fc22eeebd2aac18b,True,,,not_explicit_in_available_metadata,https://pubmed.ncbi.nlm.nih.gov/34650042/,https://zenodo.org/records/4751624,,CC-BY-NC-SA-4.0,Creative Commons Attribution 4.0 International,provider_label_retained_not_individual_legal_clearance,Homo sapiens,Spatial Transcriptomics,Breast,True,2ce9e7a3922ab6568d9fc9e1d2f14f8b9cffee52fa0a81cc9f194be9332c142f
SPA129,MahmoodLab/hest,MahmoodLab/hest:st/SPA129.h5ad,8b42ca7f80bc475644ac9a520bba7b9cccbce10d,local Hugging Face download receipt,st/SPA129.h5ad,https://huggingface.co/datasets/MahmoodLab/hest/resolve/8b42ca7f80bc475644ac9a520bba7b9cccbce10d/st/SPA129.h5ad,7ea5b352f8405d3660db8b2f2b9530070fc6d2f4b98b9d48a87a915af4031807,7ea5b352f8405d3660db8b2f2b9530070fc6d2f4b98b9d48a87a915af4031807,True,,,not_explicit_in_available_metadata,https://pubmed.ncbi.nlm.nih.gov/34650042/,https://zenodo.org/records/4751624,,CC-BY-NC-SA-4.0,Creative Commons Attribution 4.0 International,provider_label_retained_not_individual_legal_clearance,Homo sapiens,Spatial Transcriptomics,Breast,True,6e41463aecec89339e9c93e42cd56d8491ac439aac69f9d30db6d6fdfb2408fc
SPA13,MahmoodLab/hest,MahmoodLab/hest:st/SPA13.h5ad,8b42ca7f80bc475644ac9a520bba7b9cccbce10d,local Hugging Face download receipt,st/SPA13.h5ad,https://huggingface.co/datasets/MahmoodLab/hest/resolve/8b42ca7f80bc475644ac9a520bba7b9cccbce10d/st/SPA13.h5ad,1ad27dc8a5124e07357c1a428cd21240181f7e895b0f53c96c50efed6a779d6c,1ad27dc8a5124e07357c1a428cd21240181f7e895b0f53c96c50efed6a779d6c,True,,,not_explicit_in_available_metadata,https://pubmed.ncbi.nlm.nih.gov/27365449/,https://www.spatialresearch.org/resources-published-datasets/doi-10-1126science-aaf2403/,,CC-BY-NC-SA-4.0,,original_label_requires_clarification,Mus musculus,Spatial Transcriptomics,Brain,True,3d96af994585da65c40c40dab95cb8681ac06560a70df0bdc742590efce38abf
SPA130,MahmoodLab/hest,MahmoodLab/hest:st/SPA130.h5ad,8b42ca7f80bc475644ac9a520bba7b9cccbce10d,local Hugging Face download receipt,st/SPA130.h5ad,https://huggingface.co/datasets/MahmoodLab/hest/resolve/8b42ca7f80bc475644ac9a520bba7b9cccbce10d/st/SPA130.h5ad,5bf3b731aaef98bb65ed1b1c77ade6b474baf3a0ed58bf7063bb0c7630c0ffea,5bf3b731aaef98bb65ed1b1c77ade6b474baf3a0ed58bf7063bb0c7630c0ffea,True,,,not_explicit_in_available_metadata,https://pubmed.ncbi.nlm.nih.gov/34650042/,https://zenodo.org/records/4751624,,CC-BY-NC-SA-4.0,Creative Commons Attribution 4.0 International,provider_label_retained_not_individual_legal_clearance,Homo sapiens,Spatial Transcriptomics,Breast,True,95de9a6659914cf075e2f66d13e17673a5430b380acaeecb6e9d38bb955626ba
SPA131,MahmoodLab/hest,MahmoodLab/hest:st/SPA131.h5ad,8b42ca7f80bc475644ac9a520bba7b9cccbce10d,local Hugging Face download receipt,st/SPA131.h5ad,https://huggingface.co/datasets/MahmoodLab/hest/resolve/8b42ca7f80bc475644ac9a520bba7b9cccbce10d/st/SPA131.h5ad,46872dd897f9a05f1f4207b6de1650a71d285db4967c9bf668ca9acef4fc89b7,46872dd897f9a05f1f4207b6de1650a71d285db4967c9bf668ca9acef4fc89b7,True,,,not_explicit_in_available_metadata,https://pubmed.ncbi.nlm.nih.gov/34650042/,https://zenodo.org/records/4751624,,CC-BY-NC-SA-4.0,Creative Commons Attribution 4.0 International,provider_label_retained_not_individual_legal_clearance,Homo sapiens,Spatial Transcriptomics,Breast,True,43c4b778677daca1e94e7407d5f3c0f24eb84b2a9805e0db889867658e00e7f3
SPA133,MahmoodLab/hest,MahmoodLab/hest:st/SPA133.h5ad,8b42ca7f80bc475644ac9a520bba7b9cccbce10d,local Hugging Face download receipt,st/SPA133.h5ad,https://huggingface.co/datasets/MahmoodLab/hest/resolve/8b42ca7f80bc475644ac9a520bba7b9cccbce10d/st/SPA133.h5ad,90aa7d5f0e1e3b76c88cb025cc46f39a74a1204c2cdb27b1a9cb9c156548a835,90aa7d5f0e1e3b76c88cb025cc46f39a74a1204c2cdb27b1a9cb9c156548a835,True,,,not_explicit_in_available_metadata,https://pubmed.ncbi.nlm.nih.gov/34650042/,https://zenodo.org/records/4751624,,CC-BY-NC-SA-4.0,Creative Commons Attribution 4.0 International,provider_label_retained_not_individual_legal_clearance,Homo sapiens,Spatial Transcriptomics,Breast,True,2af298e6ff8f9498b66360839c26cf5a762c325af863f65b06e2801bc623a2b8
SPA134,MahmoodLab/hest,MahmoodLab/hest:st/SPA134.h5ad,8b42ca7f80bc475644ac9a520bba7b9cccbce10d,local Hugging Face download receipt,st/SPA134.h5ad,https://huggingface.co/datasets/MahmoodLab/hest/resolve/8b42ca7f80bc475644ac9a520bba7b9cccbce10d/st/SPA134.h5ad,46b54fda338846168640ccf1f7e0c3d5adf6361ad48344569f1ca9b6903b96e5,46b54fda338846168640ccf1f7e0c3d5adf6361ad48344569f1ca9b6903b96e5,True,,,not_explicit_in_available_metadata,https://pubmed.ncbi.nlm.nih.gov/34650042/,https://zenodo.org/records/4751624,,CC-BY-NC-SA-4.0,Creative Commons Attribution 4.0 International,provider_label_retained_not_individual_legal_clearance,Homo sapiens,Spatial Transcriptomics,Breast,True,9ff2b0aa79f96421a07ccbf36ebdb78c775042d14641b43696d36a36b400ce2c
SPA135,MahmoodLab/hest,MahmoodLab/hest:st/SPA135.h5ad,8b42ca7f80bc475644ac9a520bba7b9cccbce10d,local Hugging Face download receipt,st/SPA135.h5ad,https://huggingface.co/datasets/MahmoodLab/hest/resolve/8b42ca7f80bc475644ac9a520bba7b9cccbce10d/st/SPA135.h5ad,0b7846697bae2c3c924166fd692bed1807b6b45289c30475d45274e29edd8712,0b7846697bae2c3c924166fd692bed1807b6b45289c30475d45274e29edd8712,True,,,not_explicit_in_available_metadata,https://pubmed.ncbi.nlm.nih.gov/34650042/,https://zenodo.org/records/4751624,,CC-BY-NC-SA-4.0,Creative Commons Attribution 4.0 International,provider_label_retained_not_individual_legal_clearance,Homo sapiens,Spatial Transcriptomics,Breast,True,7bfea0ba453cbd97d138f9885d15265c720b64333c4ae536e2ccee65501eb302
SPA136,MahmoodLab/hest,MahmoodLab/hest:st/SPA136.h5ad,8b42ca7f80bc475644ac9a520bba7b9cccbce10d,local Hugging Face download receipt,st/SPA136.h5ad,https://huggingface.co/datasets/MahmoodLab/hest/resolve/8b42ca7f80bc475644ac9a520bba7b9cccbce10d/st/SPA136.h5ad,65046083b9224e90c79b66b80d0f2223da342e04c84547e84eebaab0b3da2185,65046083b9224e90c79b66b80d0f2223da342e04c84547e84eebaab0b3da2185,True,,,not_explicit_in_available_metadata,https://pubmed.ncbi.nlm.nih.gov/34650042/,https://zenodo.org/records/4751624,,CC-BY-NC-SA-4.0,Creative Commons Attribution 4.0 International,provider_label_retained_not_individual_legal_clearance,Homo sapiens,Spatial Transcriptomics,Breast,True,6bd49eebe7fc3707633ef7a7c6c34b1b757dc1a52eac29720fab4184c07d7db9
SPA137,MahmoodLab/hest,MahmoodLab/hest:st/SPA137.h5ad,8b42ca7f80bc475644ac9a520bba7b9cccbce10d,local Hugging Face download receipt,st/SPA137.h5ad,https://huggingface.co/datasets/MahmoodLab/hest/resolve/8b42ca7f80bc475644ac9a520bba7b9cccbce10d/st/SPA137.h5ad,aa6d2a721a214987b159c2bffe28e828647fed73f24d702355e9a83e48a1625f,aa6d2a721a214987b159c2bffe28e828647fed73f24d702355e9a83e48a1625f,True,,,not_explicit_in_available_metadata,https://pubmed.ncbi.nlm.nih.gov/34650042/,https://zenodo.org/records/4751624,,CC-BY-NC-SA-4.0,Creative Commons Attribution 4.0 International,provider_label_retained_not_individual_legal_clearance,Homo sapiens,Spatial Transcriptomics,Breast,True,f5fb683d900f2e6713c11bc8188ca5906d1ecc7394cc72d4d77e7ee610787b46
SPA138,MahmoodLab/hest,MahmoodLab/hest:st/SPA138.h5ad,8b42ca7f80bc475644ac9a520bba7b9cccbce10d,local Hugging Face download receipt,st/SPA138.h5ad,https://huggingface.co/datasets/MahmoodLab/hest/resolve/8b42ca7f80bc475644ac9a520bba7b9cccbce10d/st/SPA138.h5ad,09436629a9729e879320b6ad90f8fff0a8cd81dd9ec49ce0b89c46438d9f4281,09436629a9729e879320b6ad90f8fff0a8cd81dd9ec49ce0b89c46438d9f4281,True,,,not_explicit_in_available_metadata,https://pubmed.ncbi.nlm.nih.gov/34650042/,https://zenodo.org/records/4751624,,CC-BY-NC-SA-4.0,Creative Commons Attribution 4.0 International,provider_label_retained_not_individual_legal_clearance,Homo sapiens,Spatial Transcriptomics,Breast,True,218a9cdc4b121d1e0844dfa6d44ff2ca7a091c0cf58ce18659843e33ac559b55
SPA139,MahmoodLab/hest,MahmoodLab/hest:st/SPA139.h5ad,8b42ca7f80bc475644ac9a520bba7b9cccbce10d,local Hugging Face download receipt,st/SPA139.h5ad,https://huggingface.co/datasets/MahmoodLab/hest/resolve/8b42ca7f80bc475644ac9a520bba7b9cccbce10d/st/SPA139.h5ad,9c4392948a0e264b031d62c62960e1d7385601988d6eb9bb7eb5bbbc08edb1ac,9c4392948a0e264b031d62c62960e1d7385601988d6eb9bb7eb5bbbc08edb1ac,True,,,not_explicit_in_available_metadata,https://pubmed.ncbi.nlm.nih.gov/34650042/,https://zenodo.org/records/4751624,,CC-BY-NC-SA-4.0,Creative Commons Attribution 4.0 International,provider_label_retained_not_individual_legal_clearance,Homo sapiens,Spatial Transcriptomics,Breast,True,ba3026bfce0b483397be199b1a6717c61f8ff8acbff4362f15224df424a0f145
SPA14,MahmoodLab/hest,MahmoodLab/hest:st/SPA14.h5ad,8b42ca7f80bc475644ac9a520bba7b9cccbce10d,local Hugging Face download receipt,st/SPA14.h5ad,https://huggingface.co/datasets/MahmoodLab/hest/resolve/8b42ca7f80bc475644ac9a520bba7b9cccbce10d/st/SPA14.h5ad,77e5069d5cc678d2b0fd8b4721537aefa4882973f91a4fbba0b6960831d656c2,77e5069d5cc678d2b0fd8b4721537aefa4882973f91a4fbba0b6960831d656c2,True,,,not_explicit_in_available_metadata,https://pubmed.ncbi.nlm.nih.gov/27365449/,https://www.spatialresearch.org/resources-published-datasets/doi-10-1126science-aaf2403/,,CC-BY-NC-SA-4.0,,original_label_requires_clarification,Mus musculus,Spatial Transcriptomics,Brain,True,1abccdc86b08dab080030458b28e02606e7150f550a0683850ba84e79b19e2da
SPA140,MahmoodLab/hest,MahmoodLab/hest:st/SPA140.h5ad,8b42ca7f80bc475644ac9a520bba7b9cccbce10d,local Hugging Face download receipt,st/SPA140.h5ad,https://huggingface.co/datasets/MahmoodLab/hest/resolve/8b42ca7f80bc475644ac9a520bba7b9cccbce10d/st/SPA140.h5ad,05d08fcdfa22a1a7aabaecffc70ceede7fd4b2df475e1c8c80659b422d1a641e,05d08fcdfa22a1a7aabaecffc70ceede7fd4b2df475e1c8c80659b422d1a641e,True,,,not_explicit_in_available_metadata,https://pubmed.ncbi.nlm.nih.gov/34650042/,https://zenodo.org/records/4751624,,CC-BY-NC-SA-4.0,Creative Commons Attribution 4.0 International,provider_label_retained_not_individual_legal_clearance,Homo sapiens,Spatial Transcriptomics,Breast,True,27f1270b26da274be1ba9ae45391c3663c8b3fc227521f522231571ac4c2ed88
SPA141,MahmoodLab/hest,MahmoodLab/hest:st/SPA141.h5ad,8b42ca7f80bc475644ac9a520bba7b9cccbce10d,local Hugging Face download receipt,st/SPA141.h5ad,https://huggingface.co/datasets/MahmoodLab/hest/resolve/8b42ca7f80bc475644ac9a520bba7b9cccbce10d/st/SPA141.h5ad,e32099e190596463f8a0d0046c9b9f00e2e79b22fdd6b4914be0ca3227bd6e65,e32099e190596463f8a0d0046c9b9f00e2e79b22fdd6b4914be0ca3227bd6e65,True,,,not_explicit_in_available_metadata,https://pubmed.ncbi.nlm.nih.gov/34650042/,https://zenodo.org/records/4751624,,CC-BY-NC-SA-4.0,Creative Commons Attribution 4.0 International,provider_label_retained_not_individual_legal_clearance,Homo sapiens,Spatial Transcriptomics,Breast,True,10a46330830289603b675d5a3b5b2d6b09b507b7f91fc4ee29a43103b32aca6d
SPA142,MahmoodLab/hest,MahmoodLab/hest:st/SPA142.h5ad,8b42ca7f80bc475644ac9a520bba7b9cccbce10d,local Hugging Face download receipt,st/SPA142.h5ad,https://huggingface.co/datasets/MahmoodLab/hest/resolve/8b42ca7f80bc475644ac9a520bba7b9cccbce10d/st/SPA142.h5ad,c88b1a43eade6a0ee8ea3b66ac1d074a312e7c6af08bcbf4e812b6abf9db6b9b,c88b1a43eade6a0ee8ea3b66ac1d074a312e7c6af08bcbf4e812b6abf9db6b9b,True,,,not_explicit_in_available_metadata,https://pubmed.ncbi.nlm.nih.gov/34650042/,https://zenodo.org/records/4751624,,CC-BY-NC-SA-4.0,Creative Commons Attribution 4.0 International,provider_label_retained_not_individual_legal_clearance,Homo sapiens,Spatial Transcriptomics,Breast,True,0c84edfd9efeab45c14753beb4b1b13236ecf7a5b1f5baea761006059a6bcb14
SPA143,MahmoodLab/hest,MahmoodLab/hest:st/SPA143.h5ad,8b42ca7f80bc475644ac9a520bba7b9cccbce10d,local Hugging Face download receipt,st/SPA143.h5ad,https://huggingface.co/datasets/MahmoodLab/hest/resolve/8b42ca7f80bc475644ac9a520bba7b9cccbce10d/st/SPA143.h5ad,3691fc73a24d09d78668683dc9fa9aae4dd221d68f99960e143933d1914d1777,3691fc73a24d09d78668683dc9fa9aae4dd221d68f99960e143933d1914d1777,True,,,not_explicit_in_available_metadata,https://pubmed.ncbi.nlm.nih.gov/34650042/,https://zenodo.org/records/4751624,,CC-BY-NC-SA-4.0,Creative Commons Attribution 4.0 International,provider_label_retained_not_individual_legal_clearance,Homo sapiens,Spatial Transcriptomics,Breast,True,a251be85275083bd33f72083818f205a1ebb5668627dfca067dd63db4a870ca7
SPA145,MahmoodLab/hest,MahmoodLab/hest:st/SPA145.h5ad,8b42ca7f80bc475644ac9a520bba7b9cccbce10d,local Hugging Face download receipt,st/SPA145.h5ad,https://huggingface.co/datasets/MahmoodLab/hest/resolve/8b42ca7f80bc475644ac9a520bba7b9cccbce10d/st/SPA145.h5ad,5ebd79582a08baa980c30952842bd5628d257fe9dd1ec8c5f222e600adeb9d2c,5ebd79582a08baa980c30952842bd5628d257fe9dd1ec8c5f222e600adeb9d2c,True,,,not_explicit_in_available_metadata,https://pubmed.ncbi.nlm.nih.gov/34650042/,https://zenodo.org/records/4751624,,CC-BY-NC-SA-4.0,Creative Commons Attribution 4.0 International,provider_label_retained_not_individual_legal_clearance,Homo sapiens,Spatial Transcriptomics,Breast,True,e5a2bd7f0d7ca933b36b112352d2e5998dfbb7b996e9e2db92463aa29a3edf21
SPA146,MahmoodLab/hest,MahmoodLab/hest:st/SPA146.h5ad,8b42ca7f80bc475644ac9a520bba7b9cccbce10d,local Hugging Face download receipt,st/SPA146.h5ad,https://huggingface.co/datasets/MahmoodLab/hest/resolve/8b42ca7f80bc475644ac9a520bba7b9cccbce10d/st/SPA146.h5ad,2aef5e56bfe5909220911ccbb83d764b21936cd7c958708007afa65112192511,2aef5e56bfe5909220911ccbb83d764b21936cd7c958708007afa65112192511,True,,,not_explicit_in_available_metadata,https://pubmed.ncbi.nlm.nih.gov/34650042/,https://zenodo.org/records/4751624,,CC-BY-NC-SA-4.0,Creative Commons Attribution 4.0 International,provider_label_retained_not_individual_legal_clearance,Homo sapiens,Spatial Transcriptomics,Breast,True,7f18725a3285b830dd26e37041778f3025ed85029c40196f361b6e9f5b2f744c
SPA147,MahmoodLab/hest,MahmoodLab/hest:st/SPA147.h5ad,8b42ca7f80bc475644ac9a520bba7b9cccbce10d,local Hugging Face download receipt,st/SPA147.h5ad,https://huggingface.co/datasets/MahmoodLab/hest/resolve/8b42ca7f80bc475644ac9a520bba7b9cccbce10d/st/SPA147.h5ad,2dee1c6d88710353d5eb4e1606b346ce906a97776f98d569335352323b2798b8,2dee1c6d88710353d5eb4e1606b346ce906a97776f98d569335352323b2798b8,True,,,not_explicit_in_available_metadata,https://pubmed.ncbi.nlm.nih.gov/34650042/,https://zenodo.org/records/4751624,,CC-BY-NC-SA-4.0,Creative Commons Attribution 4.0 International,provider_label_retained_not_individual_legal_clearance,Homo sapiens,Spatial Transcriptomics,Breast,True,a486b1b5e8a3aeccd53d42fcfe0aafedeb80096ff514180e1616f816f5161c1e
SPA148,MahmoodLab/hest,MahmoodLab/hest:st/SPA148.h5ad,8b42ca7f80bc475644ac9a520bba7b9cccbce10d,local Hugging Face download receipt,st/SPA148.h5ad,https://huggingface.co/datasets/MahmoodLab/hest/resolve/8b42ca7f80bc475644ac9a520bba7b9cccbce10d/st/SPA148.h5ad,3d17c05959acb166e8cdd4363d4d113d6b194d303413c94f3d372a68266a5ca2,3d17c05959acb166e8cdd4363d4d113d6b194d303413c94f3d372a68266a5ca2,True,,,not_explicit_in_available_metadata,https://pubmed.ncbi.nlm.nih.gov/34650042/,https://zenodo.org/records/4751624,,CC-BY-NC-SA-4.0,Creative Commons Attribution 4.0 International,provider_label_retained_not_individual_legal_clearance,Homo sapiens,Spatial Transcriptomics,Breast,True,be8fc9b9885634630b7f0b176fcec73e501a706025e2029c2100f26a94520ed5
SPA149,MahmoodLab/hest,MahmoodLab/hest:st/SPA149.h5ad,8b42ca7f80bc475644ac9a520bba7b9cccbce10d,local Hugging Face download receipt,st/SPA149.h5ad,https://huggingface.co/datasets/MahmoodLab/hest/resolve/8b42ca7f80bc475644ac9a520bba7b9cccbce10d/st/SPA149.h5ad,cb8f64a201011a1eb3fcbdc35cc91428972adbec6d425770d527e4b56df450d8,cb8f64a201011a1eb3fcbdc35cc91428972adbec6d425770d527e4b56df450d8,True,,,not_explicit_in_available_metadata,https://pubmed.ncbi.nlm.nih.gov/34650042/,https://zenodo.org/records/4751624,,CC-BY-NC-SA-4.0,Creative Commons Attribution 4.0 International,provider_label_retained_not_individual_legal_clearance,Homo sapiens,Spatial Transcriptomics,Breast,True,5b9fcb5c7ab8acf8c6425bde9f602faac133358ee1b9e059c9612102f1dcf202
SPA15,MahmoodLab/hest,MahmoodLab/hest:st/SPA15.h5ad,8b42ca7f80bc475644ac9a520bba7b9cccbce10d,local Hugging Face download receipt,st/SPA15.h5ad,https://huggingface.co/datasets/MahmoodLab/hest/resolve/8b42ca7f80bc475644ac9a520bba7b9cccbce10d/st/SPA15.h5ad,02f60ba8f640d51de888d633bad161fcf3a0bc43f3d1f269194489dfa0af56c6,02f60ba8f640d51de888d633bad161fcf3a0bc43f3d1f269194489dfa0af56c6,True,,,not_explicit_in_available_metadata,https://pubmed.ncbi.nlm.nih.gov/27365449/,https://www.spatialresearch.org/resources-published-datasets/doi-10-1126science-aaf2403/,,CC-BY-NC-SA-4.0,,original_label_requires_clarification,Mus musculus,Spatial Transcriptomics,Brain,True,6bb1e9e0b6c216479f25b60e975ab5f10bb8475c7a7a5d43cb7ff6470066b077
SPA150,MahmoodLab/hest,MahmoodLab/hest:st/SPA150.h5ad,8b42ca7f80bc475644ac9a520bba7b9cccbce10d,local Hugging Face download receipt,st/SPA150.h5ad,https://huggingface.co/datasets/MahmoodLab/hest/resolve/8b42ca7f80bc475644ac9a520bba7b9cccbce10d/st/SPA150.h5ad,c1ad47f7145d4394c1fe1cf19ba92849e82e1e08e28a000cfcb93156a64072a2,c1ad47f7145d4394c1fe1cf19ba92849e82e1e08e28a000cfcb93156a64072a2,True,,,not_explicit_in_available_metadata,https://pubmed.ncbi.nlm.nih.gov/34650042/,https://zenodo.org/records/4751624,,CC-BY-NC-SA-4.0,Creative Commons Attribution 4.0 International,provider_label_retained_not_individual_legal_clearance,Homo sapiens,Spatial Transcriptomics,Breast,True,1c05d8742f6aa70524eb817f4fd42251168d26ecf66761808c35da7e455c3713
SPA151,MahmoodLab/hest,MahmoodLab/hest:st/SPA151.h5ad,8b42ca7f80bc475644ac9a520bba7b9cccbce10d,local Hugging Face download receipt,st/SPA151.h5ad,https://huggingface.co/datasets/MahmoodLab/hest/resolve/8b42ca7f80bc475644ac9a520bba7b9cccbce10d/st/SPA151.h5ad,87466597c07fdac06c94fb22ac5fc20b1511ca94cdf29db99caf625e85373b9d,87466597c07fdac06c94fb22ac5fc20b1511ca94cdf29db99caf625e85373b9d,True,,,not_explicit_in_available_metadata,https://pubmed.ncbi.nlm.nih.gov/34650042/,https://zenodo.org/records/4751624,,CC-BY-NC-SA-4.0,Creative Commons Attribution 4.0 International,provider_label_retained_not_individual_legal_clearance,Homo sapiens,Spatial Transcriptomics,Breast,True,d82b08c846b797ddf8b3f8c157bb49ded3e5e3d22eee05045f3152ec117f29a1
SPA152,MahmoodLab/hest,MahmoodLab/hest:st/SPA152.h5ad,8b42ca7f80bc475644ac9a520bba7b9cccbce10d,local Hugging Face download receipt,st/SPA152.h5ad,https://huggingface.co/datasets/MahmoodLab/hest/resolve/8b42ca7f80bc475644ac9a520bba7b9cccbce10d/st/SPA152.h5ad,6130135829377df4b3ac85096dd7a63147ff81d89782273b12e6ce0cb23d07e5,6130135829377df4b3ac85096dd7a63147ff81d89782273b12e6ce0cb23d07e5,True,,,not_explicit_in_available_metadata,https://pubmed.ncbi.nlm.nih.gov/34650042/,https://zenodo.org/records/4751624,,CC-BY-NC-SA-4.0,Creative Commons Attribution 4.0 International,provider_label_retained_not_individual_legal_clearance,Homo sapiens,Spatial Transcriptomics,Breast,True,aad02b827c0c73136a27b6a4dbd06fbe169fe16d7ca03f1f02feca9dd5c755c6
SPA153,MahmoodLab/hest,MahmoodLab/hest:st/SPA153.h5ad,8b42ca7f80bc475644ac9a520bba7b9cccbce10d,local Hugging Face download receipt,st/SPA153.h5ad,https://huggingface.co/datasets/MahmoodLab/hest/resolve/8b42ca7f80bc475644ac9a520bba7b9cccbce10d/st/SPA153.h5ad,b37b0ec7e1951c065f686d0843b43a057f3eaf7f2219e1c2a11e10eaf9f4cccf,b37b0ec7e1951c065f686d0843b43a057f3eaf7f2219e1c2a11e10eaf9f4cccf,True,,,not_explicit_in_available_metadata,https://pubmed.ncbi.nlm.nih.gov/34650042/,https://zenodo.org/records/4751624,,CC-BY-NC-SA-4.0,Creative Commons Attribution 4.0 International,provider_label_retained_not_individual_legal_clearance,Homo sapiens,Spatial Transcriptomics,Breast,True,34a5802d288e82a85562fc416d42c05f88f0fc400dd9487c83321e8e154346ea
SPA154,MahmoodLab/hest,MahmoodLab/hest:st/SPA154.h5ad,8b42ca7f80bc475644ac9a520bba7b9cccbce10d,local Hugging Face download receipt,st/SPA154.h5ad,https://huggingface.co/datasets/MahmoodLab/hest/resolve/8b42ca7f80bc475644ac9a520bba7b9cccbce10d/st/SPA154.h5ad,1bdfa541258dc76ac4e56158129bc3f32f4bcf70969613c1bd9883f5ca9f9e8c,1bdfa541258dc76ac4e56158129bc3f32f4bcf70969613c1bd9883f5ca9f9e8c,True,,,not_explicit_in_available_metadata,https://pubmed.ncbi.nlm.nih.gov/34650042/,https://zenodo.org/records/4751624,,CC-BY-NC-SA-4.0,Creative Commons Attribution 4.0 International,provider_label_retained_not_individual_legal_clearance,Homo sapiens,Spatial Transcriptomics,Breast,True,a39c1595157cd0a8a573fb64f57a061203ca3a0b460399279add70ef628b9014
SPA2,MahmoodLab/hest,MahmoodLab/hest:st/SPA2.h5ad,8b42ca7f80bc475644ac9a520bba7b9cccbce10d,local Hugging Face download receipt,st/SPA2.h5ad,https://huggingface.co/datasets/MahmoodLab/hest/resolve/8b42ca7f80bc475644ac9a520bba7b9cccbce10d/st/SPA2.h5ad,bdac405a97093bb17df315aa72a1b619f73cc7a43e36293b479cab9b8d794022,bdac405a97093bb17df315aa72a1b619f73cc7a43e36293b479cab9b8d794022,True,,,not_explicit_in_available_metadata,https://pubmed.ncbi.nlm.nih.gov/27365449/,https://www.spatialresearch.org/resources-published-datasets/doi-10-1126science-aaf2403/,,CC-BY-NC-SA-4.0,,original_label_requires_clarification,Homo sapiens,Spatial Transcriptomics,Breast,True,8f6216fab067325a89919b2a05d3e71cc7281331353bd3f520d7ba5e44bbd9f0
SPA3,MahmoodLab/hest,MahmoodLab/hest:st/SPA3.h5ad,8b42ca7f80bc475644ac9a520bba7b9cccbce10d,local Hugging Face download receipt,st/SPA3.h5ad,https://huggingface.co/datasets/MahmoodLab/hest/resolve/8b42ca7f80bc475644ac9a520bba7b9cccbce10d/st/SPA3.h5ad,0868657362c03dbc4346fefe1e220993bcc7d70148339d4bdaaa79bed51bb4db,0868657362c03dbc4346fefe1e220993bcc7d70148339d4bdaaa79bed51bb4db,True,,,not_explicit_in_available_metadata,https://pubmed.ncbi.nlm.nih.gov/27365449/,https://www.spatialresearch.org/resources-published-datasets/doi-10-1126science-aaf2403/,,CC-BY-NC-SA-4.0,,original_label_requires_clarification,Homo sapiens,Spatial Transcriptomics,Breast,True,1830b27dfc2cf8183febcf1079a51d0378af2eec9be12175b146517eef8207d8
SPA30,MahmoodLab/hest,MahmoodLab/hest:st/SPA30.h5ad,8b42ca7f80bc475644ac9a520bba7b9cccbce10d,local Hugging Face download receipt,st/SPA30.h5ad,https://huggingface.co/datasets/MahmoodLab/hest/resolve/8b42ca7f80bc475644ac9a520bba7b9cccbce10d/st/SPA30.h5ad,1753a1ca149280980f84907a69f00bd5e2b59af61036e2a272d74c42c562c6ba,1753a1ca149280980f84907a69f00bd5e2b59af61036e2a272d74c42c562c6ba,True,,,not_explicit_in_available_metadata,https://www.sciencedirect.com/science/article/pii/S0092867419312826?via%3Dihub,https://data.mendeley.com/datasets/mbvhhf8m62/2,,CC-BY-NC-SA-4.0,CC BY 4.0,provider_label_retained_not_individual_legal_clearance,Homo sapiens,Spatial Transcriptomics,Heart,True,37a121ff79fee296582e286473cd2fc48758227d6ab4624b0aaaa7f8c24597e1
SPA32,MahmoodLab/hest,MahmoodLab/hest:st/SPA32.h5ad,8b42ca7f80bc475644ac9a520bba7b9cccbce10d,local Hugging Face download receipt,st/SPA32.h5ad,https://huggingface.co/datasets/MahmoodLab/hest/resolve/8b42ca7f80bc475644ac9a520bba7b9cccbce10d/st/SPA32.h5ad,cc0b663ffee8b34a9e51938612d4a062ff4d2159632b053e0ac1cea23048c2de,cc0b663ffee8b34a9e51938612d4a062ff4d2159632b053e0ac1cea23048c2de,True,,,not_explicit_in_available_metadata,https://www.sciencedirect.com/science/article/pii/S0092867419312826?via%3Dihub,https://data.mendeley.com/datasets/mbvhhf8m62/2,,CC-BY-NC-SA-4.0,CC BY 4.0,provider_label_retained_not_individual_legal_clearance,Homo sapiens,Spatial Transcriptomics,Heart,True,a7932a0963ac280df9fafcaf4e73064f46f4408a1f09ae246a55b30bd1267867
SPA33,MahmoodLab/hest,MahmoodLab/hest:st/SPA33.h5ad,8b42ca7f80bc475644ac9a520bba7b9cccbce10d,local Hugging Face download receipt,st/SPA33.h5ad,https://huggingface.co/datasets/MahmoodLab/hest/resolve/8b42ca7f80bc475644ac9a520bba7b9cccbce10d/st/SPA33.h5ad,a48faaf4fc56f9d088135736f2e075aae410757cb590dda99b52122185a05799,a48faaf4fc56f9d088135736f2e075aae410757cb590dda99b52122185a05799,True,,,not_explicit_in_available_metadata,https://www.sciencedirect.com/science/article/pii/S0092867419312826?via%3Dihub,https://data.mendeley.com/datasets/mbvhhf8m62/2,,CC-BY-NC-SA-4.0,CC BY 4.0,provider_label_retained_not_individual_legal_clearance,Homo sapiens,Spatial Transcriptomics,Heart,True,08773a813075cfba35d794044249949d173f87951fc290a4f180b8d965c5e158
SPA34,MahmoodLab/hest,MahmoodLab/hest:st/SPA34.h5ad,8b42ca7f80bc475644ac9a520bba7b9cccbce10d,local Hugging Face download receipt,st/SPA34.h5ad,https://huggingface.co/datasets/MahmoodLab/hest/resolve/8b42ca7f80bc475644ac9a520bba7b9cccbce10d/st/SPA34.h5ad,aa08bf55b41159f3803c9180e9e41677d32756d2b511da8a514e91cc94645429,aa08bf55b41159f3803c9180e9e41677d32756d2b511da8a514e91cc94645429,True,,,not_explicit_in_available_metadata,https://www.sciencedirect.com/science/article/pii/S0092867419312826?via%3Dihub,https://data.mendeley.com/datasets/mbvhhf8m62/2,,CC-BY-NC-SA-4.0,CC BY 4.0,provider_label_retained_not_individual_legal_clearance,Homo sapiens,Spatial Transcriptomics,Heart,True,7b4b935937c3b59f65fe61585af7aae582371cfbebfd23dbaf95867034de89c4
SPA36,MahmoodLab/hest,MahmoodLab/hest:st/SPA36.h5ad,8b42ca7f80bc475644ac9a520bba7b9cccbce10d,local Hugging Face download receipt,st/SPA36.h5ad,https://huggingface.co/datasets/MahmoodLab/hest/resolve/8b42ca7f80bc475644ac9a520bba7b9cccbce10d/st/SPA36.h5ad,e91b5878d7af441073a90b9a1d8a800cbf955f1fb42f5aff1bbbfcf06313e9e2,e91b5878d7af441073a90b9a1d8a800cbf955f1fb42f5aff1bbbfcf06313e9e2,True,,,not_explicit_in_available_metadata,https://www.sciencedirect.com/science/article/pii/S0092867419312826?via%3Dihub,https://data.mendeley.com/datasets/mbvhhf8m62/2,,CC-BY-NC-SA-4.0,CC BY 4.0,provider_label_retained_not_individual_legal_clearance,Homo sapiens,Spatial Transcriptomics,Heart,True,05d8201bf52f020bf9873c7147c9f9eae7864f19b46a7b1fc7cf501a678ca270
SPA37,MahmoodLab/hest,MahmoodLab/hest:st/SPA37.h5ad,8b42ca7f80bc475644ac9a520bba7b9cccbce10d,local Hugging Face download receipt,st/SPA37.h5ad,https://huggingface.co/datasets/MahmoodLab/hest/resolve/8b42ca7f80bc475644ac9a520bba7b9cccbce10d/st/SPA37.h5ad,7fe6e43b93d513a31f45c88bd6aba61425901dbf6eba4541f7ff312d45d9b565,7fe6e43b93d513a31f45c88bd6aba61425901dbf6eba4541f7ff312d45d9b565,True,,,not_explicit_in_available_metadata,https://www.sciencedirect.com/science/article/pii/S0092867419312826?via%3Dihub,https://data.mendeley.com/datasets/mbvhhf8m62/2,,CC-BY-NC-SA-4.0,CC BY 4.0,provider_label_retained_not_individual_legal_clearance,Homo sapiens,Spatial Transcriptomics,Heart,True,dbb815f9c2094975ab3d53bba5c5b749944010492f2200e7cf83f802c3d3c21e
SPA38,MahmoodLab/hest,MahmoodLab/hest:st/SPA38.h5ad,8b42ca7f80bc475644ac9a520bba7b9cccbce10d,local Hugging Face download receipt,st/SPA38.h5ad,https://huggingface.co/datasets/MahmoodLab/hest/resolve/8b42ca7f80bc475644ac9a520bba7b9cccbce10d/st/SPA38.h5ad,c9f0dad9f52188c9f14dfb62e676b19417cf19e44a5c599a34a748525ade8cd4,c9f0dad9f52188c9f14dfb62e676b19417cf19e44a5c599a34a748525ade8cd4,True,,,not_explicit_in_available_metadata,https://www.sciencedirect.com/science/article/pii/S0092867419312826?via%3Dihub,https://data.mendeley.com/datasets/mbvhhf8m62/2,,CC-BY-NC-SA-4.0,CC BY 4.0,provider_label_retained_not_individual_legal_clearance,Homo sapiens,Spatial Transcriptomics,Heart,True,e63a983b91ee466c03b6e94b6f9bf25945fbc6573753740644c2f9a9307f7dcb
SPA39,MahmoodLab/hest,MahmoodLab/hest:st/SPA39.h5ad,8b42ca7f80bc475644ac9a520bba7b9cccbce10d,local Hugging Face download receipt,st/SPA39.h5ad,https://huggingface.co/datasets/MahmoodLab/hest/resolve/8b42ca7f80bc475644ac9a520bba7b9cccbce10d/st/SPA39.h5ad,a400efafad51d27421b732f98659c42364d268aea1fdd56bd2107d0e5e52d786,a400efafad51d27421b732f98659c42364d268aea1fdd56bd2107d0e5e52d786,True,,,not_explicit_in_available_metadata,https://www.sciencedirect.com/science/article/pii/S0092867419312826?via%3Dihub,https://data.mendeley.com/datasets/mbvhhf8m62/2,,CC-BY-NC-SA-4.0,CC BY 4.0,provider_label_retained_not_individual_legal_clearance,Homo sapiens,Spatial Transcriptomics,Heart,True,42d42f276411ba1e019f460483a38f9d777ed24c906214b733c8545a43f05232
SPA4,MahmoodLab/hest,MahmoodLab/hest:st/SPA4.h5ad,8b42ca7f80bc475644ac9a520bba7b9cccbce10d,local Hugging Face download receipt,st/SPA4.h5ad,https://huggingface.co/datasets/MahmoodLab/hest/resolve/8b42ca7f80bc475644ac9a520bba7b9cccbce10d/st/SPA4.h5ad,d2a0a0fc34099104aba62e22510051865e561d296d0f09c1b400ca4f851f9c7d,d2a0a0fc34099104aba62e22510051865e561d296d0f09c1b400ca4f851f9c7d,True,,,not_explicit_in_available_metadata,https://pubmed.ncbi.nlm.nih.gov/27365449/,https://www.spatialresearch.org/resources-published-datasets/doi-10-1126science-aaf2403/,,CC-BY-NC-SA-4.0,,original_label_requires_clarification,Mus musculus,Spatial Transcriptomics,Brain,True,77d31457d222026400bec8c20f02c07902d9ccae19ba9df1c2856249641ea1e1
SPA40,MahmoodLab/hest,MahmoodLab/hest:st/SPA40.h5ad,8b42ca7f80bc475644ac9a520bba7b9cccbce10d,local Hugging Face download receipt,st/SPA40.h5ad,https://huggingface.co/datasets/MahmoodLab/hest/resolve/8b42ca7f80bc475644ac9a520bba7b9cccbce10d/st/SPA40.h5ad,49496010a20625909f5e0040d666dbc839ba2cdabf47e8e3623431a6a2d69e53,49496010a20625909f5e0040d666dbc839ba2cdabf47e8e3623431a6a2d69e53,True,,,not_explicit_in_available_metadata,https://www.sciencedirect.com/science/article/pii/S0092867419312826?via%3Dihub,https://data.mendeley.com/datasets/mbvhhf8m62/2,,CC-BY-NC-SA-4.0,CC BY 4.0,provider_label_retained_not_individual_legal_clearance,Homo sapiens,Spatial Transcriptomics,Heart,True,325e7e87c2a8cbb2af05aaa7e0da9c3ff02e222458abd412bb7016aa0dd7a79d
SPA41,MahmoodLab/hest,MahmoodLab/hest:st/SPA41.h5ad,8b42ca7f80bc475644ac9a520bba7b9cccbce10d,local Hugging Face download receipt,st/SPA41.h5ad,https://huggingface.co/datasets/MahmoodLab/hest/resolve/8b42ca7f80bc475644ac9a520bba7b9cccbce10d/st/SPA41.h5ad,29ec24f06120b1b873de341c67473a8c5c6cc248f0324a68cd5980609180ff8f,29ec24f06120b1b873de341c67473a8c5c6cc248f0324a68cd5980609180ff8f,True,,,not_explicit_in_available_metadata,https://www.sciencedirect.com/science/article/pii/S0092867419312826?via%3Dihub,https://data.mendeley.com/datasets/mbvhhf8m62/2,,CC-BY-NC-SA-4.0,CC BY 4.0,provider_label_retained_not_individual_legal_clearance,Homo sapiens,Spatial Transcriptomics,Heart,True,608210aca4888c7f649fe502c220707d3b10891938468f97e436b8d139665db1
SPA42,MahmoodLab/hest,MahmoodLab/hest:st/SPA42.h5ad,8b42ca7f80bc475644ac9a520bba7b9cccbce10d,local Hugging Face download receipt,st/SPA42.h5ad,https://huggingface.co/datasets/MahmoodLab/hest/resolve/8b42ca7f80bc475644ac9a520bba7b9cccbce10d/st/SPA42.h5ad,97c4df5c386b7238f143127ef2c2003ea82ace9925614afb42e7a41d4eea89de,97c4df5c386b7238f143127ef2c2003ea82ace9925614afb42e7a41d4eea89de,True,,,not_explicit_in_available_metadata,https://www.sciencedirect.com/science/article/pii/S0092867419312826?via%3Dihub,https://data.mendeley.com/datasets/mbvhhf8m62/2,,CC-BY-NC-SA-4.0,CC BY 4.0,provider_label_retained_not_individual_legal_clearance,Homo sapiens,Spatial Transcriptomics,Heart,True,a82b5b3b887da03be9725bb97760bdef807f05c3cf5bbd783caea806fffac087
SPA43,MahmoodLab/hest,MahmoodLab/hest:st/SPA43.h5ad,8b42ca7f80bc475644ac9a520bba7b9cccbce10d,local Hugging Face download receipt,st/SPA43.h5ad,https://huggingface.co/datasets/MahmoodLab/hest/resolve/8b42ca7f80bc475644ac9a520bba7b9cccbce10d/st/SPA43.h5ad,30447c82ae02be3dc36ba1d64f7dd9794b3ca35ea765b7b8224fc25e72c29314,30447c82ae02be3dc36ba1d64f7dd9794b3ca35ea765b7b8224fc25e72c29314,True,,,not_explicit_in_available_metadata,https://www.sciencedirect.com/science/article/pii/S0092867419312826?via%3Dihub,https://data.mendeley.com/datasets/mbvhhf8m62/2,,CC-BY-NC-SA-4.0,CC BY 4.0,provider_label_retained_not_individual_legal_clearance,Homo sapiens,Spatial Transcriptomics,Heart,True,08afe75d5544e7823f6b261dd4f07576ce3867ceb646631b6f84df79549ea75a
SPA44,MahmoodLab/hest,MahmoodLab/hest:st/SPA44.h5ad,8b42ca7f80bc475644ac9a520bba7b9cccbce10d,local Hugging Face download receipt,st/SPA44.h5ad,https://huggingface.co/datasets/MahmoodLab/hest/resolve/8b42ca7f80bc475644ac9a520bba7b9cccbce10d/st/SPA44.h5ad,1f5fb47ec47adbdad4a8f7545f5836cae3021cba3b8407cacaf0b2e0f71762f5,1f5fb47ec47adbdad4a8f7545f5836cae3021cba3b8407cacaf0b2e0f71762f5,True,,,not_explicit_in_available_metadata,https://www.sciencedirect.com/science/article/pii/S0092867419312826?via%3Dihub,https://data.mendeley.com/datasets/mbvhhf8m62/2,,CC-BY-NC-SA-4.0,CC BY 4.0,provider_label_retained_not_individual_legal_clearance,Homo sapiens,Spatial Transcriptomics,Heart,True,bf0df53bc27420a02a98d0a3687dd1b87f1002515df9296cd8157576fb6b537f
SPA45,MahmoodLab/hest,MahmoodLab/hest:st/SPA45.h5ad,8b42ca7f80bc475644ac9a520bba7b9cccbce10d,local Hugging Face download receipt,st/SPA45.h5ad,https://huggingface.co/datasets/MahmoodLab/hest/resolve/8b42ca7f80bc475644ac9a520bba7b9cccbce10d/st/SPA45.h5ad,0ae12bc860a6105e4be92041872f677ac551c2a070b62bf0f0fd1d9c6d193404,0ae12bc860a6105e4be92041872f677ac551c2a070b62bf0f0fd1d9c6d193404,True,,,not_explicit_in_available_metadata,https://www.sciencedirect.com/science/article/pii/S0092867419312826?via%3Dihub,https://data.mendeley.com/datasets/mbvhhf8m62/2,,CC-BY-NC-SA-4.0,CC BY 4.0,provider_label_retained_not_individual_legal_clearance,Homo sapiens,Spatial Transcriptomics,Heart,True,5000069b338ba080ec8ff6dda8e1302190ac47ece9d6bc1d0ea3870a10d25b98
SPA46,MahmoodLab/hest,MahmoodLab/hest:st/SPA46.h5ad,8b42ca7f80bc475644ac9a520bba7b9cccbce10d,local Hugging Face download receipt,st/SPA46.h5ad,https://huggingface.co/datasets/MahmoodLab/hest/resolve/8b42ca7f80bc475644ac9a520bba7b9cccbce10d/st/SPA46.h5ad,ba274cc68da2f02cf7e15efff470d62485002645c506dcae0dd6bf037797892d,ba274cc68da2f02cf7e15efff470d62485002645c506dcae0dd6bf037797892d,True,,,not_explicit_in_available_metadata,https://www.sciencedirect.com/science/article/pii/S0092867419312826?via%3Dihub,https://data.mendeley.com/datasets/mbvhhf8m62/2,,CC-BY-NC-SA-4.0,CC BY 4.0,provider_label_retained_not_individual_legal_clearance,Homo sapiens,Spatial Transcriptomics,Heart,True,831cd3570b7c9b2b65e497a80b4c98839256b50cad53c395d21fe5b2ba231154
SPA47,MahmoodLab/hest,MahmoodLab/hest:st/SPA47.h5ad,8b42ca7f80bc475644ac9a520bba7b9cccbce10d,local Hugging Face download receipt,st/SPA47.h5ad,https://huggingface.co/datasets/MahmoodLab/hest/resolve/8b42ca7f80bc475644ac9a520bba7b9cccbce10d/st/SPA47.h5ad,43b06331157f6714022dd2ae03c94de20f26f553ee78a883372c40dd97fc3c30,43b06331157f6714022dd2ae03c94de20f26f553ee78a883372c40dd97fc3c30,True,,,not_explicit_in_available_metadata,https://www.sciencedirect.com/science/article/pii/S0092867419312826?via%3Dihub,https://data.mendeley.com/datasets/mbvhhf8m62/2,,CC-BY-NC-SA-4.0,CC BY 4.0,provider_label_retained_not_individual_legal_clearance,Homo sapiens,Spatial Transcriptomics,Heart,True,b9a3d57b3f8ad6ed78938e6cfd391a0b83274d803ffc033fd10fc1585801c651
SPA48,MahmoodLab/hest,MahmoodLab/hest:st/SPA48.h5ad,8b42ca7f80bc475644ac9a520bba7b9cccbce10d,local Hugging Face download receipt,st/SPA48.h5ad,https://huggingface.co/datasets/MahmoodLab/hest/resolve/8b42ca7f80bc475644ac9a520bba7b9cccbce10d/st/SPA48.h5ad,56c7c889ed07ea9a217b2d93c2ad316948ac08b81530530c304ebb7961d565f6,56c7c889ed07ea9a217b2d93c2ad316948ac08b81530530c304ebb7961d565f6,True,,,not_explicit_in_available_metadata,https://www.sciencedirect.com/science/article/pii/S0092867419312826?via%3Dihub,https://data.mendeley.com/datasets/mbvhhf8m62/2,,CC-BY-NC-SA-4.0,CC BY 4.0,provider_label_retained_not_individual_legal_clearance,Homo sapiens,Spatial Transcriptomics,Heart,True,4a9374b09b8062bcabfcc21b02095701c029d892df4e02e3eafb672334ab2b64
SPA5,MahmoodLab/hest,MahmoodLab/hest:st/SPA5.h5ad,8b42ca7f80bc475644ac9a520bba7b9cccbce10d,local Hugging Face download receipt,st/SPA5.h5ad,https://huggingface.co/datasets/MahmoodLab/hest/resolve/8b42ca7f80bc475644ac9a520bba7b9cccbce10d/st/SPA5.h5ad,4a878592402b4d9317f842cd072062a94e96ddc4953cbe7963f1ca0c0d9b8e9e,4a878592402b4d9317f842cd072062a94e96ddc4953cbe7963f1ca0c0d9b8e9e,True,,,not_explicit_in_available_metadata,https://pubmed.ncbi.nlm.nih.gov/27365449/,https://www.spatialresearch.org/resources-published-datasets/doi-10-1126science-aaf2403/,,CC-BY-NC-SA-4.0,,original_label_requires_clarification,Mus musculus,Spatial Transcriptomics,Brain,True,440d362261570e81a09a9cda4388e4a777dc365a9a94b39fabb11d8970d96f7d
SPA51,MahmoodLab/hest,MahmoodLab/hest:st/SPA51.h5ad,8b42ca7f80bc475644ac9a520bba7b9cccbce10d,local Hugging Face download receipt,st/SPA51.h5ad,https://huggingface.co/datasets/MahmoodLab/hest/resolve/8b42ca7f80bc475644ac9a520bba7b9cccbce10d/st/SPA51.h5ad,19179b87d1aad844c9ee25cc8659b310b3e0525e88e3e49ccc71ab4b56a6db40,19179b87d1aad844c9ee25cc8659b310b3e0525e88e3e49ccc71ab4b56a6db40,True,,,not_explicit_in_available_metadata,https://www.science.org/doi/10.1126/science.aaf2403,https://data.mendeley.com/datasets/29ntw7sh4r/5,10.1126/science.aaf2403,CC-BY-NC-SA-4.0,CC BY 4.0,provider_label_retained_not_individual_legal_clearance,Homo sapiens,Spatial Transcriptomics,Breast,True,a3ce9350bd369d5572972f481ed5e725a0a84840df83821f2eacffd6b259ef83
SPA52,MahmoodLab/hest,MahmoodLab/hest:st/SPA52.h5ad,8b42ca7f80bc475644ac9a520bba7b9cccbce10d,local Hugging Face download receipt,st/SPA52.h5ad,https://huggingface.co/datasets/MahmoodLab/hest/resolve/8b42ca7f80bc475644ac9a520bba7b9cccbce10d/st/SPA52.h5ad,f197ff7bc53729a24f5d0e1239fe22ebcc457e97e53ff7c4c18784366d4dcd1b,f197ff7bc53729a24f5d0e1239fe22ebcc457e97e53ff7c4c18784366d4dcd1b,True,,,not_explicit_in_available_metadata,https://www.science.org/doi/10.1126/science.aaf2403,https://data.mendeley.com/datasets/29ntw7sh4r/5,10.1126/science.aaf2403,CC-BY-NC-SA-4.0,CC BY 4.0,provider_label_retained_not_individual_legal_clearance,Homo sapiens,Spatial Transcriptomics,Breast,True,fd77d84bde00e25b658cbc7d6dc7e0df81038c6212ed2fcf3871fc01e6c601b3
SPA53,MahmoodLab/hest,MahmoodLab/hest:st/SPA53.h5ad,8b42ca7f80bc475644ac9a520bba7b9cccbce10d,local Hugging Face download receipt,st/SPA53.h5ad,https://huggingface.co/datasets/MahmoodLab/hest/resolve/8b42ca7f80bc475644ac9a520bba7b9cccbce10d/st/SPA53.h5ad,4d2bd0a1ffdff5ef6b984c08b434ada290239d2cccb3dc0fa45f11f5e06e575b,4d2bd0a1ffdff5ef6b984c08b434ada290239d2cccb3dc0fa45f11f5e06e575b,True,,,not_explicit_in_available_metadata,https://www.science.org/doi/10.1126/science.aaf2403,https://data.mendeley.com/datasets/29ntw7sh4r/5,10.1126/science.aaf2403,CC-BY-NC-SA-4.0,CC BY 4.0,provider_label_retained_not_individual_legal_clearance,Homo sapiens,Spatial Transcriptomics,Breast,True,e43ff3b64fc3859563465d894d6580900cab99dcf3def9eb3e77d3b725598af3
SPA55,MahmoodLab/hest,MahmoodLab/hest:st/SPA55.h5ad,8b42ca7f80bc475644ac9a520bba7b9cccbce10d,local Hugging Face download receipt,st/SPA55.h5ad,https://huggingface.co/datasets/MahmoodLab/hest/resolve/8b42ca7f80bc475644ac9a520bba7b9cccbce10d/st/SPA55.h5ad,f987950c1bc6a8a936d34c8688f462d0ece75b2219a02a370ce6d238e1956652,f987950c1bc6a8a936d34c8688f462d0ece75b2219a02a370ce6d238e1956652,True,,,not_explicit_in_available_metadata,https://www.science.org/doi/10.1126/science.aaf2403,https://data.mendeley.com/datasets/29ntw7sh4r/5,10.1126/science.aaf2403,CC-BY-NC-SA-4.0,CC BY 4.0,provider_label_retained_not_individual_legal_clearance,Homo sapiens,Spatial Transcriptomics,Breast,True,5fa5e3ee61a098ef233292d997687185b9591f7bc71a8bf665d254063c5f554e
SPA56,MahmoodLab/hest,MahmoodLab/hest:st/SPA56.h5ad,8b42ca7f80bc475644ac9a520bba7b9cccbce10d,local Hugging Face download receipt,st/SPA56.h5ad,https://huggingface.co/datasets/MahmoodLab/hest/resolve/8b42ca7f80bc475644ac9a520bba7b9cccbce10d/st/SPA56.h5ad,f772c90fc4d4fccabcb69e5de597d3671c783aa34667bf44709724c861809b30,f772c90fc4d4fccabcb69e5de597d3671c783aa34667bf44709724c861809b30,True,,,not_explicit_in_available_metadata,https://www.science.org/doi/10.1126/science.aaf2403,https://data.mendeley.com/datasets/29ntw7sh4r/5,10.1126/science.aaf2403,CC-BY-NC-SA-4.0,CC BY 4.0,provider_label_retained_not_individual_legal_clearance,Homo sapiens,Spatial Transcriptomics,Breast,True,2bbe65297160f27ac6f02a8bfee314b93721c4a38925c64e5417b38f74141e87
SPA57,MahmoodLab/hest,MahmoodLab/hest:st/SPA57.h5ad,8b42ca7f80bc475644ac9a520bba7b9cccbce10d,local Hugging Face download receipt,st/SPA57.h5ad,https://huggingface.co/datasets/MahmoodLab/hest/resolve/8b42ca7f80bc475644ac9a520bba7b9cccbce10d/st/SPA57.h5ad,8ccc6d2f851bcbb2004fcc060a67333943f4a331393713eb5eadc64fbb19ec5b,8ccc6d2f851bcbb2004fcc060a67333943f4a331393713eb5eadc64fbb19ec5b,True,,,not_explicit_in_available_metadata,https://www.science.org/doi/10.1126/science.aaf2403,https://data.mendeley.com/datasets/29ntw7sh4r/5,10.1126/science.aaf2403,CC-BY-NC-SA-4.0,CC BY 4.0,provider_label_retained_not_individual_legal_clearance,Homo sapiens,Spatial Transcriptomics,Breast,True,b0ff169c39267e3190a5e55911a1637dd846582028ea25f026e3566e2b93100c
SPA58,MahmoodLab/hest,MahmoodLab/hest:st/SPA58.h5ad,8b42ca7f80bc475644ac9a520bba7b9cccbce10d,local Hugging Face download receipt,st/SPA58.h5ad,https://huggingface.co/datasets/MahmoodLab/hest/resolve/8b42ca7f80bc475644ac9a520bba7b9cccbce10d/st/SPA58.h5ad,d74cb550e659857f601ec4c7e86725e7f97eff3fdc625fb25088f446014dee8f,d74cb550e659857f601ec4c7e86725e7f97eff3fdc625fb25088f446014dee8f,True,,,not_explicit_in_available_metadata,https://www.science.org/doi/10.1126/science.aaf2403,https://data.mendeley.com/datasets/29ntw7sh4r/5,10.1126/science.aaf2403,CC-BY-NC-SA-4.0,CC BY 4.0,provider_label_retained_not_individual_legal_clearance,Homo sapiens,Spatial Transcriptomics,Breast,True,a01f22f4e4c1ebde018a5db91a06b13140c1d90484c427fa44ce3d9bd39eab68
SPA59,MahmoodLab/hest,MahmoodLab/hest:st/SPA59.h5ad,8b42ca7f80bc475644ac9a520bba7b9cccbce10d,local Hugging Face download receipt,st/SPA59.h5ad,https://huggingface.co/datasets/MahmoodLab/hest/resolve/8b42ca7f80bc475644ac9a520bba7b9cccbce10d/st/SPA59.h5ad,a87a3ddb605d15e56ffb6631c16cb60fd85922ce86c194889b58d72597bd64b6,a87a3ddb605d15e56ffb6631c16cb60fd85922ce86c194889b58d72597bd64b6,True,,,not_explicit_in_available_metadata,https://www.science.org/doi/10.1126/science.aaf2403,https://data.mendeley.com/datasets/29ntw7sh4r/5,10.1126/science.aaf2403,CC-BY-NC-SA-4.0,CC BY 4.0,provider_label_retained_not_individual_legal_clearance,Homo sapiens,Spatial Transcriptomics,Breast,True,af5d44f659e25e5e649830f64ccb7f14554b4f5f4bbc1f47e94a8dcf0cbea33b
SPA6,MahmoodLab/hest,MahmoodLab/hest:st/SPA6.h5ad,8b42ca7f80bc475644ac9a520bba7b9cccbce10d,local Hugging Face download receipt,st/SPA6.h5ad,https://huggingface.co/datasets/MahmoodLab/hest/resolve/8b42ca7f80bc475644ac9a520bba7b9cccbce10d/st/SPA6.h5ad,7acfb7997ddb8ed3bc2a13731622204866d62ea50b7c91bd4ea7a64567d8464a,7acfb7997ddb8ed3bc2a13731622204866d62ea50b7c91bd4ea7a64567d8464a,True,,,not_explicit_in_available_metadata,https://pubmed.ncbi.nlm.nih.gov/27365449/,https://www.spatialresearch.org/resources-published-datasets/doi-10-1126science-aaf2403/,,CC-BY-NC-SA-4.0,,original_label_requires_clarification,Mus musculus,Spatial Transcriptomics,Brain,True,9251de41db963d60cbed7965fc522c137bf8be8906b5d37661eb6f8542b0cf24
SPA60,MahmoodLab/hest,MahmoodLab/hest:st/SPA60.h5ad,8b42ca7f80bc475644ac9a520bba7b9cccbce10d,local Hugging Face download receipt,st/SPA60.h5ad,https://huggingface.co/datasets/MahmoodLab/hest/resolve/8b42ca7f80bc475644ac9a520bba7b9cccbce10d/st/SPA60.h5ad,1cdc20178eb93b32b276097af1955f2633b122ebb5844c984e4cb272a621a8f8,1cdc20178eb93b32b276097af1955f2633b122ebb5844c984e4cb272a621a8f8,True,,,not_explicit_in_available_metadata,https://www.science.org/doi/10.1126/science.aaf2403,https://data.mendeley.com/datasets/29ntw7sh4r/5,10.1126/science.aaf2403,CC-BY-NC-SA-4.0,CC BY 4.0,provider_label_retained_not_individual_legal_clearance,Homo sapiens,Spatial Transcriptomics,Breast,True,e70585a663c812e9c5cebf5671db010483c10ba0e9905076c75ff72ba239556e
SPA62,MahmoodLab/hest,MahmoodLab/hest:st/SPA62.h5ad,8b42ca7f80bc475644ac9a520bba7b9cccbce10d,local Hugging Face download receipt,st/SPA62.h5ad,https://huggingface.co/datasets/MahmoodLab/hest/resolve/8b42ca7f80bc475644ac9a520bba7b9cccbce10d/st/SPA62.h5ad,8046eb2f2c60dd3a8945d2dce834c2cc7e2ee9af67962316ac50421d1e87a1f0,8046eb2f2c60dd3a8945d2dce834c2cc7e2ee9af67962316ac50421d1e87a1f0,True,,,not_explicit_in_available_metadata,https://www.science.org/doi/10.1126/science.aaf2403,https://data.mendeley.com/datasets/29ntw7sh4r/5,10.1126/science.aaf2403,CC-BY-NC-SA-4.0,CC BY 4.0,provider_label_retained_not_individual_legal_clearance,Homo sapiens,Spatial Transcriptomics,Breast,True,b1403e2f66314858dd37cda93e6f889012c3d32044d2573766279332b8c5c590
SPA63,MahmoodLab/hest,MahmoodLab/hest:st/SPA63.h5ad,8b42ca7f80bc475644ac9a520bba7b9cccbce10d,local Hugging Face download receipt,st/SPA63.h5ad,https://huggingface.co/datasets/MahmoodLab/hest/resolve/8b42ca7f80bc475644ac9a520bba7b9cccbce10d/st/SPA63.h5ad,c766aabccb08c5cb78703527631b322b76afe011828736b1d123747785ff8224,c766aabccb08c5cb78703527631b322b76afe011828736b1d123747785ff8224,True,,,not_explicit_in_available_metadata,https://www.science.org/doi/10.1126/science.aaf2403,https://data.mendeley.com/datasets/29ntw7sh4r/5,10.1126/science.aaf2403,CC-BY-NC-SA-4.0,CC BY 4.0,provider_label_retained_not_individual_legal_clearance,Homo sapiens,Spatial Transcriptomics,Breast,True,60ecc3cecd676aad833004c406289f306530c805184b13b1e64671d25eafc663
SPA64,MahmoodLab/hest,MahmoodLab/hest:st/SPA64.h5ad,8b42ca7f80bc475644ac9a520bba7b9cccbce10d,local Hugging Face download receipt,st/SPA64.h5ad,https://huggingface.co/datasets/MahmoodLab/hest/resolve/8b42ca7f80bc475644ac9a520bba7b9cccbce10d/st/SPA64.h5ad,0fa3791b464aa51d2a2b7da1db2af1d21a8d1ef4e75599471d43f92f3ba87038,0fa3791b464aa51d2a2b7da1db2af1d21a8d1ef4e75599471d43f92f3ba87038,True,,,not_explicit_in_available_metadata,https://www.science.org/doi/10.1126/science.aaf2403,https://data.mendeley.com/datasets/29ntw7sh4r/5,10.1126/science.aaf2403,CC-BY-NC-SA-4.0,CC BY 4.0,provider_label_retained_not_individual_legal_clearance,Homo sapiens,Spatial Transcriptomics,Breast,True,a0f776167f836da5997861cdfe473b12d4e8f7ff6b65eee53bbf691b831d27d5
SPA65,MahmoodLab/hest,MahmoodLab/hest:st/SPA65.h5ad,8b42ca7f80bc475644ac9a520bba7b9cccbce10d,local Hugging Face download receipt,st/SPA65.h5ad,https://huggingface.co/datasets/MahmoodLab/hest/resolve/8b42ca7f80bc475644ac9a520bba7b9cccbce10d/st/SPA65.h5ad,aed1310e4f4c4748e604d873aa9a0426322ed4ca7aa30465957a216309ef580b,aed1310e4f4c4748e604d873aa9a0426322ed4ca7aa30465957a216309ef580b,True,,,not_explicit_in_available_metadata,https://www.science.org/doi/10.1126/science.aaf2403,https://data.mendeley.com/datasets/29ntw7sh4r/5,10.1126/science.aaf2403,CC-BY-NC-SA-4.0,CC BY 4.0,provider_label_retained_not_individual_legal_clearance,Homo sapiens,Spatial Transcriptomics,Breast,True,dfba692102e70962d08d78c7ec972e61c8af270edf7fdf22e4010d9dacb4ce6d
SPA66,MahmoodLab/hest,MahmoodLab/hest:st/SPA66.h5ad,8b42ca7f80bc475644ac9a520bba7b9cccbce10d,local Hugging Face download receipt,st/SPA66.h5ad,https://huggingface.co/datasets/MahmoodLab/hest/resolve/8b42ca7f80bc475644ac9a520bba7b9cccbce10d/st/SPA66.h5ad,053a6a05ac469ba424c8b89cba42dfc5418fda8cf35dbbcfb321e052552bcf54,053a6a05ac469ba424c8b89cba42dfc5418fda8cf35dbbcfb321e052552bcf54,True,,,not_explicit_in_available_metadata,https://www.science.org/doi/10.1126/science.aaf2403,https://data.mendeley.com/datasets/29ntw7sh4r/5,10.1126/science.aaf2403,CC-BY-NC-SA-4.0,CC BY 4.0,provider_label_retained_not_individual_legal_clearance,Homo sapiens,Spatial Transcriptomics,Breast,True,0b374baef2755a093931ad0416e2ade95ab7acd9f5567cd97df66a21190f1127
SPA67,MahmoodLab/hest,MahmoodLab/hest:st/SPA67.h5ad,8b42ca7f80bc475644ac9a520bba7b9cccbce10d,local Hugging Face download receipt,st/SPA67.h5ad,https://huggingface.co/datasets/MahmoodLab/hest/resolve/8b42ca7f80bc475644ac9a520bba7b9cccbce10d/st/SPA67.h5ad,70356b964dad40f203f8ee06dc32771475ad110e7bc35108e0f20df8bce38cef,70356b964dad40f203f8ee06dc32771475ad110e7bc35108e0f20df8bce38cef,True,,,not_explicit_in_available_metadata,https://www.science.org/doi/10.1126/science.aaf2403,https://data.mendeley.com/datasets/29ntw7sh4r/5,10.1126/science.aaf2403,CC-BY-NC-SA-4.0,CC BY 4.0,provider_label_retained_not_individual_legal_clearance,Homo sapiens,Spatial Transcriptomics,Breast,True,103f44ab60b9fc881c1a71dba794fbf59fa54ef799c069597684685c36bc6660
SPA68,MahmoodLab/hest,MahmoodLab/hest:st/SPA68.h5ad,8b42ca7f80bc475644ac9a520bba7b9cccbce10d,local Hugging Face download receipt,st/SPA68.h5ad,https://huggingface.co/datasets/MahmoodLab/hest/resolve/8b42ca7f80bc475644ac9a520bba7b9cccbce10d/st/SPA68.h5ad,97147579d188a7f4de8c8670a12c2803d0825beecb30f43b1bc4aa0d70d8eaf1,97147579d188a7f4de8c8670a12c2803d0825beecb30f43b1bc4aa0d70d8eaf1,True,,,not_explicit_in_available_metadata,https://www.science.org/doi/10.1126/science.aaf2403,https://data.mendeley.com/datasets/29ntw7sh4r/5,10.1126/science.aaf2403,CC-BY-NC-SA-4.0,CC BY 4.0,provider_label_retained_not_individual_legal_clearance,Homo sapiens,Spatial Transcriptomics,Breast,True,efb219af79c5140fbcc7158005d57551a27d261734d50543bdd88c6a76c15852
SPA69,MahmoodLab/hest,MahmoodLab/hest:st/SPA69.h5ad,8b42ca7f80bc475644ac9a520bba7b9cccbce10d,local Hugging Face download receipt,st/SPA69.h5ad,https://huggingface.co/datasets/MahmoodLab/hest/resolve/8b42ca7f80bc475644ac9a520bba7b9cccbce10d/st/SPA69.h5ad,0f71fd27a8a44aa7521e8e22b4ff97e5e42250f2723a5909d5cead9929eb3d35,0f71fd27a8a44aa7521e8e22b4ff97e5e42250f2723a5909d5cead9929eb3d35,True,,,not_explicit_in_available_metadata,https://www.science.org/doi/10.1126/science.aaf2403,https://data.mendeley.com/datasets/29ntw7sh4r/5,10.1126/science.aaf2403,CC-BY-NC-SA-4.0,CC BY 4.0,provider_label_retained_not_individual_legal_clearance,Homo sapiens,Spatial Transcriptomics,Breast,True,d355f67867ab56ab13e3a2e4b8680c7e56811918ecb9dba0b7a71ae40d672dca
SPA7,MahmoodLab/hest,MahmoodLab/hest:st/SPA7.h5ad,8b42ca7f80bc475644ac9a520bba7b9cccbce10d,local Hugging Face download receipt,st/SPA7.h5ad,https://huggingface.co/datasets/MahmoodLab/hest/resolve/8b42ca7f80bc475644ac9a520bba7b9cccbce10d/st/SPA7.h5ad,115867758b419450a64d4a9c26caeb4522a57f8bb143ac0920f3e74ac1be58aa,115867758b419450a64d4a9c26caeb4522a57f8bb143ac0920f3e74ac1be58aa,True,,,not_explicit_in_available_metadata,https://pubmed.ncbi.nlm.nih.gov/27365449/,https://www.spatialresearch.org/resources-published-datasets/doi-10-1126science-aaf2403/,,CC-BY-NC-SA-4.0,,original_label_requires_clarification,Mus musculus,Spatial Transcriptomics,Brain,True,da6b140bd2a3602b323b2d1e06e8d14291a1436600ed858cfc3a6f52fdde0cfd
SPA70,MahmoodLab/hest,MahmoodLab/hest:st/SPA70.h5ad,8b42ca7f80bc475644ac9a520bba7b9cccbce10d,local Hugging Face download receipt,st/SPA70.h5ad,https://huggingface.co/datasets/MahmoodLab/hest/resolve/8b42ca7f80bc475644ac9a520bba7b9cccbce10d/st/SPA70.h5ad,b9ce30939e0e951d8434ab85616b10b520ae50a007914b29dae989e43fe80b3d,b9ce30939e0e951d8434ab85616b10b520ae50a007914b29dae989e43fe80b3d,True,,,not_explicit_in_available_metadata,https://www.science.org/doi/10.1126/science.aaf2403,https://data.mendeley.com/datasets/29ntw7sh4r/5,10.1126/science.aaf2403,CC-BY-NC-SA-4.0,CC BY 4.0,provider_label_retained_not_individual_legal_clearance,Homo sapiens,Spatial Transcriptomics,Breast,True,fa11be3629e9c613414ecbf3853d7c58f2cd083822538daf72dd68fb2a596f8f
SPA71,MahmoodLab/hest,MahmoodLab/hest:st/SPA71.h5ad,8b42ca7f80bc475644ac9a520bba7b9cccbce10d,local Hugging Face download receipt,st/SPA71.h5ad,https://huggingface.co/datasets/MahmoodLab/hest/resolve/8b42ca7f80bc475644ac9a520bba7b9cccbce10d/st/SPA71.h5ad,c87cb7b19def9097e5e7f17d22ec715489e4768025965af1ec6c1c25febed339,c87cb7b19def9097e5e7f17d22ec715489e4768025965af1ec6c1c25febed339,True,,,not_explicit_in_available_metadata,https://www.science.org/doi/10.1126/science.aaf2403,https://data.mendeley.com/datasets/29ntw7sh4r/5,10.1126/science.aaf2403,CC-BY-NC-SA-4.0,CC BY 4.0,provider_label_retained_not_individual_legal_clearance,Homo sapiens,Spatial Transcriptomics,Breast,True,10872ec4e665332c1b3e44c074185a865ac39aec65e6a77dde4587b90db1ae2b
SPA72,MahmoodLab/hest,MahmoodLab/hest:st/SPA72.h5ad,8b42ca7f80bc475644ac9a520bba7b9cccbce10d,local Hugging Face download receipt,st/SPA72.h5ad,https://huggingface.co/datasets/MahmoodLab/hest/resolve/8b42ca7f80bc475644ac9a520bba7b9cccbce10d/st/SPA72.h5ad,9b6a81ce0598d5169f828cf68c7fbb4b10178fc29fc5b1c4939391f6daea2871,9b6a81ce0598d5169f828cf68c7fbb4b10178fc29fc5b1c4939391f6daea2871,True,,,not_explicit_in_available_metadata,https://www.science.org/doi/10.1126/science.aaf2403,https://data.mendeley.com/datasets/29ntw7sh4r/5,10.1126/science.aaf2403,CC-BY-NC-SA-4.0,CC BY 4.0,provider_label_retained_not_individual_legal_clearance,Homo sapiens,Spatial Transcriptomics,Breast,True,3248b3855f6d20655d7109b3acaea7ffca21a4e8f798586208e2c9100f567987
SPA73,MahmoodLab/hest,MahmoodLab/hest:st/SPA73.h5ad,8b42ca7f80bc475644ac9a520bba7b9cccbce10d,local Hugging Face download receipt,st/SPA73.h5ad,https://huggingface.co/datasets/MahmoodLab/hest/resolve/8b42ca7f80bc475644ac9a520bba7b9cccbce10d/st/SPA73.h5ad,c8cfaa8f5cc01712aeafb9fab9de0f89bedb0ddd3da9bbd8e7fa32ce40cda546,c8cfaa8f5cc01712aeafb9fab9de0f89bedb0ddd3da9bbd8e7fa32ce40cda546,True,,,not_explicit_in_available_metadata,https://www.science.org/doi/10.1126/science.aaf2403,https://data.mendeley.com/datasets/29ntw7sh4r/5,10.1126/science.aaf2403,CC-BY-NC-SA-4.0,CC BY 4.0,provider_label_retained_not_individual_legal_clearance,Homo sapiens,Spatial Transcriptomics,Breast,True,a686faeea9c0b9d7c4fa92f4072039b55e0db35b693957d6b4517413269451be
SPA74,MahmoodLab/hest,MahmoodLab/hest:st/SPA74.h5ad,8b42ca7f80bc475644ac9a520bba7b9cccbce10d,local Hugging Face download receipt,st/SPA74.h5ad,https://huggingface.co/datasets/MahmoodLab/hest/resolve/8b42ca7f80bc475644ac9a520bba7b9cccbce10d/st/SPA74.h5ad,b8ad098755407f38926f07bbe3bdf18e2bcffa2a3d76cf53fdb9c43346915f9e,b8ad098755407f38926f07bbe3bdf18e2bcffa2a3d76cf53fdb9c43346915f9e,True,,,not_explicit_in_available_metadata,https://www.science.org/doi/10.1126/science.aaf2403,https://data.mendeley.com/datasets/29ntw7sh4r/5,10.1126/science.aaf2403,CC-BY-NC-SA-4.0,CC BY 4.0,provider_label_retained_not_individual_legal_clearance,Homo sapiens,Spatial Transcriptomics,Breast,True,4c81286c7016f90e458c01b3675cccb018e48826f7a892d25872096971336848
SPA75,MahmoodLab/hest,MahmoodLab/hest:st/SPA75.h5ad,8b42ca7f80bc475644ac9a520bba7b9cccbce10d,local Hugging Face download receipt,st/SPA75.h5ad,https://huggingface.co/datasets/MahmoodLab/hest/resolve/8b42ca7f80bc475644ac9a520bba7b9cccbce10d/st/SPA75.h5ad,e13cab8bac4ca99cac75a1e55d55369944aa63060406745834c4f6d9350b1ebd,e13cab8bac4ca99cac75a1e55d55369944aa63060406745834c4f6d9350b1ebd,True,,,not_explicit_in_available_metadata,https://www.science.org/doi/10.1126/science.aaf2403,https://data.mendeley.com/datasets/29ntw7sh4r/5,10.1126/science.aaf2403,CC-BY-NC-SA-4.0,CC BY 4.0,provider_label_retained_not_individual_legal_clearance,Homo sapiens,Spatial Transcriptomics,Breast,True,a6d4332d6021f4c839bdcd1dcde7eb0ca5ee1a33a59bbcf0141ea17ad4191aed
SPA77,MahmoodLab/hest,MahmoodLab/hest:st/SPA77.h5ad,8b42ca7f80bc475644ac9a520bba7b9cccbce10d,local Hugging Face download receipt,st/SPA77.h5ad,https://huggingface.co/datasets/MahmoodLab/hest/resolve/8b42ca7f80bc475644ac9a520bba7b9cccbce10d/st/SPA77.h5ad,ab992777eb37489ac2336b85e7d0842b5c4488d020c7edd2a40b4cf6b8c56c8a,ab992777eb37489ac2336b85e7d0842b5c4488d020c7edd2a40b4cf6b8c56c8a,True,,,not_explicit_in_available_metadata,https://www.science.org/doi/10.1126/science.aaf2403,https://data.mendeley.com/datasets/29ntw7sh4r/5,10.1126/science.aaf2403,CC-BY-NC-SA-4.0,CC BY 4.0,provider_label_retained_not_individual_legal_clearance,Homo sapiens,Spatial Transcriptomics,Breast,True,d5e877a6bf7952527bf3d41cade5bf1a2e79d36e2c3d4eefee4233e5465d421a
SPA78,MahmoodLab/hest,MahmoodLab/hest:st/SPA78.h5ad,8b42ca7f80bc475644ac9a520bba7b9cccbce10d,local Hugging Face download receipt,st/SPA78.h5ad,https://huggingface.co/datasets/MahmoodLab/hest/resolve/8b42ca7f80bc475644ac9a520bba7b9cccbce10d/st/SPA78.h5ad,03fcf2b0a8ee224ce47f9dbc5698705853dfeb5161f17e991e128ef1190c2498,03fcf2b0a8ee224ce47f9dbc5698705853dfeb5161f17e991e128ef1190c2498,True,,,not_explicit_in_available_metadata,https://www.science.org/doi/10.1126/science.aaf2403,https://data.mendeley.com/datasets/29ntw7sh4r/5,10.1126/science.aaf2403,CC-BY-NC-SA-4.0,CC BY 4.0,provider_label_retained_not_individual_legal_clearance,Homo sapiens,Spatial Transcriptomics,Breast,True,25ac9244a2601cf64974d96221efc31949b26942e061dfc4cec9f5a24dbb36c0
SPA79,MahmoodLab/hest,MahmoodLab/hest:st/SPA79.h5ad,8b42ca7f80bc475644ac9a520bba7b9cccbce10d,local Hugging Face download receipt,st/SPA79.h5ad,https://huggingface.co/datasets/MahmoodLab/hest/resolve/8b42ca7f80bc475644ac9a520bba7b9cccbce10d/st/SPA79.h5ad,58ce51e694fbebcf952b17e2bce438acf35ebfaac8fcda939e822317d0090117,58ce51e694fbebcf952b17e2bce438acf35ebfaac8fcda939e822317d0090117,True,,,not_explicit_in_available_metadata,https://www.science.org/doi/10.1126/science.aaf2403,https://data.mendeley.com/datasets/29ntw7sh4r/5,10.1126/science.aaf2403,CC-BY-NC-SA-4.0,CC BY 4.0,provider_label_retained_not_individual_legal_clearance,Homo sapiens,Spatial Transcriptomics,Breast,True,61de20cc01ff9abcb30e9235b075015d49193dc7ce280514f028dab1f2c4bfa8
SPA8,MahmoodLab/hest,MahmoodLab/hest:st/SPA8.h5ad,8b42ca7f80bc475644ac9a520bba7b9cccbce10d,local Hugging Face download receipt,st/SPA8.h5ad,https://huggingface.co/datasets/MahmoodLab/hest/resolve/8b42ca7f80bc475644ac9a520bba7b9cccbce10d/st/SPA8.h5ad,782befbf76200d70efbf9a63791824e087bcdb21b6a71022f8d8a55294ad6d6c,782befbf76200d70efbf9a63791824e087bcdb21b6a71022f8d8a55294ad6d6c,True,,,not_explicit_in_available_metadata,https://pubmed.ncbi.nlm.nih.gov/27365449/,https://www.spatialresearch.org/resources-published-datasets/doi-10-1126science-aaf2403/,,CC-BY-NC-SA-4.0,,original_label_requires_clarification,Mus musculus,Spatial Transcriptomics,Brain,True,d6b7c1269bd7a9f86f535c940d8d76763a73a2fe08e49807a826c33c67a06c86
SPA80,MahmoodLab/hest,MahmoodLab/hest:st/SPA80.h5ad,8b42ca7f80bc475644ac9a520bba7b9cccbce10d,local Hugging Face download receipt,st/SPA80.h5ad,https://huggingface.co/datasets/MahmoodLab/hest/resolve/8b42ca7f80bc475644ac9a520bba7b9cccbce10d/st/SPA80.h5ad,eaf598c1d038e5859b2362a78ad463c55483ea9e0c401d8256ab564c46218d32,eaf598c1d038e5859b2362a78ad463c55483ea9e0c401d8256ab564c46218d32,True,,,not_explicit_in_available_metadata,https://www.science.org/doi/10.1126/science.aaf2403,https://data.mendeley.com/datasets/29ntw7sh4r/5,10.1126/science.aaf2403,CC-BY-NC-SA-4.0,CC BY 4.0,provider_label_retained_not_individual_legal_clearance,Homo sapiens,Spatial Transcriptomics,Breast,True,ddfd3721277053ec47e85bc58890c4da7a1e30befdf2a07c88d26c8fb021bb58
SPA81,MahmoodLab/hest,MahmoodLab/hest:st/SPA81.h5ad,8b42ca7f80bc475644ac9a520bba7b9cccbce10d,local Hugging Face download receipt,st/SPA81.h5ad,https://huggingface.co/datasets/MahmoodLab/hest/resolve/8b42ca7f80bc475644ac9a520bba7b9cccbce10d/st/SPA81.h5ad,9cae95454e7dbfe65490df0b5fbdef0485fbbd224334df62128892cf97723d23,9cae95454e7dbfe65490df0b5fbdef0485fbbd224334df62128892cf97723d23,True,,,not_explicit_in_available_metadata,https://www.science.org/doi/10.1126/science.aaf2403,https://data.mendeley.com/datasets/29ntw7sh4r/5,10.1126/science.aaf2403,CC-BY-NC-SA-4.0,CC BY 4.0,provider_label_retained_not_individual_legal_clearance,Homo sapiens,Spatial Transcriptomics,Breast,True,1b9a6b5a1fe706454b1464897e5719a1099ae1686e7a6ee5613d4fde82f9dea5
SPA82,MahmoodLab/hest,MahmoodLab/hest:st/SPA82.h5ad,8b42ca7f80bc475644ac9a520bba7b9cccbce10d,local Hugging Face download receipt,st/SPA82.h5ad,https://huggingface.co/datasets/MahmoodLab/hest/resolve/8b42ca7f80bc475644ac9a520bba7b9cccbce10d/st/SPA82.h5ad,a4cb68ee066d718f4371d7248801931f6890784044f0634363c1852e334fa7c0,a4cb68ee066d718f4371d7248801931f6890784044f0634363c1852e334fa7c0,True,,,not_explicit_in_available_metadata,https://www.science.org/doi/10.1126/science.aaf2403,https://data.mendeley.com/datasets/29ntw7sh4r/5,10.1126/science.aaf2403,CC-BY-NC-SA-4.0,CC BY 4.0,provider_label_retained_not_individual_legal_clearance,Homo sapiens,Spatial Transcriptomics,Breast,True,15e73eb5b5c08e16d2b281ffcd4f87fc344871e2e045fbdc40391462b88637c3
SPA83,MahmoodLab/hest,MahmoodLab/hest:st/SPA83.h5ad,8b42ca7f80bc475644ac9a520bba7b9cccbce10d,local Hugging Face download receipt,st/SPA83.h5ad,https://huggingface.co/datasets/MahmoodLab/hest/resolve/8b42ca7f80bc475644ac9a520bba7b9cccbce10d/st/SPA83.h5ad,dbcbf8e464a23ce68dfe6df7210da5bb2dc62d9611cd64ad91b5febfdb966ab2,dbcbf8e464a23ce68dfe6df7210da5bb2dc62d9611cd64ad91b5febfdb966ab2,True,,,not_explicit_in_available_metadata,https://www.science.org/doi/10.1126/science.aaf2403,https://data.mendeley.com/datasets/29ntw7sh4r/5,10.1126/science.aaf2403,CC-BY-NC-SA-4.0,CC BY 4.0,provider_label_retained_not_individual_legal_clearance,Homo sapiens,Spatial Transcriptomics,Breast,True,7370962cad4326cd1cba514443475fa5a2c3408067b312f1fc418912fa7d1ad4
SPA84,MahmoodLab/hest,MahmoodLab/hest:st/SPA84.h5ad,8b42ca7f80bc475644ac9a520bba7b9cccbce10d,local Hugging Face download receipt,st/SPA84.h5ad,https://huggingface.co/datasets/MahmoodLab/hest/resolve/8b42ca7f80bc475644ac9a520bba7b9cccbce10d/st/SPA84.h5ad,a8d8f0509c4b425b5235cd2e4225e41f6310a45e45f633ce723685f09e74a5cd,a8d8f0509c4b425b5235cd2e4225e41f6310a45e45f633ce723685f09e74a5cd,True,,,not_explicit_in_available_metadata,https://www.science.org/doi/10.1126/science.aaf2403,https://data.mendeley.com/datasets/29ntw7sh4r/5,10.1126/science.aaf2403,CC-BY-NC-SA-4.0,CC BY 4.0,provider_label_retained_not_individual_legal_clearance,Homo sapiens,Spatial Transcriptomics,Breast,True,60b3a780b66f1330ffb1a85ab2f124812d724eaa10ad01e884269546a30f20e1
SPA85,MahmoodLab/hest,MahmoodLab/hest:st/SPA85.h5ad,8b42ca7f80bc475644ac9a520bba7b9cccbce10d,local Hugging Face download receipt,st/SPA85.h5ad,https://huggingface.co/datasets/MahmoodLab/hest/resolve/8b42ca7f80bc475644ac9a520bba7b9cccbce10d/st/SPA85.h5ad,ce07c85e8764230043f89bad53aec2e02bd10eea945d5c665004f20a708d1ca7,ce07c85e8764230043f89bad53aec2e02bd10eea945d5c665004f20a708d1ca7,True,,,not_explicit_in_available_metadata,https://www.science.org/doi/10.1126/science.aaf2403,https://data.mendeley.com/datasets/29ntw7sh4r/5,10.1126/science.aaf2403,CC-BY-NC-SA-4.0,CC BY 4.0,provider_label_retained_not_individual_legal_clearance,Homo sapiens,Spatial Transcriptomics,Breast,True,8346be2ddca5790a962d5292ce0ddf2a310c91f6af224556f71188600cd1804c
SPA86,MahmoodLab/hest,MahmoodLab/hest:st/SPA86.h5ad,8b42ca7f80bc475644ac9a520bba7b9cccbce10d,local Hugging Face download receipt,st/SPA86.h5ad,https://huggingface.co/datasets/MahmoodLab/hest/resolve/8b42ca7f80bc475644ac9a520bba7b9cccbce10d/st/SPA86.h5ad,a82faddda92b900846f0f078525c2b37871ad390fa036f210469072205e061d4,a82faddda92b900846f0f078525c2b37871ad390fa036f210469072205e061d4,True,,,not_explicit_in_available_metadata,https://www.science.org/doi/10.1126/science.aaf2403,https://data.mendeley.com/datasets/29ntw7sh4r/5,10.1126/science.aaf2403,CC-BY-NC-SA-4.0,CC BY 4.0,provider_label_retained_not_individual_legal_clearance,Homo sapiens,Spatial Transcriptomics,Breast,True,06ffb29aab6f58d21e963bf38dce83c1ece6dd9758d694550f01d882faf725fc
SPA87,MahmoodLab/hest,MahmoodLab/hest:st/SPA87.h5ad,8b42ca7f80bc475644ac9a520bba7b9cccbce10d,local Hugging Face download receipt,st/SPA87.h5ad,https://huggingface.co/datasets/MahmoodLab/hest/resolve/8b42ca7f80bc475644ac9a520bba7b9cccbce10d/st/SPA87.h5ad,fa41aefcd60dfe21a68a25336649fc4bea15a043c5b9e1d6b6bade9c1f9ba82e,fa41aefcd60dfe21a68a25336649fc4bea15a043c5b9e1d6b6bade9c1f9ba82e,True,,,not_explicit_in_available_metadata,https://www.science.org/doi/10.1126/science.aaf2403,https://data.mendeley.com/datasets/29ntw7sh4r/5,10.1126/science.aaf2403,CC-BY-NC-SA-4.0,CC BY 4.0,provider_label_retained_not_individual_legal_clearance,Homo sapiens,Spatial Transcriptomics,Breast,True,cf10aa0f1605b47d17e4f120477140b62519935bb076a617dcfd1dc3f3eddc5f
SPA88,MahmoodLab/hest,MahmoodLab/hest:st/SPA88.h5ad,8b42ca7f80bc475644ac9a520bba7b9cccbce10d,local Hugging Face download receipt,st/SPA88.h5ad,https://huggingface.co/datasets/MahmoodLab/hest/resolve/8b42ca7f80bc475644ac9a520bba7b9cccbce10d/st/SPA88.h5ad,dbef4542cd6cf1682561a13a7d4575a0e359027c1f47f51f706a52eef1f86700,dbef4542cd6cf1682561a13a7d4575a0e359027c1f47f51f706a52eef1f86700,True,,,not_explicit_in_available_metadata,https://www.science.org/doi/10.1126/science.aaf2403,https://data.mendeley.com/datasets/29ntw7sh4r/5,10.1126/science.aaf2403,CC-BY-NC-SA-4.0,CC BY 4.0,provider_label_retained_not_individual_legal_clearance,Homo sapiens,Spatial Transcriptomics,Breast,True,acfd719bd1d8ded46e7b839723e4e80018d6dfd68ac6dd5bf9340f94457f6cb8
SPA89,MahmoodLab/hest,MahmoodLab/hest:st/SPA89.h5ad,8b42ca7f80bc475644ac9a520bba7b9cccbce10d,local Hugging Face download receipt,st/SPA89.h5ad,https://huggingface.co/datasets/MahmoodLab/hest/resolve/8b42ca7f80bc475644ac9a520bba7b9cccbce10d/st/SPA89.h5ad,53fe4885809c3186400414154f2b758c7f419b8cb7ab0dca0710575ea9a55839,53fe4885809c3186400414154f2b758c7f419b8cb7ab0dca0710575ea9a55839,True,,,not_explicit_in_available_metadata,https://www.science.org/doi/10.1126/science.aaf2403,https://data.mendeley.com/datasets/29ntw7sh4r/5,10.1126/science.aaf2403,CC-BY-NC-SA-4.0,CC BY 4.0,provider_label_retained_not_individual_legal_clearance,Homo sapiens,Spatial Transcriptomics,Breast,True,70e7d72d4e273ae2366b7ccf2049c9eb91b205425931992e757c372d926f0473
SPA9,MahmoodLab/hest,MahmoodLab/hest:st/SPA9.h5ad,8b42ca7f80bc475644ac9a520bba7b9cccbce10d,local Hugging Face download receipt,st/SPA9.h5ad,https://huggingface.co/datasets/MahmoodLab/hest/resolve/8b42ca7f80bc475644ac9a520bba7b9cccbce10d/st/SPA9.h5ad,7a1f7fee0f85f3329047e0f9024eb00afd90ee05835c80ae2078df81fb2ede4a,7a1f7fee0f85f3329047e0f9024eb00afd90ee05835c80ae2078df81fb2ede4a,True,,,not_explicit_in_available_metadata,https://pubmed.ncbi.nlm.nih.gov/27365449/,https://www.spatialresearch.org/resources-published-datasets/doi-10-1126science-aaf2403/,,CC-BY-NC-SA-4.0,,original_label_requires_clarification,Mus musculus,Spatial Transcriptomics,Brain,True,5b87b8317c094147fd17d57970ed40a224a287cf0da25572ac2e7387b0f00dd7
SPA90,MahmoodLab/hest,MahmoodLab/hest:st/SPA90.h5ad,8b42ca7f80bc475644ac9a520bba7b9cccbce10d,local Hugging Face download receipt,st/SPA90.h5ad,https://huggingface.co/datasets/MahmoodLab/hest/resolve/8b42ca7f80bc475644ac9a520bba7b9cccbce10d/st/SPA90.h5ad,1c1acd13ae847690fda694cb528be8283d35c56f95116ecd1ca32cec2170c167,1c1acd13ae847690fda694cb528be8283d35c56f95116ecd1ca32cec2170c167,True,,,not_explicit_in_available_metadata,https://www.science.org/doi/10.1126/science.aaf2403,https://data.mendeley.com/datasets/29ntw7sh4r/5,10.1126/science.aaf2403,CC-BY-NC-SA-4.0,CC BY 4.0,provider_label_retained_not_individual_legal_clearance,Homo sapiens,Spatial Transcriptomics,Breast,True,5cf69a812402eebf8f38bb8f12abb53ffaf1ae16e5679d5be77a969b1140ba2d
SPA91,MahmoodLab/hest,MahmoodLab/hest:st/SPA91.h5ad,8b42ca7f80bc475644ac9a520bba7b9cccbce10d,local Hugging Face download receipt,st/SPA91.h5ad,https://huggingface.co/datasets/MahmoodLab/hest/resolve/8b42ca7f80bc475644ac9a520bba7b9cccbce10d/st/SPA91.h5ad,f6a523c33d99d39e36cba1915899468f2f859135fe33979460fcc3368b6bdd7e,f6a523c33d99d39e36cba1915899468f2f859135fe33979460fcc3368b6bdd7e,True,,,not_explicit_in_available_metadata,https://www.science.org/doi/10.1126/science.aaf2403,https://data.mendeley.com/datasets/29ntw7sh4r/5,10.1126/science.aaf2403,CC-BY-NC-SA-4.0,CC BY 4.0,provider_label_retained_not_individual_legal_clearance,Homo sapiens,Spatial Transcriptomics,Breast,True,58f3d96c3194f3bbc92dc27f55eb51875e7851bc482730a4eda9e8b2866f3c64
SPA92,MahmoodLab/hest,MahmoodLab/hest:st/SPA92.h5ad,8b42ca7f80bc475644ac9a520bba7b9cccbce10d,local Hugging Face download receipt,st/SPA92.h5ad,https://huggingface.co/datasets/MahmoodLab/hest/resolve/8b42ca7f80bc475644ac9a520bba7b9cccbce10d/st/SPA92.h5ad,eb752352d7224b41dc410d6074342ff05c402f97632cf98554cb7086cb042039,eb752352d7224b41dc410d6074342ff05c402f97632cf98554cb7086cb042039,True,,,not_explicit_in_available_metadata,https://www.science.org/doi/10.1126/science.aaf2403,https://data.mendeley.com/datasets/29ntw7sh4r/5,10.1126/science.aaf2403,CC-BY-NC-SA-4.0,CC BY 4.0,provider_label_retained_not_individual_legal_clearance,Homo sapiens,Spatial Transcriptomics,Breast,True,04ef5f38b81a038763dcf2053a0d2fa1567c7563ad4b453d4a963f536c03333c
SPA93,MahmoodLab/hest,MahmoodLab/hest:st/SPA93.h5ad,8b42ca7f80bc475644ac9a520bba7b9cccbce10d,local Hugging Face download receipt,st/SPA93.h5ad,https://huggingface.co/datasets/MahmoodLab/hest/resolve/8b42ca7f80bc475644ac9a520bba7b9cccbce10d/st/SPA93.h5ad,5e606b2802e575ef02b18bb4438d074d5dbc74406ee1a9c15a3d7fdf9054aefb,5e606b2802e575ef02b18bb4438d074d5dbc74406ee1a9c15a3d7fdf9054aefb,True,,,not_explicit_in_available_metadata,https://www.science.org/doi/10.1126/science.aaf2403,https://data.mendeley.com/datasets/29ntw7sh4r/5,10.1126/science.aaf2403,CC-BY-NC-SA-4.0,CC BY 4.0,provider_label_retained_not_individual_legal_clearance,Homo sapiens,Spatial Transcriptomics,Breast,True,cfefb9ece8e7c06bb0d0370fe9d6753bbd7056d789cbc70b3681d2ad99f15f88
SPA94,MahmoodLab/hest,MahmoodLab/hest:st/SPA94.h5ad,8b42ca7f80bc475644ac9a520bba7b9cccbce10d,local Hugging Face download receipt,st/SPA94.h5ad,https://huggingface.co/datasets/MahmoodLab/hest/resolve/8b42ca7f80bc475644ac9a520bba7b9cccbce10d/st/SPA94.h5ad,feaf9c2a6cfcd1e75c5a61c8abf486cf6a68268716bb732b2be6088a78e6de0d,feaf9c2a6cfcd1e75c5a61c8abf486cf6a68268716bb732b2be6088a78e6de0d,True,,,not_explicit_in_available_metadata,https://www.science.org/doi/10.1126/science.aaf2403,https://data.mendeley.com/datasets/29ntw7sh4r/5,10.1126/science.aaf2403,CC-BY-NC-SA-4.0,CC BY 4.0,provider_label_retained_not_individual_legal_clearance,Homo sapiens,Spatial Transcriptomics,Breast,True,dfc45d1f51d61ba858cc3f2e7e9e9a7b38ffd9f1b2ba89122e7240f8e2557784
SPA96,MahmoodLab/hest,MahmoodLab/hest:st/SPA96.h5ad,8b42ca7f80bc475644ac9a520bba7b9cccbce10d,local Hugging Face download receipt,st/SPA96.h5ad,https://huggingface.co/datasets/MahmoodLab/hest/resolve/8b42ca7f80bc475644ac9a520bba7b9cccbce10d/st/SPA96.h5ad,61df21abf49db1f320588e2d6b55532fc106a69ff24fe7a2cbd57e48d71c3c40,61df21abf49db1f320588e2d6b55532fc106a69ff24fe7a2cbd57e48d71c3c40,True,,,not_explicit_in_available_metadata,https://www.science.org/doi/10.1126/science.aaf2403,https://data.mendeley.com/datasets/29ntw7sh4r/5,10.1126/science.aaf2403,CC-BY-NC-SA-4.0,CC BY 4.0,provider_label_retained_not_individual_legal_clearance,Homo sapiens,Spatial Transcriptomics,Breast,True,a1b59c3bd2474d372b9028edbd15ec84fcc4f1c0453e2501c2bddd098b7070a6
SPA97,MahmoodLab/hest,MahmoodLab/hest:st/SPA97.h5ad,8b42ca7f80bc475644ac9a520bba7b9cccbce10d,local Hugging Face download receipt,st/SPA97.h5ad,https://huggingface.co/datasets/MahmoodLab/hest/resolve/8b42ca7f80bc475644ac9a520bba7b9cccbce10d/st/SPA97.h5ad,cb8af7afcab58814b602dba38e57825e47514c73421a217b82164974a26d60f3,cb8af7afcab58814b602dba38e57825e47514c73421a217b82164974a26d60f3,True,,,not_explicit_in_available_metadata,https://www.science.org/doi/10.1126/science.aaf2403,https://data.mendeley.com/datasets/29ntw7sh4r/5,10.1126/science.aaf2403,CC-BY-NC-SA-4.0,CC BY 4.0,provider_label_retained_not_individual_legal_clearance,Homo sapiens,Spatial Transcriptomics,Breast,True,d483ae900e880cffed3feeded49a9f7f64c83dd2e93cf44d0a1460f96743889d
SPA98,MahmoodLab/hest,MahmoodLab/hest:st/SPA98.h5ad,8b42ca7f80bc475644ac9a520bba7b9cccbce10d,local Hugging Face download receipt,st/SPA98.h5ad,https://huggingface.co/datasets/MahmoodLab/hest/resolve/8b42ca7f80bc475644ac9a520bba7b9cccbce10d/st/SPA98.h5ad,676ff7f10ae66b7db84ee1a49f1fc6d68f3aaa35992ca500a6453269df67b9b1,676ff7f10ae66b7db84ee1a49f1fc6d68f3aaa35992ca500a6453269df67b9b1,True,,,not_explicit_in_available_metadata,https://www.science.org/doi/10.1126/science.aaf2403,https://data.mendeley.com/datasets/29ntw7sh4r/5,10.1126/science.aaf2403,CC-BY-NC-SA-4.0,CC BY 4.0,provider_label_retained_not_individual_legal_clearance,Homo sapiens,Spatial Transcriptomics,Breast,True,244c798951ded4c2aba586dd75993009ed30f3d6f0a3acf8170f44ac4e2fac0d
SPA99,MahmoodLab/hest,MahmoodLab/hest:st/SPA99.h5ad,8b42ca7f80bc475644ac9a520bba7b9cccbce10d,local Hugging Face download receipt,st/SPA99.h5ad,https://huggingface.co/datasets/MahmoodLab/hest/resolve/8b42ca7f80bc475644ac9a520bba7b9cccbce10d/st/SPA99.h5ad,a765f36ff2ca42373b81bba991065c3acaee6f1c732e9ffa6c531332c72c680a,a765f36ff2ca42373b81bba991065c3acaee6f1c732e9ffa6c531332c72c680a,True,,,not_explicit_in_available_metadata,https://www.science.org/doi/10.1126/science.aaf2403,https://data.mendeley.com/datasets/29ntw7sh4r/5,10.1126/science.aaf2403,CC-BY-NC-SA-4.0,CC BY 4.0,provider_label_retained_not_individual_legal_clearance,Homo sapiens,Spatial Transcriptomics,Breast,True,2cfbff1f9b72d5da7ce5b5b272d467405b1727adacc9845e47c7758c5abcfab4
TENX105,MahmoodLab/hest,MahmoodLab/hest:st/TENX105.h5ad,8b42ca7f80bc475644ac9a520bba7b9cccbce10d,local Hugging Face download receipt,st/TENX105.h5ad,https://huggingface.co/datasets/MahmoodLab/hest/resolve/8b42ca7f80bc475644ac9a520bba7b9cccbce10d/st/TENX105.h5ad,78b0086b5d4c270c63c8595ab4c09b25218b062071ad899fac82eef9d115a010,78b0086b5d4c270c63c8595ab4c09b25218b062071ad899fac82eef9d115a010,True,,,not_explicit_in_available_metadata,,https://www.10xgenomics.com/datasets/human-kidney-preview-data-xenium-human-multi-tissue-and-cancer-panel-1-standard,,CC-BY-NC-SA-4.0,Creative Commons Attribution,provider_label_retained_not_individual_legal_clearance,Homo sapiens,Xenium,Kidney,True,cf581e29d305077f6fb6dc7c7795a0e0748eb50d999be8ef84b2095ed8d751ee
TENX106,MahmoodLab/hest,MahmoodLab/hest:st/TENX106.h5ad,8b42ca7f80bc475644ac9a520bba7b9cccbce10d,local Hugging Face download receipt,st/TENX106.h5ad,https://huggingface.co/datasets/MahmoodLab/hest/resolve/8b42ca7f80bc475644ac9a520bba7b9cccbce10d/st/TENX106.h5ad,26eea3dcdd1278cfd3c8fecea1359a97698e365e2bf8c78418a7db84b40bfda6,26eea3dcdd1278cfd3c8fecea1359a97698e365e2bf8c78418a7db84b40bfda6,True,,,not_explicit_in_available_metadata,,https://www.10xgenomics.com/datasets/human-kidney-preview-data-xenium-human-multi-tissue-and-cancer-panel-1-standard,,CC-BY-NC-SA-4.0,Creative Commons Attribution,provider_label_retained_not_individual_legal_clearance,Homo sapiens,Xenium,Kidney,True,ce3d634a5cbe96095d55d44dc102ae18815519e523caad0308c7ac81895df62a
TENX110,MahmoodLab/hest,MahmoodLab/hest:st/TENX110.h5ad,8b42ca7f80bc475644ac9a520bba7b9cccbce10d,local Hugging Face download receipt,st/TENX110.h5ad,https://huggingface.co/datasets/MahmoodLab/hest/resolve/8b42ca7f80bc475644ac9a520bba7b9cccbce10d/st/TENX110.h5ad,1d6fafcd9b34787e3186308c8ee2ffa0cbb487a6c5b7b150a019f2c274df3300,1d6fafcd9b34787e3186308c8ee2ffa0cbb487a6c5b7b150a019f2c274df3300,True,,,not_explicit_in_available_metadata,,https://www.10xgenomics.com/datasets/mouse-pup-preview-data-xenium-mouse-tissue-atlassing-panel-1-standard,,CC-BY-NC-SA-4.0,Creative Commons Attribution,provider_label_retained_not_individual_legal_clearance,Mus musculus,Xenium,Whole organism,True,1223da97a41bd0d93c16557ec241ed3afc029c0466afebff96cec7b89c822915
TENX111,MahmoodLab/hest,MahmoodLab/hest:st/TENX111.h5ad,8b42ca7f80bc475644ac9a520bba7b9cccbce10d,local Hugging Face download receipt,st/TENX111.h5ad,https://huggingface.co/datasets/MahmoodLab/hest/resolve/8b42ca7f80bc475644ac9a520bba7b9cccbce10d/st/TENX111.h5ad,7d29a58122b6580d11aa116ebeb16894a089b6df24216a70b98df73b3176fd25,7d29a58122b6580d11aa116ebeb16894a089b6df24216a70b98df73b3176fd25,True,,,not_explicit_in_available_metadata,,https://www.10xgenomics.com/datasets/human-colon-preview-data-xenium-human-colon-gene-expression-panel-1-standard,,CC-BY-NC-SA-4.0,Creative Commons Attribution,provider_label_retained_not_individual_legal_clearance,Homo sapiens,Xenium,Bowel,True,c32d9ddced37695cc5b82fe2f2ee236b1b4a7401381e368782b114882335db67
TENX114,MahmoodLab/hest,MahmoodLab/hest:st/TENX114.h5ad,8b42ca7f80bc475644ac9a520bba7b9cccbce10d,local Hugging Face download receipt,st/TENX114.h5ad,https://huggingface.co/datasets/MahmoodLab/hest/resolve/8b42ca7f80bc475644ac9a520bba7b9cccbce10d/st/TENX114.h5ad,88202d1a85b5f0aeb0b4bc9e2d8e339f4833e6190c348992093bbc27e7e884b6,88202d1a85b5f0aeb0b4bc9e2d8e339f4833e6190c348992093bbc27e7e884b6,True,,,not_explicit_in_available_metadata,,https://www.10xgenomics.com/datasets/human-colon-preview-data-xenium-human-colon-gene-expression-panel-1-standard,,CC-BY-NC-SA-4.0,Creative Commons Attribution,provider_label_retained_not_individual_legal_clearance,Homo sapiens,Xenium,Bowel,True,363a50e3a367b5b3a15ef695f576ed378d40dd1a5cdfcd8db61b7449f75df81b
TENX115,MahmoodLab/hest,MahmoodLab/hest:st/TENX115.h5ad,8b42ca7f80bc475644ac9a520bba7b9cccbce10d,local Hugging Face download receipt,st/TENX115.h5ad,https://huggingface.co/datasets/MahmoodLab/hest/resolve/8b42ca7f80bc475644ac9a520bba7b9cccbce10d/st/TENX115.h5ad,762291d0285d08c731e81f15d4818440a99d50c60b50f2c2ff58b7cd104f0f22,762291d0285d08c731e81f15d4818440a99d50c60b50f2c2ff58b7cd104f0f22,True,,,not_explicit_in_available_metadata,,https://www.10xgenomics.com/datasets/human-skin-preview-data-xenium-human-skin-gene-expression-panel-1-standard,,CC-BY-NC-SA-4.0,Creative Commons Attribution,provider_label_retained_not_individual_legal_clearance,Homo sapiens,Xenium,Skin,True,df3d7eb8b85183df550355038d234d211751d998591334c19943e6edaa8c4617
TENX116,MahmoodLab/hest,MahmoodLab/hest:st/TENX116.h5ad,8b42ca7f80bc475644ac9a520bba7b9cccbce10d,local Hugging Face download receipt,st/TENX116.h5ad,https://huggingface.co/datasets/MahmoodLab/hest/resolve/8b42ca7f80bc475644ac9a520bba7b9cccbce10d/st/TENX116.h5ad,32c4059d761a469176aef7994dd4de4644eae7a4b4a1517c4ca63bffcc008e6c,32c4059d761a469176aef7994dd4de4644eae7a4b4a1517c4ca63bffcc008e6c,True,,,not_explicit_in_available_metadata,,https://www.10xgenomics.com/datasets/pancreatic-cancer-with-xenium-human-multi-tissue-and-cancer-panel-1-standard,,CC-BY-NC-SA-4.0,Creative Commons Attribution,provider_label_retained_not_individual_legal_clearance,Homo sapiens,Xenium,Pancreas,True,2bd7a0edfe3a192a55e2af24334060a5c61811683b5201df17a6a9b8bee744d6
TENX117,MahmoodLab/hest,MahmoodLab/hest:st/TENX117.h5ad,8b42ca7f80bc475644ac9a520bba7b9cccbce10d,local Hugging Face download receipt,st/TENX117.h5ad,https://huggingface.co/datasets/MahmoodLab/hest/resolve/8b42ca7f80bc475644ac9a520bba7b9cccbce10d/st/TENX117.h5ad,8b70c48d556be8358686f83ee7c5f65d9bba8fd3c544a64686d1da520073fff8,8b70c48d556be8358686f83ee7c5f65d9bba8fd3c544a64686d1da520073fff8,True,,,not_explicit_in_available_metadata,,https://www.10xgenomics.com/datasets/human-skin-preview-data-xenium-human-skin-gene-expression-panel-add-on-1-standard,,CC-BY-NC-SA-4.0,Creative Commons Attribution,provider_label_retained_not_individual_legal_clearance,Homo sapiens,Xenium,Skin,True,5f43c4dc5b08205c7fac11b8f9adf9c82e8239aa643375950cc14ad15fbc931f
TENX118,MahmoodLab/hest,MahmoodLab/hest:st/TENX118.h5ad,8b42ca7f80bc475644ac9a520bba7b9cccbce10d,local Hugging Face download receipt,st/TENX118.h5ad,https://huggingface.co/datasets/MahmoodLab/hest/resolve/8b42ca7f80bc475644ac9a520bba7b9cccbce10d/st/TENX118.h5ad,36b7026375a66b2643471d8a91437a9be862a46b909b9a25db060c9014f34697,36b7026375a66b2643471d8a91437a9be862a46b909b9a25db060c9014f34697,True,,,not_explicit_in_available_metadata,,https://www.10xgenomics.com/datasets/preview-data-ffpe-human-lung-cancer-with-xenium-multimodal-cell-segmentation-1-standard,,CC-BY-NC-SA-4.0,Creative Commons Attribution,provider_label_retained_not_individual_legal_clearance,Homo sapiens,Xenium,Lung,True,20ee8e9e6bcc747193e36fd11831d04244b2a20f892c057edf4d3b710b56a61d
TENX119,MahmoodLab/hest,MahmoodLab/hest:st/TENX119.h5ad,8b42ca7f80bc475644ac9a520bba7b9cccbce10d,local Hugging Face download receipt,st/TENX119.h5ad,https://huggingface.co/datasets/MahmoodLab/hest/resolve/8b42ca7f80bc475644ac9a520bba7b9cccbce10d/st/TENX119.h5ad,e40322d6f056aa3d2c0e8a1530a8d352ac6d455923652f64d0784ff75b4d3d45,e40322d6f056aa3d2c0e8a1530a8d352ac6d455923652f64d0784ff75b4d3d45,True,,,not_explicit_in_available_metadata,,https://www.10xgenomics.com/datasets/human-heart-data-xenium-human-multi-tissue-and-cancer-panel-1-standard,,CC-BY-NC-SA-4.0,Creative Commons Attribution,provider_label_retained_not_individual_legal_clearance,Homo sapiens,Xenium,Heart,True,02f7831dbe367659279c0d7b33f8e00fe8341637b7cc91235bbbdb1ff9b23c93
TENX120,MahmoodLab/hest,MahmoodLab/hest:st/TENX120.h5ad,8b42ca7f80bc475644ac9a520bba7b9cccbce10d,local Hugging Face download receipt,st/TENX120.h5ad,https://huggingface.co/datasets/MahmoodLab/hest/resolve/8b42ca7f80bc475644ac9a520bba7b9cccbce10d/st/TENX120.h5ad,385b7175209757645803530683e311e54d86d3508b237a92ceba1ba1a63d24aa,385b7175209757645803530683e311e54d86d3508b237a92ceba1ba1a63d24aa,True,,,not_explicit_in_available_metadata,,https://www.10xgenomics.com/datasets/human-liver-data-xenium-human-multi-tissue-and-cancer-panel-1-standard,,CC-BY-NC-SA-4.0,Creative Commons Attribution,provider_label_retained_not_individual_legal_clearance,Homo sapiens,Xenium,Liver,True,438290feb8650f9a96f423a8f957c644141e600b5ae1b2deba07584a3fad5082
TENX121,MahmoodLab/hest,MahmoodLab/hest:st/TENX121.h5ad,8b42ca7f80bc475644ac9a520bba7b9cccbce10d,local Hugging Face download receipt,st/TENX121.h5ad,https://huggingface.co/datasets/MahmoodLab/hest/resolve/8b42ca7f80bc475644ac9a520bba7b9cccbce10d/st/TENX121.h5ad,a3a6b2b50eac3b56ca117cba55ec47e183effbb0ac70a47f017d6f4bc1ebf635,a3a6b2b50eac3b56ca117cba55ec47e183effbb0ac70a47f017d6f4bc1ebf635,True,,,not_explicit_in_available_metadata,,https://www.10xgenomics.com/datasets/human-liver-data-xenium-human-multi-tissue-and-cancer-panel-1-standard,,CC-BY-NC-SA-4.0,Creative Commons Attribution,provider_label_retained_not_individual_legal_clearance,Homo sapiens,Xenium,Liver,True,1a4a88d7cce402ccb1ca52639b22953578c197f0200611415e07984bc82acccf
TENX122,MahmoodLab/hest,MahmoodLab/hest:st/TENX122.h5ad,8b42ca7f80bc475644ac9a520bba7b9cccbce10d,local Hugging Face download receipt,st/TENX122.h5ad,https://huggingface.co/datasets/MahmoodLab/hest/resolve/8b42ca7f80bc475644ac9a520bba7b9cccbce10d/st/TENX122.h5ad,df5ff2f076703f6ecb59c9511a1f2a0348fc886cfb378855dfe2710f173bd2a0,df5ff2f076703f6ecb59c9511a1f2a0348fc886cfb378855dfe2710f173bd2a0,True,,,not_explicit_in_available_metadata,,https://www.10xgenomics.com/datasets/human-skin-data-xenium-human-multi-tissue-and-cancer-panel-1-standard,,CC-BY-NC-SA-4.0,Creative Commons Attribution,provider_label_retained_not_individual_legal_clearance,Homo sapiens,Xenium,Skin,True,0b234971330b2825e67289d16b51fa2b3fdee1b54b2544c77cece4b413082498
TENX123,MahmoodLab/hest,MahmoodLab/hest:st/TENX123.h5ad,8b42ca7f80bc475644ac9a520bba7b9cccbce10d,local Hugging Face download receipt,st/TENX123.h5ad,https://huggingface.co/datasets/MahmoodLab/hest/resolve/8b42ca7f80bc475644ac9a520bba7b9cccbce10d/st/TENX123.h5ad,c22ac1c0324601e3ce0a8689a8b314133d8040f85002ee1f67ca633521d56142,c22ac1c0324601e3ce0a8689a8b314133d8040f85002ee1f67ca633521d56142,True,,,not_explicit_in_available_metadata,,https://www.10xgenomics.com/datasets/human-skin-data-xenium-human-multi-tissue-and-cancer-panel-1-standard,,CC-BY-NC-SA-4.0,Creative Commons Attribution,provider_label_retained_not_individual_legal_clearance,Homo sapiens,Xenium,Skin,True,050d1dafa28d6cf4612e7b5b71000ed6647aabd47f8b7bf45c9b21451efbf68f
TENX124,MahmoodLab/hest,MahmoodLab/hest:st/TENX124.h5ad,8b42ca7f80bc475644ac9a520bba7b9cccbce10d,local Hugging Face download receipt,st/TENX124.h5ad,https://huggingface.co/datasets/MahmoodLab/hest/resolve/8b42ca7f80bc475644ac9a520bba7b9cccbce10d/st/TENX124.h5ad,9bb86d000e22b1537392271dd23f95bc17dc1e780ba6a9d2b545c9a5869dd907,9bb86d000e22b1537392271dd23f95bc17dc1e780ba6a9d2b545c9a5869dd907,True,,,not_explicit_in_available_metadata,,https://www.10xgenomics.com/datasets/human-tonsil-data-xenium-human-multi-tissue-and-cancer-panel-1-standard,,CC-BY-NC-SA-4.0,Creative Commons Attribution,provider_label_retained_not_individual_legal_clearance,Homo sapiens,Xenium,Lymphoid,True,46920c7176281afbb4782ba6c7244458e90e68d55c305d8b01810c153983c3ad
TENX125,MahmoodLab/hest,MahmoodLab/hest:st/TENX125.h5ad,8b42ca7f80bc475644ac9a520bba7b9cccbce10d,local Hugging Face download receipt,st/TENX125.h5ad,https://huggingface.co/datasets/MahmoodLab/hest/resolve/8b42ca7f80bc475644ac9a520bba7b9cccbce10d/st/TENX125.h5ad,c116a835339a637196b861d62d432f6ff64ee740ac88ab54feac83265f0a8fee,c116a835339a637196b861d62d432f6ff64ee740ac88ab54feac83265f0a8fee,True,,,not_explicit_in_available_metadata,,https://www.10xgenomics.com/datasets/human-tonsil-data-xenium-human-multi-tissue-and-cancer-panel-1-standard,,CC-BY-NC-SA-4.0,Creative Commons Attribution,provider_label_retained_not_individual_legal_clearance,Homo sapiens,Xenium,Lymphoid,True,06c83f44f846c0ccabcbb46dfcadaaf10cb0029216e7e444a8d39d7f251efc1b
TENX126,MahmoodLab/hest,MahmoodLab/hest:st/TENX126.h5ad,8b42ca7f80bc475644ac9a520bba7b9cccbce10d,local Hugging Face download receipt,st/TENX126.h5ad,https://huggingface.co/datasets/MahmoodLab/hest/resolve/8b42ca7f80bc475644ac9a520bba7b9cccbce10d/st/TENX126.h5ad,cd3ee486f5dfe2eb20b6439632eba1f1f0000cf2b34d7a74ae59ba57780cdd59,cd3ee486f5dfe2eb20b6439632eba1f1f0000cf2b34d7a74ae59ba57780cdd59,True,,,not_explicit_in_available_metadata,,https://www.10xgenomics.com/datasets/ffpe-human-pancreas-with-xenium-multimodal-cell-segmentation-1-standard,,CC-BY-NC-SA-4.0,Creative Commons Attribution,provider_label_retained_not_individual_legal_clearance,Homo sapiens,Xenium,Pancreas,True,c95d3b6143091867e0319df87145bcd238ee851148599b8d181e415f0e57d051
TENX127,MahmoodLab/hest,MahmoodLab/hest:st/TENX127.h5ad,8b42ca7f80bc475644ac9a520bba7b9cccbce10d,local Hugging Face download receipt,st/TENX127.h5ad,https://huggingface.co/datasets/MahmoodLab/hest/resolve/8b42ca7f80bc475644ac9a520bba7b9cccbce10d/st/TENX127.h5ad,cb61edaaa3355bb0dc1ab90954f7575170e9e60077947a26b1cf58db5de30d3f,cb61edaaa3355bb0dc1ab90954f7575170e9e60077947a26b1cf58db5de30d3f,True,,,not_explicit_in_available_metadata,,https://www.10xgenomics.com/datasets/fresh-frozen-mouse-colon-with-xenium-multimodal-cell-segmentation-1-standard,,CC-BY-NC-SA-4.0,Creative Commons Attribution,provider_label_retained_not_individual_legal_clearance,Mus musculus,Xenium,Bowel,True,9930fbea87cf6edd1ab0489bde0e07d07bc78f975b4e7f88893fcc1b1f6a32d5
TENX128,MahmoodLab/hest,MahmoodLab/hest:st/TENX128.h5ad,8b42ca7f80bc475644ac9a520bba7b9cccbce10d,local Hugging Face download receipt,st/TENX128.h5ad,https://huggingface.co/datasets/MahmoodLab/hest/resolve/8b42ca7f80bc475644ac9a520bba7b9cccbce10d/st/TENX128.h5ad,ef91c140a35bba1f899e4ae957f65771e2d0cf7e06ea50c2863d5f2d09115858,ef91c140a35bba1f899e4ae957f65771e2d0cf7e06ea50c2863d5f2d09115858,True,,,not_explicit_in_available_metadata,,https://www.10xgenomics.com/datasets/visium-hd-cytassist-gene-expression-libraries-of-human-crc,,CC-BY-NC-SA-4.0,Creative Commons Attribution,provider_label_retained_not_individual_legal_clearance,Homo sapiens,Visium HD,Bowel,True,0b6713ed9b5125168b3ae75cbc216c53c58665e46101ac22b7ca54d2a9e31dc2
TENX129,MahmoodLab/hest,MahmoodLab/hest:st/TENX129.h5ad,8b42ca7f80bc475644ac9a520bba7b9cccbce10d,local Hugging Face download receipt,st/TENX129.h5ad,https://huggingface.co/datasets/MahmoodLab/hest/resolve/8b42ca7f80bc475644ac9a520bba7b9cccbce10d/st/TENX129.h5ad,a36bc0f99ee31ebc6541a0e46d17cd29327b2e061e61ec51af73766dd3d39f8b,a36bc0f99ee31ebc6541a0e46d17cd29327b2e061e61ec51af73766dd3d39f8b,True,,,not_explicit_in_available_metadata,,https://www.10xgenomics.com/datasets/visium-hd-cytassist-gene-expression-libraries-of-mouse-intestine,,CC-BY-NC-SA-4.0,Creative Commons Attribution,provider_label_retained_not_individual_legal_clearance,Mus musculus,Visium HD,Bowel,True,325a69778a117c9b8da06799c2dd48cf80afe5a06820d923d2e3ab1b1c449874
TENX13,MahmoodLab/hest,MahmoodLab/hest:st/TENX13.h5ad,8b42ca7f80bc475644ac9a520bba7b9cccbce10d,local Hugging Face download receipt,st/TENX13.h5ad,https://huggingface.co/datasets/MahmoodLab/hest/resolve/8b42ca7f80bc475644ac9a520bba7b9cccbce10d/st/TENX13.h5ad,23cd40978bc3418ec92e99e7dbf43f1e4bce2adcc711c431ddfee6a6b6a4b299,23cd40978bc3418ec92e99e7dbf43f1e4bce2adcc711c431ddfee6a6b6a4b299,True,,,not_explicit_in_available_metadata,,https://www.10xgenomics.com/datasets/human-breast-cancer-block-a-section-1-1-standard-1-1-0,,CC-BY-NC-SA-4.0,Creative Commons Attribution,provider_label_retained_not_individual_legal_clearance,Homo sapiens,Visium,Breast,True,4a6396d9fc663bb40ea7559db2d602a4b2213a0477ada4189ded59ea60567a1f
TENX131,MahmoodLab/hest,MahmoodLab/hest:st/TENX131.h5ad,8b42ca7f80bc475644ac9a520bba7b9cccbce10d,local Hugging Face download receipt,st/TENX131.h5ad,https://huggingface.co/datasets/MahmoodLab/hest/resolve/8b42ca7f80bc475644ac9a520bba7b9cccbce10d/st/TENX131.h5ad,52676af58ccc9b9703d82f2db34893feca5dc50d5329d37b02a3e27206d3b222,52676af58ccc9b9703d82f2db34893feca5dc50d5329d37b02a3e27206d3b222,True,,,not_explicit_in_available_metadata,,https://www.10xgenomics.com/datasets/visium-hd-cytassist-gene-expression-libraries-of-mouse-brain-he,,CC-BY-NC-SA-4.0,Creative Commons Attribution,provider_label_retained_not_individual_legal_clearance,Mus musculus,Visium HD,Brain,True,4676e0474daa69e13dd80acdd3093b44f21c8226a2176a42766d8c7023784799
TENX132,MahmoodLab/hest,MahmoodLab/hest:st/TENX132.h5ad,8b42ca7f80bc475644ac9a520bba7b9cccbce10d,local Hugging Face download receipt,st/TENX132.h5ad,https://huggingface.co/datasets/MahmoodLab/hest/resolve/8b42ca7f80bc475644ac9a520bba7b9cccbce10d/st/TENX132.h5ad,9d3db457ff7ff0685252a0d1a0e97843878fee9a7dd1fb47b4716114bdf4a7a5,9d3db457ff7ff0685252a0d1a0e97843878fee9a7dd1fb47b4716114bdf4a7a5,True,,,not_explicit_in_available_metadata,,https://www.10xgenomics.com/datasets/human-bone-and-bone-marrow-data-with-custom-add-on-panel-1-standard,,CC-BY-NC-SA-4.0,Creative Commons Attribution,provider_label_retained_not_individual_legal_clearance,Homo sapiens,Xenium,Bone,True,e96c7a58136ae234043ae85de43ebe07644c9bb0cee414386e61cf31d8a78407
TENX133,MahmoodLab/hest,MahmoodLab/hest:st/TENX133.h5ad,8b42ca7f80bc475644ac9a520bba7b9cccbce10d,local Hugging Face download receipt,st/TENX133.h5ad,https://huggingface.co/datasets/MahmoodLab/hest/resolve/8b42ca7f80bc475644ac9a520bba7b9cccbce10d/st/TENX133.h5ad,1ccd4d9d4953af53ce4ff1bdbf093da5cd1c7b6a3e681f88f12ad0609f1956f4,1ccd4d9d4953af53ce4ff1bdbf093da5cd1c7b6a3e681f88f12ad0609f1956f4,True,,,not_explicit_in_available_metadata,,https://www.10xgenomics.com/datasets/human-bone-and-bone-marrow-data-with-custom-add-on-panel-1-standard,,CC-BY-NC-SA-4.0,Creative Commons Attribution,provider_label_retained_not_individual_legal_clearance,Homo sapiens,Xenium,Lymphoid,True,97970939620645a4be96cec9035744464298779b691274b3b41aad3e8aa2c8ec
TENX134,MahmoodLab/hest,MahmoodLab/hest:st/TENX134.h5ad,8b42ca7f80bc475644ac9a520bba7b9cccbce10d,local Hugging Face download receipt,st/TENX134.h5ad,https://huggingface.co/datasets/MahmoodLab/hest/resolve/8b42ca7f80bc475644ac9a520bba7b9cccbce10d/st/TENX134.h5ad,c2b12bdf43aa1966fab510eb57e28a3177cae694eb6b46c5c1c8a4108c1f6ef1,c2b12bdf43aa1966fab510eb57e28a3177cae694eb6b46c5c1c8a4108c1f6ef1,True,,,not_explicit_in_available_metadata,,https://www.10xgenomics.com/datasets/human-bone-and-bone-marrow-data-with-custom-add-on-panel-1-standard,,CC-BY-NC-SA-4.0,Creative Commons Attribution,provider_label_retained_not_individual_legal_clearance,Homo sapiens,Xenium,Lymphoid,True,efdc1bccc7e682bfce0054a1e844d5d6a6b5d4248e00e8520bed6b807955657a
TENX135,MahmoodLab/hest,MahmoodLab/hest:st/TENX135.h5ad,8b42ca7f80bc475644ac9a520bba7b9cccbce10d,local Hugging Face download receipt,st/TENX135.h5ad,https://huggingface.co/datasets/MahmoodLab/hest/resolve/8b42ca7f80bc475644ac9a520bba7b9cccbce10d/st/TENX135.h5ad,8bca49c20b3d4c4a8991f8777b30860ea2578e358275ece93225a944ea303607,8bca49c20b3d4c4a8991f8777b30860ea2578e358275ece93225a944ea303607,True,,,not_explicit_in_available_metadata,,https://www.10xgenomics.com/datasets/mouse-bone-data-with-custom-add-on-panel-1-standard,,CC-BY-NC-SA-4.0,Creative Commons Attribution,provider_label_retained_not_individual_legal_clearance,Mus musculus,Xenium,Bone,True,8bb34c49016aeb09fce07ee5fd1ee0c5554053b036eec5db28efee5a3332ff0d
TENX136,MahmoodLab/hest,MahmoodLab/hest:st/TENX136.h5ad,8b42ca7f80bc475644ac9a520bba7b9cccbce10d,local Hugging Face download receipt,st/TENX136.h5ad,https://huggingface.co/datasets/MahmoodLab/hest/resolve/8b42ca7f80bc475644ac9a520bba7b9cccbce10d/st/TENX136.h5ad,593dd98a0d576d2e25f68198ffb9d0c3bf4b39f6214be2a23492607e83eb346f,593dd98a0d576d2e25f68198ffb9d0c3bf4b39f6214be2a23492607e83eb346f,True,,,not_explicit_in_available_metadata,,https://www.10xgenomics.com/datasets/mouse-bone-data-with-custom-add-on-panel-1-standard,,CC-BY-NC-SA-4.0,Creative Commons Attribution,provider_label_retained_not_individual_legal_clearance,Mus musculus,Xenium,Bone,True,edc255d226e958be23b99162ec2f3cfccc09f8f8de3b3b52d34803cdb25bfb0f
TENX137,MahmoodLab/hest,MahmoodLab/hest:st/TENX137.h5ad,8b42ca7f80bc475644ac9a520bba7b9cccbce10d,local Hugging Face download receipt,st/TENX137.h5ad,https://huggingface.co/datasets/MahmoodLab/hest/resolve/8b42ca7f80bc475644ac9a520bba7b9cccbce10d/st/TENX137.h5ad,d47ac47cb80375f3efad771b69d3b500b41e0e77c9dcb5f3f71e8426a90c332e,d47ac47cb80375f3efad771b69d3b500b41e0e77c9dcb5f3f71e8426a90c332e,True,,,not_explicit_in_available_metadata,,https://www.10xgenomics.com/datasets/mouse-bone-data-with-custom-add-on-panel-1-standard,,CC-BY-NC-SA-4.0,Creative Commons Attribution,provider_label_retained_not_individual_legal_clearance,Mus musculus,Xenium,Bone,True,0f6e62b69d606f01bcac0ee52a118f560390276041c4715c819c772040ef22ec
TENX138,MahmoodLab/hest,MahmoodLab/hest:st/TENX138.h5ad,8b42ca7f80bc475644ac9a520bba7b9cccbce10d,local Hugging Face download receipt,st/TENX138.h5ad,https://huggingface.co/datasets/MahmoodLab/hest/resolve/8b42ca7f80bc475644ac9a520bba7b9cccbce10d/st/TENX138.h5ad,6c03d5ee0e63b392afad13294d4ec74a80e9dfbf7b8b267344a046698568b683,6c03d5ee0e63b392afad13294d4ec74a80e9dfbf7b8b267344a046698568b683,True,,,not_explicit_in_available_metadata,,https://www.10xgenomics.com/datasets/ffpe-human-brain-cancer-data-with-human-immuno-oncology-profiling-panel-and-custom-add-on-1-standard,,CC-BY-NC-SA-4.0,Creative Commons Attribution,provider_label_retained_not_individual_legal_clearance,Homo sapiens,Xenium,Brain,True,2689872f8a1bf43051e29e32eef2ed039063afd47feeadddb89c311a33091f0f
TENX139,MahmoodLab/hest,MahmoodLab/hest:st/TENX139.h5ad,8b42ca7f80bc475644ac9a520bba7b9cccbce10d,local Hugging Face download receipt,st/TENX139.h5ad,https://huggingface.co/datasets/MahmoodLab/hest/resolve/8b42ca7f80bc475644ac9a520bba7b9cccbce10d/st/TENX139.h5ad,a785c38b145ebe0802e6758a5f3e0b3788da2134fe6df399f6892a44a4d33267,a785c38b145ebe0802e6758a5f3e0b3788da2134fe6df399f6892a44a4d33267,True,,,not_explicit_in_available_metadata,,https://www.10xgenomics.com/datasets/ffpe-human-colorectal-cancer-data-with-human-immuno-oncology-profiling-panel-and-custom-add-on-1-standard,,CC-BY-NC-SA-4.0,Creative Commons Attribution,provider_label_retained_not_individual_legal_clearance,Homo sapiens,Xenium,Bowel,True,d1908afc45711cc461d55beb2908e26cab1b0c6ab448531f9ee5a6a7d9ee3912
TENX14,MahmoodLab/hest,MahmoodLab/hest:st/TENX14.h5ad,8b42ca7f80bc475644ac9a520bba7b9cccbce10d,local Hugging Face download receipt,st/TENX14.h5ad,https://huggingface.co/datasets/MahmoodLab/hest/resolve/8b42ca7f80bc475644ac9a520bba7b9cccbce10d/st/TENX14.h5ad,5739a6e52b6353e22b596d4b9cee46905f93846b5fca6ced5eec81aa3217944e,5739a6e52b6353e22b596d4b9cee46905f93846b5fca6ced5eec81aa3217944e,True,,,not_explicit_in_available_metadata,,https://www.10xgenomics.com/datasets/human-breast-cancer-block-a-section-2-1-standard-1-1-0,,CC-BY-NC-SA-4.0,Creative Commons Attribution,provider_label_retained_not_individual_legal_clearance,Homo sapiens,Visium,Breast,True,baba7282252c02b6413b33baff0df57a222905ae51df936d1fb0c32396a52022
TENX140,MahmoodLab/hest,MahmoodLab/hest:st/TENX140.h5ad,8b42ca7f80bc475644ac9a520bba7b9cccbce10d,local Hugging Face download receipt,st/TENX140.h5ad,https://huggingface.co/datasets/MahmoodLab/hest/resolve/8b42ca7f80bc475644ac9a520bba7b9cccbce10d/st/TENX140.h5ad,b3831a91ae9deb301f3a6955e61d683c821c53b50151aaa3cb0f8e09d39433d6,b3831a91ae9deb301f3a6955e61d683c821c53b50151aaa3cb0f8e09d39433d6,True,,,not_explicit_in_available_metadata,,https://www.10xgenomics.com/datasets/ffpe-human-ductal-adenocarcinoma-data-with-human-immuno-oncology-profiling-panel-1-standard,,CC-BY-NC-SA-4.0,Creative Commons Attribution,provider_label_retained_not_individual_legal_clearance,Homo sapiens,Xenium,Pancreas,True,a6ca32ab8034ee2fe3f4b9f8c2d3ca16c13f81f73f7103e3b738a2ce24fe39cb
TENX141,MahmoodLab/hest,MahmoodLab/hest:st/TENX141.h5ad,8b42ca7f80bc475644ac9a520bba7b9cccbce10d,local Hugging Face download receipt,st/TENX141.h5ad,https://huggingface.co/datasets/MahmoodLab/hest/resolve/8b42ca7f80bc475644ac9a520bba7b9cccbce10d/st/TENX141.h5ad,53df93a744d9c39b7712e505b0cfa939ea5e9bf84d9a6b1ef4401299a359e2d7,53df93a744d9c39b7712e505b0cfa939ea5e9bf84d9a6b1ef4401299a359e2d7,True,,,not_explicit_in_available_metadata,,https://www.10xgenomics.com/datasets/ffpe-human-lung-cancer-data-with-human-immuno-oncology-profiling-panel-and-custom-add-on-1-standard,,CC-BY-NC-SA-4.0,Creative Commons Attribution,provider_label_retained_not_individual_legal_clearance,Homo sapiens,Xenium,Lung,True,2bd063a6a5416ea73caf0e446319657a332f25cadcf3a2581cdcd8dd21d0dca0
TENX142,MahmoodLab/hest,MahmoodLab/hest:st/TENX142.h5ad,8b42ca7f80bc475644ac9a520bba7b9cccbce10d,local Hugging Face download receipt,st/TENX142.h5ad,https://huggingface.co/datasets/MahmoodLab/hest/resolve/8b42ca7f80bc475644ac9a520bba7b9cccbce10d/st/TENX142.h5ad,a82ef80d0aede4d7b7a3bece86a1e737211cb0b8219d4f5d0df3680a0429fdfe,a82ef80d0aede4d7b7a3bece86a1e737211cb0b8219d4f5d0df3680a0429fdfe,True,,,not_explicit_in_available_metadata,,https://www.10xgenomics.com/datasets/ffpe-human-ovarian-cancer-data-with-human-immuno-oncology-profiling-panel-and-custom-add-on-1-standard,,CC-BY-NC-SA-4.0,Creative Commons Attribution,provider_label_retained_not_individual_legal_clearance,Homo sapiens,Xenium,Ovary,True,2f6552cc31426d8043e53ccce0c3977c78d65db46d45d3783dbfabddbcbb3051
TENX15,MahmoodLab/hest,MahmoodLab/hest:st/TENX15.h5ad,8b42ca7f80bc475644ac9a520bba7b9cccbce10d,local Hugging Face download receipt,st/TENX15.h5ad,https://huggingface.co/datasets/MahmoodLab/hest/resolve/8b42ca7f80bc475644ac9a520bba7b9cccbce10d/st/TENX15.h5ad,e7c532b2a46267a47c9e710b40ee67bb87b608c2a285fbf377afe3676ab35442,e7c532b2a46267a47c9e710b40ee67bb87b608c2a285fbf377afe3676ab35442,True,,,not_explicit_in_available_metadata,,https://www.10xgenomics.com/datasets/human-heart-1-standard-1-1-0,,CC-BY-NC-SA-4.0,Creative Commons Attribution,provider_label_retained_not_individual_legal_clearance,Homo sapiens,Visium,Heart,True,6be52898eccd81d4818d283db079a6d12ffe447dc1bebd5c193edd6cfe22a68e
TENX16,MahmoodLab/hest,MahmoodLab/hest:st/TENX16.h5ad,8b42ca7f80bc475644ac9a520bba7b9cccbce10d,local Hugging Face download receipt,st/TENX16.h5ad,https://huggingface.co/datasets/MahmoodLab/hest/resolve/8b42ca7f80bc475644ac9a520bba7b9cccbce10d/st/TENX16.h5ad,aebfba1b7a00dc406138d8fb02847282a38efa185f36113d123695ad37a58c16,aebfba1b7a00dc406138d8fb02847282a38efa185f36113d123695ad37a58c16,True,,,not_explicit_in_available_metadata,,https://www.10xgenomics.com/datasets/human-lymph-node-1-standard-1-1-0,,CC-BY-NC-SA-4.0,Creative Commons Attribution,provider_label_retained_not_individual_legal_clearance,Homo sapiens,Visium,Lymph node,True,4d5e930a9b47e23cc6533245a334e70b37ad81042840c8e643303b8ba19c0bff
TENX18,MahmoodLab/hest,MahmoodLab/hest:st/TENX18.h5ad,8b42ca7f80bc475644ac9a520bba7b9cccbce10d,local Hugging Face download receipt,st/TENX18.h5ad,https://huggingface.co/datasets/MahmoodLab/hest/resolve/8b42ca7f80bc475644ac9a520bba7b9cccbce10d/st/TENX18.h5ad,9f76de3b3995cd42d5845ea756fe6a825723f153fa9a673cf20a575cfbcc1889,9f76de3b3995cd42d5845ea756fe6a825723f153fa9a673cf20a575cfbcc1889,True,,,not_explicit_in_available_metadata,,https://www.10xgenomics.com/datasets/mouse-brain-serial-section-1-sagittal-anterior-1-standard-1-1-0,,CC-BY-NC-SA-4.0,Creative Commons Attribution,provider_label_retained_not_individual_legal_clearance,Mus musculus,Visium,Brain,True,5ed15183fb784337df493df9c79359723982f90997c3683d4d043cf2505bb9ce
TENX19,MahmoodLab/hest,MahmoodLab/hest:st/TENX19.h5ad,8b42ca7f80bc475644ac9a520bba7b9cccbce10d,local Hugging Face download receipt,st/TENX19.h5ad,https://huggingface.co/datasets/MahmoodLab/hest/resolve/8b42ca7f80bc475644ac9a520bba7b9cccbce10d/st/TENX19.h5ad,4940c008b669f8f198b9e414600041e54b0532b7b1df4e9007220c7d3aaf845d,4940c008b669f8f198b9e414600041e54b0532b7b1df4e9007220c7d3aaf845d,True,,,not_explicit_in_available_metadata,,https://www.10xgenomics.com/datasets/mouse-brain-serial-section-1-sagittal-posterior-1-standard-1-1-0,,CC-BY-NC-SA-4.0,Creative Commons Attribution,provider_label_retained_not_individual_legal_clearance,Mus musculus,Visium,Brain,True,8d4f653275349fad1410e1ce95c9a9ed66da33dbe22f23088a9e85bd234df654
TENX22,MahmoodLab/hest,MahmoodLab/hest:st/TENX22.h5ad,8b42ca7f80bc475644ac9a520bba7b9cccbce10d,local Hugging Face download receipt,st/TENX22.h5ad,https://huggingface.co/datasets/MahmoodLab/hest/resolve/8b42ca7f80bc475644ac9a520bba7b9cccbce10d/st/TENX22.h5ad,7ee5171706967fdeaa8c35e882d5819bfe2a371906190832f4bd8e906d4e1585,7ee5171706967fdeaa8c35e882d5819bfe2a371906190832f4bd8e906d4e1585,True,,,not_explicit_in_available_metadata,,https://www.10xgenomics.com/datasets/mouse-kidney-section-coronal-1-standard-1-1-0,,CC-BY-NC-SA-4.0,Creative Commons Attribution,provider_label_retained_not_individual_legal_clearance,Mus musculus,Visium,Kidney,True,c71ea090489a8e9ad9d3276e33713c9f33c555ea8af0acffb668d1b91d2ce362
TENX23,MahmoodLab/hest,MahmoodLab/hest:st/TENX23.h5ad,8b42ca7f80bc475644ac9a520bba7b9cccbce10d,local Hugging Face download receipt,st/TENX23.h5ad,https://huggingface.co/datasets/MahmoodLab/hest/resolve/8b42ca7f80bc475644ac9a520bba7b9cccbce10d/st/TENX23.h5ad,774566006027a48665b41d58f350e20e37355046fd5e1357dbf32548347bdcab,774566006027a48665b41d58f350e20e37355046fd5e1357dbf32548347bdcab,True,,,not_explicit_in_available_metadata,,https://www.10xgenomics.com/datasets/human-breast-cancer-targeted-immunology-panel-1-standard-1-2-0,,CC-BY-NC-SA-4.0,Creative Commons Attribution,provider_label_retained_not_individual_legal_clearance,Homo sapiens,Visium,Breast,True,f828266d732f93aa824d6b893817bdea491ad7cb3060c8291273531cd85eed48
TENX27,MahmoodLab/hest,MahmoodLab/hest:st/TENX27.h5ad,8b42ca7f80bc475644ac9a520bba7b9cccbce10d,local Hugging Face download receipt,st/TENX27.h5ad,https://huggingface.co/datasets/MahmoodLab/hest/resolve/8b42ca7f80bc475644ac9a520bba7b9cccbce10d/st/TENX27.h5ad,471d7600a8506c5029d7d6e128f1046266726ecc2376e25ac68137899e344a74,471d7600a8506c5029d7d6e128f1046266726ecc2376e25ac68137899e344a74,True,,,not_explicit_in_available_metadata,,https://www.10xgenomics.com/datasets/human-cerebellum-whole-transcriptome-analysis-1-standard-1-2-0,,CC-BY-NC-SA-4.0,Creative Commons Attribution,provider_label_retained_not_individual_legal_clearance,Homo sapiens,Visium,Brain,True,89367f02d3330446f024b99b32551b247c3025d4e10d1eeee835ee9a391b7f00
TENX28,MahmoodLab/hest,MahmoodLab/hest:st/TENX28.h5ad,8b42ca7f80bc475644ac9a520bba7b9cccbce10d,local Hugging Face download receipt,st/TENX28.h5ad,https://huggingface.co/datasets/MahmoodLab/hest/resolve/8b42ca7f80bc475644ac9a520bba7b9cccbce10d/st/TENX28.h5ad,ac281b3925613118077eb476a00f76ba855f6a665178cef4e402e414aa8b976e,ac281b3925613118077eb476a00f76ba855f6a665178cef4e402e414aa8b976e,True,,,not_explicit_in_available_metadata,,https://www.10xgenomics.com/datasets/human-colorectal-cancer-targeted-gene-signature-panel-1-standard-1-2-0,,CC-BY-NC-SA-4.0,Creative Commons Attribution,provider_label_retained_not_individual_legal_clearance,Homo sapiens,Visium,Bowel,True,6cdfb8a468e2a3519f79dde65da4a18559525f7943bf1d0bd88e7dae20fb1688
TENX29,MahmoodLab/hest,MahmoodLab/hest:st/TENX29.h5ad,8b42ca7f80bc475644ac9a520bba7b9cccbce10d,local Hugging Face download receipt,st/TENX29.h5ad,https://huggingface.co/datasets/MahmoodLab/hest/resolve/8b42ca7f80bc475644ac9a520bba7b9cccbce10d/st/TENX29.h5ad,c5ccb25b302580ff0825a45cfdcd5f683f586f348f81a5790c61f8600a7934b3,c5ccb25b302580ff0825a45cfdcd5f683f586f348f81a5790c61f8600a7934b3,True,,,not_explicit_in_available_metadata,,https://www.10xgenomics.com/datasets/human-colorectal-cancer-whole-transcriptome-analysis-1-standard-1-2-0,,CC-BY-NC-SA-4.0,Creative Commons Attribution,provider_label_retained_not_individual_legal_clearance,Homo sapiens,Visium,Bowel,True,e2422d4a0831ff6786f1cac23a6976ae8e030b8060d6373d73722f35f2f4e6c9
TENX30,MahmoodLab/hest,MahmoodLab/hest:st/TENX30.h5ad,8b42ca7f80bc475644ac9a520bba7b9cccbce10d,local Hugging Face download receipt,st/TENX30.h5ad,https://huggingface.co/datasets/MahmoodLab/hest/resolve/8b42ca7f80bc475644ac9a520bba7b9cccbce10d/st/TENX30.h5ad,8142c4f5f9050f4e37d92749a68df52ff8444a3f4b0b64d1c0bf205e1929cdaf,8142c4f5f9050f4e37d92749a68df52ff8444a3f4b0b64d1c0bf205e1929cdaf,True,,,not_explicit_in_available_metadata,,https://www.10xgenomics.com/datasets/human-glioblastoma-targeted-pan-cancer-panel-1-standard-1-2-0,,CC-BY-NC-SA-4.0,Creative Commons Attribution,provider_label_retained_not_individual_legal_clearance,Homo sapiens,Visium,Brain,True,6aaa5f85a9f25cdbd30d0daeff7246b513edf428c04690e693175e986a7e8d5f
TENX31,MahmoodLab/hest,MahmoodLab/hest:st/TENX31.h5ad,8b42ca7f80bc475644ac9a520bba7b9cccbce10d,local Hugging Face download receipt,st/TENX31.h5ad,https://huggingface.co/datasets/MahmoodLab/hest/resolve/8b42ca7f80bc475644ac9a520bba7b9cccbce10d/st/TENX31.h5ad,291d2f53b644d85de632644ff03b55249113b49bd1a1a4907958f57780959c6a,291d2f53b644d85de632644ff03b55249113b49bd1a1a4907958f57780959c6a,True,,,not_explicit_in_available_metadata,,https://www.10xgenomics.com/datasets/human-glioblastoma-whole-transcriptome-analysis-1-standard-1-2-0,,CC-BY-NC-SA-4.0,Creative Commons Attribution,provider_label_retained_not_individual_legal_clearance,Homo sapiens,Visium,Brain,True,2bbf38745b6f1b5a72bf210d34913f35f4d8d35e3ccdf33c6346ad2d2dfaa36f
TENX39,MahmoodLab/hest,MahmoodLab/hest:st/TENX39.h5ad,8b42ca7f80bc475644ac9a520bba7b9cccbce10d,local Hugging Face download receipt,st/TENX39.h5ad,https://huggingface.co/datasets/MahmoodLab/hest/resolve/8b42ca7f80bc475644ac9a520bba7b9cccbce10d/st/TENX39.h5ad,f52e7eca33134c771364569ea4265ca484c95d2e3a09c08b16b395463a8c947b,f52e7eca33134c771364569ea4265ca484c95d2e3a09c08b16b395463a8c947b,True,,,not_explicit_in_available_metadata,,https://www.10xgenomics.com/datasets/human-breast-cancer-ductal-carcinoma-in-situ-invasive-carcinoma-ffpe-1-standard-1-3-0,,CC-BY-NC-SA-4.0,Creative Commons Attribution,provider_label_retained_not_individual_legal_clearance,Homo sapiens,Visium,Breast,True,67401fbc7075dd2aebbd3f65b0c728adeb2a8e5967f1fd9b52b242da2215586c
TENX40,MahmoodLab/hest,MahmoodLab/hest:st/TENX40.h5ad,8b42ca7f80bc475644ac9a520bba7b9cccbce10d,local Hugging Face download receipt,st/TENX40.h5ad,https://huggingface.co/datasets/MahmoodLab/hest/resolve/8b42ca7f80bc475644ac9a520bba7b9cccbce10d/st/TENX40.h5ad,533eaf343945baeac86e925e3da8aa3ab1371fff14baeb4f3c869dd8b7ee0d8c,533eaf343945baeac86e925e3da8aa3ab1371fff14baeb4f3c869dd8b7ee0d8c,True,,,not_explicit_in_available_metadata,,https://www.10xgenomics.com/datasets/human-prostate-cancer-adenocarcinoma-with-invasive-carcinoma-ffpe-1-standard-1-3-0,,CC-BY-NC-SA-4.0,Creative Commons Attribution,provider_label_retained_not_individual_legal_clearance,Homo sapiens,Visium,Prostate,True,dac9632655cbeb8babbb12a41b98e32c036f7155fbf70ce6439e58662bd64abf
TENX41,MahmoodLab/hest,MahmoodLab/hest:st/TENX41.h5ad,8b42ca7f80bc475644ac9a520bba7b9cccbce10d,local Hugging Face download receipt,st/TENX41.h5ad,https://huggingface.co/datasets/MahmoodLab/hest/resolve/8b42ca7f80bc475644ac9a520bba7b9cccbce10d/st/TENX41.h5ad,97a088e850536aa56891afcc651bf65f6e7251d473f3633e9dde1568feb48edb,97a088e850536aa56891afcc651bf65f6e7251d473f3633e9dde1568feb48edb,True,,,not_explicit_in_available_metadata,,https://www.10xgenomics.com/datasets/normal-human-prostate-ffpe-1-standard-1-3-0,,CC-BY-NC-SA-4.0,Creative Commons Attribution,provider_label_retained_not_individual_legal_clearance,Homo sapiens,Visium,Prostate,True,e3b61845a58b3e7e03b995704277b862bebd7d9649b3d2629e121cd054a907b2
TENX43,MahmoodLab/hest,MahmoodLab/hest:st/TENX43.h5ad,8b42ca7f80bc475644ac9a520bba7b9cccbce10d,local Hugging Face download receipt,st/TENX43.h5ad,https://huggingface.co/datasets/MahmoodLab/hest/resolve/8b42ca7f80bc475644ac9a520bba7b9cccbce10d/st/TENX43.h5ad,85fb8de62fb00871aa81ff46a1ebecebd6831a8dd9036f1ec7c531cc7715fe47,85fb8de62fb00871aa81ff46a1ebecebd6831a8dd9036f1ec7c531cc7715fe47,True,,,not_explicit_in_available_metadata,,https://www.10xgenomics.com/datasets/adult-mouse-brain-ffpe-1-standard-1-3-0,,CC-BY-NC-SA-4.0,Creative Commons Attribution,provider_label_retained_not_individual_legal_clearance,Mus musculus,Visium,Brain,True,faa6933da990fa125ae39aa5492d722ccb7b7c8755f0959a12baea47cb38985c
TENX45,MahmoodLab/hest,MahmoodLab/hest:st/TENX45.h5ad,8b42ca7f80bc475644ac9a520bba7b9cccbce10d,local Hugging Face download receipt,st/TENX45.h5ad,https://huggingface.co/datasets/MahmoodLab/hest/resolve/8b42ca7f80bc475644ac9a520bba7b9cccbce10d/st/TENX45.h5ad,ca5a60fda34fbd2ff1e75d373d0e5eafd454319d03ece9b0ced0032f61d05bed,ca5a60fda34fbd2ff1e75d373d0e5eafd454319d03ece9b0ced0032f61d05bed,True,,,not_explicit_in_available_metadata,,https://www.10xgenomics.com/datasets/adult-mouse-kidney-ffpe-1-standard-1-3-0,,CC-BY-NC-SA-4.0,Creative Commons Attribution,provider_label_retained_not_individual_legal_clearance,Mus musculus,Visium,Kidney,True,b9a9cc27535fcb6906ea4689520f5777e1eb27d706c0ad38967b743ae6109a2e
TENX46,MahmoodLab/hest,MahmoodLab/hest:st/TENX46.h5ad,8b42ca7f80bc475644ac9a520bba7b9cccbce10d,local Hugging Face download receipt,st/TENX46.h5ad,https://huggingface.co/datasets/MahmoodLab/hest/resolve/8b42ca7f80bc475644ac9a520bba7b9cccbce10d/st/TENX46.h5ad,a2076784a8c690d3d0318db916b2a6374e9b50469799edf9eb892808b989c622,a2076784a8c690d3d0318db916b2a6374e9b50469799edf9eb892808b989c622,True,,,not_explicit_in_available_metadata,,https://www.10xgenomics.com/datasets/human-prostate-cancer-acinar-cell-carcinoma-ffpe-1-standard,,CC-BY-NC-SA-4.0,Creative Commons Attribution,provider_label_retained_not_individual_legal_clearance,Homo sapiens,Visium,Prostate,True,4deeea144fc834150f39abf9ceb5d137f735638a7fceaf5ab1a4bd7ecb90bba8
TENX49,MahmoodLab/hest,MahmoodLab/hest:st/TENX49.h5ad,8b42ca7f80bc475644ac9a520bba7b9cccbce10d,local Hugging Face download receipt,st/TENX49.h5ad,https://huggingface.co/datasets/MahmoodLab/hest/resolve/8b42ca7f80bc475644ac9a520bba7b9cccbce10d/st/TENX49.h5ad,4d3dcb432d5f40575f1dcfe36022062cfc0297ebcfa5c32ae7999e57288d2aed,4d3dcb432d5f40575f1dcfe36022062cfc0297ebcfa5c32ae7999e57288d2aed,True,,,not_explicit_in_available_metadata,,https://www.10xgenomics.com/datasets/human-intestine-cancer-1-standard,,CC-BY-NC-SA-4.0,Creative Commons Attribution,provider_label_retained_not_individual_legal_clearance,Homo sapiens,Visium,Bowel,True,7ebf825deaa1f43e7dedfe8eace9871995e8330d86afffbd527a334ecc6d359b
TENX50,MahmoodLab/hest,MahmoodLab/hest:st/TENX50.h5ad,8b42ca7f80bc475644ac9a520bba7b9cccbce10d,local Hugging Face download receipt,st/TENX50.h5ad,https://huggingface.co/datasets/MahmoodLab/hest/resolve/8b42ca7f80bc475644ac9a520bba7b9cccbce10d/st/TENX50.h5ad,bdf434ca2612f6147fac400808dc51f6adc5e8f125f113fe8bdc6e85efe39206,bdf434ca2612f6147fac400808dc51f6adc5e8f125f113fe8bdc6e85efe39206,True,,,not_explicit_in_available_metadata,,https://www.10xgenomics.com/datasets/human-cervical-cancer-1-standard,,CC-BY-NC-SA-4.0,Creative Commons Attribution,provider_label_retained_not_individual_legal_clearance,Homo sapiens,Visium,Cervix,True,d514c97cf71ab2ec91fc027f55a9d360db81c042b914d162f05ffe887323cd32
TENX51,MahmoodLab/hest,MahmoodLab/hest:st/TENX51.h5ad,8b42ca7f80bc475644ac9a520bba7b9cccbce10d,local Hugging Face download receipt,st/TENX51.h5ad,https://huggingface.co/datasets/MahmoodLab/hest/resolve/8b42ca7f80bc475644ac9a520bba7b9cccbce10d/st/TENX51.h5ad,26fc1b093925115522398346d337c63701a3aefecc53fe46440ab2a052fb4a11,26fc1b093925115522398346d337c63701a3aefecc53fe46440ab2a052fb4a11,True,,,not_explicit_in_available_metadata,,https://www.10xgenomics.com/datasets/human-ovarian-cancer-1-standard,,CC-BY-NC-SA-4.0,Creative Commons Attribution,provider_label_retained_not_individual_legal_clearance,Homo sapiens,Visium,Ovary,True,f10bff115e7feadc0ab53625f507d5b4f6d12dad1bc2488488876ddad7c84e49
TENX52,MahmoodLab/hest,MahmoodLab/hest:st/TENX52.h5ad,8b42ca7f80bc475644ac9a520bba7b9cccbce10d,local Hugging Face download receipt,st/TENX52.h5ad,https://huggingface.co/datasets/MahmoodLab/hest/resolve/8b42ca7f80bc475644ac9a520bba7b9cccbce10d/st/TENX52.h5ad,b5e3225a30c2d604bd022471a8fbe2084f15be6711234311b694c266a9bc78b9,b5e3225a30c2d604bd022471a8fbe2084f15be6711234311b694c266a9bc78b9,True,,,not_explicit_in_available_metadata,,https://www.10xgenomics.com/datasets/mouse-brain-section-coronal-1-standard,,CC-BY-NC-SA-4.0,Creative Commons Attribution,provider_label_retained_not_individual_legal_clearance,Mus musculus,Visium,Brain,True,2d507f7db8474245d9bb38d08ff9a11e1664c029a2c8126d509a6200c9f5055f
TENX53,MahmoodLab/hest,MahmoodLab/hest:st/TENX53.h5ad,8b42ca7f80bc475644ac9a520bba7b9cccbce10d,local Hugging Face download receipt,st/TENX53.h5ad,https://huggingface.co/datasets/MahmoodLab/hest/resolve/8b42ca7f80bc475644ac9a520bba7b9cccbce10d/st/TENX53.h5ad,3fcad61a42b40fa2930469c9732c1b95fb0c10a8d0166ecb29ce7d13a6ac5f72,3fcad61a42b40fa2930469c9732c1b95fb0c10a8d0166ecb29ce7d13a6ac5f72,True,,,not_explicit_in_available_metadata,,https://www.10xgenomics.com/datasets/human-breast-cancer-visium-fresh-frozen-whole-transcriptome-1-standard,,CC-BY-NC-SA-4.0,Creative Commons Attribution,provider_label_retained_not_individual_legal_clearance,Homo sapiens,Visium,Breast,True,2ae8ee39f36256269fdb4da4a76ee2a459629b6884e3e92ffb92b24ab82c833e
TENX54,MahmoodLab/hest,MahmoodLab/hest:st/TENX54.h5ad,8b42ca7f80bc475644ac9a520bba7b9cccbce10d,local Hugging Face download receipt,st/TENX54.h5ad,https://huggingface.co/datasets/MahmoodLab/hest/resolve/8b42ca7f80bc475644ac9a520bba7b9cccbce10d/st/TENX54.h5ad,243a54864fe9fe76e3b1e9d75955e980b3c367ff53d4ab08d86a570f39484f7f,243a54864fe9fe76e3b1e9d75955e980b3c367ff53d4ab08d86a570f39484f7f,True,,,not_explicit_in_available_metadata,,https://www.10xgenomics.com/datasets/mouse-brain-serial-section-2-sagittal-posterior-1-standard,,CC-BY-NC-SA-4.0,Creative Commons Attribution,provider_label_retained_not_individual_legal_clearance,Mus musculus,Visium,Brain,True,62e93569b9348bd29ed0b7cec6e5eb1da9e8859a1e08d8f004976197f49e3193
TENX55,MahmoodLab/hest,MahmoodLab/hest:st/TENX55.h5ad,8b42ca7f80bc475644ac9a520bba7b9cccbce10d,local Hugging Face download receipt,st/TENX55.h5ad,https://huggingface.co/datasets/MahmoodLab/hest/resolve/8b42ca7f80bc475644ac9a520bba7b9cccbce10d/st/TENX55.h5ad,fd2daffc1941374850bc0122a8fad0d16345ca86c1a19daacbd6826a8a46dd5d,fd2daffc1941374850bc0122a8fad0d16345ca86c1a19daacbd6826a8a46dd5d,True,,,not_explicit_in_available_metadata,,https://www.10xgenomics.com/datasets/mouse-brain-serial-section-2-sagittal-anterior-1-standard,,CC-BY-NC-SA-4.0,Creative Commons Attribution,provider_label_retained_not_individual_legal_clearance,Mus musculus,Visium,Brain,True,9023fd9159b840a5247821d3602594555b2643f52f9d5850b0f3a98bc292bbf9
TENX56,MahmoodLab/hest,MahmoodLab/hest:st/TENX56.h5ad,8b42ca7f80bc475644ac9a520bba7b9cccbce10d,local Hugging Face download receipt,st/TENX56.h5ad,https://huggingface.co/datasets/MahmoodLab/hest/resolve/8b42ca7f80bc475644ac9a520bba7b9cccbce10d/st/TENX56.h5ad,a88ababf0ef6f79285c51f82c8adc835ee9f94c0b3f7bac9e7fe30a85856aab9,a88ababf0ef6f79285c51f82c8adc835ee9f94c0b3f7bac9e7fe30a85856aab9,True,,,not_explicit_in_available_metadata,,https://www.10xgenomics.com/datasets/human-cerebellum-targeted-neuroscience-panel-1-standard,,CC-BY-NC-SA-4.0,Creative Commons Attribution,provider_label_retained_not_individual_legal_clearance,Homo sapiens,Visium,Brain,True,6481cadb7e646c09c4fe210542034722ab211ffcd29e834b5de755e126716d6f
TENX58,MahmoodLab/hest,MahmoodLab/hest:st/TENX58.h5ad,8b42ca7f80bc475644ac9a520bba7b9cccbce10d,local Hugging Face download receipt,st/TENX58.h5ad,https://huggingface.co/datasets/MahmoodLab/hest/resolve/8b42ca7f80bc475644ac9a520bba7b9cccbce10d/st/TENX58.h5ad,b66617dba453c6f5e44193d02ddc59f96df464ceefadfc2517f68a9185b31c14,b66617dba453c6f5e44193d02ddc59f96df464ceefadfc2517f68a9185b31c14,True,,,not_explicit_in_available_metadata,,https://www.10xgenomics.com/datasets/adult-mouse-olfactory-bulb-1-standard-1,,CC-BY-NC-SA-4.0,Creative Commons Attribution,provider_label_retained_not_individual_legal_clearance,Mus musculus,Visium,Brain,True,8dffe65ccf78ffe015c326dc77d4bc9614e6d6d1633954e884b491c90a01fa0c
TENX60,MahmoodLab/hest,MahmoodLab/hest:st/TENX60.h5ad,8b42ca7f80bc475644ac9a520bba7b9cccbce10d,local Hugging Face download receipt,st/TENX60.h5ad,https://huggingface.co/datasets/MahmoodLab/hest/resolve/8b42ca7f80bc475644ac9a520bba7b9cccbce10d/st/TENX60.h5ad,47ad57a3beb466082eeac33c0f9bab7131a341d1cf7ddffa0a81440ea03694e9,47ad57a3beb466082eeac33c0f9bab7131a341d1cf7ddffa0a81440ea03694e9,True,,,not_explicit_in_available_metadata,,https://www.10xgenomics.com/datasets/mouse-brain-coronal-section-1-ffpe-2-standard,,CC-BY-NC-SA-4.0,Creative Commons Attribution,provider_label_retained_not_individual_legal_clearance,Mus musculus,Visium,Brain,True,f7d18f4894e0edc41c7207da29799069da1bb0a36d389a027ae135178981ff2a
TENX61,MahmoodLab/hest,MahmoodLab/hest:st/TENX61.h5ad,8b42ca7f80bc475644ac9a520bba7b9cccbce10d,local Hugging Face download receipt,st/TENX61.h5ad,https://huggingface.co/datasets/MahmoodLab/hest/resolve/8b42ca7f80bc475644ac9a520bba7b9cccbce10d/st/TENX61.h5ad,6757539ad145cf55c310f9b9bdf4332db6f68141808b957255ea0889dc133e2d,6757539ad145cf55c310f9b9bdf4332db6f68141808b957255ea0889dc133e2d,True,,,not_explicit_in_available_metadata,,https://www.10xgenomics.com/datasets/mouse-brain-coronal-section-2-ffpe-2-standard,,CC-BY-NC-SA-4.0,Creative Commons Attribution,provider_label_retained_not_individual_legal_clearance,Mus musculus,Visium,Brain,True,27ec04b762336df0cb2b792358181fdf90f37988098a88630ca03c16cd911c18
TENX62,MahmoodLab/hest,MahmoodLab/hest:st/TENX62.h5ad,8b42ca7f80bc475644ac9a520bba7b9cccbce10d,local Hugging Face download receipt,st/TENX62.h5ad,https://huggingface.co/datasets/MahmoodLab/hest/resolve/8b42ca7f80bc475644ac9a520bba7b9cccbce10d/st/TENX62.h5ad,3b55b07aea7b4c8b6c5c51fc7d72c91380efcb3ec96acaff45fd83c11f53bd4b,3b55b07aea7b4c8b6c5c51fc7d72c91380efcb3ec96acaff45fd83c11f53bd4b,True,,,not_explicit_in_available_metadata,,https://www.10xgenomics.com/datasets/human-lung-cancer-ffpe-2-standard,,CC-BY-NC-SA-4.0,Creative Commons Attribution,provider_label_retained_not_individual_legal_clearance,Homo sapiens,Visium,Lung,True,33438835fff795d033f29ca9dcc9966a2cc2855f99ebf5d1d452f71dcdcd37bc
TENX65,MahmoodLab/hest,MahmoodLab/hest:st/TENX65.h5ad,8b42ca7f80bc475644ac9a520bba7b9cccbce10d,local Hugging Face download receipt,st/TENX65.h5ad,https://huggingface.co/datasets/MahmoodLab/hest/resolve/8b42ca7f80bc475644ac9a520bba7b9cccbce10d/st/TENX65.h5ad,85155619b13170a7c935bcacb66bd897fdda37fa38f54f6d4b5e920492038afc,85155619b13170a7c935bcacb66bd897fdda37fa38f54f6d4b5e920492038afc,True,,,not_explicit_in_available_metadata,,https://www.10xgenomics.com/datasets/human-ovarian-cancer-11-mm-capture-area-ffpe-2-standard,,CC-BY-NC-SA-4.0,Creative Commons Attribution,provider_label_retained_not_individual_legal_clearance,Homo sapiens,Visium,Ovary,True,50755085359c8420cc79669c15ad1e85997d6f1f627fd6cd965022ab92a49aa7
TENX67,MahmoodLab/hest,MahmoodLab/hest:st/TENX67.h5ad,8b42ca7f80bc475644ac9a520bba7b9cccbce10d,local Hugging Face download receipt,st/TENX67.h5ad,https://huggingface.co/datasets/MahmoodLab/hest/resolve/8b42ca7f80bc475644ac9a520bba7b9cccbce10d/st/TENX67.h5ad,2da8e4c88005f98c929b5731809f741cc950619dd507a07a42f3042ac7a8ce62,2da8e4c88005f98c929b5731809f741cc950619dd507a07a42f3042ac7a8ce62,True,,,not_explicit_in_available_metadata,,https://www.10xgenomics.com/datasets/adult-mouse-brain-coronal-section-visium-ff-1-standard,,CC-BY-NC-SA-4.0,Creative Commons Attribution,provider_label_retained_not_individual_legal_clearance,Mus musculus,Visium,Brain,True,33a8b4b26e4209a030cdb4f649d8588cc6dc1d4a4f62d1b700a622e972f0683f
TENX68,MahmoodLab/hest,MahmoodLab/hest:st/TENX68.h5ad,8b42ca7f80bc475644ac9a520bba7b9cccbce10d,local Hugging Face download receipt,st/TENX68.h5ad,https://huggingface.co/datasets/MahmoodLab/hest/resolve/8b42ca7f80bc475644ac9a520bba7b9cccbce10d/st/TENX68.h5ad,2452445001f5dd2e4d8b69206bcfb65b7433b4087f1a5a5717f06290fa92cdba,2452445001f5dd2e4d8b69206bcfb65b7433b4087f1a5a5717f06290fa92cdba,True,,,not_explicit_in_available_metadata,,https://www.10xgenomics.com/datasets/fresh-frozen-visium-on-cytassist-human-breast-cancer-probe-based-whole-transcriptome-profiling-2-standard,,CC-BY-NC-SA-4.0,Creative Commons Attribution,provider_label_retained_not_individual_legal_clearance,Homo sapiens,Visium,Breast,True,d8de526a3e65ebe4f071921c1a59436dd4ec679bc4bbe4d6bb2ca9ecef154d77
TENX69,MahmoodLab/hest,MahmoodLab/hest:st/TENX69.h5ad,8b42ca7f80bc475644ac9a520bba7b9cccbce10d,local Hugging Face download receipt,st/TENX69.h5ad,https://huggingface.co/datasets/MahmoodLab/hest/resolve/8b42ca7f80bc475644ac9a520bba7b9cccbce10d/st/TENX69.h5ad,57bd5779f00ae48f54c8062416524163ebfe7a8cbcbad706aac7fcbb1bf7c3f6,57bd5779f00ae48f54c8062416524163ebfe7a8cbcbad706aac7fcbb1bf7c3f6,True,,,not_explicit_in_available_metadata,,https://www.10xgenomics.com/datasets/fresh-frozen-visium-on-cytassist-mouse-brain-probe-based-whole-transcriptome-profiling-2-standard,,CC-BY-NC-SA-4.0,Creative Commons Attribution,provider_label_retained_not_individual_legal_clearance,Mus musculus,Visium,Brain,True,5f085ea08df8c8c1a09915ab15cebaa1f88abf8175e86167b1f009dd2df98fe1
TENX70,MahmoodLab/hest,MahmoodLab/hest:st/TENX70.h5ad,8b42ca7f80bc475644ac9a520bba7b9cccbce10d,local Hugging Face download receipt,st/TENX70.h5ad,https://huggingface.co/datasets/MahmoodLab/hest/resolve/8b42ca7f80bc475644ac9a520bba7b9cccbce10d/st/TENX70.h5ad,f4da9cb73fdf6469d40b5c873cbf90249e69e51978d0ce8f78c95b7b294bbbcc,f4da9cb73fdf6469d40b5c873cbf90249e69e51978d0ce8f78c95b7b294bbbcc,True,,,not_explicit_in_available_metadata,,https://www.10xgenomics.com/datasets/human-colorectal-cancer-11-mm-capture-area-ffpe-2-standard,,CC-BY-NC-SA-4.0,Creative Commons Attribution,provider_label_retained_not_individual_legal_clearance,Homo sapiens,Visium,Bowel,True,9fb7c5703ddaf3eff8503e96fa70e2e60b7616f040386b766eea58055bcac6bb
TENX71,MahmoodLab/hest,MahmoodLab/hest:st/TENX71.h5ad,8b42ca7f80bc475644ac9a520bba7b9cccbce10d,local Hugging Face download receipt,st/TENX71.h5ad,https://huggingface.co/datasets/MahmoodLab/hest/resolve/8b42ca7f80bc475644ac9a520bba7b9cccbce10d/st/TENX71.h5ad,a62b28bc2a676ac0d266bcb804f0d84021f8bb919aed48e7e2cf127038850959,a62b28bc2a676ac0d266bcb804f0d84021f8bb919aed48e7e2cf127038850959,True,,,not_explicit_in_available_metadata,,https://www.10xgenomics.com/datasets/human-kidney-11-mm-capture-area-ffpe-2-standard,,CC-BY-NC-SA-4.0,Creative Commons Attribution,provider_label_retained_not_individual_legal_clearance,Homo sapiens,Visium,Kidney,True,806bd82d3872711d93f5c5840de058f334d77b17e928d8c4194db6433d6ab165
TENX73,MahmoodLab/hest,MahmoodLab/hest:st/TENX73.h5ad,8b42ca7f80bc475644ac9a520bba7b9cccbce10d,local Hugging Face download receipt,st/TENX73.h5ad,https://huggingface.co/datasets/MahmoodLab/hest/resolve/8b42ca7f80bc475644ac9a520bba7b9cccbce10d/st/TENX73.h5ad,06d0383f9ca0056045bbe88043f44f52731a8a5041a7cf1a2a9bf5872bbbbbce,06d0383f9ca0056045bbe88043f44f52731a8a5041a7cf1a2a9bf5872bbbbbce,True,,,not_explicit_in_available_metadata,,https://www.10xgenomics.com/datasets/human-brain-cancer-11-mm-capture-area-ffpe-2-standard,,CC-BY-NC-SA-4.0,Creative Commons Attribution,provider_label_retained_not_individual_legal_clearance,Homo sapiens,Visium,Brain,True,299047b2ff4384aab2f8601d716f86056a869f1da4c3f8033af288ead7bd9b1b
TENX74,MahmoodLab/hest,MahmoodLab/hest:st/TENX74.h5ad,8b42ca7f80bc475644ac9a520bba7b9cccbce10d,local Hugging Face download receipt,st/TENX74.h5ad,https://huggingface.co/datasets/MahmoodLab/hest/resolve/8b42ca7f80bc475644ac9a520bba7b9cccbce10d/st/TENX74.h5ad,eea92c101b9b8aaa1b63d30b4da2e7a3412fd54c6896f4fe858dc0ff7d1ca8b0,eea92c101b9b8aaa1b63d30b4da2e7a3412fd54c6896f4fe858dc0ff7d1ca8b0,True,,,not_explicit_in_available_metadata,,https://www.10xgenomics.com/datasets/mouse-tissue-microarray-in-3x3-layout-with-1-mm-edge-to-edge-spacing-ffpe-2-standard,,CC-BY-NC-SA-4.0,Creative Commons Attribution,provider_label_retained_not_individual_legal_clearance,Mus musculus,Visium,Lung/Brain,True,7c76a6405648d9bbc9aedc9af7a4ce25302f40bd987110686469c64e19f28837
TENX75,MahmoodLab/hest,MahmoodLab/hest:st/TENX75.h5ad,8b42ca7f80bc475644ac9a520bba7b9cccbce10d,local Hugging Face download receipt,st/TENX75.h5ad,https://huggingface.co/datasets/MahmoodLab/hest/resolve/8b42ca7f80bc475644ac9a520bba7b9cccbce10d/st/TENX75.h5ad,3f56c58a9e939d0ff3fa2e70f71f576c149321b934578f7ae4411c83a0d92a91,3f56c58a9e939d0ff3fa2e70f71f576c149321b934578f7ae4411c83a0d92a91,True,,,not_explicit_in_available_metadata,,https://www.10xgenomics.com/datasets/mouse-tissue-microarray-in-5x5-layout-with-1-mm-edge-to-edge-spacing-ffpe-2-standard,,CC-BY-NC-SA-4.0,Creative Commons Attribution,provider_label_retained_not_individual_legal_clearance,Mus musculus,Visium,Kidney/Brain,True,e9101295b7b25f49a14870cc81dd3de7cb2655b28510dfab921c3ac0d819934a
TENX76,MahmoodLab/hest,MahmoodLab/hest:st/TENX76.h5ad,8b42ca7f80bc475644ac9a520bba7b9cccbce10d,local Hugging Face download receipt,st/TENX76.h5ad,https://huggingface.co/datasets/MahmoodLab/hest/resolve/8b42ca7f80bc475644ac9a520bba7b9cccbce10d/st/TENX76.h5ad,fdae24855e5e96b6ca11c2cd1595af9e0a2f3590e0fc7f73fd816284de522130,fdae24855e5e96b6ca11c2cd1595af9e0a2f3590e0fc7f73fd816284de522130,True,,,not_explicit_in_available_metadata,,https://www.10xgenomics.com/datasets/mouse-tissue-microarray-in-3x3-layout-with-2-mm-edge-to-edge-spacing-ffpe-2-standard,,CC-BY-NC-SA-4.0,Creative Commons Attribution,provider_label_retained_not_individual_legal_clearance,Mus musculus,Visium,Lung/Brain,True,64988d7969cf1fec826c095bd5deeccf44e94af2622c041d7545a768a6a15a7f
TENX77,MahmoodLab/hest,MahmoodLab/hest:st/TENX77.h5ad,8b42ca7f80bc475644ac9a520bba7b9cccbce10d,local Hugging Face download receipt,st/TENX77.h5ad,https://huggingface.co/datasets/MahmoodLab/hest/resolve/8b42ca7f80bc475644ac9a520bba7b9cccbce10d/st/TENX77.h5ad,1697167c37690498aa9de1bbeb76fda72e010f1ddd20b516ac7779326dcece77,1697167c37690498aa9de1bbeb76fda72e010f1ddd20b516ac7779326dcece77,True,,,not_explicit_in_available_metadata,,https://www.10xgenomics.com/datasets/fixed-frozen-visium-on-cytassist-mouse-brain-probe-based-whole-transcriptome-profiling-2-standard,,CC-BY-NC-SA-4.0,Creative Commons Attribution,provider_label_retained_not_individual_legal_clearance,Mus musculus,Visium,Brain,True,64a6848483c5ec3f75d1d85fe012b87d7cd1af7a5933be853a64c21d4c4fdfd1
TENX78,MahmoodLab/hest,MahmoodLab/hest:st/TENX78.h5ad,8b42ca7f80bc475644ac9a520bba7b9cccbce10d,local Hugging Face download receipt,st/TENX78.h5ad,https://huggingface.co/datasets/MahmoodLab/hest/resolve/8b42ca7f80bc475644ac9a520bba7b9cccbce10d/st/TENX78.h5ad,14e75caa2a61338656d0f9675b0a5474b6086a2cc9bca48f0a802b3280b2d040,14e75caa2a61338656d0f9675b0a5474b6086a2cc9bca48f0a802b3280b2d040,True,,,not_explicit_in_available_metadata,,https://www.10xgenomics.com/datasets/fresh-frozen-visium-on-cytassist-mouse-brain-probe-based-whole-transcriptome-profiling-2-standard-1,,CC-BY-NC-SA-4.0,Creative Commons Attribution,provider_label_retained_not_individual_legal_clearance,Mus musculus,Visium,Brain,True,99365d968d2e33cc553fda00b54ac08bf4d17c102a51dddb3e1711ec5ba50fa6
TENX79,MahmoodLab/hest,MahmoodLab/hest:st/TENX79.h5ad,8b42ca7f80bc475644ac9a520bba7b9cccbce10d,local Hugging Face download receipt,st/TENX79.h5ad,https://huggingface.co/datasets/MahmoodLab/hest/resolve/8b42ca7f80bc475644ac9a520bba7b9cccbce10d/st/TENX79.h5ad,e16829db2bbb97eeb892611bbaf2e66ed60cabaf7851826dc5a172c18d4b9549,e16829db2bbb97eeb892611bbaf2e66ed60cabaf7851826dc5a172c18d4b9549,True,,,not_explicit_in_available_metadata,,https://www.10xgenomics.com/datasets/ffpe-visium-on-cytassist-mouse-brain-probe-based-whole-transcriptome-profiling-2-standard,,CC-BY-NC-SA-4.0,Creative Commons Attribution,provider_label_retained_not_individual_legal_clearance,Mus musculus,Visium,Brain,True,ea39f9fa9f47866da2d7774afdf4d4c7c8cb9fbb5e450e4e589d2f63017b1aaa
TENX80,MahmoodLab/hest,MahmoodLab/hest:st/TENX80.h5ad,8b42ca7f80bc475644ac9a520bba7b9cccbce10d,local Hugging Face download receipt,st/TENX80.h5ad,https://huggingface.co/datasets/MahmoodLab/hest/resolve/8b42ca7f80bc475644ac9a520bba7b9cccbce10d/st/TENX80.h5ad,9a731bc74f242189bf4e8239d69445fa0868d1e987739a67a4146e344c60346f,9a731bc74f242189bf4e8239d69445fa0868d1e987739a67a4146e344c60346f,True,,,not_explicit_in_available_metadata,,https://www.10xgenomics.com/datasets/adult-mouse-brain-coronal-section-fresh-frozen-1-standard,,CC-BY-NC-SA-4.0,Creative Commons Attribution,provider_label_retained_not_individual_legal_clearance,Mus musculus,Visium,Brain,True,f1a5cd44f3f6ead1ad82773cc97f75d48f26b6e95c9c3f37242e8b8e614ab913
TENX81,MahmoodLab/hest,MahmoodLab/hest:st/TENX81.h5ad,8b42ca7f80bc475644ac9a520bba7b9cccbce10d,local Hugging Face download receipt,st/TENX81.h5ad,https://huggingface.co/datasets/MahmoodLab/hest/resolve/8b42ca7f80bc475644ac9a520bba7b9cccbce10d/st/TENX81.h5ad,2b4eeeaa5c26629793bd72fd69cf72f5bebb0b3f18f3a24f44a0c047c631e899,2b4eeeaa5c26629793bd72fd69cf72f5bebb0b3f18f3a24f44a0c047c631e899,True,,,not_explicit_in_available_metadata,,https://www.10xgenomics.com/datasets/visium-cytassist-mouse-embryo-11-mm-capture-area-ffpe-2-standard,,CC-BY-NC-SA-4.0,Creative Commons Attribution,provider_label_retained_not_individual_legal_clearance,Mus musculus,Visium,Embryo,True,d0b28f9a73f79617724359abf73b585846e16352f7941208cde0122fa08fa62d
TENX82,MahmoodLab/hest,MahmoodLab/hest:st/TENX82.h5ad,8b42ca7f80bc475644ac9a520bba7b9cccbce10d,local Hugging Face download receipt,st/TENX82.h5ad,https://huggingface.co/datasets/MahmoodLab/hest/resolve/8b42ca7f80bc475644ac9a520bba7b9cccbce10d/st/TENX82.h5ad,29944de265907fe9ac8d7fea57203a34020069719f33df1645ad138a59a0173d,29944de265907fe9ac8d7fea57203a34020069719f33df1645ad138a59a0173d,True,,,not_explicit_in_available_metadata,,https://www.10xgenomics.com/datasets/preservation-method-comparison-on-visium-cytassist-ffpe-mouse-brain-sagittal-11-mm-capture-area-2-standard,,CC-BY-NC-SA-4.0,Creative Commons Attribution,provider_label_retained_not_individual_legal_clearance,Mus musculus,Visium,Brain,True,184486e5254ffbb7c1f26a1502728d13c3a7bea47355569608601115188bf472
TENX83,MahmoodLab/hest,MahmoodLab/hest:st/TENX83.h5ad,8b42ca7f80bc475644ac9a520bba7b9cccbce10d,local Hugging Face download receipt,st/TENX83.h5ad,https://huggingface.co/datasets/MahmoodLab/hest/resolve/8b42ca7f80bc475644ac9a520bba7b9cccbce10d/st/TENX83.h5ad,84d975e86b15def4cc0f7f557616d97f335458363a4b890c1cab8878579f1b03,84d975e86b15def4cc0f7f557616d97f335458363a4b890c1cab8878579f1b03,True,,,not_explicit_in_available_metadata,,https://www.10xgenomics.com/datasets/preservation-method-comparison-on-visium-cytassist-fresh-frozen-mouse-brain-sagittal-11-mm-capture-area-2-standard,,CC-BY-NC-SA-4.0,Creative Commons Attribution,provider_label_retained_not_individual_legal_clearance,Mus musculus,Visium,Brain,True,6ec53683a26c2ac57d906b14c5f223af26410f896bef720d8499eeca97ce32b8
TENX84,MahmoodLab/hest,MahmoodLab/hest:st/TENX84.h5ad,8b42ca7f80bc475644ac9a520bba7b9cccbce10d,local Hugging Face download receipt,st/TENX84.h5ad,https://huggingface.co/datasets/MahmoodLab/hest/resolve/8b42ca7f80bc475644ac9a520bba7b9cccbce10d/st/TENX84.h5ad,7ab66cc6e2b5f5689c217bfbee5239f2c792a863d516d37a286022266a81df53,7ab66cc6e2b5f5689c217bfbee5239f2c792a863d516d37a286022266a81df53,True,,,not_explicit_in_available_metadata,,https://www.10xgenomics.com/datasets/preservation-method-comparison-on-visium-cytassist-fixed-frozen-mouse-brain-sagittal-11-mm-capture-area-2-standard,,CC-BY-NC-SA-4.0,Creative Commons Attribution,provider_label_retained_not_individual_legal_clearance,Mus musculus,Visium,Brain,True,0eff879177b800d7b74e81602a266c5e05801e55cd201af5323d974bc04c1a8b
TENX85,MahmoodLab/hest,MahmoodLab/hest:st/TENX85.h5ad,8b42ca7f80bc475644ac9a520bba7b9cccbce10d,local Hugging Face download receipt,st/TENX85.h5ad,https://huggingface.co/datasets/MahmoodLab/hest/resolve/8b42ca7f80bc475644ac9a520bba7b9cccbce10d/st/TENX85.h5ad,09f1d90401c4c780bdc489c2ddcea2b85e2bc725fc7baf70757443fe1978a4ea,09f1d90401c4c780bdc489c2ddcea2b85e2bc725fc7baf70757443fe1978a4ea,True,,,not_explicit_in_available_metadata,,https://www.10xgenomics.com/datasets/visium-cytassist-gene-expression-libraries-of-post-xenium-mouse-brain-ff-using-the-mouse-whole-transcriptome-probe-set-2-standard,,CC-BY-NC-SA-4.0,Creative Commons Attribution,provider_label_retained_not_individual_legal_clearance,Mus musculus,Visium,Brain,True,435986205759f7dff3cd6eb05bbc2543b8fb61aaa73f433399356b3dbb221ea1
TENX86,MahmoodLab/hest,MahmoodLab/hest:st/TENX86.h5ad,8b42ca7f80bc475644ac9a520bba7b9cccbce10d,local Hugging Face download receipt,st/TENX86.h5ad,https://huggingface.co/datasets/MahmoodLab/hest/resolve/8b42ca7f80bc475644ac9a520bba7b9cccbce10d/st/TENX86.h5ad,7a666cc127d03a8c07e65f42ef40a0787908e2da9388241cfd0800d7b91592cf,7a666cc127d03a8c07e65f42ef40a0787908e2da9388241cfd0800d7b91592cf,True,,,not_explicit_in_available_metadata,,https://www.10xgenomics.com/datasets/visium-cytassist-gene-expression-libraries-of-post-xenium-mouse-brain-ff-using-the-mouse-whole-transcriptome-probe-set-2-standard,,CC-BY-NC-SA-4.0,Creative Commons Attribution,provider_label_retained_not_individual_legal_clearance,Mus musculus,Visium,Brain,True,ebfe1cac0eff2fbe28b61fbebcb9d3d0c056a21ad5b4c9bb9e51535312d05cf7
TENX87,MahmoodLab/hest,MahmoodLab/hest:st/TENX87.h5ad,8b42ca7f80bc475644ac9a520bba7b9cccbce10d,local Hugging Face download receipt,st/TENX87.h5ad,https://huggingface.co/datasets/MahmoodLab/hest/resolve/8b42ca7f80bc475644ac9a520bba7b9cccbce10d/st/TENX87.h5ad,b13fb2c21a2f14e249fafc5d8ee879bb5c6367f8185e8f8f0ff1c6ec592a5a5e,b13fb2c21a2f14e249fafc5d8ee879bb5c6367f8185e8f8f0ff1c6ec592a5a5e,True,,,not_explicit_in_available_metadata,,https://www.10xgenomics.com/datasets/visium-cytassist-gene-expression-libraries-of-post-xenium-mouse-brain-ff-using-the-mouse-whole-transcriptome-probe-set-2-standard,,CC-BY-NC-SA-4.0,Creative Commons Attribution,provider_label_retained_not_individual_legal_clearance,Mus musculus,Visium,Brain,True,0dc740c8af0302b6b147c1a52d440e0158650042a65db32f6d7e10aa8b8d18db
TENX88,MahmoodLab/hest,MahmoodLab/hest:st/TENX88.h5ad,8b42ca7f80bc475644ac9a520bba7b9cccbce10d,local Hugging Face download receipt,st/TENX88.h5ad,https://huggingface.co/datasets/MahmoodLab/hest/resolve/8b42ca7f80bc475644ac9a520bba7b9cccbce10d/st/TENX88.h5ad,5a2c89c1b4717bec21dfae5e161100d307d4ea480bf02db49d4915ecd4554020,5a2c89c1b4717bec21dfae5e161100d307d4ea480bf02db49d4915ecd4554020,True,,,not_explicit_in_available_metadata,,https://www.10xgenomics.com/datasets/visium-cytassist-gene-expression-libraries-of-post-xenium-mouse-brain-ff-using-the-mouse-whole-transcriptome-probe-set-2-standard,,CC-BY-NC-SA-4.0,Creative Commons Attribution,provider_label_retained_not_individual_legal_clearance,Mus musculus,Visium,Brain,True,a3227c14a69a7cdb29b3e858afa04e925efc8272fe508a3075e3355359344568
TENX89,MahmoodLab/hest,MahmoodLab/hest:st/TENX89.h5ad,8b42ca7f80bc475644ac9a520bba7b9cccbce10d,local Hugging Face download receipt,st/TENX89.h5ad,https://huggingface.co/datasets/MahmoodLab/hest/resolve/8b42ca7f80bc475644ac9a520bba7b9cccbce10d/st/TENX89.h5ad,a640d0a9f433b9f12e18a4db795f7f2a614d0f8bf99d8e7281eb84eec9f00262,a640d0a9f433b9f12e18a4db795f7f2a614d0f8bf99d8e7281eb84eec9f00262,True,,,not_explicit_in_available_metadata,,https://www.10xgenomics.com/datasets/visium-cytassist-gene-expression-libraries-of-post-xenium-human-colon-cancer-ffpe-using-the-human-whole-transcriptome-probe-set-2-standard,,CC-BY-NC-SA-4.0,Creative Commons Attribution,provider_label_retained_not_individual_legal_clearance,Homo sapiens,Visium,Bowel,True,ab55f273f42d44cf9f145b95d8bcdf8e2c176de445e1c7b8f8b6435dab11106f
TENX90,MahmoodLab/hest,MahmoodLab/hest:st/TENX90.h5ad,8b42ca7f80bc475644ac9a520bba7b9cccbce10d,local Hugging Face download receipt,st/TENX90.h5ad,https://huggingface.co/datasets/MahmoodLab/hest/resolve/8b42ca7f80bc475644ac9a520bba7b9cccbce10d/st/TENX90.h5ad,333d2318be05bb946970ba31c0463442aefe195e2fd5eadfbd3390927bf72b0d,333d2318be05bb946970ba31c0463442aefe195e2fd5eadfbd3390927bf72b0d,True,,,not_explicit_in_available_metadata,,https://www.10xgenomics.com/datasets/visium-cytassist-gene-expression-libraries-of-post-xenium-human-colon-cancer-ffpe-using-the-human-whole-transcriptome-probe-set-2-standard,,CC-BY-NC-SA-4.0,Creative Commons Attribution,provider_label_retained_not_individual_legal_clearance,Homo sapiens,Visium,Bowel,True,c15be188bdc605c7c1a0a0d41ed593fcefbbb606bfb95a6313e75f34e6d8047a
TENX91,MahmoodLab/hest,MahmoodLab/hest:st/TENX91.h5ad,8b42ca7f80bc475644ac9a520bba7b9cccbce10d,local Hugging Face download receipt,st/TENX91.h5ad,https://huggingface.co/datasets/MahmoodLab/hest/resolve/8b42ca7f80bc475644ac9a520bba7b9cccbce10d/st/TENX91.h5ad,ff007214810d47b8af01acf001647e2bdde9968fc873fdac734dd2edfddd59ff,ff007214810d47b8af01acf001647e2bdde9968fc873fdac734dd2edfddd59ff,True,,,not_explicit_in_available_metadata,,https://www.10xgenomics.com/datasets/visium-cytassist-gene-expression-libraries-of-post-xenium-human-colon-cancer-ffpe-using-the-human-whole-transcriptome-probe-set-2-standard,,CC-BY-NC-SA-4.0,Creative Commons Attribution,provider_label_retained_not_individual_legal_clearance,Homo sapiens,Visium,Bowel,True,8234bcd3693abfbef7e22162449ac8ec56c8b469d8824781462cb33478cb68cb
TENX92,MahmoodLab/hest,MahmoodLab/hest:st/TENX92.h5ad,8b42ca7f80bc475644ac9a520bba7b9cccbce10d,local Hugging Face download receipt,st/TENX92.h5ad,https://huggingface.co/datasets/MahmoodLab/hest/resolve/8b42ca7f80bc475644ac9a520bba7b9cccbce10d/st/TENX92.h5ad,4963b47963b8840c7027e5b0ee8a444962c8bd181922992db391bef22612693b,4963b47963b8840c7027e5b0ee8a444962c8bd181922992db391bef22612693b,True,,,not_explicit_in_available_metadata,,https://www.10xgenomics.com/datasets/visium-cytassist-gene-expression-libraries-of-post-xenium-human-colon-cancer-ffpe-using-the-human-whole-transcriptome-probe-set-2-standard,,CC-BY-NC-SA-4.0,Creative Commons Attribution,provider_label_retained_not_individual_legal_clearance,Homo sapiens,Visium,Bowel,True,2bc816332ac2e3f9ea797310b538209d76085b85d600acc5082bc4762b0697dc
TENX94,MahmoodLab/hest,MahmoodLab/hest:st/TENX94.h5ad,8b42ca7f80bc475644ac9a520bba7b9cccbce10d,local Hugging Face download receipt,st/TENX94.h5ad,https://huggingface.co/datasets/MahmoodLab/hest/resolve/8b42ca7f80bc475644ac9a520bba7b9cccbce10d/st/TENX94.h5ad,2e022c099b35f01ab5a640c61cfe5827eee5a1c488dc232361a223a1624919b1,2e022c099b35f01ab5a640c61cfe5827eee5a1c488dc232361a223a1624919b1,True,,,not_explicit_in_available_metadata,,https://www.10xgenomics.com/datasets/ffpe-human-breast-with-pre-designed-panel-1-standard,,CC-BY-NC-SA-4.0,Creative Commons Attribution,provider_label_retained_not_individual_legal_clearance,Homo sapiens,Xenium,Breast,True,38e04a5ae71926e558b4ce237a882afa0c35b9ed50ee4627aed697520d7dc396
TENX95,MahmoodLab/hest,MahmoodLab/hest:st/TENX95.h5ad,8b42ca7f80bc475644ac9a520bba7b9cccbce10d,local Hugging Face download receipt,st/TENX95.h5ad,https://huggingface.co/datasets/MahmoodLab/hest/resolve/8b42ca7f80bc475644ac9a520bba7b9cccbce10d/st/TENX95.h5ad,6a5f7eceaa4f7efb4180162b117679cfedc7333cd3c81c4c6b0191ae1d65c1a6,6a5f7eceaa4f7efb4180162b117679cfedc7333cd3c81c4c6b0191ae1d65c1a6,True,,,not_explicit_in_available_metadata,,https://www.10xgenomics.com/datasets/ffpe-human-breast-with-pre-designed-panel-1-standard,,CC-BY-NC-SA-4.0,Creative Commons Attribution,provider_label_retained_not_individual_legal_clearance,Homo sapiens,Xenium,Breast,True,bdbbcedf10e73a1e113a09cc0cae9380f7437aa612b21cd485056108428f7427
TENX96,MahmoodLab/hest,MahmoodLab/hest:st/TENX96.h5ad,8b42ca7f80bc475644ac9a520bba7b9cccbce10d,local Hugging Face download receipt,st/TENX96.h5ad,https://huggingface.co/datasets/MahmoodLab/hest/resolve/8b42ca7f80bc475644ac9a520bba7b9cccbce10d/st/TENX96.h5ad,42851a9332b875dcad2bda50de61a56ff8460c9379b8808736ae500fec50a544,42851a9332b875dcad2bda50de61a56ff8460c9379b8808736ae500fec50a544,True,,,not_explicit_in_available_metadata,,https://www.10xgenomics.com/datasets/ffpe-human-breast-with-custom-add-on-panel-1-standard,,CC-BY-NC-SA-4.0,Creative Commons Attribution,provider_label_retained_not_individual_legal_clearance,Homo sapiens,Xenium,Breast,True,1c0722f66f88685ae329da1d18de0a66854cc47c985dc11e23e218e0108fec1b
TENX97,MahmoodLab/hest,MahmoodLab/hest:st/TENX97.h5ad,8b42ca7f80bc475644ac9a520bba7b9cccbce10d,local Hugging Face download receipt,st/TENX97.h5ad,https://huggingface.co/datasets/MahmoodLab/hest/resolve/8b42ca7f80bc475644ac9a520bba7b9cccbce10d/st/TENX97.h5ad,b23d8853248c5661fe19c25919d9c80f96129a344bdf73970dd69c87adce99e7,b23d8853248c5661fe19c25919d9c80f96129a344bdf73970dd69c87adce99e7,True,,,not_explicit_in_available_metadata,,https://www.10xgenomics.com/datasets/ffpe-human-breast-with-custom-add-on-panel-1-standard,,CC-BY-NC-SA-4.0,Creative Commons Attribution,provider_label_retained_not_individual_legal_clearance,Homo sapiens,Xenium,Breast,True,019b129512a4bb9812c62da86501bf877795b2484f7c78fb16b99d2eae027560
TENX98,MahmoodLab/hest,MahmoodLab/hest:st/TENX98.h5ad,8b42ca7f80bc475644ac9a520bba7b9cccbce10d,local Hugging Face download receipt,st/TENX98.h5ad,https://huggingface.co/datasets/MahmoodLab/hest/resolve/8b42ca7f80bc475644ac9a520bba7b9cccbce10d/st/TENX98.h5ad,8d6ac88c8990f20d6d69929a44e3ae32d17bc38fcc33f386f9791de50e053420,8d6ac88c8990f20d6d69929a44e3ae32d17bc38fcc33f386f9791de50e053420,True,,,not_explicit_in_available_metadata,,https://www.10xgenomics.com/datasets/ffpe-human-breast-using-the-entire-sample-area-1-standard,,CC-BY-NC-SA-4.0,Creative Commons Attribution,provider_label_retained_not_individual_legal_clearance,Homo sapiens,Xenium,Breast,True,4c841616b9bd86f938931eb4e893f757b76854bcba588e0ee99ef313b3c09ee1
TENX99,MahmoodLab/hest,MahmoodLab/hest:st/TENX99.h5ad,8b42ca7f80bc475644ac9a520bba7b9cccbce10d,local Hugging Face download receipt,st/TENX99.h5ad,https://huggingface.co/datasets/MahmoodLab/hest/resolve/8b42ca7f80bc475644ac9a520bba7b9cccbce10d/st/TENX99.h5ad,170af9017b038f8544a44ae669696bdd8e195b381b154be5ce655a7bf681acdf,170af9017b038f8544a44ae669696bdd8e195b381b154be5ce655a7bf681acdf,True,,,not_explicit_in_available_metadata,,https://www.10xgenomics.com/datasets/ffpe-human-breast-using-the-entire-sample-area-1-standard,,CC-BY-NC-SA-4.0,Creative Commons Attribution,provider_label_retained_not_individual_legal_clearance,Homo sapiens,Xenium,Breast,True,4185b4cdc6e0bf0d8f21fe264288fbdcd33a9a1411dab63ebfe764c0da94a0a9
ZEN36,MahmoodLab/hest,MahmoodLab/hest:st/ZEN36.h5ad,8b42ca7f80bc475644ac9a520bba7b9cccbce10d,local Hugging Face download receipt,st/ZEN36.h5ad,https://huggingface.co/datasets/MahmoodLab/hest/resolve/8b42ca7f80bc475644ac9a520bba7b9cccbce10d/st/ZEN36.h5ad,27c444b5c1c9150aec3c7f5609bbb0ce24c9d8da8e4ea54ec4e45a92b4ea616e,27c444b5c1c9150aec3c7f5609bbb0ce24c9d8da8e4ea54ec4e45a92b4ea616e,True,,,not_explicit_in_available_metadata,https://www.biorxiv.org/content/10.1101/2023.01.23.525135v2,https://zenodo.org/records/7760264,10.1101/2023.01.23.525135v2,CC-BY-NC-SA-4.0,Creative Commons Attribution 4.0 International,provider_label_retained_not_individual_legal_clearance,Homo sapiens,Visium,Bowel,True,30b8eaa49f8812916d83fc3f67bd76681f77b3ab42f1f9251152128dfead45f1
ZEN37,MahmoodLab/hest,MahmoodLab/hest:st/ZEN37.h5ad,8b42ca7f80bc475644ac9a520bba7b9cccbce10d,local Hugging Face download receipt,st/ZEN37.h5ad,https://huggingface.co/datasets/MahmoodLab/hest/resolve/8b42ca7f80bc475644ac9a520bba7b9cccbce10d/st/ZEN37.h5ad,da4edd7aac200562b0092d372b0dfb6d13d2a325ee644d5ac49121e7c061bab6,da4edd7aac200562b0092d372b0dfb6d13d2a325ee644d5ac49121e7c061bab6,True,,,not_explicit_in_available_metadata,https://www.biorxiv.org/content/10.1101/2023.01.23.525135v2,https://zenodo.org/records/7760264,10.1101/2023.01.23.525135v2,CC-BY-NC-SA-4.0,Creative Commons Attribution 4.0 International,provider_label_retained_not_individual_legal_clearance,Homo sapiens,Visium,Bowel,True,20b3d73c369cbda2edffc11113ff1b43082b861511534ada31da03ecca7b7b5f
ZEN38,MahmoodLab/hest,MahmoodLab/hest:st/ZEN38.h5ad,8b42ca7f80bc475644ac9a520bba7b9cccbce10d,local Hugging Face download receipt,st/ZEN38.h5ad,https://huggingface.co/datasets/MahmoodLab/hest/resolve/8b42ca7f80bc475644ac9a520bba7b9cccbce10d/st/ZEN38.h5ad,cb92db878d2173758cb357587171759c22227194e4600149920c4dd7eb00af49,cb92db878d2173758cb357587171759c22227194e4600149920c4dd7eb00af49,True,,,not_explicit_in_available_metadata,https://www.biorxiv.org/content/10.1101/2023.01.23.525135v2,https://zenodo.org/records/7760264,10.1101/2023.01.23.525135v2,CC-BY-NC-SA-4.0,Creative Commons Attribution 4.0 International,provider_label_retained_not_individual_legal_clearance,Homo sapiens,Visium,Bowel,True,24d43c330d8d69f1b84ad428de568f9bc416e7762cc73097fa6e77ce99f4582c
ZEN39,MahmoodLab/hest,MahmoodLab/hest:st/ZEN39.h5ad,8b42ca7f80bc475644ac9a520bba7b9cccbce10d,local Hugging Face download receipt,st/ZEN39.h5ad,https://huggingface.co/datasets/MahmoodLab/hest/resolve/8b42ca7f80bc475644ac9a520bba7b9cccbce10d/st/ZEN39.h5ad,c7a75fb87166f7b479748e7f99a770cfaf6ea4223c0392413d228dad288db1dd,c7a75fb87166f7b479748e7f99a770cfaf6ea4223c0392413d228dad288db1dd,True,,,not_explicit_in_available_metadata,https://www.biorxiv.org/content/10.1101/2023.01.23.525135v2,https://zenodo.org/records/7760264,10.1101/2023.01.23.525135v2,CC-BY-NC-SA-4.0,Creative Commons Attribution 4.0 International,provider_label_retained_not_individual_legal_clearance,Homo sapiens,Visium,Bowel,True,9d267489719530a974bc994adda820bb18489c52cdb99084448e031b0dff8fdc
ZEN40,MahmoodLab/hest,MahmoodLab/hest:st/ZEN40.h5ad,8b42ca7f80bc475644ac9a520bba7b9cccbce10d,local Hugging Face download receipt,st/ZEN40.h5ad,https://huggingface.co/datasets/MahmoodLab/hest/resolve/8b42ca7f80bc475644ac9a520bba7b9cccbce10d/st/ZEN40.h5ad,88d6272559c0074b6ea508777a067ee6629b935ce8b3baa5450036b9eb26e143,88d6272559c0074b6ea508777a067ee6629b935ce8b3baa5450036b9eb26e143,True,,,not_explicit_in_available_metadata,https://www.biorxiv.org/content/10.1101/2023.01.23.525135v2,https://zenodo.org/records/7760264,10.1101/2023.01.23.525135v2,CC-BY-NC-SA-4.0,Creative Commons Attribution 4.0 International,provider_label_retained_not_individual_legal_clearance,Homo sapiens,Visium,Bowel,True,6ab7b67f87a54dbe5fcbc0a3bf18c2d769d0364b079227fb1306bb0eba7a5f71
ZEN41,MahmoodLab/hest,MahmoodLab/hest:st/ZEN41.h5ad,8b42ca7f80bc475644ac9a520bba7b9cccbce10d,local Hugging Face download receipt,st/ZEN41.h5ad,https://huggingface.co/datasets/MahmoodLab/hest/resolve/8b42ca7f80bc475644ac9a520bba7b9cccbce10d/st/ZEN41.h5ad,eda19ca8e23d7fa17e6c8e01b19aea3c69b38dc60fef66404dfec0c7885e2acf,eda19ca8e23d7fa17e6c8e01b19aea3c69b38dc60fef66404dfec0c7885e2acf,True,,,not_explicit_in_available_metadata,https://www.biorxiv.org/content/10.1101/2023.01.23.525135v2,https://zenodo.org/records/7760264,10.1101/2023.01.23.525135v2,CC-BY-NC-SA-4.0,Creative Commons Attribution 4.0 International,provider_label_retained_not_individual_legal_clearance,Homo sapiens,Visium,Bowel,True,8821e75126cc1f7d91ed7fbc9dc7f6a69358f14d7f19e861baed1d05eb4d093b
ZEN42,MahmoodLab/hest,MahmoodLab/hest:st/ZEN42.h5ad,8b42ca7f80bc475644ac9a520bba7b9cccbce10d,local Hugging Face download receipt,st/ZEN42.h5ad,https://huggingface.co/datasets/MahmoodLab/hest/resolve/8b42ca7f80bc475644ac9a520bba7b9cccbce10d/st/ZEN42.h5ad,e0c2d4becd8f83c8d7606a9c8d05cd90c4d370ee8f1387c3eba664620b94dc03,e0c2d4becd8f83c8d7606a9c8d05cd90c4d370ee8f1387c3eba664620b94dc03,True,,,not_explicit_in_available_metadata,https://www.biorxiv.org/content/10.1101/2023.01.23.525135v2,https://zenodo.org/records/7760264,10.1101/2023.01.23.525135v2,CC-BY-NC-SA-4.0,Creative Commons Attribution 4.0 International,provider_label_retained_not_individual_legal_clearance,Homo sapiens,Visium,Bowel,True,b78b67f48ea38105ecffc77594ab698d0752f766c7123b8593a57bc0d6644705
ZEN44,MahmoodLab/hest,MahmoodLab/hest:st/ZEN44.h5ad,8b42ca7f80bc475644ac9a520bba7b9cccbce10d,local Hugging Face download receipt,st/ZEN44.h5ad,https://huggingface.co/datasets/MahmoodLab/hest/resolve/8b42ca7f80bc475644ac9a520bba7b9cccbce10d/st/ZEN44.h5ad,0923b00c01bbecd19c5df0061bef8664efce3284cd33dcc2a51ce538a2100061,0923b00c01bbecd19c5df0061bef8664efce3284cd33dcc2a51ce538a2100061,True,,,not_explicit_in_available_metadata,https://www.biorxiv.org/content/10.1101/2023.01.23.525135v2,https://zenodo.org/records/7760264,10.1101/2023.01.23.525135v2,CC-BY-NC-SA-4.0,Creative Commons Attribution 4.0 International,provider_label_retained_not_individual_legal_clearance,Homo sapiens,Visium,Bowel,True,8b9b82962279f312edec36ac876e19219f94d60a30a391acb797ba62e164287a
ZEN45,MahmoodLab/hest,MahmoodLab/hest:st/ZEN45.h5ad,8b42ca7f80bc475644ac9a520bba7b9cccbce10d,local Hugging Face download receipt,st/ZEN45.h5ad,https://huggingface.co/datasets/MahmoodLab/hest/resolve/8b42ca7f80bc475644ac9a520bba7b9cccbce10d/st/ZEN45.h5ad,e9e36d0d27410b6df46218a2784af5e5acd4652d5802550eaabf412cea53434a,e9e36d0d27410b6df46218a2784af5e5acd4652d5802550eaabf412cea53434a,True,,,not_explicit_in_available_metadata,https://www.biorxiv.org/content/10.1101/2023.01.23.525135v2,https://zenodo.org/records/7760264,10.1101/2023.01.23.525135v2,CC-BY-NC-SA-4.0,Creative Commons Attribution 4.0 International,provider_label_retained_not_individual_legal_clearance,Homo sapiens,Visium,Bowel,True,bed87d3acf4609374afb2fd22285cd53ac005bafeb9219cadbaf95c8048c2264
ZEN46,MahmoodLab/hest,MahmoodLab/hest:st/ZEN46.h5ad,8b42ca7f80bc475644ac9a520bba7b9cccbce10d,local Hugging Face download receipt,st/ZEN46.h5ad,https://huggingface.co/datasets/MahmoodLab/hest/resolve/8b42ca7f80bc475644ac9a520bba7b9cccbce10d/st/ZEN46.h5ad,9cb875cc8ea639229a9d1f391c6a2b67a7460cf4e2337030f5cb978134257393,9cb875cc8ea639229a9d1f391c6a2b67a7460cf4e2337030f5cb978134257393,True,,,not_explicit_in_available_metadata,https://www.biorxiv.org/content/10.1101/2023.01.23.525135v2,https://zenodo.org/records/7760264,10.1101/2023.01.23.525135v2,CC-BY-NC-SA-4.0,Creative Commons Attribution 4.0 International,provider_label_retained_not_individual_legal_clearance,Homo sapiens,Visium,Bowel,True,2409f9d696f0c81819b879c0d5d633cf8eda80f4e1c48bbd2e6efc341e445be3
ZEN47,MahmoodLab/hest,MahmoodLab/hest:st/ZEN47.h5ad,8b42ca7f80bc475644ac9a520bba7b9cccbce10d,local Hugging Face download receipt,st/ZEN47.h5ad,https://huggingface.co/datasets/MahmoodLab/hest/resolve/8b42ca7f80bc475644ac9a520bba7b9cccbce10d/st/ZEN47.h5ad,0af8141beead7097bb9b37035dcf06fdcd312d76ecd22a6f841e9c3c843df710,0af8141beead7097bb9b37035dcf06fdcd312d76ecd22a6f841e9c3c843df710,True,,,not_explicit_in_available_metadata,https://www.biorxiv.org/content/10.1101/2023.01.23.525135v2,https://zenodo.org/records/7760264,10.1101/2023.01.23.525135v2,CC-BY-NC-SA-4.0,Creative Commons Attribution 4.0 International,provider_label_retained_not_individual_legal_clearance,Homo sapiens,Visium,Bowel,True,f4417dcc8fbc0c4f1c8f758b4fa7e124b8296c5eb0457c91cff704abac2b4172
ZEN48,MahmoodLab/hest,MahmoodLab/hest:st/ZEN48.h5ad,8b42ca7f80bc475644ac9a520bba7b9cccbce10d,local Hugging Face download receipt,st/ZEN48.h5ad,https://huggingface.co/datasets/MahmoodLab/hest/resolve/8b42ca7f80bc475644ac9a520bba7b9cccbce10d/st/ZEN48.h5ad,765314244a3631749f66d3a535374314e1112f140b9cea8de0ab76f3b86b7b14,765314244a3631749f66d3a535374314e1112f140b9cea8de0ab76f3b86b7b14,True,,,not_explicit_in_available_metadata,https://www.biorxiv.org/content/10.1101/2023.01.23.525135v2,https://zenodo.org/records/7760264,10.1101/2023.01.23.525135v2,CC-BY-NC-SA-4.0,Creative Commons Attribution 4.0 International,provider_label_retained_not_individual_legal_clearance,Homo sapiens,Visium,Bowel,True,4dd09c5c762d716eab8761e3f625ff9386f0c9930842ada8c74469ef5d405e26
ZEN49,MahmoodLab/hest,MahmoodLab/hest:st/ZEN49.h5ad,8b42ca7f80bc475644ac9a520bba7b9cccbce10d,local Hugging Face download receipt,st/ZEN49.h5ad,https://huggingface.co/datasets/MahmoodLab/hest/resolve/8b42ca7f80bc475644ac9a520bba7b9cccbce10d/st/ZEN49.h5ad,eaf67dc33c2c3ac247ddfc144a45e8e798ac12d8380ced63866e3b42b5ae7a8a,eaf67dc33c2c3ac247ddfc144a45e8e798ac12d8380ced63866e3b42b5ae7a8a,True,,,not_explicit_in_available_metadata,https://www.biorxiv.org/content/10.1101/2023.01.23.525135v2,https://zenodo.org/records/7760264,10.1101/2023.01.23.525135v2,CC-BY-NC-SA-4.0,Creative Commons Attribution 4.0 International,provider_label_retained_not_individual_legal_clearance,Homo sapiens,Visium,Bowel,True,313ea6a6b5fe83babf8cd218819bc2c4b89840f5269ed8686c1524b417b25d63
ZEN60,MahmoodLab/hest,MahmoodLab/hest:st/ZEN60.h5ad,8b42ca7f80bc475644ac9a520bba7b9cccbce10d,local Hugging Face download receipt,st/ZEN60.h5ad,https://huggingface.co/datasets/MahmoodLab/hest/resolve/8b42ca7f80bc475644ac9a520bba7b9cccbce10d/st/ZEN60.h5ad,d55bde75516d7c304dd39b32d85c17a5b19a0ff837d734df1949259bbbcd34f6,d55bde75516d7c304dd39b32d85c17a5b19a0ff837d734df1949259bbbcd34f6,True,,,not_explicit_in_available_metadata,,https://zenodo.org/records/10520022,,CC-BY-NC-SA-4.0,Creative Commons Attribution 4.0 International,provider_label_retained_not_individual_legal_clearance,Mus musculus,Visium,Brain,True,5a6ad1fbd624acc49bb1b781deab6414aca952912dd4b4a55ead226f2498f987
ZEN61,MahmoodLab/hest,MahmoodLab/hest:st/ZEN61.h5ad,8b42ca7f80bc475644ac9a520bba7b9cccbce10d,local Hugging Face download receipt,st/ZEN61.h5ad,https://huggingface.co/datasets/MahmoodLab/hest/resolve/8b42ca7f80bc475644ac9a520bba7b9cccbce10d/st/ZEN61.h5ad,f266b5d80248714eb23e50bfe811f3e68aeda29cdf93870f5e012a02cf58c8fb,f266b5d80248714eb23e50bfe811f3e68aeda29cdf93870f5e012a02cf58c8fb,True,,,not_explicit_in_available_metadata,,https://zenodo.org/records/10520022,,CC-BY-NC-SA-4.0,Creative Commons Attribution 4.0 International,provider_label_retained_not_individual_legal_clearance,Mus musculus,Visium,Brain,True,68c54d3a6b3a88cf57f82ed994447441660ab9d8531e8fc738f65c473a75b247
ZEN65,MahmoodLab/hest,MahmoodLab/hest:st/ZEN65.h5ad,8b42ca7f80bc475644ac9a520bba7b9cccbce10d,local Hugging Face download receipt,st/ZEN65.h5ad,https://huggingface.co/datasets/MahmoodLab/hest/resolve/8b42ca7f80bc475644ac9a520bba7b9cccbce10d/st/ZEN65.h5ad,d9f44f6c058a9a3bc4810c2caadfe2dda16c84bf6a9f157b6f93c90402d72ac5,d9f44f6c058a9a3bc4810c2caadfe2dda16c84bf6a9f157b6f93c90402d72ac5,True,,,not_explicit_in_available_metadata,https://www.biorxiv.org/content/10.1101/2023.07.27.550727v1,https://zenodo.org/records/10654467,10.1101/2023.07.27.550727v1,CC-BY-NC-SA-4.0,Creative Commons Attribution 4.0 International,provider_label_retained_not_individual_legal_clearance,Mus musculus,Visium,Skin,True,92840d392b9f309a84df7a702676b28d99a40172d5cf3eb0b4c5c124ee1742df
