sample_id,receipt_sha256,revision,etag,timestamp_raw
INT1,866b82bf3f2d085c879689a042fbe4db9e502235a67e90b69edbbd9f17c35f61,8b42ca7f80bc475644ac9a520bba7b9cccbce10d,e4ccb5192ac791475e2d064c6e0c4c895659b4bc099c1d19437f7a02ec7cd80e,1720408689.2008715
INT10,11e2cc53354aee8b048465027c946a07b848f09d3e9b6e0209252fb0a5e7b784,8b42ca7f80bc475644ac9a520bba7b9cccbce10d,a9408788be95841357781985f645e98845fecbacfdc0fe75249d0e2422dc6ba9,1720408688.8802278
INT11,9dbed7eb078ea7420f89ee072a13f1ebc224d868fe799bf5e3925cef5fd9d90b,8b42ca7f80bc475644ac9a520bba7b9cccbce10d,f5f0fb8e2bb3819a4a47f30a335fcaff8ac8053d5dafa8697ac09f50ebeb89da,1720408688.9694257
INT12,8de0964fa5605cc82e2fdb67d423b38d113f54b51845f4d10c2edc8074f2799f,8b42ca7f80bc475644ac9a520bba7b9cccbce10d,b396170293d1ea8a7eca05f59950748e9da90fb53d95c28ec76c33691efa1862,1720408689.1130385
INT13,c4bfe213c6571bc5f9ba658bed7fedf5b081c95ab587c7440a596f3b610dc2da,8b42ca7f80bc475644ac9a520bba7b9cccbce10d,462f0d35acbbe082084abe29c8550e73b1741bea1917200a8ec746c2ace48c28,1720408689.2319198
INT14,05ee2f7d656b8ca5f472f8d982d9efba7325d5dc312d24845a3b4444a929e8ef,8b42ca7f80bc475644ac9a520bba7b9cccbce10d,bc3aa69121037ccf86fc6a325c3179494fc8a1aa76065481b3afbf177e8f811e,1720408689.1727154
INT16,404a3fcc87aeb81a079272748aac683e7cb941f6bc90b6fd5e46d516c46a2a4e,8b42ca7f80bc475644ac9a520bba7b9cccbce10d,b15ec999e4c7565ccd2a082731b0872bb24e432084b61f8db53e9029b495b3be,1720408689.289323
INT17,0cc6f97f8b7b2c042c9e84b65db3b2a1837008da0b121a35fabfc70ecd6f3906,8b42ca7f80bc475644ac9a520bba7b9cccbce10d,4b84c7e021f517bf24c32f24ee6db2e2fdcca5c31823183911d421b883fab1e0,1720408689.3387234
INT18,2437713594e86178884319aa4fc19974d76703cb12a2d8626684449b25831ae4,8b42ca7f80bc475644ac9a520bba7b9cccbce10d,d990f47c26bb2962d3465f801bf12e96a0a6ac92e6772b88d483bd00d21cdd57,1720408689.417326
INT19,4bf89f6f5cdb2e4a2fe2f465f09741e0eafb60e1266a071583388d400e2f0da1,8b42ca7f80bc475644ac9a520bba7b9cccbce10d,ce6db5dc9bc3f71cecec5bb6ff31102acc89a1d5f90a8d396fba96f0ecb7d2ef,1720408689.5512865
INT2,c37e8d66fccd5803be44b193e4c091572ba16179cd94f1b120d538d678b50209,8b42ca7f80bc475644ac9a520bba7b9cccbce10d,31c5c4ec953018c5d2a2a175c7f315f1149f38e987a9ff1763f445967cac7ee2,1720408689.6145108
INT20,d877038492b855db5e44bf7924b6742bde5996a97d1beb3d227e905ef1487591,8b42ca7f80bc475644ac9a520bba7b9cccbce10d,04d700adbcf384a7663995adbed000075acebba9560da98b5bee4560fe7b54b2,1720408689.7081075
INT21,dadba3e5419a583c1b270858fe9510e6eb332ab3ecd003631f0db7c5babbf143,8b42ca7f80bc475644ac9a520bba7b9cccbce10d,23a3f0821cf19a15273db727f9b5c788951ae271fd7578f615248c6d97844b35,1720408689.7411819
INT22,c62dee3be913d6b6296059a3d034c0eaf8b7fe9c5e60efb1dbea16af19e79fd5,8b42ca7f80bc475644ac9a520bba7b9cccbce10d,54341ac67af5ad486aa95fe99387c2317f0ca4415347ecb6e7847345fa44fd2a,1720408689.6868653
INT23,2ed1826c32c1de4cddfc335d9f11a0c614386c7a12a2f9c377967914a012beac,8b42ca7f80bc475644ac9a520bba7b9cccbce10d,b0d1f3bb4f219ca6cbd9af0b9b40bd421360a7adf0ab7ced6fc506ce4ae01438,1720408689.7306786
INT24,1eee2eec431eb24f965e4ffeeffc11600fb59924898e3a305f43e8cf370ed80b,8b42ca7f80bc475644ac9a520bba7b9cccbce10d,718f442b00a702b5d03ff633a26afd0391554dcdb1f2bcec40cd7c5f1f1582be,1720408689.7838452
INT26,8ddec49ff21c2e45457f51e14d6ebcfe2c5e23b3841978466bcf1f6e56261558,8b42ca7f80bc475644ac9a520bba7b9cccbce10d,6d4bca3f141da4ccebbfd2989cfcb680c559da109e7a3d466c5b5bc78889f107,1720408689.999697
INT27,7021db1f10686e2b8a7861be1eb8b815085ce3c47ff01328b340c170e7803f3c,8b42ca7f80bc475644ac9a520bba7b9cccbce10d,3d53794d8d143ef6a0713484a565788ba21ec8f05bcb34a404f15745ad7289da,1720408690.0684173
INT35,4c572adbd8693cc83212a11ecf7427211027bc1327b62eda17fe1eae82bc1633,8b42ca7f80bc475644ac9a520bba7b9cccbce10d,16e3e31f6616f4ca109289d0611955970266936e2d7d306374ebff5c6d5eac6c,1720408690.1574562
INT5,01ba1b7340ebad707400859a9bd0475b17eee6c2437a74b0f6b52dea09f3886f,8b42ca7f80bc475644ac9a520bba7b9cccbce10d,d7a98944c791fe955dcd904a93e0b7ffd6dedc6f686bb3801975dc64cc021a61,1720408690.21311
INT6,fc1edd006954a6780c56718775801c856a16b062d6fd70d1cc77cf7ebc0578c5,8b42ca7f80bc475644ac9a520bba7b9cccbce10d,7279cbce2f3a35b6f9f34fff0b70262c564201042a1171ee9a3e7dc8bf3a66ff,1720408690.298301
INT7,229c08f8628c34b9b772b1f4a4f5c30992cc191bebd0db7c8a64abc934c6c1a9,8b42ca7f80bc475644ac9a520bba7b9cccbce10d,78cb918ad199314c08b26f8046f470c289a95866303446ff2e43de214a070ad6,1720408690.4357996
INT8,6b856576a80bb85062fbfb35f4dfbdc661f91d46b1de3e2dcf39658b3a746038,8b42ca7f80bc475644ac9a520bba7b9cccbce10d,a9fd585258d7661484cf547305323d9506960f285f20a7d13765f81fc1842701,1720408690.5134468
INT9,bc2f6e0a6553550649e2fde9fe11461342bc1b3a37cc1e723a9cb24b5083367d,8b42ca7f80bc475644ac9a520bba7b9cccbce10d,8079438467f4872fb390a0dedf1989d558903713c780e1d1dc5018f6db2be4f5,1720408690.5528295
MEND10,1a565002711bc545162233ece00c2e1f0cf875763b8e284c00c556e9d21f1815,8b42ca7f80bc475644ac9a520bba7b9cccbce10d,295a4ebb4c716d99651cbd7c3e7150ffe34c3567d125be6ec81d8dd65f860c61,1720408690.7070127
MEND11,a23909a68557c18406488ba3dcab489e03e83f08d4f14e38c9eb9fde74515d4a,8b42ca7f80bc475644ac9a520bba7b9cccbce10d,4dd6b2a900cc8ea94fae532b6332d02907f5816482911c19605b3c11f871c4e4,1720408690.65353
MEND12,21e64a9dacfe2c9e11a85e40b710ebbcb5734ca287a8726464b33eff99fcc7ae,8b42ca7f80bc475644ac9a520bba7b9cccbce10d,2646c3ce54865073308db71568b8a9d558051361adc8fcc18e7259bc3deaa136,1720408690.7655637
MEND123,620ee8e781a350c651acaa7efc4d719216432b36c9829d096f7a42c89eb6c458,8b42ca7f80bc475644ac9a520bba7b9cccbce10d,5d089d5663caec7a5ee4af016c0d1819782edc8e0806b5e30be6b7be0badc6e0,1720408690.7432785
MEND124,8867f334cdfb40dfdca8db4343d1cb9780a60f9660dff6d4d5ea7e60b0df988e,8b42ca7f80bc475644ac9a520bba7b9cccbce10d,d288ce60d2ff3c78ceb48ab4be62f66b6fd9c14878418b67bbdc7fd396effd3c,1720408690.8762786
MEND13,00973a72f272da98e212910453eb561f22b93d8e1f74d393870f5108d33c26ab,8b42ca7f80bc475644ac9a520bba7b9cccbce10d,c851cce642310808b80eeae75104d7dbecc0de397747c99a490aac0b15515ff1,1720408690.989689
MEND130,7752eaefec75a47df11dd47214b989c314b63b94220b3408b3481c860c83ca1f,8b42ca7f80bc475644ac9a520bba7b9cccbce10d,24d777b37b9d0e916c8da641c29dcabc726f0270727a54b570e47d0bd728b2fa,1720408691.0593266
MEND131,dbb62a5a9dd66ddc9667247b5dd044ee56095d2f9155e90d32f2aa3cceb73f4c,8b42ca7f80bc475644ac9a520bba7b9cccbce10d,18027e965861f3d8754581bef0b1efd6eb43d832d3d023fac0ff43f513235588,1720408691.0878272
MEND139,4e9a5c5ae3cd3bc672bd47f29ae65ff121fcd9649b0bef0b5e54e8314417b0cb,8b42ca7f80bc475644ac9a520bba7b9cccbce10d,37530683bc84fff8f78f7b4a965950a3a3b44056cc389aaaa4a7f6abaced69f2,1720408691.2050128
MEND14,30648d6b6a34594d62db304c84f5e09c33c3a1c4ccaf3bea9a42dd78bdb7f087,8b42ca7f80bc475644ac9a520bba7b9cccbce10d,8fcba8b0491a0a470d4373801a957dd5330e810336ccb03bb15222d574bcb67e,1720408691.1718946
MEND140,d894e383d0a3578fbc76bb98a8773ae2ae1bacb256fb9f0c4fd7761a36774050,8b42ca7f80bc475644ac9a520bba7b9cccbce10d,25b80ca3e83454ad7f6cb5f791aaf5e2f9d07a09506698ce82274e108e799d8e,1720408691.27463
MEND141,0c1d937713b2b901da39a224467fbeaeb00bfa3bba12c80efaea222069d60d59,8b42ca7f80bc475644ac9a520bba7b9cccbce10d,8bdc8d780237211a2043ba24cdfa3019be9f918695db0f35c3dc0f1fe53b6196,1720408691.3207157
MEND142,51b48437358979807b958e3c786031f6f4b72604de513383138abf5c70e0cf05,8b42ca7f80bc475644ac9a520bba7b9cccbce10d,44db6ed52175d1a4b582b1f4f071eda97b7962d300d1a7bc32aa969d44626c42,1720408691.3955555
MEND143,35771d548e88de079f5789cdc6a9794f8b049388c5e98395c7eb5cae522dc193,8b42ca7f80bc475644ac9a520bba7b9cccbce10d,fd2f5cc6611afb88e71e09bfcc79e244bbfee6108750e630d69cdfa916be4fbe,1720408691.5036852
MEND144,082e8ba09ffb441158018723bf785198b174cabf580b5c973d7431a746f8b9ad,8b42ca7f80bc475644ac9a520bba7b9cccbce10d,696ead4174c92736b12f5d07103ccaba32f90d39d7de7df61d6a988f3c46ab71,1720408691.5056856
MEND145,2f37220735de06ed349199c40d2ddb32ddeda7e294498ae7e80852fb42beccc8,8b42ca7f80bc475644ac9a520bba7b9cccbce10d,7762618f15fe7612e7f272c85543c72c0947cb58d786cb2b8e8218f3cb3b5f16,1720408691.535626
MEND146,42378a04d0b79928853ce0ecdf0939d27534fa2795577e6152c396040a835bb6,8b42ca7f80bc475644ac9a520bba7b9cccbce10d,ea61d6666908505113155f38ec78a659d0e2aa9020ec9f02b2400c6e786c3a9d,1720408691.6264734
MEND147,af0fecd8b2a829eb617192e0941be795a21e4f839cc2e94618d48fa11ef898d0,8b42ca7f80bc475644ac9a520bba7b9cccbce10d,2f6d85f6097986c4ce60c68bcc0c2ea31127316362df992873edf382c8407ac5,1720408691.721945
MEND148,0490ea4d24582d966b0fa9f50eedbc456a3266565132905428cbad0034ec46af,8b42ca7f80bc475644ac9a520bba7b9cccbce10d,b851df771e6ba664c08679f2731d128a3a13aef44cd25319957dda6be2f043e7,1720408692.0675616
MEND149,3c80c7364889eb3094b2219c80acab6d0aed6fe8b3ec5e6f8e5dad4dc29c35c7,8b42ca7f80bc475644ac9a520bba7b9cccbce10d,4d5efa9949b3cbcf1d1cdfe3d7547f873c5e6adeea9d64ab6f3dd49ebe795bff,1720408691.7628107
MEND15,82915cf3e9b55af41d92ed289a552283366ae498e99c29ee866e1a6e0302d79a,8b42ca7f80bc475644ac9a520bba7b9cccbce10d,04bbdf8eff68bb1a8f4590a74f47d92422942ae9479be2bc4ada51ec34242e83,1720408691.8398714
MEND151,1cee2f9c7107c10995d4cd21c56c45b972e81c72bc9e113fff09e2e127cf435a,8b42ca7f80bc475644ac9a520bba7b9cccbce10d,884ada77ce5c9a4372a6d397363677c30bc7d63d059281a4ed7127594e70eaf3,1720408691.9422982
MEND152,5af8c2169e1d088a3a9161a42d5ce86ec6ee978bdf5eb3cb9c6d95dfeb867b02,8b42ca7f80bc475644ac9a520bba7b9cccbce10d,262bda798159e1b9f25523633efd704d91328176226d40d93d6efb9a7ce30a56,1720408691.9621942
MEND153,e3f5d1593d1c6a2de6a31f2a4c28b62bdf99e885d480bca194afec8e03316c16,8b42ca7f80bc475644ac9a520bba7b9cccbce10d,db88b810cfc03d2219983842194f1680e3fe294fb520c07b1d76247b3342e22c,1720408692.0725641
MEND154,eae708fc6e93d1dc00ac05f349576568cdcb6b36404bab4afbd9062ae099eba4,8b42ca7f80bc475644ac9a520bba7b9cccbce10d,0a565960a9b97f3574eeee540656ed572f8ac8b4c35394c7378c3db4965214f8,1720408692.2302198
MEND156,e786d3f44beee6dee1eb1c6658cb659d46c8520ce8e15dcf176379e275f21472,8b42ca7f80bc475644ac9a520bba7b9cccbce10d,d9ced2f4ed3382d2ffa47cac35f40eec8b8c225877acdce3232781fd466f0ef9,1720408692.1934228
MEND157,634f0213df884a33a129b0ef830b3f952eec9fff2cad58c1fa1920016e130902,8b42ca7f80bc475644ac9a520bba7b9cccbce10d,91cb78a63711536977d9a1454bdc82e60218133188cf8fbc528e0caf7afaae9d,1720408692.2888734
MEND158,64a20c6cec23b3a1432010ddc48e3f1bee0ef8e2eb49f25478d7d472280a9df9,8b42ca7f80bc475644ac9a520bba7b9cccbce10d,739c8e017a8c2597698c810726beb60616e321cbc20b3d335e297257eb1d6672,1720408692.4108965
MEND159,f8793c6e2e4d275155fdf3d81de390e314cc038d67860933c6be4b7989555e80,8b42ca7f80bc475644ac9a520bba7b9cccbce10d,c6559485dffb84f81dc534ec81d026caed363b88fba36b4926a3d102f52f1f9a,1720408692.3733802
MEND16,ffb06d75479f4937902ed20707e58a12728436a7c9caf0083ade364fd9ae4cc5,8b42ca7f80bc475644ac9a520bba7b9cccbce10d,2d3255ad1965913f2e0911df2ca11305b52b20e0b8f3c6a2b0d4b7a4f599dc46,1720408692.4158976
MEND160,2d41f6388a25a0205851bb8affb212b7e64606d0417237e41228443a1305a5f4,8b42ca7f80bc475644ac9a520bba7b9cccbce10d,0e46bd801b934d807335861993de85a27ab6a97d5aca7656e446b44fac7226a7,1720408692.5971649
MEND161,542647787088597e0a8a57ebc363f74e5b4ca4516a74730bebe813b0f190ac32,8b42ca7f80bc475644ac9a520bba7b9cccbce10d,e4f0a84e74c4f166350c79ea799acafe1dad10aed03b2608676c896ac8185b56,1720408692.5036416
MEND162,bc8a677d5d18db4883d54bee5e637359bc2209e7778810d9139f303edfe59b9b,8b42ca7f80bc475644ac9a520bba7b9cccbce10d,abe8af629e354558568f1822926c64225f8d6d225f218b5995b1c73fc4cf5a07,1720408692.6735494
MEND17,e3e135abc7b3e7c43d5ef918d649a6284d54ba59a94932b390599475ecdbd106,8b42ca7f80bc475644ac9a520bba7b9cccbce10d,8b4322351668477b2d45af70a78a753c53d08f5285a69aaa7884184371b6dfd2,1720408692.7329535
MEND18,c64e4221775542a3b404371b054577a3682715c24a91ea5ff07e33b95cc882b3,8b42ca7f80bc475644ac9a520bba7b9cccbce10d,62fbeababeb4f34e096d1eb3c007a0705d13048298e71cd2cd6ff2f739a674d5,1720408692.7209632
MEND19,3ae3bf77e48abee7153264b74060762c4c5ec12a159a6eacfb448d0ff2bf3c5d,8b42ca7f80bc475644ac9a520bba7b9cccbce10d,17e272863009a6f1e811ada9f99c4c66cc5edfb82ce478ec347f291e7a2a309b,1720408692.8110878
MEND2,b103d6a57b923e668c823e1fdcd277f0c1887c725be3014c312f6bca0d370562,8b42ca7f80bc475644ac9a520bba7b9cccbce10d,ac5a5d5f2617689e5ed35df46998770ac17a169097b4f4c0c30ed63930c2510e,1720408692.8643003
MEND20,81b5d6ef5e756d21e0f6805c0bf7002aa99785204b4d2c72db2f6acc168f745a,8b42ca7f80bc475644ac9a520bba7b9cccbce10d,f941d8492bd31b2b1dca9a86a01dac7e2c95e50f72af364aa01412ffb4742e99,1720408692.8853428
MEND21,c900457746a62f246d3eb04130b8c5b8afd1d5ae6878b038a8a5960543d2f7de,8b42ca7f80bc475644ac9a520bba7b9cccbce10d,aed92223236f5d5985bd06a4cf2ae6f5ba51643403e8ec6b4ef725ecf64da299,1720408692.970031
MEND22,ba34628e502c8a715d37ce7751307b7705438091498d821a3d1ecea97aecc8bc,8b42ca7f80bc475644ac9a520bba7b9cccbce10d,212acbfa020d7c3f949a7d9ae5c50dd8195d6e4a697af05ef761d6201dd37f77,1720408693.1023088
MEND23,22e6852ebecffbed8fc14dfa65249c4c0cfef81d00ee8e0560c3e74769943428,8b42ca7f80bc475644ac9a520bba7b9cccbce10d,dde89358570ca2a66419580968de94833ed4af2268d830130f3a5e3bc93a0d53,1720408693.125576
MEND24,1d65f1098cef2af15d927984755bf032feb3e53b80992f8938b0b44cb2d03056,8b42ca7f80bc475644ac9a520bba7b9cccbce10d,82371e92def732905b40a5e19e9cacf3883367c1e413c558cac324354efc2068,1720408693.15458
MEND25,c4f841290f31f7e6ead1bf76125e1c3832e6ebf20a27645edbb7a76d4175d3d6,8b42ca7f80bc475644ac9a520bba7b9cccbce10d,d125ccfb1b4844a3128b8e33627b65940bca472c587b064414ce31a9eb0036f3,1720408693.2303119
MEND26,7c4ccb97b90cdde21e1690ce16d437c26bcd6b48c069eedf0759d83857ee25c0,8b42ca7f80bc475644ac9a520bba7b9cccbce10d,4ee19425e5ac684848b1d67db82d40399c781c2a5520ec7afb43fd83b0e95c4c,1720408693.2651772
MEND28,fe16b2e02036f2880237036a9ef01cd00ac2375a2863a7cfd939bfbe06e99863,8b42ca7f80bc475644ac9a520bba7b9cccbce10d,e29d463f998fb7dda845dd8dfc61e84cf55647bb355aed58a64a001db2f715fc,1720408693.3160906
MEND29,525508325ee8e12c0f8b82baa380da461f5b27785a39e4353a76ed49894eb7ff,8b42ca7f80bc475644ac9a520bba7b9cccbce10d,be6ded1bd6db31dbe549a0b029804722f754230a993e19877f26e4d84d372879,1720408693.4015658
MEND3,fdcd1cc3265864f2bea26a522246f79b4561656cba1c2a20ef9ec57fd4b7bb7d,8b42ca7f80bc475644ac9a520bba7b9cccbce10d,4968c11b4eb2675637872e80e03c196ec023d1c527c31324acbe0d19785d3add,1720408693.601292
MEND30,5ff56eddee9d8901fdc049c481df153ac996e90927aa55435a0721fa2d989204,8b42ca7f80bc475644ac9a520bba7b9cccbce10d,ed3937a42d5ed253c5bb98b68c26c386f1cd720172fe1986e667e5857455a719,1720408693.5922942
MEND31,a230532c54b9824b5cc2b1f2537457f13e1f7794ebe03acbcc1c1ab2e96d7b7d,8b42ca7f80bc475644ac9a520bba7b9cccbce10d,f322fb3dc055ad30bf739ff873028e592904a3a0d200408e5ef96e488a8e2575,1720408693.611302
MEND33,c2e173e2615dbb01a8e6ffa67080c7ad48e2b668b632fd586db56f44d225c838,8b42ca7f80bc475644ac9a520bba7b9cccbce10d,7a6f64f6be84c766ac3193d4eedc429cd19ede6f49cbe19743141710eb33ca45,1720408693.804208
MEND34,563b1871e87181ca1317dbdbe2434438666628537dea6c6e33d7e4021b1fb59e,8b42ca7f80bc475644ac9a520bba7b9cccbce10d,0a9ac8cc67778383194ec711900d48e98ea4af9a2d38d7b01bb995720195598d,1720408693.7352474
MEND35,6490f19f1ffa17d7d5ee8d274d556980f8f3c2fb7b310a68d532fdd9f82d488c,8b42ca7f80bc475644ac9a520bba7b9cccbce10d,c63028890e25d9d1a233a711de1646c8b9d3afff8e0b882d7d0b2ef292e5a41c,1720408693.7813
MEND37,6e81518160f0022366b63a08210b4b73f6687b6ec84ba271b985dcfcb51f5c86,8b42ca7f80bc475644ac9a520bba7b9cccbce10d,b7586f99906c044d11e7682c87ffb177c6ba1b49c413141488195f60ebc59d98,1720408694.0437598
MEND38,4685b344ee7864771dab6392358b2bc5dc8548b2cf5e4819aa5ebd8e56e475ed,8b42ca7f80bc475644ac9a520bba7b9cccbce10d,4a87a04903b499c050c458f6089e6f2d3e1fcfc8a2a88a7b8e6c8e67b6379286,1720408694.4663627
MEND39,22f080c52e7bae34c3fa3dd60cb9a1e8cd39994a3d06ebb2e01337f76e9a16b7,8b42ca7f80bc475644ac9a520bba7b9cccbce10d,2eb626e4a6287c756846a26140c387fb78b6829fa51c63f9e7cabf6bd4e712a9,1720408694.0397625
MEND4,51f2822e0c2619bab5cea5c2663a818b9a3dc8a795f7d2af1cf8bc98c15c16c8,8b42ca7f80bc475644ac9a520bba7b9cccbce10d,1341e8a52f68bec4be8166726bf5d6f5f83cbcfa3dd015340fda26220698ff99,1720408694.174202
MEND40,31897d92a71afd86beb4f1233dc32383ec53b23993d95b94db2a40fe26c63994,8b42ca7f80bc475644ac9a520bba7b9cccbce10d,1e19e21efbf6045a28f05349b73f25da34eeac7cb0a8c52951860195ac12fb66,1720408694.2555568
MEND41,f256e6558aa2087a8c948129dbb5243e7bfd0186c43879e35ec5a20bf5ef9796,8b42ca7f80bc475644ac9a520bba7b9cccbce10d,044bb67f0b8fc15595a3162af19aa512d766fda9aa019e5d72fd8b187efbade6,1720408694.2185469
MEND42,a28e64fd3e9781d1da85b1ed86a9d9ba081caabf84f7cc5478a2ea028ca215e1,8b42ca7f80bc475644ac9a520bba7b9cccbce10d,3fadd6d3e2a5b0a4a6e9fc534e4fb73d8ce006fa4ebc8bcdfd915186f92d1cc6,1720408694.238552
MEND44,430bddbd86b2f7ba7fb6806a12d4196b559eaaa1b766eaae97817b09333e1b97,8b42ca7f80bc475644ac9a520bba7b9cccbce10d,bd0bc9c35ea09ec1f4c64b77d427b5e7a7cdb2c80b941cab2f55be525e4dd6a1,1720408694.4953704
MEND45,1debd71718e86b888d02e54937e2b506dd908c21ddad7ca6a032d1dd0552672c,8b42ca7f80bc475644ac9a520bba7b9cccbce10d,05b1b334608d07cef644153b87cb9c21ee05c7ded74c1dc548ed360123630eb2,1720408694.4743626
MEND46,d93e7b8002931a78f5e3193b423eac5641b980c90a45576d34946f1b89b5d1a1,8b42ca7f80bc475644ac9a520bba7b9cccbce10d,32975f09f106c834217f1e02c09200250e28fcb19fc00558ad374fe31d40fefb,1720408694.6198857
MEND47,83abaddbf7945698533f9df07f5bdc3a77b99c022b3e8d30f3fbc59bb8c58e08,8b42ca7f80bc475644ac9a520bba7b9cccbce10d,d7216781de0ef75679792ec29bef498dc863769795d6e064c31b424e5da78ae4,1720408694.6494474
MEND49,009440a20e4c15fe3a61623513c553a340d717d6d9bb0e11521976512a88b272,8b42ca7f80bc475644ac9a520bba7b9cccbce10d,aebbbc0942165dce5b8ac3709681cc4da0e4afe9bed42b657b6c35ec3d33f535,1720408694.7535157
MEND5,defd3185514706863ef9307683696b24eef552a9190df0832b862b20db6042df,8b42ca7f80bc475644ac9a520bba7b9cccbce10d,0c29d07e9bd2e9fbc80e30b0d63a8d7c2f054139e8d88ef1408c9bf7e6a1cda1,1720408694.7315037
MEND50,8116f7a132894aa3c3265936097af60e3e8c932570324338df0f5f44340545a4,8b42ca7f80bc475644ac9a520bba7b9cccbce10d,542bb865d7a80116bbf33a559fa0ba1819ba137486d6a328336b2000a5acb96f,1720408694.966348
MEND51,403851b96041f8cb0b16a61edefd22f32a4d6b8046d9d683bcdf289a179d1095,8b42ca7f80bc475644ac9a520bba7b9cccbce10d,0ded7b062fbd0370a7c80495404ef8eb88ca680c990d1b2fe4aa74c17d4ce664,1720408694.9128022
MEND52,bcff52d36baa97df6c0fce502e02169bb0950f390c462dbb296f5bb346f10eb5,8b42ca7f80bc475644ac9a520bba7b9cccbce10d,7b0fc37536640ea81acfa0643beec557df7bb89dad264db9fe182d3999e6c7ec,1720408694.9413216
MEND54,5152924ed8bfb589dfc75b38002437ab23146287e942bfe7243111627abe3303,8b42ca7f80bc475644ac9a520bba7b9cccbce10d,87817668ac4a2868aa0ccefe9b71733f2e645419ebe7702615ceb34c45110b76,1720408695.0881739
MEND55,f5b92ae0d8ea2f3716fe63400a1d226fff8f2b44f2cb3550fee0715d52fa26b8,8b42ca7f80bc475644ac9a520bba7b9cccbce10d,017943f1ce79aa2235d51884554ea2a639156bea1a1f237b4198b5c426990a28,1720408695.1236863
MEND59,978d45e54648001d7d5749e3822c00af79e77c641e5cd3afb9bf6f38a18b10e8,8b42ca7f80bc475644ac9a520bba7b9cccbce10d,cd11fdf0fecdbfbb070a475f8ea09ccd96271f38832491fb57637049f51d8a95,1720408695.161827
MEND6,12922ceda8d163281189148a282b9eb750e7350dbdec589f3097fb3250d08676,8b42ca7f80bc475644ac9a520bba7b9cccbce10d,5d99e78c2cfdb64e2095efabc1dc6c9ff25fa54a752afc4d201905b879fa84dd,1720408695.251049
MEND60,9cd02301646b5398a4bb2a1eaa876d12ba46634ab932fabf7289c7352f809ec4,8b42ca7f80bc475644ac9a520bba7b9cccbce10d,e04ce1061d1f0719a54bfdb28ee155cdaa696579f8b7b72ba07f60e2749477ab,1720408695.368684
MEND61,aaeaa3dd08f91ea4dcce026a7f304d1546b0a4f9a8786912d6d74b0315aaff68,8b42ca7f80bc475644ac9a520bba7b9cccbce10d,3583b16dbe59fd11f8167b793c464a6b71dc42ec3ba60709ff3ffb893f5be2cb,1720408695.369685
MEND62,1cc8791503885710bb9e2339ca1ad81522218d1717bc6e37a17452da6c2016df,8b42ca7f80bc475644ac9a520bba7b9cccbce10d,d62b564d634b62fc5003304c8b1e788d4de43f63afa8ba1d50c523bbd4329cb8,1720408695.46373
MEND63,9d329d8a9fff164e596c60c4ff70fb0c259b597bce184431b877c272911d2b39,8b42ca7f80bc475644ac9a520bba7b9cccbce10d,74e0884ee77e71b55660e07fdf1041f3cc7866facf363ce99850919e6c78a186,1720408695.5392697
MEND64,16b8a5e6443746bfa9d2067cedab1179d033f4d02f180e11a144cf3c109255a8,8b42ca7f80bc475644ac9a520bba7b9cccbce10d,3e8f6cc93a400f42f4af238d1e1c4501128dbc9f67d7125eebcaf3d06c15dd26,1720408695.5272658
MEND65,34399063f194b080a5f2e9b2c738a99e7c58e302fe464b9e37d284468ef37e85,8b42ca7f80bc475644ac9a520bba7b9cccbce10d,c86faf75025ec8fdba05e05a95c90d4bc49480944d10722ce9cf039d6555c463,1720408695.5808902
MEND66,b1ce5d14a438a660906448d55348adb020729bf51fea790d09356c38dec63070,8b42ca7f80bc475644ac9a520bba7b9cccbce10d,62e009a2168b8731cfc2f5eb913ea8e1da7337f58a7a83abf4126487b9e485e3,1720408695.881217
MEND67,fa3d86628ff0251dac58da8118f809d6737983729ee1dc5e8ead280ff17d7280,8b42ca7f80bc475644ac9a520bba7b9cccbce10d,e0d41e687ece4bac13e9ea2f56bdcbd8c6172a25c1bef3d68775a2d4b919cce4,1720408695.7502332
MEND68,f5073d49faf541af1a73621007b23297851d62abfb26e0a3431ca1cde00a2f62,8b42ca7f80bc475644ac9a520bba7b9cccbce10d,1b51a7d9aa1cf7653f8f56ca2667116336be8c6e30096d16a2c90935e7064474,1720408695.8244631
MEND71,8e10a4b78f48c312857f272d0cd63049b00cdef6a73be6f22f0d323e495a7dcf,8b42ca7f80bc475644ac9a520bba7b9cccbce10d,851c3667f2cb58e56e762c101d472b9bb1f0b5d701788d156b08ab33d2a3262f,1720408695.982872
MEND72,1280077fdb755f72c5c145f77345fc97375fcf65d7c0946627421fb64e346cd1,8b42ca7f80bc475644ac9a520bba7b9cccbce10d,653aa96b068c4e8e9ed7c0c00cfbe50def2ee73d78d1ec46e38088c449554834,1720408695.9658635
MEND73,d04d036569acf63f208fb46256ad2eb307efde27f3927efcac03e0d707be3160,8b42ca7f80bc475644ac9a520bba7b9cccbce10d,6ee165ddb420bc7ca03f0af4eb35372709eb6c85e319f60cfdb033aa47a01bc4,1720408695.9848745
MEND75,821f4c5fc31d4d07b6f6b90a8046e9e3a525c8e549e5a270e6f840e6448c9d6b,8b42ca7f80bc475644ac9a520bba7b9cccbce10d,d99d7199f603072418b0867ce266ce1c7fc0895fd72d6fda7dbb713b8cec789b,1720408696.2607763
MEND76,5740ade0f4838df862dbb0a18561f600029565dba102e4be9bfe603b3162ba78,8b42ca7f80bc475644ac9a520bba7b9cccbce10d,1cd2e5acde9ee1a559c73087e6508bc87e21d8a1c46fcd845578db6f7fb99234,1720408696.2627764
MEND77,fdbfc4ecb0929f84cded59b1bda2fb65a9e9e9eead4756cbdd6ed04600a7d746,8b42ca7f80bc475644ac9a520bba7b9cccbce10d,b85db4f5dfa8806d899249d75f7826e88aa6f1672de659e261fd8e2c68db1238,1720408696.352366
MEND79,836808ebfa2f496317bf7d2586d091b83588f722eca8ba29130c3e0bb9b5c299,8b42ca7f80bc475644ac9a520bba7b9cccbce10d,9ab6b4b9b2b8a391685bd5e4811ef89ef72e9a04ea92b94e3ba9251a9624b5a5,1720408696.4205272
MEND8,6a895e5ed8f67c49531bb984995f507000e72a512bbcc5bc68f0522308553592,8b42ca7f80bc475644ac9a520bba7b9cccbce10d,09ef9ca9917dcd5559297b189694ebf714614f81950361519e278f1c0be45a6b,1720408696.4838293
MEND80,f6fc106fbc7ab80a457489faeaf62f5ffd5ee3c0261a38cfa416a87fe95b739e,8b42ca7f80bc475644ac9a520bba7b9cccbce10d,434dd5ac847f08f7d9124c59012c9508714c0019aa6275948ed890dc22402d93,1720408696.4516182
MEND82,19080a3b078521ee131453c4bed2f3b5ae47c8637c6988b77d4a017ac2db2800,8b42ca7f80bc475644ac9a520bba7b9cccbce10d,4694e10179059da8819eecca40fc9ed9e3e42ceae0f6d068f50e6d4eb5bb04eb,1720408696.7676685
MEND83,dc01dd0aecc5bbb9fe03336b12ff17fe4dd999634ca271cc3bb84ea6c3a01e34,8b42ca7f80bc475644ac9a520bba7b9cccbce10d,859d9906d14a824a396ecc17f1b27451243a153c50601aba34b3885aec2b613d,1720408696.7115972
MEND84,cf74f03aa0d61e8da99649a16528ceb589ea259be2412a47aa8181134a3c4f5d,8b42ca7f80bc475644ac9a520bba7b9cccbce10d,c39ebc4540d9fe9214c0ce6e73aac7d417036213bf165f510edb3591bad644bf,1720408696.7848866
MEND85,4079993609799960d0cf379eca3964ea56f8e6d1eb0acb0b6984bf3f19594665,8b42ca7f80bc475644ac9a520bba7b9cccbce10d,d615b38e84f3d3eb82ab77a2bc6b5f57907c77a306fa22a62a0d97874c2451e4,1720408696.821347
MEND86,5ebf8410b53a697f5ab08237252dd33f3147b1bff971101169f790057e8a52fc,8b42ca7f80bc475644ac9a520bba7b9cccbce10d,1d8c3fd0173ed4ea92965965994f60dd24015dce0a91e0328f804bf2338dcdcc,1720408696.8595448
MEND87,db829f14e787b481ae475cac9f4b84c568427e9f8085e6a8349496f06d0d5aca,8b42ca7f80bc475644ac9a520bba7b9cccbce10d,a0d200a528afe241a94b7006dad9b68d9536c84174ef836dac2d876e3e79e9e3,1720408696.8900425
MEND88,ba7c8a1313a9af2ecf5e171fdd68eb575e6dc486419240722b381b2a3de9d278,8b42ca7f80bc475644ac9a520bba7b9cccbce10d,8f13d8a3bcde5a062a2f6394e62b554b94c3a45a79cf7b8f9348b00e38cff8bf,1720408696.991876
MEND89,c03f74b7bbfb37523fc14a41368bb0deb9d7647c2febccedc7927cbbcaab6d50,8b42ca7f80bc475644ac9a520bba7b9cccbce10d,5b5e5cf5206d081acf8e01e80d1d98e9629c019bf62ad5cbc66e6dad245290dc,1720408696.9864702
MEND9,e556e644ae85e89718f67cec2d8012e433466ecceaf5d1569196bdfd55687935,8b42ca7f80bc475644ac9a520bba7b9cccbce10d,87d94a421b1a0cf83bd11e2dc1e670713a1baa335f0a30ecfa245ad2dc2204f7,1720408697.1508696
MEND90,552562175752abf44f25d97a1c4aceb2264ca1a72394421e23f86b096c325f88,8b42ca7f80bc475644ac9a520bba7b9cccbce10d,24302a3fbd53f004bca3680aeb0a4faae21a19ebc3962bc23818a7a76ecb3f31,1720408697.2986429
MEND91,75da83260b81196fc2849b64808f381f9663fe315b6594077c5ba32db1c5f0e4,8b42ca7f80bc475644ac9a520bba7b9cccbce10d,6feac06cd009999cd689c4fb861d98e0808dfd9faabe9114471a7885758d8892,1720408697.2143536
MEND93,94d6035e060d7511f094cd8ba938e3cdcd637efb1e87d1e1cc24bf49fc9ffaa2,8b42ca7f80bc475644ac9a520bba7b9cccbce10d,b7d8dc15e3f153b19ac10a0dbe73d4542c3b0a7d55c992267b62ec39e7dc0fc7,1720408697.307644
MEND95,e15c349b4eb205308994b320373db3fbb80c23cfeed84f098f7c31ff542917ca,8b42ca7f80bc475644ac9a520bba7b9cccbce10d,3d12ee3a571c2835c50dabb886aa7e9894c8fe3cb0ef14eeacdb792d68b2c6c4,1720408697.320593
MEND96,635923a5947495f5f96df61a859d80e9e4f55c1a1fd00788de08a34abc87c469,8b42ca7f80bc475644ac9a520bba7b9cccbce10d,65c3bb9726c9cab5501de288a098121d78b81438bcb987de5d02da84a3ea50d6,1720408697.421141
MISC10,235e239ca562dc4781f3d669b5a391b855ba0d5531fedea65b44a737b1d45399,8b42ca7f80bc475644ac9a520bba7b9cccbce10d,83775c3d9f3df49b93ee707a36c080b5b149bdfb1bfb1350868c9af4b5ca3e23,1720408697.5889738
MISC11,f38490c27b5324fd27c9865ce4d89797cb24ac2d50671fb4a61518f371c058b2,8b42ca7f80bc475644ac9a520bba7b9cccbce10d,2008ba261a010ed9c766e02dc8ae0a2cc815509822e78656cf6a6517f6d4f3ae,1720408697.642234
MISC12,376787365984e405853d6eaf01a727ae7a8db6c4532ec9aea8190afed9ca9b9d,8b42ca7f80bc475644ac9a520bba7b9cccbce10d,aeb381345bd84d777d62c0284e071404c8b3b34bc01f84c77ca8190db5392b28,1720408697.6843898
MISC13,0b4d45ed03d9be58095bebfce032e61655131a89ff7b8d1bd1e33a85bca57abc,8b42ca7f80bc475644ac9a520bba7b9cccbce10d,f60bdedadabe94ae71fff632f29e441a79f7e09c0c54b207efcd4a0b6088e1ff,1720408697.811713
MISC14,e60f50cd45ff50da8258f78109ee23ede4e74da7322c980955cbbb41944ee87d,8b42ca7f80bc475644ac9a520bba7b9cccbce10d,e09884666b90518a6322e16c45a309438f3c2f3718d58cdf81777c97b5b87da0,1720408697.7362268
MISC15,3f38137f8bdb8b9d059bdf2e2d16d49c27feab797c798763318a214408f549a9,8b42ca7f80bc475644ac9a520bba7b9cccbce10d,79c0751c2daf7da4ba014b7e731b530f5a26577d410f33983472a146b6a6b142,1720408697.7584574
MISC18,107f761cd57624df054dfab9f219e0a5dce8d91d0234a883e0f60f81cbf746b4,8b42ca7f80bc475644ac9a520bba7b9cccbce10d,2bbeef9bbe759876de6700fba8372a2ae4de5e54958b4f6cd081dddc21d380bf,1720408698.015285
MISC2,feeff6bac507455de660439a47e8e02a0b27bb95e4700a46939e91a32ade2a63,8b42ca7f80bc475644ac9a520bba7b9cccbce10d,bf3abe54027f59a9cb3207bf49e44ef696eff8d6c3a0485502a17e57fc71f1fb,1720408698.1369157
MISC20,f80f4c3b72c13c669b44cef187f6bcb406c6846895756b4cdadd10f0132d4085,8b42ca7f80bc475644ac9a520bba7b9cccbce10d,32022467288d470c7ca7b7b408d3923025a85ad648b9207634d7a861be5c7fd8,1720408698.1595962
MISC21,4810e2062fc9c305313376a89010d8c53a51e363a312855aced8b9fc46e78a37,8b42ca7f80bc475644ac9a520bba7b9cccbce10d,f7e35db55fc1ebc6aea4a6cee92f1476149952e0a2387b3fdd31d8618e9c54fb,1720408698.2486377
MISC22,89971f6efb422b039499df7c6097163bc3fb051057e0e9fbb35e6d6ea60225cc,8b42ca7f80bc475644ac9a520bba7b9cccbce10d,ffb5f11b01e5f99ba1eb536090815e77ff97b6fa4149f2bdd8b2d6666909fb35,1720408698.3346379
MISC23,c1091ec84e8e8e3c8cdea088e055dec1c0e431a0c38d4c6d67878bf700a4fb27,8b42ca7f80bc475644ac9a520bba7b9cccbce10d,790763d3a1deeff4a0bba02a0ec117049e16e6420178e35429d4a5abb98e2c78,1720408698.3246338
MISC24,641702874f65273fd186f37ee591d2d2100e9bfd9b8c5e4f0d01c0682489a399,8b42ca7f80bc475644ac9a520bba7b9cccbce10d,1b0a16aca3482f508137322ea94d463a78ff042b031f4700aec296ee0b94d534,1720408698.5150576
MISC25,50b75352ac568fe1f09b34c69d6ae8cc43cde790f3db611cb374cc0ab272e32e,8b42ca7f80bc475644ac9a520bba7b9cccbce10d,d6e926dbed2c97de5fa7d6315a283036c00bab6e339ac9c243345fb5b7a722bd,1720408698.5537493
MISC26,45baeab160c74e7186427c9e6c8b1428fa47e2940956980883b95c09f7862376,8b42ca7f80bc475644ac9a520bba7b9cccbce10d,3540b28171eb03bb91f05d39697309551e667e17dad39f20bf422c20d0fe08e5,1720408698.6785603
MISC27,e3862f78edb770b9c66531c615af3655a44558426b838a83109e48780e6db810,8b42ca7f80bc475644ac9a520bba7b9cccbce10d,87872755c6b504b7494d024d335e503da7784f2786a3776ac6edccf7d6221c44,1720408698.5699716
MISC28,15d8475a96e16e4e11fab11c9ebb739384b851b317252e2af53e1963425122bf,8b42ca7f80bc475644ac9a520bba7b9cccbce10d,23f10e4f6cd25bf699beaa11dd42ee4b99a70937aea7288215ac797c576de86f,1720408698.592747
MISC29,e8efe2cad52034f760824fac57e5bbe63b0af44b739f1d64bfed25e41cddfd5f,8b42ca7f80bc475644ac9a520bba7b9cccbce10d,bbd6f690d8bd0be1f123985f1a0dea21f6928880cea3f01c990c25d2a916a088,1720408698.6865597
MISC3,9b0176d9e520cf24e7910632f412d8840ab0fe643963d34340a0a93052ddb177,8b42ca7f80bc475644ac9a520bba7b9cccbce10d,87bbfa81ea7af66e9fa70c0a5d97627dbaafdfc7ca2c3664c50e33c756a0eb95,1720408698.761921
MISC30,864e6a4756767c033d57edcae731591bd8bc8b629bb6eb92162bf7aa491a40ef,8b42ca7f80bc475644ac9a520bba7b9cccbce10d,9048795742727e81f4fba11b0b6f0de0b2c776e624b2652b7c39bbd28c5787aa,1720408698.8420298
MISC31,8d66144403ca7ec5973cbacab98e60d237eea2d3538e9f355a2c1ce65695a1b6,8b42ca7f80bc475644ac9a520bba7b9cccbce10d,f0615126a70e0478e293650c024571e4e703b975fd9aade19dc0c962d0af4bb7,1720408698.9532185
MISC32,41985c7811153cc6cc13d79d6c8637d63ffc44ff4258176738e811650b344d81,8b42ca7f80bc475644ac9a520bba7b9cccbce10d,089ac2ea75c3864723402893b8321fbaf30ab5e692771b0576e0f89a528dfc57,1720408699.0667813
MISC4,8a1fb1d64205b68838625beaba68de11e123f6c484f8f31016a9e0509226442b,8b42ca7f80bc475644ac9a520bba7b9cccbce10d,f3e06363f4a175e40a0db0169f0ab81d582e9a245ea600103c417fe5494726e8,1720408699.2728589
MISC5,5e652e17566b4225ff0dd2fa7d2c9f15bfbf241b90d37d52fb65f87430f14338,8b42ca7f80bc475644ac9a520bba7b9cccbce10d,f376ba00de14e12fa755d3e4f7ed0232c2b503a812a6e20b9b04d2d0bf7337f5,1720408699.041688
MISC6,053c8ee5bf463fae69fd098234eccfd4326b5cca925f4742fdd2dced7b408658,8b42ca7f80bc475644ac9a520bba7b9cccbce10d,0f8b19d006a46c751bedae5f32e4a2ed5246bcdda03d27494c905f4e89516c63,1720408699.1102722
MISC7,01d92817d68d5797c279bf5cd243b01311508b2612cf66edd176b3c9e407da24,8b42ca7f80bc475644ac9a520bba7b9cccbce10d,24c2966d244151d51aea9d0903734c518b87caf420e06b3b10955f6851ece500,1720408699.174737
MISC8,58087fae03b24f30ae2db5a000728e78982e16272dc40d60f28c6ba5c60c4beb,8b42ca7f80bc475644ac9a520bba7b9cccbce10d,eb4e33049a55a8473bf06a5dba1174c95597c6ad52ac2c825fae002d99c2240d,1720408699.2768617
MISC9,3f24bd2487b1eaf8a5011fb67938310fd5db9e74cb90a791c23fac241e6ba2c0,8b42ca7f80bc475644ac9a520bba7b9cccbce10d,2a973b228c2c0188237e810e9b8dc64fc5cf0cfceca938d42cdbb375457cf278,1720408699.341055
NCBI10,99fb923487ee4793cbd71aaf1e919bb39cccb79fa1187925c5671d6e5d1d35c9,8b42ca7f80bc475644ac9a520bba7b9cccbce10d,55d9981fdef96945f056a6652319c3de47c3b3307065c61159f018a93cadc37a,1720408699.4751341
NCBI100,b904dcc1af8ad0a46c52d8139ae2366c19ed38d4a6eb43ab5d4b6072f6a2ec94,8b42ca7f80bc475644ac9a520bba7b9cccbce10d,8a880915c70e4c04fca480e40cb60ee4980d51a0316c322f2333aa189f0edc87,1720408699.6050386
NCBI101,80b336f9af2f54a93e118503376e63bdab14a4b7115768248782741d8cda52bf,8b42ca7f80bc475644ac9a520bba7b9cccbce10d,45c6ba5392520bd215b25060501a1081208876b8398961bc00cedcc4fcf8df5b,1720408699.5494921
NCBI102,0d280e910d106003e3432e7f646be28dec60fbc77cd68a5cf611a685243ecae7,8b42ca7f80bc475644ac9a520bba7b9cccbce10d,6a0460fbc935e7cb19b000946d6516ffc7be662db334f14d70252e98f1472cae,1720408699.6170475
NCBI103,c79babb4702512968bd42622543f54f59a739be880636268cb366c193f150340,8b42ca7f80bc475644ac9a520bba7b9cccbce10d,a196e9c3ea9d7394c325828af76edee2f0d0bfdf3224eb4e8b6eeb94078d2cba,1720408699.705934
NCBI105,9ea9f94037fbc6f22e8d15c37bdfbdc2283087da4a6134d5386bf59b7f951686,8b42ca7f80bc475644ac9a520bba7b9cccbce10d,b0bcc87c6123c63fdebcc69192eb2b582da04e065a5c9b1b6207688396ab7b2c,1720408699.8515933
NCBI107,405a25d9bdbaf78b39b1dd7469b2cd15212c039781836373a1ffef0bb4abacb3,8b42ca7f80bc475644ac9a520bba7b9cccbce10d,5f4cdc9ce2a1239f55a3dcfa4ad66b94bc3301627e7faf5968bdc1fb4af77a3b,1720408699.901631
NCBI108,2485ef62191b86fe8222341c1212925facd379c2a82e21d1fb06be989a1b7789,8b42ca7f80bc475644ac9a520bba7b9cccbce10d,7d4d9e82d73542a80fe7b1a9164187c13cbee4790713ebad757bf550c0c8fd9c,1720408700.0492654
NCBI109,fbf8f391819d3bafdb744b139e676068c4dd0c9d375a36d371290346fcc77e22,8b42ca7f80bc475644ac9a520bba7b9cccbce10d,317d9eb5ac1c0cfa11ecba8bd17481f533905679a00e6679fdcbb41f159062b5,1720408700.1153083
NCBI110,17d4a459282be4c6f5cded575de8e0f508df4fead6ecff7719b4576599016f25,8b42ca7f80bc475644ac9a520bba7b9cccbce10d,9cbdb53e21b3df3b64df18e731385005096949b88ee73b08bfe25bbd5603a46b,1720408700.129308
NCBI111,f511459af46f19c2949b4eb4881e3fa0fc5ed270644343b848bb56c493a042de,8b42ca7f80bc475644ac9a520bba7b9cccbce10d,52e68c8870947062eb77661bc9b58a5cc438dacaeccb1ee625c27f6b5654d80a,1720408700.1493125
NCBI112,eb6a2bdd7d2a1061bac4d559359e9b4c17f1dedf5d7da5270031ed355e818aa1,8b42ca7f80bc475644ac9a520bba7b9cccbce10d,72fdbc62eaf55b8ac2be0e4d2505b9f99aa1e20f9b83d01afa59f388e0307d2b,1720408700.3813014
NCBI113,8a9bf399bbd65566d0b1ddbdb55b16ec121179adcae015e7063519c8439f104c,8b42ca7f80bc475644ac9a520bba7b9cccbce10d,04d0ed973278a4696fb3bd29565bf8af1b1dc19541fdfc4513c6c00a0b535355,1720408700.3282034
NCBI114,2d0b2f591c88b51d2c153e5af9aab4b92731af1b4e8b2b3fa4b8a116052e9c31,8b42ca7f80bc475644ac9a520bba7b9cccbce10d,88dc956009b7ccb5c0a9e6455a6629a3477fd46842a56adf26774f62ee644458,1720408700.3510625
NCBI115,f2f323440f7164f3c78b3e2087bcd39ddcc4295eb4742509dc83511e8897a3cf,8b42ca7f80bc475644ac9a520bba7b9cccbce10d,2ac678dc940ca539b5a71194245977c8b0f7565e1f144a97359e1341b2ec21dd,1720408700.4949684
NCBI116,327919912cb4f5c4379350d54d3d01addcb30fec998d13a12dab7a35a5301765,8b42ca7f80bc475644ac9a520bba7b9cccbce10d,ceeb67da56b0bb330369ba79bd2a78f786dc3d8cdcf9f5edd84ee13467423567,1720408700.6029804
NCBI117,dccd69c93312ff767e49f820b6f8486be5a3002e75343e762c0b086fd6bbbdba,8b42ca7f80bc475644ac9a520bba7b9cccbce10d,9a716ee501296013146baa2a4de03685f56baec2e1eda10014394208ab2e86be,1720408700.6426291
NCBI118,0dd989cac84c430de534ba95d4da7e54780fe7b45cee3c450b128b3a675a5f4b,8b42ca7f80bc475644ac9a520bba7b9cccbce10d,5878d85b6eea5c0c0c08f0518ea83bfea1da9dfc055d7477ae3bf10f6fcf1f52,1720408700.6009808
NCBI119,7a31d3116d88494bc7f2ca1772c840a05a580ac483d106aa7ad9e878ae1d2ec6,8b42ca7f80bc475644ac9a520bba7b9cccbce10d,6aadde3e1be176353708db3afd859c50b4f3c0ea6f0ac9f9c8401755e245f1f3,1720408700.6636817
NCBI12,bae616c93d0907e0ef0475442b916025f9751d547ff280aa65f81ccccd59a506,8b42ca7f80bc475644ac9a520bba7b9cccbce10d,2eff20f4f58e2a4ca891ec753b9d475165b6a78d508a364d2d33172df90ff88c,1720408700.8389492
NCBI120,b957657d27710e9e857854a6e6203cbd5f0c159337866642bf6f9e7c31ca76a2,8b42ca7f80bc475644ac9a520bba7b9cccbce10d,8012eed7c17abbe22fd30eec3dcc97b7b616996ef067d7a1efc79bc1967d065d,1720408700.8581135
NCBI121,54fde3df55de0ac62139d16be17065cdf6f03b12e892a7dda4f51efb42fff598,8b42ca7f80bc475644ac9a520bba7b9cccbce10d,0ee252faa9fe0cb5fc237389cc65a9ab5493aa5f8fd32a6f22de4de8bc748b8b,1720408701.0285301
NCBI122,851dd438f73d42640a67c07bccf8be841213860f68d7c796fa693b93eaa22d0f,8b42ca7f80bc475644ac9a520bba7b9cccbce10d,d4f4d35bd7b548db151d18aa86edbbb320bbac784f7a0ff50aec9a3066cacdc0,1720408700.9350703
NCBI123,9841d8a0f20f124fcf63c44fd20b938dbf6f951881eeb278820ff5661a737010,8b42ca7f80bc475644ac9a520bba7b9cccbce10d,d8052e82eee8049c3ee3e268c05a85f50d4d69761095ecbd2dc286f8a8238f60,1720408701.0778966
NCBI124,af085911d1d0cb1ee5bf7fd9b19b72596a9920d8cb60a9fafbc3ca3f482b04d9,8b42ca7f80bc475644ac9a520bba7b9cccbce10d,05851da77fc14aa4946058d3ef0f311044ba4decfa5d9399f23b1f70835958d6,1720408701.2108674
NCBI125,309b8116772ee6d8115ab7d5b046811721376519459f86c8a889a63b4c08f449,8b42ca7f80bc475644ac9a520bba7b9cccbce10d,b481da83d0051ab3b6911b49ed943d1bcef2b2f1f55cec01ada43621d05786f4,1720408701.1543286
NCBI126,d36b9474112d60117d1a4900f11fe1753465e10d58da6785e90ab719615c23f7,8b42ca7f80bc475644ac9a520bba7b9cccbce10d,4dbb85abbaa07cd2484dad6a428d698f50a5f7c4162bbc920fff26934e4cca04,1720408701.1743925
NCBI127,e754c52034de9bc3cff789d7c17a41051b17b7878c33870741510633577220fb,8b42ca7f80bc475644ac9a520bba7b9cccbce10d,3ae7d2d25c01be5f6984e2cd67a962f1558597f13887d305b888cadce66557de,1720408701.2767954
NCBI128,09bd15c407f9a867f2a6845161e32b0f1bf6ec3313cb871b71bbb754b9dd2f74,8b42ca7f80bc475644ac9a520bba7b9cccbce10d,2a2e7391a2495fafe92c18b9a3e8aa5aa1f1147b291c99c1bd25fe5d750f9deb,1720408701.3185484
NCBI13,51debc158783df293c9d942e6d60f708daffddf1ca1b8ea78d9ab0f94a8a0783,8b42ca7f80bc475644ac9a520bba7b9cccbce10d,ad1749fc34222d7938ceeef97a063ef35aa698790eb0ebd65780527a7338434f,1720408701.5350418
NCBI130,cd9cf3c749553c99049e9755edc033faa8c9625dab4682781cb6c4f15cbaa8af,8b42ca7f80bc475644ac9a520bba7b9cccbce10d,397ee93f9a063e4a33c07062908f7dfb04e348337bcaf5a4c713b73f2a5b3bda,1720408701.517038
NCBI131,208dc1e279798adc46bd396df066824770c3b51bb51f695adee1bd77eb4b9f02,8b42ca7f80bc475644ac9a520bba7b9cccbce10d,ac93f99e21aad701841949b1a609261f7f7a4fef51faf3df47566c922d9516ee,1720408701.6624985
NCBI135,d83476f60d1af0b2478aeddc8555eb61dc680a78d9a0ad6128c6a38a8b7886f7,8b42ca7f80bc475644ac9a520bba7b9cccbce10d,a3e65f8d4793ecfdef364ca1991466ca1348d102e4eccf5cfab6cc27d2da3be2,1720408701.7455878
NCBI136,42d9b78d09334cb1a1d53e4f430cad77c684cf0d1a2afdcc918206edad188d72,8b42ca7f80bc475644ac9a520bba7b9cccbce10d,bd30a5db3cd3bb5c93e63571a3d8393e3ffc2e1b0700bb55dd9f046297886a97,1720408701.817704
NCBI137,7baa088cd86f1aa8e58cd38cafd5a5a5c05c2a571563e1452cf8092ef09a16a6,8b42ca7f80bc475644ac9a520bba7b9cccbce10d,520011906c1f15ee8bcd35d1bf8614ff86014d2fefb9479e3ae834702812a7e9,1720408701.96288
NCBI138,d6ae7adfbb37d11278e4d4df220e13406e094f9ead1563f67ed9bd9f430b8998,8b42ca7f80bc475644ac9a520bba7b9cccbce10d,1dbb910d70c3ff14ebd661bf533c2e6b17fc7fa32881785935a7145dddc1ea85,1720408702.0444958
NCBI139,6a5f8ae7c413f92c5cd137b12134524bc871b0f8f69246b0512e5c14e6418446,8b42ca7f80bc475644ac9a520bba7b9cccbce10d,0da0b72e5cf15ac0f4aa921a49b4389ececc7495a982bde2f6c681e58039382d,1720408702.576273
NCBI14,ddfbc132187cca34a61e482b8390e52c8da868e940a344dc75f6414cdd86b28c,8b42ca7f80bc475644ac9a520bba7b9cccbce10d,edeab7a70b4f795bdcbcf3e191f604c08706ff7b888511c489135624d7571216,1720408702.06983
NCBI140,a67a8fad1fb41104c509d5008e49d915c64aafe6d613b919c24b5a438af1343d,8b42ca7f80bc475644ac9a520bba7b9cccbce10d,be35c4478da48a0b1a7005371e3346e3ff665f13b318bb9b527e5cef78bb40c7,1720408702.2061093
NCBI141,f1c915c66b5de0419708fd624e64190053c88506a7e5a88de43d71fa1f8d86ce,8b42ca7f80bc475644ac9a520bba7b9cccbce10d,f0e3a0a1d4ca132851b233f13f996e4805feb34afd60785b740c9823d3bbaaad,1720408702.1971123
NCBI142,689438c9ccf926044bdbe711a5128f31c2d782c23437028885a072d44a84a4ef,8b42ca7f80bc475644ac9a520bba7b9cccbce10d,9163c14ad4148060fc3c82ea3b58e16cb04350e676b1aaab58727c420db1bc2f,1720408702.1991093
NCBI143,ead49fd57ade39fdbdf8afbbd83949cad747aded95e8caebca00df513571f4ea,8b42ca7f80bc475644ac9a520bba7b9cccbce10d,6b938d3c1715426de4c86c8fdabf6c265bf17fd6b25aebe70a99c5ef1f7c44e7,1720408702.2662575
NCBI144,b6c735c64b0b2889fdf6941a102c0cf2ccfd67c857bb88fa3aba255cb3b8762a,8b42ca7f80bc475644ac9a520bba7b9cccbce10d,48073e74bb93246340ae41b88d3aeda2b10bdac6d47fcf3f7d5c4ef5400ede52,1720408702.4335346
NCBI145,d8cbdcbfd554a0344595f330bda19136969e42078171de80ad775dd0720c4289,8b42ca7f80bc475644ac9a520bba7b9cccbce10d,403195688c80f8385e9dda09375cbc7b542b643affad4a7221055d469b2af6a5,1720408702.641711
NCBI146,c1f63925c7ca7486c52642695dd0382e45f170b16ab0b0b035ace0ec9c83355e,8b42ca7f80bc475644ac9a520bba7b9cccbce10d,b5c6bfed0e746130546f259b7d823bea6bd1f5fea12a5311fb5570b88adfbc55,1720408702.5782712
NCBI147,8295fcf8e143e7d439bf2fa41e1d1abf80be43b5f9288f022d6818a27f3d5f98,8b42ca7f80bc475644ac9a520bba7b9cccbce10d,53a956045a77f83b1f614303013e2912172e9493bddcb9c8aeb33cd2554e3058,1720408702.682715
NCBI148,2b3f4790366b30433322cbed3d7170ae3c01a5b44428389b61f9c9ca4d7bc1d8,8b42ca7f80bc475644ac9a520bba7b9cccbce10d,f87eafd80404191a70d1e885a0cdc4ea62699e7caa47d8eb2224b6c7e0a31297,1720408702.678714
NCBI149,50fbed21a2c0bc9c77c6728824445f9b984ff87654cf0b3da084645ed0688b73,8b42ca7f80bc475644ac9a520bba7b9cccbce10d,ca6c24a74fc7f3d36bbd9a058f8a002c9db1bf0cb31622563f628c8afc0bbb80,1720408702.8491042
NCBI15,a762c69ca76d3539bdd44243db7734d2b249157fa6467f4974dfa4418f465f72,8b42ca7f80bc475644ac9a520bba7b9cccbce10d,776e7b75c6a2ba3009635629089f2e7432eaa6298bd8b82b1ff10ded733732f4,1720408702.7027428
NCBI150,e292107aaab736701bdc6f240f764e955e90b1bfdddc6128b5247b17ad5a5e28,8b42ca7f80bc475644ac9a520bba7b9cccbce10d,a78ad5b1dd071478d9e648baa6e93c8eb5a094366984bf138d93e937fd088652,1720408702.8808465
NCBI151,b1a41ee39a9bb1b8e5ef8b9498e3c9817ee09aa8eed950c9fdaa9fe3ddb27e5a,8b42ca7f80bc475644ac9a520bba7b9cccbce10d,94e9c36d66c1ccb8dd2c77f5c85a96f66e5d8006b9f2c2c591148d1a78dfeedb,1720408703.0079594
NCBI152,d1fdf32cd83d7eded8cf95332e3ec99a22de98cdcc66cd37fde180472e31d1b5,8b42ca7f80bc475644ac9a520bba7b9cccbce10d,ef090fe9bee6337ec94781693b72ef2e17eea5b3aa3ee56fa8aff6fa67a701c3,1720408703.013759
NCBI153,44b94e1cc3e4f196914ae1acbab39565a1f2dae1d123e1cc0b8b82c9ca296ca5,8b42ca7f80bc475644ac9a520bba7b9cccbce10d,30ed181911a39d58de15b1c4a8d2a4159ed5914bc43163dbdd2be7ee3c2f4e48,1720408703.1489308
NCBI154,5b2e075b730e9df99f6a0d9b407204de7191ee94bc99f0addedd6179d9f6de24,8b42ca7f80bc475644ac9a520bba7b9cccbce10d,a40bcbba608e70c50ad918cd9224f1dc08691181b4194e0767c63d55573ed574,1720408703.1135676
NCBI155,a71fdea66876f83e0db3f0cfb7800a05f10994a47fe5d36acb66f1c13340a4d7,8b42ca7f80bc475644ac9a520bba7b9cccbce10d,4a5f929e660306ed0268f7d9d47e136f25f228d7fc748db4c4a94d9fca4443ac,1720408703.1312225
NCBI156,616ee9c83a660ebb3b14736d04656105841cb88cd14009072099e8c0e35eb59d,8b42ca7f80bc475644ac9a520bba7b9cccbce10d,9b2b75945f9b39673b4815357607bc8d8b2bc6a67be7780d61fff15537bb6ef8,1720408703.1551836
NCBI157,91aa5a40e880aa3122bb4b4382a1ea813c1bae0b2845a6b5b8b8c60a524ac1a4,8b42ca7f80bc475644ac9a520bba7b9cccbce10d,915caca26e904c1706635e0ce26066a2ac4e1a8272a09e62835ab6015bd31bc2,1720408703.348977
NCBI158,9324894fa91bdc12418ada21793e0c04ea76b3d81d06bbb368833ccc97db7d3d,8b42ca7f80bc475644ac9a520bba7b9cccbce10d,1eff37c7963cc0913d28d876f059e7d623d8bb5afabb2cc8d83658a24cdc3afc,1720408703.3092356
NCBI159,9dcd228703b024a07ac90f9594cbaafa03d0a676e304cea24120e658b9a01df3,8b42ca7f80bc475644ac9a520bba7b9cccbce10d,4cff7bc6e70e9d99408e8c7c590f6e9568151679522f5ccf9178ea9324871b8a,1720408703.53762
NCBI160,ce8efc1afc0f1c4b0e4ba7e121282036ff8697bfff18b4d36e927cc761fafb36,8b42ca7f80bc475644ac9a520bba7b9cccbce10d,745b7ec03a85899699022490e9ae5795ae74cfade1eea850e29d78da42cf4832,1720408703.5512471
NCBI161,f3061ff50ad04730f0af873b46cb99ff7d9eee56521194d68fd9ed9683371794,8b42ca7f80bc475644ac9a520bba7b9cccbce10d,19c84f468b56c48a73917cf611816cf67b16752f243cd9732b934d8adb7d81eb,1720408703.569413
NCBI162,c8efb62555884d261cb581f1b37ad1cff29e980c624030b0f8bca1d35f63957d,8b42ca7f80bc475644ac9a520bba7b9cccbce10d,247430bceb6ad9c07264249f807ccecf4356b931387388c4b99acfcd99e7b774,1720408703.689948
NCBI163,1520ffa39d775c9f163d5eb29dc60cb4422ec59f94742b4920ade04ae35d5cde,8b42ca7f80bc475644ac9a520bba7b9cccbce10d,41e05bdd1cf6142b7168a878e9e1c6a51e03266b1b351c6dc330c8108a3d200a,1720408703.6109989
NCBI164,c65fbeca6a18045d00e1c566009effae0fa8c3ee151e2fd0813d249694b7457d,8b42ca7f80bc475644ac9a520bba7b9cccbce10d,c3c0ea8b7c33ee1bd9d09a84c08c2f054a071dacf4877ee6cc0b7f540198cfa8,1720408703.7842605
NCBI165,f712fa0ff8951128ff45832e4e5cd4ea14be933eae514751f03d9e31e841a25f,8b42ca7f80bc475644ac9a520bba7b9cccbce10d,cdafce8aa913afab894088e61fabb77fbf4743f617ab21b029548d2731c8030f,1720408703.8520586
NCBI167,ef96755614d63ff7a0b8aca0db6b665f2fc906fd7533dae669a39d93244d6f66,8b42ca7f80bc475644ac9a520bba7b9cccbce10d,fd945987474398aaee03bd7e0047d3daa1752c6afef9907c7ddceeea66839769,1720408704.0056875
NCBI168,b870ca12693b4ead3be683bbe039e1d53630d1023d47ab8a52ba02b14d7c7db1,8b42ca7f80bc475644ac9a520bba7b9cccbce10d,06498ae55f49f7f1dcad5fb4665062d03ed7124db46a42b881f4eba3cc9551d8,1720408704.0146873
NCBI169,79582705799688dae7075a0da4bdd490278e6b13ad0377528b70d3f97d37a8fa,8b42ca7f80bc475644ac9a520bba7b9cccbce10d,87fc7bfe1aad0f7d7d55c3781999540c96d302497da89ff932d966ffd72d626f,1720408704.0106866
NCBI17,d7f86416e1a000eecd33f0f7f0ad1702612092325c0aa6307a1c99484a660a66,8b42ca7f80bc475644ac9a520bba7b9cccbce10d,4899069f38380d62ec6ffbb2208f289ee4041b2a27f9ab95e373364635255b90,1720408704.052225
NCBI170,b1099acb83d54798cc57c0e1bbcade672bc98cb239e4f2bc63bfbc9ede3f79b9,8b42ca7f80bc475644ac9a520bba7b9cccbce10d,6471e59e76cb4b0fa887360a4cb600efb0a2ea694982822c0db5f838c6d2d93b,1720408704.4859858
NCBI171,0b00aa1ffde031bceca5241c34a1819bf918f87aed1d887c3672a20b4c9e76fd,8b42ca7f80bc475644ac9a520bba7b9cccbce10d,6090104d2c22ba949f3fa4eb91f6841342f10e83b046e928817b6099e94a7a9e,1720408704.2185378
NCBI172,ecc1c01f6375bbbee7933357faa175547e11bfe40d03ddb5f9be55cfea91284f,8b42ca7f80bc475644ac9a520bba7b9cccbce10d,2c7f7979f74ff331b18256866fe5485f0d30eb9bbb810b4e055a9c4eab627771,1720408704.4819858
NCBI173,127ed6b8e2e536ceed88cd9a6ed2766f8591146b6fe367d949f212bcf4c93aaf,8b42ca7f80bc475644ac9a520bba7b9cccbce10d,06cbd5f6fd3bdc6fc307ed947d0d3cb7ef4dda815c2dce78f2e73e786fb429ca,1720408704.3214958
NCBI174,b132a3ff18519350c2fd826120f5a2d4608d90a01626411de88d1c14c2beee84,8b42ca7f80bc475644ac9a520bba7b9cccbce10d,e172b5403dd6ef4482319249b1a964508632065daa8213c950c6a6da31dcf911,1720408704.4491534
NCBI175,6a6a2652f4326f0ea17d2401bdeb750119fb4113aa7dd5e9af8f52752787037c,8b42ca7f80bc475644ac9a520bba7b9cccbce10d,94948ca1551d2598582e4fb6fad3ed7b53b02167bf2d3183dac4d795cc3f5f39,1720408704.446155
NCBI176,8ea41537d19362355f4852a742fc661b02792918c915a234be62dd28fb5a5564,8b42ca7f80bc475644ac9a520bba7b9cccbce10d,6f44c00de1ae813d4ef5c4f504f1d22f536bc0326c707024eda341260e79cade,1720408704.4531546
NCBI177,7158d2c735b508fe0b233bb9b7c4363c79661e17f1a1f9ce71f9afa97c61468b,8b42ca7f80bc475644ac9a520bba7b9cccbce10d,93967818495f91db2468542f5c9240d80e66c792900b8c4c68d56acb1d584e26,1720408704.4910061
NCBI178,93a53c362f2c68130a77e4e2ce154819558e429bb35feb4e96dff82e995d601d,8b42ca7f80bc475644ac9a520bba7b9cccbce10d,20d4b085face033c8f3c92f7d4c6b64a47ba6eaf6a9f52ef61ab3d14f61a3d7f,1720408704.6488683
NCBI179,a956689d27ca0ba0bc4921c267561db1686a36e8f9b9ae6f95427caceec52e9e,8b42ca7f80bc475644ac9a520bba7b9cccbce10d,24e7765ffe153f800cbc0b3ed7dcd960bcbe4edafcdbad2ac161b029ced4b3ff,1720408704.7659888
NCBI18,49db94b6fc02b1a3a629f88452cc7e34043bf1877be0caba25ab93fe8f459bfb,8b42ca7f80bc475644ac9a520bba7b9cccbce10d,c6b002a20c0844db11ff9cf92e3ab10f5ca0a6ed91ce582cfdf24abd72f43770,1720408704.8915474
NCBI180,849dffb433fd88d5c73526feeb147c6ace45848e534f7794c6821117162d345b,8b42ca7f80bc475644ac9a520bba7b9cccbce10d,f7565f113f5f59b6c78146811aac9ee1e9ad46affbafd337fea0d66624e66f34,1720408704.9588175
NCBI181,9212913a01d51a72ac63eda949870b56b27325780bdceb17c381aaf20cb3cc85,8b42ca7f80bc475644ac9a520bba7b9cccbce10d,09bbf6590c2aee4a27dd7863785513e326bcf6286e1e296f0de00c80269dadbe,1720408704.8855453
NCBI182,ea5d0d798dc7f55abddce51156e183b3568927ab422763e862e43dd0dcd9341a,8b42ca7f80bc475644ac9a520bba7b9cccbce10d,414a85ecd4b97edc50d12143fb841a91f637a557c20801bc669da29ce44b9d3d,1720408704.986828
NCBI183,a07490a7059704fa23b99122f465eafbf192d2841f206b27d5eafe8d08fb0110,8b42ca7f80bc475644ac9a520bba7b9cccbce10d,ab1162572ba1af003c30d72963c889dcb85170f11b1c7d089c19ab3964e61a59,1720408704.9908297
NCBI184,808b61c9729f89e4afff0623fab31bb5e4d1ebe118f95061a19ddb25e5bacac3,8b42ca7f80bc475644ac9a520bba7b9cccbce10d,6fe6626b1f8acffbd4ec33ac3989ccfe208a36c29180650ceb11e3da62e1ca5c,1720408704.9289553
NCBI185,1bc067be7e4b3f4baf109cbe3188c1db5307b251fd6530b1c85fc7df6a837ed1,8b42ca7f80bc475644ac9a520bba7b9cccbce10d,ec5930a5a8db6adf2a36d28b3676a071a7c4258f359e96317db695d26ec29e57,1720408705.0762537
NCBI186,dc6d41287c2d2bd4599f5690d4ff8da5fb0df627cafd8ec97b13de843ac28926,8b42ca7f80bc475644ac9a520bba7b9cccbce10d,b1711a39176d68d7e0bffde4f473d9ed47089ce5d22e13345cd4a0b776877054,1720408705.2356906
NCBI188,bb8e7961b24cbda5aa653bd71c98a5af598b1122dddecb1ac55e7a7ad81f04db,8b42ca7f80bc475644ac9a520bba7b9cccbce10d,3e93bd30f2e5adc49239a12aee70f1d42841de8f451fcf5323c0065fcbad35f4,1720408705.3200407
NCBI189,e5249d413cf1d6bffffe2aab34d31ca1f01a374651bd1ef4b7677be14d315138,8b42ca7f80bc475644ac9a520bba7b9cccbce10d,2c8ce461e021b8d9846cd2b9fec4cf02a328ab70e408aaf1d9e8510a682d7e76,1720408705.3721316
NCBI19,bcdaa957d2ca65deb748a49de439e8fd48c103da13337349a97cf80284fb898c,8b42ca7f80bc475644ac9a520bba7b9cccbce10d,6ee1879b632993b634c78d117ec5b96db2688df7ddff016017abadcf31c45a9e,1720408705.521235
NCBI190,a7547f3fed44db179d03e3041839057e389f992d7c093d0f967b5df36cfffb64,8b42ca7f80bc475644ac9a520bba7b9cccbce10d,0cd506511ad0bb496242bec3e87912c0493a67ec341bb9e80bd99c8ba09a40e3,1720408705.49776
NCBI191,1b09eab33a2926810d20a2cf0ac5d79bb5fa7728bd0de823416b5ec36b1da610,8b42ca7f80bc475644ac9a520bba7b9cccbce10d,33a34bd76bc5396892fc3e4ff68301df15ee04c122b1972f120499df6e9ec65c,1720408705.784523
NCBI192,6bf8686cdc5e2be6940aa1c7378422c225d627c514c0d95ffa2e5a0d98c5610e,8b42ca7f80bc475644ac9a520bba7b9cccbce10d,02551b9869b40cfb072fda207926e0072078415767d865e03b987d35ab821e27,1720408705.5090172
NCBI193,d81ee2c70bd67195cc2a276fdf4c52747a132ba06edb0210a2c85321944cf392,8b42ca7f80bc475644ac9a520bba7b9cccbce10d,dd9bd7c8283ead622dea8a7871e93f2c9a953edf21be6358e2a2ea8663c25b5b,1720408705.6669245
NCBI194,a2aaaf3d3f390332b0a508d68de13e41519946b45eac9192b83b6e372ffcd33d,8b42ca7f80bc475644ac9a520bba7b9cccbce10d,957f8d93cbdfae21a08e9243f620c58bf090f8161159232fca11d74935325414,1720408705.7935255
NCBI195,768d81844ec4b1f7a491406209b17c58cbca5eda4470c79d0fed304a03d8ee13,8b42ca7f80bc475644ac9a520bba7b9cccbce10d,441d8510c8fa5afc2f7163a20142793b4065d587102c04b3c401cbcd79569465,1720408705.7715206
NCBI197,769803565501797b6eb014a2573b8f8185cf08b42ccaad0384c7e08b3645527b,8b42ca7f80bc475644ac9a520bba7b9cccbce10d,b23b0d6f01c6e93e51b08f7399776edf2891f8df5ebd207503991c83ee591ab3,1720408706.0086403
NCBI199,821102d4912a424532c4ce99bee391f3f7939e288d3e8898563445be67bf5cac,8b42ca7f80bc475644ac9a520bba7b9cccbce10d,809bbf2309bfffcfc89ef1caeaf2b43a8d872a9efd3f7d50c2b923a50e22c41c,1720408705.9547763
NCBI2,8533499ed730714ce5a4c6006b3e10c7a8f21dc2d5f6f6aedeafeaaad11d40a9,8b42ca7f80bc475644ac9a520bba7b9cccbce10d,6d8ce00f7dc29dec4f2ebe3aa0521f50ab62b4256b148a24cf369125ad2be4b2,1720408706.136106
NCBI20,88f1bea1699604d3c84e3471d0cf9abf5e4adaf27413bd714991ffaec0f47ce2,8b42ca7f80bc475644ac9a520bba7b9cccbce10d,f1f07f8221265572c6a44937972edde5eebd950c0c2252457326278e70068ff6,1720408706.2062972
NCBI200,d405985cb362f388995e682af39a6fd957c6fedaae8366e635e3c82e7b6be19f,8b42ca7f80bc475644ac9a520bba7b9cccbce10d,83427a06d5acba8de44f748410026c192f31c9dd6f987e41ea002b1ab8c5a9cd,1720408706.2911205
NCBI201,a5bc0eb1fcd7a2448697ea77659237f258414b1ca4ca66e9ada737e6ed045d2c,8b42ca7f80bc475644ac9a520bba7b9cccbce10d,4bdc83ff8439fb3d98b27200920ab7bcab5719daf2096ad154df266f5e1cbe63,1720408706.2591097
NCBI202,91e184d35273b1d758537f1a28d766bffc91c8124edae9b1d3d70d6a8fc20112,8b42ca7f80bc475644ac9a520bba7b9cccbce10d,9472a24fc8b8bbd5dcdc91094028ed3acc8f69b406487ce4c436ac8a6b3a51a0,1720408706.2841206
NCBI203,6fe28874c984eb02483f6096fe2b9c49fdd24b3afe68137c463d40ab27bd9cea,8b42ca7f80bc475644ac9a520bba7b9cccbce10d,7419945fc8bfc9bd5065d0fdb63681f60c488399eb70cf30386b977784b5b8ae,1720408706.4129562
NCBI204,000a8d6c4d86301be7d4881a29f3c34c74556c2b433e38905f3dd00cdcbb7002,8b42ca7f80bc475644ac9a520bba7b9cccbce10d,d78e278d18308db5debb1087b7cd4c5f0a24ff7f75b255cc7826f7fc4d4ff068,1720408706.403773
NCBI205,484d75cb92a171c63fd78c99a93ed56b42c8cb1b036b450a7605503873c05e9d,8b42ca7f80bc475644ac9a520bba7b9cccbce10d,681eed58b9e50b71bb10458254a9e961c6525dd03785fe0ad3878e0b78cd8962,1720408706.5337675
NCBI206,f857ca27f3ccf7d605b0d63ed4c7ac37e549cf2b873ffd3a31177acf8821bc3d,8b42ca7f80bc475644ac9a520bba7b9cccbce10d,55db4cfb966d44dfbe0ba438370f20de774e0688283900cd5e33dcf4047e04eb,1720408706.5635848
NCBI207,e57adbadcbde6e04f12736e5bb486b8f334091c70cf83f0a6fd12fd856a0b0bb,8b42ca7f80bc475644ac9a520bba7b9cccbce10d,acb6d2ce6702988251fa0775bad014aa5d1a9b49759b9cad5bbbb87c135e3023,1720408706.6405516
NCBI208,2bfb3f42fac9fde78beab3211ed6ddee4964710db472ada7ad2459269753fe85,8b42ca7f80bc475644ac9a520bba7b9cccbce10d,a45dcf508f0aa60e6f7e3abbf8f5f156ddd5262236cbe0428f3b57714620e3fe,1720408706.7334998
NCBI209,7ce6bd6dedfa5c2cbe8a57d7908057955fe0c7d5757386a1684fa4536068c2bc,8b42ca7f80bc475644ac9a520bba7b9cccbce10d,f81d107c2e9c111e54e8f4bd40a80e53254db02aba810681ea1050b20e1d6173,1720408706.7465
NCBI21,1438d682aeab67137d0a37e14a189e23a6701aeadecef85c7a570985e83bf873,8b42ca7f80bc475644ac9a520bba7b9cccbce10d,d0e8e6f73d316af033d0b266d95265eb3c78fc2eb0742afaabf0055cd4b289cc,1720408706.8330872
NCBI210,954d19369d57929de410d712e9b142137a3da0a94428c9331e71ce2adecc93bc,8b42ca7f80bc475644ac9a520bba7b9cccbce10d,ca43576797e01a9dfaf57214e874c58bed71a3e48f926a50132cbcb7d7c46859,1720408706.8368106
NCBI211,58f602acdbbe972d2991ecadbed782689f4f09eef79855a429b6b3941861daaa,8b42ca7f80bc475644ac9a520bba7b9cccbce10d,2b668400a77ea8558b3fef356ac6e30bb3de458ab7347e07fddfd67584a97f5a,1720408706.8404562
NCBI212,92b92726a92f17a093e7dc23485a44532966c20e7bee642bd760d3964101a187,8b42ca7f80bc475644ac9a520bba7b9cccbce10d,a2f0beca0a031cc595766802e7e033af560b7fa13e71de02d31fe706a4692642,1720408707.032903
NCBI213,a9de95199e1d73297879566bdc44dd22de35dfe4cbc019e04b406d638f53103b,8b42ca7f80bc475644ac9a520bba7b9cccbce10d,090b9f8862473365598d851e2586e4b9c583047881e410d486ba542d72ed5874,1720408707.3769672
NCBI215,9c97bc7ce338ae46eda31b4c8f641d545230386fd37cf67e30edbe5fc4bcd80d,8b42ca7f80bc475644ac9a520bba7b9cccbce10d,4a820222ec5854d438f6ffb54578c23e75add98dd2584d81d4b25478f2b39615,1720408707.1694574
NCBI216,ba31c14ad1ba87937b86b843b17604f29c2bb771bfa3368fb3cdacea43836d42,8b42ca7f80bc475644ac9a520bba7b9cccbce10d,a5aea6ca195e84e94e980075aa9470d1f66ae95dae137006ad454c2c59a3655a,1720408707.1764572
NCBI217,5cb034dc5ed3ed37bfea36db7c4baf46434e1ff7b6fafa0359b0530bcec5a631,8b42ca7f80bc475644ac9a520bba7b9cccbce10d,9948f877f2d49aec630c41e30fc0cde4bcf4d26ba2b99895792c03e78db39af5,1720408707.4139864
NCBI219,9696788a19f78031c0b49e988227beb8eef8ddac6e7e7b96dc331d274a8d356f,8b42ca7f80bc475644ac9a520bba7b9cccbce10d,109eef8d804040c5c27614d2cb4567f1b78ebea31a2368aa0032e0db18cf16b8,1720408707.2714317
NCBI22,188686897a69893c64a43cc1f09c08f74b4a3e869ab69059b530ef7a27b8a628,8b42ca7f80bc475644ac9a520bba7b9cccbce10d,6e78d7d20eaf8022bbacc18bc55c4a0555e988b7464291bff5c48f9591f41f08,1720408707.5528312
NCBI220,c3e975f0ffdd6bfe7ccf6d092d5f3510c2d75091bd27f3be185972a50554f285,8b42ca7f80bc475644ac9a520bba7b9cccbce10d,9b1980a46a549f0484a00ffb34db967ac622204530f753e05d47b59b254939bc,1720408707.503582
NCBI221,a6600ac2b35779072a50c9652796d18a0fa417408307b407a19b75cd77b9a645,8b42ca7f80bc475644ac9a520bba7b9cccbce10d,b071ba517a97d361c6fb153ba0f428d69dd05bffa4cb83af0035dee10e790236,1720408707.6152623
NCBI222,a243ad84ed2e79c1ef9c00dd98a68eceb332f8a7aef1d41f352e0e65472c422a,8b42ca7f80bc475644ac9a520bba7b9cccbce10d,e40c861cd8e18c0fb17f56298137d541bb1589d658c390025e0930f3cf9902f6,1720408707.6122613
NCBI223,6514cb28e4d5f2d3be91ec1d9635d79deeef587d982ee07f165de57f703a96f9,8b42ca7f80bc475644ac9a520bba7b9cccbce10d,1fee8a373773f4f836b0a861b25d5c75e4b5e1427632d46a73cbdf5f98206e7e,1720408707.717091
NCBI225,37ac723a2d6b4f52f6808b472cd965f294a6cdad5b3db413377f343b3ce5ce9d,8b42ca7f80bc475644ac9a520bba7b9cccbce10d,875a058facc62d7668f5c262cacb0fcbe8c6a1045155090de08fd8aed432553f,1720408707.8105843
NCBI226,fd397e4b53c61025aab87e9140f29a27b1c581be1e1bab1df33f3feea65ebe81,8b42ca7f80bc475644ac9a520bba7b9cccbce10d,295a7423cddd024f720062c2105fa59f23ee10bd7ed5525ec6db9d4ca3825ca5,1720408707.9317925
NCBI227,0ea897e7f289d91b3c12553490d3f01a2b16b2943b6287a84b591bc67951ea08,8b42ca7f80bc475644ac9a520bba7b9cccbce10d,1201c9b3168610592e25c0bcfe00049eafd5da2633dcec7befc2551e48ff724f,1720408707.9539442
NCBI228,f566a7410b50af7f45c78f57fb1cc90f468b072afdf2c95bfdbdbc331bf1bda3,8b42ca7f80bc475644ac9a520bba7b9cccbce10d,a1a0f9bdba5f98426b6c376e476093c54daa411d46f41dfe2c7d7e0662d34109,1720408708.0685077
NCBI229,5a3177cef9fb9962a2610be81fabd1864fa3875dba44576eaf1ec6821fcb897b,8b42ca7f80bc475644ac9a520bba7b9cccbce10d,b569ece88b516981645b88540d1ba0a575b13aeab34be35c4a122167a07e4a42,1720408708.0685077
NCBI230,8d4ae1f985fccb1c9a03e660deb4fbc4420bca7d3dd09df74592c898f592b0a3,8b42ca7f80bc475644ac9a520bba7b9cccbce10d,1b736cab75877e40924c4896fb3c5fdd4bef0b57c0c18da6516accb55d2b40d8,1720408708.132513
NCBI231,697022860200d32ee0f68bd8db66d96c8a16f756e6ab25d61f0cd1a647a34027,8b42ca7f80bc475644ac9a520bba7b9cccbce10d,a73ebd81009b70b9b7c23dd1f19f1a9271bc947a141044e15444401efc556a27,1720408708.1585312
NCBI232,6549c30129ff719e4fafcde61cf6b09f39bd3a15087a77de3d658ee0bce6179d,8b42ca7f80bc475644ac9a520bba7b9cccbce10d,9298098a843c0eb9ae4fbd3a7a04b7ee323cba4d2139795895f159dc81f6184f,1720408708.2448559
NCBI233,e6b239963b18ec17cd485e9d9149faf4e79b1583c21b9baac1c6b4e7b9845f2d,8b42ca7f80bc475644ac9a520bba7b9cccbce10d,2d05d96bb3b6d6fcf63618880aedfd8ef03ffb293c0d90946a44f5ca1ea0dec2,1720408708.4745345
NCBI234,54152ca251fa9c6e43e3e282f1840395632027337e3a69591f8c1eb4092ca88f,8b42ca7f80bc475644ac9a520bba7b9cccbce10d,465b1bc6794d7723af4eefa05ef0747f76b79ded3ae5fd2bec68d76d7e53c89a,1720408708.3821728
NCBI235,7f08a5d52764e06cd07be48ff230ed87a1c809b091c7651cc52de7cdef08bf8a,8b42ca7f80bc475644ac9a520bba7b9cccbce10d,793fcbee5c053265e1e67d332c1ab5de0f3b9aea1d2062901f94bdcb25a8f242,1720408708.4765382
NCBI236,cc8ef69ace6c66b644fc62ad32243a58a19ed1259f5ab80d8c4eb497688a00c0,8b42ca7f80bc475644ac9a520bba7b9cccbce10d,9e62ea50a52cab4254b502acf7b611fa3de77102c627a3fa9b0913ee5041af9f,1720408708.5959117
NCBI237,e0e11010d8365207044135de87926f5dd575b062fc93e526ef49f2616fcfeb4a,8b42ca7f80bc475644ac9a520bba7b9cccbce10d,257aa55b23a9cc71e9c99daa7fec3125f18818b856905737800704681af36cea,1720408708.49394
NCBI238,f986ed2d0cc0e3a1252a35dde0764b270fcc6ec034c44d122fe8702e3cda5d61,8b42ca7f80bc475644ac9a520bba7b9cccbce10d,a3cb749ef12625fd2742b24daaac8cd5ef9c0d9d683498773ea799247b0069b5,1720408708.5812633
NCBI239,6f881268b1ca00bd0bb65a2a5551a0189c33bec8280a8176de3a4564f1618019,8b42ca7f80bc475644ac9a520bba7b9cccbce10d,f9c6da64840849592bd408b7631fc70dd7a77ed42b96d4d7426197041710c929,1720408708.5878322
NCBI24,f7b1b51fae1b66b84ed9dd36ed2beb1137a2ac2da7d38e3ec0cc5cf91b672b36,8b42ca7f80bc475644ac9a520bba7b9cccbce10d,47f0453ec79177ee39e88921489abaa918abc464fbe4237684aac84744612edc,1720408708.68314
NCBI240,62ef4539cb55f10a5bc8e90feecea0203762801d08f5658b5f37c89b93a2372f,8b42ca7f80bc475644ac9a520bba7b9cccbce10d,7be226c88f915dcfeee1d5570a984575dc4f2bac9d3a4e2653bcd91186fd8e1e,1720408708.811274
NCBI241,67c4c8501810a61396220262ae18dd7f8fb3d3f66b3b74597833b0151c0d03e6,8b42ca7f80bc475644ac9a520bba7b9cccbce10d,2cd313d0696ad9d9aa274ba8ddad95a644d50fcfc10daafdd550ea91044edc23,1720408708.973679
NCBI242,1be291b44e9a2b0573321299889215ac26fac0146a0cced7e2b2c93b61b6ea86,8b42ca7f80bc475644ac9a520bba7b9cccbce10d,1565f941a969bc7f8a2e2834313d20fa3a832b2ed3b12d5b002f3472aec2788d,1720408708.9168215
NCBI243,0fd05418fbc68f32756a5bb3ae300b45c791eced88ea8e2cdcd38ac33003346e,8b42ca7f80bc475644ac9a520bba7b9cccbce10d,7dd5fd95016c79e154fe6b4f15d8d9a505889667d046691bc9c6fed5e6e10137,1720408708.9556658
NCBI244,082cc5ea2379ad51315c8fa0f049feea04169582559e5d79a455c3b8278cde65,8b42ca7f80bc475644ac9a520bba7b9cccbce10d,d395552b810ef274fcb68156f044e9ac918f8afdb69b99e2f16af55748fa187f,1720408709.0257075
NCBI245,a5a1bf879e1c904ba0565c4bdc5b584edb4e68e4326f78d9b41e6e07e340f096,8b42ca7f80bc475644ac9a520bba7b9cccbce10d,44b1810396660a771d43c1193ff0f18473cf2fa2a7cddcd2bd2a58ee7130ac3e,1720408709.0327077
NCBI246,99b84d9ac05f67e7a5e1bc27dad8c67318d15b71daa328a2369a0d6855198634,8b42ca7f80bc475644ac9a520bba7b9cccbce10d,7865f49cb1714268398ffa7af13508f97da84bffc11dbd69f1386815f8cdb102,1720408709.1029084
NCBI247,afed617fa7e74e6ae8dce5f9aa438baeed3f81213dedbf994770311b893a5914,8b42ca7f80bc475644ac9a520bba7b9cccbce10d,78b6a45ed31432af111276dd52e8a49caefdc401fa475782859252521ba7b1cf,1720408709.1209161
NCBI248,6d2cd1c2802ade0e90e7522399ecc9ba4cdef8592da1bf360de2f4037e27ed34,8b42ca7f80bc475644ac9a520bba7b9cccbce10d,b4d2f16f2e9e98a8ed9c40e0dc53852e923314e35eb2df1ba43e8c83c6cfe66c,1720408709.249327
NCBI249,88a44c27a2dc5328ba6612b95d9e2adac0b20a8da5c1e4516b2d7e527c3e4c44,8b42ca7f80bc475644ac9a520bba7b9cccbce10d,024423efdce81ba284515510395df2ac2874b7784b52fc059d8577a19052a359,1720408709.4048083
NCBI25,d5806402b6db457d50c233764c1f4eac7c0a736e7fcb1365edaebcbf9d88f7db,8b42ca7f80bc475644ac9a520bba7b9cccbce10d,53c87715bdab13654732cd404392ea61d7051b57f646cdc0bb1b3089141419b8,1720408709.3865695
NCBI250,4f976db2a7da8ead7e1ecc7e7aa4e4635d1025e93fcdba842c5a6e735d3d320a,8b42ca7f80bc475644ac9a520bba7b9cccbce10d,59d7cb5334067bb7cb7a8d7bdedbde65abfc1b2288ed8fb4c01ae88dfd850c67,1720408709.4775326
NCBI251,2f3ab2f84263f44a59ecbeb33aaba6fa2d84eb19f4fbd63372f020b85a995973,8b42ca7f80bc475644ac9a520bba7b9cccbce10d,70d4b0e598525d15ba0d043460298a23a21b541dad7e9ede634fe8030cc07cf3,1720408709.4613612
NCBI252,3a39ed7dec56b1383b531529b0c44847e6785ed1f55fec3af2fe20075d3eb91e,8b42ca7f80bc475644ac9a520bba7b9cccbce10d,fca77424091cf0151b516293ac453cf505e4c7c6580faa1e59a8250c5e1588e6,1720408709.4673612
NCBI253,810231a4edade420f022f592170326b25be0e2d8d0d81efb8d66f79d75fde4b8,8b42ca7f80bc475644ac9a520bba7b9cccbce10d,cdb6cdd5fb69ee791b32b9e33de6ff90b8878848820af1779c9202aeab2b8bf8,1720408709.5952053
NCBI254,fa39a640039337c2fc474fb2cc4b522e9c5701456e9e7d60d502b89df69dd3c2,8b42ca7f80bc475644ac9a520bba7b9cccbce10d,a7956ef4c68479422bd61f3ebaab32c24297925fc9487629680c09df793d4018,1720408709.552395
NCBI256,169394b77fc4895fb4a8a927dabbaf52259a10277abc13452602c48f8e97dec8,8b42ca7f80bc475644ac9a520bba7b9cccbce10d,fa1e40209f83cb6a6976fc60236b9315e87f1e866fb1dfa93abe28c29417de86,1720408709.8201692
NCBI257,2d8fcb8f47c39429e26b087dd74df557cf2eb51e3b83630357148fd16c7e1300,8b42ca7f80bc475644ac9a520bba7b9cccbce10d,354a7b3f0f7fd6a0b8dfa686b891dee6285ca23bc06138577d94586367786e0c,1720408709.841185
NCBI258,9eed60b3cdf5e092a085d916e264e92bd3d94a73e62eaa84ecd2ef84e6c98f0c,8b42ca7f80bc475644ac9a520bba7b9cccbce10d,6b40fd1c2fc3fdc4450f540c4540d71883c317eaea03777c535e5c14910136e3,1720408709.8913534
NCBI259,9dd099f26aaab2c2ee8394bb7149d50196f8bbb15687d61801ae775ca4bdf668,8b42ca7f80bc475644ac9a520bba7b9cccbce10d,8243b312072bc346ef495708af42b53843cce32b0b8c8f676210fb725a4e1454,1720408709.9238627
NCBI26,752d0ae2cf2c805b3d1ab76cebfd5d566762272f1c3d0c73a97a88db63c48e06,8b42ca7f80bc475644ac9a520bba7b9cccbce10d,ffa3603f3c34801dd9d1207e2c1590d374a647f4aa2ebdc8f0bf438d492890f9,1720408709.967814
NCBI260,5ebce6db06a1ef7404a4970f6f450c196895f390869ecc1a2d7e6cb5f8c9f3d2,8b42ca7f80bc475644ac9a520bba7b9cccbce10d,a928043ef94ce2444ef90a23175bfeaaa23ba29bc5c6544cb06e0b012dbef3d1,1720408709.979831
NCBI261,bf8bea61178971325e8db67de426a14731d85c379e5c87468884c8d02b995718,8b42ca7f80bc475644ac9a520bba7b9cccbce10d,c15ff5d815e7f3559685443b226bde21878c4a8d6c2dc935c048dd3938e2a35e,1720408710.097124
NCBI262,456d07802f93688803169f5aedd5a60942f44dd2437f5991a4583146dfa7cb10,8b42ca7f80bc475644ac9a520bba7b9cccbce10d,1683821bd2a94c7d9de6a4ebac30fe33d03e8172e65a20b313a480a3baec193d,1720408710.1231203
NCBI264,52560e4646a63a5e2c49efc1bb521704a388c310d0413dedfb2603f8d675610b,8b42ca7f80bc475644ac9a520bba7b9cccbce10d,52b88a1d2ef1378296d2740dd98f087ed574d5f1c6dbb9aa158c74284b71fdba,1720408710.2836177
NCBI265,6840a2d8d1830ae8d2969bc12bb86ede203f301c58549d3bdd49d14d2aede82a,8b42ca7f80bc475644ac9a520bba7b9cccbce10d,acc0073278ee04e002f1c98de090c91fffa2498b559208ddab83ea1c7e41a31a,1720408710.3617315
NCBI266,945ab6a2630c478dc9b86d1c6679e41ff795341842c4b9cd9d5e44cfa6fd0352,8b42ca7f80bc475644ac9a520bba7b9cccbce10d,f33b9a868d16ed0ce007ebb93fd08424c80be9ccf7513a58a9afadf87d15215d,1720408710.3647566
NCBI268,516322eb6ffb503d35fda0ee9148f15d990d77fcb10187bb335f14cf324d6178,8b42ca7f80bc475644ac9a520bba7b9cccbce10d,72b9a5a45ad92d531f2ee5725506e1b63fe4755c925f12a1d87b320b58c84db5,1720408710.4163096
NCBI269,799bd1886c03bd46e15fa60831e7c8f594dfa89d850e6218fe29229efba494d0,8b42ca7f80bc475644ac9a520bba7b9cccbce10d,c5273bcf51319009b525940482550ed0bef97acc20ad0edf7da0ea92b3d1c662,1720408710.6173265
NCBI27,991d974861e0467f9a7af3acc477c455106b321022afeb23c2821930d0f15b37,8b42ca7f80bc475644ac9a520bba7b9cccbce10d,d453b99f759eb94ab37bce946f9568299429dcc9abedb91a78f3c2204b18cb40,1720408710.5583
NCBI270,c03dcb8d18597c06fe5a22d3aff27cc0a6015a2cd1a9700dca7cc957c48bbf50,8b42ca7f80bc475644ac9a520bba7b9cccbce10d,1c8c099ce842b69c8b6301dc112b27096d00d43ac2db444e52e0991c57c94424,1720408710.7238925
NCBI271,5d6619789eb3b1ddd4d891ff97fc1f53c45dac89c26fec56e52366c89b5aabfc,8b42ca7f80bc475644ac9a520bba7b9cccbce10d,1e6f18a7ffc8e7d11cf534c828d826280165268a642b0969fe52f61d54710458,1720408710.7469
NCBI272,cd8c484d5780a0dccd4767f886ff09ee310f0243a3c5a03caa79ffaf3d5b5bd3,8b42ca7f80bc475644ac9a520bba7b9cccbce10d,c4ce2a0ce4411f84cf39a656866955c2ee93c1427c4d623b1ed2aa97a6ff83b5,1720408710.7939143
NCBI273,ae97708554f4128a752e71748f44e02b515c6436cea7e3d8f0bb7725abc79a31,8b42ca7f80bc475644ac9a520bba7b9cccbce10d,3109de4b6364cb5259427efea2e96b4fd973eaa67c412e37f6da24cbba61bbbf,1720408710.8085794
NCBI274,b5872ded6ebd0f7f9a6ba86a5dfa2a6b7c8bf8dbdff4c82ea358785e49826881,8b42ca7f80bc475644ac9a520bba7b9cccbce10d,ada8c7b02aab478e3c27373436c9e1841c4bdd0ad28ab36e76023bc718c4c1b5,1720408710.8418016
NCBI275,0cf5a5fc3163a8dd45b7a3206e66f3dc2f1a0abe7b1499f2417b2fb1edb82a28,8b42ca7f80bc475644ac9a520bba7b9cccbce10d,9735df30a2ad0f5ca09836f7044712f8682110fb5a7607e04ac5e113d12d4675,1720408711.258406
NCBI276,c1de58255913eaccc408f55096f6fa9029636b06b1d770169963ff1bc9c59d91,8b42ca7f80bc475644ac9a520bba7b9cccbce10d,0ac570bba7a8c45e5d89f655aea0f8fdb2ab070cc9fa5ac46bbab5103dd779ac,1720408710.9933066
NCBI277,9875bf9635664f7af90e51c008ab217e7ca1c0b508af8d393dbaa48dac1e2cb1,8b42ca7f80bc475644ac9a520bba7b9cccbce10d,1026dffe9e815fda8ec438701b7c95265f35770570900c38a627ef01870055fa,1720408711.114704
NCBI278,b300c5b2baca7e871833f01fb322e179a5fbb0e6a43d2eacdfdb414405859d40,8b42ca7f80bc475644ac9a520bba7b9cccbce10d,1317ced6e3c411cbdc57fa8a3a5f741e8bffcee5b8002665124bc9b8cf314fc6,1720408711.1617508
NCBI279,108a0e2d1f4bbe5ec53cb51e7cb7f036abda60fb1ebc336d1f513f25f574241b,8b42ca7f80bc475644ac9a520bba7b9cccbce10d,f23c6fa1b97490ea2b2b57d7c6054a657bc86f50e11149a7e0af604b0d31204c,1720408711.1787536
NCBI28,696f2128f664dc886fb38e441e49ce7f0d6e7c29846422853b8fd18b74b95bc0,8b42ca7f80bc475644ac9a520bba7b9cccbce10d,712830f6d5c5e9fbb83245ea5edc314b7956f0a8ce4b4c483f926076762df3cd,1720408711.2344024
NCBI280,6de05fbe7feb3011c872213524bdaa1842e8ca843484ac4a060232ea25ad3d41,8b42ca7f80bc475644ac9a520bba7b9cccbce10d,cb980ab3b62d6dc2308e5cc6a349c6f9345b230c38c5684636c3bdd0c0b5d019,1720408711.2544057
NCBI281,3459575fb0b1953247c7ac4928034f106d4d58fea826ce9a3e175d60afb9f173,8b42ca7f80bc475644ac9a520bba7b9cccbce10d,6cf276de0b3213b76f1415058300ae51a47afc8bd1115825ee91ef511292ab0b,1720408711.2710667
NCBI283,052188e6e9b7ae1a34096fb7593e0db22a7633d29450fd5cd3e47bd53c9e0ae6,8b42ca7f80bc475644ac9a520bba7b9cccbce10d,38a62fcbb6a171fb755723c7b62b23dede18b5e2b7c14f94fa117fbeb45a184a,1720408711.616071
NCBI284,c3a177d34f0f7f206e08ef6baa3a3bb1b8390c3f37432f8cebb722c28fa07ff0,8b42ca7f80bc475644ac9a520bba7b9cccbce10d,b14d5e7818c622671dc5e70c8e904f1303a9c1476be2b42140623626e1316985,1720408711.6210706
NCBI285,18e581b11c2d698860474d0f1cb871eab61a16e047afefb21e4c7d9aca83ed22,8b42ca7f80bc475644ac9a520bba7b9cccbce10d,fdd78c2aaf122f8a327e82ae5a78143cfdd39b1c8f2c55872bd648b3c892e8fd,1720408711.624071
NCBI286,70bb2fdf98e536ccab5578713198c948ce64d7c1e3aaf5b27b7a6a7b28b9c2e6,8b42ca7f80bc475644ac9a520bba7b9cccbce10d,254cc38c3698c6cf92a8a0ca3fadf81bf413174972ec0f81148d4725a95261d1,1720408711.676985
NCBI287,24b577425392c7dea9fff7d00dac681238f2405ed49276ee2b3ef6be1505ce1d,8b42ca7f80bc475644ac9a520bba7b9cccbce10d,efeeb06d72525e89cd128c8f08787ffe204f4654b3db751bb9363b720913feec,1720408711.6869893
NCBI288,47eb2e6583b8bc80e6a9924aa8edc4cf3b6e3038d156c4ee0864982a1f540f6d,8b42ca7f80bc475644ac9a520bba7b9cccbce10d,9dbcf6cde5fb5d1743c1a541a47efaf4bd5eecc3b46be23371afda8c29baf22a,1720408711.7683985
NCBI289,7d25976b249b158eb03bc3631cba163ce50c702d0387d61389ee057d14ded0c8,8b42ca7f80bc475644ac9a520bba7b9cccbce10d,b7d8b06cd900498f75a05b2acb527e17b2506167590e3d065d4132852e5957dc,1720408711.7054534
NCBI29,4f5998f8d95413cc5eafecb868673bc544c2b3e6209880e46571b384becbb6a7,8b42ca7f80bc475644ac9a520bba7b9cccbce10d,d0127b461231c4f698f9500e29617ae8559c566a996b51149fb9e4e996f89f21,1720408711.8785763
NCBI290,0a5fa5e586b59c814e060dfc3e0e3e9be48293f6c29bbc0fa398a6d185b8adab,8b42ca7f80bc475644ac9a520bba7b9cccbce10d,ec15f1e2f0ec5a8ac36ce192529eb41ceafce0b271ef55e3ee8fb39c5298812b,1720408712.1325145
NCBI291,f153ff860fa015a413633882a61c2197a7706724bf8e25ea4bcd9a9bc501939e,8b42ca7f80bc475644ac9a520bba7b9cccbce10d,13d74a39b89875bed5f9b0b68521b9b005186827bafb3e6ad4dfdfe200181cb8,1720408712.0912437
NCBI292,f8dea423f853754b219bbc07bbcf9c766e1c84e1f073124b665714327cb3847c,8b42ca7f80bc475644ac9a520bba7b9cccbce10d,ed40e2db02aad38d743bcbfc73e82e5815e2bea253dd11487bfe825e8b53f805,1720408712.0972412
NCBI293,f9fc317149076fdea32950545a82123dc49ec6be8957c22cdbecf9fe05445240,8b42ca7f80bc475644ac9a520bba7b9cccbce10d,6b514b658f07a10aa30985caae1d3eacf5076d6d53dbb664a827ba0f8ca14611,1720408712.1345153
NCBI294,a508bf85c9f1b28435cdb04ad61d6cc83e59c272b9f1c4592f31551e72951d2d,8b42ca7f80bc475644ac9a520bba7b9cccbce10d,9a2c3ab5e1ef7217f4b20ee110987c73b15360abbdeca7486cf2f1ade4a899f5,1720408712.1456442
NCBI295,da4b01677d10f97249cc3d95a8b0bda45c52142fd8d1af09858a1bfec6c2b8c9,8b42ca7f80bc475644ac9a520bba7b9cccbce10d,6b3bbbae9309dcb9341a9b76e4129c49765e25dd039c137784d3b80ddc105d5a,1720408712.1365151
NCBI296,e88aa41987e3fc5c03e73cf59bb9b3990cf0c17e138371b6c9e61bacd4b7f8ee,8b42ca7f80bc475644ac9a520bba7b9cccbce10d,11ec61351a12a8e1a18ecf48f9642ff3fa901d019b5aa529086416c017c7c312,1720408712.2661448
NCBI297,92cc7c4dd13e8b987af663334e4690dbaabeefc167f62f498b82b52736df2345,8b42ca7f80bc475644ac9a520bba7b9cccbce10d,99fb7d3e06eac68136666228d61d7719e87ddbaf7a6707c2d582637e9881b63d,1720408712.3127441
NCBI298,543ddfeb9afec8b730bdca7cd1528d2ab67e0c728b265ae3db5f1bc2376ac118,8b42ca7f80bc475644ac9a520bba7b9cccbce10d,e25fd5467d532c67da1458b8386427bb823f297efe79f176933cbd5720bde22a,1720408712.5357978
NCBI299,66a8dcc79728dfe03b4bc57ccf6ee2da395d931cc99e2d91a1eca21012b91deb,8b42ca7f80bc475644ac9a520bba7b9cccbce10d,1a5d6c173dfcf6a5f74b9a8d6c462f519ad46a5a8810c000c2f122f3ac0bc74f,1720408712.5533311
NCBI3,c4c41f90766d237593f45d9fa3560bcbf40f792cc14bcdca601abeee1b301c08,8b42ca7f80bc475644ac9a520bba7b9cccbce10d,6cc33bb9d70a95f16fc107930672841be586e7688710d45d22a3695399af0e55,1720408712.6402586
NCBI30,06a1a7767a54905e12981981379224b79c924773ea77ddba511c5d499345870a,8b42ca7f80bc475644ac9a520bba7b9cccbce10d,e8dca8b0cec65b22bccda984a8e8e765b459b63652a284da73034a3c060e403e,1720408712.575032
NCBI300,afef4e2c84e575150cf112e7da0781c982b3939f7ebe10c603932b65426c0e82,8b42ca7f80bc475644ac9a520bba7b9cccbce10d,4341432278b356b05510befda00736a6d36a5c76fabe41a16475e8598d8e42a2,1720408712.581032
NCBI301,95d0f2a9c7ef1c679dcfaea656d8d489d21576f319734333294c0ddd4bccf44a,8b42ca7f80bc475644ac9a520bba7b9cccbce10d,260fa439dbb78fd12f5e6a573ba717f45ff9711c5b90a34246eaca21c183c471,1720408712.5780315
NCBI302,0a8a6f6425e31c6256f4521ed2ded788594fa862a45315079068123edc08fa11,8b42ca7f80bc475644ac9a520bba7b9cccbce10d,9c14ec28c81dbc98d90882e717705af82b19bc8cb1e0b30fae97b8c855a54459,1720408712.766498
NCBI303,985af9a37e72b0a123a4d0097af67a51fa5d44b744fe6a847ecb7131944da2f4,8b42ca7f80bc475644ac9a520bba7b9cccbce10d,11e5b287f27ae7af6691d7721448b94d440b8981b886abb28b25ddd2481f9f06,1720408712.7444932
NCBI304,e2ccbdfa9d522e991402f4137ab103f332873a6268d1f08cf51d4d63d61688c8,8b42ca7f80bc475644ac9a520bba7b9cccbce10d,7f5791392843d56a9c31e280cb82da81c85ae41de1cdd65a951993dea4f4baad,1720408712.9709814
NCBI305,7c8d030132e969c22e40327a38333a1ae9b6c3fe1bfdb55f55a10d08f972af1b,8b42ca7f80bc475644ac9a520bba7b9cccbce10d,a072028f65be23dceb6ff3a223acc36640e1c1291d19678239f0a0602527174b,1720408712.9908166
NCBI306,066a8f53402a4a331e898d02b44cb6567e5f47ed9712ae23f217524d2e89fd50,8b42ca7f80bc475644ac9a520bba7b9cccbce10d,cd0cb095a41500f2a63cc72465b9fadc9a8707db01b9731a3d369e9901d1e38c,1720408713.0108864
NCBI307,e390695a8068552c8662c4b0bd4c92c55332e4b7f6fc2a492691e5482a0ded87,8b42ca7f80bc475644ac9a520bba7b9cccbce10d,15fe62d77090a6cfd1b1db873f861e4eda833e0ffd31c9163c07de8335bc332d,1720408713.0208864
NCBI308,5c56c9b1a70bdfb675ad4103440d8d8834ae5b179e421e6a9bb614ccad5fbf0c,8b42ca7f80bc475644ac9a520bba7b9cccbce10d,8e439b24c8ea4604a2c0ce708124a8e240170d82468ec9d868fd179e5d06d346,1720408713.0168867
NCBI309,e9d03aee542aa608d3fa702aa6550461c4afcaa361f3db42ae7acd2f78b866b9,8b42ca7f80bc475644ac9a520bba7b9cccbce10d,3e9a06aa150428c6927e559d219f69630dc0b56f726a83745d7a1098e452efa1,1720408713.1581113
NCBI31,4385786e9ac1339df8fb2bc1bb0645ff35d1399d0ec7a7e8c7469792a97d020b,8b42ca7f80bc475644ac9a520bba7b9cccbce10d,91d5fecfad2bdfee7711d3b52641a2bc3827795ff0da2d2f69045c725fcc3482,1720408713.1911263
NCBI310,9a26b2cde4b74b917770e7298ed8705001c14d731112a3b20a5f836528a0d2af,8b42ca7f80bc475644ac9a520bba7b9cccbce10d,ac3ae81c43161c3885e86d7210d37cc23cc6e13aaa63353089b2a4c7818dfb84,1720408713.2791595
NCBI311,cbb6ea80d0cd27b75585c4c2cc7f3e6876c676aefa31bfc3945fd03ba6a2d814,8b42ca7f80bc475644ac9a520bba7b9cccbce10d,868017254c36b71d91828f6398cda748591fd122b1e22301384bfc95846bd22c,1720408713.4091702
NCBI312,29c9a8a769f2f6d2673b2e30669079a76c52e364eba7fcb31dd9f47be9337325,8b42ca7f80bc475644ac9a520bba7b9cccbce10d,f06a16c81b8a063798fa22aa18c2aedff091c03cd67c9cff3cb5f3dc423bdfee,1720408713.420339
NCBI313,092873fd0f7decee71f87f45c27faa25dbb067bd143baea693aa9d5c573070b1,8b42ca7f80bc475644ac9a520bba7b9cccbce10d,26b97d5dd84cde2b7788332b87ec3da0e58ef0fc2316a53b18ed90ca116ca758,1720408713.4500809
NCBI314,b9083f639dc320da9fa13a7e4be6b38dd8e4a3427f3babc842ab2a97cfebbc1d,8b42ca7f80bc475644ac9a520bba7b9cccbce10d,2f566da10946d6551a1e2bf5bd0e21de7202579853a8a235e30488260e455566,1720408713.4678848
NCBI315,4be42310a01a0088f57733e1c76421d556ba1c900dda8ee4b8a6ddff37f3a48d,8b42ca7f80bc475644ac9a520bba7b9cccbce10d,38e68704c94452412b829fc71b90998bad52efbf3225798c453b846086ad41c3,1720408713.4838893
NCBI316,611278858f8d00a3406b7aa26447344623974ff3dc58a430a83a8bd08aaada24,8b42ca7f80bc475644ac9a520bba7b9cccbce10d,36d2219f712e32fddeed14adec8f6a4e99aba49cffcfed75081bff793bf10518,1720408713.652371
NCBI317,77d3664dedb369a5bbf20a5cad679e41c3cc6f22f3681f9c8632d0cf1532593d,8b42ca7f80bc475644ac9a520bba7b9cccbce10d,867f7ef4377f5fdb3720b118ee86b0826815d6c9a0f5f5eb21457e1c7fdeee27,1720408713.6315584
NCBI318,e8f1321a4fa38b0bc3a8b84be876ea0c5371f0a9a2b9a9a93cf3ab578619cbd3,8b42ca7f80bc475644ac9a520bba7b9cccbce10d,14ce5ec2870c25eca5eb04dbb087dfc32929120898939033780f63b0a5e06a07,1720408714.112522
NCBI319,6c142cd681ba95fb6012bd09bcb2ae469cd494ce1a9eaef9f64e5444764839a1,8b42ca7f80bc475644ac9a520bba7b9cccbce10d,685aa909f890f93eab3878404ea5639a58a6a529fdba0aa20e0548081023b965,1720408713.871572
NCBI32,7449b09bf0eba27e7889082c3159317522cf8960a747cfad9f33e64bcd3088f9,8b42ca7f80bc475644ac9a520bba7b9cccbce10d,db9521f6b16ee848fc4a606ae75d7e41501811e71b27e20e1cc5495a04420dec,1720408713.857572
NCBI320,d01095ba5422b03508f1957819d73db08125330f240dd7a6c10dc9ea102e94ea,8b42ca7f80bc475644ac9a520bba7b9cccbce10d,ec95b7e078dbdf43b4249fde61bc3ce80abbc8cd67001f66287bdd3a33a82e2b,1720408713.8845775
NCBI321,5c300864e7d13e70466d47491fb9b87f5cb30d6cf628df49784b64aa73181fa6,8b42ca7f80bc475644ac9a520bba7b9cccbce10d,178cc072429ec72038f9a5045dba9ab5dc6fed62d6d05c381cc2536a714b9ea4,1720408713.904799
NCBI322,cf758d431b7f92c8ce505979af04715a0f6c239eb7aed8b056e27f7ed70b23fd,8b42ca7f80bc475644ac9a520bba7b9cccbce10d,0c9dbb1102800b648582819c3e4f0d3c8d7c3255aab730ce30234b0715f659c9,1720408713.9253354
NCBI325,00dec37e53a3365d3d1ecdf2f29f8624aa20cc9a091e08d3ecfad37da255f4f7,8b42ca7f80bc475644ac9a520bba7b9cccbce10d,95dd8e538c40f44c9bb20bca5c858ad00f6fe1db5804ffe8c0a2cc8edbc14a2c,1720408714.304235
NCBI326,32f3e96269f899199418f15af6748482f469fbd9e4a1816f29e917bac4437fee,8b42ca7f80bc475644ac9a520bba7b9cccbce10d,5e31cb8c70864852855a1742d1487e66912c2d138d983de2e874be9e7f01adbe,1720408714.3175907
NCBI328,868027ba351884aed974e4be7b52977f4d806daf7ca4b242d5ef1af4a00358f4,8b42ca7f80bc475644ac9a520bba7b9cccbce10d,2614e81db6db7c2de113cd8e4514f02ba27c7cf0c5c6611311656ac352c18edd,1720408714.3397849
NCBI329,6e52d99cc3034f3160be6f327c2afc2a51401c8edbf192a2e86bda26f4d3655c,8b42ca7f80bc475644ac9a520bba7b9cccbce10d,171e3f057bd6f5a205f4933c0dc8b68da8f33590144964df2206a16b2b01a844,1720408714.3647697
NCBI33,f5e00160c6fb7fe3a116e5c4503bfca3dc70929e8482401bd75e50b0242c3006,8b42ca7f80bc475644ac9a520bba7b9cccbce10d,2892ea3e63156d2f229342382011070d07882b6f18e05719df5f6db0994fc6c9,1720408714.4879036
NCBI331,adac0d41af8f4b9d1164d401dd7f68d8cf7e5146ea4a13c4028afd179c0577fa,8b42ca7f80bc475644ac9a520bba7b9cccbce10d,366c1f16d8da5e78af432c9a2b1f3cfd70776c52d0251bafed5467b48d046a7a,1720408714.6061766
NCBI334,76f0271fcdf1fee304f18a73a9ee6a94b1bb97ee3c2e8926aee731c020a29b00,8b42ca7f80bc475644ac9a520bba7b9cccbce10d,5ccf584f0896c350839a2909092f02e1c1311af5ac516a78eb8042faf00f0182,1720408714.7567406
NCBI335,45a10e53049eaad75fa9baaf6725e28f25a0276e8835b6c3849be908551e68d4,8b42ca7f80bc475644ac9a520bba7b9cccbce10d,1c8d7a955b32500e53452e041fe9e014da9015c7dfb3271c924515e1e1ee8533,1720408714.7709155
NCBI336,ab0f1d54d87e7cf1d4314226c56bdb8d8b4f1cf7e05676150c544342454d2b62,8b42ca7f80bc475644ac9a520bba7b9cccbce10d,4a89f7574ef19f942b242602112ffe544c190af729540a24dfc7b62df1bf1d98,1720408714.7759142
NCBI337,ac6e95d8ac08a8d3258bac9079b27cf5a4e9e8f3900e77861804ca2a14697cc6,8b42ca7f80bc475644ac9a520bba7b9cccbce10d,2d750e8b234c974032605b339ba07ba02185b4c99b374486c4674196ddaf886b,1720408714.7937176
NCBI338,4f65b4b57bd3e5341ae32754330c8522bbc034b586602d8a7d346321fe06c74a,8b42ca7f80bc475644ac9a520bba7b9cccbce10d,b6674c829e150db5807bda67f8cdcd4abcdc3632aee4593b8687e769022d39fa,1720408714.9252193
NCBI339,0d49f71a63683e5f4f629e80bc62eabba8525c4020faa423aee0ff0b034c858c,8b42ca7f80bc475644ac9a520bba7b9cccbce10d,fcb94996a2bac23c9dcaf60e263769c3e48d80adf383ad35a9c3a07242715126,1720408715.2119186
NCBI34,3759fb169731937ce7900a55267f94cb1150dc4b2ffa235aaf60077300653f89,8b42ca7f80bc475644ac9a520bba7b9cccbce10d,c7407af4b40ebefd387a393e103d827bf768dd4a3c437687e59f409177e3c348,1720408715.1427581
NCBI340,285d29fb7f9b86bf8a294bf958c84c89541a596f9292c374ca9f336282adfed4,8b42ca7f80bc475644ac9a520bba7b9cccbce10d,21008280295a014f509f49ea1c89882d38eb08c17801a1ea1fe31048e9c9c001,1720408715.1669097
NCBI341,e93d1d391ab5439fe0b2f3218425e33582090fbef09ddfdf59320a963b7a1cce,8b42ca7f80bc475644ac9a520bba7b9cccbce10d,00258f3687d52019a30f5a89a98dfdd1fa0ac894be503fcf9679bcee0645a867,1720408715.2069182
NCBI342,104433e68fef4db9ff1e019c6929b36afe8aee71dda755ba72419edf19b61633,8b42ca7f80bc475644ac9a520bba7b9cccbce10d,7bacc87cb6043973f0dc37e9dd8ded3748497ffb4daf90ea659349f179f17e98,1720408715.2069182
NCBI343,4935e6d68ff57e480854ab5ca9b3455578099922a653e498c4f0e79fa439f5e8,8b42ca7f80bc475644ac9a520bba7b9cccbce10d,f79f9c1f7df55730f13bcc928bccff235029e71f5dec23c6f05f475b00f2f46f,1720408715.199918
NCBI344,7a3367ebf88d035f9040fb3e9fc5bb3dd0326c751f6ee7e15c6c7c666091e38f,8b42ca7f80bc475644ac9a520bba7b9cccbce10d,f59164b677d804d54c80d5fdbe88b144d0aafd21b9aca5230c4c1615f264df3d,1720408715.2228615
NCBI345,ed3bf9b2ca2760fd416ef4583740b2562aeb2139b5324d43fd61890548a6cc28,8b42ca7f80bc475644ac9a520bba7b9cccbce10d,395a3cb8a6a5a4fcec3fe45929300f445f48892ef284617b5222ddf68fd5fb02,1720408715.8081772
NCBI346,b6f562b367e41cac67fea19dd79b4b17847708740c94b4bbf864fad807bdaa14,8b42ca7f80bc475644ac9a520bba7b9cccbce10d,0feaf6ae55e1261cabfe4287c276b450134cf9d01380bb8dacc59f19683250de,1720408715.6497147
NCBI347,a820361f4d04e888dabb356d9696c86a0d38c0bd10db6400b5a5d900451f6bad,8b42ca7f80bc475644ac9a520bba7b9cccbce10d,a2ba3c2a6d8a644b4602ec6c728a8bf5d49dec1e5a9c2051a5dcd4f27e2d75bf,1720408715.6063218
NCBI348,6f6270f36eedab3900a0e873e9da0dc036acecfcdea893fe36169b94e040f707,8b42ca7f80bc475644ac9a520bba7b9cccbce10d,1995919c70cbdb1a841d774dfe100c8a3b3bfe591b7d44396a05532bbbf93d60,1720408715.6388068
NCBI349,7c705b1cacc37fd46cd208291de7c08f29d5d930875e540f659705845fad3a3f,8b42ca7f80bc475644ac9a520bba7b9cccbce10d,7165b3fc5404b2a99e42b205fab4cb7cddad7cf0e17b2279d4702b7dd2ad4b08,1720408715.6749063
NCBI35,9ccd6a6f470c907f97328ed846a92ed3ecbee7242e7be5cc035fdc5ac00b643b,8b42ca7f80bc475644ac9a520bba7b9cccbce10d,c9a09083ce2f4b8774efb026809aad4ef319e3087eec5a0e3074c4aa7c93b79b,1720408715.6627192
NCBI350,c6aa3c6e9b23c26f7056b8e7b810bd7e7a29ce7cc98a167859f02d3e7e660532,8b42ca7f80bc475644ac9a520bba7b9cccbce10d,4252fc6fa5df3592490b7af86f1a618202cb045d4d6c2209db908c768d3da527,1720408715.7097585
NCBI351,58e7a7b1d9b37d326542d92e139c14edbce3680c870448e57558e96adf9e65a4,8b42ca7f80bc475644ac9a520bba7b9cccbce10d,772ce06134668549e51ec61d8df73dccccc95ada4b469c1ef9e3d60a402fb063,1720408715.6607192
NCBI352,8633350282b8c61f0a01f5935ea24d7b26182b0f876dc6d017ecb91b639ec1da,8b42ca7f80bc475644ac9a520bba7b9cccbce10d,0cbcb267eeafc31090b045459fbce649cc07fc5857732fff8376beb13a6f469f,1720408716.0405602
NCBI353,26b0a8ea8c4fba390edd402ae5d19f09b17cf78a8975ba208eda43359a0bb3c1,8b42ca7f80bc475644ac9a520bba7b9cccbce10d,a6148f06431310bb75546d8136bef7d5efb10d603633caace06bc737475408c8,1720408716.0730822
NCBI354,582465a4762ef418c220b8d257e95a5108bf4ac19b66378fec8a2b8f83c5bfde,8b42ca7f80bc475644ac9a520bba7b9cccbce10d,6aa5db64a8891473f2d8cbae5435ebd2ed4d188c267862f9e68dc4bd7e712572,1720408716.1568763
NCBI355,047b8657a032c0caa2d2b375d0e2c5a58f5b63f9ea9e69d5ca5e3c3dfaac92a8,8b42ca7f80bc475644ac9a520bba7b9cccbce10d,474592764233bca26e6a0b0bb54761bda6e109379302be39fa5e9238db991bbb,1720408716.1133657
NCBI357,61f390ff2c9337e248038eb67bc2c3428d1a420afb4c39fefbc4140d1371364a,8b42ca7f80bc475644ac9a520bba7b9cccbce10d,97d1e026e2c3baff7bff36b92b6857f5220e6b95c67ff092ea725c996c6c90bd,1720408716.1153722
NCBI358,08c254b77240ab1a118f58f2366f90474647f6abe301f9db370635d00af0cba9,8b42ca7f80bc475644ac9a520bba7b9cccbce10d,096a18639451275c4219d775496e57038f9d8c0bf707cdaa18ab9827c0ab5cc0,1720408716.2039049
NCBI359,e312abdc9347e890d408a10d581c5cee5abd9f08d40b964fc4ca3b31db67a083,8b42ca7f80bc475644ac9a520bba7b9cccbce10d,bffd7c469575ea101b6a4811075c7ff23ac28a00d27f806f5a4adb37e987c3b8,1720408716.2487938
NCBI36,55cadf726bb58637c6a5a65d6bfe2ce4cbd891c1f3595ebf1278a66123464b86,8b42ca7f80bc475644ac9a520bba7b9cccbce10d,e7956fe623294530bfc2baab4ef4c8b7e2e5e10979c0370f2e88afb5200dd068,1720408716.474394
NCBI360,6c17c7af0474daf6c25a3a10c325da2a5b3f5154054f5d800bb86e2c2f243605,8b42ca7f80bc475644ac9a520bba7b9cccbce10d,b737a3fa6da2b5cd38ed5d32a3a65be490756675402a45f81fcd67876088ef67,1720408716.5252717
NCBI363,75b92e670be6c3ee0fdef0201ed05f6554968cc117f30712777ea1d277108c7b,8b42ca7f80bc475644ac9a520bba7b9cccbce10d,b8b2000acaee6130e1a45006f6e9429f7b972a87a31f7667718bf1a994c42b6f,1720408716.5619018
NCBI364,45b81e1853db3df42360c4cfbe4a88c8b47a98f5c4ae3264a2af7c9dcfd59f05,8b42ca7f80bc475644ac9a520bba7b9cccbce10d,d5757a3479e76603a2f6fa6c6d2d57319a999e7c1454700ecccbef72bb7f3381,1720408716.6730547
NCBI365,5ebb2f72d99afd4f67d48cf9e2a4f0e69d92cd6fd591104d620daa99506638c3,8b42ca7f80bc475644ac9a520bba7b9cccbce10d,cf59b44ea3eab28c4c9063bdadbb291bd050a444463e262f25587cb93d4341a8,1720408716.7081952
NCBI366,ff8bac76d9bc125828341a2c5e96e50f29b7dc688cde44fe726f910d5c0ca021,8b42ca7f80bc475644ac9a520bba7b9cccbce10d,6110e7d891367ccde35ea226d50de791c13f8cf912d0ba136d3cf455aece4ec6,1720408716.691599
NCBI367,f40f2f69c28e8d20cc520586ecba867a174983e10118eb468e72c3a836b7ac43,8b42ca7f80bc475644ac9a520bba7b9cccbce10d,08725d549b475f6ec49ab4af25c53faf13a56072d65ab67b1eb07a1e2f3b8b6c,1720408716.9493358
NCBI369,45062a67d3e588701c19eb2f89f6b8aa374a70ffad12c5ca84afcb46408bbccc,8b42ca7f80bc475644ac9a520bba7b9cccbce10d,7a3228f1423552eb93f97a3ba20fb9fad1073d5dd49e283bb1d77b89db2d45bd,1720408716.9613364
NCBI37,b71964599fce8a95c0beac8e88b29349652aa14a9c52407d5bc43804d36e9a9b,8b42ca7f80bc475644ac9a520bba7b9cccbce10d,9667b651c58d60aac429554f10dd3f2e058abf48b66f926584d2637dc923841d,1720408716.983354
NCBI370,99f27d42aa10fa491bc805191961c0927cb4cc80a53d72accb3505451b688dd6,8b42ca7f80bc475644ac9a520bba7b9cccbce10d,d857f9bafc7827bc70c88483d70d0a9bb76246876684e3b550d238a4ecd3aacd,1720408717.020496
NCBI371,7bfcbe2a20664b250ac9713ec178321db4e36a40fc7341aed188df4e39cfc1af,8b42ca7f80bc475644ac9a520bba7b9cccbce10d,6c8e20cc02f21990d2940e434bd30adab35e5a0c32a348cea9422c0d5a0b9e31,1720408717.1710806
NCBI372,8832684db1814ab56fd42fb10a4f839cc00d82e0b83c29ebf54da8045b5c335b,8b42ca7f80bc475644ac9a520bba7b9cccbce10d,9a8ea529ca411920ee86ef75d2eaaf7d6d21c04bad8a57b5abbcd58d5551c033,1720408717.1290102
NCBI373,7b2ed583ab8f94724ad3be3224a3b3ef52130a03825462cd8818aa1c74480bd6,8b42ca7f80bc475644ac9a520bba7b9cccbce10d,895ed3854f21eefe801910347667c6ceb590c60a1b9bdd5e5ae1b9415b5e05de,1720408717.2093847
NCBI374,b5b4f071a4faf261e0affdfb6b86c555588e254df467d7b8a3166c9068986bc4,8b42ca7f80bc475644ac9a520bba7b9cccbce10d,db5f06b7b38579411a664df916b0c9e19cacf79b44d3f49b149b60d98cc4efc9,1720408717.3950639
NCBI375,4363dc12dc2910e786273523aca767b88df0b09142c6684d4614dc2bd1f1dc2c,8b42ca7f80bc475644ac9a520bba7b9cccbce10d,78040f8b71c5680c4b896fd9d4f6ea6af3cc658988ff4fa49c2186674d2941ca,1720408717.4000628
NCBI376,4b633a00ae72aa1bcc3d626bdd09a1a42351739a0ef8d24dc649d8a41e915356,8b42ca7f80bc475644ac9a520bba7b9cccbce10d,43192259357b7857298667a35ba8474ac70a4d1dc127a65491e4677a7a3d881b,1720408717.4558232
NCBI377,360c8a9c8b56dbcae0ef9062486acc809390436a78f6f59649324b71c97b034b,8b42ca7f80bc475644ac9a520bba7b9cccbce10d,5a724ed8a38f5feefa1d6ecb8e462d4bd541883c51c94191e46ccd2014e28a75,1720408717.422358
NCBI378,ae7a519f354eac71af1dc3fb286f67d2aafca72e5cce47909600c7386c65145b,8b42ca7f80bc475644ac9a520bba7b9cccbce10d,db50f1e0b7fda974b9a769c29316a110b3aa1644b388eb6ba3b456051141b674,1720408717.5193126
NCBI379,4455360f5576b127588838a6c45f42e437f4888c435a36cb4e6afbf8fad1527b,8b42ca7f80bc475644ac9a520bba7b9cccbce10d,f0aed0b0b2ee8ef277e3c86ec71720990c4f68c998e054c1e8dc438ea809bdf3,1720408717.5919802
NCBI38,6e21efe2c87adc413eab64fdd9165a208e830d63c47966fa44e7830adcc044e3,8b42ca7f80bc475644ac9a520bba7b9cccbce10d,88770db06eaed20ae1bca2d093614fea962badc26f4f9f2d4e693f415ca47fc8,1720408717.6730256
NCBI380,87b60d5a35921a3915bc84f11c46b374e6792c33c0852ca69435441613f4208f,8b42ca7f80bc475644ac9a520bba7b9cccbce10d,a2f8009447d6c7c3c9b98820c2fbfd159bddc275e600a60b8282a821d678672b,1720408717.7016523
NCBI381,c8dd8ffc32daeee208acf7a9536818630271e009fe2bda1f1cbc914afb3a95cb,8b42ca7f80bc475644ac9a520bba7b9cccbce10d,8cbef5c1dabec4b19e237d4542d709b420d2fcafde04ff8bc402c85e4ffe8cac,1720408717.8964155
NCBI382,7d6056abf9246a34e246fc1f03ca3db3f60f332b1905da742a47ceb3b1be7cd2,8b42ca7f80bc475644ac9a520bba7b9cccbce10d,a9f845b20a29eff4f85b47e07ee72a8af3a80c05362ea9bfc8ce1e1e4b0931ee,1720408717.8964155
NCBI383,1dab7eb96690d6699164ee0e1edeea6d1e157f7286cd5f1d0088d4707da3a6c8,8b42ca7f80bc475644ac9a520bba7b9cccbce10d,eae056d0d9ae098b6e1d3bbf05d6b6181104a706449b744fcc9ba52a0fa338bc,1720408717.865405
NCBI384,e61cca115f5ce6ee7cce897261ec0b6154d22886f998b191f32e68802a13ef47,8b42ca7f80bc475644ac9a520bba7b9cccbce10d,bbc80d52e3e5afee18b0f1a45cb47282e4282c9b0c140af83ce6cb6aeea532b9,1720408717.95521
NCBI385,cfd38fe58c415025bab93905406a25c605b374707f304161e0bd818f8eeb58e5,8b42ca7f80bc475644ac9a520bba7b9cccbce10d,b6df305e7bc0ec0f77b9c9b98814c54ff056a4e1a09a5d81c1330c1013d774b1,1720408717.9726026
NCBI386,a7ff46c1c7a80a62300aff635a9231e9e053ff4eb1fab182ec9385643c6e3236,8b42ca7f80bc475644ac9a520bba7b9cccbce10d,724a0f3f40989d9ef4ed6f2698d604c799e6bf66bd7dd302cb51422bb0391992,1720408718.081242
NCBI388,4d24577586b1bcc6492aecc3efb74a9d602384f1fa9dd76c51d074b185ca0567,8b42ca7f80bc475644ac9a520bba7b9cccbce10d,565d86eaa3c9ff8ef399c2fcbf111f73574e2def088a121c1ea9f621c5e01d83,1720408718.2163944
NCBI39,8a722d6dc2088c38d2f739a60e27ec048bd8be7a6282df815a1b14a3a7a07dab,8b42ca7f80bc475644ac9a520bba7b9cccbce10d,665978b1c5375733710049fbcb2ed263031c204f38cacb7eabbfb9521c3524ea,1720408718.3587475
NCBI390,2067f14ae284b8c9deabb55a3ea01775b2ca0a074de7e41df037a626a8b0f1d4,8b42ca7f80bc475644ac9a520bba7b9cccbce10d,8cdf6652b7874b59865099aaadaa7edf12aa93cf6ea7db1fda0423e84a109bd6,1720408718.3382246
NCBI391,dcf6d1020edbadd58eec0eae2503e3510ebf8a86a25aee5a78daa99c4469b2c3,8b42ca7f80bc475644ac9a520bba7b9cccbce10d,46729e32f1d5489453af50ad31e89736122efb130cb07634b0319e97deb9519d,1720408718.413523
NCBI392,517d643d3ea6a53f602aab090f22f6487c7b837beaf0334796472b858508f13e,8b42ca7f80bc475644ac9a520bba7b9cccbce10d,b3bf2bc2fbb9496005e4cff6699a23b39abf6c75da55a5a8100b2f3335b25ad2,1720408718.4225278
NCBI393,2b10f94808c9f5f2ebe83cbaea0857b362ecbafa481970640f57a53d7c64957a,8b42ca7f80bc475644ac9a520bba7b9cccbce10d,a84aaabd113c2db9e3cb5a258c5445a115877be4c2253ebd2e219471f6e7ee5b,1720408718.5457623
NCBI395,9fcbe76bec027e504c6f1f84e2fb442877d5e0d91aeeb120dc1fdb4b127d0eed,8b42ca7f80bc475644ac9a520bba7b9cccbce10d,41075a01864f8763105eb004a2810129dd11d7107f478e8d424ab2f222f0d3c6,1720408718.7370036
NCBI396,4c4e8286b904eb02f3a51d0553fea1e00be47def89894db2a60f1a882063b624,8b42ca7f80bc475644ac9a520bba7b9cccbce10d,c8d7eec38eb27962e4c227403839d02ae3cdb5dd1d9c2bf6deed6c13c1ef5fb2,1720408718.7430058
NCBI397,10d71aa6a455aad89526113ae88719f51f485e609a24441ece58775ce42ccf9d,8b42ca7f80bc475644ac9a520bba7b9cccbce10d,7097a475b467e76f9e98444698de7de8c35938b62ac4347fcea9d2f9d7dacc84,1720408718.7751243
NCBI398,bd050de20c1e7b3a6b458d16d7c1ecc60d15e494496f8da7a365bdd3b172de06,8b42ca7f80bc475644ac9a520bba7b9cccbce10d,392e0e8fba3a9cd0dd41b67194e35e45175c7fb190d6095204274346e425817b,1720408718.8001335
NCBI399,570b7862cdd3a2411aa242098b8857324583ffff9bad427ce03f6dae40711de9,8b42ca7f80bc475644ac9a520bba7b9cccbce10d,9edc0d8a73cebcd4b96d7bfe4792b55d3540070b8f58de60f21c69fd8d838077,1720408718.855342
NCBI4,d9999bc71f06cb79ac02efc83d26a28eb7e9a6ab468120ebc5d99fb8e244e767,8b42ca7f80bc475644ac9a520bba7b9cccbce10d,714d847dd07182d2cf1267e3d1470dc809327c16a5e48aca2dec544b3ed1f365,1720408718.8633492
NCBI40,bc937b3e13e3c40a66564619c4f78cc639ccf31b962661963226a020660814f2,8b42ca7f80bc475644ac9a520bba7b9cccbce10d,503c7c3000091d3a83982d768d619a7346db22dc6caddaddd9dc13237189a6c6,1720408718.9732993
NCBI400,e4aa374d606400a9d8f82346aa0bc94b5b06c5db3212d702cfdcd401584bbcf7,8b42ca7f80bc475644ac9a520bba7b9cccbce10d,fec3a263c14dbd0c3cf6690d4b345981e81051c16eedb7b884a13ecf552098cb,1720408719.1825354
NCBI402,54222911d2c80ee7228863a4b0b92d08a040e3b1787a163eb4c84fd3f967b439,8b42ca7f80bc475644ac9a520bba7b9cccbce10d,b12eb925d0972aeead30d92ac2560b09c7976953155c4ddb50acb32fdbeee24c,1720408719.174538
NCBI403,f00aef90fb96605fbdfaffb8765081ca27f06c8dc1e5e36c3d402bf3dd0c6059,8b42ca7f80bc475644ac9a520bba7b9cccbce10d,26d81267f7dbf47ecee3de641fb22a32fb9e26b54ddeaaad2a29d06b4ac9b8b8,1720408719.22921
NCBI405,d06eed98547c45bc35e090c8dab2bd44fbca2b76ece6516c71bfa5c101d070cd,8b42ca7f80bc475644ac9a520bba7b9cccbce10d,94fb0aebab9841cacfa8e02bf69728488da61f325585a628b5b006afda8d3766,1720408719.3078039
NCBI406,3d7ce8fa5ffd58f10a0b9d87363fabaa2af6f293e14d7f3accd2c057fcdd6c87,8b42ca7f80bc475644ac9a520bba7b9cccbce10d,32123251bc8c53e241809cb073cb8679f75776380deaa91e6fc34d75461fb50e,1720408719.3098032
NCBI407,55a0ad97e9dc2c380cc9369a7b5c63dcabcfe6788ca5123e6e2c86a4f4aa7438,8b42ca7f80bc475644ac9a520bba7b9cccbce10d,6620042ec83ba8ff021676fc8d89d52069c2fb78596944b1737a25f8b6beeb21,1720408719.4228282
NCBI408,9afcf8c308ecbd5c55e4e0df9f3aa70167a0ec0022f92e00cb5a62f9375c8137,8b42ca7f80bc475644ac9a520bba7b9cccbce10d,7bbc9afa7508f3d3ba77dcfc4f47c748cca8e26d26325f604c3ad12cccf30290,1720408719.6022053
NCBI409,40837f2f47ff94beae2476b3f425fecdf9d04355bcda90b5a9475009321dfd83,8b42ca7f80bc475644ac9a520bba7b9cccbce10d,4b8dcf78beff263f9eb8fd6d5ca50fe5f2b321acdaef7b0d3323125b54a9127b,1720408719.6797564
NCBI410,88508d0354e6013666b50756113d15b0b1b31491920dbb820d24f14d86856c07,8b42ca7f80bc475644ac9a520bba7b9cccbce10d,1f65fdbc5875514cf91e7e14bddc5b5e96c555756e1993902fee81fc871024c0,1720408719.738734
NCBI42,d1e0407d1c82f9032c07cd57b27a60046e158487af5861eebd2f1f6958039b74,8b42ca7f80bc475644ac9a520bba7b9cccbce10d,d29a6452429edd60b91001021c1166916d8a9b5f566bedf805fa37c3ab5a7884,1720408719.7251456
NCBI43,67b0dc5bf88cb0f7ed21873d6b396ca701d6f1ac42819ef76b02e22a0c96dc41,8b42ca7f80bc475644ac9a520bba7b9cccbce10d,f4f94e1b4afda3260285bb8fd271b82785bfd237b4692603c7bc275ffddede2b,1720408719.7585115
NCBI433,db8b8d618c60a9a9a9e8937d0076695d7dc6f839a5272a24d1910f497882f96f,8b42ca7f80bc475644ac9a520bba7b9cccbce10d,c147def71b99a08d9172979a8a655925b8567305389d329ddc1b4139e0e96042,1720408719.7458096
NCBI434,292ce0c00dabbb39cdfbae2cbce936b0d31635815545d9bba7670993c2f50f49,8b42ca7f80bc475644ac9a520bba7b9cccbce10d,ce707630ac023a54cc430336c32294df4e1247794b3a4b60537e73d5a050661a,1720408719.8993022
NCBI435,ac89324408750ab060d61ee7fade38310d9a6da62e7d7aff4b0a6332355bfd61,8b42ca7f80bc475644ac9a520bba7b9cccbce10d,b2571dd0eca8b8f581fa94fa52e05f62b761647eb6fe5a9364f7fa09e005c41c,1720408720.0444696
NCBI436,f086571660ef6b405e41ff24768f51fba762a11a5a6455828bcdd427cb86c68b,8b42ca7f80bc475644ac9a520bba7b9cccbce10d,6757281508609e7898183b82c7879a8adaaf2608cf90bb166e52cee7919de1fc,1720408720.1030505
NCBI437,9098718c947b138a4287520c668c2f13cb1a420541343febf211dded632172cf,8b42ca7f80bc475644ac9a520bba7b9cccbce10d,16889bd05d8ec599eafe9bf06ac889194a9b7cb22a4274f7a8375ef4656ed3b2,1720408720.18669
NCBI438,46d9b04d379557711d3135a329ca30349c769c1e234c7cdf8f405f6da52295ba,8b42ca7f80bc475644ac9a520bba7b9cccbce10d,bdcec28d8b41a211e2fc37de84f5a742da7b3d1a81b6910dd9ba5953a65ae69a,1720408720.1570232
NCBI439,2a90e5de3800b60e192780da62aab50c6a70dc87e1d5dce6b81439650f4ad215,8b42ca7f80bc475644ac9a520bba7b9cccbce10d,d3f07ff4cf1eda511e1b04c4cbcf1e421f8d1610edc2e00e55a2717482459275,1720408720.2454865
NCBI44,9371455652d702a137c74f2e4ea88091846892f2f7554a5fb0bc0dffc5e38119,8b42ca7f80bc475644ac9a520bba7b9cccbce10d,b2be42374f2a5b29f5fafec44a50c149bcef111169b72f09a75cb5faf5866bfa,1720408720.17703
NCBI441,b1d94ee426483b7efda2a4dd46ae2b6042013d15ce61e5e333e77e56b71d0788,8b42ca7f80bc475644ac9a520bba7b9cccbce10d,2bbcf2bcb1f4b37dcf443cf09c924dcce9c581ebfe23351e05c343f6ec69c37e,1720408720.3346152
NCBI442,60ed70984e672ae546fba08cf2ba754814ed2a4bf61e12ad5e18d940d9fd2ea4,8b42ca7f80bc475644ac9a520bba7b9cccbce10d,bcb52292c4751554e1b1b30875a7a0cd904620ecc0810c4f517a298557237d32,1720408720.478854
NCBI443,548dd9122e57cccb9055bbb0bc219e42765471b065221d1ea425e2f4285dee47,8b42ca7f80bc475644ac9a520bba7b9cccbce10d,fd9920c4fdb9a3796b8b04a17675e1da0335319ed21ac99d88292f76379a4de9,1720408720.544637
NCBI444,32db6d1b397c85b4439f716d65c4eca461c610f5b6b80f4fa7c65e55c00fe25e,8b42ca7f80bc475644ac9a520bba7b9cccbce10d,a3e8660c8a3d9f3605c0d4dcc2192f7249023fce08cfdd1c6cc2719c0840b95a,1720408720.6115994
NCBI445,0ae3fe52e7c656fdc027ecc416f95e9843497346347823a092b7d3cf59a6ac9f,8b42ca7f80bc475644ac9a520bba7b9cccbce10d,8432dded68df8dc7f239aa03857a777951ad2e718236b2e61255165c836af750,1720408720.6227818
NCBI446,d44f2a00e7675c914958b1750ab90a1fec8f237ec1cc37147995918c6e522b29,8b42ca7f80bc475644ac9a520bba7b9cccbce10d,52a2b494d2d39368e61d15160e05e0182a68f69fded4d7ca3da3dff8b744047a,1720408720.6759262
NCBI447,de1a0bd726b9e1cf236d33186f36587e4aed4137f5c5f2831f72ec60ecc8076b,8b42ca7f80bc475644ac9a520bba7b9cccbce10d,09c0fb1363706de4801347e8dea6caa44ef4f27ac002a1a36c9cf6b14f720f52,1720408720.6437902
NCBI448,ccf63fea83867e114f2025d4c0cf2940cc3bd223d5afec84485b8655da536f4d,8b42ca7f80bc475644ac9a520bba7b9cccbce10d,6e50077e184dd97c1e5ce581218d5cce7062d2c44be51e6aa85ad6af5d471027,1720408720.744965
NCBI45,12d78d863b1ab49cfc4206026181876553ed97a1a935194a150fa40007f91c19,8b42ca7f80bc475644ac9a520bba7b9cccbce10d,e0406120259bcc8c686b5b9a021da53108385a4273bab796ced7bbf520744bb4,1720408720.9183614
NCBI450,e7f63408967311c8dff96baf39da8f1a314e66159882e2240468ef9d16f58961,8b42ca7f80bc475644ac9a520bba7b9cccbce10d,0ed058d05223d858c7da4dfaf573c63c9ec2499a3f135f464352da3b2c4fcaa7,1720408721.0160422
NCBI451,a6bad208ea6cd52b205f0776bea40c4faf56a42aa5700e72f67120c67773d616,8b42ca7f80bc475644ac9a520bba7b9cccbce10d,795d266f0abf6fc7ac24d37a123344507f59970afb0b868b5f98381314a93fb1,1720408721.046905
NCBI452,0248197d19c25d3c0755a156e58625763f5da0ef2a4171f76d8606bd146ceecd,8b42ca7f80bc475644ac9a520bba7b9cccbce10d,37c7c1583cafba7d50fcb901e2293a4cdd89c162d1f2ad13dd5fca921e314cb3,1720408721.0742333
NCBI46,06c504a5b16a833e59366f79e132a760cef8c24d8dd0e24ac096d880ea9c58ea,8b42ca7f80bc475644ac9a520bba7b9cccbce10d,18f7bac6deb11e77cc21395e1809a09041424e696858d2e1f491340c01fbe166,1720408721.0852334
NCBI461,efb555d53b00784c7e5b94809e9f87ef75eeacb43c1b499a6f6df4c295f294ac,8b42ca7f80bc475644ac9a520bba7b9cccbce10d,f534a126cad1311f530a46d7c98062e75896ad674ce0068542b4280907731b9d,1720408721.2439897
NCBI462,5ddc8fe383d793efa0ef868243b24cc790baef7d58c63883715cbed7e8916bc4,8b42ca7f80bc475644ac9a520bba7b9cccbce10d,012369a63683cefdef83e0300db961aeeabb9f3953e39e715d677fe0bb476368,1720408721.1909823
NCBI463,166a140a8fe4156d1f0c2321f4a3c87af67ff18440fa847a2f4bc1c56a0c74e9,8b42ca7f80bc475644ac9a520bba7b9cccbce10d,92a39f94a1473823eb14cbf22bbbe48bed57933c5b79f143a299d83bfeff7ea4,1720408721.3695273
NCBI464,18ece826a3ae1c3b49047b7f2c4464f9e91ed662486b1ed408b7ff91d785ef11,8b42ca7f80bc475644ac9a520bba7b9cccbce10d,20c3d0258a71acd213379124d708138e969ebc5e3eff1de473252ebc8c75347c,1720408721.4859333
NCBI465,70d94724aa19c74b12e840390cf270e4a639b924200c92ba0ca4a4c1093ba0f0,8b42ca7f80bc475644ac9a520bba7b9cccbce10d,140e732e7f7ef13d9057da52a3d5ad014d0748abf42a55a8b2ecaefdb0f7dad3,1720408721.5466685
NCBI466,2ab0f73619142154541bb09bbc501aba58cb8d5e19459355fb27100155f549a3,8b42ca7f80bc475644ac9a520bba7b9cccbce10d,9c410ab61a2608b96ff0dea641577b720349fe5a7abfe443f0981bd9f8eabf49,1720408721.557667
NCBI467,bc2aea997f822bc046b1c0353198782596ac5a8cceadddff89e7b675305ea12b,8b42ca7f80bc475644ac9a520bba7b9cccbce10d,772b8f9fbc719ba8d9ca663aeec15e995cee32db6b9f03bb13d52e056e011758,1720408721.5526693
NCBI469,728283b6fee8b25c710c3b04e9a66ceea54b626e4165b4c72df15667b0d89243,8b42ca7f80bc475644ac9a520bba7b9cccbce10d,d691ced747e01b65090377ef355b1b66eacfafab3782a34f53616bc0ee828335,1720408721.6562886
NCBI47,092ee5e7bda1588ff2ab8d411c38779d479ee3d01157d5d85083269089eda18a,8b42ca7f80bc475644ac9a520bba7b9cccbce10d,d2281d5fab99ee6be9d832ed1fc2f461d299bac966618493cd5ff61381f6ae47,1720408721.7470756
NCBI470,020c0efe7464342ef757d2e57f6e150f7e388526556b2a7bd723dd231cbf656e,8b42ca7f80bc475644ac9a520bba7b9cccbce10d,8768b8d03fbf219179bc8e03eb46d67f8ed798dc2cec356f621ba3665d8e9619,1720408721.8091145
NCBI471,72813b68b9bc4cb93f282c2da09886349edbf897e70a5945e9105961b0f0d35a,8b42ca7f80bc475644ac9a520bba7b9cccbce10d,ab7740371fc22db277726aca839d49ad2242093e7105b0b92296795eb3d31974,1720408721.9279327
NCBI472,6469a18d304792d705a3de7817671806462cc7ee1b1c1f345ebfd0f3a89026f3,8b42ca7f80bc475644ac9a520bba7b9cccbce10d,d3cd882ed2764a244f4b3b110ba63d65ee8e4b966eccc3eb7c4fdf006da8c93b,1720408721.9851305
NCBI473,369376b3a3f0c17e05f3349fc51ad82b46d035373676a1ade22caa2c3ead7224,8b42ca7f80bc475644ac9a520bba7b9cccbce10d,abd9361860725b69950b4d4aafd170df132e2263ae50798a4afe181066b6ce85,1720408721.9921389
NCBI474,54986b5c1eca9ad03408ed3c78c54464a44d12226167591fc317e34476da0e78,8b42ca7f80bc475644ac9a520bba7b9cccbce10d,e9364f9135394b99abda2ef507b28f7f9c1d66fc344a783f6dea598fe53773fe,1720408721.9851305
NCBI475,50be7cb81b429a492b7cab27e307c41dd26528b3895fd261eb80b3eae8e814ac,8b42ca7f80bc475644ac9a520bba7b9cccbce10d,756368e11440ba6a221f815ac2def516502f118cb304956015af187179c3b1ec,1720408722.0894
NCBI476,b87a41ff8bde3aee60dd0f093a000a75032d126c3f857dc8500eb15986ff1363,8b42ca7f80bc475644ac9a520bba7b9cccbce10d,c2687879e1f4551c755fe27c1479ff680a4d36be3c6f30d2116c13c35f8c7965,1720408722.2522175
NCBI477,f7c43532fe5a1fa862d9dc051977820f9973d3a2f2c5681e02c4e89f467ea1f5,8b42ca7f80bc475644ac9a520bba7b9cccbce10d,56bba2fa7181e15bfd097669f70e98d450a78fb24819841f4c43d4bca14d35d4,1720408722.2682185
NCBI478,6819e2cccf9db07956e04801cd37984807718bf761964c2eee35816e6cb79104,8b42ca7f80bc475644ac9a520bba7b9cccbce10d,d33645aede890ac026f7e2a261ac951ee7f042997ac23da436ff9f80306bf973,1720408722.2624016
NCBI48,187c47ece15e61266100c932ae789815b47b38acd73d55c7f9ba78d6957f946a,8b42ca7f80bc475644ac9a520bba7b9cccbce10d,261b704432683c6ecb4f66393877c2cccf76895d890effc9deb2a031418758e0,1720408722.430347
NCBI480,c49a86c3d75e0a2d6bdc331901bbee855c5eda0c90c91b810596cf9c9e7f8dd9,8b42ca7f80bc475644ac9a520bba7b9cccbce10d,8fbff7c6bbe8708202e2fa09301d4c0bd7dbbdf93b36df1e263846e8f10baebd,1720408722.434346
NCBI482,d1f63a6e8c889307ef3d83575ded5f830a9e1f14ea9282978cebaf0e3c172265,8b42ca7f80bc475644ac9a520bba7b9cccbce10d,58a65d3c2514618e9ae818ed591b1f129cc6f15e62f55203718754c5dc569dbc,1720408722.5482378
NCBI483,3d1d4e7629bbb6009c02bd257b2c8b73763e916e4b0ae19877f5c1f377e91882,8b42ca7f80bc475644ac9a520bba7b9cccbce10d,9995539d950cfda0c21fa5a0542cfb824845dcca6ae509e440b35d817acd1a37,1720408722.7558126
NCBI484,3769e12789ef924612ab7735fb4e081adfbb62d7a92f36daf68379883c7dafad,8b42ca7f80bc475644ac9a520bba7b9cccbce10d,9e72524c8beabe4590a37a7a34375c573b71834d83d50ad42c2519c029725bec,1720408722.6949985
NCBI485,e4e6746c214a807c5bd59f89a397fc9dd7f153bd1c7567e44112bb3a202bf54c,8b42ca7f80bc475644ac9a520bba7b9cccbce10d,1e00a9ae21fd00f9365e8022c4da356b58880481385c52bb8d436c08b8836d82,1720408722.786185
NCBI486,e40c7ec4987b3dcb4bea192be28c9560ecd6e2952d82eb003d78cf20ce0a8503,8b42ca7f80bc475644ac9a520bba7b9cccbce10d,1e099580a24f50bc7f58a5a4d1fe9d9e95a2b7fe264bcc702eedd679a58d641f,1720408722.816271
NCBI487,94bc0e4fa1eeb3c644e1a5d49ab860449bd8737da19db0308bec6ad68ba7ac33,8b42ca7f80bc475644ac9a520bba7b9cccbce10d,d8435852ed67be83849cb8437784f1e5c88fbcc80fe2e707a974628068fb84b3,1720408722.8923838
NCBI488,468fbb965bbc9b5b9d1f7a0826ee6721957a6e84722543bcb6720e62a14c9331,8b42ca7f80bc475644ac9a520bba7b9cccbce10d,e93dbb4de3128df2030df681bfb8c625a6dc65090acdcff2aa063441a99fb6d8,1720408722.8613808
NCBI489,3491dd4308eaa9e8578967edfaa6faf1a176115ed2ea479815e930cc1f994eb9,8b42ca7f80bc475644ac9a520bba7b9cccbce10d,dd39c0c0c2b9bb83215a2ea6a6fb66cc54a844279750e93c645dab98ccb2aba3,1720408722.8993955
NCBI49,e91b0fb3c6e9eaba9594742eac50d28df3d1c051efbefcdbfa42ae0328b56c5e,8b42ca7f80bc475644ac9a520bba7b9cccbce10d,b09904467e0b82f786a738931a57494afcb937aab7e6532270e7eaf62ed484ca,1720408723.0225303
NCBI490,66d32b416aa325d272d56e3284db6b27cf377b197e0fa9064c45f19459082ab6,8b42ca7f80bc475644ac9a520bba7b9cccbce10d,491c0f9c20fe11ece4378d0b9ec3f20b3f3f2cf4ca56678352af5e00dfa5040d,1720408723.1365473
NCBI491,2070a29a47fee8c4dae5257762262d96b44acf90c507b02a782d5ea890a3420d,8b42ca7f80bc475644ac9a520bba7b9cccbce10d,ec7332a8d752b04c608ff750fe543affd6bb4fe9dca963f218347e3782cafba8,1720408723.255994
NCBI492,e5ea4832d08ce794f099ed50f607c80bc3450375821ae6d80f12c16f573f91a3,8b42ca7f80bc475644ac9a520bba7b9cccbce10d,dc89a722e9b5e101b769b27f4fbaa1b5d84f9fcd5dafb2085c570a9da3ae40e6,1720408723.3091946
NCBI493,33aa027c3912e5e35b6d3276d752a5d29c20d2ab778a57fcfbe5b1f59a2e53ce,8b42ca7f80bc475644ac9a520bba7b9cccbce10d,17b07cea1e412febc79055b15491b3536559de8517326a3b96f2baeaa5a27d2c,1720408723.2406826
NCBI494,3248adf09f6e199520550a3d842e20ee38cac222b7a6cb942841fdeeea6341ea,8b42ca7f80bc475644ac9a520bba7b9cccbce10d,e16ca540729a5e84c57e63e6378c4a5807b3c5ab0e3e5471f24275580574c057,1720408723.2971954
NCBI495,a6aab0c75e9ee03d75e8eead4a12cd17c9cee99507d412305a9a26874dbf1364,8b42ca7f80bc475644ac9a520bba7b9cccbce10d,946169bc3865828f58431a94844462c2b758a95dafda3cba55f4d59d47931380,1720408723.3459158
NCBI496,b5effeae75a5171909517e984844f151aca677692ae55e27a03eca93dc5ddef4,8b42ca7f80bc475644ac9a520bba7b9cccbce10d,3a747237f18b09cc54124c14f7a1a9e4dc1145ad98018e58e9d74dc74bd447ff,1720408723.3628557
NCBI497,8cbee5e277d35ec213139f4cb5843124b7253d41b1c0e6ca2946017efc3e4617,8b42ca7f80bc475644ac9a520bba7b9cccbce10d,dab62b35133a4f49203d9826f76f68d1d3e48a96dff2944c8f5b77cc9528ad10,1720408723.4494832
NCBI498,2ebbdb24d50a4329850410ba19c8f1662a3ee898b31ab27889639e7323e1c412,8b42ca7f80bc475644ac9a520bba7b9cccbce10d,225a14003051d2e180893b9d61edb377b51b47d1dc48edf5265c9a75e7549210,1720408723.5708058
NCBI5,21323faf2502dd76d6449f86ca71b632eb59f15c74b4a5392167eb5b1fc14653,8b42ca7f80bc475644ac9a520bba7b9cccbce10d,27430f74718123f71893fb0399a93d1c1f6f50ac28008704b69477cc06b8fdbe,1720408723.6960907
NCBI50,07e72249649cb542ec87d04106b189cf5c2b902397e7aaacc4a69a082bb87ccd,8b42ca7f80bc475644ac9a520bba7b9cccbce10d,9fa9d11c3fde9c8ab78390e85e34771c05886928195c2fa0b9d1e3a23b734983,1720408723.7627287
NCBI503,93358bc9d620065cbe23a080dfc4de8620514cf56fcca093cc7f1ace22a573ca,8b42ca7f80bc475644ac9a520bba7b9cccbce10d,badba721e39d8160fa7cc1642204e817499ad7f5e752c6303abba28003fdd8ae,1720408723.7377093
NCBI504,4d566f19ac9aab9607a89416badabeb65c87300dd70776912c881ad636532f10,8b42ca7f80bc475644ac9a520bba7b9cccbce10d,984163c1f8b289f71ea91d903724ada975e2bfeb6910ac3e34edd7e38664338b,1720408723.7996013
NCBI505,f7a1efc344a3a4aa14952657c4903c5e881f81604ad10d1cff2e244774db4059,8b42ca7f80bc475644ac9a520bba7b9cccbce10d,363a9aaaef5d998c73d058a60dad6e5a39930b7075e334219b116843839a9dc6,1720408723.7788968
NCBI506,45473f6a6c0da7a39a9bc1a33f6481221e33e207a860fb1754b6280c1bfeba1d,8b42ca7f80bc475644ac9a520bba7b9cccbce10d,8f788cb47c16ef3c923e0e230198345c4cf48e298f31ec6e6ca1d7119effd0e4,1720408723.7875967
NCBI507,701a48534421d266133c1664fdc7e0a08f488d48d8aaee3df65bfc9565bd3ff6,8b42ca7f80bc475644ac9a520bba7b9cccbce10d,80e0334ceaf0da560d67f0ba8c1c81baf54ecad24bb7df3171cf89b24816e73e,1720408723.8809335
NCBI508,5876bdc03749c66be519e2cc079c8c8746a30982bdbb79021175ddf494d3ff18,8b42ca7f80bc475644ac9a520bba7b9cccbce10d,d2e9600b48d54f001d5d7a46a1a323b09967ee6bb3282b61168c04a3c785de83,1720408724.010614
NCBI510,0237358145f2d8c78a7793906d6b1a0f61a5e2c64af72bdfb1f65b41f8df9cfb,8b42ca7f80bc475644ac9a520bba7b9cccbce10d,ef3f221841aaa4abfe5e4d0dfd70db9ea65cf3de9f8ca4a39373605b2014d8e3,1720408724.2664652
NCBI515,f935af7b0b29457b7ec3097143d45e3e568689c7f16627c08cf5af8e0951ef08,8b42ca7f80bc475644ac9a520bba7b9cccbce10d,d54f5a6d4ffde268ab8423e0bc83549cfa290bb05a2323f7e9f372f93f69095d,1720408724.2232852
NCBI516,5385445a1de8a21403ef03ba4c01c64b47e5005e243e810726a1ab268d4308ee,8b42ca7f80bc475644ac9a520bba7b9cccbce10d,dc7cac28e9659327be52602bc4322a3eee1fb14547556297280d973c407cea64,1720408724.2122784
NCBI517,393cbad2dae27e67891c622bc56589d60904e5ddbefe0220d572ac59f861dd87,8b42ca7f80bc475644ac9a520bba7b9cccbce10d,f258dc1f5d10a95669adb9988f64621e4458f8b0e94906371fc97c6ae969470a,1720408724.2995083
NCBI518,b7b32a439bb49ba9758b26bc3a298d8e8991ef32633af6b91b5d9215c56e7473,8b42ca7f80bc475644ac9a520bba7b9cccbce10d,a5b3e86b8f2341c8c345785a80543fcd8f66536b8973d2a8605ce7606fda3a6f,1720408724.3190491
NCBI519,902a43a8c7638a45186cd54934beb604b917a630ed776c2b14302eb91a262869,8b42ca7f80bc475644ac9a520bba7b9cccbce10d,3ce0f5bc2175e0a250c7d95ce1ec05a046a6a149d45bbb5824b45536299689f7,1720408724.4410238
NCBI52,c3a0ed43c770e4c95792dcb7f3f4a9bc73577f5c53ea00e6d4f399e87476e63a,8b42ca7f80bc475644ac9a520bba7b9cccbce10d,eab1abb180c6d3e45214885c2be79ed035558a1ee11ecf7578c6519dc9ee53b9,1720408724.5807238
NCBI520,db211958da4ec4322627f1a0b6554e9bc39c95f7e1f4e6d14916f44c702354a8,8b42ca7f80bc475644ac9a520bba7b9cccbce10d,eb4dcf8455f5194ddf88b6aa5c7d8359b39a2bf817202c5c4c7f1b3096ca24e3,1720408724.6070495
NCBI521,7eac292be7ac5d25a055672c1682811f6b0390c8027da6d36fab22223b2dab04,8b42ca7f80bc475644ac9a520bba7b9cccbce10d,71cc5f3aa96edb69b35a5cda092eaa09e27687ecd4aa6a832e1b13db5b507ca8,1720408724.633336
NCBI523,1a50c3eb1af0c08aad77ee2e5c69877159f7077f9c6c04b18bf986e8823a9cad,8b42ca7f80bc475644ac9a520bba7b9cccbce10d,49731c733a3382e396b686062acaa9f58c1cf5fbdafeead67faa2898111fdb9e,1720408724.7645643
NCBI524,3c74f36cd948071294aa2b3ac74ff91cbdba65ba4443988ef7a4c2b2a2382696,8b42ca7f80bc475644ac9a520bba7b9cccbce10d,e0d0d4e8d976037542956a362c46cd434b3383874cc089c0db8cc85c8ec1b7f8,1720408724.8020022
NCBI525,7e61d8813a54f2f51d9cff7aca1bcaa126cc17c88c93347a1b0aa1674806b47a,8b42ca7f80bc475644ac9a520bba7b9cccbce10d,ae3071be0f3c641e9be6d8a0406a0d50bd7438d317c4aad0a3ab50dc2a5cd847,1720408724.7465587
NCBI526,703fadaa6d042ec039970e326ab25e12e08ec1a12a666f6241a0fc84eb2cc33b,8b42ca7f80bc475644ac9a520bba7b9cccbce10d,30795607a7bc21afa5849890da1ef5a0b0463c16d79108f9315be6bb2c53599d,1720408724.8788664
NCBI527,e5e46ecb61ade6a76604274de36311514c54854de8674c753b8e5da2172d2a5a,8b42ca7f80bc475644ac9a520bba7b9cccbce10d,6c9091e7825168db001a55ff796a976a45cc29250bc7195ce47a3e2e08020bb7,1720408725.025056
NCBI528,238b423919de47747d8d2dc2b69dadb1024dc0dd4b111876d6425b7c0d54e8a9,8b42ca7f80bc475644ac9a520bba7b9cccbce10d,3fadd6d3e2a5b0a4a6e9fc534e4fb73d8ce006fa4ebc8bcdfd915186f92d1cc6,1720408725.058523
NCBI529,df458ccb2540c734d1a0f033a40fd00be484d7ba2fc12443c53a3a377db5afab,8b42ca7f80bc475644ac9a520bba7b9cccbce10d,32975f09f106c834217f1e02c09200250e28fcb19fc00558ad374fe31d40fefb,1720408725.0645227
NCBI53,b7bdb1d38226f39ac1173dc7c2745abcfff67e24381caa59b6281b8c26483b99,8b42ca7f80bc475644ac9a520bba7b9cccbce10d,1e3e2d6cd9252ffa979e5aaf4fd37ba578dad3a2811a122ccf0dbb0f835a420b,1720408725.1096685
NCBI530,e8cf2305b156503254d247429e29d5d681c57364e277e5fc77fb0df396689b7e,8b42ca7f80bc475644ac9a520bba7b9cccbce10d,d136bd6e9baaceff025f43d25ea2b0076ca3d972e3c025cde7f34b19b1714582,1720408725.2203596
NCBI531,65c10d8e3f77ed63552027276458488a553f561bd1cf81149d680cc84f58e228,8b42ca7f80bc475644ac9a520bba7b9cccbce10d,bd0bc9c35ea09ec1f4c64b77d427b5e7a7cdb2c80b941cab2f55be525e4dd6a1,1720408725.2594655
NCBI532,2b4b1f62b015a7aa46acbe8095fa098d00d25de666692ae1dc77815f3a2aa175,8b42ca7f80bc475644ac9a520bba7b9cccbce10d,542bb865d7a80116bbf33a559fa0ba1819ba137486d6a328336b2000a5acb96f,1720408725.311438
NCBI533,b8639a4ba99c35500b8a9e97331fc027a8c4fe72603505c2d3d422a06b779115,8b42ca7f80bc475644ac9a520bba7b9cccbce10d,017943f1ce79aa2235d51884554ea2a639156bea1a1f237b4198b5c426990a28,1720408725.393894
NCBI534,8ccc9473081b1300a16b29d8dcde74b9977b6a4a2f72ee6a3b58f67933e207e3,8b42ca7f80bc475644ac9a520bba7b9cccbce10d,d7216781de0ef75679792ec29bef498dc863769795d6e064c31b424e5da78ae4,1720408725.468188
NCBI535,bc0fd97323b24fa95c5e0f280f805e5a7ad8b3febbc31bfe01116fd0db30ceb8,8b42ca7f80bc475644ac9a520bba7b9cccbce10d,044bb67f0b8fc15595a3162af19aa512d766fda9aa019e5d72fd8b187efbade6,1720408725.5046122
NCBI536,66ff374903844a410750ac7c19c5fa28e4f2effc81ade0550048f08a80dae9b9,8b42ca7f80bc475644ac9a520bba7b9cccbce10d,05b1b334608d07cef644153b87cb9c21ee05c7ded74c1dc548ed360123630eb2,1720408725.5264394
NCBI537,20a0fd69dae14e5f5dc18f6d1d80c026a29bca39ce80b14e86b2ef19863f8329,8b42ca7f80bc475644ac9a520bba7b9cccbce10d,0ded7b062fbd0370a7c80495404ef8eb88ca680c990d1b2fe4aa74c17d4ce664,1720408725.548091
NCBI538,a098eda375ba065145b198698fcf995faf51200694b9260d2efc557abb503766,8b42ca7f80bc475644ac9a520bba7b9cccbce10d,87817668ac4a2868aa0ccefe9b71733f2e645419ebe7702615ceb34c45110b76,1720408725.6636653
NCBI539,7a538208cafa0814afacfb43360be0f1007c33f1ce6c3aaf5dfc35380cd0fd86,8b42ca7f80bc475644ac9a520bba7b9cccbce10d,13b9c373785b69d50ff4c29a2d82e0f07b7b7c6e51c66895e5d5bd8392dc69c6,1720408725.758081
NCBI540,924c81b4fb4a68738c3515b3f599fbce06e42f6e62ffee3d0a383071a0f9716e,8b42ca7f80bc475644ac9a520bba7b9cccbce10d,aebbbc0942165dce5b8ac3709681cc4da0e4afe9bed42b657b6c35ec3d33f535,1720408725.825799
NCBI542,d234cd1027e36be22790bd08e8880eb0ee21b44c6825278fefb51299d57c6a06,8b42ca7f80bc475644ac9a520bba7b9cccbce10d,f81337f063deadbb294d73632c915f96f24d8b264a98a8b960934cf3fea23257,1720408725.9025002
NCBI543,a571ed528cbcb2dc63a4b0e86f3276a58817df1795299cbc7cb475957e2165e3,8b42ca7f80bc475644ac9a520bba7b9cccbce10d,9503b3c90cb9931f2431a4d8c87ed312ff990c25be04b2b31fe5b21563436d1f,1720408725.9487085
NCBI56,5629738738ad30161bc9fcf829cdd5fddac66c0b3bc921f1ff2d679c758b3228,8b42ca7f80bc475644ac9a520bba7b9cccbce10d,efbe512eb011a74bc6894137078b082faa50a2f36ada8dd9e8f8455e46f58289,1720408726.1201322
NCBI562,eec1fa1cb7dc43c377945a786ffc779506a03ff35ccc9b964e8792703dc02551,8b42ca7f80bc475644ac9a520bba7b9cccbce10d,3469951c7d08a18b1d4727413db5f3908983a448847dc9dd0093672dac8c57dc,1720408726.0948143
NCBI563,caeedcf70c394fc3512b71eaab01caa204b1ae3d63ab6ef13df3d33e57df5448,8b42ca7f80bc475644ac9a520bba7b9cccbce10d,314a2497df4d9d4b902236b13a25a789b2a3b69e483b1df8518ddbea6be96f81,1720408726.2645874
NCBI565,643d3d1ac699b791fc49bf4f596d9b5f6a8d2ff14b77beee701f462b552351f7,8b42ca7f80bc475644ac9a520bba7b9cccbce10d,46a6e5be55eba05a5f69ae532c5e40d043f7fe02e8a1865d7b2e1438bb68afdf,1720408726.2675889
NCBI566,9d418c3c4b610f791f3aec8bb83bbbb08db3c73ac8691c05d15390636fff200f,8b42ca7f80bc475644ac9a520bba7b9cccbce10d,d338d2031dde30992a46a69882d12c943e727202b65e28602d8cbf08b492473a,1720408726.3466053
NCBI567,9be43f507a75b2e2d8188ee99372de34e4901f2ab635c54d7ed5646fb88a0046,8b42ca7f80bc475644ac9a520bba7b9cccbce10d,c033b7025b4e4a38e6ab06aef35171b59ca202022ffb291c017bc9ec3ecb6f87,1720408726.4053726
NCBI568,0d331bce54853821a0de00486e84307c54af8f9f2fc8f0bceef83f3d341dd0d8,8b42ca7f80bc475644ac9a520bba7b9cccbce10d,b7db1f8d208c19f8b1374ea986cfd2c804d8aee0f21591c05e80553e4395f89c,1720408726.4536586
NCBI569,06a03af844d41c8e9c000006358c94809ac3d5f59fb963db1f408d0c864540c5,8b42ca7f80bc475644ac9a520bba7b9cccbce10d,f231b6840c3af3e0878e5e7cafe0303f88b86b2311b1bb61ef93741b71665a9b,1720408726.538587
NCBI57,7d4152833c03c7d7aa32849b1c9c3968fd6585d02ecdd6b30730ed215bcb3483,8b42ca7f80bc475644ac9a520bba7b9cccbce10d,cafe2571b357d7aa9ab769a008488457507659ac3303aacf148212d07e6bd7e9,1720408726.6328804
NCBI570,ddd4ebeb23c394edd720320fc1e92ec58cd387afe4404049e27af7594a1e6bac,8b42ca7f80bc475644ac9a520bba7b9cccbce10d,ec185f612cfd9c24d9f4308e90cdc271f750b28f3084b0dce32c3c6ac5adf984,1720408726.7687669
NCBI571,04d1ca34e67303045692d331ae9472a60e23768247cd68e5232bbe96fe995f7a,8b42ca7f80bc475644ac9a520bba7b9cccbce10d,86a3a9b1df1f6f73153d4b4c22f0f7bf95dd94e7049c518362d8002f48b8ad4f,1720408726.7000449
NCBI572,f68bbf190cbd5bba43ce01f32374b398cd21004960abcf9c87a4b3a17010673a,8b42ca7f80bc475644ac9a520bba7b9cccbce10d,475429d340529052fad715833b6b2affa126f1e88ac7d73e9a85109869ef56b6,1720408726.8340344
NCBI573,059474c8925cec10e6e1e977a88a4dd8e5ece142c3c30eea63d5762b2afd7d53,8b42ca7f80bc475644ac9a520bba7b9cccbce10d,ac93c2aaf9d7b3821b79c716429c93e42d97f1ce7b0aa454e79ebe6b9eed69bc,1720408726.7833595
NCBI574,3d016b6b51f3dc8dc1a29a47fd7575b8933c913c5e0b59e0b8ef4295ccc942c6,8b42ca7f80bc475644ac9a520bba7b9cccbce10d,0f1611f9be81235e863a5a776fcc3474df724836abf1893f11512316f4cc7ba0,1720408726.8514261
NCBI575,d49d0c3249de80597f3616444a04f1f8751462936a3050f7ba636679e27cd419,8b42ca7f80bc475644ac9a520bba7b9cccbce10d,e5c64eed62920963d824bf9861752b8a41a434fd71db33e813ecfb2eea8ae77c,1720408726.8887916
NCBI576,002771660e3b45ec48bbd0822267558ddd6b9b06bb45e650dd6e5cbc57885461,8b42ca7f80bc475644ac9a520bba7b9cccbce10d,3f1e4b01b6bb9a5e3368f3af0d7dbfec7fe34f30380b456b9ac74f8e0fa733d7,1720408726.9665542
NCBI58,1022761e780fcbcd05faf4ab77eb78ed5493860e0f9e683f22040106a3c61d82,8b42ca7f80bc475644ac9a520bba7b9cccbce10d,1ff7a201f47b6a33752d97b50fcd1a507bab1dacb07ce3caddda647472f84e6b,1720408727.0706663
NCBI591,394246d0eef9670a3d995c60b3b5d82f314820ca1458baad8ce6d463eb834146,8b42ca7f80bc475644ac9a520bba7b9cccbce10d,cf207d36b99e22ed8babb22acdc2b53bfb168737ea18e9067e0bc4acb55fece4,1720408727.1406062
NCBI592,bd03c2c294605e299f97079d54d9681278e7f9e8d3e7b685db14e63d83310e1d,8b42ca7f80bc475644ac9a520bba7b9cccbce10d,5ac7648e3a5a361acafa8bc5f5c0db13c8c7122306f9e7324acfac26bc53830e,1720408727.2996118
NCBI593,17ea769a21d27d74f8c5ccbd659d84df7762e3d7c04e5858e218f1d1aa9531de,8b42ca7f80bc475644ac9a520bba7b9cccbce10d,f1c353328b57f54e730a962d53af143abc57acf84a0991f3ddf11f9bb2e341bb,1720408727.2154744
NCBI595,61d4ae2b6624c114f26d2fa0880a76e08d983596c1db2e09a3ce0c953a45c678,8b42ca7f80bc475644ac9a520bba7b9cccbce10d,65c750c9a0596725c572c1b3f8e01c645d153fcd63146082ecc2b9322414d5fd,1720408727.2926106
NCBI596,29ad3096956dd5dfc2ece721124e04c63f0f4faa2598330fc6a48fa90656f368,8b42ca7f80bc475644ac9a520bba7b9cccbce10d,bdcede19ac5d18222bdceaa7903860de16b7697ec4e8d0699b2fcad05e340c62,1720408727.332697
NCBI598,c124b250358c6c0d6fcdeb0da607abc63deb093562fd719357fa4f249b13a334,8b42ca7f80bc475644ac9a520bba7b9cccbce10d,138473d6e6c23a23671006b17357b4d0c2be8935e6aa7a071b28134cef27eb19,1720408727.51244
NCBI6,91ec8acb08e628503f6f16dd8826aaacf793f674cb06edb3e5885ff40c9a9dac,8b42ca7f80bc475644ac9a520bba7b9cccbce10d,1810f05ad0ccb38cae4a19c293de269d8417a156b7180bf0667db6cd0dfd0e8d,1720408727.6770844
NCBI60,f227f749dc26a7bb2ed8231ad376e631c4287d8b40325c8bed34cfa758e67f83,8b42ca7f80bc475644ac9a520bba7b9cccbce10d,882393ace58dbe51050b63158d90ed7fcbb4256ecca4c18f9d347bef5570cc5a,1720408727.7302368
NCBI600,da570e3688889ae72051c2d098d1da5584796b6fac9cbd0e1dce77dedb499561,8b42ca7f80bc475644ac9a520bba7b9cccbce10d,758d0a0032bc106b1ffe24fe309f1244d07d724abf86da149a872c8283e2a908,1720408727.8643112
NCBI601,67edbc936f4f1a8ee218d15cb6da219a875a39d1136971e6b5ce7cd0ec7401b3,8b42ca7f80bc475644ac9a520bba7b9cccbce10d,c8cd08bbfefb77d130a7a31d3dd60d674e5d99a0be154f21e605dc3e1c305de5,1720408727.7615242
NCBI602,ac27268966cc14401b52b38fe45d8bc8a59d956f53871db2d5d7fa69a91c99fa,8b42ca7f80bc475644ac9a520bba7b9cccbce10d,d01d9a72a7e82d9049b8b9363763bca45cf758ec42f3a633d8e023fb9b372ab1,1720408727.850297
NCBI603,7bfb0f38e3e1f4f0c79330e3e2834377af26bcc2c1a7fb75f915688a08c09c43,8b42ca7f80bc475644ac9a520bba7b9cccbce10d,34cdd7d7fb2ce1a020a32426056d9d348cc97dc4e21797822c6ee15ce2f511fd,1720408727.9183369
NCBI61,5bdb8934de5112da10112b26c72ea0410e89a1bae65990cc86c31010adbdcec9,8b42ca7f80bc475644ac9a520bba7b9cccbce10d,252b1c6cc9e193c7895b78588ef52ec816c06c74a43c16197e1bf8d8aaf63c0c,1720408727.9448273
NCBI618,03e544d66999180ddfc107eb07b2546a9c17a07e608e11ae409941e1adf4be53,8b42ca7f80bc475644ac9a520bba7b9cccbce10d,6617d7af3f47fed5c8a3bdeac107db4498616bc3c904d5e5108ce50cbf585588,1720408728.101956
NCBI619,4225640c4bc641f3a09bf6b3c5a58028e5e84f9fe021aff0799ef7c9bcba2402,8b42ca7f80bc475644ac9a520bba7b9cccbce10d,ea3c8e3b6ac4f8a8ad43e3779382c35fbd7128bb0b3d82162b9dc626ad002560,1720408728.1079555
NCBI62,e5e89b9b5940705ee841e675d196622c63cd7d250cafff8ec635f60b1eb9a87f,8b42ca7f80bc475644ac9a520bba7b9cccbce10d,03d6d2c9e63e38aec780f2ae0092e7692fff901d6c423ffe0ea6edfdea9653d1,1720408728.1814938
NCBI622,be78f6c078e4d646e2f0760145d905784822c6f472844f12793a7332113d9682,8b42ca7f80bc475644ac9a520bba7b9cccbce10d,c1464e647eee0cead96855d42796a9d8cbfa1e371bbb305264186d0e3c0e937c,1720408728.3601787
NCBI623,21a013f81b0b0ca4e87c93225c5102d0e36bbabcf2d4312ad8b6f1117f5ac355,8b42ca7f80bc475644ac9a520bba7b9cccbce10d,309922e82dfc04ee4ad08854b511dac04176d28049c7f1de53160d330d0c7ba1,1720408728.4164603
NCBI624,21d8b225810b8918b26fdf11f1a52959836bbdbfb30c7b696a21be491e95ae97,8b42ca7f80bc475644ac9a520bba7b9cccbce10d,edc1320606eba3f73e07fce7f6aef6d9c960613a0d610b658a2b3a9b9a22dfa2,1720408728.4004555
NCBI625,584d8ff3477d4495b2926dc442e7755c889c4fffd36cafc7fb0f6d3153eb62b4,8b42ca7f80bc475644ac9a520bba7b9cccbce10d,d0730b7e03ac34eda954ebacee8b16ec742efd8532c0a23ee9dfd90c033203d1,1720408728.539315
NCBI626,87d5a08b9446bcba9a08f7b9dd3de0af4aff953700d9395d52b52312f0bf5b07,8b42ca7f80bc475644ac9a520bba7b9cccbce10d,c5f135ec6dfdf4e2a1aa72871dc90abbc874cb7ba633af7d8f184ebb64d76d82,1720408728.545961
NCBI627,24b7077b70fca1e52799ba00b7379bb94e53f83a68fad33caf0702941e253c49,8b42ca7f80bc475644ac9a520bba7b9cccbce10d,669465980b6a990d89c5ce1acf52c30ff5dee9e24953552a79fb6d1de3ec7486,1720408728.616934
NCBI628,a65052e1f5945101bf464c8740290660b44a44436a1568d6cd91a7ed7bbdc7d1,8b42ca7f80bc475644ac9a520bba7b9cccbce10d,91a11ed09107d9ba702966edb3e72133650133a8cc8eac5549b235fd24c0ceb5,1720408728.6369376
NCBI629,9f9370f467f0e3be52aec612fa122ce86740a501cbc4a34163e04f36540277c6,8b42ca7f80bc475644ac9a520bba7b9cccbce10d,bb692ffc9f583ce689e6276a7ee2b879ff8263c146aa913718cf2ddced3af60e,1720408728.7242818
NCBI63,49dcdef3fe2ae248965e17b43357a7280ed61e85db2d3a3269687742a18dd642,8b42ca7f80bc475644ac9a520bba7b9cccbce10d,a00784c80521d2b125b3c4dbe0816659e46eb5463a90961a9028926ece7f67a5,1720408728.903403
NCBI630,482bbb9284f309ec9655260533d8983334e131b460469eb1b4b2dd09cfe94b71,8b42ca7f80bc475644ac9a520bba7b9cccbce10d,3458976be455e2def1d495e5b1248c9822a4c1b063f875ee771640c8f6350658,1720408728.8791087
NCBI631,1ba713c7da51b20b559ea057de7413f393ce5ee9ee333d08ffeb6f5885142c53,8b42ca7f80bc475644ac9a520bba7b9cccbce10d,6217c1a79871231e50c2b3e5c36873970d9e0341419effa5a3fae708e88a4d0f,1720408728.9233594
NCBI632,1b9ac38a7a2f92be4b7a5487d581caef5953cb093d5c649eca068940179c4cb4,8b42ca7f80bc475644ac9a520bba7b9cccbce10d,b5bbd22a86853c27fc66dc848936c8f197523c8b600088ca23e452935230a7e4,1720408728.9693398
NCBI633,740f4eaa2c1105c0cba905bb050ab2e6f887042c3089a2287f1bce183440a434,8b42ca7f80bc475644ac9a520bba7b9cccbce10d,2d784fffe151764ba69c2046a60dcd85fb3d9dfcc2e386c7bfe4bca1de3e2f10,1720408728.9839928
NCBI634,20b018ba980dfc827c3ad8fe148061104125f7ac3151bcd2248b2bfe0b5238c6,8b42ca7f80bc475644ac9a520bba7b9cccbce10d,6eb582ed3c956a782beef34adb5d9559e0aa4a6cda551cb3331523d4cf0cd2c6,1720408729.0476391
NCBI635,16db323f88843eb4cb5022f031f083292f9c6037d97d5cafc66e23926c780c2c,8b42ca7f80bc475644ac9a520bba7b9cccbce10d,c0141effe4e84734c92d106981f9fd41c01c823ee94c8f38d5939875310671e4,1720408729.0806205
NCBI637,89f9c056c93cc987b3365b6c4e62a2633c141a01bc0f4030defa58be8e3e92c0,8b42ca7f80bc475644ac9a520bba7b9cccbce10d,b3f5b2e3bbb9e80b80eb9f8f08b1ce9b1dbec0fb2450ba4b963775e72c3cd6b9,1720408729.3087401
NCBI638,a7ea4d3cd9047aca9a566be0b5b730a56af4370422fd3f32edc12c2cd5085561,8b42ca7f80bc475644ac9a520bba7b9cccbce10d,3f0fe0dc0870112a1d8430ec948cf0207d4461e2b49d80cc3dc73423b3bc49fd,1720408729.4080956
NCBI639,348fe5666762e3e3c258916ae45142e4c553830b958edd3e9fcff7268c833e7e,8b42ca7f80bc475644ac9a520bba7b9cccbce10d,a85089a933f443aeafa01b1f0397175aa2f729dc46e7427fe0e219dc5d1d1a62,1720408729.421835
NCBI64,dd33b375c14b928238701102579e5f45ed26104658d084b4cad49b16a94bd43c,8b42ca7f80bc475644ac9a520bba7b9cccbce10d,2cb8cebe917232e7176639c690176db6004c65d7034600d298bbe6dd46390ee2,1720408729.4060948
NCBI640,b1c3be581a4d0ba1382829966060356c26b12e28e4a3cf13f6e484eba499179e,8b42ca7f80bc475644ac9a520bba7b9cccbce10d,72a82a2865ff2ea693a56fb792ab3839625ef80e97093c627cc2fc0c620bce41,1720408729.4318352
NCBI641,78657f158ef7e22e7d0273d82d947d5e8157d81a6b4e6a5029ae121ea1297d9c,8b42ca7f80bc475644ac9a520bba7b9cccbce10d,44e2943879186d3334b36978cae28b95b82db8c68338681a4cf06146e0b53ad2,1720408729.4767113
NCBI642,810ffc2ed4827e2daa6b12c9d77da077223ab09e3c1d61532e6dac74994da61c,8b42ca7f80bc475644ac9a520bba7b9cccbce10d,9fc108d3ce8c32e2a3b312574f1241340a4a4b8c3449be73de73e0daf0c35608,1720408729.5307581
NCBI643,a5f2fd5db38e3c4bcae84aaff0e07380e54e51a26a8e9de450de2570594997e7,8b42ca7f80bc475644ac9a520bba7b9cccbce10d,bd2c30b7d82549d7941748ccb83cd9abdd0692c7b38ad32beb648c1767a5b024,1720408729.593007
NCBI646,05b7afa827d5b93516dc809469266e94062600ea52f7eef81477e0a1329bee3e,8b42ca7f80bc475644ac9a520bba7b9cccbce10d,0088ca8b32f028d6dd4c5b520d0aff38e406e5a16e4571d06c8ca8959e80e539,1720408729.7590616
NCBI647,7678cd24d44831e118701bb2e7200da2b9f1ca43c3ca0349cfab27c1b83b0bf7,8b42ca7f80bc475644ac9a520bba7b9cccbce10d,e2304583cb8a85fa80332ddd05879adc99d121796b9ddd864ea3083d492f4442,1720408729.9128733
NCBI648,07275c10ef8889513a082f95217c17a674f278d6a4d30bc222ef716d9de1de97,8b42ca7f80bc475644ac9a520bba7b9cccbce10d,754ff1c502866e339d002e0563bb19af21f19431e9b10d001a1cbb979581bbca,1720408729.8569093
NCBI649,a7943c6ce39af2aeb0eb8880cf3403353a76eab4a786008a1dc3147da6ada550,8b42ca7f80bc475644ac9a520bba7b9cccbce10d,92cd625dd1fedec12a386afc7f5c81b06db0406b38247ca987339cc3ea7f54b2,1720408729.937237
NCBI65,c5b273ee4a134704fec4896c52ced958995d599ea1ace027b7f5ac6aa2f8f61a,8b42ca7f80bc475644ac9a520bba7b9cccbce10d,b77d1d71035b380cf97625f43c294283640d0dd8d7a257f2e57e1c4a00989691,1720408729.8898304
NCBI651,0a8dd07ae8c8580bb65372d711036d46fe7560bef7851c010b01c733765fcfed,8b42ca7f80bc475644ac9a520bba7b9cccbce10d,a632134781f76449bd1bdf3de2e54d9807f9894f64f91fca06389b29eb5669fc,1720408729.9657943
NCBI652,ab7addf5a11327183a54c3936aa8e835d98976a42fccff825e387c6cdc30b352,8b42ca7f80bc475644ac9a520bba7b9cccbce10d,7d73f465690ef0fffa12b4105ff30ac9dd388439f80e0dadf80989f2d3e1d7a9,1720408730.0274436
NCBI653,a01022123fe246d21b3b48f57e6233ddeed30d14ce0d410247c424ddf65d78e3,8b42ca7f80bc475644ac9a520bba7b9cccbce10d,16eb10f5fdfb8589abc063d633b489bfd3923d96c40f45facf02cda73371ed79,1720408730.2003841
NCBI654,c8ed6ea33f23bf7925be011747d0cf7746b20f5694270d4928ec9cc48efa9496,8b42ca7f80bc475644ac9a520bba7b9cccbce10d,52b46d966d33b4aed7bad01dd6b82a90a2ec15de013623120522e3b15d66ab01,1720408730.301345
NCBI656,3fe02a675ad296e1e1966f307a2bc898f692cc3d30d644550fdd540589260329,8b42ca7f80bc475644ac9a520bba7b9cccbce10d,61372812aebc08ce98e719a22b839e1b847a4cb762e0934c08e81ad23f42a6db,1720408730.4225671
NCBI659,715bcd217d9fcf04d4ca211514227251d096a47eb220a94a12d4d1a84bc041a6,8b42ca7f80bc475644ac9a520bba7b9cccbce10d,1ed6196fc3aeaa8f678d6ebde9046088ce38bcf1fe5dadafbbe40b3ccd43b609,1720408730.393556
NCBI66,fda127f3629c286cc36e5e28ed602732048e959de7dfd50eb5aa07e6d9e4a83c,8b42ca7f80bc475644ac9a520bba7b9cccbce10d,e65e597c184bd29214199b592e5a3c7f510b9849a2ee8afb38e89839a0497965,1720408730.4822283
NCBI660,ef4c5ed84832f97161093ea14683c193c824591708f6221efeab82d6cf94fe51,8b42ca7f80bc475644ac9a520bba7b9cccbce10d,75e9f4c1d67f0086a4013806ac26e5eda305ab652a351472989ff342b772cebb,1720408730.6364028
NCBI661,329c9a14b01982140b4874277c35f5c240ec05078b3b9818a9d2b9f52293cd88,8b42ca7f80bc475644ac9a520bba7b9cccbce10d,59617f33487427b8b331c59b155aa5e4bf8012a25911f7940ace675627f72bd0,1720408730.7376623
NCBI662,d129ea4c5a4baaad7bee342894dafdf8562ce515766b7d99cef320b19489eb60,8b42ca7f80bc475644ac9a520bba7b9cccbce10d,01eb8a45df63e6e4a7f47dd5fd3293721bdc42e37a0ee4c4d47e69b658ab431b,1720408730.7749083
NCBI663,2a496a4c00442ec59ca3ec94789374f85c1cd64578801e45310d6a00c1fec383,8b42ca7f80bc475644ac9a520bba7b9cccbce10d,a2d12e9ae0a0766c5e8f6c9a03cdfdfe439622f031d7695a1de952ab60201032,1720408730.7729063
NCBI664,0fbe9386006a2307fd1936637c84abe594b8879642e59192c4e9b7e28690e1e6,8b42ca7f80bc475644ac9a520bba7b9cccbce10d,411f92faa8a8697c470610cf891b1e6c8c7d60d32de3d1b8e1a46f94b32d4862,1720408730.8347752
NCBI665,70a7e6b0a80826187b1726cd4da67bbd66df5e0393354786907b459e5d1a05d9,8b42ca7f80bc475644ac9a520bba7b9cccbce10d,e910ca0f223263925af544f81645091a62c7a39f03c673ed1045402ea30eb417,1720408730.9186335
NCBI666,dc3560e25aecdae37c88bafa323e2be8da1eff34dc9d9b656d6449801ab2ad84,8b42ca7f80bc475644ac9a520bba7b9cccbce10d,8f59c9584a1bb22b3c96706668543c0ded6bbe0dd0af91d897d5e9d89af480a3,1720408730.940652
NCBI667,457e136ad70389d82dbe3d21935b7bb610927114a74a4c6be1769e3976e8b119,8b42ca7f80bc475644ac9a520bba7b9cccbce10d,3216f8fd0bd68867878b9937151111fe5b3b71723ef33b3bb4210cb12bc4de14,1720408730.9336512
NCBI668,dddc187671f9d0f44680ea6bceb1d3f0dcbc5231e1fddd70ffa6815e985300da,8b42ca7f80bc475644ac9a520bba7b9cccbce10d,afb92814ee6a0d0d2c4b98d02e312ea83d59d4d58aca5ce6dbe17451840c24c5,1720408731.0668223
NCBI669,4ab66d7ddf72572851bc50d7ad4fa7206888fc8547dd133eef3576674b5ef69a,8b42ca7f80bc475644ac9a520bba7b9cccbce10d,08b0cc6d8d30c41dcfba292fe46c312bb6253898a1e6e4e022503b11d400d2cc,1720408731.173361
NCBI67,18e52e9865cc7dc84d2db183d973b4cf413abe1028cd5308b368ba4dbce52443,8b42ca7f80bc475644ac9a520bba7b9cccbce10d,7d0d44edb8f8012d1aae4a72c4ccbde79dab4529bcf41c77d52060c9081bf2c6,1720408731.2119973
NCBI670,b93fd268d8b2a4451baad413ff35c155bd7b303d4402dea20d23c0131230e584,8b42ca7f80bc475644ac9a520bba7b9cccbce10d,3d31d057ffa992c0870d403751ad3c7b6308b8e23f78b0dfe2e577757af11d4e,1720408731.223551
NCBI671,584e515e472644f5eac5be4dbbf2a24c5e2e9ea2ada0d881dbf0f81724dfe8c0,8b42ca7f80bc475644ac9a520bba7b9cccbce10d,d0e4f4aedb8173520e7ed2ac8e03fb787393e441ef3a7b0dccb9ad72191c1e7c,1720408731.2676926
NCBI672,212cb969fa0501b52cb3a3664eddedd351d3343e97ca96171c8a7cda7ef89643,8b42ca7f80bc475644ac9a520bba7b9cccbce10d,e289640fdb7c4108efbc3b667aff492f46d8c15abfb7a264176e29719a66f278,1720408731.4748802
NCBI673,81f3cf7230c2efb4ed9bc5b3ec73812de1aeaeee3f581b09918596629c3e2444,8b42ca7f80bc475644ac9a520bba7b9cccbce10d,acd38b6593fe06b49a990c0f064f13aa9d698c4ba269f179d367047412c0366f,1720408731.373707
NCBI674,c848017f9a29bfbcffcfa5a9b09037543e3c1948dc1f8aa6ad01266c87546461,8b42ca7f80bc475644ac9a520bba7b9cccbce10d,9c86c159d2a9c3e7fbc71e31c741ca3e8cde5c323530e4ace27fcf616c35fdc1,1720408731.4502757
NCBI675,21d0ab081c403b0cf7c58fe07b1ba7a4c52858aa4f837ebc03998f8c635a85b2,8b42ca7f80bc475644ac9a520bba7b9cccbce10d,b8ba879f4b8658ef0740090ae1af989f0112418f2ec74151d61eaf60bbcf96cd,1720408731.5329106
NCBI68,8dd56b0caa15ae2593582d6e2b2d2503e0c69067739a6a52a4bf7388b84ccc2e,8b42ca7f80bc475644ac9a520bba7b9cccbce10d,286596bbb11fc29d94f25d311db5f49180ac704ab6312294c651e9323960bfdd,1720408731.6097863
NCBI680,c4a26a3b9029428ae9526e63c8574e51d4c3e4959895b03d0207c968b3909a0f,8b42ca7f80bc475644ac9a520bba7b9cccbce10d,bd83ac7bec87f5b79373166948f6a00a6fa3e087e983d84bd97e2e2a5490d746,1720408731.6499846
NCBI681,c4204e9e54ef24e5748e88fa117cc8669f6e01c31d9a20338e1cb27c218f1113,8b42ca7f80bc475644ac9a520bba7b9cccbce10d,ca4b5e870ee513a8ed6382e8fa54debfcf6354d736904134a330bfd2aa06c2b4,1720408731.6629074
NCBI682,d46d96b9560d94c5cb2c6d0ee546a6e730a79c135ad77f3b7bac6deb82a93ac3,8b42ca7f80bc475644ac9a520bba7b9cccbce10d,3449458e40d62547cc7ab03915af7fcc45bb6ef6735787ee314afc8888d7fc23,1720408731.7141423
NCBI683,aaa8713094411b9e670194c2499f6dc407f971e752cbe92e31e38c2d2665288f,8b42ca7f80bc475644ac9a520bba7b9cccbce10d,8ae9dbaffbf21f63f98e5d303845310e63410278ed4623213f1f6bfcb517c392,1720408731.7954333
NCBI684,8b090a2588cba75501cf269fcf2e25a8a619725ec53a6d9290b9cab2757630e3,8b42ca7f80bc475644ac9a520bba7b9cccbce10d,06b9a23177f0875ffe28b932ed50814424086673efcaf05ac92d576dcf076309,1720408731.990169
NCBI685,dd14987b8ef91963b0ead36ba08cc847238c0d07dfe23ef5e1509d6dffb94f63,8b42ca7f80bc475644ac9a520bba7b9cccbce10d,39b925efa5ae8ebbb73de5333de5942cdc25606fff1969947c673e0d5bb2ae62,1720408732.0370314
NCBI686,aeeff6cdab53f6997cdb65956f53af6d99762e7ed91f32678d39ae503f32d38d,8b42ca7f80bc475644ac9a520bba7b9cccbce10d,d57b4856486a3774127daf4acffe2ae5c799a57bf2613c1262c4feba8122b685,1720408731.971145
NCBI687,8e9f383ee5c3230c732a00ce0c37d30c94476dbf270cb51343f171d410160c90,8b42ca7f80bc475644ac9a520bba7b9cccbce10d,ce58ff028cdae4999906df1b3b6a61128c53e9178f310b032f308be844291933,1720408732.0648558
NCBI688,1243c8f776a0e33295840a2c3301dd03f15dbc8bda1961644f49152f4f5f3d44,8b42ca7f80bc475644ac9a520bba7b9cccbce10d,7f71471b00727442c00fbd79c589ce79b846bc2ce21d3e62403e4bb48c3b0542,1720408732.0838602
NCBI689,47ed950b48e5cd42d46ef348b733336a6f0b36839e2c9f9772bb5882b2af76c8,8b42ca7f80bc475644ac9a520bba7b9cccbce10d,4e3f7a8ccb5bb04b8ce75ce46fa61aeec9d2367de9979fc334a7f785cb2eb95d,1720408732.1031365
NCBI69,d728f2b5e5b3b1abca7b2985d8e844d3f9e065684675b80ba97e7e88c8ca297d,8b42ca7f80bc475644ac9a520bba7b9cccbce10d,883ad331cafd9b4929dbcf4373e6fd99c04f54cfe7403d2eafeed3b5aed57e83,1720408732.1479812
NCBI691,aec8ffb08f907658203a34fc9f5b0ab6466862faecbe82e2e72a46b62eb765b4,8b42ca7f80bc475644ac9a520bba7b9cccbce10d,89731948737c559fdf50f49fc08d2be97bf02898b8c36dae86be32e819cdf98a,1720408732.397088
NCBI692,be003647434dcd8b85ed8080f0b3c30c0144f9e1f136352a9fbacddc9710c88f,8b42ca7f80bc475644ac9a520bba7b9cccbce10d,219f179468a8f584ea08f1499fa9ddb6e125849098a111e1de2e441e729dcf63,1720408732.4843822
NCBI693,777077e2662e8f73d23c9a9dc4a13ad05276bb6ee9eff33bb1b886c2cce98fc6,8b42ca7f80bc475644ac9a520bba7b9cccbce10d,dbc59756a3e9eaf0345f681870a4329a5f6d49bc0de47b89f2c541f1b17b71ad,1720408732.5396032
NCBI695,7ffb82e89548452c71e71f61e87bd662c975749ccf2fc4498ee076d283edd164,8b42ca7f80bc475644ac9a520bba7b9cccbce10d,84a84bd47e3de0ffff14c72bf9dedbb02ff23fcdac1c29e3aeb45db50d56edc1,1720408732.519599
NCBI696,049df1b44f8ad359105d0ea4b5e6ee982f4231fe35781a921339c758021e9356,8b42ca7f80bc475644ac9a520bba7b9cccbce10d,ee0f3c7dd12b7b7c24f69b96dce8bfef910ac39c17532e15cc41385ceb050c75,1720408732.5655596
NCBI697,cf2dd10d4d9dc62305482fe87637011ef2dc501694d1b80fbf459a9ed04399a0,8b42ca7f80bc475644ac9a520bba7b9cccbce10d,13f9742accc9a0da7eeb86309a78d0cc0fc65046354cb3e84142ac950e8924ef,1720408732.5807726
NCBI698,dd202a462992d8e9cedf830ab6b7de738b611f3f91d6518c16170657d2430fff,8b42ca7f80bc475644ac9a520bba7b9cccbce10d,5894a5696220e0b21eb48e39a20f2f65b4a7bb7887e290b45edf689f7f2b5d7c,1720408732.65975
NCBI699,f542a05b2e690b254b4f1f20d4ec31425cb915ae30a16314e3d9dd783b9d6e19,8b42ca7f80bc475644ac9a520bba7b9cccbce10d,63cfa6dcd4f114f48fae7d6f3c2778e5c287def6bb390dd489274300fc44a807,1720408732.8331368
NCBI7,17551166bab23adad94b55dd53ff70bfe7dfa685a461c89657d48d7a74121d19,8b42ca7f80bc475644ac9a520bba7b9cccbce10d,ae32efd53bf083c07a3971d5412742a1f058b75beb30c5f7dc82f853391a1eae,1720408732.983558
NCBI700,c6338a985eb0a494a5437127bba1df7b3c3391038775860c9ad2e1143bc2d2d1,8b42ca7f80bc475644ac9a520bba7b9cccbce10d,28501243b97eb94514128ab04cc4361c0e2c4691cc5309134437b8ac7a5d4dc5,1720408732.9370964
NCBI701,1beac58ee3ba134390f8dd7aad2cae212161d7df422dc3d5fd9a4f02393bd842,8b42ca7f80bc475644ac9a520bba7b9cccbce10d,ca0b19795a4fd82c1b9d49cabe5a5ac88ecd9c6470e0bbd87c34451a44fd1e65,1720408732.958297
NCBI702,1426790b704324e426fbd0dd5621233264f3205e26b5ef119a2473993ce279a4,8b42ca7f80bc475644ac9a520bba7b9cccbce10d,9ffeb6787307ad790f3c4635782b3406ce381c319cfdfeda2f2424d1612ea15f,1720408733.04597
NCBI703,0fbd1a0f203e22ca81e653c32e46de5b87ee21d6bd0135bebdbbe9a0e7f7a5ca,8b42ca7f80bc475644ac9a520bba7b9cccbce10d,df12de02c039b2d530fda155b5687cee1c6c0fdb954fd722b53a05c33dee0518,1720408733.018571
NCBI704,5391675752ac92e9b4883d8fdcef08ad99d167b7401b71e6fa54c8ac2515304b,8b42ca7f80bc475644ac9a520bba7b9cccbce10d,958e56ff6fa3f2a945f30faaf0e5110ca08bc76df26045d5f1c3e2e0111dd11f,1720408733.0135698
NCBI705,abea441de16acafa65d63a6f73ce0436683fa4e2a226199a61876e2ca2769ce4,8b42ca7f80bc475644ac9a520bba7b9cccbce10d,02aca0af077ac74cd820862faee7111fd0fa81402a72e371307b80c1dca5dad0,1720408733.0902195
NCBI706,e61e8bebeaa727d0d1856c16f0e833e7295618e081364240aae5763d0fcaadf0,8b42ca7f80bc475644ac9a520bba7b9cccbce10d,2da99410f76974b81c549f82ba98881b1b73bc52e7466d57af8083d45e8cc822,1720408733.2708554
NCBI707,f2fd984ac5d86c059395348a01abca3e3f0926bc924a2a1ab76e6d90b869d3e2,8b42ca7f80bc475644ac9a520bba7b9cccbce10d,bb216bfa965add5118302c8dd69ecfc23c13f83feaeab083803f56108fd802c4,1720408733.45787
NCBI708,738ce2f3c7301436ba32dcba4a7e21249f962df011bce86403a142e1f27ff102,8b42ca7f80bc475644ac9a520bba7b9cccbce10d,55da40a52a10cf0b32357194bbb3e2ba31440cd7a992db6bf997dc1acfc97eff,1720408733.4609654
NCBI709,3abe826c26908cceba2cb9ca22fc0660733df88649d3e76b5de53efbe8f3fef4,8b42ca7f80bc475644ac9a520bba7b9cccbce10d,6a2cecdb3f62a8e9b053ef1b32ab740590a0d48998718ab0d09b3d0221401a76,1720408733.4893627
NCBI710,31ce82b5cb3d85130eaac648f946bc8e4c8082b9fe891a82473fe8dc0b2400a6,8b42ca7f80bc475644ac9a520bba7b9cccbce10d,109d920f89f4d1757e7a0e803162e52c4e4d8e1fe39ec32b6ebb280d2538500a,1720408733.4813623
NCBI711,97b1f5ac28bc859ad4acaae318e5f1cf2a61c01ec63f505daaa60b4fa173a7fe,8b42ca7f80bc475644ac9a520bba7b9cccbce10d,cab3b7ce24a77efd477fdd41fce232d8a22b752dc16b2cf788eec955e96df6c4,1720408733.4873626
NCBI712,ab7be8cba208e43db7426ee414c559f270c92cdc2a5d8e1ef247517a2fe24a92,8b42ca7f80bc475644ac9a520bba7b9cccbce10d,b22d70f334c5143aa451de8bca65ef0f45ce82cb444963a627716416deabe796,1720408733.5503502
NCBI713,efea0a7e7106deaca4e03ff8d9744600b0f98df692ad5c6cdcfde746bcfc8dc7,8b42ca7f80bc475644ac9a520bba7b9cccbce10d,8b15bdda499a9496d76dab9d2010329b40b24c24a322f03a4a00e48080326ee6,1720408733.5343463
NCBI714,a8e7641560d37708bd8157bc1f08fc90afaf91d190f28e16d2fbf0e6bf7e0502,8b42ca7f80bc475644ac9a520bba7b9cccbce10d,84069922b54e71d818c805846e9ef73a458a8bcedde878e536d55d3f21743494,1720408733.713248
NCBI716,f357babc482db6c4eb0f665291279d9c23bdbf9992abd7547d9a80ffe82e3eac,8b42ca7f80bc475644ac9a520bba7b9cccbce10d,559a5f6c5482d190c2bb387273b330ac3fbb1133c82579e3e2ae6486f652ffd7,1720408733.910943
NCBI717,6dfc9333cbb7bca33c99add8faa88d648c674dd215bde076040bb7f298ac8a6b,8b42ca7f80bc475644ac9a520bba7b9cccbce10d,ef228acbcf810c85b6ef237bd76169f247d17784ca152300fc67bd10099d4f12,1720408733.9229426
NCBI718,c4e9ce2a7c3d24d62b3e2a0f274c0a5200b30cb2fe6df880d3d55b10a44974b1,8b42ca7f80bc475644ac9a520bba7b9cccbce10d,575c3a05acd85465e5209b438adf3cfb6d048c52f61a74ae065b54a0ae28a333,1720408733.9249425
NCBI719,0505dd1234ba110e54592a8292c48bb382d4fe2c5cdb896e5b75cbecebbdf3f5,8b42ca7f80bc475644ac9a520bba7b9cccbce10d,a5e234c2fb17a22bc4621666498cd6e9c9009ba3c246774ad7a7fb2d3acaba42,1720408733.9941807
NCBI720,d0d546db77514c4479e29cf11e0508e0a9707af2b7bfe127a49adabab0a7f499,8b42ca7f80bc475644ac9a520bba7b9cccbce10d,36e30e843c92f9d8e1073d6953095146d064460af3f5b1049a0ce84e48c043ab,1720408733.9739041
NCBI727,70deefb01a9b8c71e86233e331f493291fc8f10028346d50d1734a764db3511a,8b42ca7f80bc475644ac9a520bba7b9cccbce10d,1337ca9455ae2e5310869cd1a00604ecc90ba44e131f9246f5f23e2f2efc5ea3,1720408734.050833
NCBI728,17362a9620350cfc3024c2e940de5db9e972a0c963f0864f24173bd9aef5e32b,8b42ca7f80bc475644ac9a520bba7b9cccbce10d,d8cde2f1229bae268da1a5c03309bdf201fa4f1924c05ffba679f881a9513aa4,1720408734.160317
NCBI729,0bc7842e4967c2381e8d44e17ba6640715c10a1b2fedc6372381c5bf971e1e80,8b42ca7f80bc475644ac9a520bba7b9cccbce10d,42d0ab57689eda1311302440338484ed0eeb4a829cc32ca3c09218ad1649c0c3,1720408734.3194602
NCBI759,2fe486c838bd4b3365da5b7637e16fa6c6d9710abcf5900bd7c2d26a041dfb0a,8b42ca7f80bc475644ac9a520bba7b9cccbce10d,1e4c968352a70e1c5990f0384a901c21f79a7b005f6b88713fd36e02a3000c55,1720408734.3422098
NCBI760,ad5716041b16a969a979e90c2d5f17c88cc1ba55e088c083693b759938aeab65,8b42ca7f80bc475644ac9a520bba7b9cccbce10d,e752c020685310dd85b6c68c0f0ecf41c599c565c4a495eeb792fc4dece96612,1720408734.3482094
NCBI761,098dfd57f87db4dc2d17cb234550442878754312f8d21e363ef669df2c06affd,8b42ca7f80bc475644ac9a520bba7b9cccbce10d,319404c208c6d8f456266d806ffb5ff6d9fc04da964e4e060a714d906d8f445d,1720408734.37789
NCBI763,a924988c95d75510a87a73b04ee0dd01f30f5ee9b3f03a6ebb1c19cee4a6cea9,8b42ca7f80bc475644ac9a520bba7b9cccbce10d,a44bbc49feba4703a6be7532e5e0b9d9751be0499a12d7d954c508da940625a5,1720408734.780798
NCBI764,fb6f8e62e172acea87f50db9ee5f5f8c207e3bb6f65c179cbac089ce4c9ae73c,8b42ca7f80bc475644ac9a520bba7b9cccbce10d,83444324a2eb6eaf5cdfbd0d94442e59409afa24f85302eed7ecaa2eefbb8c72,1720408734.5573814
NCBI765,1a6d883b965e3eea869b1b898aca35b6ebc1d1d24c8781ebbef92e45c679eb64,8b42ca7f80bc475644ac9a520bba7b9cccbce10d,e59db2b435eb3a8249b24776101403bf49278501450d0e9f8ca2dee91391171c,1720408734.6371694
NCBI766,9abf556af6770d4bcae4887ee2e498ca7e6b4cd6cbe50a1939782ef93aad0e79,8b42ca7f80bc475644ac9a520bba7b9cccbce10d,06200466534dbb4ed99fb9ad5e51c2590f33098f19f912ac8b969613ede711d2,1720408734.7597787
NCBI767,1025efd826b8567b9d498b302a5a8d9ad1cf4578813ef7638efac8a60b4a6863,8b42ca7f80bc475644ac9a520bba7b9cccbce10d,ee4643cf2a2a66880a806f8dccde3e9da6f0c13306297900196f385b8c0d954a,1720408734.7906506
NCBI768,dec22df25c7ddcc28b45675bc9738eb2645a598fc828394d6844f0cdc396b381,8b42ca7f80bc475644ac9a520bba7b9cccbce10d,6ec7ffd4abf6baf14d84793900e20dff4b70da78347608bd27e9830730c667d3,1720408734.785802
NCBI769,d7f803b0d0f3fc0c3abd15f739fc20cecd4731c5a129e5fb1f88cdb5e428d7ac,8b42ca7f80bc475644ac9a520bba7b9cccbce10d,5907313fdd94ccc77afe82d83ae4124fa6bd47f65fe3c2a5e22245651d0cbd3b,1720408734.809788
NCBI770,be00769925a45d6d6007519b9f152b1ed23192b796c8058356ff870b547c0846,8b42ca7f80bc475644ac9a520bba7b9cccbce10d,e92643106972dc8fc88feb2724c1e4c2dd5c590a1df7b00722bea31b57cf0d83,1720408734.8432624
NCBI771,067d37ee04a7e38907ea5bc894d5821d2c929d2b188b6a16d7264a56f34a4c99,8b42ca7f80bc475644ac9a520bba7b9cccbce10d,4c7862f5d9d1c8abfc7d898e5925c36ce6ec76e513afd0f88760a591fbc4f0f6,1720408735.0615013
NCBI776,3099a315b2ff05a788a621f4677bdcfcae7b48436c177a18524e3bee98206b74,8b42ca7f80bc475644ac9a520bba7b9cccbce10d,456567a13c1b644d5b0eba0e917f190fa84178060b29c0274792e9c4f0ca2b6e,1720408735.0895069
NCBI783,7f6e5f1645116c05aca3b1f8445b2fa20ba5be0ce0375f58f8021e64caab66a8,8b42ca7f80bc475644ac9a520bba7b9cccbce10d,99e0013536962f217205a49542fbbaa94ccd23e02cadee96f4b5ebb7b16c63dc,1720408735.1936548
NCBI785,8fb6b0478e6c7bc966458569dff501a0660cdea82d5c1b3f9b9497717cde4815,8b42ca7f80bc475644ac9a520bba7b9cccbce10d,e9d7d5fa41bf485abbe20bf1f29c82990714e9403f65e26e15d19b360b9697e6,1720408735.2202427
NCBI786,a7c0f1b0130c6d1ac7f695bae456c453dce3d7b9b9d26ba676195c0789e64567,8b42ca7f80bc475644ac9a520bba7b9cccbce10d,848d90d2ba21ebb13a297fbdb9a19643866ab548c67e5cfeb5f237990957ee62,1720408735.2212439
NCBI787,9fe95f299cefb1f115ef82f394a450bbfbf93b2716d3936904ff8636467da4e5,8b42ca7f80bc475644ac9a520bba7b9cccbce10d,9187698a7927bcd63b70707418b4f5e53f9224ab6c170948137191711a5f0957,1720408735.2562606
NCBI788,419a139c65f371df4f700a64f63563dbaafeacbc598737d745fca0a5bb5f9371,8b42ca7f80bc475644ac9a520bba7b9cccbce10d,3b6b6132f1544ca93d01aa447928c59169a05ce8f53ba4f1906a4d9983e6aac4,1720408735.3050182
NCBI789,fc2f66faacc26d059bb517c80ef6ed2fec0d0c401cbde49b63e7ac15eeb67749,8b42ca7f80bc475644ac9a520bba7b9cccbce10d,bcbaa6f529ad699f434e1c9f8a7f440109f6857443021dee69cb7343622b54d9,1720408735.5535398
NCBI790,1dd87e316670cb8b392f3e45610a650cbbf5f7468438a90c65aa30b8d7c9c1ac,8b42ca7f80bc475644ac9a520bba7b9cccbce10d,5fb60157fbb78c13c347c0d267342b5f7d217ad4df1124ddc4b3fb570affc62f,1720408735.5265331
NCBI791,af32e460d76807daf720ee2661d08e29c06d8bf021c53943d0b86bf8a56df17d,8b42ca7f80bc475644ac9a520bba7b9cccbce10d,19c74c0bc9a85a4c2d628ffec134c3b36792d93a0e4851486a903852ee4198f4,1720408735.6551232
NCBI792,76a64cec1bd8a5904e37a8875693ce889a6ef53a6318851b653b1e3ffe6ae2f0,8b42ca7f80bc475644ac9a520bba7b9cccbce10d,724a6c95d67d764a831e60adc7f259b6246a6e0acf3c3d6b05e0e0fc7eb7d03b,1720408735.674134
NCBI793,237086aca8fe84160ef663724613012a701450b25558d18e7adb604b52b9d0d3,8b42ca7f80bc475644ac9a520bba7b9cccbce10d,e8873776c065367d084d615e030965559c3f9e6bb2c097367c2b56ed6719bb6a,1720408735.6591234
NCBI794,f450c2c66e12c7ed820372b3e8396e3d25b7aa04998c7f3991d891beea40822f,8b42ca7f80bc475644ac9a520bba7b9cccbce10d,3f0e4bf0ac6295ac7f3ee7765b80f278e0c1d92073eee1ad6b5085ca049be2bf,1720408735.688391
NCBI795,71e1746db59236394784ee7aac018cffdebc6d8dccc09ca6009136725e137659,8b42ca7f80bc475644ac9a520bba7b9cccbce10d,a8e15d47176cbb15add2c33515cfaa0e9750386f444107ea8a3d727e5fabd127,1720408735.7806742
NCBI796,1892bb605e8cd10790aec4a787d2f65dfb1cb30777fd3d687444b2c975066a43,8b42ca7f80bc475644ac9a520bba7b9cccbce10d,255aae275b385a06e672d66db2f838d811cbffe5f83ebe708914084bfb2e7717,1720408735.7427216
NCBI8,cb9458380a69b9a77a4a1c20084eb5d86ccf647aa0d8a1bf2586aa75889d0e6c,8b42ca7f80bc475644ac9a520bba7b9cccbce10d,89ae4c0b65480d653919aaf50449e65f61fa28f91157ac0a41432561c836248a,1720408736.0614028
NCBI800,d3e1d7193d4a8c358c040c66b618ff88ccf1392191fae391ecd4cd8ed3e70236,8b42ca7f80bc475644ac9a520bba7b9cccbce10d,f5b35e5992d5cb978deb236892dc614fff910c646653136e90195d03d143ef6a,1720408736.0872722
NCBI801,2269f8e92d39acac32a62a561ff19caeed06c09047d71a12d9f3c3cdc444a4a8,8b42ca7f80bc475644ac9a520bba7b9cccbce10d,35accbbd4c37681ff3f5729214bda66b03fe50031ae7b0006ccfade03b83a21a,1720408736.0937686
NCBI802,216f90d85fed767958b03cce88aecbe74744c5407e6a97a4780f614ce6162227,8b42ca7f80bc475644ac9a520bba7b9cccbce10d,821cd8e3734a0a75fb2e2f5d50d2281bbe1847ce1c6bfbbb0d6ca758c7a73420,1720408736.123775
NCBI806,e57b2204ea71c4b05a5da496797e4706e165c51242ea733bb24670cf8a52088f,8b42ca7f80bc475644ac9a520bba7b9cccbce10d,2453e41b67168cd02b411d7c702399bcce17b7add3beaba09695fe071b5bb536,1720408736.118776
NCBI807,a2332c53ece7694f568f6b19d0b12617cdf4e0d90b281f489038a06edaab8a24,8b42ca7f80bc475644ac9a520bba7b9cccbce10d,7ed26d529dd69b77f575920bc3e8671b25ec85b42a8b16d04c62811b59aaa306,1720408736.187279
NCBI808,d8c7932e33029047d938083efed35cd954ea5775b44c356942b9fd56028d4630,8b42ca7f80bc475644ac9a520bba7b9cccbce10d,a12ffaaf1c29c731f28582d6dddcc15fe119a0474d2935b2809c6cae1a020f75,1720408736.2781749
NCBI809,e5ba622afeb112827b254f538a2b0957cbcd94682acc362488c9edbcdb1694bc,8b42ca7f80bc475644ac9a520bba7b9cccbce10d,53e532879c8f64e63858ccb6b434e846c494496d69d4ed38eab2b2bce6dcf0db,1720408736.395229
NCBI811,a8437db24286a6922473cbdc5419edcf65598f67a0d88cfdc6693d2a52251204,8b42ca7f80bc475644ac9a520bba7b9cccbce10d,06e127d74bca267b46160ca62b20a2eb44eeca5b0a2775839e51cbf9667d8978,1720408736.5641904
NCBI812,60b321f51b0daeed9b69b0f1f6eb5f6d274c79f61063a4376c4d5bb9186d1519,8b42ca7f80bc475644ac9a520bba7b9cccbce10d,2b3bb8e27feac84fb7001423278c5d8aaffde95ef1376bc566bcdb7b682ee393,1720408736.520577
NCBI813,9d80d85d4ca60eccb27bcdbf226f458e0ee4cedc6c170f1e5ae07e03b17898a8,8b42ca7f80bc475644ac9a520bba7b9cccbce10d,d188883538347cad665301430c31ec26ece1915d2da9db55589fb3d294316120,1720408736.5245767
NCBI814,85dcb0934be6889d6601ec01c59f76da99d07a11c5bf638c4e99ac9d928c176d,8b42ca7f80bc475644ac9a520bba7b9cccbce10d,b0e95a4c3c1e1f77d2efe79a20c30a37c6ffcefac46f89e8d669206eca7eb510,1720408736.556678
NCBI815,86a3a8270ff95372d7bacde3a8510a7ec3cdccfe7699f7756c669c2301df1c32,8b42ca7f80bc475644ac9a520bba7b9cccbce10d,e2af76a771c5e6cadb9351ca6f9f541b38474f61c50059df8c058d958d8852de,1720408736.5496788
NCBI816,570de70fdec351f9923f88370bf2a00d6fabc7e6480486690aceb8b78bdfe222,8b42ca7f80bc475644ac9a520bba7b9cccbce10d,21c6d43e319525dba5e8500468b71118325fe422414d4186a4c0e326711eedc4,1720408736.6191955
NCBI818,49041ff74d8e0843b23d07aa4deed2b365511038ec7b1d85d31bc24164cd9445,8b42ca7f80bc475644ac9a520bba7b9cccbce10d,bfeec34ede507dcd5fb3ec16894b99f4d00da20d409aec30aeac99dfbbd0f556,1720408736.833479
NCBI819,4f7addefa36a6e94010e9613bcd9b8f0859584fc57de0daa866d31a6388a1b00,8b42ca7f80bc475644ac9a520bba7b9cccbce10d,ba33c1eed8c1cec7add60b4cc5f7c4ec11c457e9d5c318485152c3a8adb287f9,1720408736.9630864
NCBI820,9351b95564e5b6f861ab22a02182074c4a1c4a96a75742b48e1bc43f49df21c4,8b42ca7f80bc475644ac9a520bba7b9cccbce10d,e9c8e487df096c6f493394d45900b5b46dc49067c30fef243fd15700738c6860,1720408736.9540827
NCBI821,0bb4f1821d3e43bb4d757836bae5fc3f221e339c82b6b0937ddfc15eee93dfd7,8b42ca7f80bc475644ac9a520bba7b9cccbce10d,ebe903057791726b7e49e4954719da9bf49afb3741eac873f102e361bf8df97a,1720408737.0180976
NCBI823,c00136ec97c9e82880c9a739cf7a8b8dc1c944b2c7f4969c020de61fb28de5d2,8b42ca7f80bc475644ac9a520bba7b9cccbce10d,3256cca9596e7c179e377e2da8f2aaf44cae62c11a1ef01bd900fa8bdc9be597,1720408737.0670907
NCBI824,f3fe6eca3814d79a0fade0b40cbb8bdaa354151e825adab13531d99ca3178d63,8b42ca7f80bc475644ac9a520bba7b9cccbce10d,09c5c2e5b5dd2567b7006421e44f66da4f4df22ebaaf977420084d88e5b4cecd,1720408737.0730903
NCBI825,d33441d5e6b02e8c61090e9aa78782b452427c1753250351c84d2f928966ab23,8b42ca7f80bc475644ac9a520bba7b9cccbce10d,2542f05816e2625aa1b875eb3f6aa3b604f0f25618f89c24bb433628eef8d1ea,1720408737.313589
NCBI826,028398e075d0cee5f3cb3c7f65b989f96b22dbf800c84dbd1044fbaba911c55c,8b42ca7f80bc475644ac9a520bba7b9cccbce10d,609f464e3bf4b41906ede902b7fb8f3d43b952c18e73974c1c070fa92f885095,1720408737.2684865
NCBI827,938664f72643e77b8afcb5371d8c28b05ad8be12a426f0c4ad8f1668fe4d89e3,8b42ca7f80bc475644ac9a520bba7b9cccbce10d,7dd1516926ce0f1f57c7f92cf8dc42a8e7a2d6823ad0d91b5b8ea2b7b7ca84a4,1720408737.42433
NCBI828,5f2dd6a85e4465ad9755e19762ca72862f371281638f9c4a97d063cf036e0758,8b42ca7f80bc475644ac9a520bba7b9cccbce10d,efd09e3d357cf243bd69a6d363a84ed94a6a7248a0833c3ec224482a9d3e1ff0,1720408737.4393313
NCBI829,3d090c937789ab9b66c2ce851ba9c49d13aa2daf6a9bf4e1c71b64b3499f5495,8b42ca7f80bc475644ac9a520bba7b9cccbce10d,e0009b5afefc908cec35470b0fe9e8ebd9f882de07d7f57a00ae33e59d8cca73,1720408737.4393313
NCBI831,3ccf46cae793ee9c03ba3b3eade073a36b3abf8bd182abeb7d9c9b2d1071abe4,8b42ca7f80bc475644ac9a520bba7b9cccbce10d,399775ea192553530a3686699cb5b9ea2c4b9d26fad9d3a1b64d90ebc99f21ff,1720408737.5774877
NCBI832,099bb55edc648f983a98fb115599263249dd2d39ff3cdc403208f30ed5a43248,8b42ca7f80bc475644ac9a520bba7b9cccbce10d,d928e679d8ddaf83376c19b5f6d20a7a2e71bb310b7efb950514775683045508,1720408737.5096462
NCBI833,06801671d6b0ec3b08ca272b58ef1a3adb55c58894449e4f7660352e1184f0d0,8b42ca7f80bc475644ac9a520bba7b9cccbce10d,6c55ccc57e5c17422819c07b251c8678cf2593d0e3e70d5af89bbe1779aa134c,1720408737.708963
NCBI834,d53b9e3a38471ff408c54745b40632316f2f5095aa1bf0d627b1b3ad14a71a98,8b42ca7f80bc475644ac9a520bba7b9cccbce10d,72df87eae25822237d323b1d6cd3be1718781089c6a48c2e1fac9d4b5ca9feac,1720408737.8328702
NCBI835,3f5de6c3b6a0d88c7a23c45c610f7d2c9372dcec8c46b4da8c80391febea407d,8b42ca7f80bc475644ac9a520bba7b9cccbce10d,c21d8de1ba29ec7805f2707225a506c2f21c015e650316354217027818b50d6a,1720408737.8679707
NCBI836,c7bfa23b6373eb318855d0b55026b62c62eb2765061b846f8b82be5b4541be0f,8b42ca7f80bc475644ac9a520bba7b9cccbce10d,81fb893fe6ae1b4b5a136db545b9376111732b494629a420932be690e987a90e,1720408737.8729696
NCBI837,5b7edf81ad4c20296b396296b847df87da712a27b52263321681f7dc0ca942a3,8b42ca7f80bc475644ac9a520bba7b9cccbce10d,54bc5833eb12b6f500bea6e56c2117977babd0411bb3170db24b07a636fb6912,1720408737.9101408
NCBI838,82adda9732cd4bc7e6b08a621882b42889a783eb63a5f2f4fb075c81617d8b3d,8b42ca7f80bc475644ac9a520bba7b9cccbce10d,d4395dc1ce86550629fe86818e62a64655d60c919c199a83d0d29a854ee4c304,1720408737.8841326
NCBI839,58eacdaef7bb0e520c4140303c6eeb9d71d422dc751bfe754c64a816876c41af,8b42ca7f80bc475644ac9a520bba7b9cccbce10d,a81b436fbffcda4393832b5d30e1e1666ace7b655da60173731b184aba9c9deb,1720408737.9477751
NCBI840,55edb09fe193ab460b339879e34e2fa9e85e889c1a7610a4dc6b74802c096f7c,8b42ca7f80bc475644ac9a520bba7b9cccbce10d,1328aee92b7e8b4ce03920e46efb6f201cca3e61d95e606cb2c1401fa5619acc,1720408738.0728416
NCBI841,854f64a6066fde53ee1aad9c65c71f021b468ec60ad3659d586f2ef0001301fc,8b42ca7f80bc475644ac9a520bba7b9cccbce10d,75489570e6f79e2ed849d91dd5b8d96fd23673f74ba25ad0fac265eacd1a49c9,1720408738.1530719
NCBI842,d577a6ddc975fb30ea681ba0c0ef88aa9f0d95fb652e0cc650fa95fd7d9e8a4b,8b42ca7f80bc475644ac9a520bba7b9cccbce10d,9cfe9728ed706ff6b7c25322e49f5265cc5debd9594750bfa872bc1aa65f42f0,1720408738.3375242
NCBI843,a501620e0d5e2880e5b4473b76144fb662114fe2b3d6727a5b100537634da3df,8b42ca7f80bc475644ac9a520bba7b9cccbce10d,9d87dd5ccafb8f2bb9be98c7fb75aeffaf3018f2f72489750e5fe3597564748a,1720408738.3064463
NCBI844,08fe41dd7171f861a901930daec51084a56010c4990e5a729add858e1d0e5735,8b42ca7f80bc475644ac9a520bba7b9cccbce10d,dd1c481338754003b3264eefd672f37e8db673d327ecb6031eb26a258cc550f6,1720408738.320444
NCBI855,e533ac001977697b73907ef905224b6de2dcdb5003745ae7fb2537153e2259dd,8b42ca7f80bc475644ac9a520bba7b9cccbce10d,cf865f38726dcf9436b5b7452c37ec564d133c8e0557aa10da28ae7e22b7e61d,1720408738.3531609
NCBI97,d3a3a6a86f4ce502931eff720f915d3584baa765713e41a1d1f3c2ec90609f61,8b42ca7f80bc475644ac9a520bba7b9cccbce10d,70e6214ff5d2969b373366757c63994208d9ade996ada3e8c75becf3f0018738,1720408738.6057482
NCBI98,3640e8f34a83dabefd974534eb1176e9edbbebec0a776b2cf046852b5bf7e79f,8b42ca7f80bc475644ac9a520bba7b9cccbce10d,fcddc5b8cd32d939236c021d793304e0f0138b24129975b1efda808c167cb8bd,1720408738.591855
NCBI99,0bdd45d862c66498ab16deac7206c632caefdcdce21411158cb2a86a901e28da,8b42ca7f80bc475644ac9a520bba7b9cccbce10d,f33def0e33e0449aba7eef33bb2518c336ec1f1ef3e85cd726d071976c5168de,1720408738.7506304
SPA0,f84760ee3f08755df742d6bbe37adea39bc06bd8a967d03ff1a5be69c76c4b62,8b42ca7f80bc475644ac9a520bba7b9cccbce10d,9887e5c4994c939cc31e9b76ab33a34f3cd4ba412762c8e90b81bc47d97efc43,1720408738.7536306
SPA1,0181463fc63b97dcd82a1179b017cb6b5fc644eddce06f7e295b4401f06411de,8b42ca7f80bc475644ac9a520bba7b9cccbce10d,f5003788fb838af896afed87740402d6f14b3ac87782a76685f7b9c714e36b0e,1720408738.75663
SPA10,bc3edde14e004255b15feec6995be00bd348f54a998f7bf9ac2ebfd19824cf29,8b42ca7f80bc475644ac9a520bba7b9cccbce10d,f1defadab89a5dd10b761015e436df244a56ddb5f0ca26e2b804675412dc0be5,1720408738.8369565
SPA100,3e73ad9b1352569c3a4570cd301df995fce1ed8e733caf2139844c8b12a76e9d,8b42ca7f80bc475644ac9a520bba7b9cccbce10d,7818dac073cff853ae4c42a72793232ececb5ebf1fd7d7924b3949901b843859,1720408738.7898083
SPA102,09b142cceff478505fe937e62b98670cd54055308fd62c2e2ce759fa83f7050a,8b42ca7f80bc475644ac9a520bba7b9cccbce10d,2fc6592965cd58b7dcd284e1717ea8789c66125526ab27e1306c7f2399c7fac2,1720408739.0234213
SPA103,b22af1ac692844471e72de3fc7812433b973866398aa9f14facaf0a80b79bd5f,8b42ca7f80bc475644ac9a520bba7b9cccbce10d,bf6fa542a3c72c7d838e500b31c814c0ed717ae2f06294fc3730f1f4a90b10e1,1720408739.1636248
SPA104,97934f8898523b60e83e0801ae1f55a9688ee386302277c75b70dd189e48ef8c,8b42ca7f80bc475644ac9a520bba7b9cccbce10d,84892838be03772a40af1d76185b4d706d172659ffe2907a2dec0aedc456fadf,1720408739.215245
SPA105,1c8e1b6ec2451e2a828470b889d8808df52e7ff10e651a5eef2ca38c2a457cd7,8b42ca7f80bc475644ac9a520bba7b9cccbce10d,2857eb446a593ef66dabb7cfad2d32f017a463b6d09b2469ab1111a913fd68c6,1720408739.2011223
SPA106,754a42fce7aaf33f54f6ef6256603321538b0a538cb5b4c73d07fe94cbeaba54,8b42ca7f80bc475644ac9a520bba7b9cccbce10d,48ffe678df7f7e46691c25ee3a3546f484c5dbfb86e142a544f7b0d7f9ef183b,1720408739.2071228
SPA107,454494c3851496a71cc7ae09a595a21cea27aabf64c704bdefc816dede83e3e7,8b42ca7f80bc475644ac9a520bba7b9cccbce10d,1bac7efb04e2e18eeca4fafa23bd48805fbe23bbf51d0dc511f7e887d04c424f,1720408739.2410004
SPA108,b3e465eb976d25547b7d7773d2cacd204cc86222d9c18fd45230ba57bd18cf80,8b42ca7f80bc475644ac9a520bba7b9cccbce10d,98ace06ec306d94c0631b21704213a84267056e3a1f074515f4d9c6a8187a005,1720408739.2450027
SPA109,15142292759a8e54f9a3dfd9c6ac90e7edf1f1df16df93cb53dea5d940c46775,8b42ca7f80bc475644ac9a520bba7b9cccbce10d,5b4d4128378168ab1834fbd368628bd8a55761fabfa08b230058b8be042a50d6,1720408739.3661873
SPA11,37647f97b11bc064f5c863f76a54d25a548a5ecd9698935ca5f9f11422a23614,8b42ca7f80bc475644ac9a520bba7b9cccbce10d,37a5e52f3862b9a7019811695082be1c42ccf3d7ab5ececf258c06fe76243a55,1720408739.4581656
SPA110,1765384de68df78344df0cccf7425f95e94937e6da54427bc675024602e96c21,8b42ca7f80bc475644ac9a520bba7b9cccbce10d,993437897d03e94cd1db575d99747805a9871e3ea67e7e219f34cf6f1513f8a4,1720408739.677922
SPA111,a48ccfb325689e4982b1e2b7ebe23e43e22acad48a1f6fd68f8fcedda3ad9943,8b42ca7f80bc475644ac9a520bba7b9cccbce10d,fbe0b0db872be4c013072e18914dcb32cbb639096a413b31d9d765317447ffd6,1720408739.6403022
SPA112,d6df47339a442eae5c75f9960fca26441e6d7379226d3c8426cbe143b4dc5ef1,8b42ca7f80bc475644ac9a520bba7b9cccbce10d,2fd1dd65b74d6183e9e2dcffdedc8413957ec7a789dbddd9e38decb7bfe34278,1720408739.6373036
SPA113,5396f7d3989eea15ab03c43cb89d0ef9049e6d2dc12fd27776ded64a88f807f0,8b42ca7f80bc475644ac9a520bba7b9cccbce10d,8144fc3b75ec08a5892b2cfb0ac0c9990a219bbe960475a4175ccaee171b4cf2,1720408739.655656
SPA114,dc8ca43e387f867e64e70687cf1ae378b93e69cd74ad080dca7cefc8668e3851,8b42ca7f80bc475644ac9a520bba7b9cccbce10d,4c343af633ee4164595192b79dcaa23310c4970dfde6d99ca8f12832abf49c2c,1720408739.681922
SPA115,cb2c5d97795dfe6171eeb8d43cf066f22d832e1fc5e41c154dc2c7c527393f7b,8b42ca7f80bc475644ac9a520bba7b9cccbce10d,bbe117de62b5d84677835fa6fb117b87e4428a1cdce4876e260d9097bd550046,1720408739.6859221
SPA116,7edeb40da778e6a8905db332f83804fadf07375fcb1432369bcf44a3dc764831,8b42ca7f80bc475644ac9a520bba7b9cccbce10d,5d5acf7ef795cb3fdf6ea0d5aa56c44d3b65ce643bd324c4b0bdbaca855de85b,1720408739.8639584
SPA118,df9326399868009fc8f01bfd62e33ec304d97d1f02e1d72da349fd6a4a638315,8b42ca7f80bc475644ac9a520bba7b9cccbce10d,0bf49150702787188def51db7c540e00243849e6c8df91fa08c565cbbcb5e7de,1720408740.0608766
SPA119,4e2fd70bf7c6680978f3b5ba41b17d571e1d0c7459d6f8da052924829e059e5e,8b42ca7f80bc475644ac9a520bba7b9cccbce10d,bf998349590a3459ca7ac62f59c6b60d474f62ea21f331071619593abca3f113,1720408740.0728774
SPA12,343b71ffc1c8923adb5ba797f8aaac3c3174d344ad200f9bade11e633fc41846,8b42ca7f80bc475644ac9a520bba7b9cccbce10d,fdc55c6c93eafd1fdd38c3e9f1e0c757abb4340ca282d163f85d10732c688c65,1720408740.1036274
SPA120,2caf2d99d7d666a9e4a9b9e549525b259c1243492027303e163f5197fb6a35eb,8b42ca7f80bc475644ac9a520bba7b9cccbce10d,a7c9082aa294d21f651b04fda5b99ffabbff1360d27f557ef37db43c6f13f856,1720408740.2898731
SPA122,0f5edc3009d1af3bda74fbba1c21397584c8bf2aa25150dff89e0273af94bad0,8b42ca7f80bc475644ac9a520bba7b9cccbce10d,9a6cfe5c0f82048644eceeed01aa7c1d0ebe04bbd6427c10588bd7b8e6e81e1e,1720408740.1186354
SPA123,ac20f1de948ddd7c214e28cad266fb1fd598b492de6fa565b786e96eedfef90c,8b42ca7f80bc475644ac9a520bba7b9cccbce10d,4e6d02ad2054bc7b4288908017ab80d5dd39a1a591c49ff946358d604e59f8ec,1720408740.362666
SPA124,ed313f8945ffb01745a7208d4ee82adc3e94e72ecea6e50398e351181e17fd98,8b42ca7f80bc475644ac9a520bba7b9cccbce10d,4aa746ba7d7a773f50479bfc82ff6e182f895ce336170417a66b5953697df1f2,1720408740.3296597
SPA125,a4ca1cc5e80cf348e116ebb0abaf34e3c43714411089b71a6b05e175577edd95,8b42ca7f80bc475644ac9a520bba7b9cccbce10d,0c03c81ec5af3e40e930d8275b5649db51412fb121536949415962b8da56ec98,1720408740.5032532
SPA128,bfa492866374926e3ae0f4c3f759f9d6c1979e1dfd1602dc136487d47fff06d5,8b42ca7f80bc475644ac9a520bba7b9cccbce10d,36b2046b06a994555262477608141382456a6ad42b62f019fc22eeebd2aac18b,1720408740.5486097
SPA129,76763a2e85fa1c7cd4b506c5bc0277e10d67440a2012f5ab41d66ef0856656ba,8b42ca7f80bc475644ac9a520bba7b9cccbce10d,7ea5b352f8405d3660db8b2f2b9530070fc6d2f4b98b9d48a87a915af4031807,1720408740.564586
SPA13,72e6f810eeb62ced235422fe4e70f534e4b48b253b37876d550b3ee74be4aec6,8b42ca7f80bc475644ac9a520bba7b9cccbce10d,1ad27dc8a5124e07357c1a428cd21240181f7e895b0f53c96c50efed6a779d6c,1720408740.8017092
SPA130,78db6dd9fbe5a3af84423990580471e73b771ecca2160f488f114455e7bc99c1,8b42ca7f80bc475644ac9a520bba7b9cccbce10d,5bf3b731aaef98bb65ed1b1c77ade6b474baf3a0ed58bf7063bb0c7630c0ffea,1720408740.7689133
SPA131,7635dda1f29e279779297932c8ae89a707682ee279ebb3c77b003dca1a7c9621,8b42ca7f80bc475644ac9a520bba7b9cccbce10d,46872dd897f9a05f1f4207b6de1650a71d285db4967c9bf668ca9acef4fc89b7,1720408740.8716085
SPA133,767ec11a91229d6231d0298216a63568b6d73d9b7017dd815c16be3a5392e746,8b42ca7f80bc475644ac9a520bba7b9cccbce10d,90aa7d5f0e1e3b76c88cb025cc46f39a74a1204c2cdb27b1a9cb9c156548a835,1720408740.9374323
SPA134,7547f30b0dffe6e6ef3bd606fc2c3dd5996f83ffd6ffa7a414e2f1bd88ee8d54,8b42ca7f80bc475644ac9a520bba7b9cccbce10d,46b54fda338846168640ccf1f7e0c3d5adf6361ad48344569f1ca9b6903b96e5,1720408741.037569
SPA135,b8b5477054848b90a7960635e1cc9ccee329dfe9733a22632d687b95aee65fe6,8b42ca7f80bc475644ac9a520bba7b9cccbce10d,0b7846697bae2c3c924166fd692bed1807b6b45289c30475d45274e29edd8712,1720408740.9902644
SPA136,f2145d7714b844823adf6f08b4c776ebdfba445693180e47851aad5b73a63296,8b42ca7f80bc475644ac9a520bba7b9cccbce10d,65046083b9224e90c79b66b80d0f2223da342e04c84547e84eebaab0b3da2185,1720408741.0022645
SPA137,de9852e9a5f7b29df348fb7ab2bd254b6e1ca4b5adb563cb5279ac0bc35fc9d6,8b42ca7f80bc475644ac9a520bba7b9cccbce10d,aa6d2a721a214987b159c2bffe28e828647fed73f24d702355e9a83e48a1625f,1720408741.2149494
SPA138,7bb12cd99b7dca9cc78a46bcec67e2bc406bdd6d9636a5527b825c8f188388ce,8b42ca7f80bc475644ac9a520bba7b9cccbce10d,09436629a9729e879320b6ad90f8fff0a8cd81dd9ec49ce0b89c46438d9f4281,1720408741.3019562
SPA139,7045427a38a54e190326b3efb26011e69e78b60f3ff2c1c7a9a5e4fe53f58a67,8b42ca7f80bc475644ac9a520bba7b9cccbce10d,9c4392948a0e264b031d62c62960e1d7385601988d6eb9bb7eb5bbbc08edb1ac,1720408741.3788707
SPA14,814451bbd5b239436cf20e58afa700c4cac33095d27b10d787791a3a38cc4588,8b42ca7f80bc475644ac9a520bba7b9cccbce10d,77e5069d5cc678d2b0fd8b4721537aefa4882973f91a4fbba0b6960831d656c2,1720408741.3741715
SPA140,d1070d7aeccdd23999fa6be1421797d63b20427654293a72bb0f8937ab6dba64,8b42ca7f80bc475644ac9a520bba7b9cccbce10d,05d08fcdfa22a1a7aabaecffc70ceede7fd4b2df475e1c8c80659b422d1a641e,1720408741.4247463
SPA141,c5360f4656ab9ea3aacae9dab683c48287bb82cdc4f2a37a91f4b9186beaaa35,8b42ca7f80bc475644ac9a520bba7b9cccbce10d,e32099e190596463f8a0d0046c9b9f00e2e79b22fdd6b4914be0ca3227bd6e65,1720408741.4359016
SPA142,8173b35e22c422bf847db50bd35e8e57e38615b320493e2b05c24de7ae4a8dfd,8b42ca7f80bc475644ac9a520bba7b9cccbce10d,c88b1a43eade6a0ee8ea3b66ac1d074a312e7c6af08bcbf4e812b6abf9db6b9b,1720408741.4519007
SPA143,dbc404d7069660601d9ec0e74320ae1215242ccb55c07b4aa0a7985c43b0cfdb,8b42ca7f80bc475644ac9a520bba7b9cccbce10d,3691fc73a24d09d78668683dc9fa9aae4dd221d68f99960e143933d1914d1777,1720408741.7763343
SPA145,711b22bab2d6a82b289d827316451d1b609878a0db93d202860df74f1ced0c00,8b42ca7f80bc475644ac9a520bba7b9cccbce10d,5ebd79582a08baa980c30952842bd5628d257fe9dd1ec8c5f222e600adeb9d2c,1720408741.8073432
SPA146,cd97c5e3d1ee49c56d4cf5db741abea1285a430f7e1352e66ff83440cce22ed0,8b42ca7f80bc475644ac9a520bba7b9cccbce10d,2aef5e56bfe5909220911ccbb83d764b21936cd7c958708007afa65112192511,1720408741.8103476
SPA147,b7e0a998a0ba8c3952b0c95895f98c99370031d9490995ea66296889f777d531,8b42ca7f80bc475644ac9a520bba7b9cccbce10d,2dee1c6d88710353d5eb4e1606b346ce906a97776f98d569335352323b2798b8,1720408741.8763058
SPA148,370418e13a2f6747a55bfbe8c801e2bd26ea2f1932853cf8e334ed50df452ccf,8b42ca7f80bc475644ac9a520bba7b9cccbce10d,3d17c05959acb166e8cdd4363d4d113d6b194d303413c94f3d372a68266a5ca2,1720408741.858274
SPA149,07902fda43716907f81a0815727ef4eb666881858abb43de5133c25bd731ff6d,8b42ca7f80bc475644ac9a520bba7b9cccbce10d,cb8f64a201011a1eb3fcbdc35cc91428972adbec6d425770d527e4b56df450d8,1720408741.8733046
SPA15,7c4699d0cf1ae610d0ca2d51d92e50e8085598c9ce380c1932798f52d2b2fdf3,8b42ca7f80bc475644ac9a520bba7b9cccbce10d,02f60ba8f640d51de888d633bad161fcf3a0bc43f3d1f269194489dfa0af56c6,1720408741.937476
SPA150,2151379e2cc08b35a708e812a5a64280fc6d109e67b03349968c4cfa07ef6163,8b42ca7f80bc475644ac9a520bba7b9cccbce10d,c1ad47f7145d4394c1fe1cf19ba92849e82e1e08e28a000cfcb93156a64072a2,1720408742.0799437
SPA151,0133ec2dd4a67edd5a706ddb0c65310175bff2a3a7ecf4dec0ec726676c9977f,8b42ca7f80bc475644ac9a520bba7b9cccbce10d,87466597c07fdac06c94fb22ac5fc20b1511ca94cdf29db99caf625e85373b9d,1720408742.2328959
SPA152,20efc2fec9d265b08937460490dfe9e3bce716f75161da3c00ca143a58c18195,8b42ca7f80bc475644ac9a520bba7b9cccbce10d,6130135829377df4b3ac85096dd7a63147ff81d89782273b12e6ce0cb23d07e5,1720408742.3182366
SPA153,27fe7a7888f229e45d3d8d17207e467d93972b8841461153df806eb1f2705abe,8b42ca7f80bc475644ac9a520bba7b9cccbce10d,b37b0ec7e1951c065f686d0843b43a057f3eaf7f2219e1c2a11e10eaf9f4cccf,1720408742.2458954
SPA154,d52049b2d31df037ea27a58b4e94b115c3e9c33e35314b4cf004dfe34159179f,8b42ca7f80bc475644ac9a520bba7b9cccbce10d,1bdfa541258dc76ac4e56158129bc3f32f4bcf70969613c1bd9883f5ca9f9e8c,1720408742.301108
SPA2,641978878c906458db39e752e690443de61fcd72f43f03f5cd01ad3c34068964,8b42ca7f80bc475644ac9a520bba7b9cccbce10d,bdac405a97093bb17df315aa72a1b619f73cc7a43e36293b479cab9b8d794022,1720408742.326236
SPA3,a05de105f92fd9d8b3852b8064a2a0bbb0713a12197973cd7ba0c306f3d1a4c0,8b42ca7f80bc475644ac9a520bba7b9cccbce10d,0868657362c03dbc4346fefe1e220993bcc7d70148339d4bdaaa79bed51bb4db,1720408742.3836024
SPA30,a574a9d26b22b88a360d5e982866b65463cdd8f0adfc84e80df8a974cb6305a7,8b42ca7f80bc475644ac9a520bba7b9cccbce10d,1753a1ca149280980f84907a69f00bd5e2b59af61036e2a272d74c42c562c6ba,1720408742.36253
SPA32,92dd4c7474eadc35edc7002a0f9ee47455b63c0221b1e5a075b74b9f0bf86f40,8b42ca7f80bc475644ac9a520bba7b9cccbce10d,cc0b663ffee8b34a9e51938612d4a062ff4d2159632b053e0ac1cea23048c2de,1720408742.892185
SPA33,2129c75c391b1b8beb034bc8f6803d29e9480f1367fdaec7db8459d89e0d9082,8b42ca7f80bc475644ac9a520bba7b9cccbce10d,a48faaf4fc56f9d088135736f2e075aae410757cb590dda99b52122185a05799,1720408742.8911836
SPA34,ff24c2c0ed5d40dfb1c3437a3efb6bb3b72b144556e79ddf8582e8c154176d23,8b42ca7f80bc475644ac9a520bba7b9cccbce10d,aa08bf55b41159f3803c9180e9e41677d32756d2b511da8a514e91cc94645429,1720408742.7344246
SPA36,d17408de82356e1bcf0df06ad5472fdba20f87e96d8b2143d988de5df135ed5c,8b42ca7f80bc475644ac9a520bba7b9cccbce10d,e91b5878d7af441073a90b9a1d8a800cbf955f1fb42f5aff1bbbfcf06313e9e2,1720408742.899183
SPA37,fe7afce458e69da10d42f3a4c2fc36908a460156455c7baf15a6da2153648a9f,8b42ca7f80bc475644ac9a520bba7b9cccbce10d,7fe6e43b93d513a31f45c88bd6aba61425901dbf6eba4541f7ff312d45d9b565,1720408742.9193833
SPA38,987ed55dd5121e98fd948c5c6d6e5ece207c740f2f447d9a18a02c19db0be6d6,8b42ca7f80bc475644ac9a520bba7b9cccbce10d,c9f0dad9f52188c9f14dfb62e676b19417cf19e44a5c599a34a748525ade8cd4,1720408742.886185
SPA39,d0f78ac949f9322fa23e008e8e2425c5cb8f27b65dc935855c80791189bd6168,8b42ca7f80bc475644ac9a520bba7b9cccbce10d,a400efafad51d27421b732f98659c42364d268aea1fdd56bd2107d0e5e52d786,1720408743.05858
SPA4,0f04324613033c3a37f1b631c51a069fccb11fcb64726d0a862fbf0b7e2c73ba,8b42ca7f80bc475644ac9a520bba7b9cccbce10d,d2a0a0fc34099104aba62e22510051865e561d296d0f09c1b400ca4f851f9c7d,1720408743.169585
SPA40,8f1cb6b1d6d17ce3c9aa8215e6f814624bb732ce2c656dc258f1424fbc26ab37,8b42ca7f80bc475644ac9a520bba7b9cccbce10d,49496010a20625909f5e0040d666dbc839ba2cdabf47e8e3623431a6a2d69e53,1720408743.3153582
SPA41,62a9a3cd2400c560483bbe5e7eb508abcebd4e8c07462b761a4e9fdad46b26dc,8b42ca7f80bc475644ac9a520bba7b9cccbce10d,29ec24f06120b1b873de341c67473a8c5c6cc248f0324a68cd5980609180ff8f,1720408743.3890233
SPA42,fe2b498fa565366a3f6f3b03e0eecfd46c4f82fcbff8a68e8d116ee0f5ef4057,8b42ca7f80bc475644ac9a520bba7b9cccbce10d,97c4df5c386b7238f143127ef2c2003ea82ace9925614afb42e7a41d4eea89de,1720408743.325356
SPA43,573a0724bd56902554865112119b2cae0087c60d6fd68aeb364fa82390d404d3,8b42ca7f80bc475644ac9a520bba7b9cccbce10d,30447c82ae02be3dc36ba1d64f7dd9794b3ca35ea765b7b8224fc25e72c29314,1720408743.7295587
SPA44,0707aa6a7818e5b45da60673e97740157d8cfb8d3efd0623fedba4cd5d49926a,8b42ca7f80bc475644ac9a520bba7b9cccbce10d,1f5fb47ec47adbdad4a8f7545f5836cae3021cba3b8407cacaf0b2e0f71762f5,1720408743.3303561
SPA45,2cf5bec4e00d7fa229861f1d89f945990b963dee5f804d6fb4cb8df14269c743,8b42ca7f80bc475644ac9a520bba7b9cccbce10d,0ae12bc860a6105e4be92041872f677ac551c2a070b62bf0f0fd1d9c6d193404,1720408743.344476
SPA46,111490355d97215659e49676e402aae8908bef4fe49fb3dd0e58156ecfff250f,8b42ca7f80bc475644ac9a520bba7b9cccbce10d,ba274cc68da2f02cf7e15efff470d62485002645c506dcae0dd6bf037797892d,1720408743.4886947
SPA47,0f39d63c260a8c956d270e11f533e8359f1d8130132df781c7e46aacc42d956e,8b42ca7f80bc475644ac9a520bba7b9cccbce10d,43b06331157f6714022dd2ae03c94de20f26f553ee78a883372c40dd97fc3c30,1720408743.5950124
SPA48,f631c244d08ff8bb09889921e818c87b2200be78001b5adfb6ce3bd89609a456,8b42ca7f80bc475644ac9a520bba7b9cccbce10d,56c7c889ed07ea9a217b2d93c2ad316948ac08b81530530c304ebb7961d565f6,1720408743.8106258
SPA5,7c18bf8f2c02a10fd5155a05b17215a40c0c95a1495bd6b7e458e3b9313f459f,8b42ca7f80bc475644ac9a520bba7b9cccbce10d,4a878592402b4d9317f842cd072062a94e96ddc4953cbe7963f1ca0c0d9b8e9e,1720408743.75758
SPA51,15969cac61de022cf2d73c7017354a65339c9fa2e1c562b808f0cf74e7914cb1,8b42ca7f80bc475644ac9a520bba7b9cccbce10d,19179b87d1aad844c9ee25cc8659b310b3e0525e88e3e49ccc71ab4b56a6db40,1720408743.7685814
SPA52,6a48a8fc67f7d153d8cf133456b956ab937a62b4c5baf49b74fdee4da4970a42,8b42ca7f80bc475644ac9a520bba7b9cccbce10d,f197ff7bc53729a24f5d0e1239fe22ebcc457e97e53ff7c4c18784366d4dcd1b,1720408743.7755826
SPA53,272c3af694d3b645eeef3cc00c17edfab4556c308afc80afe9c56d5878348a58,8b42ca7f80bc475644ac9a520bba7b9cccbce10d,4d2bd0a1ffdff5ef6b984c08b434ada290239d2cccb3dc0fa45f11f5e06e575b,1720408743.8853984
SPA55,5b88812dc8df82ee5321aa7d0ea0ddb592c115640c33a0510cf58dd27d8407a2,8b42ca7f80bc475644ac9a520bba7b9cccbce10d,f987950c1bc6a8a936d34c8688f462d0ece75b2219a02a370ce6d238e1956652,1720408744.0722098
SPA56,5a05f306b2ec663309a33c97415fab065e81a7eea42f3afd784b4fcf5452c241,8b42ca7f80bc475644ac9a520bba7b9cccbce10d,f772c90fc4d4fccabcb69e5de597d3671c783aa34667bf44709724c861809b30,1720408744.170976
SPA57,1818a414245b53e1136c29681dbc31fe944deae721ba08924389da558c3a9bd2,8b42ca7f80bc475644ac9a520bba7b9cccbce10d,8ccc6d2f851bcbb2004fcc060a67333943f4a331393713eb5eadc64fbb19ec5b,1720408744.1960351
SPA58,0d86d371c4f50eaa09f00628114d231fb170601f9b772b285a16d94dc0661b97,8b42ca7f80bc475644ac9a520bba7b9cccbce10d,d74cb550e659857f601ec4c7e86725e7f97eff3fdc625fb25088f446014dee8f,1720408744.2010353
SPA59,478bb670fec7937f8b3452cfe17832e159cff81c1789faf77033a141bef926ec,8b42ca7f80bc475644ac9a520bba7b9cccbce10d,a87a3ddb605d15e56ffb6631c16cb60fd85922ce86c194889b58d72597bd64b6,1720408744.4970875
SPA6,d879eee474e69deaaa044cd6f28e3b1e837cbe08d2efe76bf0c8933db6ff8d60,8b42ca7f80bc475644ac9a520bba7b9cccbce10d,7acfb7997ddb8ed3bc2a13731622204866d62ea50b7c91bd4ea7a64567d8464a,1720408744.335292
SPA60,117090dd092deaecc1779fdbe8c6afc6b590b8be832b33e8a2c6c2aafcf16818,8b42ca7f80bc475644ac9a520bba7b9cccbce10d,1cdc20178eb93b32b276097af1955f2633b122ebb5844c984e4cb272a621a8f8,1720408744.3930542
SPA62,bc24722dea6a4ea54d993e7beefee2aed08594c76a7489ba0fb3bd65bcce8738,8b42ca7f80bc475644ac9a520bba7b9cccbce10d,8046eb2f2c60dd3a8945d2dce834c2cc7e2ee9af67962316ac50421d1e87a1f0,1720408744.5296063
SPA63,55fc1ca7f910e52ed0b6ce6fcfdb928adf13cd7b48b84f329431f776801a77ac,8b42ca7f80bc475644ac9a520bba7b9cccbce10d,c766aabccb08c5cb78703527631b322b76afe011828736b1d123747785ff8224,1720408744.6086192
SPA64,67f53a1cdd91f1d7a7d06633b9d51fa166760ea7925f243bfef928147b33b1b1,8b42ca7f80bc475644ac9a520bba7b9cccbce10d,0fa3791b464aa51d2a2b7da1db2af1d21a8d1ef4e75599471d43f92f3ba87038,1720408744.6352158
SPA65,6fd63ad92e1b2f323e078bcfaf88da30daade7469bdcb0a5bf6664b49513acd7,8b42ca7f80bc475644ac9a520bba7b9cccbce10d,aed1310e4f4c4748e604d873aa9a0426322ed4ca7aa30465957a216309ef580b,1720408744.642274
SPA66,1140ea4df093bf174314ebb249637673522a7fb93b6b4a3fc2a61fb5e2d8700d,8b42ca7f80bc475644ac9a520bba7b9cccbce10d,053a6a05ac469ba424c8b89cba42dfc5418fda8cf35dbbcfb321e052552bcf54,1720408744.83188
SPA67,7cb2445bcba152d6c8c162ac7d7b845c48b44793d0e0b3d59e98d8a34028f78a,8b42ca7f80bc475644ac9a520bba7b9cccbce10d,70356b964dad40f203f8ee06dc32771475ad110e7bc35108e0f20df8bce38cef,1720408744.7908678
SPA68,60c155a02958dbd1c349bc41a470c7e9af7a606f284d739c1209ae860555ae1f,8b42ca7f80bc475644ac9a520bba7b9cccbce10d,97147579d188a7f4de8c8670a12c2803d0825beecb30f43b1bc4aa0d70d8eaf1,1720408744.8953085
SPA69,b4a1a0226c1421d711d90502400c4023818e2f934c0493b067387414412966db,8b42ca7f80bc475644ac9a520bba7b9cccbce10d,0f71fd27a8a44aa7521e8e22b4ff97e5e42250f2723a5909d5cead9929eb3d35,1720408744.93727
SPA7,69d3033c3a5cdc8faa4065618940c8fecfd970b5dc6082b0a58f1d33605af684,8b42ca7f80bc475644ac9a520bba7b9cccbce10d,115867758b419450a64d4a9c26caeb4522a57f8bb143ac0920f3e74ac1be58aa,1720408744.9708571
SPA70,3e9337afbb02173e569f86ba7a0c3f586bb936f8a95b66e057f9b40ad2aaf4a8,8b42ca7f80bc475644ac9a520bba7b9cccbce10d,b9ce30939e0e951d8434ab85616b10b520ae50a007914b29dae989e43fe80b3d,1720408745.0486252
SPA71,67fda04eb363e44a12e8f5ffbc46f4fd82b0518981ce47c4f2544708414e1fa0,8b42ca7f80bc475644ac9a520bba7b9cccbce10d,c87cb7b19def9097e5e7f17d22ec715489e4768025965af1ec6c1c25febed339,1720408745.0860548
SPA72,994eb31b3912bf477cf3ebf35fe2988eb1457e67b30ef6dcc693e8f5d0db1e5e,8b42ca7f80bc475644ac9a520bba7b9cccbce10d,9b6a81ce0598d5169f828cf68c7fbb4b10178fc29fc5b1c4939391f6daea2871,1720408745.0831263
SPA73,b9c917095f639dc11a4958dda82bb72e492a70a76f298784b8b3100fe24d99df,8b42ca7f80bc475644ac9a520bba7b9cccbce10d,c8cfaa8f5cc01712aeafb9fab9de0f89bedb0ddd3da9bbd8e7fa32ce40cda546,1720408745.2245836
SPA74,10a46d13ba7c1a03b1b6576c5b740cfe9cabdef6c581cd05276cccf1a3a26889,8b42ca7f80bc475644ac9a520bba7b9cccbce10d,b8ad098755407f38926f07bbe3bdf18e2bcffa2a3d76cf53fdb9c43346915f9e,1720408745.3361788
SPA75,3f7ed9223aa05193cb8a7ffd1ec97ced78a72abdde63bb36796d53ba4062ecab,8b42ca7f80bc475644ac9a520bba7b9cccbce10d,e13cab8bac4ca99cac75a1e55d55369944aa63060406745834c4f6d9350b1ebd,1720408745.3969865
SPA77,a51c483358bf1c0568b5c54df198b1c1d3c63c52feb99e9d6017221e43226438,8b42ca7f80bc475644ac9a520bba7b9cccbce10d,ab992777eb37489ac2336b85e7d0842b5c4488d020c7edd2a40b4cf6b8c56c8a,1720408745.4085753
SPA78,1df73400ef0b02480b6c911385b08cdd9bdee04c9bcdcb38307ce0b2da92baf1,8b42ca7f80bc475644ac9a520bba7b9cccbce10d,03fcf2b0a8ee224ce47f9dbc5698705853dfeb5161f17e991e128ef1190c2498,1720408745.4841847
SPA79,f86e30d83bba44ada05374c1d0f607460cc711dc6d8791dc16ab418677f6e3a3,8b42ca7f80bc475644ac9a520bba7b9cccbce10d,58ce51e694fbebcf952b17e2bce438acf35ebfaac8fcda939e822317d0090117,1720408745.5198767
SPA8,25d7f0968e6f9743c037dd44817c8ea94571d7e439c3cd21b226bd1f551b9ff3,8b42ca7f80bc475644ac9a520bba7b9cccbce10d,782befbf76200d70efbf9a63791824e087bcdb21b6a71022f8d8a55294ad6d6c,1720408745.5278807
SPA80,091d8e0db12f19a346a7350ab0335a6be1fdc2014e9d062f0fa6d78bbbf29666,8b42ca7f80bc475644ac9a520bba7b9cccbce10d,eaf598c1d038e5859b2362a78ad463c55483ea9e0c401d8256ab564c46218d32,1720408745.6523886
SPA81,c8a62ac8106c4cf85331890d5e3311c0864a52725f09c0d3a5d79874b65a5f75,8b42ca7f80bc475644ac9a520bba7b9cccbce10d,9cae95454e7dbfe65490df0b5fbdef0485fbbd224334df62128892cf97723d23,1720408745.8348758
SPA82,d43683d462bfb6f39292349bd4d8a97112797957154b5f729778d8d567922170,8b42ca7f80bc475644ac9a520bba7b9cccbce10d,a4cb68ee066d718f4371d7248801931f6890784044f0634363c1852e334fa7c0,1720408745.8015935
SPA83,f421cfb07e1274930fab38e72eaaf7bed037ebd72aea9595acb0189f6b231651,8b42ca7f80bc475644ac9a520bba7b9cccbce10d,dbcbf8e464a23ce68dfe6df7210da5bb2dc62d9611cd64ad91b5febfdb966ab2,1720408745.8960528
SPA84,ac5b28d63251154698d02d3a64c84869d862825904945b2e9c425e548fc5d2d9,8b42ca7f80bc475644ac9a520bba7b9cccbce10d,a8d8f0509c4b425b5235cd2e4225e41f6310a45e45f633ce723685f09e74a5cd,1720408745.8439617
SPA85,3980e388ae3c4a59f93f7507ab2a5bcde6b9cada536329bd06572e5023c2dd5b,8b42ca7f80bc475644ac9a520bba7b9cccbce10d,ce07c85e8764230043f89bad53aec2e02bd10eea945d5c665004f20a708d1ca7,1720408745.9201021
SPA86,49bff3bb30d1dd0f174adf7ca8a182c0e0727d55fa850c9f26551f6b837c511e,8b42ca7f80bc475644ac9a520bba7b9cccbce10d,a82faddda92b900846f0f078525c2b37871ad390fa036f210469072205e061d4,1720408745.9946144
SPA87,6f0365b98e7eda1ef4b7dd9b40f60ad8aa5a0a2ef6440b1f8b1adadb09396144,8b42ca7f80bc475644ac9a520bba7b9cccbce10d,fa41aefcd60dfe21a68a25336649fc4bea15a043c5b9e1d6b6bade9c1f9ba82e,1720408745.9571757
SPA88,1c1650542bd07ae7f0be934463c304544271f55773a98ac42a2bb9e78174bd3d,8b42ca7f80bc475644ac9a520bba7b9cccbce10d,dbef4542cd6cf1682561a13a7d4575a0e359027c1f47f51f706a52eef1f86700,1720408746.079009
SPA89,498395bd47be3f6cae712c357ac93c6c7539c849b866922bfd44b573ed49adae,8b42ca7f80bc475644ac9a520bba7b9cccbce10d,53fe4885809c3186400414154f2b758c7f419b8cb7ab0dca0710575ea9a55839,1720408746.2401855
SPA9,3620ccf59e58229c93ea7da1b53ec73681999615e2ced66203fc4da267b5358a,8b42ca7f80bc475644ac9a520bba7b9cccbce10d,7a1f7fee0f85f3329047e0f9024eb00afd90ee05835c80ae2078df81fb2ede4a,1720408746.3467035
SPA90,ee8945cccfc430b9ed3b4cb13426578ac119a7c8f3cfa474416bbc6a165d8c5b,8b42ca7f80bc475644ac9a520bba7b9cccbce10d,1c1acd13ae847690fda694cb528be8283d35c56f95116ecd1ca32cec2170c167,1720408746.2819502
SPA91,439fff5363f0b4dd2383e58f52682b4ca3a67b2336655daaac4a89fef022387e,8b42ca7f80bc475644ac9a520bba7b9cccbce10d,f6a523c33d99d39e36cba1915899468f2f859135fe33979460fcc3368b6bdd7e,1720408746.3897223
SPA92,4898c320095b7cbd893183fee917e331bb6c49962c87d17de7b82edb188d2725,8b42ca7f80bc475644ac9a520bba7b9cccbce10d,eb752352d7224b41dc410d6074342ff05c402f97632cf98554cb7086cb042039,1720408746.360708
SPA93,86f8ee613a43979ffe3a75aff25f07eda236db64eb9ecb320b78af8e6be60665,8b42ca7f80bc475644ac9a520bba7b9cccbce10d,5e606b2802e575ef02b18bb4438d074d5dbc74406ee1a9c15a3d7fdf9054aefb,1720408746.3969572
SPA94,39f20b1aa5ef8d4854a03430a30bd7c69f226bf9aad7503f0da36cc47148e1e6,8b42ca7f80bc475644ac9a520bba7b9cccbce10d,feaf9c2a6cfcd1e75c5a61c8abf486cf6a68268716bb732b2be6088a78e6de0d,1720408746.4225185
SPA96,f5511b3fd0f905a4a5fc50cb5119c867bb7259d89dc86bf1f6be1f2e99ed4a21,8b42ca7f80bc475644ac9a520bba7b9cccbce10d,61df21abf49db1f320588e2d6b55532fc106a69ff24fe7a2cbd57e48d71c3c40,1720408746.6726663
SPA97,b285ae0f17d3486c51ebc7daa02cbab923ca5248c5c7ff00f5ffdff5cbe4fc11,8b42ca7f80bc475644ac9a520bba7b9cccbce10d,cb8af7afcab58814b602dba38e57825e47514c73421a217b82164974a26d60f3,1720408746.7277062
SPA98,30ad95dbac22be91537c5a1af24cbdbed33c3afd4b72d1399260174b99d06854,8b42ca7f80bc475644ac9a520bba7b9cccbce10d,676ff7f10ae66b7db84ee1a49f1fc6d68f3aaa35992ca500a6453269df67b9b1,1720408746.8528104
SPA99,b316eef534c275350cbb1e6ba8df098f9ccb064b17547fe95838b1264f9a9da9,8b42ca7f80bc475644ac9a520bba7b9cccbce10d,a765f36ff2ca42373b81bba991065c3acaee6f1c732e9ffa6c531332c72c680a,1720408746.8042147
TENX105,456c03169feff8abe4b7d0d61682a644d41c860dda3b3b06609c4d111fb0be04,8b42ca7f80bc475644ac9a520bba7b9cccbce10d,78b0086b5d4c270c63c8595ab4c09b25218b062071ad899fac82eef9d115a010,1720408746.8894248
TENX106,a4e8d4ff40164eb1e58991365db5b65902cd9b9f721c1c1a2d1744b3d5a273f2,8b42ca7f80bc475644ac9a520bba7b9cccbce10d,26eea3dcdd1278cfd3c8fecea1359a97698e365e2bf8c78418a7db84b40bfda6,1720408746.8222213
TENX110,f10384e0bb96aecc93cba52445e8c4ab3c667221dc501507e650a214d07ef7b8,8b42ca7f80bc475644ac9a520bba7b9cccbce10d,1d6fafcd9b34787e3186308c8ee2ffa0cbb487a6c5b7b150a019f2c274df3300,1720408746.8647368
TENX111,9d36b74b476bb1e09880e41f24e7b2bc2cda87ed25a86752597c37b6f93f00e8,8b42ca7f80bc475644ac9a520bba7b9cccbce10d,7d29a58122b6580d11aa116ebeb16894a089b6df24216a70b98df73b3176fd25,1720408747.10266
TENX114,2db61ab8497b61abcebdb2688d291b1333ba088f555ce33e7016493553f01a8c,8b42ca7f80bc475644ac9a520bba7b9cccbce10d,88202d1a85b5f0aeb0b4bc9e2d8e339f4833e6190c348992093bbc27e7e884b6,1720408747.17283
TENX115,5d9b9f14c910287725ba480b4ba8d105c260d1d2003f67b45802076e8daf6641,8b42ca7f80bc475644ac9a520bba7b9cccbce10d,762291d0285d08c731e81f15d4818440a99d50c60b50f2c2ff58b7cd104f0f22,1720408747.2387865
TENX116,3caa3d0b683d5b4581ef29887d26043520d637fb9955559673a3e6d53005b790,8b42ca7f80bc475644ac9a520bba7b9cccbce10d,32c4059d761a469176aef7994dd4de4644eae7a4b4a1517c4ca63bffcc008e6c,1720408747.284751
TENX117,1893abde6556d6819b9b36008473473792d1340122bfaeb9c2d0a4df2c8a60c8,8b42ca7f80bc475644ac9a520bba7b9cccbce10d,8b70c48d556be8358686f83ee7c5f65d9bba8fd3c544a64686d1da520073fff8,1720408747.2527845
TENX118,78b44fa96f945b241e8fa6d3023d5e98754fbe39dd6a85f040075a7fd29c3de1,8b42ca7f80bc475644ac9a520bba7b9cccbce10d,36b7026375a66b2643471d8a91437a9be862a46b909b9a25db060c9014f34697,1720408747.3408477
TENX119,54f5c7a0c26a7db9cd4b6a6f5731f36b7a8e660488448b20fc01942fcba0373c,8b42ca7f80bc475644ac9a520bba7b9cccbce10d,e40322d6f056aa3d2c0e8a1530a8d352ac6d455923652f64d0784ff75b4d3d45,1720408747.309243
TENX120,7486f6097ba9b76236e7b0572f88c5e8134afaa5c4d21afb879938eab17d1467,8b42ca7f80bc475644ac9a520bba7b9cccbce10d,385b7175209757645803530683e311e54d86d3508b237a92ceba1ba1a63d24aa,1720408747.3917239
TENX121,c4f20d27163a0d214b0eee919002856b0258f396b9494575dbfb42cc37985dcb,8b42ca7f80bc475644ac9a520bba7b9cccbce10d,a3a6b2b50eac3b56ca117cba55ec47e183effbb0ac70a47f017d6f4bc1ebf635,1720408747.5380726
TENX122,643f9b251936db08b62cedd48f7aa9600f159bb0b4bb7db49a1a5ae376a0506c,8b42ca7f80bc475644ac9a520bba7b9cccbce10d,df5ff2f076703f6ecb59c9511a1f2a0348fc886cfb378855dfe2710f173bd2a0,1720408747.611089
TENX123,8556820f1c20a1750de02f6c4e421651a37fe333c5201cc4475354b956a001ad,8b42ca7f80bc475644ac9a520bba7b9cccbce10d,c22ac1c0324601e3ce0a8689a8b314133d8040f85002ee1f67ca633521d56142,1720408747.7105846
TENX124,82a2b97e81e504b936e92acccbe70064bc82aa7582d8d171fc7da6220ea9163c,8b42ca7f80bc475644ac9a520bba7b9cccbce10d,9bb86d000e22b1537392271dd23f95bc17dc1e780ba6a9d2b545c9a5869dd907,1720408747.7125857
TENX125,d54a7ce690dcfd476081965e0ba98c8128bb45633bc698e2773227febf1bdc68,8b42ca7f80bc475644ac9a520bba7b9cccbce10d,c116a835339a637196b861d62d432f6ff64ee740ac88ab54feac83265f0a8fee,1720408747.7716234
TENX126,296b5c8228a9aec16582fbeb444788bbeba4071715c7d6c87abb80e911875255,8b42ca7f80bc475644ac9a520bba7b9cccbce10d,cd3ee486f5dfe2eb20b6439632eba1f1f0000cf2b34d7a74ae59ba57780cdd59,1720408747.7905855
TENX127,d049b1dbd69271c7c9f91f0775bace47400be77e7529803a2d29f0f6ade962f0,8b42ca7f80bc475644ac9a520bba7b9cccbce10d,cb61edaaa3355bb0dc1ab90954f7575170e9e60077947a26b1cf58db5de30d3f,1720408747.8419042
TENX128,429c2de6edcb3663f66063274b268c20b222b1bb779fb85905fa40f29e01c8da,8b42ca7f80bc475644ac9a520bba7b9cccbce10d,ef91c140a35bba1f899e4ae957f65771e2d0cf7e06ea50c2863d5f2d09115858,1720408747.8946023
TENX129,1a391891c2c5c7a44ca5c8c44c588f88ccdcfacd1d1c4512e7bb13d5e9876dc9,8b42ca7f80bc475644ac9a520bba7b9cccbce10d,a36bc0f99ee31ebc6541a0e46d17cd29327b2e061e61ec51af73766dd3d39f8b,1720408748.0280075
TENX13,e7b0ba15cf92e03720d1742184e2b2fc467ecd900f4122732c2b170b1476ef38,8b42ca7f80bc475644ac9a520bba7b9cccbce10d,23cd40978bc3418ec92e99e7dbf43f1e4bce2adcc711c431ddfee6a6b6a4b299,1720408748.0440695
TENX131,61e968bac80b28aeb3e77ebbf9a0348ef8294f550cb50ce4b9d754136d3acf3c,8b42ca7f80bc475644ac9a520bba7b9cccbce10d,52676af58ccc9b9703d82f2db34893feca5dc50d5329d37b02a3e27206d3b222,1720408748.1978498
TENX132,655184db47f0b2a4c6edd80900320795e8042fa1c4ce53ec10f856d999e96857,8b42ca7f80bc475644ac9a520bba7b9cccbce10d,9d3db457ff7ff0685252a0d1a0e97843878fee9a7dd1fb47b4716114bdf4a7a5,1720408748.1948514
TENX133,b7d88fe3487f4811b2e36ac842cc807230c3846f6874f0a54722a7c116ecc863,8b42ca7f80bc475644ac9a520bba7b9cccbce10d,1ccd4d9d4953af53ce4ff1bdbf093da5cd1c7b6a3e681f88f12ad0609f1956f4,1720408748.2454596
TENX134,7090e12a934557c8e49015087ece574e587e77160e748745386959436c980986,8b42ca7f80bc475644ac9a520bba7b9cccbce10d,c2b12bdf43aa1966fab510eb57e28a3177cae694eb6b46c5c1c8a4108c1f6ef1,1720408748.2554688
TENX135,86055d79af25695a29b3581855371890533eed90140fbaee62b10d1a8c4e3750,8b42ca7f80bc475644ac9a520bba7b9cccbce10d,8bca49c20b3d4c4a8991f8777b30860ea2578e358275ece93225a944ea303607,1720408748.3437293
TENX136,32d070bd10d4fa78cd91a18c2e8b256da7aa788c5e3732657341c5a7f64e1d3b,8b42ca7f80bc475644ac9a520bba7b9cccbce10d,593dd98a0d576d2e25f68198ffb9d0c3bf4b39f6214be2a23492607e83eb346f,1720408748.3970733
TENX137,a00ff839e1137338f767f59d51eb7eda5942b1aee01d2d8794512c237f6c4c71,8b42ca7f80bc475644ac9a520bba7b9cccbce10d,d47ac47cb80375f3efad771b69d3b500b41e0e77c9dcb5f3f71e8426a90c332e,1720408748.4644403
TENX138,5d963ed46cd37284e7c56af523ccd39c0c291f5b86675f512621040e6ce80bf2,8b42ca7f80bc475644ac9a520bba7b9cccbce10d,6c03d5ee0e63b392afad13294d4ec74a80e9dfbf7b8b267344a046698568b683,1720408748.5232038
TENX139,24f6b39e89dee6cf92fe7f6f1bafda3a41db12e9d174002b55db36c51a99f854,8b42ca7f80bc475644ac9a520bba7b9cccbce10d,a785c38b145ebe0802e6758a5f3e0b3788da2134fe6df399f6892a44a4d33267,1720408748.625044
TENX14,cfc40899a5652a7cd06c9d19b5b8eca5192d074a111326b1f2b5c8c810e013cd,8b42ca7f80bc475644ac9a520bba7b9cccbce10d,5739a6e52b6353e22b596d4b9cee46905f93846b5fca6ced5eec81aa3217944e,1720408748.641717
TENX140,e1d13086e8552b693b7a15da8ce4dac6a14f297ed1bd5fe2c7d0f5e10912392b,8b42ca7f80bc475644ac9a520bba7b9cccbce10d,b3831a91ae9deb301f3a6955e61d683c821c53b50151aaa3cb0f8e09d39433d6,1720408748.680707
TENX141,2405a3c95bfc25cbcd4087e7d5f30d76dea9a3ea216dbda46976ed484a74c7cf,8b42ca7f80bc475644ac9a520bba7b9cccbce10d,53df93a744d9c39b7712e505b0cfa939ea5e9bf84d9a6b1ef4401299a359e2d7,1720408748.6847234
TENX142,8b8a0a3f622a3f4279589075b263921164d8dfba43e6b303726a7265922c1c1b,8b42ca7f80bc475644ac9a520bba7b9cccbce10d,a82ef80d0aede4d7b7a3bece86a1e737211cb0b8219d4f5d0df3680a0429fdfe,1720408748.8499732
TENX15,fd8d3dff784857d34f6118e3c80a12157c04e5b0e315c630f0e6fc59e03d4e3b,8b42ca7f80bc475644ac9a520bba7b9cccbce10d,e7c532b2a46267a47c9e710b40ee67bb87b608c2a285fbf377afe3676ab35442,1720408748.8972054
TENX16,0ed10ec683b3954a039a61049730ce962c9dd4b47dba0eea4e3419122cf15eb3,8b42ca7f80bc475644ac9a520bba7b9cccbce10d,aebfba1b7a00dc406138d8fb02847282a38efa185f36113d123695ad37a58c16,1720408749.1907954
TENX18,0073890bb64064eddb97a52be01b906b54fe8b5576650927f50dbd5cc05f1837,8b42ca7f80bc475644ac9a520bba7b9cccbce10d,9f76de3b3995cd42d5845ea756fe6a825723f153fa9a673cf20a575cfbcc1889,1720408748.9684095
TENX19,fb6f6d81b9c8886c40f04ada7e22fb76f5d19755de075ef23c4be9645f4d5dd0,8b42ca7f80bc475644ac9a520bba7b9cccbce10d,4940c008b669f8f198b9e414600041e54b0532b7b1df4e9007220c7d3aaf845d,1720408749.0642474
TENX22,2b3dfcc13bb98a08926d03d4fd524b00503cd21c606419ff08e2224e81b5ce7d,8b42ca7f80bc475644ac9a520bba7b9cccbce10d,7ee5171706967fdeaa8c35e882d5819bfe2a371906190832f4bd8e906d4e1585,1720408749.0762484
TENX23,75aac94887418a4f60fe1bb69b35d63bc184f1b04592a9226e9214d6658c2e94,8b42ca7f80bc475644ac9a520bba7b9cccbce10d,774566006027a48665b41d58f350e20e37355046fd5e1357dbf32548347bdcab,1720408749.1177251
TENX27,c250de85f7608859d0968af8f5624d5f63f17bd598b82c2ec968e14ef2f3a428,8b42ca7f80bc475644ac9a520bba7b9cccbce10d,471d7600a8506c5029d7d6e128f1046266726ecc2376e25ac68137899e344a74,1720408749.3422027
TENX28,abbecd636727d8fa0024100d57547a52fb728e0b8f8951a11716293437c401d7,8b42ca7f80bc475644ac9a520bba7b9cccbce10d,ac281b3925613118077eb476a00f76ba855f6a665178cef4e402e414aa8b976e,1720408749.401567
TENX29,b487d71753ac4ca551d0e4217ef60f34768611046b70964b609e16ec1bb8c3f3,8b42ca7f80bc475644ac9a520bba7b9cccbce10d,c5ccb25b302580ff0825a45cfdcd5f683f586f348f81a5790c61f8600a7934b3,1720408749.4474165
TENX30,8c27f2668b231e0f171db486e70e0d786fe16b4cd2c0dde636260ea7516720a6,8b42ca7f80bc475644ac9a520bba7b9cccbce10d,8142c4f5f9050f4e37d92749a68df52ff8444a3f4b0b64d1c0bf205e1929cdaf,1720408749.5055768
TENX31,cbe456e6732b666f02a0837170283e02ce96ba2fb18f7bb12ba974a9e9590f80,8b42ca7f80bc475644ac9a520bba7b9cccbce10d,291d2f53b644d85de632644ff03b55249113b49bd1a1a4907958f57780959c6a,1720408749.5115771
TENX39,563549c98a01e96dcc2e17aca1a7fde4fa2f9fbaaecbad7d9495ea43b46e6cdc,8b42ca7f80bc475644ac9a520bba7b9cccbce10d,f52e7eca33134c771364569ea4265ca484c95d2e3a09c08b16b395463a8c947b,1720408749.562582
TENX40,082a16351aa857aff70b3d020c5adc901a3efb9c53bb13ef9ddd8d15e35fcd2b,8b42ca7f80bc475644ac9a520bba7b9cccbce10d,533eaf343945baeac86e925e3da8aa3ab1371fff14baeb4f3c869dd8b7ee0d8c,1720408749.5748088
TENX41,7d3b574b43ffdee21c39a4eb2d470716065c2d9fa1aacc28de3cd33333cef4ec,8b42ca7f80bc475644ac9a520bba7b9cccbce10d,97a088e850536aa56891afcc651bf65f6e7251d473f3633e9dde1568feb48edb,1720408749.6290147
TENX43,935cd9f7daf07aa00ac086d0075b82ac1f0ab045e12afc59d509921113f88241,8b42ca7f80bc475644ac9a520bba7b9cccbce10d,85fb8de62fb00871aa81ff46a1ebecebd6831a8dd9036f1ec7c531cc7715fe47,1720408749.8679988
TENX45,8abc7e9be2f8553adcffdc51b244c23585924d678768d2943025425f04f8e6c2,8b42ca7f80bc475644ac9a520bba7b9cccbce10d,ca5a60fda34fbd2ff1e75d373d0e5eafd454319d03ece9b0ced0032f61d05bed,1720408749.9109619
TENX46,f4334558501c5c6db6be285a95c3b22046aa4f08abc384ae5bbfe614dc98606b,8b42ca7f80bc475644ac9a520bba7b9cccbce10d,a2076784a8c690d3d0318db916b2a6374e9b50469799edf9eb892808b989c622,1720408749.887271
TENX49,24a90177337d0cebdb601b603ece8c8af54c38e1e3f4c5fef1eee7837cc58170,8b42ca7f80bc475644ac9a520bba7b9cccbce10d,4d3dcb432d5f40575f1dcfe36022062cfc0297ebcfa5c32ae7999e57288d2aed,1720408749.9487646
TENX50,4ae3e9fe70a647e43ae1de6110e83b943a8f9491902754e0c7c72290a71b4a9e,8b42ca7f80bc475644ac9a520bba7b9cccbce10d,bdf434ca2612f6147fac400808dc51f6adc5e8f125f113fe8bdc6e85efe39206,1720408749.9467638
TENX51,328d042f1b36715c8bee99e04f4be8118296ddecb722336c9017470b2ccf276d,8b42ca7f80bc475644ac9a520bba7b9cccbce10d,26fc1b093925115522398346d337c63701a3aefecc53fe46440ab2a052fb4a11,1720408750.0009172
TENX52,b3e86ac267b961c85c9bddadd48532e950cdf25549b009eb96b133dd308d74c2,8b42ca7f80bc475644ac9a520bba7b9cccbce10d,b5e3225a30c2d604bd022471a8fbe2084f15be6711234311b694c266a9bc78b9,1720408750.0079181
TENX53,21fb2b59746402c5c3f7502aa2451394ef2110150160dc6c1bc9b66239357df2,8b42ca7f80bc475644ac9a520bba7b9cccbce10d,3fcad61a42b40fa2930469c9732c1b95fb0c10a8d0166ecb29ce7d13a6ac5f72,1720408750.0578482
TENX54,8246dc9d3f57269affa9f2a0265b5c86b201dfe884eacf285f49dd55dbbf359d,8b42ca7f80bc475644ac9a520bba7b9cccbce10d,243a54864fe9fe76e3b1e9d75955e980b3c367ff53d4ab08d86a570f39484f7f,1720408750.3888342
TENX55,2404e61713d540954e717ae5bf36e13e5f6cccc7be0c2ad88d57faddde1b5aff,8b42ca7f80bc475644ac9a520bba7b9cccbce10d,fd2daffc1941374850bc0122a8fad0d16345ca86c1a19daacbd6826a8a46dd5d,1720408750.3364549
TENX56,01d76afa427983bcd3854b0fb91202791c53ed3e7c4975d79689351732be1d6f,8b42ca7f80bc475644ac9a520bba7b9cccbce10d,a88ababf0ef6f79285c51f82c8adc835ee9f94c0b3f7bac9e7fe30a85856aab9,1720408750.4138525
TENX58,d4fa397f1d42d16122d253d44cbd328992370f7c5f2321351b3a52a7cf6f17b2,8b42ca7f80bc475644ac9a520bba7b9cccbce10d,b66617dba453c6f5e44193d02ddc59f96df464ceefadfc2517f68a9185b31c14,1720408750.3928342
TENX60,bff44db4cdda4dcb1fc86320220ced9512f3474017de94187f98d7e225d6be51,8b42ca7f80bc475644ac9a520bba7b9cccbce10d,47ad57a3beb466082eeac33c0f9bab7131a341d1cf7ddffa0a81440ea03694e9,1720408750.43741
TENX61,b5b4e31ef51e4d45d45dc09d32a6ecb562e835b109d4c11552aae24b134995f5,8b42ca7f80bc475644ac9a520bba7b9cccbce10d,6757539ad145cf55c310f9b9bdf4332db6f68141808b957255ea0889dc133e2d,1720408750.43741
TENX62,735115bc3afa90d70ce52bebf33cb574085efe3392b90e95341ea5bebedb5e90,8b42ca7f80bc475644ac9a520bba7b9cccbce10d,3b55b07aea7b4c8b6c5c51fc7d72c91380efcb3ec96acaff45fd83c11f53bd4b,1720408750.4414096
TENX65,cef6d35075dfc06ac6c10bcf8c7166e7ed234049f70bbd5364c355e299ba3a9e,8b42ca7f80bc475644ac9a520bba7b9cccbce10d,85155619b13170a7c935bcacb66bd897fdda37fa38f54f6d4b5e920492038afc,1720408750.5033736
TENX67,5873fa2edacb6a34de6372cdf7770edd9a4c8c1b46f9e9f05d1e086683f38fca,8b42ca7f80bc475644ac9a520bba7b9cccbce10d,2da8e4c88005f98c929b5731809f741cc950619dd507a07a42f3042ac7a8ce62,1720408750.7808566
TENX68,430fcd3a857aa75945263245d83f5e40ed3b9f57f4cfab7389308d328c706164,8b42ca7f80bc475644ac9a520bba7b9cccbce10d,2452445001f5dd2e4d8b69206bcfb65b7433b4087f1a5a5717f06290fa92cdba,1720408751.0134025
TENX69,7927716f41dec1a86222ca061c39b632350a4a2515177bc4404edb32f13cb84f,8b42ca7f80bc475644ac9a520bba7b9cccbce10d,57bd5779f00ae48f54c8062416524163ebfe7a8cbcbad706aac7fcbb1bf7c3f6,1720408750.888161
TENX70,9a0ff47c656c83b71ff29f6e8d60bcb1d1509680eb7b6d75d0597191e2598300,8b42ca7f80bc475644ac9a520bba7b9cccbce10d,f4da9cb73fdf6469d40b5c873cbf90249e69e51978d0ce8f78c95b7b294bbbcc,1720408750.918547
TENX71,903a49faf4924189552bbc117cdc8f46d5271bd86a9e27889fc60b2158e82e69,8b42ca7f80bc475644ac9a520bba7b9cccbce10d,a62b28bc2a676ac0d266bcb804f0d84021f8bb919aed48e7e2cf127038850959,1720408750.874766
TENX73,5b6a2080e43e9b73eb4808a7593b2849a57825619be680638f5d742381ea3a8b,8b42ca7f80bc475644ac9a520bba7b9cccbce10d,06d0383f9ca0056045bbe88043f44f52731a8a5041a7cf1a2a9bf5872bbbbbce,1720408750.89536
TENX74,8e5f1fa3066dc296f34fb0452264b055b1d4123d4277dd01cf5a3e3792be92e9,8b42ca7f80bc475644ac9a520bba7b9cccbce10d,eea92c101b9b8aaa1b63d30b4da2e7a3412fd54c6896f4fe858dc0ff7d1ca8b0,1720408750.9373622
TENX75,fd8f70928056c954692e76ced742e3be2db61d2eb2c8ad48c3dfabe402d1f469,8b42ca7f80bc475644ac9a520bba7b9cccbce10d,3f56c58a9e939d0ff3fa2e70f71f576c149321b934578f7ae4411c83a0d92a91,1720408751.217642
TENX76,2094d55c78afd2d9315cbc005534809e06b1dc0ebfb7788b64be1c9d1d014141,8b42ca7f80bc475644ac9a520bba7b9cccbce10d,fdae24855e5e96b6ca11c2cd1595af9e0a2f3590e0fc7f73fd816284de522130,1720408751.348057
TENX77,7fd07c73f2a851335dcd97395f441e774386cf48805149bd5112f0fc105cdf81,8b42ca7f80bc475644ac9a520bba7b9cccbce10d,1697167c37690498aa9de1bbeb76fda72e010f1ddd20b516ac7779326dcece77,1720408751.3450572
TENX78,fd3f8c14a7fc388a54d60bcd2a65c685107892013c024d97fbd26927d7e28d6b,8b42ca7f80bc475644ac9a520bba7b9cccbce10d,14e75caa2a61338656d0f9675b0a5474b6086a2cc9bca48f0a802b3280b2d040,1720408751.376107
TENX79,6dc4046e500cbb7ec49c405ae62021ff78fba7a8a161af6e037724c6952ee3ca,8b42ca7f80bc475644ac9a520bba7b9cccbce10d,e16829db2bbb97eeb892611bbaf2e66ed60cabaf7851826dc5a172c18d4b9549,1720408751.3680966
TENX80,e119087c13df8fc6b2bb78df624851d8040e87671af193250a5d80002c3c91c4,8b42ca7f80bc475644ac9a520bba7b9cccbce10d,9a731bc74f242189bf4e8239d69445fa0868d1e987739a67a4146e344c60346f,1720408751.4238303
TENX81,a4441209f3200095d83c4ceb115bdab7fcd47c8a1c1f8f2ee5e28cfd3f9b8234,8b42ca7f80bc475644ac9a520bba7b9cccbce10d,2b4eeeaa5c26629793bd72fd69cf72f5bebb0b3f18f3a24f44a0c047c631e899,1720408751.4047785
TENX82,cdd76faaa10eb96c524a979005a4ca0854511780019327c16e38444c99377e40,8b42ca7f80bc475644ac9a520bba7b9cccbce10d,29944de265907fe9ac8d7fea57203a34020069719f33df1645ad138a59a0173d,1720408751.519701
TENX83,f7d99f32f2c10d5629aeee049c3a132620bdcfab291408364aded9b676454a72,8b42ca7f80bc475644ac9a520bba7b9cccbce10d,84d975e86b15def4cc0f7f557616d97f335458363a4b890c1cab8878579f1b03,1720408751.6566732
TENX84,2986123230c910336474b3b14503fe36d8ac4d9511d8bd253dfc71d1775fb420,8b42ca7f80bc475644ac9a520bba7b9cccbce10d,7ab66cc6e2b5f5689c217bfbee5239f2c792a863d516d37a286022266a81df53,1720408751.7861748
TENX85,b127db07480bccf14b31268cec3e6784da3551a84e2e8bde1d0ff14d741452aa,8b42ca7f80bc475644ac9a520bba7b9cccbce10d,09f1d90401c4c780bdc489c2ddcea2b85e2bc725fc7baf70757443fe1978a4ea,1720408751.7821739
TENX86,dcafe7845f30373ebb0a51407be75a66df776b897505b476e9527178a93c1092,8b42ca7f80bc475644ac9a520bba7b9cccbce10d,7a666cc127d03a8c07e65f42ef40a0787908e2da9388241cfd0800d7b91592cf,1720408751.8131776
TENX87,6a2501449403fd98c68ecfd9816c2bdbeecd93ff80a34654323e27fef86995c3,8b42ca7f80bc475644ac9a520bba7b9cccbce10d,b13fb2c21a2f14e249fafc5d8ee879bb5c6367f8185e8f8f0ff1c6ec592a5a5e,1720408751.806178
TENX88,a08c330d866a62b22a8605242429eabb1b07e630c4397391de0f15213251ecde,8b42ca7f80bc475644ac9a520bba7b9cccbce10d,5a2c89c1b4717bec21dfae5e161100d307d4ea480bf02db49d4915ecd4554020,1720408751.8401873
TENX89,bbe03b255c43aab9aa5bacbf21a4d2e5d5aa2b73596e2a39b924e22e01953794,8b42ca7f80bc475644ac9a520bba7b9cccbce10d,a640d0a9f433b9f12e18a4db795f7f2a614d0f8bf99d8e7281eb84eec9f00262,1720408751.9302428
TENX90,33f8f7ca82ac7bea377eda6bb32531240c1cc90c8d7ecce809e9426fef273d65,8b42ca7f80bc475644ac9a520bba7b9cccbce10d,333d2318be05bb946970ba31c0463442aefe195e2fd5eadfbd3390927bf72b0d,1720408752.0221775
TENX91,e84c7b75ae1aac66895e585e7662c2306a554826b03b3a616f95ed5377b5bdb9,8b42ca7f80bc475644ac9a520bba7b9cccbce10d,ff007214810d47b8af01acf001647e2bdde9968fc873fdac734dd2edfddd59ff,1720408752.1012416
TENX92,09dc6d1d05a9f4f26c2e0bd9ffa7d36f5b232522b635cc8cba9a2890800b4c0b,8b42ca7f80bc475644ac9a520bba7b9cccbce10d,4963b47963b8840c7027e5b0ee8a444962c8bd181922992db391bef22612693b,1720408752.2212365
TENX94,c147d00fea454695787cdc6e36900ec03f5a31156efb1ba590c4c6ab1ec3049e,8b42ca7f80bc475644ac9a520bba7b9cccbce10d,2e022c099b35f01ab5a640c61cfe5827eee5a1c488dc232361a223a1624919b1,1720408752.2182376
TENX95,9f30829258cdfe6141ac1f4f8d843c64cb14093040e59cc7bfb5d62d95a27f50,8b42ca7f80bc475644ac9a520bba7b9cccbce10d,6a5f7eceaa4f7efb4180162b117679cfedc7333cd3c81c4c6b0191ae1d65c1a6,1720408752.2386782
TENX96,b111b04251fb0fb80a9a1cbecb65e989eaaac214b36225851ab2728ac474ee0e,8b42ca7f80bc475644ac9a520bba7b9cccbce10d,42851a9332b875dcad2bda50de61a56ff8460c9379b8808736ae500fec50a544,1720408752.2782056
TENX97,468b7755ac6d3b1804701cc4d17b758f16afc2c6e2bb62e43753f6cce6106eaa,8b42ca7f80bc475644ac9a520bba7b9cccbce10d,b23d8853248c5661fe19c25919d9c80f96129a344bdf73970dd69c87adce99e7,1720408752.2901165
TENX98,024afe9b8ae0f3c2982ea32e03c42d10ff0c646027dc297f87f6a5d84a8ad1a7,8b42ca7f80bc475644ac9a520bba7b9cccbce10d,8d6ac88c8990f20d6d69929a44e3ae32d17bc38fcc33f386f9791de50e053420,1720408752.4459414
TENX99,0d7f403f7e29659997b7a1414d90fb1673a79d19e8d87a0a2337dff5c353886c,8b42ca7f80bc475644ac9a520bba7b9cccbce10d,170af9017b038f8544a44ae669696bdd8e195b381b154be5ce655a7bf681acdf,1720408752.5233078
ZEN36,7a74ef0204937cf1bb9309ae7d71adfa353d95f278683c0864daf2104fe65f73,8b42ca7f80bc475644ac9a520bba7b9cccbce10d,27c444b5c1c9150aec3c7f5609bbb0ce24c9d8da8e4ea54ec4e45a92b4ea616e,1720408752.5453076
ZEN37,bd9415655a6367a414f65faf642b828083653d687b76cf0ab53adee845cef6d2,8b42ca7f80bc475644ac9a520bba7b9cccbce10d,da4edd7aac200562b0092d372b0dfb6d13d2a325ee644d5ac49121e7c061bab6,1720408752.6685288
ZEN38,53b5ca2ada907132128d1c175902a50ae1cfa6ca6d7ec333de8c051d6ec152a9,8b42ca7f80bc475644ac9a520bba7b9cccbce10d,cb92db878d2173758cb357587171759c22227194e4600149920c4dd7eb00af49,1720408752.6655245
ZEN39,8ada60a63a592d17807ce5c57e4e4fbebdd084bfb8465bdcd7c3399a9b713d53,8b42ca7f80bc475644ac9a520bba7b9cccbce10d,c7a75fb87166f7b479748e7f99a770cfaf6ea4223c0392413d228dad288db1dd,1720408752.6725302
ZEN40,005c3af5beb1a03480960936ed79b07624b4d10458963ec403b99f3d3a32c64f,8b42ca7f80bc475644ac9a520bba7b9cccbce10d,88d6272559c0074b6ea508777a067ee6629b935ce8b3baa5450036b9eb26e143,1720408752.7107172
ZEN41,11438ce29c937c2d915ec5f6d64838dc09c0c83909b65527116df7545be8db87,8b42ca7f80bc475644ac9a520bba7b9cccbce10d,eda19ca8e23d7fa17e6c8e01b19aea3c69b38dc60fef66404dfec0c7885e2acf,1720408752.7252352
ZEN42,666bdf90f06fae46b095d9f89035a6d1014b9ee9fb32499b7cc62cae48678621,8b42ca7f80bc475644ac9a520bba7b9cccbce10d,e0c2d4becd8f83c8d7606a9c8d05cd90c4d370ee8f1387c3eba664620b94dc03,1720408752.9529748
ZEN44,abeed0f2d2bf4e42c0c4b867c8c6ec6614b848aa52dac1005af63726a9fb6131,8b42ca7f80bc475644ac9a520bba7b9cccbce10d,0923b00c01bbecd19c5df0061bef8664efce3284cd33dcc2a51ce538a2100061,1720408752.9775953
ZEN45,70bf5d7497e5dcbcc09e7f7bc8a33e58a6462283b49a914e21d4cc6016ae7d09,8b42ca7f80bc475644ac9a520bba7b9cccbce10d,e9e36d0d27410b6df46218a2784af5e5acd4652d5802550eaabf412cea53434a,1720408753.1025603
ZEN46,e20484bf8096c48e36d9fae0b7796a43dae25424bd117f1bf1125294dbb30240,8b42ca7f80bc475644ac9a520bba7b9cccbce10d,9cb875cc8ea639229a9d1f391c6a2b67a7460cf4e2337030f5cb978134257393,1720408753.1065612
ZEN47,1d74e809243e178ce42c737e750dae9ae0bed8d3e88af7d5c81f21cffc5b11b3,8b42ca7f80bc475644ac9a520bba7b9cccbce10d,0af8141beead7097bb9b37035dcf06fdcd312d76ecd22a6f841e9c3c843df710,1720408753.1095614
ZEN48,9e0b432ccc40edade35922939b1c3a92d9bfbda23011c17ca971374ae88483fb,8b42ca7f80bc475644ac9a520bba7b9cccbce10d,765314244a3631749f66d3a535374314e1112f140b9cea8de0ab76f3b86b7b14,1720408753.1477041
ZEN49,bd16ed33ccaf9338d992324eae3cea43ac602b368efa76ee72af27eacc1e9d85,8b42ca7f80bc475644ac9a520bba7b9cccbce10d,eaf67dc33c2c3ac247ddfc144a45e8e798ac12d8380ced63866e3b42b5ae7a8a,1720408753.1577127
ZEN60,77a384d4de546cd0d96dc4ce7cafd9d3016d1ad2104b7a1e17df9c0c0ba3955a,8b42ca7f80bc475644ac9a520bba7b9cccbce10d,d55bde75516d7c304dd39b32d85c17a5b19a0ff837d734df1949259bbbcd34f6,1720408753.4753206
ZEN61,288ee0981c82a527cd91e9de452b9f3e6cc0d69c3810ba94334acab33c200ef3,8b42ca7f80bc475644ac9a520bba7b9cccbce10d,f266b5d80248714eb23e50bfe811f3e68aeda29cdf93870f5e012a02cf58c8fb,1720408753.4476166
ZEN65,5c8d2e2174fcd466597944d48c871d6b7a2247483f800467beb3f06a02b14cef,8b42ca7f80bc475644ac9a520bba7b9cccbce10d,d9f44f6c058a9a3bc4810c2caadfe2dda16c84bf6a9f157b6f93c90402d72ac5,1720408753.5616245
